[2025-07-19T05:35:05.759+0000] {processor.py:161} INFO - Started process (PID=407) to work on /opt/airflow/dags/check_version.py
[2025-07-19T05:35:08.582+0000] {processor.py:830} INFO - Processing file /opt/airflow/dags/check_version.py for tasks to queue
[2025-07-19T05:35:08.883+0000] {logging_mixin.py:188} INFO - [2025-07-19T05:35:08.716+0000] {dagbag.py:538} INFO - Filling up the DagBag from /opt/airflow/dags/check_version.py
[2025-07-19T05:35:09.709+0000] {processor.py:840} INFO - DAG(s) 'check_package_versions' retrieved from /opt/airflow/dags/check_version.py
[2025-07-19T05:35:36.473+0000] {logging_mixin.py:188} INFO - [2025-07-19T05:35:35.183+0000] {override.py:1769} INFO - Created Permission View: can read on DAG:check_package_versions
[2025-07-19T05:35:38.307+0000] {logging_mixin.py:188} INFO - [2025-07-19T05:35:38.306+0000] {override.py:1769} INFO - Created Permission View: can edit on DAG:check_package_versions
[2025-07-19T05:35:38.676+0000] {logging_mixin.py:188} INFO - [2025-07-19T05:35:38.675+0000] {override.py:1769} INFO - Created Permission View: can delete on DAG:check_package_versions
[2025-07-19T05:35:38.825+0000] {logging_mixin.py:188} INFO - [2025-07-19T05:35:38.824+0000] {dag.py:3036} INFO - Sync 1 DAGs
[2025-07-19T05:35:40.947+0000] {logging_mixin.py:188} INFO - [2025-07-19T05:35:40.947+0000] {dag.py:3058} INFO - Creating ORM DAG for check_package_versions
[2025-07-19T05:35:41.172+0000] {logging_mixin.py:188} INFO - [2025-07-19T05:35:41.172+0000] {dag.py:3823} INFO - Setting next_dagrun for check_package_versions to None, run_after=None
[2025-07-19T05:35:45.527+0000] {processor.py:183} INFO - Processing /opt/airflow/dags/check_version.py took 43.381 seconds
[2025-07-19T05:36:15.978+0000] {processor.py:161} INFO - Started process (PID=428) to work on /opt/airflow/dags/check_version.py
[2025-07-19T05:36:15.981+0000] {processor.py:830} INFO - Processing file /opt/airflow/dags/check_version.py for tasks to queue
[2025-07-19T05:36:15.983+0000] {logging_mixin.py:188} INFO - [2025-07-19T05:36:15.983+0000] {dagbag.py:538} INFO - Filling up the DagBag from /opt/airflow/dags/check_version.py
[2025-07-19T05:36:16.019+0000] {processor.py:840} INFO - DAG(s) 'check_package_versions' retrieved from /opt/airflow/dags/check_version.py
[2025-07-19T05:36:16.071+0000] {logging_mixin.py:188} INFO - [2025-07-19T05:36:16.071+0000] {dag.py:3036} INFO - Sync 1 DAGs
[2025-07-19T05:36:16.093+0000] {logging_mixin.py:188} INFO - [2025-07-19T05:36:16.092+0000] {dag.py:3823} INFO - Setting next_dagrun for check_package_versions to None, run_after=None
[2025-07-19T05:36:16.136+0000] {processor.py:183} INFO - Processing /opt/airflow/dags/check_version.py took 0.165 seconds
[2025-07-19T05:36:47.120+0000] {processor.py:161} INFO - Started process (PID=448) to work on /opt/airflow/dags/check_version.py
[2025-07-19T05:36:47.122+0000] {processor.py:830} INFO - Processing file /opt/airflow/dags/check_version.py for tasks to queue
[2025-07-19T05:36:47.124+0000] {logging_mixin.py:188} INFO - [2025-07-19T05:36:47.123+0000] {dagbag.py:538} INFO - Filling up the DagBag from /opt/airflow/dags/check_version.py
[2025-07-19T05:36:47.160+0000] {processor.py:840} INFO - DAG(s) 'check_package_versions' retrieved from /opt/airflow/dags/check_version.py
[2025-07-19T05:36:47.207+0000] {logging_mixin.py:188} INFO - [2025-07-19T05:36:47.207+0000] {dag.py:3036} INFO - Sync 1 DAGs
[2025-07-19T05:36:47.229+0000] {logging_mixin.py:188} INFO - [2025-07-19T05:36:47.229+0000] {dag.py:3823} INFO - Setting next_dagrun for check_package_versions to None, run_after=None
[2025-07-19T05:36:47.264+0000] {processor.py:183} INFO - Processing /opt/airflow/dags/check_version.py took 0.153 seconds
[2025-07-19T05:37:18.125+0000] {processor.py:161} INFO - Started process (PID=468) to work on /opt/airflow/dags/check_version.py
[2025-07-19T05:37:18.128+0000] {processor.py:830} INFO - Processing file /opt/airflow/dags/check_version.py for tasks to queue
[2025-07-19T05:37:18.130+0000] {logging_mixin.py:188} INFO - [2025-07-19T05:37:18.129+0000] {dagbag.py:538} INFO - Filling up the DagBag from /opt/airflow/dags/check_version.py
[2025-07-19T05:37:18.196+0000] {processor.py:840} INFO - DAG(s) 'check_package_versions' retrieved from /opt/airflow/dags/check_version.py
[2025-07-19T05:37:18.269+0000] {logging_mixin.py:188} INFO - [2025-07-19T05:37:18.268+0000] {dag.py:3036} INFO - Sync 1 DAGs
[2025-07-19T05:37:18.356+0000] {logging_mixin.py:188} INFO - [2025-07-19T05:37:18.355+0000] {dag.py:3823} INFO - Setting next_dagrun for check_package_versions to None, run_after=None
[2025-07-19T05:37:18.414+0000] {processor.py:183} INFO - Processing /opt/airflow/dags/check_version.py took 0.298 seconds
[2025-07-19T05:37:51.027+0000] {processor.py:161} INFO - Started process (PID=491) to work on /opt/airflow/dags/check_version.py
[2025-07-19T05:37:51.029+0000] {processor.py:830} INFO - Processing file /opt/airflow/dags/check_version.py for tasks to queue
[2025-07-19T05:37:51.031+0000] {logging_mixin.py:188} INFO - [2025-07-19T05:37:51.031+0000] {dagbag.py:538} INFO - Filling up the DagBag from /opt/airflow/dags/check_version.py
[2025-07-19T05:37:51.064+0000] {processor.py:840} INFO - DAG(s) 'check_package_versions' retrieved from /opt/airflow/dags/check_version.py
[2025-07-19T05:37:51.156+0000] {logging_mixin.py:188} INFO - [2025-07-19T05:37:51.156+0000] {dag.py:3036} INFO - Sync 1 DAGs
[2025-07-19T05:37:51.206+0000] {logging_mixin.py:188} INFO - [2025-07-19T05:37:51.205+0000] {dag.py:3823} INFO - Setting next_dagrun for check_package_versions to None, run_after=None
[2025-07-19T05:37:51.367+0000] {processor.py:183} INFO - Processing /opt/airflow/dags/check_version.py took 0.349 seconds
[2025-07-19T05:38:21.783+0000] {processor.py:161} INFO - Started process (PID=518) to work on /opt/airflow/dags/check_version.py
[2025-07-19T05:38:21.785+0000] {processor.py:830} INFO - Processing file /opt/airflow/dags/check_version.py for tasks to queue
[2025-07-19T05:38:21.787+0000] {logging_mixin.py:188} INFO - [2025-07-19T05:38:21.786+0000] {dagbag.py:538} INFO - Filling up the DagBag from /opt/airflow/dags/check_version.py
[2025-07-19T05:38:21.992+0000] {processor.py:840} INFO - DAG(s) 'check_package_versions' retrieved from /opt/airflow/dags/check_version.py
[2025-07-19T05:38:22.298+0000] {logging_mixin.py:188} INFO - [2025-07-19T05:38:22.298+0000] {dag.py:3036} INFO - Sync 1 DAGs
[2025-07-19T05:38:22.323+0000] {logging_mixin.py:188} INFO - [2025-07-19T05:38:22.322+0000] {dag.py:3823} INFO - Setting next_dagrun for check_package_versions to None, run_after=None
[2025-07-19T05:38:22.365+0000] {processor.py:183} INFO - Processing /opt/airflow/dags/check_version.py took 0.589 seconds
[2025-07-19T05:38:52.843+0000] {processor.py:161} INFO - Started process (PID=542) to work on /opt/airflow/dags/check_version.py
[2025-07-19T05:38:52.845+0000] {processor.py:830} INFO - Processing file /opt/airflow/dags/check_version.py for tasks to queue
[2025-07-19T05:38:52.848+0000] {logging_mixin.py:188} INFO - [2025-07-19T05:38:52.847+0000] {dagbag.py:538} INFO - Filling up the DagBag from /opt/airflow/dags/check_version.py
[2025-07-19T05:38:52.884+0000] {processor.py:840} INFO - DAG(s) 'check_package_versions' retrieved from /opt/airflow/dags/check_version.py
[2025-07-19T05:38:52.927+0000] {logging_mixin.py:188} INFO - [2025-07-19T05:38:52.927+0000] {dag.py:3036} INFO - Sync 1 DAGs
[2025-07-19T05:38:52.949+0000] {logging_mixin.py:188} INFO - [2025-07-19T05:38:52.948+0000] {dag.py:3823} INFO - Setting next_dagrun for check_package_versions to None, run_after=None
[2025-07-19T05:38:52.999+0000] {processor.py:183} INFO - Processing /opt/airflow/dags/check_version.py took 0.163 seconds
[2025-07-19T05:39:23.706+0000] {processor.py:161} INFO - Started process (PID=562) to work on /opt/airflow/dags/check_version.py
[2025-07-19T05:39:23.708+0000] {processor.py:830} INFO - Processing file /opt/airflow/dags/check_version.py for tasks to queue
[2025-07-19T05:39:23.710+0000] {logging_mixin.py:188} INFO - [2025-07-19T05:39:23.709+0000] {dagbag.py:538} INFO - Filling up the DagBag from /opt/airflow/dags/check_version.py
[2025-07-19T05:39:23.740+0000] {processor.py:840} INFO - DAG(s) 'check_package_versions' retrieved from /opt/airflow/dags/check_version.py
[2025-07-19T05:39:23.788+0000] {logging_mixin.py:188} INFO - [2025-07-19T05:39:23.788+0000] {dag.py:3036} INFO - Sync 1 DAGs
[2025-07-19T05:39:23.812+0000] {logging_mixin.py:188} INFO - [2025-07-19T05:39:23.812+0000] {dag.py:3823} INFO - Setting next_dagrun for check_package_versions to None, run_after=None
[2025-07-19T05:39:23.849+0000] {processor.py:183} INFO - Processing /opt/airflow/dags/check_version.py took 0.150 seconds
[2025-07-19T05:39:26.898+0000] {processor.py:161} INFO - Started process (PID=569) to work on /opt/airflow/dags/check_version.py
[2025-07-19T05:39:26.900+0000] {processor.py:830} INFO - Processing file /opt/airflow/dags/check_version.py for tasks to queue
[2025-07-19T05:39:26.901+0000] {logging_mixin.py:188} INFO - [2025-07-19T05:39:26.901+0000] {dagbag.py:538} INFO - Filling up the DagBag from /opt/airflow/dags/check_version.py
[2025-07-19T05:39:26.977+0000] {logging_mixin.py:188} INFO - [2025-07-19T05:39:26.969+0000] {dagbag.py:348} ERROR - Failed to import: /opt/airflow/dags/check_version.py
Traceback (most recent call last):
  File "/home/airflow/.local/lib/python3.8/site-packages/airflow/models/dagbag.py", line 344, in parse
    loader.exec_module(new_module)
  File "<frozen importlib._bootstrap_external>", line 843, in exec_module
  File "<frozen importlib._bootstrap>", line 219, in _call_with_frames_removed
  File "/opt/airflow/dags/check_version.py", line 6, in <module>
    from final_capstone.airflow.scripts.preprocess import main as preprocess_main
ModuleNotFoundError: No module named 'final_capstone'
[2025-07-19T05:39:26.980+0000] {processor.py:842} WARNING - No viable dags retrieved from /opt/airflow/dags/check_version.py
[2025-07-19T05:39:27.021+0000] {processor.py:183} INFO - Processing /opt/airflow/dags/check_version.py took 0.128 seconds
[2025-07-19T05:39:30.224+0000] {processor.py:161} INFO - Started process (PID=584) to work on /opt/airflow/dags/check_version.py
[2025-07-19T05:39:30.226+0000] {processor.py:830} INFO - Processing file /opt/airflow/dags/check_version.py for tasks to queue
[2025-07-19T05:39:30.228+0000] {logging_mixin.py:188} INFO - [2025-07-19T05:39:30.228+0000] {dagbag.py:538} INFO - Filling up the DagBag from /opt/airflow/dags/check_version.py
[2025-07-19T05:39:30.303+0000] {processor.py:840} INFO - DAG(s) 'check_package_versions' retrieved from /opt/airflow/dags/check_version.py
[2025-07-19T05:39:30.358+0000] {logging_mixin.py:188} INFO - [2025-07-19T05:39:30.358+0000] {dag.py:3036} INFO - Sync 1 DAGs
[2025-07-19T05:39:30.388+0000] {logging_mixin.py:188} INFO - [2025-07-19T05:39:30.387+0000] {dag.py:3823} INFO - Setting next_dagrun for check_package_versions to None, run_after=None
[2025-07-19T05:39:30.435+0000] {processor.py:183} INFO - Processing /opt/airflow/dags/check_version.py took 0.215 seconds
[2025-07-19T05:40:00.645+0000] {processor.py:161} INFO - Started process (PID=604) to work on /opt/airflow/dags/check_version.py
[2025-07-19T05:40:00.647+0000] {processor.py:830} INFO - Processing file /opt/airflow/dags/check_version.py for tasks to queue
[2025-07-19T05:40:00.649+0000] {logging_mixin.py:188} INFO - [2025-07-19T05:40:00.648+0000] {dagbag.py:538} INFO - Filling up the DagBag from /opt/airflow/dags/check_version.py
[2025-07-19T05:40:00.678+0000] {processor.py:840} INFO - DAG(s) 'check_package_versions' retrieved from /opt/airflow/dags/check_version.py
[2025-07-19T05:40:00.721+0000] {logging_mixin.py:188} INFO - [2025-07-19T05:40:00.721+0000] {dag.py:3036} INFO - Sync 1 DAGs
[2025-07-19T05:40:00.738+0000] {logging_mixin.py:188} INFO - [2025-07-19T05:40:00.738+0000] {dag.py:3823} INFO - Setting next_dagrun for check_package_versions to None, run_after=None
[2025-07-19T05:40:00.763+0000] {processor.py:183} INFO - Processing /opt/airflow/dags/check_version.py took 0.124 seconds
[2025-07-19T05:40:31.487+0000] {processor.py:161} INFO - Started process (PID=624) to work on /opt/airflow/dags/check_version.py
[2025-07-19T05:40:31.489+0000] {processor.py:830} INFO - Processing file /opt/airflow/dags/check_version.py for tasks to queue
[2025-07-19T05:40:31.491+0000] {logging_mixin.py:188} INFO - [2025-07-19T05:40:31.490+0000] {dagbag.py:538} INFO - Filling up the DagBag from /opt/airflow/dags/check_version.py
[2025-07-19T05:40:31.524+0000] {processor.py:840} INFO - DAG(s) 'check_package_versions' retrieved from /opt/airflow/dags/check_version.py
[2025-07-19T05:40:31.564+0000] {logging_mixin.py:188} INFO - [2025-07-19T05:40:31.563+0000] {dag.py:3036} INFO - Sync 1 DAGs
[2025-07-19T05:40:31.582+0000] {logging_mixin.py:188} INFO - [2025-07-19T05:40:31.581+0000] {dag.py:3823} INFO - Setting next_dagrun for check_package_versions to None, run_after=None
[2025-07-19T05:40:31.613+0000] {processor.py:183} INFO - Processing /opt/airflow/dags/check_version.py took 0.132 seconds
[2025-07-19T05:40:42.741+0000] {processor.py:161} INFO - Started process (PID=629) to work on /opt/airflow/dags/check_version.py
[2025-07-19T05:40:42.743+0000] {processor.py:830} INFO - Processing file /opt/airflow/dags/check_version.py for tasks to queue
[2025-07-19T05:40:42.744+0000] {logging_mixin.py:188} INFO - [2025-07-19T05:40:42.744+0000] {dagbag.py:538} INFO - Filling up the DagBag from /opt/airflow/dags/check_version.py
[2025-07-19T05:40:42.809+0000] {processor.py:840} INFO - DAG(s) 'check_sklearn_version' retrieved from /opt/airflow/dags/check_version.py
[2025-07-19T05:40:43.035+0000] {logging_mixin.py:188} INFO - [2025-07-19T05:40:43.029+0000] {override.py:1769} INFO - Created Permission View: can read on DAG:check_sklearn_version
[2025-07-19T05:40:43.052+0000] {logging_mixin.py:188} INFO - [2025-07-19T05:40:43.052+0000] {override.py:1769} INFO - Created Permission View: can edit on DAG:check_sklearn_version
[2025-07-19T05:40:43.063+0000] {logging_mixin.py:188} INFO - [2025-07-19T05:40:43.063+0000] {override.py:1769} INFO - Created Permission View: can delete on DAG:check_sklearn_version
[2025-07-19T05:40:43.064+0000] {logging_mixin.py:188} INFO - [2025-07-19T05:40:43.064+0000] {dag.py:3036} INFO - Sync 1 DAGs
[2025-07-19T05:40:43.084+0000] {logging_mixin.py:188} INFO - [2025-07-19T05:40:43.084+0000] {dag.py:3058} INFO - Creating ORM DAG for check_sklearn_version
[2025-07-19T05:40:43.085+0000] {logging_mixin.py:188} INFO - [2025-07-19T05:40:43.085+0000] {dag.py:3823} INFO - Setting next_dagrun for check_sklearn_version to None, run_after=None
[2025-07-19T05:40:43.123+0000] {processor.py:183} INFO - Processing /opt/airflow/dags/check_version.py took 0.388 seconds
[2025-07-19T05:41:13.942+0000] {processor.py:161} INFO - Started process (PID=649) to work on /opt/airflow/dags/check_version.py
[2025-07-19T05:41:13.944+0000] {processor.py:830} INFO - Processing file /opt/airflow/dags/check_version.py for tasks to queue
[2025-07-19T05:41:13.946+0000] {logging_mixin.py:188} INFO - [2025-07-19T05:41:13.945+0000] {dagbag.py:538} INFO - Filling up the DagBag from /opt/airflow/dags/check_version.py
[2025-07-19T05:41:13.977+0000] {processor.py:840} INFO - DAG(s) 'check_sklearn_version' retrieved from /opt/airflow/dags/check_version.py
[2025-07-19T05:41:14.032+0000] {logging_mixin.py:188} INFO - [2025-07-19T05:41:14.032+0000] {dag.py:3036} INFO - Sync 1 DAGs
[2025-07-19T05:41:14.055+0000] {logging_mixin.py:188} INFO - [2025-07-19T05:41:14.054+0000] {dag.py:3823} INFO - Setting next_dagrun for check_sklearn_version to None, run_after=None
[2025-07-19T05:41:14.088+0000] {processor.py:183} INFO - Processing /opt/airflow/dags/check_version.py took 0.154 seconds
[2025-07-19T05:41:24.270+0000] {processor.py:161} INFO - Started process (PID=654) to work on /opt/airflow/dags/check_version.py
[2025-07-19T05:41:24.272+0000] {processor.py:830} INFO - Processing file /opt/airflow/dags/check_version.py for tasks to queue
[2025-07-19T05:41:24.274+0000] {logging_mixin.py:188} INFO - [2025-07-19T05:41:24.273+0000] {dagbag.py:538} INFO - Filling up the DagBag from /opt/airflow/dags/check_version.py
[2025-07-19T05:41:24.326+0000] {processor.py:840} INFO - DAG(s) 'check_sklearn_version' retrieved from /opt/airflow/dags/check_version.py
[2025-07-19T05:41:24.372+0000] {logging_mixin.py:188} INFO - [2025-07-19T05:41:24.372+0000] {dag.py:3036} INFO - Sync 1 DAGs
[2025-07-19T05:41:24.391+0000] {logging_mixin.py:188} INFO - [2025-07-19T05:41:24.391+0000] {dag.py:3823} INFO - Setting next_dagrun for check_sklearn_version to None, run_after=None
[2025-07-19T05:41:24.429+0000] {processor.py:183} INFO - Processing /opt/airflow/dags/check_version.py took 0.165 seconds
[2025-07-19T05:41:55.231+0000] {processor.py:161} INFO - Started process (PID=674) to work on /opt/airflow/dags/check_version.py
[2025-07-19T05:41:55.233+0000] {processor.py:830} INFO - Processing file /opt/airflow/dags/check_version.py for tasks to queue
[2025-07-19T05:41:55.235+0000] {logging_mixin.py:188} INFO - [2025-07-19T05:41:55.234+0000] {dagbag.py:538} INFO - Filling up the DagBag from /opt/airflow/dags/check_version.py
[2025-07-19T05:41:55.268+0000] {processor.py:840} INFO - DAG(s) 'check_sklearn_version' retrieved from /opt/airflow/dags/check_version.py
[2025-07-19T05:41:55.302+0000] {logging_mixin.py:188} INFO - [2025-07-19T05:41:55.302+0000] {dag.py:3036} INFO - Sync 1 DAGs
[2025-07-19T05:41:55.318+0000] {logging_mixin.py:188} INFO - [2025-07-19T05:41:55.317+0000] {dag.py:3823} INFO - Setting next_dagrun for check_sklearn_version to None, run_after=None
[2025-07-19T05:41:55.348+0000] {processor.py:183} INFO - Processing /opt/airflow/dags/check_version.py took 0.123 seconds
[2025-07-19T05:42:26.186+0000] {processor.py:161} INFO - Started process (PID=694) to work on /opt/airflow/dags/check_version.py
[2025-07-19T05:42:26.188+0000] {processor.py:830} INFO - Processing file /opt/airflow/dags/check_version.py for tasks to queue
[2025-07-19T05:42:26.190+0000] {logging_mixin.py:188} INFO - [2025-07-19T05:42:26.190+0000] {dagbag.py:538} INFO - Filling up the DagBag from /opt/airflow/dags/check_version.py
[2025-07-19T05:42:26.225+0000] {processor.py:840} INFO - DAG(s) 'check_sklearn_version' retrieved from /opt/airflow/dags/check_version.py
[2025-07-19T05:42:26.270+0000] {logging_mixin.py:188} INFO - [2025-07-19T05:42:26.269+0000] {dag.py:3036} INFO - Sync 1 DAGs
[2025-07-19T05:42:26.289+0000] {logging_mixin.py:188} INFO - [2025-07-19T05:42:26.289+0000] {dag.py:3823} INFO - Setting next_dagrun for check_sklearn_version to None, run_after=None
[2025-07-19T05:42:26.323+0000] {processor.py:183} INFO - Processing /opt/airflow/dags/check_version.py took 0.144 seconds
[2025-07-19T05:42:56.954+0000] {processor.py:161} INFO - Started process (PID=714) to work on /opt/airflow/dags/check_version.py
[2025-07-19T05:42:56.956+0000] {processor.py:830} INFO - Processing file /opt/airflow/dags/check_version.py for tasks to queue
[2025-07-19T05:42:56.958+0000] {logging_mixin.py:188} INFO - [2025-07-19T05:42:56.957+0000] {dagbag.py:538} INFO - Filling up the DagBag from /opt/airflow/dags/check_version.py
[2025-07-19T05:42:57.017+0000] {processor.py:840} INFO - DAG(s) 'check_sklearn_version' retrieved from /opt/airflow/dags/check_version.py
[2025-07-19T05:42:57.057+0000] {logging_mixin.py:188} INFO - [2025-07-19T05:42:57.057+0000] {dag.py:3036} INFO - Sync 1 DAGs
[2025-07-19T05:42:57.074+0000] {logging_mixin.py:188} INFO - [2025-07-19T05:42:57.074+0000] {dag.py:3823} INFO - Setting next_dagrun for check_sklearn_version to None, run_after=None
[2025-07-19T05:42:57.106+0000] {processor.py:183} INFO - Processing /opt/airflow/dags/check_version.py took 0.158 seconds
[2025-07-19T05:43:27.921+0000] {processor.py:161} INFO - Started process (PID=734) to work on /opt/airflow/dags/check_version.py
[2025-07-19T05:43:27.923+0000] {processor.py:830} INFO - Processing file /opt/airflow/dags/check_version.py for tasks to queue
[2025-07-19T05:43:27.924+0000] {logging_mixin.py:188} INFO - [2025-07-19T05:43:27.924+0000] {dagbag.py:538} INFO - Filling up the DagBag from /opt/airflow/dags/check_version.py
[2025-07-19T05:43:27.957+0000] {processor.py:840} INFO - DAG(s) 'check_sklearn_version' retrieved from /opt/airflow/dags/check_version.py
[2025-07-19T05:43:27.996+0000] {logging_mixin.py:188} INFO - [2025-07-19T05:43:27.996+0000] {dag.py:3036} INFO - Sync 1 DAGs
[2025-07-19T05:43:28.014+0000] {logging_mixin.py:188} INFO - [2025-07-19T05:43:28.013+0000] {dag.py:3823} INFO - Setting next_dagrun for check_sklearn_version to None, run_after=None
[2025-07-19T05:43:28.044+0000] {processor.py:183} INFO - Processing /opt/airflow/dags/check_version.py took 0.128 seconds
[2025-07-19T05:43:58.717+0000] {processor.py:161} INFO - Started process (PID=754) to work on /opt/airflow/dags/check_version.py
[2025-07-19T05:43:58.719+0000] {processor.py:830} INFO - Processing file /opt/airflow/dags/check_version.py for tasks to queue
[2025-07-19T05:43:58.749+0000] {logging_mixin.py:188} INFO - [2025-07-19T05:43:58.748+0000] {dagbag.py:538} INFO - Filling up the DagBag from /opt/airflow/dags/check_version.py
[2025-07-19T05:43:58.937+0000] {processor.py:840} INFO - DAG(s) 'check_sklearn_version' retrieved from /opt/airflow/dags/check_version.py
[2025-07-19T05:43:58.983+0000] {logging_mixin.py:188} INFO - [2025-07-19T05:43:58.982+0000] {dag.py:3036} INFO - Sync 1 DAGs
[2025-07-19T05:43:58.998+0000] {logging_mixin.py:188} INFO - [2025-07-19T05:43:58.997+0000] {dag.py:3823} INFO - Setting next_dagrun for check_sklearn_version to None, run_after=None
[2025-07-19T05:43:59.025+0000] {processor.py:183} INFO - Processing /opt/airflow/dags/check_version.py took 0.316 seconds
[2025-07-19T05:44:29.522+0000] {processor.py:161} INFO - Started process (PID=775) to work on /opt/airflow/dags/check_version.py
[2025-07-19T05:44:29.524+0000] {processor.py:830} INFO - Processing file /opt/airflow/dags/check_version.py for tasks to queue
[2025-07-19T05:44:29.545+0000] {logging_mixin.py:188} INFO - [2025-07-19T05:44:29.545+0000] {dagbag.py:538} INFO - Filling up the DagBag from /opt/airflow/dags/check_version.py
[2025-07-19T05:44:29.599+0000] {processor.py:840} INFO - DAG(s) 'check_sklearn_version' retrieved from /opt/airflow/dags/check_version.py
[2025-07-19T05:44:29.643+0000] {logging_mixin.py:188} INFO - [2025-07-19T05:44:29.642+0000] {dag.py:3036} INFO - Sync 1 DAGs
[2025-07-19T05:44:29.662+0000] {logging_mixin.py:188} INFO - [2025-07-19T05:44:29.662+0000] {dag.py:3823} INFO - Setting next_dagrun for check_sklearn_version to None, run_after=None
[2025-07-19T05:44:29.735+0000] {processor.py:183} INFO - Processing /opt/airflow/dags/check_version.py took 0.219 seconds
[2025-07-19T05:45:00.156+0000] {processor.py:161} INFO - Started process (PID=798) to work on /opt/airflow/dags/check_version.py
[2025-07-19T05:45:00.157+0000] {processor.py:830} INFO - Processing file /opt/airflow/dags/check_version.py for tasks to queue
[2025-07-19T05:45:00.159+0000] {logging_mixin.py:188} INFO - [2025-07-19T05:45:00.159+0000] {dagbag.py:538} INFO - Filling up the DagBag from /opt/airflow/dags/check_version.py
[2025-07-19T05:45:00.295+0000] {processor.py:840} INFO - DAG(s) 'check_sklearn_version' retrieved from /opt/airflow/dags/check_version.py
[2025-07-19T05:45:00.343+0000] {logging_mixin.py:188} INFO - [2025-07-19T05:45:00.342+0000] {dag.py:3036} INFO - Sync 1 DAGs
[2025-07-19T05:45:00.368+0000] {logging_mixin.py:188} INFO - [2025-07-19T05:45:00.368+0000] {dag.py:3823} INFO - Setting next_dagrun for check_sklearn_version to None, run_after=None
[2025-07-19T05:45:00.504+0000] {processor.py:183} INFO - Processing /opt/airflow/dags/check_version.py took 0.353 seconds
[2025-07-19T05:45:31.157+0000] {processor.py:161} INFO - Started process (PID=818) to work on /opt/airflow/dags/check_version.py
[2025-07-19T05:45:31.159+0000] {processor.py:830} INFO - Processing file /opt/airflow/dags/check_version.py for tasks to queue
[2025-07-19T05:45:31.160+0000] {logging_mixin.py:188} INFO - [2025-07-19T05:45:31.160+0000] {dagbag.py:538} INFO - Filling up the DagBag from /opt/airflow/dags/check_version.py
[2025-07-19T05:45:31.383+0000] {processor.py:840} INFO - DAG(s) 'check_sklearn_version' retrieved from /opt/airflow/dags/check_version.py
[2025-07-19T05:45:31.413+0000] {logging_mixin.py:188} INFO - [2025-07-19T05:45:31.413+0000] {dag.py:3036} INFO - Sync 1 DAGs
[2025-07-19T05:45:31.428+0000] {logging_mixin.py:188} INFO - [2025-07-19T05:45:31.427+0000] {dag.py:3823} INFO - Setting next_dagrun for check_sklearn_version to None, run_after=None
[2025-07-19T05:45:31.587+0000] {processor.py:183} INFO - Processing /opt/airflow/dags/check_version.py took 0.434 seconds
[2025-07-19T05:46:02.099+0000] {processor.py:161} INFO - Started process (PID=838) to work on /opt/airflow/dags/check_version.py
[2025-07-19T05:46:02.144+0000] {processor.py:830} INFO - Processing file /opt/airflow/dags/check_version.py for tasks to queue
[2025-07-19T05:46:02.147+0000] {logging_mixin.py:188} INFO - [2025-07-19T05:46:02.146+0000] {dagbag.py:538} INFO - Filling up the DagBag from /opt/airflow/dags/check_version.py
[2025-07-19T05:46:02.246+0000] {processor.py:840} INFO - DAG(s) 'check_sklearn_version' retrieved from /opt/airflow/dags/check_version.py
[2025-07-19T05:46:02.335+0000] {logging_mixin.py:188} INFO - [2025-07-19T05:46:02.334+0000] {dag.py:3036} INFO - Sync 1 DAGs
[2025-07-19T05:46:02.365+0000] {logging_mixin.py:188} INFO - [2025-07-19T05:46:02.365+0000] {dag.py:3823} INFO - Setting next_dagrun for check_sklearn_version to None, run_after=None
[2025-07-19T05:46:02.397+0000] {processor.py:183} INFO - Processing /opt/airflow/dags/check_version.py took 0.306 seconds
[2025-07-19T05:46:33.598+0000] {processor.py:161} INFO - Started process (PID=858) to work on /opt/airflow/dags/check_version.py
[2025-07-19T05:46:33.599+0000] {processor.py:830} INFO - Processing file /opt/airflow/dags/check_version.py for tasks to queue
[2025-07-19T05:46:33.600+0000] {logging_mixin.py:188} INFO - [2025-07-19T05:46:33.600+0000] {dagbag.py:538} INFO - Filling up the DagBag from /opt/airflow/dags/check_version.py
[2025-07-19T05:46:34.069+0000] {processor.py:840} INFO - DAG(s) 'check_sklearn_version' retrieved from /opt/airflow/dags/check_version.py
[2025-07-19T05:46:34.111+0000] {logging_mixin.py:188} INFO - [2025-07-19T05:46:34.111+0000] {dag.py:3036} INFO - Sync 1 DAGs
[2025-07-19T05:46:34.129+0000] {logging_mixin.py:188} INFO - [2025-07-19T05:46:34.129+0000] {dag.py:3823} INFO - Setting next_dagrun for check_sklearn_version to None, run_after=None
[2025-07-19T05:46:34.157+0000] {processor.py:183} INFO - Processing /opt/airflow/dags/check_version.py took 0.562 seconds
[2025-07-19T05:47:04.734+0000] {processor.py:161} INFO - Started process (PID=878) to work on /opt/airflow/dags/check_version.py
[2025-07-19T05:47:04.738+0000] {processor.py:830} INFO - Processing file /opt/airflow/dags/check_version.py for tasks to queue
[2025-07-19T05:47:04.745+0000] {logging_mixin.py:188} INFO - [2025-07-19T05:47:04.741+0000] {dagbag.py:538} INFO - Filling up the DagBag from /opt/airflow/dags/check_version.py
[2025-07-19T05:47:04.829+0000] {processor.py:840} INFO - DAG(s) 'check_sklearn_version' retrieved from /opt/airflow/dags/check_version.py
[2025-07-19T05:47:04.936+0000] {logging_mixin.py:188} INFO - [2025-07-19T05:47:04.936+0000] {dag.py:3036} INFO - Sync 1 DAGs
[2025-07-19T05:47:04.984+0000] {logging_mixin.py:188} INFO - [2025-07-19T05:47:04.983+0000] {dag.py:3823} INFO - Setting next_dagrun for check_sklearn_version to None, run_after=None
[2025-07-19T05:47:05.065+0000] {processor.py:183} INFO - Processing /opt/airflow/dags/check_version.py took 0.351 seconds
[2025-07-19T05:47:36.558+0000] {processor.py:161} INFO - Started process (PID=898) to work on /opt/airflow/dags/check_version.py
[2025-07-19T05:47:36.563+0000] {processor.py:830} INFO - Processing file /opt/airflow/dags/check_version.py for tasks to queue
[2025-07-19T05:47:36.567+0000] {logging_mixin.py:188} INFO - [2025-07-19T05:47:36.565+0000] {dagbag.py:538} INFO - Filling up the DagBag from /opt/airflow/dags/check_version.py
[2025-07-19T05:47:36.902+0000] {processor.py:840} INFO - DAG(s) 'check_sklearn_version' retrieved from /opt/airflow/dags/check_version.py
[2025-07-19T05:47:37.180+0000] {logging_mixin.py:188} INFO - [2025-07-19T05:47:37.180+0000] {dag.py:3036} INFO - Sync 1 DAGs
[2025-07-19T05:47:37.217+0000] {logging_mixin.py:188} INFO - [2025-07-19T05:47:37.217+0000] {dag.py:3823} INFO - Setting next_dagrun for check_sklearn_version to None, run_after=None
[2025-07-19T05:47:37.266+0000] {processor.py:183} INFO - Processing /opt/airflow/dags/check_version.py took 0.728 seconds
[2025-07-19T05:48:07.591+0000] {processor.py:161} INFO - Started process (PID=922) to work on /opt/airflow/dags/check_version.py
[2025-07-19T05:48:07.592+0000] {processor.py:830} INFO - Processing file /opt/airflow/dags/check_version.py for tasks to queue
[2025-07-19T05:48:07.594+0000] {logging_mixin.py:188} INFO - [2025-07-19T05:48:07.593+0000] {dagbag.py:538} INFO - Filling up the DagBag from /opt/airflow/dags/check_version.py
[2025-07-19T05:48:07.770+0000] {processor.py:840} INFO - DAG(s) 'check_sklearn_version' retrieved from /opt/airflow/dags/check_version.py
[2025-07-19T05:48:07.822+0000] {logging_mixin.py:188} INFO - [2025-07-19T05:48:07.821+0000] {dag.py:3036} INFO - Sync 1 DAGs
[2025-07-19T05:48:07.836+0000] {logging_mixin.py:188} INFO - [2025-07-19T05:48:07.835+0000] {dag.py:3823} INFO - Setting next_dagrun for check_sklearn_version to None, run_after=None
[2025-07-19T05:48:07.932+0000] {processor.py:183} INFO - Processing /opt/airflow/dags/check_version.py took 0.345 seconds
[2025-07-19T05:48:38.268+0000] {processor.py:161} INFO - Started process (PID=942) to work on /opt/airflow/dags/check_version.py
[2025-07-19T05:48:38.279+0000] {processor.py:830} INFO - Processing file /opt/airflow/dags/check_version.py for tasks to queue
[2025-07-19T05:48:38.280+0000] {logging_mixin.py:188} INFO - [2025-07-19T05:48:38.280+0000] {dagbag.py:538} INFO - Filling up the DagBag from /opt/airflow/dags/check_version.py
[2025-07-19T05:48:38.354+0000] {processor.py:840} INFO - DAG(s) 'check_sklearn_version' retrieved from /opt/airflow/dags/check_version.py
[2025-07-19T05:48:38.379+0000] {logging_mixin.py:188} INFO - [2025-07-19T05:48:38.379+0000] {dag.py:3036} INFO - Sync 1 DAGs
[2025-07-19T05:48:38.390+0000] {logging_mixin.py:188} INFO - [2025-07-19T05:48:38.390+0000] {dag.py:3823} INFO - Setting next_dagrun for check_sklearn_version to None, run_after=None
[2025-07-19T05:48:38.410+0000] {processor.py:183} INFO - Processing /opt/airflow/dags/check_version.py took 0.145 seconds
[2025-07-19T05:49:08.909+0000] {processor.py:161} INFO - Started process (PID=962) to work on /opt/airflow/dags/check_version.py
[2025-07-19T05:49:08.911+0000] {processor.py:830} INFO - Processing file /opt/airflow/dags/check_version.py for tasks to queue
[2025-07-19T05:49:08.912+0000] {logging_mixin.py:188} INFO - [2025-07-19T05:49:08.912+0000] {dagbag.py:538} INFO - Filling up the DagBag from /opt/airflow/dags/check_version.py
[2025-07-19T05:49:08.926+0000] {processor.py:840} INFO - DAG(s) 'check_sklearn_version' retrieved from /opt/airflow/dags/check_version.py
[2025-07-19T05:49:08.959+0000] {logging_mixin.py:188} INFO - [2025-07-19T05:49:08.959+0000] {dag.py:3036} INFO - Sync 1 DAGs
[2025-07-19T05:49:08.989+0000] {logging_mixin.py:188} INFO - [2025-07-19T05:49:08.988+0000] {dag.py:3823} INFO - Setting next_dagrun for check_sklearn_version to None, run_after=None
[2025-07-19T05:49:09.052+0000] {processor.py:183} INFO - Processing /opt/airflow/dags/check_version.py took 0.147 seconds
[2025-07-19T05:49:40.063+0000] {processor.py:161} INFO - Started process (PID=982) to work on /opt/airflow/dags/check_version.py
[2025-07-19T05:49:40.065+0000] {processor.py:830} INFO - Processing file /opt/airflow/dags/check_version.py for tasks to queue
[2025-07-19T05:49:40.066+0000] {logging_mixin.py:188} INFO - [2025-07-19T05:49:40.066+0000] {dagbag.py:538} INFO - Filling up the DagBag from /opt/airflow/dags/check_version.py
[2025-07-19T05:49:40.107+0000] {processor.py:840} INFO - DAG(s) 'check_sklearn_version' retrieved from /opt/airflow/dags/check_version.py
[2025-07-19T05:49:40.144+0000] {logging_mixin.py:188} INFO - [2025-07-19T05:49:40.144+0000] {dag.py:3036} INFO - Sync 1 DAGs
[2025-07-19T05:49:40.177+0000] {logging_mixin.py:188} INFO - [2025-07-19T05:49:40.176+0000] {dag.py:3823} INFO - Setting next_dagrun for check_sklearn_version to None, run_after=None
[2025-07-19T05:49:40.208+0000] {processor.py:183} INFO - Processing /opt/airflow/dags/check_version.py took 0.147 seconds
[2025-07-19T05:50:10.845+0000] {processor.py:161} INFO - Started process (PID=1009) to work on /opt/airflow/dags/check_version.py
[2025-07-19T05:50:10.897+0000] {processor.py:830} INFO - Processing file /opt/airflow/dags/check_version.py for tasks to queue
[2025-07-19T05:50:10.899+0000] {logging_mixin.py:188} INFO - [2025-07-19T05:50:10.898+0000] {dagbag.py:538} INFO - Filling up the DagBag from /opt/airflow/dags/check_version.py
[2025-07-19T05:50:10.921+0000] {processor.py:840} INFO - DAG(s) 'check_sklearn_version' retrieved from /opt/airflow/dags/check_version.py
[2025-07-19T05:50:10.944+0000] {logging_mixin.py:188} INFO - [2025-07-19T05:50:10.944+0000] {dag.py:3036} INFO - Sync 1 DAGs
[2025-07-19T05:50:10.956+0000] {logging_mixin.py:188} INFO - [2025-07-19T05:50:10.955+0000] {dag.py:3823} INFO - Setting next_dagrun for check_sklearn_version to None, run_after=None
[2025-07-19T05:50:10.973+0000] {processor.py:183} INFO - Processing /opt/airflow/dags/check_version.py took 0.133 seconds
[2025-07-19T05:50:41.654+0000] {processor.py:161} INFO - Started process (PID=1031) to work on /opt/airflow/dags/check_version.py
[2025-07-19T05:50:41.655+0000] {processor.py:830} INFO - Processing file /opt/airflow/dags/check_version.py for tasks to queue
[2025-07-19T05:50:41.656+0000] {logging_mixin.py:188} INFO - [2025-07-19T05:50:41.656+0000] {dagbag.py:538} INFO - Filling up the DagBag from /opt/airflow/dags/check_version.py
[2025-07-19T05:50:41.739+0000] {processor.py:840} INFO - DAG(s) 'check_sklearn_version' retrieved from /opt/airflow/dags/check_version.py
[2025-07-19T05:50:41.772+0000] {logging_mixin.py:188} INFO - [2025-07-19T05:50:41.772+0000] {dag.py:3036} INFO - Sync 1 DAGs
[2025-07-19T05:50:41.783+0000] {logging_mixin.py:188} INFO - [2025-07-19T05:50:41.783+0000] {dag.py:3823} INFO - Setting next_dagrun for check_sklearn_version to None, run_after=None
[2025-07-19T05:50:41.802+0000] {processor.py:183} INFO - Processing /opt/airflow/dags/check_version.py took 0.152 seconds
[2025-07-19T05:51:12.665+0000] {processor.py:161} INFO - Started process (PID=1071) to work on /opt/airflow/dags/check_version.py
[2025-07-19T05:51:12.666+0000] {processor.py:830} INFO - Processing file /opt/airflow/dags/check_version.py for tasks to queue
[2025-07-19T05:51:12.667+0000] {logging_mixin.py:188} INFO - [2025-07-19T05:51:12.667+0000] {dagbag.py:538} INFO - Filling up the DagBag from /opt/airflow/dags/check_version.py
[2025-07-19T05:51:13.091+0000] {processor.py:840} INFO - DAG(s) 'check_sklearn_version' retrieved from /opt/airflow/dags/check_version.py
[2025-07-19T05:51:13.192+0000] {logging_mixin.py:188} INFO - [2025-07-19T05:51:13.192+0000] {dag.py:3036} INFO - Sync 1 DAGs
[2025-07-19T05:51:13.234+0000] {logging_mixin.py:188} INFO - [2025-07-19T05:51:13.233+0000] {dag.py:3823} INFO - Setting next_dagrun for check_sklearn_version to None, run_after=None
[2025-07-19T05:51:13.262+0000] {processor.py:183} INFO - Processing /opt/airflow/dags/check_version.py took 0.600 seconds
[2025-07-19T05:51:44.054+0000] {processor.py:161} INFO - Started process (PID=1092) to work on /opt/airflow/dags/check_version.py
[2025-07-19T05:51:44.057+0000] {processor.py:830} INFO - Processing file /opt/airflow/dags/check_version.py for tasks to queue
[2025-07-19T05:51:44.070+0000] {logging_mixin.py:188} INFO - [2025-07-19T05:51:44.069+0000] {dagbag.py:538} INFO - Filling up the DagBag from /opt/airflow/dags/check_version.py
[2025-07-19T05:51:44.152+0000] {processor.py:840} INFO - DAG(s) 'check_sklearn_version' retrieved from /opt/airflow/dags/check_version.py
[2025-07-19T05:51:44.509+0000] {logging_mixin.py:188} INFO - [2025-07-19T05:51:44.509+0000] {dag.py:3036} INFO - Sync 1 DAGs
[2025-07-19T05:51:44.632+0000] {logging_mixin.py:188} INFO - [2025-07-19T05:51:44.632+0000] {dag.py:3823} INFO - Setting next_dagrun for check_sklearn_version to None, run_after=None
[2025-07-19T05:51:44.669+0000] {processor.py:183} INFO - Processing /opt/airflow/dags/check_version.py took 0.625 seconds
[2025-07-19T05:52:34.456+0000] {processor.py:161} INFO - Started process (PID=1113) to work on /opt/airflow/dags/check_version.py
[2025-07-19T05:52:35.968+0000] {processor.py:830} INFO - Processing file /opt/airflow/dags/check_version.py for tasks to queue
[2025-07-19T05:52:35.988+0000] {logging_mixin.py:188} INFO - [2025-07-19T05:52:35.987+0000] {dagbag.py:538} INFO - Filling up the DagBag from /opt/airflow/dags/check_version.py
[2025-07-19T05:52:41.811+0000] {processor.py:840} INFO - DAG(s) 'check_sklearn_version' retrieved from /opt/airflow/dags/check_version.py
[2025-07-19T05:52:42.343+0000] {logging_mixin.py:188} INFO - [2025-07-19T05:52:42.343+0000] {dag.py:3036} INFO - Sync 1 DAGs
[2025-07-19T05:52:42.372+0000] {logging_mixin.py:188} INFO - [2025-07-19T05:52:42.371+0000] {dag.py:3823} INFO - Setting next_dagrun for check_sklearn_version to None, run_after=None
[2025-07-19T05:52:42.623+0000] {processor.py:183} INFO - Processing /opt/airflow/dags/check_version.py took 18.762 seconds
[2025-07-19T05:53:21.032+0000] {processor.py:161} INFO - Started process (PID=1138) to work on /opt/airflow/dags/check_version.py
[2025-07-19T05:53:21.039+0000] {processor.py:830} INFO - Processing file /opt/airflow/dags/check_version.py for tasks to queue
[2025-07-19T05:53:21.042+0000] {logging_mixin.py:188} INFO - [2025-07-19T05:53:21.041+0000] {dagbag.py:538} INFO - Filling up the DagBag from /opt/airflow/dags/check_version.py
[2025-07-19T05:53:35.443+0000] {processor.py:840} INFO - DAG(s) 'check_sklearn_version' retrieved from /opt/airflow/dags/check_version.py
[2025-07-19T05:53:50.102+0000] {logging_mixin.py:188} INFO - [2025-07-19T05:53:50.102+0000] {dag.py:3036} INFO - Sync 1 DAGs
[2025-07-19T05:55:11.032+0000] {processor.py:161} INFO - Started process (PID=1153) to work on /opt/airflow/dags/check_version.py
[2025-07-19T05:55:11.035+0000] {processor.py:830} INFO - Processing file /opt/airflow/dags/check_version.py for tasks to queue
[2025-07-19T05:55:11.038+0000] {logging_mixin.py:188} INFO - [2025-07-19T05:55:11.037+0000] {dagbag.py:538} INFO - Filling up the DagBag from /opt/airflow/dags/check_version.py
[2025-07-19T05:55:11.797+0000] {processor.py:840} INFO - DAG(s) 'check_sklearn_version' retrieved from /opt/airflow/dags/check_version.py
[2025-07-19T05:56:35.483+0000] {processor.py:161} INFO - Started process (PID=1176) to work on /opt/airflow/dags/check_version.py
[2025-07-19T05:56:35.489+0000] {processor.py:830} INFO - Processing file /opt/airflow/dags/check_version.py for tasks to queue
[2025-07-19T05:56:35.493+0000] {logging_mixin.py:188} INFO - [2025-07-19T05:56:35.492+0000] {dagbag.py:538} INFO - Filling up the DagBag from /opt/airflow/dags/check_version.py
[2025-07-19T05:56:35.575+0000] {processor.py:840} INFO - DAG(s) 'check_sklearn_version' retrieved from /opt/airflow/dags/check_version.py
[2025-07-19T05:56:48.131+0000] {logging_mixin.py:188} INFO - [2025-07-19T05:56:48.130+0000] {dag.py:3036} INFO - Sync 1 DAGs
[2025-07-19T05:56:48.192+0000] {logging_mixin.py:188} INFO - [2025-07-19T05:56:48.192+0000] {dag.py:3823} INFO - Setting next_dagrun for check_sklearn_version to None, run_after=None
[2025-07-19T05:56:49.103+0000] {processor.py:183} INFO - Processing /opt/airflow/dags/check_version.py took 13.634 seconds
[2025-07-19T05:57:19.905+0000] {processor.py:161} INFO - Started process (PID=1196) to work on /opt/airflow/dags/check_version.py
[2025-07-19T05:57:19.907+0000] {processor.py:830} INFO - Processing file /opt/airflow/dags/check_version.py for tasks to queue
[2025-07-19T05:57:19.910+0000] {logging_mixin.py:188} INFO - [2025-07-19T05:57:19.909+0000] {dagbag.py:538} INFO - Filling up the DagBag from /opt/airflow/dags/check_version.py
[2025-07-19T05:57:20.036+0000] {processor.py:840} INFO - DAG(s) 'check_sklearn_version' retrieved from /opt/airflow/dags/check_version.py
[2025-07-19T05:57:20.518+0000] {logging_mixin.py:188} INFO - [2025-07-19T05:57:20.517+0000] {dag.py:3036} INFO - Sync 1 DAGs
[2025-07-19T05:57:20.547+0000] {logging_mixin.py:188} INFO - [2025-07-19T05:57:20.547+0000] {dag.py:3823} INFO - Setting next_dagrun for check_sklearn_version to None, run_after=None
[2025-07-19T05:57:20.613+0000] {processor.py:183} INFO - Processing /opt/airflow/dags/check_version.py took 0.724 seconds
[2025-07-19T05:57:51.697+0000] {processor.py:161} INFO - Started process (PID=1216) to work on /opt/airflow/dags/check_version.py
[2025-07-19T05:57:51.699+0000] {processor.py:830} INFO - Processing file /opt/airflow/dags/check_version.py for tasks to queue
[2025-07-19T05:57:51.701+0000] {logging_mixin.py:188} INFO - [2025-07-19T05:57:51.700+0000] {dagbag.py:538} INFO - Filling up the DagBag from /opt/airflow/dags/check_version.py
[2025-07-19T05:57:51.749+0000] {processor.py:840} INFO - DAG(s) 'check_sklearn_version' retrieved from /opt/airflow/dags/check_version.py
[2025-07-19T05:57:51.918+0000] {logging_mixin.py:188} INFO - [2025-07-19T05:57:51.918+0000] {dag.py:3036} INFO - Sync 1 DAGs
[2025-07-19T05:57:51.934+0000] {logging_mixin.py:188} INFO - [2025-07-19T05:57:51.934+0000] {dag.py:3823} INFO - Setting next_dagrun for check_sklearn_version to None, run_after=None
[2025-07-19T05:57:51.961+0000] {processor.py:183} INFO - Processing /opt/airflow/dags/check_version.py took 0.269 seconds
[2025-07-19T05:58:51.175+0000] {processor.py:161} INFO - Started process (PID=1229) to work on /opt/airflow/dags/check_version.py
[2025-07-19T05:58:51.177+0000] {processor.py:830} INFO - Processing file /opt/airflow/dags/check_version.py for tasks to queue
[2025-07-19T05:58:51.179+0000] {logging_mixin.py:188} INFO - [2025-07-19T05:58:51.178+0000] {dagbag.py:538} INFO - Filling up the DagBag from /opt/airflow/dags/check_version.py
[2025-07-19T05:58:54.113+0000] {processor.py:840} INFO - DAG(s) 'check_sklearn_version' retrieved from /opt/airflow/dags/check_version.py
[2025-07-19T05:58:57.506+0000] {logging_mixin.py:188} INFO - [2025-07-19T05:58:57.505+0000] {dag.py:3036} INFO - Sync 1 DAGs
[2025-07-19T05:58:57.716+0000] {logging_mixin.py:188} INFO - [2025-07-19T05:58:57.715+0000] {dag.py:3823} INFO - Setting next_dagrun for check_sklearn_version to None, run_after=None
[2025-07-19T05:58:58.070+0000] {processor.py:183} INFO - Processing /opt/airflow/dags/check_version.py took 6.941 seconds
[2025-07-19T05:59:50.400+0000] {processor.py:161} INFO - Started process (PID=1244) to work on /opt/airflow/dags/check_version.py
[2025-07-19T05:59:53.688+0000] {processor.py:830} INFO - Processing file /opt/airflow/dags/check_version.py for tasks to queue
[2025-07-19T05:59:53.900+0000] {logging_mixin.py:188} INFO - [2025-07-19T05:59:53.899+0000] {dagbag.py:538} INFO - Filling up the DagBag from /opt/airflow/dags/check_version.py
[2025-07-19T05:59:56.991+0000] {processor.py:840} INFO - DAG(s) 'check_sklearn_version' retrieved from /opt/airflow/dags/check_version.py
[2025-07-19T05:59:57.044+0000] {logging_mixin.py:188} INFO - [2025-07-19T05:59:57.043+0000] {dag.py:3036} INFO - Sync 1 DAGs
[2025-07-19T05:59:57.064+0000] {logging_mixin.py:188} INFO - [2025-07-19T05:59:57.063+0000] {dag.py:3823} INFO - Setting next_dagrun for check_sklearn_version to None, run_after=None
[2025-07-19T05:59:57.240+0000] {processor.py:183} INFO - Processing /opt/airflow/dags/check_version.py took 14.956 seconds
[2025-07-19T06:01:14.350+0000] {processor.py:161} INFO - Started process (PID=1261) to work on /opt/airflow/dags/check_version.py
[2025-07-19T06:01:14.396+0000] {processor.py:830} INFO - Processing file /opt/airflow/dags/check_version.py for tasks to queue
[2025-07-19T06:01:14.689+0000] {logging_mixin.py:188} INFO - [2025-07-19T06:01:14.688+0000] {dagbag.py:538} INFO - Filling up the DagBag from /opt/airflow/dags/check_version.py
[2025-07-19T06:01:19.139+0000] {processor.py:840} INFO - DAG(s) 'check_sklearn_version' retrieved from /opt/airflow/dags/check_version.py
[2025-07-19T06:01:34.658+0000] {logging_mixin.py:188} INFO - [2025-07-19T06:01:34.657+0000] {dag.py:3036} INFO - Sync 1 DAGs
[2025-07-19T06:01:46.404+0000] {logging_mixin.py:188} INFO - [2025-07-19T06:01:46.401+0000] {dag.py:3823} INFO - Setting next_dagrun for check_sklearn_version to None, run_after=None
[2025-07-19T06:01:49.732+0000] {processor.py:183} INFO - Processing /opt/airflow/dags/check_version.py took 35.501 seconds
[2025-07-19T06:02:20.813+0000] {processor.py:161} INFO - Started process (PID=1281) to work on /opt/airflow/dags/check_version.py
[2025-07-19T06:02:20.815+0000] {processor.py:830} INFO - Processing file /opt/airflow/dags/check_version.py for tasks to queue
[2025-07-19T06:02:20.817+0000] {logging_mixin.py:188} INFO - [2025-07-19T06:02:20.817+0000] {dagbag.py:538} INFO - Filling up the DagBag from /opt/airflow/dags/check_version.py
[2025-07-19T06:02:20.905+0000] {processor.py:840} INFO - DAG(s) 'check_sklearn_version' retrieved from /opt/airflow/dags/check_version.py
[2025-07-19T06:02:21.277+0000] {logging_mixin.py:188} INFO - [2025-07-19T06:02:21.276+0000] {dag.py:3036} INFO - Sync 1 DAGs
[2025-07-19T06:02:21.294+0000] {logging_mixin.py:188} INFO - [2025-07-19T06:02:21.294+0000] {dag.py:3823} INFO - Setting next_dagrun for check_sklearn_version to None, run_after=None
[2025-07-19T06:02:21.321+0000] {processor.py:183} INFO - Processing /opt/airflow/dags/check_version.py took 0.515 seconds
[2025-07-19T06:02:52.223+0000] {processor.py:161} INFO - Started process (PID=1301) to work on /opt/airflow/dags/check_version.py
[2025-07-19T06:02:52.225+0000] {processor.py:830} INFO - Processing file /opt/airflow/dags/check_version.py for tasks to queue
[2025-07-19T06:02:52.227+0000] {logging_mixin.py:188} INFO - [2025-07-19T06:02:52.227+0000] {dagbag.py:538} INFO - Filling up the DagBag from /opt/airflow/dags/check_version.py
[2025-07-19T06:02:52.437+0000] {processor.py:840} INFO - DAG(s) 'check_sklearn_version' retrieved from /opt/airflow/dags/check_version.py
[2025-07-19T06:02:53.208+0000] {logging_mixin.py:188} INFO - [2025-07-19T06:02:53.208+0000] {dag.py:3036} INFO - Sync 1 DAGs
[2025-07-19T06:02:53.250+0000] {logging_mixin.py:188} INFO - [2025-07-19T06:02:53.250+0000] {dag.py:3823} INFO - Setting next_dagrun for check_sklearn_version to None, run_after=None
[2025-07-19T06:02:53.719+0000] {processor.py:183} INFO - Processing /opt/airflow/dags/check_version.py took 1.504 seconds
[2025-07-19T06:03:31.995+0000] {processor.py:161} INFO - Started process (PID=1324) to work on /opt/airflow/dags/check_version.py
[2025-07-19T06:03:31.997+0000] {processor.py:830} INFO - Processing file /opt/airflow/dags/check_version.py for tasks to queue
[2025-07-19T06:03:31.999+0000] {logging_mixin.py:188} INFO - [2025-07-19T06:03:31.998+0000] {dagbag.py:538} INFO - Filling up the DagBag from /opt/airflow/dags/check_version.py
[2025-07-19T06:03:32.032+0000] {processor.py:840} INFO - DAG(s) 'check_sklearn_version' retrieved from /opt/airflow/dags/check_version.py
[2025-07-19T06:03:41.807+0000] {logging_mixin.py:188} INFO - [2025-07-19T06:03:41.806+0000] {dag.py:3036} INFO - Sync 1 DAGs
[2025-07-19T06:03:41.834+0000] {logging_mixin.py:188} INFO - [2025-07-19T06:03:41.833+0000] {dag.py:3823} INFO - Setting next_dagrun for check_sklearn_version to None, run_after=None
[2025-07-19T06:03:42.570+0000] {processor.py:183} INFO - Processing /opt/airflow/dags/check_version.py took 10.581 seconds
[2025-07-19T06:04:14.326+0000] {processor.py:161} INFO - Started process (PID=1348) to work on /opt/airflow/dags/check_version.py
[2025-07-19T06:04:14.328+0000] {processor.py:830} INFO - Processing file /opt/airflow/dags/check_version.py for tasks to queue
[2025-07-19T06:04:14.329+0000] {logging_mixin.py:188} INFO - [2025-07-19T06:04:14.329+0000] {dagbag.py:538} INFO - Filling up the DagBag from /opt/airflow/dags/check_version.py
[2025-07-19T06:04:14.399+0000] {processor.py:840} INFO - DAG(s) 'check_sklearn_version' retrieved from /opt/airflow/dags/check_version.py
[2025-07-19T06:04:14.492+0000] {logging_mixin.py:188} INFO - [2025-07-19T06:04:14.491+0000] {dag.py:3036} INFO - Sync 1 DAGs
[2025-07-19T06:04:14.511+0000] {logging_mixin.py:188} INFO - [2025-07-19T06:04:14.511+0000] {dag.py:3823} INFO - Setting next_dagrun for check_sklearn_version to None, run_after=None
[2025-07-19T06:04:14.541+0000] {processor.py:183} INFO - Processing /opt/airflow/dags/check_version.py took 0.220 seconds
[2025-07-19T06:04:44.763+0000] {processor.py:161} INFO - Started process (PID=1369) to work on /opt/airflow/dags/check_version.py
[2025-07-19T06:04:44.764+0000] {processor.py:830} INFO - Processing file /opt/airflow/dags/check_version.py for tasks to queue
[2025-07-19T06:04:44.765+0000] {logging_mixin.py:188} INFO - [2025-07-19T06:04:44.765+0000] {dagbag.py:538} INFO - Filling up the DagBag from /opt/airflow/dags/check_version.py
[2025-07-19T06:04:44.906+0000] {processor.py:840} INFO - DAG(s) 'check_sklearn_version' retrieved from /opt/airflow/dags/check_version.py
[2025-07-19T06:04:44.954+0000] {logging_mixin.py:188} INFO - [2025-07-19T06:04:44.954+0000] {dag.py:3036} INFO - Sync 1 DAGs
[2025-07-19T06:04:44.976+0000] {logging_mixin.py:188} INFO - [2025-07-19T06:04:44.976+0000] {dag.py:3823} INFO - Setting next_dagrun for check_sklearn_version to None, run_after=None
[2025-07-19T06:04:45.007+0000] {processor.py:183} INFO - Processing /opt/airflow/dags/check_version.py took 0.249 seconds
[2025-07-19T06:05:15.146+0000] {processor.py:161} INFO - Started process (PID=1389) to work on /opt/airflow/dags/check_version.py
[2025-07-19T06:05:15.148+0000] {processor.py:830} INFO - Processing file /opt/airflow/dags/check_version.py for tasks to queue
[2025-07-19T06:05:15.150+0000] {logging_mixin.py:188} INFO - [2025-07-19T06:05:15.150+0000] {dagbag.py:538} INFO - Filling up the DagBag from /opt/airflow/dags/check_version.py
[2025-07-19T06:05:15.350+0000] {processor.py:840} INFO - DAG(s) 'check_sklearn_version' retrieved from /opt/airflow/dags/check_version.py
[2025-07-19T06:05:15.497+0000] {logging_mixin.py:188} INFO - [2025-07-19T06:05:15.497+0000] {dag.py:3036} INFO - Sync 1 DAGs
[2025-07-19T06:05:15.513+0000] {logging_mixin.py:188} INFO - [2025-07-19T06:05:15.512+0000] {dag.py:3823} INFO - Setting next_dagrun for check_sklearn_version to None, run_after=None
[2025-07-19T06:05:15.624+0000] {processor.py:183} INFO - Processing /opt/airflow/dags/check_version.py took 0.483 seconds
[2025-07-19T06:05:45.885+0000] {processor.py:161} INFO - Started process (PID=1410) to work on /opt/airflow/dags/check_version.py
[2025-07-19T06:05:45.923+0000] {processor.py:830} INFO - Processing file /opt/airflow/dags/check_version.py for tasks to queue
[2025-07-19T06:05:45.925+0000] {logging_mixin.py:188} INFO - [2025-07-19T06:05:45.925+0000] {dagbag.py:538} INFO - Filling up the DagBag from /opt/airflow/dags/check_version.py
[2025-07-19T06:05:46.014+0000] {processor.py:840} INFO - DAG(s) 'check_sklearn_version' retrieved from /opt/airflow/dags/check_version.py
[2025-07-19T06:05:46.054+0000] {logging_mixin.py:188} INFO - [2025-07-19T06:05:46.053+0000] {dag.py:3036} INFO - Sync 1 DAGs
[2025-07-19T06:05:46.070+0000] {logging_mixin.py:188} INFO - [2025-07-19T06:05:46.070+0000] {dag.py:3823} INFO - Setting next_dagrun for check_sklearn_version to None, run_after=None
[2025-07-19T06:05:46.095+0000] {processor.py:183} INFO - Processing /opt/airflow/dags/check_version.py took 0.216 seconds
[2025-07-19T06:06:16.328+0000] {processor.py:161} INFO - Started process (PID=1433) to work on /opt/airflow/dags/check_version.py
[2025-07-19T06:06:16.331+0000] {processor.py:830} INFO - Processing file /opt/airflow/dags/check_version.py for tasks to queue
[2025-07-19T06:06:16.333+0000] {logging_mixin.py:188} INFO - [2025-07-19T06:06:16.333+0000] {dagbag.py:538} INFO - Filling up the DagBag from /opt/airflow/dags/check_version.py
[2025-07-19T06:06:16.553+0000] {processor.py:840} INFO - DAG(s) 'check_sklearn_version' retrieved from /opt/airflow/dags/check_version.py
[2025-07-19T06:06:16.594+0000] {logging_mixin.py:188} INFO - [2025-07-19T06:06:16.594+0000] {dag.py:3036} INFO - Sync 1 DAGs
[2025-07-19T06:06:16.612+0000] {logging_mixin.py:188} INFO - [2025-07-19T06:06:16.611+0000] {dag.py:3823} INFO - Setting next_dagrun for check_sklearn_version to None, run_after=None
[2025-07-19T06:06:16.647+0000] {processor.py:183} INFO - Processing /opt/airflow/dags/check_version.py took 0.323 seconds
[2025-07-19T06:06:47.037+0000] {processor.py:161} INFO - Started process (PID=1450) to work on /opt/airflow/dags/check_version.py
[2025-07-19T06:06:47.039+0000] {processor.py:830} INFO - Processing file /opt/airflow/dags/check_version.py for tasks to queue
[2025-07-19T06:06:47.041+0000] {logging_mixin.py:188} INFO - [2025-07-19T06:06:47.040+0000] {dagbag.py:538} INFO - Filling up the DagBag from /opt/airflow/dags/check_version.py
[2025-07-19T06:06:47.145+0000] {processor.py:840} INFO - DAG(s) 'check_sklearn_version' retrieved from /opt/airflow/dags/check_version.py
[2025-07-19T06:06:47.200+0000] {logging_mixin.py:188} INFO - [2025-07-19T06:06:47.200+0000] {dag.py:3036} INFO - Sync 1 DAGs
[2025-07-19T06:06:47.239+0000] {logging_mixin.py:188} INFO - [2025-07-19T06:06:47.239+0000] {dag.py:3823} INFO - Setting next_dagrun for check_sklearn_version to None, run_after=None
[2025-07-19T06:06:47.422+0000] {processor.py:183} INFO - Processing /opt/airflow/dags/check_version.py took 0.392 seconds
[2025-07-19T06:07:30.985+0000] {processor.py:161} INFO - Started process (PID=1469) to work on /opt/airflow/dags/check_version.py
[2025-07-19T06:07:30.989+0000] {processor.py:830} INFO - Processing file /opt/airflow/dags/check_version.py for tasks to queue
[2025-07-19T06:07:31.965+0000] {logging_mixin.py:188} INFO - [2025-07-19T06:07:31.167+0000] {dagbag.py:538} INFO - Filling up the DagBag from /opt/airflow/dags/check_version.py
[2025-07-19T06:07:36.822+0000] {processor.py:840} INFO - DAG(s) 'check_sklearn_version' retrieved from /opt/airflow/dags/check_version.py
[2025-07-19T06:07:42.140+0000] {logging_mixin.py:188} INFO - [2025-07-19T06:07:42.140+0000] {dag.py:3036} INFO - Sync 1 DAGs
[2025-07-19T06:07:43.252+0000] {logging_mixin.py:188} INFO - [2025-07-19T06:07:43.252+0000] {dag.py:3823} INFO - Setting next_dagrun for check_sklearn_version to None, run_after=None
[2025-07-19T06:07:49.182+0000] {processor.py:183} INFO - Processing /opt/airflow/dags/check_version.py took 18.546 seconds
[2025-07-19T06:08:26.470+0000] {processor.py:161} INFO - Started process (PID=1485) to work on /opt/airflow/dags/check_version.py
[2025-07-19T06:08:26.472+0000] {processor.py:830} INFO - Processing file /opt/airflow/dags/check_version.py for tasks to queue
[2025-07-19T06:08:26.474+0000] {logging_mixin.py:188} INFO - [2025-07-19T06:08:26.473+0000] {dagbag.py:538} INFO - Filling up the DagBag from /opt/airflow/dags/check_version.py
[2025-07-19T06:08:26.505+0000] {processor.py:840} INFO - DAG(s) 'check_sklearn_version' retrieved from /opt/airflow/dags/check_version.py
[2025-07-19T06:08:26.548+0000] {logging_mixin.py:188} INFO - [2025-07-19T06:08:26.548+0000] {dag.py:3036} INFO - Sync 1 DAGs
[2025-07-19T06:08:26.574+0000] {logging_mixin.py:188} INFO - [2025-07-19T06:08:26.573+0000] {dag.py:3823} INFO - Setting next_dagrun for check_sklearn_version to None, run_after=None
[2025-07-19T06:08:26.616+0000] {processor.py:183} INFO - Processing /opt/airflow/dags/check_version.py took 0.153 seconds
[2025-07-19T06:10:30.283+0000] {processor.py:161} INFO - Started process (PID=1505) to work on /opt/airflow/dags/check_version.py
[2025-07-19T06:10:30.286+0000] {processor.py:830} INFO - Processing file /opt/airflow/dags/check_version.py for tasks to queue
[2025-07-19T06:10:30.289+0000] {logging_mixin.py:188} INFO - [2025-07-19T06:10:30.289+0000] {dagbag.py:538} INFO - Filling up the DagBag from /opt/airflow/dags/check_version.py
[2025-07-19T06:10:30.647+0000] {processor.py:840} INFO - DAG(s) 'check_sklearn_version' retrieved from /opt/airflow/dags/check_version.py
[2025-07-19T06:10:38.083+0000] {logging_mixin.py:188} INFO - [2025-07-19T06:10:38.083+0000] {dag.py:3036} INFO - Sync 1 DAGs
[2025-07-19T06:10:38.160+0000] {logging_mixin.py:188} INFO - [2025-07-19T06:10:38.160+0000] {dag.py:3823} INFO - Setting next_dagrun for check_sklearn_version to None, run_after=None
[2025-07-19T06:10:38.513+0000] {processor.py:183} INFO - Processing /opt/airflow/dags/check_version.py took 8.758 seconds
[2025-07-19T06:12:29.970+0000] {processor.py:161} INFO - Started process (PID=1521) to work on /opt/airflow/dags/check_version.py
[2025-07-19T06:12:30.101+0000] {processor.py:830} INFO - Processing file /opt/airflow/dags/check_version.py for tasks to queue
[2025-07-19T06:12:30.410+0000] {logging_mixin.py:188} INFO - [2025-07-19T06:12:30.408+0000] {dagbag.py:538} INFO - Filling up the DagBag from /opt/airflow/dags/check_version.py
[2025-07-19T06:12:31.550+0000] {processor.py:840} INFO - DAG(s) 'check_sklearn_version' retrieved from /opt/airflow/dags/check_version.py
[2025-07-19T06:12:35.187+0000] {logging_mixin.py:188} INFO - [2025-07-19T06:12:35.186+0000] {dag.py:3036} INFO - Sync 1 DAGs
[2025-07-19T06:12:35.215+0000] {logging_mixin.py:188} INFO - [2025-07-19T06:12:35.215+0000] {dag.py:3823} INFO - Setting next_dagrun for check_sklearn_version to None, run_after=None
[2025-07-19T06:12:38.031+0000] {processor.py:183} INFO - Processing /opt/airflow/dags/check_version.py took 8.371 seconds
[2025-07-19T06:13:29.045+0000] {processor.py:161} INFO - Started process (PID=1542) to work on /opt/airflow/dags/check_version.py
[2025-07-19T06:13:33.457+0000] {processor.py:830} INFO - Processing file /opt/airflow/dags/check_version.py for tasks to queue
[2025-07-19T06:13:36.517+0000] {logging_mixin.py:188} INFO - [2025-07-19T06:13:35.745+0000] {dagbag.py:538} INFO - Filling up the DagBag from /opt/airflow/dags/check_version.py
[2025-07-19T06:14:06.819+0000] {processor.py:840} INFO - DAG(s) 'check_sklearn_version' retrieved from /opt/airflow/dags/check_version.py
[2025-07-19T06:14:47.846+0000] {processor.py:161} INFO - Started process (PID=1560) to work on /opt/airflow/dags/check_version.py
[2025-07-19T06:14:47.847+0000] {processor.py:830} INFO - Processing file /opt/airflow/dags/check_version.py for tasks to queue
[2025-07-19T06:14:47.848+0000] {logging_mixin.py:188} INFO - [2025-07-19T06:14:47.848+0000] {dagbag.py:538} INFO - Filling up the DagBag from /opt/airflow/dags/check_version.py
[2025-07-19T06:14:47.859+0000] {processor.py:840} INFO - DAG(s) 'check_sklearn_version' retrieved from /opt/airflow/dags/check_version.py
[2025-07-19T06:14:48.715+0000] {logging_mixin.py:188} INFO - [2025-07-19T06:14:48.715+0000] {dag.py:3036} INFO - Sync 1 DAGs
[2025-07-19T06:14:48.736+0000] {logging_mixin.py:188} INFO - [2025-07-19T06:14:48.736+0000] {dag.py:3823} INFO - Setting next_dagrun for check_sklearn_version to None, run_after=None
[2025-07-19T06:14:48.767+0000] {processor.py:183} INFO - Processing /opt/airflow/dags/check_version.py took 0.924 seconds
[2025-07-19T06:15:18.963+0000] {processor.py:161} INFO - Started process (PID=1577) to work on /opt/airflow/dags/check_version.py
[2025-07-19T06:15:18.964+0000] {processor.py:830} INFO - Processing file /opt/airflow/dags/check_version.py for tasks to queue
[2025-07-19T06:15:18.965+0000] {logging_mixin.py:188} INFO - [2025-07-19T06:15:18.965+0000] {dagbag.py:538} INFO - Filling up the DagBag from /opt/airflow/dags/check_version.py
[2025-07-19T06:15:19.060+0000] {processor.py:840} INFO - DAG(s) 'check_sklearn_version' retrieved from /opt/airflow/dags/check_version.py
[2025-07-19T06:15:19.089+0000] {logging_mixin.py:188} INFO - [2025-07-19T06:15:19.088+0000] {dag.py:3036} INFO - Sync 1 DAGs
[2025-07-19T06:15:19.101+0000] {logging_mixin.py:188} INFO - [2025-07-19T06:15:19.101+0000] {dag.py:3823} INFO - Setting next_dagrun for check_sklearn_version to None, run_after=None
[2025-07-19T06:15:19.270+0000] {processor.py:183} INFO - Processing /opt/airflow/dags/check_version.py took 0.310 seconds
[2025-07-19T06:15:49.924+0000] {processor.py:161} INFO - Started process (PID=1597) to work on /opt/airflow/dags/check_version.py
[2025-07-19T06:15:49.926+0000] {processor.py:830} INFO - Processing file /opt/airflow/dags/check_version.py for tasks to queue
[2025-07-19T06:15:49.928+0000] {logging_mixin.py:188} INFO - [2025-07-19T06:15:49.927+0000] {dagbag.py:538} INFO - Filling up the DagBag from /opt/airflow/dags/check_version.py
[2025-07-19T06:15:49.946+0000] {processor.py:840} INFO - DAG(s) 'check_sklearn_version' retrieved from /opt/airflow/dags/check_version.py
[2025-07-19T06:15:50.000+0000] {logging_mixin.py:188} INFO - [2025-07-19T06:15:49.999+0000] {dag.py:3036} INFO - Sync 1 DAGs
[2025-07-19T06:15:50.123+0000] {logging_mixin.py:188} INFO - [2025-07-19T06:15:50.123+0000] {dag.py:3823} INFO - Setting next_dagrun for check_sklearn_version to None, run_after=None
[2025-07-19T06:15:50.150+0000] {processor.py:183} INFO - Processing /opt/airflow/dags/check_version.py took 0.231 seconds
[2025-07-19T06:16:41.962+0000] {processor.py:161} INFO - Started process (PID=1618) to work on /opt/airflow/dags/check_version.py
[2025-07-19T06:16:41.963+0000] {processor.py:830} INFO - Processing file /opt/airflow/dags/check_version.py for tasks to queue
[2025-07-19T06:16:41.964+0000] {logging_mixin.py:188} INFO - [2025-07-19T06:16:41.964+0000] {dagbag.py:538} INFO - Filling up the DagBag from /opt/airflow/dags/check_version.py
[2025-07-19T06:16:42.086+0000] {processor.py:840} INFO - DAG(s) 'check_sklearn_version' retrieved from /opt/airflow/dags/check_version.py
[2025-07-19T06:16:45.564+0000] {logging_mixin.py:188} INFO - [2025-07-19T06:16:45.564+0000] {dag.py:3036} INFO - Sync 1 DAGs
[2025-07-19T06:16:45.578+0000] {logging_mixin.py:188} INFO - [2025-07-19T06:16:45.578+0000] {dag.py:3823} INFO - Setting next_dagrun for check_sklearn_version to None, run_after=None
[2025-07-19T06:16:45.599+0000] {processor.py:183} INFO - Processing /opt/airflow/dags/check_version.py took 11.894 seconds
[2025-07-19T06:17:16.345+0000] {processor.py:161} INFO - Started process (PID=1661) to work on /opt/airflow/dags/check_version.py
[2025-07-19T06:17:16.346+0000] {processor.py:830} INFO - Processing file /opt/airflow/dags/check_version.py for tasks to queue
[2025-07-19T06:17:16.346+0000] {logging_mixin.py:188} INFO - [2025-07-19T06:17:16.346+0000] {dagbag.py:538} INFO - Filling up the DagBag from /opt/airflow/dags/check_version.py
[2025-07-19T06:17:16.357+0000] {processor.py:840} INFO - DAG(s) 'check_sklearn_version' retrieved from /opt/airflow/dags/check_version.py
[2025-07-19T06:17:16.381+0000] {logging_mixin.py:188} INFO - [2025-07-19T06:17:16.381+0000] {dag.py:3036} INFO - Sync 1 DAGs
[2025-07-19T06:17:16.392+0000] {logging_mixin.py:188} INFO - [2025-07-19T06:17:16.392+0000] {dag.py:3823} INFO - Setting next_dagrun for check_sklearn_version to None, run_after=None
[2025-07-19T06:17:16.412+0000] {processor.py:183} INFO - Processing /opt/airflow/dags/check_version.py took 0.070 seconds
[2025-07-19T06:17:47.119+0000] {processor.py:161} INFO - Started process (PID=1701) to work on /opt/airflow/dags/check_version.py
[2025-07-19T06:17:47.120+0000] {processor.py:830} INFO - Processing file /opt/airflow/dags/check_version.py for tasks to queue
[2025-07-19T06:17:47.121+0000] {logging_mixin.py:188} INFO - [2025-07-19T06:17:47.121+0000] {dagbag.py:538} INFO - Filling up the DagBag from /opt/airflow/dags/check_version.py
[2025-07-19T06:17:47.173+0000] {processor.py:840} INFO - DAG(s) 'check_sklearn_version' retrieved from /opt/airflow/dags/check_version.py
[2025-07-19T06:17:47.197+0000] {logging_mixin.py:188} INFO - [2025-07-19T06:17:47.197+0000] {dag.py:3036} INFO - Sync 1 DAGs
[2025-07-19T06:17:47.209+0000] {logging_mixin.py:188} INFO - [2025-07-19T06:17:47.208+0000] {dag.py:3823} INFO - Setting next_dagrun for check_sklearn_version to None, run_after=None
[2025-07-19T06:17:47.433+0000] {processor.py:183} INFO - Processing /opt/airflow/dags/check_version.py took 0.317 seconds
[2025-07-19T06:18:44.923+0000] {processor.py:161} INFO - Started process (PID=1710) to work on /opt/airflow/dags/check_version.py
[2025-07-19T06:18:44.953+0000] {processor.py:830} INFO - Processing file /opt/airflow/dags/check_version.py for tasks to queue
[2025-07-19T06:18:44.955+0000] {logging_mixin.py:188} INFO - [2025-07-19T06:18:44.954+0000] {dagbag.py:538} INFO - Filling up the DagBag from /opt/airflow/dags/check_version.py
[2025-07-19T06:18:49.097+0000] {processor.py:840} INFO - DAG(s) 'check_sklearn_version' retrieved from /opt/airflow/dags/check_version.py
[2025-07-19T06:19:03.122+0000] {logging_mixin.py:188} INFO - [2025-07-19T06:19:03.121+0000] {dag.py:3036} INFO - Sync 1 DAGs
[2025-07-19T06:19:03.147+0000] {logging_mixin.py:188} INFO - [2025-07-19T06:19:03.147+0000] {dag.py:3823} INFO - Setting next_dagrun for check_sklearn_version to None, run_after=None
[2025-07-19T06:19:03.670+0000] {processor.py:183} INFO - Processing /opt/airflow/dags/check_version.py took 27.565 seconds
[2025-07-19T06:19:40.335+0000] {processor.py:161} INFO - Started process (PID=1730) to work on /opt/airflow/dags/check_version.py
[2025-07-19T06:19:41.506+0000] {processor.py:830} INFO - Processing file /opt/airflow/dags/check_version.py for tasks to queue
[2025-07-19T06:19:42.278+0000] {logging_mixin.py:188} INFO - [2025-07-19T06:19:42.031+0000] {dagbag.py:538} INFO - Filling up the DagBag from /opt/airflow/dags/check_version.py
[2025-07-19T06:19:45.869+0000] {processor.py:840} INFO - DAG(s) 'check_sklearn_version' retrieved from /opt/airflow/dags/check_version.py
[2025-07-19T06:19:54.089+0000] {logging_mixin.py:188} INFO - [2025-07-19T06:19:54.089+0000] {dag.py:3036} INFO - Sync 1 DAGs
[2025-07-19T06:19:54.531+0000] {logging_mixin.py:188} INFO - [2025-07-19T06:19:54.530+0000] {dag.py:3823} INFO - Setting next_dagrun for check_sklearn_version to None, run_after=None
[2025-07-19T06:19:54.604+0000] {processor.py:183} INFO - Processing /opt/airflow/dags/check_version.py took 18.573 seconds
[2025-07-19T06:20:25.572+0000] {processor.py:161} INFO - Started process (PID=1753) to work on /opt/airflow/dags/check_version.py
[2025-07-19T06:20:25.574+0000] {processor.py:830} INFO - Processing file /opt/airflow/dags/check_version.py for tasks to queue
[2025-07-19T06:20:25.575+0000] {logging_mixin.py:188} INFO - [2025-07-19T06:20:25.574+0000] {dagbag.py:538} INFO - Filling up the DagBag from /opt/airflow/dags/check_version.py
[2025-07-19T06:20:25.673+0000] {processor.py:840} INFO - DAG(s) 'check_sklearn_version' retrieved from /opt/airflow/dags/check_version.py
[2025-07-19T06:20:25.699+0000] {logging_mixin.py:188} INFO - [2025-07-19T06:20:25.699+0000] {dag.py:3036} INFO - Sync 1 DAGs
[2025-07-19T06:20:25.710+0000] {logging_mixin.py:188} INFO - [2025-07-19T06:20:25.709+0000] {dag.py:3823} INFO - Setting next_dagrun for check_sklearn_version to None, run_after=None
[2025-07-19T06:20:25.727+0000] {processor.py:183} INFO - Processing /opt/airflow/dags/check_version.py took 0.157 seconds
[2025-07-19T06:20:56.086+0000] {processor.py:161} INFO - Started process (PID=1773) to work on /opt/airflow/dags/check_version.py
[2025-07-19T06:20:56.087+0000] {processor.py:830} INFO - Processing file /opt/airflow/dags/check_version.py for tasks to queue
[2025-07-19T06:20:56.089+0000] {logging_mixin.py:188} INFO - [2025-07-19T06:20:56.088+0000] {dagbag.py:538} INFO - Filling up the DagBag from /opt/airflow/dags/check_version.py
[2025-07-19T06:20:56.121+0000] {processor.py:840} INFO - DAG(s) 'check_sklearn_version' retrieved from /opt/airflow/dags/check_version.py
[2025-07-19T06:20:56.332+0000] {logging_mixin.py:188} INFO - [2025-07-19T06:20:56.332+0000] {dag.py:3036} INFO - Sync 1 DAGs
[2025-07-19T06:20:56.345+0000] {logging_mixin.py:188} INFO - [2025-07-19T06:20:56.345+0000] {dag.py:3823} INFO - Setting next_dagrun for check_sklearn_version to None, run_after=None
[2025-07-19T06:20:56.366+0000] {processor.py:183} INFO - Processing /opt/airflow/dags/check_version.py took 0.283 seconds
[2025-07-19T06:21:27.113+0000] {processor.py:161} INFO - Started process (PID=1793) to work on /opt/airflow/dags/check_version.py
[2025-07-19T06:21:27.564+0000] {processor.py:830} INFO - Processing file /opt/airflow/dags/check_version.py for tasks to queue
[2025-07-19T06:21:27.566+0000] {logging_mixin.py:188} INFO - [2025-07-19T06:21:27.565+0000] {dagbag.py:538} INFO - Filling up the DagBag from /opt/airflow/dags/check_version.py
[2025-07-19T06:21:28.123+0000] {processor.py:840} INFO - DAG(s) 'check_sklearn_version' retrieved from /opt/airflow/dags/check_version.py
[2025-07-19T06:21:30.502+0000] {logging_mixin.py:188} INFO - [2025-07-19T06:21:30.501+0000] {dag.py:3036} INFO - Sync 1 DAGs
[2025-07-19T06:21:31.433+0000] {logging_mixin.py:188} INFO - [2025-07-19T06:21:31.433+0000] {dag.py:3823} INFO - Setting next_dagrun for check_sklearn_version to None, run_after=None
[2025-07-19T06:21:31.925+0000] {processor.py:183} INFO - Processing /opt/airflow/dags/check_version.py took 4.820 seconds
[2025-07-19T06:22:02.339+0000] {processor.py:161} INFO - Started process (PID=1815) to work on /opt/airflow/dags/check_version.py
[2025-07-19T06:22:02.340+0000] {processor.py:830} INFO - Processing file /opt/airflow/dags/check_version.py for tasks to queue
[2025-07-19T06:22:02.341+0000] {logging_mixin.py:188} INFO - [2025-07-19T06:22:02.340+0000] {dagbag.py:538} INFO - Filling up the DagBag from /opt/airflow/dags/check_version.py
[2025-07-19T06:22:02.352+0000] {processor.py:840} INFO - DAG(s) 'check_sklearn_version' retrieved from /opt/airflow/dags/check_version.py
[2025-07-19T06:22:02.379+0000] {logging_mixin.py:188} INFO - [2025-07-19T06:22:02.379+0000] {dag.py:3036} INFO - Sync 1 DAGs
[2025-07-19T06:22:02.391+0000] {logging_mixin.py:188} INFO - [2025-07-19T06:22:02.391+0000] {dag.py:3823} INFO - Setting next_dagrun for check_sklearn_version to None, run_after=None
[2025-07-19T06:22:02.415+0000] {processor.py:183} INFO - Processing /opt/airflow/dags/check_version.py took 0.080 seconds
[2025-07-19T06:22:33.007+0000] {processor.py:161} INFO - Started process (PID=1851) to work on /opt/airflow/dags/check_version.py
[2025-07-19T06:22:33.008+0000] {processor.py:830} INFO - Processing file /opt/airflow/dags/check_version.py for tasks to queue
[2025-07-19T06:22:33.009+0000] {logging_mixin.py:188} INFO - [2025-07-19T06:22:33.009+0000] {dagbag.py:538} INFO - Filling up the DagBag from /opt/airflow/dags/check_version.py
[2025-07-19T06:22:33.023+0000] {processor.py:840} INFO - DAG(s) 'check_sklearn_version' retrieved from /opt/airflow/dags/check_version.py
[2025-07-19T06:22:33.059+0000] {logging_mixin.py:188} INFO - [2025-07-19T06:22:33.059+0000] {dag.py:3036} INFO - Sync 1 DAGs
[2025-07-19T06:22:33.073+0000] {logging_mixin.py:188} INFO - [2025-07-19T06:22:33.072+0000] {dag.py:3823} INFO - Setting next_dagrun for check_sklearn_version to None, run_after=None
[2025-07-19T06:22:33.094+0000] {processor.py:183} INFO - Processing /opt/airflow/dags/check_version.py took 0.091 seconds
[2025-07-19T06:23:03.385+0000] {processor.py:161} INFO - Started process (PID=1871) to work on /opt/airflow/dags/check_version.py
[2025-07-19T06:23:03.482+0000] {processor.py:830} INFO - Processing file /opt/airflow/dags/check_version.py for tasks to queue
[2025-07-19T06:23:03.483+0000] {logging_mixin.py:188} INFO - [2025-07-19T06:23:03.483+0000] {dagbag.py:538} INFO - Filling up the DagBag from /opt/airflow/dags/check_version.py
[2025-07-19T06:23:03.573+0000] {processor.py:840} INFO - DAG(s) 'check_sklearn_version' retrieved from /opt/airflow/dags/check_version.py
[2025-07-19T06:23:03.672+0000] {logging_mixin.py:188} INFO - [2025-07-19T06:23:03.672+0000] {dag.py:3036} INFO - Sync 1 DAGs
[2025-07-19T06:23:03.685+0000] {logging_mixin.py:188} INFO - [2025-07-19T06:23:03.685+0000] {dag.py:3823} INFO - Setting next_dagrun for check_sklearn_version to None, run_after=None
[2025-07-19T06:23:03.707+0000] {processor.py:183} INFO - Processing /opt/airflow/dags/check_version.py took 0.326 seconds
[2025-07-19T06:23:34.050+0000] {processor.py:161} INFO - Started process (PID=1891) to work on /opt/airflow/dags/check_version.py
[2025-07-19T06:23:34.051+0000] {processor.py:830} INFO - Processing file /opt/airflow/dags/check_version.py for tasks to queue
[2025-07-19T06:23:34.052+0000] {logging_mixin.py:188} INFO - [2025-07-19T06:23:34.052+0000] {dagbag.py:538} INFO - Filling up the DagBag from /opt/airflow/dags/check_version.py
[2025-07-19T06:23:34.063+0000] {processor.py:840} INFO - DAG(s) 'check_sklearn_version' retrieved from /opt/airflow/dags/check_version.py
[2025-07-19T06:23:34.090+0000] {logging_mixin.py:188} INFO - [2025-07-19T06:23:34.090+0000] {dag.py:3036} INFO - Sync 1 DAGs
[2025-07-19T06:23:34.102+0000] {logging_mixin.py:188} INFO - [2025-07-19T06:23:34.101+0000] {dag.py:3823} INFO - Setting next_dagrun for check_sklearn_version to None, run_after=None
[2025-07-19T06:23:34.124+0000] {processor.py:183} INFO - Processing /opt/airflow/dags/check_version.py took 0.078 seconds
[2025-07-19T06:24:05.004+0000] {processor.py:161} INFO - Started process (PID=1921) to work on /opt/airflow/dags/check_version.py
[2025-07-19T06:24:05.005+0000] {processor.py:830} INFO - Processing file /opt/airflow/dags/check_version.py for tasks to queue
[2025-07-19T06:24:05.006+0000] {logging_mixin.py:188} INFO - [2025-07-19T06:24:05.006+0000] {dagbag.py:538} INFO - Filling up the DagBag from /opt/airflow/dags/check_version.py
[2025-07-19T06:24:05.045+0000] {processor.py:840} INFO - DAG(s) 'check_sklearn_version' retrieved from /opt/airflow/dags/check_version.py
[2025-07-19T06:24:05.079+0000] {logging_mixin.py:188} INFO - [2025-07-19T06:24:05.079+0000] {dag.py:3036} INFO - Sync 1 DAGs
[2025-07-19T06:24:05.092+0000] {logging_mixin.py:188} INFO - [2025-07-19T06:24:05.092+0000] {dag.py:3823} INFO - Setting next_dagrun for check_sklearn_version to None, run_after=None
[2025-07-19T06:24:05.137+0000] {processor.py:183} INFO - Processing /opt/airflow/dags/check_version.py took 0.136 seconds
[2025-07-19T06:24:35.638+0000] {processor.py:161} INFO - Started process (PID=1960) to work on /opt/airflow/dags/check_version.py
[2025-07-19T06:24:35.639+0000] {processor.py:830} INFO - Processing file /opt/airflow/dags/check_version.py for tasks to queue
[2025-07-19T06:24:35.640+0000] {logging_mixin.py:188} INFO - [2025-07-19T06:24:35.640+0000] {dagbag.py:538} INFO - Filling up the DagBag from /opt/airflow/dags/check_version.py
[2025-07-19T06:24:35.760+0000] {processor.py:840} INFO - DAG(s) 'check_sklearn_version' retrieved from /opt/airflow/dags/check_version.py
[2025-07-19T06:24:35.799+0000] {logging_mixin.py:188} INFO - [2025-07-19T06:24:35.799+0000] {dag.py:3036} INFO - Sync 1 DAGs
[2025-07-19T06:24:35.816+0000] {logging_mixin.py:188} INFO - [2025-07-19T06:24:35.816+0000] {dag.py:3823} INFO - Setting next_dagrun for check_sklearn_version to None, run_after=None
[2025-07-19T06:24:35.851+0000] {processor.py:183} INFO - Processing /opt/airflow/dags/check_version.py took 0.415 seconds
[2025-07-19T06:25:06.162+0000] {processor.py:161} INFO - Started process (PID=1980) to work on /opt/airflow/dags/check_version.py
[2025-07-19T06:25:06.164+0000] {processor.py:830} INFO - Processing file /opt/airflow/dags/check_version.py for tasks to queue
[2025-07-19T06:25:06.165+0000] {logging_mixin.py:188} INFO - [2025-07-19T06:25:06.164+0000] {dagbag.py:538} INFO - Filling up the DagBag from /opt/airflow/dags/check_version.py
[2025-07-19T06:25:06.176+0000] {processor.py:840} INFO - DAG(s) 'check_sklearn_version' retrieved from /opt/airflow/dags/check_version.py
[2025-07-19T06:25:06.205+0000] {logging_mixin.py:188} INFO - [2025-07-19T06:25:06.205+0000] {dag.py:3036} INFO - Sync 1 DAGs
[2025-07-19T06:25:06.220+0000] {logging_mixin.py:188} INFO - [2025-07-19T06:25:06.220+0000] {dag.py:3823} INFO - Setting next_dagrun for check_sklearn_version to None, run_after=None
[2025-07-19T06:25:06.245+0000] {processor.py:183} INFO - Processing /opt/airflow/dags/check_version.py took 0.087 seconds
[2025-07-19T06:25:36.709+0000] {processor.py:161} INFO - Started process (PID=2000) to work on /opt/airflow/dags/check_version.py
[2025-07-19T06:25:36.709+0000] {processor.py:830} INFO - Processing file /opt/airflow/dags/check_version.py for tasks to queue
[2025-07-19T06:25:36.710+0000] {logging_mixin.py:188} INFO - [2025-07-19T06:25:36.710+0000] {dagbag.py:538} INFO - Filling up the DagBag from /opt/airflow/dags/check_version.py
[2025-07-19T06:25:36.721+0000] {processor.py:840} INFO - DAG(s) 'check_sklearn_version' retrieved from /opt/airflow/dags/check_version.py
[2025-07-19T06:25:36.745+0000] {logging_mixin.py:188} INFO - [2025-07-19T06:25:36.745+0000] {dag.py:3036} INFO - Sync 1 DAGs
[2025-07-19T06:25:36.758+0000] {logging_mixin.py:188} INFO - [2025-07-19T06:25:36.758+0000] {dag.py:3823} INFO - Setting next_dagrun for check_sklearn_version to None, run_after=None
[2025-07-19T06:25:36.780+0000] {processor.py:183} INFO - Processing /opt/airflow/dags/check_version.py took 0.074 seconds
[2025-07-19T06:26:07.214+0000] {processor.py:161} INFO - Started process (PID=2030) to work on /opt/airflow/dags/check_version.py
[2025-07-19T06:26:07.214+0000] {processor.py:830} INFO - Processing file /opt/airflow/dags/check_version.py for tasks to queue
[2025-07-19T06:26:07.215+0000] {logging_mixin.py:188} INFO - [2025-07-19T06:26:07.215+0000] {dagbag.py:538} INFO - Filling up the DagBag from /opt/airflow/dags/check_version.py
[2025-07-19T06:26:07.251+0000] {processor.py:840} INFO - DAG(s) 'check_sklearn_version' retrieved from /opt/airflow/dags/check_version.py
[2025-07-19T06:26:07.277+0000] {logging_mixin.py:188} INFO - [2025-07-19T06:26:07.277+0000] {dag.py:3036} INFO - Sync 1 DAGs
[2025-07-19T06:26:07.289+0000] {logging_mixin.py:188} INFO - [2025-07-19T06:26:07.289+0000] {dag.py:3823} INFO - Setting next_dagrun for check_sklearn_version to None, run_after=None
[2025-07-19T06:26:07.309+0000] {processor.py:183} INFO - Processing /opt/airflow/dags/check_version.py took 0.098 seconds
[2025-07-19T06:26:37.611+0000] {processor.py:161} INFO - Started process (PID=2050) to work on /opt/airflow/dags/check_version.py
[2025-07-19T06:26:37.612+0000] {processor.py:830} INFO - Processing file /opt/airflow/dags/check_version.py for tasks to queue
[2025-07-19T06:26:37.613+0000] {logging_mixin.py:188} INFO - [2025-07-19T06:26:37.612+0000] {dagbag.py:538} INFO - Filling up the DagBag from /opt/airflow/dags/check_version.py
[2025-07-19T06:26:37.630+0000] {processor.py:840} INFO - DAG(s) 'check_sklearn_version' retrieved from /opt/airflow/dags/check_version.py
[2025-07-19T06:26:37.664+0000] {logging_mixin.py:188} INFO - [2025-07-19T06:26:37.664+0000] {dag.py:3036} INFO - Sync 1 DAGs
[2025-07-19T06:26:37.678+0000] {logging_mixin.py:188} INFO - [2025-07-19T06:26:37.678+0000] {dag.py:3823} INFO - Setting next_dagrun for check_sklearn_version to None, run_after=None
[2025-07-19T06:26:37.703+0000] {processor.py:183} INFO - Processing /opt/airflow/dags/check_version.py took 0.096 seconds
[2025-07-19T06:27:08.219+0000] {processor.py:161} INFO - Started process (PID=2070) to work on /opt/airflow/dags/check_version.py
[2025-07-19T06:27:08.220+0000] {processor.py:830} INFO - Processing file /opt/airflow/dags/check_version.py for tasks to queue
[2025-07-19T06:27:08.221+0000] {logging_mixin.py:188} INFO - [2025-07-19T06:27:08.221+0000] {dagbag.py:538} INFO - Filling up the DagBag from /opt/airflow/dags/check_version.py
[2025-07-19T06:27:08.234+0000] {processor.py:840} INFO - DAG(s) 'check_sklearn_version' retrieved from /opt/airflow/dags/check_version.py
[2025-07-19T06:27:08.266+0000] {logging_mixin.py:188} INFO - [2025-07-19T06:27:08.266+0000] {dag.py:3036} INFO - Sync 1 DAGs
[2025-07-19T06:27:08.293+0000] {logging_mixin.py:188} INFO - [2025-07-19T06:27:08.292+0000] {dag.py:3823} INFO - Setting next_dagrun for check_sklearn_version to None, run_after=None
[2025-07-19T06:27:08.323+0000] {processor.py:183} INFO - Processing /opt/airflow/dags/check_version.py took 0.108 seconds
[2025-07-19T06:27:39.061+0000] {processor.py:161} INFO - Started process (PID=2100) to work on /opt/airflow/dags/check_version.py
[2025-07-19T06:27:39.062+0000] {processor.py:830} INFO - Processing file /opt/airflow/dags/check_version.py for tasks to queue
[2025-07-19T06:27:39.063+0000] {logging_mixin.py:188} INFO - [2025-07-19T06:27:39.063+0000] {dagbag.py:538} INFO - Filling up the DagBag from /opt/airflow/dags/check_version.py
[2025-07-19T06:27:39.075+0000] {processor.py:840} INFO - DAG(s) 'check_sklearn_version' retrieved from /opt/airflow/dags/check_version.py
[2025-07-19T06:27:39.135+0000] {logging_mixin.py:188} INFO - [2025-07-19T06:27:39.135+0000] {dag.py:3036} INFO - Sync 1 DAGs
[2025-07-19T06:27:39.148+0000] {logging_mixin.py:188} INFO - [2025-07-19T06:27:39.148+0000] {dag.py:3823} INFO - Setting next_dagrun for check_sklearn_version to None, run_after=None
[2025-07-19T06:27:39.175+0000] {processor.py:183} INFO - Processing /opt/airflow/dags/check_version.py took 0.116 seconds
[2025-07-19T06:28:09.612+0000] {processor.py:161} INFO - Started process (PID=2120) to work on /opt/airflow/dags/check_version.py
[2025-07-19T06:28:09.613+0000] {processor.py:830} INFO - Processing file /opt/airflow/dags/check_version.py for tasks to queue
[2025-07-19T06:28:09.614+0000] {logging_mixin.py:188} INFO - [2025-07-19T06:28:09.613+0000] {dagbag.py:538} INFO - Filling up the DagBag from /opt/airflow/dags/check_version.py
[2025-07-19T06:28:09.625+0000] {processor.py:840} INFO - DAG(s) 'check_sklearn_version' retrieved from /opt/airflow/dags/check_version.py
[2025-07-19T06:28:09.651+0000] {logging_mixin.py:188} INFO - [2025-07-19T06:28:09.651+0000] {dag.py:3036} INFO - Sync 1 DAGs
[2025-07-19T06:28:09.663+0000] {logging_mixin.py:188} INFO - [2025-07-19T06:28:09.663+0000] {dag.py:3823} INFO - Setting next_dagrun for check_sklearn_version to None, run_after=None
[2025-07-19T06:28:09.683+0000] {processor.py:183} INFO - Processing /opt/airflow/dags/check_version.py took 0.076 seconds
[2025-07-19T06:28:40.126+0000] {processor.py:161} INFO - Started process (PID=2156) to work on /opt/airflow/dags/check_version.py
[2025-07-19T06:28:40.127+0000] {processor.py:830} INFO - Processing file /opt/airflow/dags/check_version.py for tasks to queue
[2025-07-19T06:28:40.128+0000] {logging_mixin.py:188} INFO - [2025-07-19T06:28:40.127+0000] {dagbag.py:538} INFO - Filling up the DagBag from /opt/airflow/dags/check_version.py
[2025-07-19T06:28:40.434+0000] {processor.py:840} INFO - DAG(s) 'check_sklearn_version' retrieved from /opt/airflow/dags/check_version.py
[2025-07-19T06:28:40.475+0000] {logging_mixin.py:188} INFO - [2025-07-19T06:28:40.475+0000] {dag.py:3036} INFO - Sync 1 DAGs
[2025-07-19T06:28:40.489+0000] {logging_mixin.py:188} INFO - [2025-07-19T06:28:40.489+0000] {dag.py:3823} INFO - Setting next_dagrun for check_sklearn_version to None, run_after=None
[2025-07-19T06:28:40.516+0000] {processor.py:183} INFO - Processing /opt/airflow/dags/check_version.py took 0.394 seconds
[2025-07-19T06:29:11.024+0000] {processor.py:161} INFO - Started process (PID=2176) to work on /opt/airflow/dags/check_version.py
[2025-07-19T06:29:11.043+0000] {processor.py:830} INFO - Processing file /opt/airflow/dags/check_version.py for tasks to queue
[2025-07-19T06:29:11.045+0000] {logging_mixin.py:188} INFO - [2025-07-19T06:29:11.044+0000] {dagbag.py:538} INFO - Filling up the DagBag from /opt/airflow/dags/check_version.py
[2025-07-19T06:29:11.058+0000] {processor.py:840} INFO - DAG(s) 'check_sklearn_version' retrieved from /opt/airflow/dags/check_version.py
[2025-07-19T06:29:11.089+0000] {logging_mixin.py:188} INFO - [2025-07-19T06:29:11.088+0000] {dag.py:3036} INFO - Sync 1 DAGs
[2025-07-19T06:29:11.102+0000] {logging_mixin.py:188} INFO - [2025-07-19T06:29:11.101+0000] {dag.py:3823} INFO - Setting next_dagrun for check_sklearn_version to None, run_after=None
[2025-07-19T06:29:11.123+0000] {processor.py:183} INFO - Processing /opt/airflow/dags/check_version.py took 0.103 seconds
[2025-07-19T06:29:44.386+0000] {processor.py:161} INFO - Started process (PID=2209) to work on /opt/airflow/dags/check_version.py
[2025-07-19T06:29:44.387+0000] {processor.py:830} INFO - Processing file /opt/airflow/dags/check_version.py for tasks to queue
[2025-07-19T06:29:44.389+0000] {logging_mixin.py:188} INFO - [2025-07-19T06:29:44.388+0000] {dagbag.py:538} INFO - Filling up the DagBag from /opt/airflow/dags/check_version.py
[2025-07-19T06:29:44.403+0000] {processor.py:840} INFO - DAG(s) 'check_sklearn_version' retrieved from /opt/airflow/dags/check_version.py
[2025-07-19T06:29:44.428+0000] {logging_mixin.py:188} INFO - [2025-07-19T06:29:44.428+0000] {dag.py:3036} INFO - Sync 1 DAGs
[2025-07-19T06:29:44.439+0000] {logging_mixin.py:188} INFO - [2025-07-19T06:29:44.438+0000] {dag.py:3823} INFO - Setting next_dagrun for check_sklearn_version to None, run_after=None
[2025-07-19T06:29:44.519+0000] {processor.py:183} INFO - Processing /opt/airflow/dags/check_version.py took 0.137 seconds
[2025-07-19T06:30:16.506+0000] {processor.py:161} INFO - Started process (PID=2236) to work on /opt/airflow/dags/check_version.py
[2025-07-19T06:30:16.507+0000] {processor.py:830} INFO - Processing file /opt/airflow/dags/check_version.py for tasks to queue
[2025-07-19T06:30:16.508+0000] {logging_mixin.py:188} INFO - [2025-07-19T06:30:16.508+0000] {dagbag.py:538} INFO - Filling up the DagBag from /opt/airflow/dags/check_version.py
[2025-07-19T06:30:16.902+0000] {processor.py:840} INFO - DAG(s) 'check_sklearn_version' retrieved from /opt/airflow/dags/check_version.py
[2025-07-19T06:30:17.384+0000] {logging_mixin.py:188} INFO - [2025-07-19T06:30:17.384+0000] {dag.py:3036} INFO - Sync 1 DAGs
[2025-07-19T06:30:17.988+0000] {logging_mixin.py:188} INFO - [2025-07-19T06:30:17.987+0000] {dag.py:3823} INFO - Setting next_dagrun for check_sklearn_version to None, run_after=None
[2025-07-19T06:30:18.013+0000] {processor.py:183} INFO - Processing /opt/airflow/dags/check_version.py took 1.510 seconds
[2025-07-19T06:30:51.335+0000] {processor.py:161} INFO - Started process (PID=2263) to work on /opt/airflow/dags/check_version.py
[2025-07-19T06:30:51.336+0000] {processor.py:830} INFO - Processing file /opt/airflow/dags/check_version.py for tasks to queue
[2025-07-19T06:30:51.337+0000] {logging_mixin.py:188} INFO - [2025-07-19T06:30:51.337+0000] {dagbag.py:538} INFO - Filling up the DagBag from /opt/airflow/dags/check_version.py
[2025-07-19T06:30:51.384+0000] {processor.py:840} INFO - DAG(s) 'check_sklearn_version' retrieved from /opt/airflow/dags/check_version.py
[2025-07-19T06:30:54.385+0000] {logging_mixin.py:188} INFO - [2025-07-19T06:30:54.384+0000] {dag.py:3036} INFO - Sync 1 DAGs
[2025-07-19T06:30:54.396+0000] {logging_mixin.py:188} INFO - [2025-07-19T06:30:54.396+0000] {dag.py:3823} INFO - Setting next_dagrun for check_sklearn_version to None, run_after=None
[2025-07-19T06:30:54.453+0000] {processor.py:183} INFO - Processing /opt/airflow/dags/check_version.py took 3.122 seconds
[2025-07-19T06:31:24.778+0000] {processor.py:161} INFO - Started process (PID=2283) to work on /opt/airflow/dags/check_version.py
[2025-07-19T06:31:24.779+0000] {processor.py:830} INFO - Processing file /opt/airflow/dags/check_version.py for tasks to queue
[2025-07-19T06:31:24.780+0000] {logging_mixin.py:188} INFO - [2025-07-19T06:31:24.780+0000] {dagbag.py:538} INFO - Filling up the DagBag from /opt/airflow/dags/check_version.py
[2025-07-19T06:31:24.790+0000] {processor.py:840} INFO - DAG(s) 'check_sklearn_version' retrieved from /opt/airflow/dags/check_version.py
[2025-07-19T06:31:24.928+0000] {logging_mixin.py:188} INFO - [2025-07-19T06:31:24.928+0000] {dag.py:3036} INFO - Sync 1 DAGs
[2025-07-19T06:31:24.940+0000] {logging_mixin.py:188} INFO - [2025-07-19T06:31:24.940+0000] {dag.py:3823} INFO - Setting next_dagrun for check_sklearn_version to None, run_after=None
[2025-07-19T06:31:24.966+0000] {processor.py:183} INFO - Processing /opt/airflow/dags/check_version.py took 0.191 seconds
[2025-07-19T06:31:55.714+0000] {processor.py:161} INFO - Started process (PID=2313) to work on /opt/airflow/dags/check_version.py
[2025-07-19T06:31:55.715+0000] {processor.py:830} INFO - Processing file /opt/airflow/dags/check_version.py for tasks to queue
[2025-07-19T06:31:55.716+0000] {logging_mixin.py:188} INFO - [2025-07-19T06:31:55.716+0000] {dagbag.py:538} INFO - Filling up the DagBag from /opt/airflow/dags/check_version.py
[2025-07-19T06:31:55.835+0000] {processor.py:840} INFO - DAG(s) 'check_sklearn_version' retrieved from /opt/airflow/dags/check_version.py
[2025-07-19T06:31:55.869+0000] {logging_mixin.py:188} INFO - [2025-07-19T06:31:55.869+0000] {dag.py:3036} INFO - Sync 1 DAGs
[2025-07-19T06:31:55.887+0000] {logging_mixin.py:188} INFO - [2025-07-19T06:31:55.886+0000] {dag.py:3823} INFO - Setting next_dagrun for check_sklearn_version to None, run_after=None
[2025-07-19T06:31:55.914+0000] {processor.py:183} INFO - Processing /opt/airflow/dags/check_version.py took 0.203 seconds
[2025-07-19T06:32:26.679+0000] {processor.py:161} INFO - Started process (PID=2343) to work on /opt/airflow/dags/check_version.py
[2025-07-19T06:32:26.680+0000] {processor.py:830} INFO - Processing file /opt/airflow/dags/check_version.py for tasks to queue
[2025-07-19T06:32:26.681+0000] {logging_mixin.py:188} INFO - [2025-07-19T06:32:26.680+0000] {dagbag.py:538} INFO - Filling up the DagBag from /opt/airflow/dags/check_version.py
[2025-07-19T06:32:26.723+0000] {processor.py:840} INFO - DAG(s) 'check_sklearn_version' retrieved from /opt/airflow/dags/check_version.py
[2025-07-19T06:32:26.751+0000] {logging_mixin.py:188} INFO - [2025-07-19T06:32:26.751+0000] {dag.py:3036} INFO - Sync 1 DAGs
[2025-07-19T06:32:26.767+0000] {logging_mixin.py:188} INFO - [2025-07-19T06:32:26.767+0000] {dag.py:3823} INFO - Setting next_dagrun for check_sklearn_version to None, run_after=None
[2025-07-19T06:32:26.787+0000] {processor.py:183} INFO - Processing /opt/airflow/dags/check_version.py took 0.112 seconds
[2025-07-19T06:32:57.369+0000] {processor.py:161} INFO - Started process (PID=2363) to work on /opt/airflow/dags/check_version.py
[2025-07-19T06:32:57.371+0000] {processor.py:830} INFO - Processing file /opt/airflow/dags/check_version.py for tasks to queue
[2025-07-19T06:32:57.372+0000] {logging_mixin.py:188} INFO - [2025-07-19T06:32:57.371+0000] {dagbag.py:538} INFO - Filling up the DagBag from /opt/airflow/dags/check_version.py
[2025-07-19T06:32:57.385+0000] {processor.py:840} INFO - DAG(s) 'check_sklearn_version' retrieved from /opt/airflow/dags/check_version.py
[2025-07-19T06:32:57.417+0000] {logging_mixin.py:188} INFO - [2025-07-19T06:32:57.417+0000] {dag.py:3036} INFO - Sync 1 DAGs
[2025-07-19T06:32:57.431+0000] {logging_mixin.py:188} INFO - [2025-07-19T06:32:57.431+0000] {dag.py:3823} INFO - Setting next_dagrun for check_sklearn_version to None, run_after=None
[2025-07-19T06:32:57.453+0000] {processor.py:183} INFO - Processing /opt/airflow/dags/check_version.py took 0.087 seconds
[2025-07-19T06:33:27.883+0000] {processor.py:161} INFO - Started process (PID=2387) to work on /opt/airflow/dags/check_version.py
[2025-07-19T06:33:27.884+0000] {processor.py:830} INFO - Processing file /opt/airflow/dags/check_version.py for tasks to queue
[2025-07-19T06:33:27.885+0000] {logging_mixin.py:188} INFO - [2025-07-19T06:33:27.884+0000] {dagbag.py:538} INFO - Filling up the DagBag from /opt/airflow/dags/check_version.py
[2025-07-19T06:33:27.922+0000] {processor.py:840} INFO - DAG(s) 'check_sklearn_version' retrieved from /opt/airflow/dags/check_version.py
[2025-07-19T06:33:27.947+0000] {logging_mixin.py:188} INFO - [2025-07-19T06:33:27.946+0000] {dag.py:3036} INFO - Sync 1 DAGs
[2025-07-19T06:33:27.958+0000] {logging_mixin.py:188} INFO - [2025-07-19T06:33:27.958+0000] {dag.py:3823} INFO - Setting next_dagrun for check_sklearn_version to None, run_after=None
[2025-07-19T06:33:27.978+0000] {processor.py:183} INFO - Processing /opt/airflow/dags/check_version.py took 0.099 seconds
[2025-07-19T06:33:58.293+0000] {processor.py:161} INFO - Started process (PID=2412) to work on /opt/airflow/dags/check_version.py
[2025-07-19T06:33:58.295+0000] {processor.py:830} INFO - Processing file /opt/airflow/dags/check_version.py for tasks to queue
[2025-07-19T06:33:58.296+0000] {logging_mixin.py:188} INFO - [2025-07-19T06:33:58.296+0000] {dagbag.py:538} INFO - Filling up the DagBag from /opt/airflow/dags/check_version.py
[2025-07-19T06:33:58.307+0000] {processor.py:840} INFO - DAG(s) 'check_sklearn_version' retrieved from /opt/airflow/dags/check_version.py
[2025-07-19T06:33:58.337+0000] {logging_mixin.py:188} INFO - [2025-07-19T06:33:58.336+0000] {dag.py:3036} INFO - Sync 1 DAGs
[2025-07-19T06:33:58.351+0000] {logging_mixin.py:188} INFO - [2025-07-19T06:33:58.351+0000] {dag.py:3823} INFO - Setting next_dagrun for check_sklearn_version to None, run_after=None
[2025-07-19T06:33:58.377+0000] {processor.py:183} INFO - Processing /opt/airflow/dags/check_version.py took 0.087 seconds
[2025-07-19T06:34:28.798+0000] {processor.py:161} INFO - Started process (PID=2443) to work on /opt/airflow/dags/check_version.py
[2025-07-19T06:34:28.799+0000] {processor.py:830} INFO - Processing file /opt/airflow/dags/check_version.py for tasks to queue
[2025-07-19T06:34:28.800+0000] {logging_mixin.py:188} INFO - [2025-07-19T06:34:28.800+0000] {dagbag.py:538} INFO - Filling up the DagBag from /opt/airflow/dags/check_version.py
[2025-07-19T06:34:28.851+0000] {processor.py:840} INFO - DAG(s) 'check_sklearn_version' retrieved from /opt/airflow/dags/check_version.py
[2025-07-19T06:34:28.878+0000] {logging_mixin.py:188} INFO - [2025-07-19T06:34:28.878+0000] {dag.py:3036} INFO - Sync 1 DAGs
[2025-07-19T06:34:28.891+0000] {logging_mixin.py:188} INFO - [2025-07-19T06:34:28.890+0000] {dag.py:3823} INFO - Setting next_dagrun for check_sklearn_version to None, run_after=None
[2025-07-19T06:34:28.914+0000] {processor.py:183} INFO - Processing /opt/airflow/dags/check_version.py took 0.120 seconds
[2025-07-19T06:34:59.287+0000] {processor.py:161} INFO - Started process (PID=2463) to work on /opt/airflow/dags/check_version.py
[2025-07-19T06:34:59.288+0000] {processor.py:830} INFO - Processing file /opt/airflow/dags/check_version.py for tasks to queue
[2025-07-19T06:34:59.289+0000] {logging_mixin.py:188} INFO - [2025-07-19T06:34:59.289+0000] {dagbag.py:538} INFO - Filling up the DagBag from /opt/airflow/dags/check_version.py
[2025-07-19T06:34:59.301+0000] {processor.py:840} INFO - DAG(s) 'check_sklearn_version' retrieved from /opt/airflow/dags/check_version.py
[2025-07-19T06:34:59.333+0000] {logging_mixin.py:188} INFO - [2025-07-19T06:34:59.333+0000] {dag.py:3036} INFO - Sync 1 DAGs
[2025-07-19T06:34:59.360+0000] {logging_mixin.py:188} INFO - [2025-07-19T06:34:59.360+0000] {dag.py:3823} INFO - Setting next_dagrun for check_sklearn_version to None, run_after=None
[2025-07-19T06:34:59.387+0000] {processor.py:183} INFO - Processing /opt/airflow/dags/check_version.py took 0.103 seconds
[2025-07-19T06:35:30.003+0000] {processor.py:161} INFO - Started process (PID=2483) to work on /opt/airflow/dags/check_version.py
[2025-07-19T06:35:30.004+0000] {processor.py:830} INFO - Processing file /opt/airflow/dags/check_version.py for tasks to queue
[2025-07-19T06:35:30.005+0000] {logging_mixin.py:188} INFO - [2025-07-19T06:35:30.005+0000] {dagbag.py:538} INFO - Filling up the DagBag from /opt/airflow/dags/check_version.py
[2025-07-19T06:35:30.017+0000] {processor.py:840} INFO - DAG(s) 'check_sklearn_version' retrieved from /opt/airflow/dags/check_version.py
[2025-07-19T06:35:30.049+0000] {logging_mixin.py:188} INFO - [2025-07-19T06:35:30.049+0000] {dag.py:3036} INFO - Sync 1 DAGs
[2025-07-19T06:35:30.063+0000] {logging_mixin.py:188} INFO - [2025-07-19T06:35:30.062+0000] {dag.py:3823} INFO - Setting next_dagrun for check_sklearn_version to None, run_after=None
[2025-07-19T06:35:30.088+0000] {processor.py:183} INFO - Processing /opt/airflow/dags/check_version.py took 0.104 seconds
[2025-07-19T06:36:00.370+0000] {processor.py:161} INFO - Started process (PID=2507) to work on /opt/airflow/dags/check_version.py
[2025-07-19T06:36:00.371+0000] {processor.py:830} INFO - Processing file /opt/airflow/dags/check_version.py for tasks to queue
[2025-07-19T06:36:00.373+0000] {logging_mixin.py:188} INFO - [2025-07-19T06:36:00.372+0000] {dagbag.py:538} INFO - Filling up the DagBag from /opt/airflow/dags/check_version.py
[2025-07-19T06:36:00.384+0000] {processor.py:840} INFO - DAG(s) 'check_sklearn_version' retrieved from /opt/airflow/dags/check_version.py
[2025-07-19T06:36:00.410+0000] {logging_mixin.py:188} INFO - [2025-07-19T06:36:00.410+0000] {dag.py:3036} INFO - Sync 1 DAGs
[2025-07-19T06:36:00.425+0000] {logging_mixin.py:188} INFO - [2025-07-19T06:36:00.425+0000] {dag.py:3823} INFO - Setting next_dagrun for check_sklearn_version to None, run_after=None
[2025-07-19T06:36:00.446+0000] {processor.py:183} INFO - Processing /opt/airflow/dags/check_version.py took 0.079 seconds
[2025-07-19T06:36:30.902+0000] {processor.py:161} INFO - Started process (PID=2527) to work on /opt/airflow/dags/check_version.py
[2025-07-19T06:36:30.903+0000] {processor.py:830} INFO - Processing file /opt/airflow/dags/check_version.py for tasks to queue
[2025-07-19T06:36:30.904+0000] {logging_mixin.py:188} INFO - [2025-07-19T06:36:30.904+0000] {dagbag.py:538} INFO - Filling up the DagBag from /opt/airflow/dags/check_version.py
[2025-07-19T06:36:30.915+0000] {processor.py:840} INFO - DAG(s) 'check_sklearn_version' retrieved from /opt/airflow/dags/check_version.py
[2025-07-19T06:36:30.940+0000] {logging_mixin.py:188} INFO - [2025-07-19T06:36:30.939+0000] {dag.py:3036} INFO - Sync 1 DAGs
[2025-07-19T06:36:30.951+0000] {logging_mixin.py:188} INFO - [2025-07-19T06:36:30.951+0000] {dag.py:3823} INFO - Setting next_dagrun for check_sklearn_version to None, run_after=None
[2025-07-19T06:36:30.972+0000] {processor.py:183} INFO - Processing /opt/airflow/dags/check_version.py took 0.073 seconds
[2025-07-19T06:37:01.318+0000] {processor.py:161} INFO - Started process (PID=2557) to work on /opt/airflow/dags/check_version.py
[2025-07-19T06:37:01.319+0000] {processor.py:830} INFO - Processing file /opt/airflow/dags/check_version.py for tasks to queue
[2025-07-19T06:37:01.320+0000] {logging_mixin.py:188} INFO - [2025-07-19T06:37:01.320+0000] {dagbag.py:538} INFO - Filling up the DagBag from /opt/airflow/dags/check_version.py
[2025-07-19T06:37:01.331+0000] {processor.py:840} INFO - DAG(s) 'check_sklearn_version' retrieved from /opt/airflow/dags/check_version.py
[2025-07-19T06:37:01.359+0000] {logging_mixin.py:188} INFO - [2025-07-19T06:37:01.358+0000] {dag.py:3036} INFO - Sync 1 DAGs
[2025-07-19T06:37:01.370+0000] {logging_mixin.py:188} INFO - [2025-07-19T06:37:01.370+0000] {dag.py:3823} INFO - Setting next_dagrun for check_sklearn_version to None, run_after=None
[2025-07-19T06:37:01.391+0000] {processor.py:183} INFO - Processing /opt/airflow/dags/check_version.py took 0.076 seconds
[2025-07-19T06:37:32.184+0000] {processor.py:161} INFO - Started process (PID=2577) to work on /opt/airflow/dags/check_version.py
[2025-07-19T06:37:32.185+0000] {processor.py:830} INFO - Processing file /opt/airflow/dags/check_version.py for tasks to queue
[2025-07-19T06:37:32.186+0000] {logging_mixin.py:188} INFO - [2025-07-19T06:37:32.186+0000] {dagbag.py:538} INFO - Filling up the DagBag from /opt/airflow/dags/check_version.py
[2025-07-19T06:37:32.199+0000] {processor.py:840} INFO - DAG(s) 'check_sklearn_version' retrieved from /opt/airflow/dags/check_version.py
[2025-07-19T06:37:32.225+0000] {logging_mixin.py:188} INFO - [2025-07-19T06:37:32.225+0000] {dag.py:3036} INFO - Sync 1 DAGs
[2025-07-19T06:37:32.237+0000] {logging_mixin.py:188} INFO - [2025-07-19T06:37:32.236+0000] {dag.py:3823} INFO - Setting next_dagrun for check_sklearn_version to None, run_after=None
[2025-07-19T06:37:32.259+0000] {processor.py:183} INFO - Processing /opt/airflow/dags/check_version.py took 0.078 seconds
[2025-07-19T06:38:02.647+0000] {processor.py:161} INFO - Started process (PID=2597) to work on /opt/airflow/dags/check_version.py
[2025-07-19T06:38:02.648+0000] {processor.py:830} INFO - Processing file /opt/airflow/dags/check_version.py for tasks to queue
[2025-07-19T06:38:02.649+0000] {logging_mixin.py:188} INFO - [2025-07-19T06:38:02.649+0000] {dagbag.py:538} INFO - Filling up the DagBag from /opt/airflow/dags/check_version.py
[2025-07-19T06:38:02.659+0000] {processor.py:840} INFO - DAG(s) 'check_sklearn_version' retrieved from /opt/airflow/dags/check_version.py
[2025-07-19T06:38:02.683+0000] {logging_mixin.py:188} INFO - [2025-07-19T06:38:02.683+0000] {dag.py:3036} INFO - Sync 1 DAGs
[2025-07-19T06:38:02.694+0000] {logging_mixin.py:188} INFO - [2025-07-19T06:38:02.694+0000] {dag.py:3823} INFO - Setting next_dagrun for check_sklearn_version to None, run_after=None
[2025-07-19T06:38:02.723+0000] {processor.py:183} INFO - Processing /opt/airflow/dags/check_version.py took 0.079 seconds
[2025-07-19T06:38:32.998+0000] {processor.py:161} INFO - Started process (PID=2617) to work on /opt/airflow/dags/check_version.py
[2025-07-19T06:38:32.999+0000] {processor.py:830} INFO - Processing file /opt/airflow/dags/check_version.py for tasks to queue
[2025-07-19T06:38:33.000+0000] {logging_mixin.py:188} INFO - [2025-07-19T06:38:33.000+0000] {dagbag.py:538} INFO - Filling up the DagBag from /opt/airflow/dags/check_version.py
[2025-07-19T06:38:33.013+0000] {processor.py:840} INFO - DAG(s) 'check_sklearn_version' retrieved from /opt/airflow/dags/check_version.py
[2025-07-19T06:38:33.041+0000] {logging_mixin.py:188} INFO - [2025-07-19T06:38:33.040+0000] {dag.py:3036} INFO - Sync 1 DAGs
[2025-07-19T06:38:33.052+0000] {logging_mixin.py:188} INFO - [2025-07-19T06:38:33.052+0000] {dag.py:3823} INFO - Setting next_dagrun for check_sklearn_version to None, run_after=None
[2025-07-19T06:38:33.076+0000] {processor.py:183} INFO - Processing /opt/airflow/dags/check_version.py took 0.082 seconds
[2025-07-19T06:39:03.487+0000] {processor.py:161} INFO - Started process (PID=2650) to work on /opt/airflow/dags/check_version.py
[2025-07-19T06:39:03.489+0000] {processor.py:830} INFO - Processing file /opt/airflow/dags/check_version.py for tasks to queue
[2025-07-19T06:39:03.491+0000] {logging_mixin.py:188} INFO - [2025-07-19T06:39:03.490+0000] {dagbag.py:538} INFO - Filling up the DagBag from /opt/airflow/dags/check_version.py
[2025-07-19T06:39:03.509+0000] {processor.py:840} INFO - DAG(s) 'check_sklearn_version' retrieved from /opt/airflow/dags/check_version.py
[2025-07-19T06:39:03.604+0000] {logging_mixin.py:188} INFO - [2025-07-19T06:39:03.604+0000] {dag.py:3036} INFO - Sync 1 DAGs
[2025-07-19T06:39:03.621+0000] {logging_mixin.py:188} INFO - [2025-07-19T06:39:03.621+0000] {dag.py:3823} INFO - Setting next_dagrun for check_sklearn_version to None, run_after=None
[2025-07-19T06:39:03.648+0000] {processor.py:183} INFO - Processing /opt/airflow/dags/check_version.py took 0.168 seconds
[2025-07-19T06:39:33.989+0000] {processor.py:161} INFO - Started process (PID=2677) to work on /opt/airflow/dags/check_version.py
[2025-07-19T06:39:33.990+0000] {processor.py:830} INFO - Processing file /opt/airflow/dags/check_version.py for tasks to queue
[2025-07-19T06:39:33.992+0000] {logging_mixin.py:188} INFO - [2025-07-19T06:39:33.991+0000] {dagbag.py:538} INFO - Filling up the DagBag from /opt/airflow/dags/check_version.py
[2025-07-19T06:39:34.084+0000] {processor.py:840} INFO - DAG(s) 'check_sklearn_version' retrieved from /opt/airflow/dags/check_version.py
[2025-07-19T06:39:34.111+0000] {logging_mixin.py:188} INFO - [2025-07-19T06:39:34.111+0000] {dag.py:3036} INFO - Sync 1 DAGs
[2025-07-19T06:39:34.123+0000] {logging_mixin.py:188} INFO - [2025-07-19T06:39:34.122+0000] {dag.py:3823} INFO - Setting next_dagrun for check_sklearn_version to None, run_after=None
[2025-07-19T06:39:34.144+0000] {processor.py:183} INFO - Processing /opt/airflow/dags/check_version.py took 0.158 seconds
[2025-07-19T06:40:04.529+0000] {processor.py:161} INFO - Started process (PID=2697) to work on /opt/airflow/dags/check_version.py
[2025-07-19T06:40:04.530+0000] {processor.py:830} INFO - Processing file /opt/airflow/dags/check_version.py for tasks to queue
[2025-07-19T06:40:04.531+0000] {logging_mixin.py:188} INFO - [2025-07-19T06:40:04.531+0000] {dagbag.py:538} INFO - Filling up the DagBag from /opt/airflow/dags/check_version.py
[2025-07-19T06:40:04.566+0000] {processor.py:840} INFO - DAG(s) 'check_sklearn_version' retrieved from /opt/airflow/dags/check_version.py
[2025-07-19T06:40:04.620+0000] {logging_mixin.py:188} INFO - [2025-07-19T06:40:04.620+0000] {dag.py:3036} INFO - Sync 1 DAGs
[2025-07-19T06:40:04.631+0000] {logging_mixin.py:188} INFO - [2025-07-19T06:40:04.631+0000] {dag.py:3823} INFO - Setting next_dagrun for check_sklearn_version to None, run_after=None
[2025-07-19T06:40:04.725+0000] {processor.py:183} INFO - Processing /opt/airflow/dags/check_version.py took 0.200 seconds
[2025-07-19T06:40:35.068+0000] {processor.py:161} INFO - Started process (PID=2717) to work on /opt/airflow/dags/check_version.py
[2025-07-19T06:40:35.070+0000] {processor.py:830} INFO - Processing file /opt/airflow/dags/check_version.py for tasks to queue
[2025-07-19T06:40:35.071+0000] {logging_mixin.py:188} INFO - [2025-07-19T06:40:35.071+0000] {dagbag.py:538} INFO - Filling up the DagBag from /opt/airflow/dags/check_version.py
[2025-07-19T06:40:35.087+0000] {processor.py:840} INFO - DAG(s) 'check_sklearn_version' retrieved from /opt/airflow/dags/check_version.py
[2025-07-19T06:40:35.125+0000] {logging_mixin.py:188} INFO - [2025-07-19T06:40:35.124+0000] {dag.py:3036} INFO - Sync 1 DAGs
[2025-07-19T06:40:35.138+0000] {logging_mixin.py:188} INFO - [2025-07-19T06:40:35.137+0000] {dag.py:3823} INFO - Setting next_dagrun for check_sklearn_version to None, run_after=None
[2025-07-19T06:40:35.163+0000] {processor.py:183} INFO - Processing /opt/airflow/dags/check_version.py took 0.099 seconds
[2025-07-19T06:41:05.611+0000] {processor.py:161} INFO - Started process (PID=2732) to work on /opt/airflow/dags/check_version.py
[2025-07-19T06:41:05.624+0000] {processor.py:830} INFO - Processing file /opt/airflow/dags/check_version.py for tasks to queue
[2025-07-19T06:41:05.625+0000] {logging_mixin.py:188} INFO - [2025-07-19T06:41:05.624+0000] {dagbag.py:538} INFO - Filling up the DagBag from /opt/airflow/dags/check_version.py
[2025-07-19T06:41:05.785+0000] {processor.py:840} INFO - DAG(s) 'check_sklearn_version' retrieved from /opt/airflow/dags/check_version.py
[2025-07-19T06:41:05.817+0000] {logging_mixin.py:188} INFO - [2025-07-19T06:41:05.816+0000] {dag.py:3036} INFO - Sync 1 DAGs
[2025-07-19T06:41:05.835+0000] {logging_mixin.py:188} INFO - [2025-07-19T06:41:05.834+0000] {dag.py:3823} INFO - Setting next_dagrun for check_sklearn_version to None, run_after=None
[2025-07-19T06:41:05.860+0000] {processor.py:183} INFO - Processing /opt/airflow/dags/check_version.py took 0.253 seconds
[2025-07-19T06:41:36.908+0000] {processor.py:161} INFO - Started process (PID=2747) to work on /opt/airflow/dags/check_version.py
[2025-07-19T06:41:36.909+0000] {processor.py:830} INFO - Processing file /opt/airflow/dags/check_version.py for tasks to queue
[2025-07-19T06:41:36.910+0000] {logging_mixin.py:188} INFO - [2025-07-19T06:41:36.910+0000] {dagbag.py:538} INFO - Filling up the DagBag from /opt/airflow/dags/check_version.py
[2025-07-19T06:41:36.924+0000] {processor.py:840} INFO - DAG(s) 'check_sklearn_version' retrieved from /opt/airflow/dags/check_version.py
[2025-07-19T06:41:37.058+0000] {logging_mixin.py:188} INFO - [2025-07-19T06:41:37.058+0000] {dag.py:3036} INFO - Sync 1 DAGs
[2025-07-19T06:41:37.118+0000] {logging_mixin.py:188} INFO - [2025-07-19T06:41:37.118+0000] {dag.py:3823} INFO - Setting next_dagrun for check_sklearn_version to None, run_after=None
[2025-07-19T06:41:37.139+0000] {processor.py:183} INFO - Processing /opt/airflow/dags/check_version.py took 0.235 seconds
[2025-07-19T06:42:07.744+0000] {processor.py:161} INFO - Started process (PID=2760) to work on /opt/airflow/dags/check_version.py
[2025-07-19T06:42:07.745+0000] {processor.py:830} INFO - Processing file /opt/airflow/dags/check_version.py for tasks to queue
[2025-07-19T06:42:07.746+0000] {logging_mixin.py:188} INFO - [2025-07-19T06:42:07.746+0000] {dagbag.py:538} INFO - Filling up the DagBag from /opt/airflow/dags/check_version.py
[2025-07-19T06:42:07.998+0000] {processor.py:840} INFO - DAG(s) 'check_sklearn_version' retrieved from /opt/airflow/dags/check_version.py
[2025-07-19T06:42:08.027+0000] {logging_mixin.py:188} INFO - [2025-07-19T06:42:08.026+0000] {dag.py:3036} INFO - Sync 1 DAGs
[2025-07-19T06:42:08.077+0000] {logging_mixin.py:188} INFO - [2025-07-19T06:42:08.076+0000] {dag.py:3823} INFO - Setting next_dagrun for check_sklearn_version to None, run_after=None
[2025-07-19T06:42:08.247+0000] {processor.py:183} INFO - Processing /opt/airflow/dags/check_version.py took 0.508 seconds
[2025-07-19T06:42:38.959+0000] {processor.py:161} INFO - Started process (PID=2775) to work on /opt/airflow/dags/check_version.py
[2025-07-19T06:42:38.960+0000] {processor.py:830} INFO - Processing file /opt/airflow/dags/check_version.py for tasks to queue
[2025-07-19T06:42:38.961+0000] {logging_mixin.py:188} INFO - [2025-07-19T06:42:38.961+0000] {dagbag.py:538} INFO - Filling up the DagBag from /opt/airflow/dags/check_version.py
[2025-07-19T06:42:39.072+0000] {processor.py:840} INFO - DAG(s) 'check_sklearn_version' retrieved from /opt/airflow/dags/check_version.py
[2025-07-19T06:42:39.118+0000] {logging_mixin.py:188} INFO - [2025-07-19T06:42:39.118+0000] {dag.py:3036} INFO - Sync 1 DAGs
[2025-07-19T06:42:39.130+0000] {logging_mixin.py:188} INFO - [2025-07-19T06:42:39.129+0000] {dag.py:3823} INFO - Setting next_dagrun for check_sklearn_version to None, run_after=None
[2025-07-19T06:42:39.189+0000] {processor.py:183} INFO - Processing /opt/airflow/dags/check_version.py took 0.234 seconds
[2025-07-19T06:43:09.783+0000] {processor.py:161} INFO - Started process (PID=2790) to work on /opt/airflow/dags/check_version.py
[2025-07-19T06:43:09.827+0000] {processor.py:830} INFO - Processing file /opt/airflow/dags/check_version.py for tasks to queue
[2025-07-19T06:43:09.912+0000] {logging_mixin.py:188} INFO - [2025-07-19T06:43:09.911+0000] {dagbag.py:538} INFO - Filling up the DagBag from /opt/airflow/dags/check_version.py
[2025-07-19T06:43:10.100+0000] {processor.py:840} INFO - DAG(s) 'check_sklearn_version' retrieved from /opt/airflow/dags/check_version.py
[2025-07-19T06:43:10.229+0000] {logging_mixin.py:188} INFO - [2025-07-19T06:43:10.228+0000] {dag.py:3036} INFO - Sync 1 DAGs
[2025-07-19T06:43:10.243+0000] {logging_mixin.py:188} INFO - [2025-07-19T06:43:10.242+0000] {dag.py:3823} INFO - Setting next_dagrun for check_sklearn_version to None, run_after=None
[2025-07-19T06:43:10.265+0000] {processor.py:183} INFO - Processing /opt/airflow/dags/check_version.py took 0.486 seconds
[2025-07-19T06:43:40.569+0000] {processor.py:161} INFO - Started process (PID=2805) to work on /opt/airflow/dags/check_version.py
[2025-07-19T06:43:40.607+0000] {processor.py:830} INFO - Processing file /opt/airflow/dags/check_version.py for tasks to queue
[2025-07-19T06:43:40.608+0000] {logging_mixin.py:188} INFO - [2025-07-19T06:43:40.608+0000] {dagbag.py:538} INFO - Filling up the DagBag from /opt/airflow/dags/check_version.py
[2025-07-19T06:43:41.218+0000] {processor.py:840} INFO - DAG(s) 'check_sklearn_version' retrieved from /opt/airflow/dags/check_version.py
[2025-07-19T06:43:41.329+0000] {logging_mixin.py:188} INFO - [2025-07-19T06:43:41.329+0000] {dag.py:3036} INFO - Sync 1 DAGs
[2025-07-19T06:43:41.354+0000] {logging_mixin.py:188} INFO - [2025-07-19T06:43:41.354+0000] {dag.py:3823} INFO - Setting next_dagrun for check_sklearn_version to None, run_after=None
[2025-07-19T06:43:41.391+0000] {processor.py:183} INFO - Processing /opt/airflow/dags/check_version.py took 0.829 seconds
[2025-07-19T06:44:11.830+0000] {processor.py:161} INFO - Started process (PID=2820) to work on /opt/airflow/dags/check_version.py
[2025-07-19T06:44:11.951+0000] {processor.py:830} INFO - Processing file /opt/airflow/dags/check_version.py for tasks to queue
[2025-07-19T06:44:11.952+0000] {logging_mixin.py:188} INFO - [2025-07-19T06:44:11.952+0000] {dagbag.py:538} INFO - Filling up the DagBag from /opt/airflow/dags/check_version.py
[2025-07-19T06:44:12.361+0000] {processor.py:840} INFO - DAG(s) 'check_sklearn_version' retrieved from /opt/airflow/dags/check_version.py
[2025-07-19T06:44:12.467+0000] {logging_mixin.py:188} INFO - [2025-07-19T06:44:12.467+0000] {dag.py:3036} INFO - Sync 1 DAGs
[2025-07-19T06:44:12.479+0000] {logging_mixin.py:188} INFO - [2025-07-19T06:44:12.479+0000] {dag.py:3823} INFO - Setting next_dagrun for check_sklearn_version to None, run_after=None
[2025-07-19T06:44:12.499+0000] {processor.py:183} INFO - Processing /opt/airflow/dags/check_version.py took 0.672 seconds
[2025-07-19T06:44:43.731+0000] {processor.py:161} INFO - Started process (PID=2838) to work on /opt/airflow/dags/check_version.py
[2025-07-19T06:44:43.732+0000] {processor.py:830} INFO - Processing file /opt/airflow/dags/check_version.py for tasks to queue
[2025-07-19T06:44:43.733+0000] {logging_mixin.py:188} INFO - [2025-07-19T06:44:43.732+0000] {dagbag.py:538} INFO - Filling up the DagBag from /opt/airflow/dags/check_version.py
[2025-07-19T06:44:43.843+0000] {processor.py:840} INFO - DAG(s) 'check_sklearn_version' retrieved from /opt/airflow/dags/check_version.py
[2025-07-19T06:44:43.932+0000] {logging_mixin.py:188} INFO - [2025-07-19T06:44:43.931+0000] {dag.py:3036} INFO - Sync 1 DAGs
[2025-07-19T06:44:43.942+0000] {logging_mixin.py:188} INFO - [2025-07-19T06:44:43.942+0000] {dag.py:3823} INFO - Setting next_dagrun for check_sklearn_version to None, run_after=None
[2025-07-19T06:44:43.965+0000] {processor.py:183} INFO - Processing /opt/airflow/dags/check_version.py took 0.237 seconds
[2025-07-19T06:45:14.484+0000] {processor.py:161} INFO - Started process (PID=2860) to work on /opt/airflow/dags/check_version.py
[2025-07-19T06:45:14.485+0000] {processor.py:830} INFO - Processing file /opt/airflow/dags/check_version.py for tasks to queue
[2025-07-19T06:45:14.486+0000] {logging_mixin.py:188} INFO - [2025-07-19T06:45:14.486+0000] {dagbag.py:538} INFO - Filling up the DagBag from /opt/airflow/dags/check_version.py
[2025-07-19T06:45:14.529+0000] {processor.py:840} INFO - DAG(s) 'check_sklearn_version' retrieved from /opt/airflow/dags/check_version.py
[2025-07-19T06:45:14.592+0000] {logging_mixin.py:188} INFO - [2025-07-19T06:45:14.591+0000] {dag.py:3036} INFO - Sync 1 DAGs
[2025-07-19T06:45:14.621+0000] {logging_mixin.py:188} INFO - [2025-07-19T06:45:14.621+0000] {dag.py:3823} INFO - Setting next_dagrun for check_sklearn_version to None, run_after=None
[2025-07-19T06:45:14.640+0000] {processor.py:183} INFO - Processing /opt/airflow/dags/check_version.py took 0.160 seconds
[2025-07-19T06:45:45.680+0000] {processor.py:161} INFO - Started process (PID=2880) to work on /opt/airflow/dags/check_version.py
[2025-07-19T06:45:45.681+0000] {processor.py:830} INFO - Processing file /opt/airflow/dags/check_version.py for tasks to queue
[2025-07-19T06:45:45.682+0000] {logging_mixin.py:188} INFO - [2025-07-19T06:45:45.682+0000] {dagbag.py:538} INFO - Filling up the DagBag from /opt/airflow/dags/check_version.py
[2025-07-19T06:45:45.916+0000] {processor.py:840} INFO - DAG(s) 'check_sklearn_version' retrieved from /opt/airflow/dags/check_version.py
[2025-07-19T06:45:45.943+0000] {logging_mixin.py:188} INFO - [2025-07-19T06:45:45.942+0000] {dag.py:3036} INFO - Sync 1 DAGs
[2025-07-19T06:45:45.955+0000] {logging_mixin.py:188} INFO - [2025-07-19T06:45:45.955+0000] {dag.py:3823} INFO - Setting next_dagrun for check_sklearn_version to None, run_after=None
[2025-07-19T06:45:45.997+0000] {processor.py:183} INFO - Processing /opt/airflow/dags/check_version.py took 0.320 seconds
[2025-07-19T06:46:17.048+0000] {processor.py:161} INFO - Started process (PID=2895) to work on /opt/airflow/dags/check_version.py
[2025-07-19T06:46:17.050+0000] {processor.py:830} INFO - Processing file /opt/airflow/dags/check_version.py for tasks to queue
[2025-07-19T06:46:17.052+0000] {logging_mixin.py:188} INFO - [2025-07-19T06:46:17.051+0000] {dagbag.py:538} INFO - Filling up the DagBag from /opt/airflow/dags/check_version.py
[2025-07-19T06:46:17.114+0000] {processor.py:840} INFO - DAG(s) 'check_sklearn_version' retrieved from /opt/airflow/dags/check_version.py
[2025-07-19T06:46:17.141+0000] {logging_mixin.py:188} INFO - [2025-07-19T06:46:17.140+0000] {dag.py:3036} INFO - Sync 1 DAGs
[2025-07-19T06:46:17.152+0000] {logging_mixin.py:188} INFO - [2025-07-19T06:46:17.152+0000] {dag.py:3823} INFO - Setting next_dagrun for check_sklearn_version to None, run_after=None
[2025-07-19T06:46:17.173+0000] {processor.py:183} INFO - Processing /opt/airflow/dags/check_version.py took 0.128 seconds
[2025-07-19T06:46:47.528+0000] {processor.py:161} INFO - Started process (PID=2913) to work on /opt/airflow/dags/check_version.py
[2025-07-19T06:46:47.529+0000] {processor.py:830} INFO - Processing file /opt/airflow/dags/check_version.py for tasks to queue
[2025-07-19T06:46:47.530+0000] {logging_mixin.py:188} INFO - [2025-07-19T06:46:47.529+0000] {dagbag.py:538} INFO - Filling up the DagBag from /opt/airflow/dags/check_version.py
[2025-07-19T06:46:47.658+0000] {processor.py:840} INFO - DAG(s) 'check_sklearn_version' retrieved from /opt/airflow/dags/check_version.py
[2025-07-19T06:46:47.759+0000] {logging_mixin.py:188} INFO - [2025-07-19T06:46:47.759+0000] {dag.py:3036} INFO - Sync 1 DAGs
[2025-07-19T06:46:47.770+0000] {logging_mixin.py:188} INFO - [2025-07-19T06:46:47.770+0000] {dag.py:3823} INFO - Setting next_dagrun for check_sklearn_version to None, run_after=None
[2025-07-19T06:46:47.790+0000] {processor.py:183} INFO - Processing /opt/airflow/dags/check_version.py took 0.265 seconds
[2025-07-19T06:47:21.114+0000] {processor.py:161} INFO - Started process (PID=2935) to work on /opt/airflow/dags/check_version.py
[2025-07-19T06:47:21.116+0000] {processor.py:830} INFO - Processing file /opt/airflow/dags/check_version.py for tasks to queue
[2025-07-19T06:47:21.117+0000] {logging_mixin.py:188} INFO - [2025-07-19T06:47:21.117+0000] {dagbag.py:538} INFO - Filling up the DagBag from /opt/airflow/dags/check_version.py
[2025-07-19T06:47:22.242+0000] {processor.py:840} INFO - DAG(s) 'check_sklearn_version' retrieved from /opt/airflow/dags/check_version.py
[2025-07-19T06:47:22.432+0000] {logging_mixin.py:188} INFO - [2025-07-19T06:47:22.432+0000] {dag.py:3036} INFO - Sync 1 DAGs
[2025-07-19T06:47:22.478+0000] {logging_mixin.py:188} INFO - [2025-07-19T06:47:22.478+0000] {dag.py:3823} INFO - Setting next_dagrun for check_sklearn_version to None, run_after=None
[2025-07-19T06:47:22.645+0000] {processor.py:183} INFO - Processing /opt/airflow/dags/check_version.py took 1.534 seconds
[2025-07-19T06:49:52.951+0000] {processor.py:161} INFO - Started process (PID=2971) to work on /opt/airflow/dags/check_version.py
[2025-07-19T06:49:52.953+0000] {processor.py:830} INFO - Processing file /opt/airflow/dags/check_version.py for tasks to queue
[2025-07-19T06:49:52.954+0000] {logging_mixin.py:188} INFO - [2025-07-19T06:49:52.953+0000] {dagbag.py:538} INFO - Filling up the DagBag from /opt/airflow/dags/check_version.py
[2025-07-19T06:49:53.661+0000] {processor.py:840} INFO - DAG(s) 'check_sklearn_version' retrieved from /opt/airflow/dags/check_version.py
[2025-07-19T06:49:55.232+0000] {logging_mixin.py:188} INFO - [2025-07-19T06:49:55.232+0000] {dag.py:3036} INFO - Sync 1 DAGs
[2025-07-19T06:50:03.461+0000] {logging_mixin.py:188} INFO - [2025-07-19T06:50:03.460+0000] {dag.py:3823} INFO - Setting next_dagrun for check_sklearn_version to None, run_after=None
[2025-07-19T06:50:12.256+0000] {processor.py:183} INFO - Processing /opt/airflow/dags/check_version.py took 19.177 seconds
[2025-07-19T06:54:32.316+0000] {processor.py:161} INFO - Started process (PID=2991) to work on /opt/airflow/dags/check_version.py
[2025-07-19T06:54:32.317+0000] {processor.py:830} INFO - Processing file /opt/airflow/dags/check_version.py for tasks to queue
[2025-07-19T06:54:32.318+0000] {logging_mixin.py:188} INFO - [2025-07-19T06:54:32.318+0000] {dagbag.py:538} INFO - Filling up the DagBag from /opt/airflow/dags/check_version.py
[2025-07-19T06:54:33.019+0000] {processor.py:840} INFO - DAG(s) 'check_sklearn_version' retrieved from /opt/airflow/dags/check_version.py
[2025-07-19T06:54:33.049+0000] {logging_mixin.py:188} INFO - [2025-07-19T06:54:33.048+0000] {dag.py:3036} INFO - Sync 1 DAGs
[2025-07-19T06:54:33.125+0000] {logging_mixin.py:188} INFO - [2025-07-19T06:54:33.125+0000] {dag.py:3823} INFO - Setting next_dagrun for check_sklearn_version to None, run_after=None
[2025-07-19T06:54:33.239+0000] {processor.py:183} INFO - Processing /opt/airflow/dags/check_version.py took 0.918 seconds
[2025-07-19T06:55:57.535+0000] {processor.py:161} INFO - Started process (PID=3007) to work on /opt/airflow/dags/check_version.py
[2025-07-19T06:55:57.555+0000] {processor.py:830} INFO - Processing file /opt/airflow/dags/check_version.py for tasks to queue
[2025-07-19T06:55:57.557+0000] {logging_mixin.py:188} INFO - [2025-07-19T06:55:57.556+0000] {dagbag.py:538} INFO - Filling up the DagBag from /opt/airflow/dags/check_version.py
[2025-07-19T06:55:57.794+0000] {processor.py:840} INFO - DAG(s) 'check_sklearn_version' retrieved from /opt/airflow/dags/check_version.py
[2025-07-19T06:55:58.182+0000] {logging_mixin.py:188} INFO - [2025-07-19T06:55:58.181+0000] {dag.py:3036} INFO - Sync 1 DAGs
[2025-07-19T06:55:58.656+0000] {logging_mixin.py:188} INFO - [2025-07-19T06:55:58.656+0000] {dag.py:3823} INFO - Setting next_dagrun for check_sklearn_version to None, run_after=None
[2025-07-19T06:55:59.555+0000] {processor.py:183} INFO - Processing /opt/airflow/dags/check_version.py took 2.256 seconds
[2025-07-19T06:56:29.824+0000] {processor.py:161} INFO - Started process (PID=3032) to work on /opt/airflow/dags/check_version.py
[2025-07-19T06:56:29.825+0000] {processor.py:830} INFO - Processing file /opt/airflow/dags/check_version.py for tasks to queue
[2025-07-19T06:56:29.826+0000] {logging_mixin.py:188} INFO - [2025-07-19T06:56:29.826+0000] {dagbag.py:538} INFO - Filling up the DagBag from /opt/airflow/dags/check_version.py
[2025-07-19T06:56:30.242+0000] {processor.py:840} INFO - DAG(s) 'check_sklearn_version' retrieved from /opt/airflow/dags/check_version.py
[2025-07-19T06:56:30.266+0000] {logging_mixin.py:188} INFO - [2025-07-19T06:56:30.266+0000] {dag.py:3036} INFO - Sync 1 DAGs
[2025-07-19T06:56:30.277+0000] {logging_mixin.py:188} INFO - [2025-07-19T06:56:30.276+0000] {dag.py:3823} INFO - Setting next_dagrun for check_sklearn_version to None, run_after=None
[2025-07-19T06:56:30.372+0000] {processor.py:183} INFO - Processing /opt/airflow/dags/check_version.py took 0.551 seconds
[2025-07-19T06:57:48.324+0000] {processor.py:161} INFO - Started process (PID=3048) to work on /opt/airflow/dags/check_version.py
[2025-07-19T06:57:48.674+0000] {processor.py:830} INFO - Processing file /opt/airflow/dags/check_version.py for tasks to queue
[2025-07-19T06:57:48.677+0000] {logging_mixin.py:188} INFO - [2025-07-19T06:57:48.676+0000] {dagbag.py:538} INFO - Filling up the DagBag from /opt/airflow/dags/check_version.py
[2025-07-19T06:57:49.164+0000] {processor.py:840} INFO - DAG(s) 'check_sklearn_version' retrieved from /opt/airflow/dags/check_version.py
[2025-07-19T06:57:49.297+0000] {logging_mixin.py:188} INFO - [2025-07-19T06:57:49.297+0000] {dag.py:3036} INFO - Sync 1 DAGs
[2025-07-19T06:57:49.310+0000] {logging_mixin.py:188} INFO - [2025-07-19T06:57:49.310+0000] {dag.py:3823} INFO - Setting next_dagrun for check_sklearn_version to None, run_after=None
[2025-07-19T06:57:49.401+0000] {processor.py:183} INFO - Processing /opt/airflow/dags/check_version.py took 1.080 seconds
[2025-07-19T06:58:43.581+0000] {processor.py:161} INFO - Started process (PID=3067) to work on /opt/airflow/dags/check_version.py
[2025-07-19T06:58:43.666+0000] {processor.py:830} INFO - Processing file /opt/airflow/dags/check_version.py for tasks to queue
[2025-07-19T06:58:43.667+0000] {logging_mixin.py:188} INFO - [2025-07-19T06:58:43.667+0000] {dagbag.py:538} INFO - Filling up the DagBag from /opt/airflow/dags/check_version.py
[2025-07-19T06:58:43.819+0000] {processor.py:840} INFO - DAG(s) 'check_sklearn_version' retrieved from /opt/airflow/dags/check_version.py
[2025-07-19T06:58:43.847+0000] {logging_mixin.py:188} INFO - [2025-07-19T06:58:43.846+0000] {dag.py:3036} INFO - Sync 1 DAGs
[2025-07-19T06:58:43.863+0000] {logging_mixin.py:188} INFO - [2025-07-19T06:58:43.863+0000] {dag.py:3823} INFO - Setting next_dagrun for check_sklearn_version to None, run_after=None
[2025-07-19T06:58:43.887+0000] {processor.py:183} INFO - Processing /opt/airflow/dags/check_version.py took 0.309 seconds
[2025-07-19T06:59:14.708+0000] {processor.py:161} INFO - Started process (PID=3094) to work on /opt/airflow/dags/check_version.py
[2025-07-19T06:59:14.709+0000] {processor.py:830} INFO - Processing file /opt/airflow/dags/check_version.py for tasks to queue
[2025-07-19T06:59:14.710+0000] {logging_mixin.py:188} INFO - [2025-07-19T06:59:14.710+0000] {dagbag.py:538} INFO - Filling up the DagBag from /opt/airflow/dags/check_version.py
[2025-07-19T06:59:14.896+0000] {processor.py:840} INFO - DAG(s) 'check_sklearn_version' retrieved from /opt/airflow/dags/check_version.py
[2025-07-19T06:59:14.924+0000] {logging_mixin.py:188} INFO - [2025-07-19T06:59:14.924+0000] {dag.py:3036} INFO - Sync 1 DAGs
[2025-07-19T06:59:15.005+0000] {logging_mixin.py:188} INFO - [2025-07-19T06:59:15.004+0000] {dag.py:3823} INFO - Setting next_dagrun for check_sklearn_version to None, run_after=None
[2025-07-19T06:59:15.026+0000] {processor.py:183} INFO - Processing /opt/airflow/dags/check_version.py took 0.321 seconds
[2025-07-19T06:59:46.388+0000] {processor.py:161} INFO - Started process (PID=3114) to work on /opt/airflow/dags/check_version.py
[2025-07-19T06:59:46.389+0000] {processor.py:830} INFO - Processing file /opt/airflow/dags/check_version.py for tasks to queue
[2025-07-19T06:59:46.390+0000] {logging_mixin.py:188} INFO - [2025-07-19T06:59:46.390+0000] {dagbag.py:538} INFO - Filling up the DagBag from /opt/airflow/dags/check_version.py
[2025-07-19T06:59:46.610+0000] {processor.py:840} INFO - DAG(s) 'check_sklearn_version' retrieved from /opt/airflow/dags/check_version.py
[2025-07-19T06:59:46.636+0000] {logging_mixin.py:188} INFO - [2025-07-19T06:59:46.636+0000] {dag.py:3036} INFO - Sync 1 DAGs
[2025-07-19T06:59:46.647+0000] {logging_mixin.py:188} INFO - [2025-07-19T06:59:46.647+0000] {dag.py:3823} INFO - Setting next_dagrun for check_sklearn_version to None, run_after=None
[2025-07-19T06:59:46.669+0000] {processor.py:183} INFO - Processing /opt/airflow/dags/check_version.py took 0.285 seconds
[2025-07-19T07:00:18.871+0000] {processor.py:161} INFO - Started process (PID=3133) to work on /opt/airflow/dags/check_version.py
[2025-07-19T07:00:18.872+0000] {processor.py:830} INFO - Processing file /opt/airflow/dags/check_version.py for tasks to queue
[2025-07-19T07:00:18.873+0000] {logging_mixin.py:188} INFO - [2025-07-19T07:00:18.873+0000] {dagbag.py:538} INFO - Filling up the DagBag from /opt/airflow/dags/check_version.py
[2025-07-19T07:00:19.389+0000] {processor.py:840} INFO - DAG(s) 'check_sklearn_version' retrieved from /opt/airflow/dags/check_version.py
[2025-07-19T07:00:19.418+0000] {logging_mixin.py:188} INFO - [2025-07-19T07:00:19.418+0000] {dag.py:3036} INFO - Sync 1 DAGs
[2025-07-19T07:00:19.430+0000] {logging_mixin.py:188} INFO - [2025-07-19T07:00:19.430+0000] {dag.py:3823} INFO - Setting next_dagrun for check_sklearn_version to None, run_after=None
[2025-07-19T07:00:19.804+0000] {processor.py:183} INFO - Processing /opt/airflow/dags/check_version.py took 0.935 seconds
[2025-07-19T07:00:50.439+0000] {processor.py:161} INFO - Started process (PID=3153) to work on /opt/airflow/dags/check_version.py
[2025-07-19T07:00:50.665+0000] {processor.py:830} INFO - Processing file /opt/airflow/dags/check_version.py for tasks to queue
[2025-07-19T07:00:50.666+0000] {logging_mixin.py:188} INFO - [2025-07-19T07:00:50.666+0000] {dagbag.py:538} INFO - Filling up the DagBag from /opt/airflow/dags/check_version.py
[2025-07-19T07:00:50.759+0000] {processor.py:840} INFO - DAG(s) 'check_sklearn_version' retrieved from /opt/airflow/dags/check_version.py
[2025-07-19T07:00:51.208+0000] {logging_mixin.py:188} INFO - [2025-07-19T07:00:51.207+0000] {dag.py:3036} INFO - Sync 1 DAGs
[2025-07-19T07:00:51.221+0000] {logging_mixin.py:188} INFO - [2025-07-19T07:00:51.221+0000] {dag.py:3823} INFO - Setting next_dagrun for check_sklearn_version to None, run_after=None
[2025-07-19T07:00:51.535+0000] {processor.py:183} INFO - Processing /opt/airflow/dags/check_version.py took 1.098 seconds
[2025-07-19T07:01:22.000+0000] {processor.py:161} INFO - Started process (PID=3186) to work on /opt/airflow/dags/check_version.py
[2025-07-19T07:01:22.001+0000] {processor.py:830} INFO - Processing file /opt/airflow/dags/check_version.py for tasks to queue
[2025-07-19T07:01:22.002+0000] {logging_mixin.py:188} INFO - [2025-07-19T07:01:22.002+0000] {dagbag.py:538} INFO - Filling up the DagBag from /opt/airflow/dags/check_version.py
[2025-07-19T07:01:22.142+0000] {processor.py:840} INFO - DAG(s) 'check_sklearn_version' retrieved from /opt/airflow/dags/check_version.py
[2025-07-19T07:01:22.190+0000] {logging_mixin.py:188} INFO - [2025-07-19T07:01:22.190+0000] {dag.py:3036} INFO - Sync 1 DAGs
[2025-07-19T07:01:22.202+0000] {logging_mixin.py:188} INFO - [2025-07-19T07:01:22.202+0000] {dag.py:3823} INFO - Setting next_dagrun for check_sklearn_version to None, run_after=None
[2025-07-19T07:01:22.262+0000] {processor.py:183} INFO - Processing /opt/airflow/dags/check_version.py took 0.265 seconds
[2025-07-19T07:01:52.741+0000] {processor.py:161} INFO - Started process (PID=3206) to work on /opt/airflow/dags/check_version.py
[2025-07-19T07:01:52.747+0000] {processor.py:830} INFO - Processing file /opt/airflow/dags/check_version.py for tasks to queue
[2025-07-19T07:01:52.748+0000] {logging_mixin.py:188} INFO - [2025-07-19T07:01:52.748+0000] {dagbag.py:538} INFO - Filling up the DagBag from /opt/airflow/dags/check_version.py
[2025-07-19T07:01:53.195+0000] {processor.py:840} INFO - DAG(s) 'check_sklearn_version' retrieved from /opt/airflow/dags/check_version.py
[2025-07-19T07:01:53.227+0000] {logging_mixin.py:188} INFO - [2025-07-19T07:01:53.227+0000] {dag.py:3036} INFO - Sync 1 DAGs
[2025-07-19T07:01:53.290+0000] {logging_mixin.py:188} INFO - [2025-07-19T07:01:53.290+0000] {dag.py:3823} INFO - Setting next_dagrun for check_sklearn_version to None, run_after=None
[2025-07-19T07:01:53.309+0000] {processor.py:183} INFO - Processing /opt/airflow/dags/check_version.py took 0.572 seconds
[2025-07-19T07:02:23.496+0000] {processor.py:161} INFO - Started process (PID=3236) to work on /opt/airflow/dags/check_version.py
[2025-07-19T07:02:23.497+0000] {processor.py:830} INFO - Processing file /opt/airflow/dags/check_version.py for tasks to queue
[2025-07-19T07:02:23.498+0000] {logging_mixin.py:188} INFO - [2025-07-19T07:02:23.498+0000] {dagbag.py:538} INFO - Filling up the DagBag from /opt/airflow/dags/check_version.py
[2025-07-19T07:02:23.570+0000] {processor.py:840} INFO - DAG(s) 'check_sklearn_version' retrieved from /opt/airflow/dags/check_version.py
[2025-07-19T07:02:23.594+0000] {logging_mixin.py:188} INFO - [2025-07-19T07:02:23.594+0000] {dag.py:3036} INFO - Sync 1 DAGs
[2025-07-19T07:02:23.605+0000] {logging_mixin.py:188} INFO - [2025-07-19T07:02:23.605+0000] {dag.py:3823} INFO - Setting next_dagrun for check_sklearn_version to None, run_after=None
[2025-07-19T07:02:23.624+0000] {processor.py:183} INFO - Processing /opt/airflow/dags/check_version.py took 0.132 seconds
[2025-07-19T07:02:54.958+0000] {processor.py:161} INFO - Started process (PID=3256) to work on /opt/airflow/dags/check_version.py
[2025-07-19T07:02:54.959+0000] {processor.py:830} INFO - Processing file /opt/airflow/dags/check_version.py for tasks to queue
[2025-07-19T07:02:54.960+0000] {logging_mixin.py:188} INFO - [2025-07-19T07:02:54.960+0000] {dagbag.py:538} INFO - Filling up the DagBag from /opt/airflow/dags/check_version.py
[2025-07-19T07:02:55.017+0000] {processor.py:840} INFO - DAG(s) 'check_sklearn_version' retrieved from /opt/airflow/dags/check_version.py
[2025-07-19T07:02:55.042+0000] {logging_mixin.py:188} INFO - [2025-07-19T07:02:55.042+0000] {dag.py:3036} INFO - Sync 1 DAGs
[2025-07-19T07:02:55.054+0000] {logging_mixin.py:188} INFO - [2025-07-19T07:02:55.053+0000] {dag.py:3823} INFO - Setting next_dagrun for check_sklearn_version to None, run_after=None
[2025-07-19T07:02:55.076+0000] {processor.py:183} INFO - Processing /opt/airflow/dags/check_version.py took 0.121 seconds
[2025-07-19T07:03:25.541+0000] {processor.py:161} INFO - Started process (PID=3276) to work on /opt/airflow/dags/check_version.py
[2025-07-19T07:03:25.542+0000] {processor.py:830} INFO - Processing file /opt/airflow/dags/check_version.py for tasks to queue
[2025-07-19T07:03:25.543+0000] {logging_mixin.py:188} INFO - [2025-07-19T07:03:25.543+0000] {dagbag.py:538} INFO - Filling up the DagBag from /opt/airflow/dags/check_version.py
[2025-07-19T07:03:25.645+0000] {processor.py:840} INFO - DAG(s) 'check_sklearn_version' retrieved from /opt/airflow/dags/check_version.py
[2025-07-19T07:03:25.676+0000] {logging_mixin.py:188} INFO - [2025-07-19T07:03:25.676+0000] {dag.py:3036} INFO - Sync 1 DAGs
[2025-07-19T07:03:25.690+0000] {logging_mixin.py:188} INFO - [2025-07-19T07:03:25.689+0000] {dag.py:3823} INFO - Setting next_dagrun for check_sklearn_version to None, run_after=None
[2025-07-19T07:03:25.712+0000] {processor.py:183} INFO - Processing /opt/airflow/dags/check_version.py took 0.177 seconds
[2025-07-19T07:03:58.106+0000] {processor.py:161} INFO - Started process (PID=3296) to work on /opt/airflow/dags/check_version.py
[2025-07-19T07:03:58.107+0000] {processor.py:830} INFO - Processing file /opt/airflow/dags/check_version.py for tasks to queue
[2025-07-19T07:03:58.108+0000] {logging_mixin.py:188} INFO - [2025-07-19T07:03:58.108+0000] {dagbag.py:538} INFO - Filling up the DagBag from /opt/airflow/dags/check_version.py
[2025-07-19T07:03:58.217+0000] {processor.py:840} INFO - DAG(s) 'check_sklearn_version' retrieved from /opt/airflow/dags/check_version.py
[2025-07-19T07:03:58.242+0000] {logging_mixin.py:188} INFO - [2025-07-19T07:03:58.242+0000] {dag.py:3036} INFO - Sync 1 DAGs
[2025-07-19T07:03:58.254+0000] {logging_mixin.py:188} INFO - [2025-07-19T07:03:58.254+0000] {dag.py:3823} INFO - Setting next_dagrun for check_sklearn_version to None, run_after=None
[2025-07-19T07:03:58.546+0000] {processor.py:183} INFO - Processing /opt/airflow/dags/check_version.py took 1.913 seconds
[2025-07-19T07:04:44.584+0000] {processor.py:161} INFO - Started process (PID=3319) to work on /opt/airflow/dags/check_version.py
[2025-07-19T07:04:46.742+0000] {processor.py:830} INFO - Processing file /opt/airflow/dags/check_version.py for tasks to queue
[2025-07-19T07:04:48.344+0000] {logging_mixin.py:188} INFO - [2025-07-19T07:04:48.125+0000] {dagbag.py:538} INFO - Filling up the DagBag from /opt/airflow/dags/check_version.py
[2025-07-19T07:04:53.053+0000] {processor.py:840} INFO - DAG(s) 'check_sklearn_version' retrieved from /opt/airflow/dags/check_version.py
[2025-07-19T07:05:17.161+0000] {logging_mixin.py:188} INFO - [2025-07-19T07:05:17.161+0000] {dag.py:3036} INFO - Sync 1 DAGs
[2025-07-19T07:06:01.699+0000] {processor.py:161} INFO - Started process (PID=3339) to work on /opt/airflow/dags/check_version.py
[2025-07-19T07:06:02.848+0000] {processor.py:830} INFO - Processing file /opt/airflow/dags/check_version.py for tasks to queue
[2025-07-19T07:06:03.327+0000] {logging_mixin.py:188} INFO - [2025-07-19T07:06:03.219+0000] {dagbag.py:538} INFO - Filling up the DagBag from /opt/airflow/dags/check_version.py
[2025-07-19T07:06:05.722+0000] {processor.py:840} INFO - DAG(s) 'check_sklearn_version' retrieved from /opt/airflow/dags/check_version.py
[2025-07-19T07:07:11.120+0000] {processor.py:161} INFO - Started process (PID=3375) to work on /opt/airflow/dags/check_version.py
[2025-07-19T07:07:11.122+0000] {processor.py:830} INFO - Processing file /opt/airflow/dags/check_version.py for tasks to queue
[2025-07-19T07:07:11.123+0000] {logging_mixin.py:188} INFO - [2025-07-19T07:07:11.123+0000] {dagbag.py:538} INFO - Filling up the DagBag from /opt/airflow/dags/check_version.py
[2025-07-19T07:07:11.220+0000] {processor.py:840} INFO - DAG(s) 'check_sklearn_version' retrieved from /opt/airflow/dags/check_version.py
[2025-07-19T07:07:11.386+0000] {logging_mixin.py:188} INFO - [2025-07-19T07:07:11.386+0000] {dag.py:3036} INFO - Sync 1 DAGs
[2025-07-19T07:07:11.396+0000] {logging_mixin.py:188} INFO - [2025-07-19T07:07:11.396+0000] {dag.py:3823} INFO - Setting next_dagrun for check_sklearn_version to None, run_after=None
[2025-07-19T07:07:11.418+0000] {processor.py:183} INFO - Processing /opt/airflow/dags/check_version.py took 0.302 seconds
[2025-07-19T07:07:42.291+0000] {processor.py:161} INFO - Started process (PID=3395) to work on /opt/airflow/dags/check_version.py
[2025-07-19T07:07:42.292+0000] {processor.py:830} INFO - Processing file /opt/airflow/dags/check_version.py for tasks to queue
[2025-07-19T07:07:42.294+0000] {logging_mixin.py:188} INFO - [2025-07-19T07:07:42.294+0000] {dagbag.py:538} INFO - Filling up the DagBag from /opt/airflow/dags/check_version.py
[2025-07-19T07:07:42.312+0000] {processor.py:840} INFO - DAG(s) 'check_sklearn_version' retrieved from /opt/airflow/dags/check_version.py
[2025-07-19T07:07:42.345+0000] {logging_mixin.py:188} INFO - [2025-07-19T07:07:42.344+0000] {dag.py:3036} INFO - Sync 1 DAGs
[2025-07-19T07:07:42.361+0000] {logging_mixin.py:188} INFO - [2025-07-19T07:07:42.361+0000] {dag.py:3823} INFO - Setting next_dagrun for check_sklearn_version to None, run_after=None
[2025-07-19T07:07:42.386+0000] {processor.py:183} INFO - Processing /opt/airflow/dags/check_version.py took 0.105 seconds
[2025-07-19T07:08:13.157+0000] {processor.py:161} INFO - Started process (PID=3415) to work on /opt/airflow/dags/check_version.py
[2025-07-19T07:08:13.158+0000] {processor.py:830} INFO - Processing file /opt/airflow/dags/check_version.py for tasks to queue
[2025-07-19T07:08:13.159+0000] {logging_mixin.py:188} INFO - [2025-07-19T07:08:13.159+0000] {dagbag.py:538} INFO - Filling up the DagBag from /opt/airflow/dags/check_version.py
[2025-07-19T07:08:13.297+0000] {processor.py:840} INFO - DAG(s) 'check_sklearn_version' retrieved from /opt/airflow/dags/check_version.py
[2025-07-19T07:08:13.322+0000] {logging_mixin.py:188} INFO - [2025-07-19T07:08:13.322+0000] {dag.py:3036} INFO - Sync 1 DAGs
[2025-07-19T07:08:13.334+0000] {logging_mixin.py:188} INFO - [2025-07-19T07:08:13.333+0000] {dag.py:3823} INFO - Setting next_dagrun for check_sklearn_version to None, run_after=None
[2025-07-19T07:08:13.353+0000] {processor.py:183} INFO - Processing /opt/airflow/dags/check_version.py took 0.200 seconds
[2025-07-19T07:08:44.713+0000] {processor.py:161} INFO - Started process (PID=3451) to work on /opt/airflow/dags/check_version.py
[2025-07-19T07:08:44.714+0000] {processor.py:830} INFO - Processing file /opt/airflow/dags/check_version.py for tasks to queue
[2025-07-19T07:08:44.715+0000] {logging_mixin.py:188} INFO - [2025-07-19T07:08:44.714+0000] {dagbag.py:538} INFO - Filling up the DagBag from /opt/airflow/dags/check_version.py
[2025-07-19T07:08:44.726+0000] {processor.py:840} INFO - DAG(s) 'check_sklearn_version' retrieved from /opt/airflow/dags/check_version.py
[2025-07-19T07:08:44.757+0000] {logging_mixin.py:188} INFO - [2025-07-19T07:08:44.757+0000] {dag.py:3036} INFO - Sync 1 DAGs
[2025-07-19T07:08:44.770+0000] {logging_mixin.py:188} INFO - [2025-07-19T07:08:44.770+0000] {dag.py:3823} INFO - Setting next_dagrun for check_sklearn_version to None, run_after=None
[2025-07-19T07:08:44.813+0000] {processor.py:183} INFO - Processing /opt/airflow/dags/check_version.py took 0.103 seconds
[2025-07-19T07:09:15.703+0000] {processor.py:161} INFO - Started process (PID=3474) to work on /opt/airflow/dags/check_version.py
[2025-07-19T07:09:15.705+0000] {processor.py:830} INFO - Processing file /opt/airflow/dags/check_version.py for tasks to queue
[2025-07-19T07:09:15.706+0000] {logging_mixin.py:188} INFO - [2025-07-19T07:09:15.706+0000] {dagbag.py:538} INFO - Filling up the DagBag from /opt/airflow/dags/check_version.py
[2025-07-19T07:09:15.807+0000] {processor.py:840} INFO - DAG(s) 'check_sklearn_version' retrieved from /opt/airflow/dags/check_version.py
[2025-07-19T07:09:15.898+0000] {logging_mixin.py:188} INFO - [2025-07-19T07:09:15.898+0000] {dag.py:3036} INFO - Sync 1 DAGs
[2025-07-19T07:09:15.914+0000] {logging_mixin.py:188} INFO - [2025-07-19T07:09:15.914+0000] {dag.py:3823} INFO - Setting next_dagrun for check_sklearn_version to None, run_after=None
[2025-07-19T07:09:15.938+0000] {processor.py:183} INFO - Processing /opt/airflow/dags/check_version.py took 0.240 seconds
[2025-07-19T07:09:46.677+0000] {processor.py:161} INFO - Started process (PID=3494) to work on /opt/airflow/dags/check_version.py
[2025-07-19T07:09:46.678+0000] {processor.py:830} INFO - Processing file /opt/airflow/dags/check_version.py for tasks to queue
[2025-07-19T07:09:46.679+0000] {logging_mixin.py:188} INFO - [2025-07-19T07:09:46.678+0000] {dagbag.py:538} INFO - Filling up the DagBag from /opt/airflow/dags/check_version.py
[2025-07-19T07:09:46.747+0000] {processor.py:840} INFO - DAG(s) 'check_sklearn_version' retrieved from /opt/airflow/dags/check_version.py
[2025-07-19T07:09:46.782+0000] {logging_mixin.py:188} INFO - [2025-07-19T07:09:46.782+0000] {dag.py:3036} INFO - Sync 1 DAGs
[2025-07-19T07:09:46.796+0000] {logging_mixin.py:188} INFO - [2025-07-19T07:09:46.795+0000] {dag.py:3823} INFO - Setting next_dagrun for check_sklearn_version to None, run_after=None
[2025-07-19T07:09:46.819+0000] {processor.py:183} INFO - Processing /opt/airflow/dags/check_version.py took 0.145 seconds
[2025-07-19T07:10:17.180+0000] {processor.py:161} INFO - Started process (PID=3514) to work on /opt/airflow/dags/check_version.py
[2025-07-19T07:10:17.182+0000] {processor.py:830} INFO - Processing file /opt/airflow/dags/check_version.py for tasks to queue
[2025-07-19T07:10:17.183+0000] {logging_mixin.py:188} INFO - [2025-07-19T07:10:17.182+0000] {dagbag.py:538} INFO - Filling up the DagBag from /opt/airflow/dags/check_version.py
[2025-07-19T07:10:17.198+0000] {processor.py:840} INFO - DAG(s) 'check_sklearn_version' retrieved from /opt/airflow/dags/check_version.py
[2025-07-19T07:10:17.328+0000] {logging_mixin.py:188} INFO - [2025-07-19T07:10:17.327+0000] {dag.py:3036} INFO - Sync 1 DAGs
[2025-07-19T07:10:17.341+0000] {logging_mixin.py:188} INFO - [2025-07-19T07:10:17.341+0000] {dag.py:3823} INFO - Setting next_dagrun for check_sklearn_version to None, run_after=None
[2025-07-19T07:10:17.535+0000] {processor.py:183} INFO - Processing /opt/airflow/dags/check_version.py took 0.358 seconds
[2025-07-19T07:10:48.836+0000] {processor.py:161} INFO - Started process (PID=3531) to work on /opt/airflow/dags/check_version.py
[2025-07-19T07:10:48.856+0000] {processor.py:830} INFO - Processing file /opt/airflow/dags/check_version.py for tasks to queue
[2025-07-19T07:10:48.858+0000] {logging_mixin.py:188} INFO - [2025-07-19T07:10:48.857+0000] {dagbag.py:538} INFO - Filling up the DagBag from /opt/airflow/dags/check_version.py
[2025-07-19T07:10:48.890+0000] {processor.py:840} INFO - DAG(s) 'check_sklearn_version' retrieved from /opt/airflow/dags/check_version.py
[2025-07-19T07:10:49.340+0000] {logging_mixin.py:188} INFO - [2025-07-19T07:10:49.340+0000] {dag.py:3036} INFO - Sync 1 DAGs
[2025-07-19T07:10:49.360+0000] {logging_mixin.py:188} INFO - [2025-07-19T07:10:49.359+0000] {dag.py:3823} INFO - Setting next_dagrun for check_sklearn_version to None, run_after=None
[2025-07-19T07:10:49.390+0000] {processor.py:183} INFO - Processing /opt/airflow/dags/check_version.py took 0.557 seconds
[2025-07-19T07:11:20.133+0000] {processor.py:161} INFO - Started process (PID=3554) to work on /opt/airflow/dags/check_version.py
[2025-07-19T07:11:20.134+0000] {processor.py:830} INFO - Processing file /opt/airflow/dags/check_version.py for tasks to queue
[2025-07-19T07:11:20.135+0000] {logging_mixin.py:188} INFO - [2025-07-19T07:11:20.135+0000] {dagbag.py:538} INFO - Filling up the DagBag from /opt/airflow/dags/check_version.py
[2025-07-19T07:11:20.203+0000] {processor.py:840} INFO - DAG(s) 'check_sklearn_version' retrieved from /opt/airflow/dags/check_version.py
[2025-07-19T07:11:20.304+0000] {logging_mixin.py:188} INFO - [2025-07-19T07:11:20.304+0000] {dag.py:3036} INFO - Sync 1 DAGs
[2025-07-19T07:11:20.317+0000] {logging_mixin.py:188} INFO - [2025-07-19T07:11:20.316+0000] {dag.py:3823} INFO - Setting next_dagrun for check_sklearn_version to None, run_after=None
[2025-07-19T07:11:20.359+0000] {processor.py:183} INFO - Processing /opt/airflow/dags/check_version.py took 0.229 seconds
[2025-07-19T07:11:51.894+0000] {processor.py:161} INFO - Started process (PID=3576) to work on /opt/airflow/dags/check_version.py
[2025-07-19T07:11:51.895+0000] {processor.py:830} INFO - Processing file /opt/airflow/dags/check_version.py for tasks to queue
[2025-07-19T07:11:51.896+0000] {logging_mixin.py:188} INFO - [2025-07-19T07:11:51.896+0000] {dagbag.py:538} INFO - Filling up the DagBag from /opt/airflow/dags/check_version.py
[2025-07-19T07:11:52.147+0000] {processor.py:840} INFO - DAG(s) 'check_sklearn_version' retrieved from /opt/airflow/dags/check_version.py
[2025-07-19T07:11:52.179+0000] {logging_mixin.py:188} INFO - [2025-07-19T07:11:52.178+0000] {dag.py:3036} INFO - Sync 1 DAGs
[2025-07-19T07:11:52.194+0000] {logging_mixin.py:188} INFO - [2025-07-19T07:11:52.193+0000] {dag.py:3823} INFO - Setting next_dagrun for check_sklearn_version to None, run_after=None
[2025-07-19T07:11:52.378+0000] {processor.py:183} INFO - Processing /opt/airflow/dags/check_version.py took 0.487 seconds
[2025-07-19T07:12:23.412+0000] {processor.py:161} INFO - Started process (PID=3596) to work on /opt/airflow/dags/check_version.py
[2025-07-19T07:12:23.414+0000] {processor.py:830} INFO - Processing file /opt/airflow/dags/check_version.py for tasks to queue
[2025-07-19T07:12:23.415+0000] {logging_mixin.py:188} INFO - [2025-07-19T07:12:23.414+0000] {dagbag.py:538} INFO - Filling up the DagBag from /opt/airflow/dags/check_version.py
[2025-07-19T07:12:23.521+0000] {processor.py:840} INFO - DAG(s) 'check_sklearn_version' retrieved from /opt/airflow/dags/check_version.py
[2025-07-19T07:12:23.547+0000] {logging_mixin.py:188} INFO - [2025-07-19T07:12:23.547+0000] {dag.py:3036} INFO - Sync 1 DAGs
[2025-07-19T07:12:23.558+0000] {logging_mixin.py:188} INFO - [2025-07-19T07:12:23.558+0000] {dag.py:3823} INFO - Setting next_dagrun for check_sklearn_version to None, run_after=None
[2025-07-19T07:12:23.576+0000] {processor.py:183} INFO - Processing /opt/airflow/dags/check_version.py took 0.167 seconds
[2025-07-19T07:12:54.273+0000] {processor.py:161} INFO - Started process (PID=3616) to work on /opt/airflow/dags/check_version.py
[2025-07-19T07:12:54.274+0000] {processor.py:830} INFO - Processing file /opt/airflow/dags/check_version.py for tasks to queue
[2025-07-19T07:12:54.275+0000] {logging_mixin.py:188} INFO - [2025-07-19T07:12:54.274+0000] {dagbag.py:538} INFO - Filling up the DagBag from /opt/airflow/dags/check_version.py
[2025-07-19T07:12:54.287+0000] {processor.py:840} INFO - DAG(s) 'check_sklearn_version' retrieved from /opt/airflow/dags/check_version.py
[2025-07-19T07:12:54.351+0000] {logging_mixin.py:188} INFO - [2025-07-19T07:12:54.350+0000] {dag.py:3036} INFO - Sync 1 DAGs
[2025-07-19T07:12:54.373+0000] {logging_mixin.py:188} INFO - [2025-07-19T07:12:54.373+0000] {dag.py:3823} INFO - Setting next_dagrun for check_sklearn_version to None, run_after=None
[2025-07-19T07:12:54.397+0000] {processor.py:183} INFO - Processing /opt/airflow/dags/check_version.py took 0.127 seconds
[2025-07-19T07:13:25.091+0000] {processor.py:161} INFO - Started process (PID=3636) to work on /opt/airflow/dags/check_version.py
[2025-07-19T07:13:25.092+0000] {processor.py:830} INFO - Processing file /opt/airflow/dags/check_version.py for tasks to queue
[2025-07-19T07:13:25.093+0000] {logging_mixin.py:188} INFO - [2025-07-19T07:13:25.092+0000] {dagbag.py:538} INFO - Filling up the DagBag from /opt/airflow/dags/check_version.py
[2025-07-19T07:13:25.183+0000] {processor.py:840} INFO - DAG(s) 'check_sklearn_version' retrieved from /opt/airflow/dags/check_version.py
[2025-07-19T07:13:25.208+0000] {logging_mixin.py:188} INFO - [2025-07-19T07:13:25.207+0000] {dag.py:3036} INFO - Sync 1 DAGs
[2025-07-19T07:13:25.221+0000] {logging_mixin.py:188} INFO - [2025-07-19T07:13:25.220+0000] {dag.py:3823} INFO - Setting next_dagrun for check_sklearn_version to None, run_after=None
[2025-07-19T07:13:25.253+0000] {processor.py:183} INFO - Processing /opt/airflow/dags/check_version.py took 0.166 seconds
[2025-07-19T07:13:55.990+0000] {processor.py:161} INFO - Started process (PID=3656) to work on /opt/airflow/dags/check_version.py
[2025-07-19T07:13:55.991+0000] {processor.py:830} INFO - Processing file /opt/airflow/dags/check_version.py for tasks to queue
[2025-07-19T07:13:55.992+0000] {logging_mixin.py:188} INFO - [2025-07-19T07:13:55.992+0000] {dagbag.py:538} INFO - Filling up the DagBag from /opt/airflow/dags/check_version.py
[2025-07-19T07:13:56.002+0000] {processor.py:840} INFO - DAG(s) 'check_sklearn_version' retrieved from /opt/airflow/dags/check_version.py
[2025-07-19T07:13:56.027+0000] {logging_mixin.py:188} INFO - [2025-07-19T07:13:56.026+0000] {dag.py:3036} INFO - Sync 1 DAGs
[2025-07-19T07:13:56.038+0000] {logging_mixin.py:188} INFO - [2025-07-19T07:13:56.038+0000] {dag.py:3823} INFO - Setting next_dagrun for check_sklearn_version to None, run_after=None
[2025-07-19T07:13:56.055+0000] {processor.py:183} INFO - Processing /opt/airflow/dags/check_version.py took 0.067 seconds
[2025-07-19T07:14:26.775+0000] {processor.py:161} INFO - Started process (PID=3677) to work on /opt/airflow/dags/check_version.py
[2025-07-19T07:14:26.776+0000] {processor.py:830} INFO - Processing file /opt/airflow/dags/check_version.py for tasks to queue
[2025-07-19T07:14:26.776+0000] {logging_mixin.py:188} INFO - [2025-07-19T07:14:26.776+0000] {dagbag.py:538} INFO - Filling up the DagBag from /opt/airflow/dags/check_version.py
[2025-07-19T07:14:26.802+0000] {processor.py:840} INFO - DAG(s) 'check_sklearn_version' retrieved from /opt/airflow/dags/check_version.py
[2025-07-19T07:14:26.829+0000] {logging_mixin.py:188} INFO - [2025-07-19T07:14:26.828+0000] {dag.py:3036} INFO - Sync 1 DAGs
[2025-07-19T07:14:26.858+0000] {logging_mixin.py:188} INFO - [2025-07-19T07:14:26.858+0000] {dag.py:3823} INFO - Setting next_dagrun for check_sklearn_version to None, run_after=None
[2025-07-19T07:14:26.929+0000] {processor.py:183} INFO - Processing /opt/airflow/dags/check_version.py took 0.157 seconds
[2025-07-19T07:14:57.251+0000] {processor.py:161} INFO - Started process (PID=3699) to work on /opt/airflow/dags/check_version.py
[2025-07-19T07:14:57.252+0000] {processor.py:830} INFO - Processing file /opt/airflow/dags/check_version.py for tasks to queue
[2025-07-19T07:14:57.253+0000] {logging_mixin.py:188} INFO - [2025-07-19T07:14:57.253+0000] {dagbag.py:538} INFO - Filling up the DagBag from /opt/airflow/dags/check_version.py
[2025-07-19T07:14:57.265+0000] {processor.py:840} INFO - DAG(s) 'check_sklearn_version' retrieved from /opt/airflow/dags/check_version.py
[2025-07-19T07:14:57.296+0000] {logging_mixin.py:188} INFO - [2025-07-19T07:14:57.296+0000] {dag.py:3036} INFO - Sync 1 DAGs
[2025-07-19T07:14:57.312+0000] {logging_mixin.py:188} INFO - [2025-07-19T07:14:57.312+0000] {dag.py:3823} INFO - Setting next_dagrun for check_sklearn_version to None, run_after=None
[2025-07-19T07:14:57.335+0000] {processor.py:183} INFO - Processing /opt/airflow/dags/check_version.py took 0.088 seconds
[2025-07-19T07:15:28.165+0000] {processor.py:161} INFO - Started process (PID=3719) to work on /opt/airflow/dags/check_version.py
[2025-07-19T07:15:28.166+0000] {processor.py:830} INFO - Processing file /opt/airflow/dags/check_version.py for tasks to queue
[2025-07-19T07:15:28.167+0000] {logging_mixin.py:188} INFO - [2025-07-19T07:15:28.166+0000] {dagbag.py:538} INFO - Filling up the DagBag from /opt/airflow/dags/check_version.py
[2025-07-19T07:15:28.223+0000] {processor.py:840} INFO - DAG(s) 'check_sklearn_version' retrieved from /opt/airflow/dags/check_version.py
[2025-07-19T07:15:28.247+0000] {logging_mixin.py:188} INFO - [2025-07-19T07:15:28.247+0000] {dag.py:3036} INFO - Sync 1 DAGs
[2025-07-19T07:15:28.357+0000] {logging_mixin.py:188} INFO - [2025-07-19T07:15:28.357+0000] {dag.py:3823} INFO - Setting next_dagrun for check_sklearn_version to None, run_after=None
[2025-07-19T07:15:28.379+0000] {processor.py:183} INFO - Processing /opt/airflow/dags/check_version.py took 0.218 seconds
[2025-07-19T07:15:58.889+0000] {processor.py:161} INFO - Started process (PID=3739) to work on /opt/airflow/dags/check_version.py
[2025-07-19T07:15:58.892+0000] {processor.py:830} INFO - Processing file /opt/airflow/dags/check_version.py for tasks to queue
[2025-07-19T07:15:58.893+0000] {logging_mixin.py:188} INFO - [2025-07-19T07:15:58.892+0000] {dagbag.py:538} INFO - Filling up the DagBag from /opt/airflow/dags/check_version.py
[2025-07-19T07:15:58.905+0000] {processor.py:840} INFO - DAG(s) 'check_sklearn_version' retrieved from /opt/airflow/dags/check_version.py
[2025-07-19T07:15:58.932+0000] {logging_mixin.py:188} INFO - [2025-07-19T07:15:58.932+0000] {dag.py:3036} INFO - Sync 1 DAGs
[2025-07-19T07:15:58.947+0000] {logging_mixin.py:188} INFO - [2025-07-19T07:15:58.946+0000] {dag.py:3823} INFO - Setting next_dagrun for check_sklearn_version to None, run_after=None
[2025-07-19T07:15:58.974+0000] {processor.py:183} INFO - Processing /opt/airflow/dags/check_version.py took 0.089 seconds
[2025-07-19T07:16:29.452+0000] {processor.py:161} INFO - Started process (PID=3759) to work on /opt/airflow/dags/check_version.py
[2025-07-19T07:16:29.453+0000] {processor.py:830} INFO - Processing file /opt/airflow/dags/check_version.py for tasks to queue
[2025-07-19T07:16:29.454+0000] {logging_mixin.py:188} INFO - [2025-07-19T07:16:29.454+0000] {dagbag.py:538} INFO - Filling up the DagBag from /opt/airflow/dags/check_version.py
[2025-07-19T07:16:29.482+0000] {processor.py:840} INFO - DAG(s) 'check_sklearn_version' retrieved from /opt/airflow/dags/check_version.py
[2025-07-19T07:16:29.505+0000] {logging_mixin.py:188} INFO - [2025-07-19T07:16:29.505+0000] {dag.py:3036} INFO - Sync 1 DAGs
[2025-07-19T07:16:29.523+0000] {logging_mixin.py:188} INFO - [2025-07-19T07:16:29.523+0000] {dag.py:3823} INFO - Setting next_dagrun for check_sklearn_version to None, run_after=None
[2025-07-19T07:16:29.549+0000] {processor.py:183} INFO - Processing /opt/airflow/dags/check_version.py took 0.100 seconds
[2025-07-19T07:16:59.786+0000] {processor.py:161} INFO - Started process (PID=3780) to work on /opt/airflow/dags/check_version.py
[2025-07-19T07:16:59.787+0000] {processor.py:830} INFO - Processing file /opt/airflow/dags/check_version.py for tasks to queue
[2025-07-19T07:16:59.789+0000] {logging_mixin.py:188} INFO - [2025-07-19T07:16:59.788+0000] {dagbag.py:538} INFO - Filling up the DagBag from /opt/airflow/dags/check_version.py
[2025-07-19T07:16:59.802+0000] {processor.py:840} INFO - DAG(s) 'check_sklearn_version' retrieved from /opt/airflow/dags/check_version.py
[2025-07-19T07:16:59.828+0000] {logging_mixin.py:188} INFO - [2025-07-19T07:16:59.828+0000] {dag.py:3036} INFO - Sync 1 DAGs
[2025-07-19T07:16:59.839+0000] {logging_mixin.py:188} INFO - [2025-07-19T07:16:59.839+0000] {dag.py:3823} INFO - Setting next_dagrun for check_sklearn_version to None, run_after=None
[2025-07-19T07:16:59.866+0000] {processor.py:183} INFO - Processing /opt/airflow/dags/check_version.py took 0.082 seconds
[2025-07-19T07:17:30.423+0000] {processor.py:161} INFO - Started process (PID=3800) to work on /opt/airflow/dags/check_version.py
[2025-07-19T07:17:30.424+0000] {processor.py:830} INFO - Processing file /opt/airflow/dags/check_version.py for tasks to queue
[2025-07-19T07:17:30.426+0000] {logging_mixin.py:188} INFO - [2025-07-19T07:17:30.425+0000] {dagbag.py:538} INFO - Filling up the DagBag from /opt/airflow/dags/check_version.py
[2025-07-19T07:17:30.452+0000] {processor.py:840} INFO - DAG(s) 'check_sklearn_version' retrieved from /opt/airflow/dags/check_version.py
[2025-07-19T07:17:30.517+0000] {logging_mixin.py:188} INFO - [2025-07-19T07:17:30.517+0000] {dag.py:3036} INFO - Sync 1 DAGs
[2025-07-19T07:17:30.532+0000] {logging_mixin.py:188} INFO - [2025-07-19T07:17:30.532+0000] {dag.py:3823} INFO - Setting next_dagrun for check_sklearn_version to None, run_after=None
[2025-07-19T07:17:30.586+0000] {processor.py:183} INFO - Processing /opt/airflow/dags/check_version.py took 0.166 seconds
[2025-07-19T07:18:00.700+0000] {processor.py:161} INFO - Started process (PID=3820) to work on /opt/airflow/dags/check_version.py
[2025-07-19T07:18:00.701+0000] {processor.py:830} INFO - Processing file /opt/airflow/dags/check_version.py for tasks to queue
[2025-07-19T07:18:00.702+0000] {logging_mixin.py:188} INFO - [2025-07-19T07:18:00.701+0000] {dagbag.py:538} INFO - Filling up the DagBag from /opt/airflow/dags/check_version.py
[2025-07-19T07:18:00.779+0000] {processor.py:840} INFO - DAG(s) 'check_sklearn_version' retrieved from /opt/airflow/dags/check_version.py
[2025-07-19T07:18:00.840+0000] {logging_mixin.py:188} INFO - [2025-07-19T07:18:00.840+0000] {dag.py:3036} INFO - Sync 1 DAGs
[2025-07-19T07:18:00.946+0000] {logging_mixin.py:188} INFO - [2025-07-19T07:18:00.945+0000] {dag.py:3823} INFO - Setting next_dagrun for check_sklearn_version to None, run_after=None
[2025-07-19T07:18:00.968+0000] {processor.py:183} INFO - Processing /opt/airflow/dags/check_version.py took 0.272 seconds
[2025-07-19T07:18:31.145+0000] {processor.py:161} INFO - Started process (PID=3845) to work on /opt/airflow/dags/check_version.py
[2025-07-19T07:18:31.147+0000] {processor.py:830} INFO - Processing file /opt/airflow/dags/check_version.py for tasks to queue
[2025-07-19T07:18:31.148+0000] {logging_mixin.py:188} INFO - [2025-07-19T07:18:31.147+0000] {dagbag.py:538} INFO - Filling up the DagBag from /opt/airflow/dags/check_version.py
[2025-07-19T07:18:31.203+0000] {processor.py:840} INFO - DAG(s) 'check_sklearn_version' retrieved from /opt/airflow/dags/check_version.py
[2025-07-19T07:18:31.229+0000] {logging_mixin.py:188} INFO - [2025-07-19T07:18:31.228+0000] {dag.py:3036} INFO - Sync 1 DAGs
[2025-07-19T07:18:31.239+0000] {logging_mixin.py:188} INFO - [2025-07-19T07:18:31.239+0000] {dag.py:3823} INFO - Setting next_dagrun for check_sklearn_version to None, run_after=None
[2025-07-19T07:18:31.288+0000] {processor.py:183} INFO - Processing /opt/airflow/dags/check_version.py took 0.147 seconds
[2025-07-19T07:19:01.572+0000] {processor.py:161} INFO - Started process (PID=3863) to work on /opt/airflow/dags/check_version.py
[2025-07-19T07:19:01.573+0000] {processor.py:830} INFO - Processing file /opt/airflow/dags/check_version.py for tasks to queue
[2025-07-19T07:19:01.574+0000] {logging_mixin.py:188} INFO - [2025-07-19T07:19:01.574+0000] {dagbag.py:538} INFO - Filling up the DagBag from /opt/airflow/dags/check_version.py
[2025-07-19T07:19:01.587+0000] {processor.py:840} INFO - DAG(s) 'check_sklearn_version' retrieved from /opt/airflow/dags/check_version.py
[2025-07-19T07:19:01.612+0000] {logging_mixin.py:188} INFO - [2025-07-19T07:19:01.612+0000] {dag.py:3036} INFO - Sync 1 DAGs
[2025-07-19T07:19:01.623+0000] {logging_mixin.py:188} INFO - [2025-07-19T07:19:01.623+0000] {dag.py:3823} INFO - Setting next_dagrun for check_sklearn_version to None, run_after=None
[2025-07-19T07:19:01.714+0000] {processor.py:183} INFO - Processing /opt/airflow/dags/check_version.py took 0.145 seconds
[2025-07-19T07:19:31.781+0000] {processor.py:161} INFO - Started process (PID=3883) to work on /opt/airflow/dags/check_version.py
[2025-07-19T07:19:31.782+0000] {processor.py:830} INFO - Processing file /opt/airflow/dags/check_version.py for tasks to queue
[2025-07-19T07:19:31.783+0000] {logging_mixin.py:188} INFO - [2025-07-19T07:19:31.782+0000] {dagbag.py:538} INFO - Filling up the DagBag from /opt/airflow/dags/check_version.py
[2025-07-19T07:19:31.895+0000] {processor.py:840} INFO - DAG(s) 'check_sklearn_version' retrieved from /opt/airflow/dags/check_version.py
[2025-07-19T07:19:31.919+0000] {logging_mixin.py:188} INFO - [2025-07-19T07:19:31.919+0000] {dag.py:3036} INFO - Sync 1 DAGs
[2025-07-19T07:19:31.932+0000] {logging_mixin.py:188} INFO - [2025-07-19T07:19:31.932+0000] {dag.py:3823} INFO - Setting next_dagrun for check_sklearn_version to None, run_after=None
[2025-07-19T07:19:31.955+0000] {processor.py:183} INFO - Processing /opt/airflow/dags/check_version.py took 0.178 seconds
[2025-07-19T07:20:02.169+0000] {processor.py:161} INFO - Started process (PID=3903) to work on /opt/airflow/dags/check_version.py
[2025-07-19T07:20:02.170+0000] {processor.py:830} INFO - Processing file /opt/airflow/dags/check_version.py for tasks to queue
[2025-07-19T07:20:02.171+0000] {logging_mixin.py:188} INFO - [2025-07-19T07:20:02.171+0000] {dagbag.py:538} INFO - Filling up the DagBag from /opt/airflow/dags/check_version.py
[2025-07-19T07:20:02.223+0000] {processor.py:840} INFO - DAG(s) 'check_sklearn_version' retrieved from /opt/airflow/dags/check_version.py
[2025-07-19T07:20:02.251+0000] {logging_mixin.py:188} INFO - [2025-07-19T07:20:02.251+0000] {dag.py:3036} INFO - Sync 1 DAGs
[2025-07-19T07:20:02.266+0000] {logging_mixin.py:188} INFO - [2025-07-19T07:20:02.265+0000] {dag.py:3823} INFO - Setting next_dagrun for check_sklearn_version to None, run_after=None
[2025-07-19T07:20:02.316+0000] {processor.py:183} INFO - Processing /opt/airflow/dags/check_version.py took 0.150 seconds
[2025-07-19T07:20:32.520+0000] {processor.py:161} INFO - Started process (PID=3923) to work on /opt/airflow/dags/check_version.py
[2025-07-19T07:20:32.521+0000] {processor.py:830} INFO - Processing file /opt/airflow/dags/check_version.py for tasks to queue
[2025-07-19T07:20:32.522+0000] {logging_mixin.py:188} INFO - [2025-07-19T07:20:32.521+0000] {dagbag.py:538} INFO - Filling up the DagBag from /opt/airflow/dags/check_version.py
[2025-07-19T07:20:32.534+0000] {processor.py:840} INFO - DAG(s) 'check_sklearn_version' retrieved from /opt/airflow/dags/check_version.py
[2025-07-19T07:20:32.581+0000] {logging_mixin.py:188} INFO - [2025-07-19T07:20:32.580+0000] {dag.py:3036} INFO - Sync 1 DAGs
[2025-07-19T07:20:32.594+0000] {logging_mixin.py:188} INFO - [2025-07-19T07:20:32.594+0000] {dag.py:3823} INFO - Setting next_dagrun for check_sklearn_version to None, run_after=None
[2025-07-19T07:20:32.617+0000] {processor.py:183} INFO - Processing /opt/airflow/dags/check_version.py took 0.100 seconds
[2025-07-19T07:21:03.286+0000] {processor.py:161} INFO - Started process (PID=3943) to work on /opt/airflow/dags/check_version.py
[2025-07-19T07:21:03.287+0000] {processor.py:830} INFO - Processing file /opt/airflow/dags/check_version.py for tasks to queue
[2025-07-19T07:21:03.289+0000] {logging_mixin.py:188} INFO - [2025-07-19T07:21:03.288+0000] {dagbag.py:538} INFO - Filling up the DagBag from /opt/airflow/dags/check_version.py
[2025-07-19T07:21:03.301+0000] {processor.py:840} INFO - DAG(s) 'check_sklearn_version' retrieved from /opt/airflow/dags/check_version.py
[2025-07-19T07:21:03.330+0000] {logging_mixin.py:188} INFO - [2025-07-19T07:21:03.330+0000] {dag.py:3036} INFO - Sync 1 DAGs
[2025-07-19T07:21:03.343+0000] {logging_mixin.py:188} INFO - [2025-07-19T07:21:03.343+0000] {dag.py:3823} INFO - Setting next_dagrun for check_sklearn_version to None, run_after=None
[2025-07-19T07:21:03.369+0000] {processor.py:183} INFO - Processing /opt/airflow/dags/check_version.py took 0.086 seconds
[2025-07-19T07:21:33.484+0000] {processor.py:161} INFO - Started process (PID=3963) to work on /opt/airflow/dags/check_version.py
[2025-07-19T07:21:33.526+0000] {processor.py:830} INFO - Processing file /opt/airflow/dags/check_version.py for tasks to queue
[2025-07-19T07:21:33.528+0000] {logging_mixin.py:188} INFO - [2025-07-19T07:21:33.528+0000] {dagbag.py:538} INFO - Filling up the DagBag from /opt/airflow/dags/check_version.py
[2025-07-19T07:21:33.539+0000] {processor.py:840} INFO - DAG(s) 'check_sklearn_version' retrieved from /opt/airflow/dags/check_version.py
[2025-07-19T07:21:33.564+0000] {logging_mixin.py:188} INFO - [2025-07-19T07:21:33.564+0000] {dag.py:3036} INFO - Sync 1 DAGs
[2025-07-19T07:21:33.575+0000] {logging_mixin.py:188} INFO - [2025-07-19T07:21:33.575+0000] {dag.py:3823} INFO - Setting next_dagrun for check_sklearn_version to None, run_after=None
[2025-07-19T07:21:33.597+0000] {processor.py:183} INFO - Processing /opt/airflow/dags/check_version.py took 0.117 seconds
[2025-07-19T07:22:03.833+0000] {processor.py:161} INFO - Started process (PID=3993) to work on /opt/airflow/dags/check_version.py
[2025-07-19T07:22:03.847+0000] {processor.py:830} INFO - Processing file /opt/airflow/dags/check_version.py for tasks to queue
[2025-07-19T07:22:03.848+0000] {logging_mixin.py:188} INFO - [2025-07-19T07:22:03.848+0000] {dagbag.py:538} INFO - Filling up the DagBag from /opt/airflow/dags/check_version.py
[2025-07-19T07:22:03.860+0000] {processor.py:840} INFO - DAG(s) 'check_sklearn_version' retrieved from /opt/airflow/dags/check_version.py
[2025-07-19T07:22:03.922+0000] {logging_mixin.py:188} INFO - [2025-07-19T07:22:03.922+0000] {dag.py:3036} INFO - Sync 1 DAGs
[2025-07-19T07:22:03.935+0000] {logging_mixin.py:188} INFO - [2025-07-19T07:22:03.935+0000] {dag.py:3823} INFO - Setting next_dagrun for check_sklearn_version to None, run_after=None
[2025-07-19T07:22:03.980+0000] {processor.py:183} INFO - Processing /opt/airflow/dags/check_version.py took 0.150 seconds
[2025-07-19T07:22:34.657+0000] {processor.py:161} INFO - Started process (PID=4022) to work on /opt/airflow/dags/check_version.py
[2025-07-19T07:22:34.658+0000] {processor.py:830} INFO - Processing file /opt/airflow/dags/check_version.py for tasks to queue
[2025-07-19T07:22:34.659+0000] {logging_mixin.py:188} INFO - [2025-07-19T07:22:34.658+0000] {dagbag.py:538} INFO - Filling up the DagBag from /opt/airflow/dags/check_version.py
[2025-07-19T07:22:34.699+0000] {processor.py:840} INFO - DAG(s) 'check_sklearn_version' retrieved from /opt/airflow/dags/check_version.py
[2025-07-19T07:22:34.724+0000] {logging_mixin.py:188} INFO - [2025-07-19T07:22:34.724+0000] {dag.py:3036} INFO - Sync 1 DAGs
[2025-07-19T07:22:34.736+0000] {logging_mixin.py:188} INFO - [2025-07-19T07:22:34.736+0000] {dag.py:3823} INFO - Setting next_dagrun for check_sklearn_version to None, run_after=None
[2025-07-19T07:22:34.756+0000] {processor.py:183} INFO - Processing /opt/airflow/dags/check_version.py took 0.103 seconds
[2025-07-19T07:23:05.566+0000] {processor.py:161} INFO - Started process (PID=4042) to work on /opt/airflow/dags/check_version.py
[2025-07-19T07:23:05.567+0000] {processor.py:830} INFO - Processing file /opt/airflow/dags/check_version.py for tasks to queue
[2025-07-19T07:23:05.568+0000] {logging_mixin.py:188} INFO - [2025-07-19T07:23:05.568+0000] {dagbag.py:538} INFO - Filling up the DagBag from /opt/airflow/dags/check_version.py
[2025-07-19T07:23:05.663+0000] {processor.py:840} INFO - DAG(s) 'check_sklearn_version' retrieved from /opt/airflow/dags/check_version.py
[2025-07-19T07:23:05.689+0000] {logging_mixin.py:188} INFO - [2025-07-19T07:23:05.689+0000] {dag.py:3036} INFO - Sync 1 DAGs
[2025-07-19T07:23:05.700+0000] {logging_mixin.py:188} INFO - [2025-07-19T07:23:05.700+0000] {dag.py:3823} INFO - Setting next_dagrun for check_sklearn_version to None, run_after=None
[2025-07-19T07:23:05.721+0000] {processor.py:183} INFO - Processing /opt/airflow/dags/check_version.py took 0.157 seconds
[2025-07-19T07:23:36.192+0000] {processor.py:161} INFO - Started process (PID=4065) to work on /opt/airflow/dags/check_version.py
[2025-07-19T07:23:36.193+0000] {processor.py:830} INFO - Processing file /opt/airflow/dags/check_version.py for tasks to queue
[2025-07-19T07:23:36.194+0000] {logging_mixin.py:188} INFO - [2025-07-19T07:23:36.193+0000] {dagbag.py:538} INFO - Filling up the DagBag from /opt/airflow/dags/check_version.py
[2025-07-19T07:23:36.248+0000] {processor.py:840} INFO - DAG(s) 'check_sklearn_version' retrieved from /opt/airflow/dags/check_version.py
[2025-07-19T07:23:36.272+0000] {logging_mixin.py:188} INFO - [2025-07-19T07:23:36.272+0000] {dag.py:3036} INFO - Sync 1 DAGs
[2025-07-19T07:23:36.282+0000] {logging_mixin.py:188} INFO - [2025-07-19T07:23:36.282+0000] {dag.py:3823} INFO - Setting next_dagrun for check_sklearn_version to None, run_after=None
[2025-07-19T07:23:36.302+0000] {processor.py:183} INFO - Processing /opt/airflow/dags/check_version.py took 0.114 seconds
[2025-07-19T07:24:06.914+0000] {processor.py:161} INFO - Started process (PID=4085) to work on /opt/airflow/dags/check_version.py
[2025-07-19T07:24:06.915+0000] {processor.py:830} INFO - Processing file /opt/airflow/dags/check_version.py for tasks to queue
[2025-07-19T07:24:06.915+0000] {logging_mixin.py:188} INFO - [2025-07-19T07:24:06.915+0000] {dagbag.py:538} INFO - Filling up the DagBag from /opt/airflow/dags/check_version.py
[2025-07-19T07:24:06.931+0000] {processor.py:840} INFO - DAG(s) 'check_sklearn_version' retrieved from /opt/airflow/dags/check_version.py
[2025-07-19T07:24:06.956+0000] {logging_mixin.py:188} INFO - [2025-07-19T07:24:06.955+0000] {dag.py:3036} INFO - Sync 1 DAGs
[2025-07-19T07:24:06.967+0000] {logging_mixin.py:188} INFO - [2025-07-19T07:24:06.967+0000] {dag.py:3823} INFO - Setting next_dagrun for check_sklearn_version to None, run_after=None
[2025-07-19T07:24:06.986+0000] {processor.py:183} INFO - Processing /opt/airflow/dags/check_version.py took 0.075 seconds
[2025-07-19T07:24:37.623+0000] {processor.py:161} INFO - Started process (PID=4105) to work on /opt/airflow/dags/check_version.py
[2025-07-19T07:24:37.624+0000] {processor.py:830} INFO - Processing file /opt/airflow/dags/check_version.py for tasks to queue
[2025-07-19T07:24:37.625+0000] {logging_mixin.py:188} INFO - [2025-07-19T07:24:37.625+0000] {dagbag.py:538} INFO - Filling up the DagBag from /opt/airflow/dags/check_version.py
[2025-07-19T07:24:37.681+0000] {processor.py:840} INFO - DAG(s) 'check_sklearn_version' retrieved from /opt/airflow/dags/check_version.py
[2025-07-19T07:24:37.707+0000] {logging_mixin.py:188} INFO - [2025-07-19T07:24:37.707+0000] {dag.py:3036} INFO - Sync 1 DAGs
[2025-07-19T07:24:37.718+0000] {logging_mixin.py:188} INFO - [2025-07-19T07:24:37.717+0000] {dag.py:3823} INFO - Setting next_dagrun for check_sklearn_version to None, run_after=None
[2025-07-19T07:24:37.737+0000] {processor.py:183} INFO - Processing /opt/airflow/dags/check_version.py took 0.117 seconds
[2025-07-19T07:25:08.376+0000] {processor.py:161} INFO - Started process (PID=4125) to work on /opt/airflow/dags/check_version.py
[2025-07-19T07:25:08.378+0000] {processor.py:830} INFO - Processing file /opt/airflow/dags/check_version.py for tasks to queue
[2025-07-19T07:25:08.379+0000] {logging_mixin.py:188} INFO - [2025-07-19T07:25:08.378+0000] {dagbag.py:538} INFO - Filling up the DagBag from /opt/airflow/dags/check_version.py
[2025-07-19T07:25:08.416+0000] {processor.py:840} INFO - DAG(s) 'check_sklearn_version' retrieved from /opt/airflow/dags/check_version.py
[2025-07-19T07:25:08.441+0000] {logging_mixin.py:188} INFO - [2025-07-19T07:25:08.441+0000] {dag.py:3036} INFO - Sync 1 DAGs
[2025-07-19T07:25:08.457+0000] {logging_mixin.py:188} INFO - [2025-07-19T07:25:08.456+0000] {dag.py:3823} INFO - Setting next_dagrun for check_sklearn_version to None, run_after=None
[2025-07-19T07:25:08.476+0000] {processor.py:183} INFO - Processing /opt/airflow/dags/check_version.py took 0.103 seconds
[2025-07-19T07:25:39.102+0000] {processor.py:161} INFO - Started process (PID=4148) to work on /opt/airflow/dags/check_version.py
[2025-07-19T07:25:39.103+0000] {processor.py:830} INFO - Processing file /opt/airflow/dags/check_version.py for tasks to queue
[2025-07-19T07:25:39.105+0000] {logging_mixin.py:188} INFO - [2025-07-19T07:25:39.105+0000] {dagbag.py:538} INFO - Filling up the DagBag from /opt/airflow/dags/check_version.py
[2025-07-19T07:25:39.124+0000] {processor.py:840} INFO - DAG(s) 'check_sklearn_version' retrieved from /opt/airflow/dags/check_version.py
[2025-07-19T07:25:39.152+0000] {logging_mixin.py:188} INFO - [2025-07-19T07:25:39.151+0000] {dag.py:3036} INFO - Sync 1 DAGs
[2025-07-19T07:25:39.165+0000] {logging_mixin.py:188} INFO - [2025-07-19T07:25:39.165+0000] {dag.py:3823} INFO - Setting next_dagrun for check_sklearn_version to None, run_after=None
[2025-07-19T07:25:39.190+0000] {processor.py:183} INFO - Processing /opt/airflow/dags/check_version.py took 0.091 seconds
[2025-07-19T07:26:09.664+0000] {processor.py:161} INFO - Started process (PID=4168) to work on /opt/airflow/dags/check_version.py
[2025-07-19T07:26:09.665+0000] {processor.py:830} INFO - Processing file /opt/airflow/dags/check_version.py for tasks to queue
[2025-07-19T07:26:09.666+0000] {logging_mixin.py:188} INFO - [2025-07-19T07:26:09.666+0000] {dagbag.py:538} INFO - Filling up the DagBag from /opt/airflow/dags/check_version.py
[2025-07-19T07:26:09.678+0000] {processor.py:840} INFO - DAG(s) 'check_sklearn_version' retrieved from /opt/airflow/dags/check_version.py
[2025-07-19T07:26:09.701+0000] {logging_mixin.py:188} INFO - [2025-07-19T07:26:09.701+0000] {dag.py:3036} INFO - Sync 1 DAGs
[2025-07-19T07:26:09.712+0000] {logging_mixin.py:188} INFO - [2025-07-19T07:26:09.711+0000] {dag.py:3823} INFO - Setting next_dagrun for check_sklearn_version to None, run_after=None
[2025-07-19T07:26:09.730+0000] {processor.py:183} INFO - Processing /opt/airflow/dags/check_version.py took 0.069 seconds
[2025-07-19T07:26:40.295+0000] {processor.py:161} INFO - Started process (PID=4188) to work on /opt/airflow/dags/check_version.py
[2025-07-19T07:26:40.311+0000] {processor.py:830} INFO - Processing file /opt/airflow/dags/check_version.py for tasks to queue
[2025-07-19T07:26:40.313+0000] {logging_mixin.py:188} INFO - [2025-07-19T07:26:40.312+0000] {dagbag.py:538} INFO - Filling up the DagBag from /opt/airflow/dags/check_version.py
[2025-07-19T07:26:40.356+0000] {processor.py:840} INFO - DAG(s) 'check_sklearn_version' retrieved from /opt/airflow/dags/check_version.py
[2025-07-19T07:26:40.380+0000] {logging_mixin.py:188} INFO - [2025-07-19T07:26:40.380+0000] {dag.py:3036} INFO - Sync 1 DAGs
[2025-07-19T07:26:40.391+0000] {logging_mixin.py:188} INFO - [2025-07-19T07:26:40.391+0000] {dag.py:3823} INFO - Setting next_dagrun for check_sklearn_version to None, run_after=None
[2025-07-19T07:26:40.412+0000] {processor.py:183} INFO - Processing /opt/airflow/dags/check_version.py took 0.124 seconds
[2025-07-19T07:27:10.907+0000] {processor.py:161} INFO - Started process (PID=4208) to work on /opt/airflow/dags/check_version.py
[2025-07-19T07:27:10.908+0000] {processor.py:830} INFO - Processing file /opt/airflow/dags/check_version.py for tasks to queue
[2025-07-19T07:27:10.909+0000] {logging_mixin.py:188} INFO - [2025-07-19T07:27:10.909+0000] {dagbag.py:538} INFO - Filling up the DagBag from /opt/airflow/dags/check_version.py
[2025-07-19T07:27:10.940+0000] {processor.py:840} INFO - DAG(s) 'check_sklearn_version' retrieved from /opt/airflow/dags/check_version.py
[2025-07-19T07:27:10.965+0000] {logging_mixin.py:188} INFO - [2025-07-19T07:27:10.965+0000] {dag.py:3036} INFO - Sync 1 DAGs
[2025-07-19T07:27:10.977+0000] {logging_mixin.py:188} INFO - [2025-07-19T07:27:10.977+0000] {dag.py:3823} INFO - Setting next_dagrun for check_sklearn_version to None, run_after=None
[2025-07-19T07:27:10.996+0000] {processor.py:183} INFO - Processing /opt/airflow/dags/check_version.py took 0.092 seconds
[2025-07-19T07:27:41.195+0000] {processor.py:161} INFO - Started process (PID=4247) to work on /opt/airflow/dags/check_version.py
[2025-07-19T07:27:41.196+0000] {processor.py:830} INFO - Processing file /opt/airflow/dags/check_version.py for tasks to queue
[2025-07-19T07:27:41.197+0000] {logging_mixin.py:188} INFO - [2025-07-19T07:27:41.197+0000] {dagbag.py:538} INFO - Filling up the DagBag from /opt/airflow/dags/check_version.py
[2025-07-19T07:27:41.239+0000] {processor.py:840} INFO - DAG(s) 'check_sklearn_version' retrieved from /opt/airflow/dags/check_version.py
[2025-07-19T07:27:41.277+0000] {logging_mixin.py:188} INFO - [2025-07-19T07:27:41.277+0000] {dag.py:3036} INFO - Sync 1 DAGs
[2025-07-19T07:27:41.294+0000] {logging_mixin.py:188} INFO - [2025-07-19T07:27:41.294+0000] {dag.py:3823} INFO - Setting next_dagrun for check_sklearn_version to None, run_after=None
[2025-07-19T07:27:41.362+0000] {processor.py:183} INFO - Processing /opt/airflow/dags/check_version.py took 0.170 seconds
[2025-07-19T07:28:11.876+0000] {processor.py:161} INFO - Started process (PID=4267) to work on /opt/airflow/dags/check_version.py
[2025-07-19T07:28:11.878+0000] {processor.py:830} INFO - Processing file /opt/airflow/dags/check_version.py for tasks to queue
[2025-07-19T07:28:11.879+0000] {logging_mixin.py:188} INFO - [2025-07-19T07:28:11.878+0000] {dagbag.py:538} INFO - Filling up the DagBag from /opt/airflow/dags/check_version.py
[2025-07-19T07:28:11.918+0000] {processor.py:840} INFO - DAG(s) 'check_sklearn_version' retrieved from /opt/airflow/dags/check_version.py
[2025-07-19T07:28:11.953+0000] {logging_mixin.py:188} INFO - [2025-07-19T07:28:11.953+0000] {dag.py:3036} INFO - Sync 1 DAGs
[2025-07-19T07:28:11.965+0000] {logging_mixin.py:188} INFO - [2025-07-19T07:28:11.964+0000] {dag.py:3823} INFO - Setting next_dagrun for check_sklearn_version to None, run_after=None
[2025-07-19T07:28:11.983+0000] {processor.py:183} INFO - Processing /opt/airflow/dags/check_version.py took 0.111 seconds
[2025-07-19T07:28:42.385+0000] {processor.py:161} INFO - Started process (PID=4287) to work on /opt/airflow/dags/check_version.py
[2025-07-19T07:28:42.386+0000] {processor.py:830} INFO - Processing file /opt/airflow/dags/check_version.py for tasks to queue
[2025-07-19T07:28:42.387+0000] {logging_mixin.py:188} INFO - [2025-07-19T07:28:42.387+0000] {dagbag.py:538} INFO - Filling up the DagBag from /opt/airflow/dags/check_version.py
[2025-07-19T07:28:42.398+0000] {processor.py:840} INFO - DAG(s) 'check_sklearn_version' retrieved from /opt/airflow/dags/check_version.py
[2025-07-19T07:28:42.424+0000] {logging_mixin.py:188} INFO - [2025-07-19T07:28:42.424+0000] {dag.py:3036} INFO - Sync 1 DAGs
[2025-07-19T07:28:42.437+0000] {logging_mixin.py:188} INFO - [2025-07-19T07:28:42.437+0000] {dag.py:3823} INFO - Setting next_dagrun for check_sklearn_version to None, run_after=None
[2025-07-19T07:28:42.459+0000] {processor.py:183} INFO - Processing /opt/airflow/dags/check_version.py took 0.077 seconds
[2025-07-19T07:29:12.927+0000] {processor.py:161} INFO - Started process (PID=4307) to work on /opt/airflow/dags/check_version.py
[2025-07-19T07:29:12.928+0000] {processor.py:830} INFO - Processing file /opt/airflow/dags/check_version.py for tasks to queue
[2025-07-19T07:29:12.929+0000] {logging_mixin.py:188} INFO - [2025-07-19T07:29:12.929+0000] {dagbag.py:538} INFO - Filling up the DagBag from /opt/airflow/dags/check_version.py
[2025-07-19T07:29:12.941+0000] {processor.py:840} INFO - DAG(s) 'check_sklearn_version' retrieved from /opt/airflow/dags/check_version.py
[2025-07-19T07:29:12.966+0000] {logging_mixin.py:188} INFO - [2025-07-19T07:29:12.965+0000] {dag.py:3036} INFO - Sync 1 DAGs
[2025-07-19T07:29:12.979+0000] {logging_mixin.py:188} INFO - [2025-07-19T07:29:12.979+0000] {dag.py:3823} INFO - Setting next_dagrun for check_sklearn_version to None, run_after=None
[2025-07-19T07:29:13.008+0000] {processor.py:183} INFO - Processing /opt/airflow/dags/check_version.py took 0.083 seconds
[2025-07-19T07:29:43.406+0000] {processor.py:161} INFO - Started process (PID=4327) to work on /opt/airflow/dags/check_version.py
[2025-07-19T07:29:43.407+0000] {processor.py:830} INFO - Processing file /opt/airflow/dags/check_version.py for tasks to queue
[2025-07-19T07:29:43.408+0000] {logging_mixin.py:188} INFO - [2025-07-19T07:29:43.408+0000] {dagbag.py:538} INFO - Filling up the DagBag from /opt/airflow/dags/check_version.py
[2025-07-19T07:29:43.419+0000] {processor.py:840} INFO - DAG(s) 'check_sklearn_version' retrieved from /opt/airflow/dags/check_version.py
[2025-07-19T07:29:43.443+0000] {logging_mixin.py:188} INFO - [2025-07-19T07:29:43.443+0000] {dag.py:3036} INFO - Sync 1 DAGs
[2025-07-19T07:29:43.454+0000] {logging_mixin.py:188} INFO - [2025-07-19T07:29:43.454+0000] {dag.py:3823} INFO - Setting next_dagrun for check_sklearn_version to None, run_after=None
[2025-07-19T07:29:43.474+0000] {processor.py:183} INFO - Processing /opt/airflow/dags/check_version.py took 0.071 seconds
[2025-07-19T07:30:13.915+0000] {processor.py:161} INFO - Started process (PID=4347) to work on /opt/airflow/dags/check_version.py
[2025-07-19T07:30:13.916+0000] {processor.py:830} INFO - Processing file /opt/airflow/dags/check_version.py for tasks to queue
[2025-07-19T07:30:13.917+0000] {logging_mixin.py:188} INFO - [2025-07-19T07:30:13.917+0000] {dagbag.py:538} INFO - Filling up the DagBag from /opt/airflow/dags/check_version.py
[2025-07-19T07:30:13.933+0000] {processor.py:840} INFO - DAG(s) 'check_sklearn_version' retrieved from /opt/airflow/dags/check_version.py
[2025-07-19T07:30:14.011+0000] {logging_mixin.py:188} INFO - [2025-07-19T07:30:14.011+0000] {dag.py:3036} INFO - Sync 1 DAGs
[2025-07-19T07:30:14.025+0000] {logging_mixin.py:188} INFO - [2025-07-19T07:30:14.024+0000] {dag.py:3823} INFO - Setting next_dagrun for check_sklearn_version to None, run_after=None
[2025-07-19T07:30:14.048+0000] {processor.py:183} INFO - Processing /opt/airflow/dags/check_version.py took 0.136 seconds
[2025-07-19T07:30:44.589+0000] {processor.py:161} INFO - Started process (PID=4367) to work on /opt/airflow/dags/check_version.py
[2025-07-19T07:30:44.590+0000] {processor.py:830} INFO - Processing file /opt/airflow/dags/check_version.py for tasks to queue
[2025-07-19T07:30:44.591+0000] {logging_mixin.py:188} INFO - [2025-07-19T07:30:44.591+0000] {dagbag.py:538} INFO - Filling up the DagBag from /opt/airflow/dags/check_version.py
[2025-07-19T07:30:44.602+0000] {processor.py:840} INFO - DAG(s) 'check_sklearn_version' retrieved from /opt/airflow/dags/check_version.py
[2025-07-19T07:30:44.626+0000] {logging_mixin.py:188} INFO - [2025-07-19T07:30:44.625+0000] {dag.py:3036} INFO - Sync 1 DAGs
[2025-07-19T07:30:44.637+0000] {logging_mixin.py:188} INFO - [2025-07-19T07:30:44.636+0000] {dag.py:3823} INFO - Setting next_dagrun for check_sklearn_version to None, run_after=None
[2025-07-19T07:30:44.654+0000] {processor.py:183} INFO - Processing /opt/airflow/dags/check_version.py took 0.068 seconds
[2025-07-19T07:31:15.251+0000] {processor.py:161} INFO - Started process (PID=4387) to work on /opt/airflow/dags/check_version.py
[2025-07-19T07:31:15.253+0000] {processor.py:830} INFO - Processing file /opt/airflow/dags/check_version.py for tasks to queue
[2025-07-19T07:31:15.254+0000] {logging_mixin.py:188} INFO - [2025-07-19T07:31:15.254+0000] {dagbag.py:538} INFO - Filling up the DagBag from /opt/airflow/dags/check_version.py
[2025-07-19T07:31:15.272+0000] {processor.py:840} INFO - DAG(s) 'check_sklearn_version' retrieved from /opt/airflow/dags/check_version.py
[2025-07-19T07:31:15.301+0000] {logging_mixin.py:188} INFO - [2025-07-19T07:31:15.301+0000] {dag.py:3036} INFO - Sync 1 DAGs
[2025-07-19T07:31:15.313+0000] {logging_mixin.py:188} INFO - [2025-07-19T07:31:15.313+0000] {dag.py:3823} INFO - Setting next_dagrun for check_sklearn_version to None, run_after=None
[2025-07-19T07:31:15.343+0000] {processor.py:183} INFO - Processing /opt/airflow/dags/check_version.py took 0.098 seconds
[2025-07-19T07:31:45.720+0000] {processor.py:161} INFO - Started process (PID=4407) to work on /opt/airflow/dags/check_version.py
[2025-07-19T07:31:45.721+0000] {processor.py:830} INFO - Processing file /opt/airflow/dags/check_version.py for tasks to queue
[2025-07-19T07:31:45.722+0000] {logging_mixin.py:188} INFO - [2025-07-19T07:31:45.722+0000] {dagbag.py:538} INFO - Filling up the DagBag from /opt/airflow/dags/check_version.py
[2025-07-19T07:31:45.755+0000] {processor.py:840} INFO - DAG(s) 'check_sklearn_version' retrieved from /opt/airflow/dags/check_version.py
[2025-07-19T07:31:45.779+0000] {logging_mixin.py:188} INFO - [2025-07-19T07:31:45.779+0000] {dag.py:3036} INFO - Sync 1 DAGs
[2025-07-19T07:31:45.790+0000] {logging_mixin.py:188} INFO - [2025-07-19T07:31:45.790+0000] {dag.py:3823} INFO - Setting next_dagrun for check_sklearn_version to None, run_after=None
[2025-07-19T07:31:45.810+0000] {processor.py:183} INFO - Processing /opt/airflow/dags/check_version.py took 0.093 seconds
[2025-07-19T07:32:16.383+0000] {processor.py:161} INFO - Started process (PID=4430) to work on /opt/airflow/dags/check_version.py
[2025-07-19T07:32:16.384+0000] {processor.py:830} INFO - Processing file /opt/airflow/dags/check_version.py for tasks to queue
[2025-07-19T07:32:16.385+0000] {logging_mixin.py:188} INFO - [2025-07-19T07:32:16.385+0000] {dagbag.py:538} INFO - Filling up the DagBag from /opt/airflow/dags/check_version.py
[2025-07-19T07:32:16.395+0000] {processor.py:840} INFO - DAG(s) 'check_sklearn_version' retrieved from /opt/airflow/dags/check_version.py
[2025-07-19T07:32:16.434+0000] {logging_mixin.py:188} INFO - [2025-07-19T07:32:16.434+0000] {dag.py:3036} INFO - Sync 1 DAGs
[2025-07-19T07:32:16.445+0000] {logging_mixin.py:188} INFO - [2025-07-19T07:32:16.445+0000] {dag.py:3823} INFO - Setting next_dagrun for check_sklearn_version to None, run_after=None
[2025-07-19T07:32:16.465+0000] {processor.py:183} INFO - Processing /opt/airflow/dags/check_version.py took 0.085 seconds
[2025-07-19T07:32:46.821+0000] {processor.py:161} INFO - Started process (PID=4450) to work on /opt/airflow/dags/check_version.py
[2025-07-19T07:32:46.823+0000] {processor.py:830} INFO - Processing file /opt/airflow/dags/check_version.py for tasks to queue
[2025-07-19T07:32:46.826+0000] {logging_mixin.py:188} INFO - [2025-07-19T07:32:46.826+0000] {dagbag.py:538} INFO - Filling up the DagBag from /opt/airflow/dags/check_version.py
[2025-07-19T07:32:46.862+0000] {processor.py:840} INFO - DAG(s) 'check_sklearn_version' retrieved from /opt/airflow/dags/check_version.py
[2025-07-19T07:32:46.897+0000] {logging_mixin.py:188} INFO - [2025-07-19T07:32:46.896+0000] {dag.py:3036} INFO - Sync 1 DAGs
[2025-07-19T07:32:46.908+0000] {logging_mixin.py:188} INFO - [2025-07-19T07:32:46.908+0000] {dag.py:3823} INFO - Setting next_dagrun for check_sklearn_version to None, run_after=None
[2025-07-19T07:32:46.927+0000] {processor.py:183} INFO - Processing /opt/airflow/dags/check_version.py took 0.109 seconds
[2025-07-19T07:33:17.744+0000] {processor.py:161} INFO - Started process (PID=4480) to work on /opt/airflow/dags/check_version.py
[2025-07-19T07:33:17.745+0000] {processor.py:830} INFO - Processing file /opt/airflow/dags/check_version.py for tasks to queue
[2025-07-19T07:33:17.746+0000] {logging_mixin.py:188} INFO - [2025-07-19T07:33:17.746+0000] {dagbag.py:538} INFO - Filling up the DagBag from /opt/airflow/dags/check_version.py
[2025-07-19T07:33:17.895+0000] {processor.py:840} INFO - DAG(s) 'check_sklearn_version' retrieved from /opt/airflow/dags/check_version.py
[2025-07-19T07:33:17.919+0000] {logging_mixin.py:188} INFO - [2025-07-19T07:33:17.919+0000] {dag.py:3036} INFO - Sync 1 DAGs
[2025-07-19T07:33:17.931+0000] {logging_mixin.py:188} INFO - [2025-07-19T07:33:17.931+0000] {dag.py:3823} INFO - Setting next_dagrun for check_sklearn_version to None, run_after=None
[2025-07-19T07:33:17.952+0000] {processor.py:183} INFO - Processing /opt/airflow/dags/check_version.py took 0.211 seconds
[2025-07-19T07:33:48.768+0000] {processor.py:161} INFO - Started process (PID=4503) to work on /opt/airflow/dags/check_version.py
[2025-07-19T07:33:48.769+0000] {processor.py:830} INFO - Processing file /opt/airflow/dags/check_version.py for tasks to queue
[2025-07-19T07:33:48.770+0000] {logging_mixin.py:188} INFO - [2025-07-19T07:33:48.770+0000] {dagbag.py:538} INFO - Filling up the DagBag from /opt/airflow/dags/check_version.py
[2025-07-19T07:33:48.851+0000] {processor.py:840} INFO - DAG(s) 'check_sklearn_version' retrieved from /opt/airflow/dags/check_version.py
[2025-07-19T07:33:48.876+0000] {logging_mixin.py:188} INFO - [2025-07-19T07:33:48.876+0000] {dag.py:3036} INFO - Sync 1 DAGs
[2025-07-19T07:33:48.888+0000] {logging_mixin.py:188} INFO - [2025-07-19T07:33:48.887+0000] {dag.py:3823} INFO - Setting next_dagrun for check_sklearn_version to None, run_after=None
[2025-07-19T07:33:48.940+0000] {processor.py:183} INFO - Processing /opt/airflow/dags/check_version.py took 0.175 seconds
[2025-07-19T07:34:19.361+0000] {processor.py:161} INFO - Started process (PID=4523) to work on /opt/airflow/dags/check_version.py
[2025-07-19T07:34:19.394+0000] {processor.py:830} INFO - Processing file /opt/airflow/dags/check_version.py for tasks to queue
[2025-07-19T07:34:19.395+0000] {logging_mixin.py:188} INFO - [2025-07-19T07:34:19.395+0000] {dagbag.py:538} INFO - Filling up the DagBag from /opt/airflow/dags/check_version.py
[2025-07-19T07:34:19.435+0000] {processor.py:840} INFO - DAG(s) 'check_sklearn_version' retrieved from /opt/airflow/dags/check_version.py
[2025-07-19T07:34:19.468+0000] {logging_mixin.py:188} INFO - [2025-07-19T07:34:19.467+0000] {dag.py:3036} INFO - Sync 1 DAGs
[2025-07-19T07:34:19.483+0000] {logging_mixin.py:188} INFO - [2025-07-19T07:34:19.483+0000] {dag.py:3823} INFO - Setting next_dagrun for check_sklearn_version to None, run_after=None
[2025-07-19T07:34:19.572+0000] {processor.py:183} INFO - Processing /opt/airflow/dags/check_version.py took 0.217 seconds
[2025-07-19T07:34:49.971+0000] {processor.py:161} INFO - Started process (PID=4549) to work on /opt/airflow/dags/check_version.py
[2025-07-19T07:34:49.973+0000] {processor.py:830} INFO - Processing file /opt/airflow/dags/check_version.py for tasks to queue
[2025-07-19T07:34:49.973+0000] {logging_mixin.py:188} INFO - [2025-07-19T07:34:49.973+0000] {dagbag.py:538} INFO - Filling up the DagBag from /opt/airflow/dags/check_version.py
[2025-07-19T07:34:50.014+0000] {processor.py:840} INFO - DAG(s) 'check_sklearn_version' retrieved from /opt/airflow/dags/check_version.py
[2025-07-19T07:34:50.189+0000] {logging_mixin.py:188} INFO - [2025-07-19T07:34:50.189+0000] {dag.py:3036} INFO - Sync 1 DAGs
[2025-07-19T07:34:50.202+0000] {logging_mixin.py:188} INFO - [2025-07-19T07:34:50.201+0000] {dag.py:3823} INFO - Setting next_dagrun for check_sklearn_version to None, run_after=None
[2025-07-19T07:34:50.222+0000] {processor.py:183} INFO - Processing /opt/airflow/dags/check_version.py took 0.253 seconds
[2025-07-19T07:35:21.611+0000] {processor.py:161} INFO - Started process (PID=4573) to work on /opt/airflow/dags/check_version.py
[2025-07-19T07:35:21.612+0000] {processor.py:830} INFO - Processing file /opt/airflow/dags/check_version.py for tasks to queue
[2025-07-19T07:35:21.613+0000] {logging_mixin.py:188} INFO - [2025-07-19T07:35:21.613+0000] {dagbag.py:538} INFO - Filling up the DagBag from /opt/airflow/dags/check_version.py
[2025-07-19T07:35:22.020+0000] {processor.py:840} INFO - DAG(s) 'check_sklearn_version' retrieved from /opt/airflow/dags/check_version.py
[2025-07-19T07:35:22.213+0000] {logging_mixin.py:188} INFO - [2025-07-19T07:35:22.213+0000] {dag.py:3036} INFO - Sync 1 DAGs
[2025-07-19T07:35:22.226+0000] {logging_mixin.py:188} INFO - [2025-07-19T07:35:22.226+0000] {dag.py:3823} INFO - Setting next_dagrun for check_sklearn_version to None, run_after=None
[2025-07-19T07:35:22.381+0000] {processor.py:183} INFO - Processing /opt/airflow/dags/check_version.py took 0.772 seconds
[2025-07-19T07:35:54.052+0000] {processor.py:161} INFO - Started process (PID=4594) to work on /opt/airflow/dags/check_version.py
[2025-07-19T07:35:54.053+0000] {processor.py:830} INFO - Processing file /opt/airflow/dags/check_version.py for tasks to queue
[2025-07-19T07:35:54.054+0000] {logging_mixin.py:188} INFO - [2025-07-19T07:35:54.054+0000] {dagbag.py:538} INFO - Filling up the DagBag from /opt/airflow/dags/check_version.py
[2025-07-19T07:35:54.338+0000] {processor.py:840} INFO - DAG(s) 'check_sklearn_version' retrieved from /opt/airflow/dags/check_version.py
[2025-07-19T07:35:54.440+0000] {logging_mixin.py:188} INFO - [2025-07-19T07:35:54.440+0000] {dag.py:3036} INFO - Sync 1 DAGs
[2025-07-19T07:35:54.451+0000] {logging_mixin.py:188} INFO - [2025-07-19T07:35:54.450+0000] {dag.py:3823} INFO - Setting next_dagrun for check_sklearn_version to None, run_after=None
[2025-07-19T07:35:54.600+0000] {processor.py:183} INFO - Processing /opt/airflow/dags/check_version.py took 0.550 seconds
[2025-07-19T07:36:25.473+0000] {processor.py:161} INFO - Started process (PID=4630) to work on /opt/airflow/dags/check_version.py
[2025-07-19T07:36:25.473+0000] {processor.py:830} INFO - Processing file /opt/airflow/dags/check_version.py for tasks to queue
[2025-07-19T07:36:25.474+0000] {logging_mixin.py:188} INFO - [2025-07-19T07:36:25.474+0000] {dagbag.py:538} INFO - Filling up the DagBag from /opt/airflow/dags/check_version.py
[2025-07-19T07:36:25.545+0000] {processor.py:840} INFO - DAG(s) 'check_sklearn_version' retrieved from /opt/airflow/dags/check_version.py
[2025-07-19T07:36:25.650+0000] {logging_mixin.py:188} INFO - [2025-07-19T07:36:25.649+0000] {dag.py:3036} INFO - Sync 1 DAGs
[2025-07-19T07:36:25.662+0000] {logging_mixin.py:188} INFO - [2025-07-19T07:36:25.662+0000] {dag.py:3823} INFO - Setting next_dagrun for check_sklearn_version to None, run_after=None
[2025-07-19T07:36:25.782+0000] {processor.py:183} INFO - Processing /opt/airflow/dags/check_version.py took 0.313 seconds
[2025-07-19T07:36:56.440+0000] {processor.py:161} INFO - Started process (PID=4652) to work on /opt/airflow/dags/check_version.py
[2025-07-19T07:36:56.442+0000] {processor.py:830} INFO - Processing file /opt/airflow/dags/check_version.py for tasks to queue
[2025-07-19T07:36:56.443+0000] {logging_mixin.py:188} INFO - [2025-07-19T07:36:56.442+0000] {dagbag.py:538} INFO - Filling up the DagBag from /opt/airflow/dags/check_version.py
[2025-07-19T07:36:56.478+0000] {processor.py:840} INFO - DAG(s) 'check_sklearn_version' retrieved from /opt/airflow/dags/check_version.py
[2025-07-19T07:36:56.708+0000] {logging_mixin.py:188} INFO - [2025-07-19T07:36:56.708+0000] {dag.py:3036} INFO - Sync 1 DAGs
[2025-07-19T07:36:56.725+0000] {logging_mixin.py:188} INFO - [2025-07-19T07:36:56.724+0000] {dag.py:3823} INFO - Setting next_dagrun for check_sklearn_version to None, run_after=None
[2025-07-19T07:36:56.754+0000] {processor.py:183} INFO - Processing /opt/airflow/dags/check_version.py took 0.318 seconds
[2025-07-19T07:37:27.231+0000] {processor.py:161} INFO - Started process (PID=4676) to work on /opt/airflow/dags/check_version.py
[2025-07-19T07:37:27.232+0000] {processor.py:830} INFO - Processing file /opt/airflow/dags/check_version.py for tasks to queue
[2025-07-19T07:37:27.233+0000] {logging_mixin.py:188} INFO - [2025-07-19T07:37:27.232+0000] {dagbag.py:538} INFO - Filling up the DagBag from /opt/airflow/dags/check_version.py
[2025-07-19T07:37:27.245+0000] {processor.py:840} INFO - DAG(s) 'check_sklearn_version' retrieved from /opt/airflow/dags/check_version.py
[2025-07-19T07:37:27.325+0000] {logging_mixin.py:188} INFO - [2025-07-19T07:37:27.324+0000] {dag.py:3036} INFO - Sync 1 DAGs
[2025-07-19T07:37:27.343+0000] {logging_mixin.py:188} INFO - [2025-07-19T07:37:27.342+0000] {dag.py:3823} INFO - Setting next_dagrun for check_sklearn_version to None, run_after=None
[2025-07-19T07:37:27.376+0000] {processor.py:183} INFO - Processing /opt/airflow/dags/check_version.py took 0.148 seconds
[2025-07-19T07:37:58.121+0000] {processor.py:161} INFO - Started process (PID=4696) to work on /opt/airflow/dags/check_version.py
[2025-07-19T07:37:58.122+0000] {processor.py:830} INFO - Processing file /opt/airflow/dags/check_version.py for tasks to queue
[2025-07-19T07:37:58.124+0000] {logging_mixin.py:188} INFO - [2025-07-19T07:37:58.123+0000] {dagbag.py:538} INFO - Filling up the DagBag from /opt/airflow/dags/check_version.py
[2025-07-19T07:37:58.137+0000] {processor.py:840} INFO - DAG(s) 'check_sklearn_version' retrieved from /opt/airflow/dags/check_version.py
[2025-07-19T07:37:58.729+0000] {logging_mixin.py:188} INFO - [2025-07-19T07:37:58.728+0000] {dag.py:3036} INFO - Sync 1 DAGs
[2025-07-19T07:37:58.816+0000] {logging_mixin.py:188} INFO - [2025-07-19T07:37:58.816+0000] {dag.py:3823} INFO - Setting next_dagrun for check_sklearn_version to None, run_after=None
[2025-07-19T07:38:00.304+0000] {processor.py:183} INFO - Processing /opt/airflow/dags/check_version.py took 2.188 seconds
[2025-07-19T07:38:44.252+0000] {processor.py:161} INFO - Started process (PID=4718) to work on /opt/airflow/dags/check_version.py
[2025-07-19T07:38:44.301+0000] {processor.py:830} INFO - Processing file /opt/airflow/dags/check_version.py for tasks to queue
[2025-07-19T07:38:44.302+0000] {logging_mixin.py:188} INFO - [2025-07-19T07:38:44.302+0000] {dagbag.py:538} INFO - Filling up the DagBag from /opt/airflow/dags/check_version.py
[2025-07-19T07:38:44.326+0000] {processor.py:840} INFO - DAG(s) 'check_sklearn_version' retrieved from /opt/airflow/dags/check_version.py
[2025-07-19T07:38:44.351+0000] {logging_mixin.py:188} INFO - [2025-07-19T07:38:44.350+0000] {dag.py:3036} INFO - Sync 1 DAGs
[2025-07-19T07:38:44.362+0000] {logging_mixin.py:188} INFO - [2025-07-19T07:38:44.361+0000] {dag.py:3823} INFO - Setting next_dagrun for check_sklearn_version to None, run_after=None
[2025-07-19T07:38:44.381+0000] {processor.py:183} INFO - Processing /opt/airflow/dags/check_version.py took 0.132 seconds
[2025-07-19T07:39:21.261+0000] {processor.py:161} INFO - Started process (PID=4741) to work on /opt/airflow/dags/check_version.py
[2025-07-19T07:39:21.262+0000] {processor.py:830} INFO - Processing file /opt/airflow/dags/check_version.py for tasks to queue
[2025-07-19T07:39:21.263+0000] {logging_mixin.py:188} INFO - [2025-07-19T07:39:21.263+0000] {dagbag.py:538} INFO - Filling up the DagBag from /opt/airflow/dags/check_version.py
[2025-07-19T07:39:21.277+0000] {processor.py:840} INFO - DAG(s) 'check_sklearn_version' retrieved from /opt/airflow/dags/check_version.py
[2025-07-19T07:39:21.306+0000] {logging_mixin.py:188} INFO - [2025-07-19T07:39:21.306+0000] {dag.py:3036} INFO - Sync 1 DAGs
[2025-07-19T07:39:22.756+0000] {logging_mixin.py:188} INFO - [2025-07-19T07:39:22.756+0000] {dag.py:3823} INFO - Setting next_dagrun for check_sklearn_version to None, run_after=None
[2025-07-19T07:39:23.335+0000] {processor.py:183} INFO - Processing /opt/airflow/dags/check_version.py took 2.078 seconds
[2025-07-19T07:39:54.994+0000] {processor.py:161} INFO - Started process (PID=4766) to work on /opt/airflow/dags/check_version.py
[2025-07-19T07:39:54.995+0000] {processor.py:830} INFO - Processing file /opt/airflow/dags/check_version.py for tasks to queue
[2025-07-19T07:39:54.996+0000] {logging_mixin.py:188} INFO - [2025-07-19T07:39:54.996+0000] {dagbag.py:538} INFO - Filling up the DagBag from /opt/airflow/dags/check_version.py
[2025-07-19T07:39:55.177+0000] {processor.py:840} INFO - DAG(s) 'check_sklearn_version' retrieved from /opt/airflow/dags/check_version.py
[2025-07-19T07:39:55.204+0000] {logging_mixin.py:188} INFO - [2025-07-19T07:39:55.203+0000] {dag.py:3036} INFO - Sync 1 DAGs
[2025-07-19T07:39:55.215+0000] {logging_mixin.py:188} INFO - [2025-07-19T07:39:55.214+0000] {dag.py:3823} INFO - Setting next_dagrun for check_sklearn_version to None, run_after=None
[2025-07-19T07:39:55.235+0000] {processor.py:183} INFO - Processing /opt/airflow/dags/check_version.py took 0.245 seconds
[2025-07-19T07:40:25.874+0000] {processor.py:161} INFO - Started process (PID=4786) to work on /opt/airflow/dags/check_version.py
[2025-07-19T07:40:25.875+0000] {processor.py:830} INFO - Processing file /opt/airflow/dags/check_version.py for tasks to queue
[2025-07-19T07:40:25.876+0000] {logging_mixin.py:188} INFO - [2025-07-19T07:40:25.876+0000] {dagbag.py:538} INFO - Filling up the DagBag from /opt/airflow/dags/check_version.py
[2025-07-19T07:40:25.961+0000] {processor.py:840} INFO - DAG(s) 'check_sklearn_version' retrieved from /opt/airflow/dags/check_version.py
[2025-07-19T07:40:25.984+0000] {logging_mixin.py:188} INFO - [2025-07-19T07:40:25.983+0000] {dag.py:3036} INFO - Sync 1 DAGs
[2025-07-19T07:40:25.995+0000] {logging_mixin.py:188} INFO - [2025-07-19T07:40:25.994+0000] {dag.py:3823} INFO - Setting next_dagrun for check_sklearn_version to None, run_after=None
[2025-07-19T07:40:26.127+0000] {processor.py:183} INFO - Processing /opt/airflow/dags/check_version.py took 0.257 seconds
[2025-07-19T07:40:56.586+0000] {processor.py:161} INFO - Started process (PID=4806) to work on /opt/airflow/dags/check_version.py
[2025-07-19T07:40:56.587+0000] {processor.py:830} INFO - Processing file /opt/airflow/dags/check_version.py for tasks to queue
[2025-07-19T07:40:56.588+0000] {logging_mixin.py:188} INFO - [2025-07-19T07:40:56.588+0000] {dagbag.py:538} INFO - Filling up the DagBag from /opt/airflow/dags/check_version.py
[2025-07-19T07:40:56.600+0000] {processor.py:840} INFO - DAG(s) 'check_sklearn_version' retrieved from /opt/airflow/dags/check_version.py
[2025-07-19T07:40:56.628+0000] {logging_mixin.py:188} INFO - [2025-07-19T07:40:56.628+0000] {dag.py:3036} INFO - Sync 1 DAGs
[2025-07-19T07:40:56.649+0000] {logging_mixin.py:188} INFO - [2025-07-19T07:40:56.648+0000] {dag.py:3823} INFO - Setting next_dagrun for check_sklearn_version to None, run_after=None
[2025-07-19T07:40:56.749+0000] {processor.py:183} INFO - Processing /opt/airflow/dags/check_version.py took 0.166 seconds
[2025-07-19T07:41:27.345+0000] {processor.py:161} INFO - Started process (PID=4826) to work on /opt/airflow/dags/check_version.py
[2025-07-19T07:41:27.346+0000] {processor.py:830} INFO - Processing file /opt/airflow/dags/check_version.py for tasks to queue
[2025-07-19T07:41:27.347+0000] {logging_mixin.py:188} INFO - [2025-07-19T07:41:27.346+0000] {dagbag.py:538} INFO - Filling up the DagBag from /opt/airflow/dags/check_version.py
[2025-07-19T07:41:27.417+0000] {processor.py:840} INFO - DAG(s) 'check_sklearn_version' retrieved from /opt/airflow/dags/check_version.py
[2025-07-19T07:41:27.446+0000] {logging_mixin.py:188} INFO - [2025-07-19T07:41:27.446+0000] {dag.py:3036} INFO - Sync 1 DAGs
[2025-07-19T07:41:27.457+0000] {logging_mixin.py:188} INFO - [2025-07-19T07:41:27.457+0000] {dag.py:3823} INFO - Setting next_dagrun for check_sklearn_version to None, run_after=None
[2025-07-19T07:41:27.492+0000] {processor.py:183} INFO - Processing /opt/airflow/dags/check_version.py took 0.151 seconds
[2025-07-19T07:41:58.218+0000] {processor.py:161} INFO - Started process (PID=4846) to work on /opt/airflow/dags/check_version.py
[2025-07-19T07:41:58.220+0000] {processor.py:830} INFO - Processing file /opt/airflow/dags/check_version.py for tasks to queue
[2025-07-19T07:41:58.221+0000] {logging_mixin.py:188} INFO - [2025-07-19T07:41:58.221+0000] {dagbag.py:538} INFO - Filling up the DagBag from /opt/airflow/dags/check_version.py
[2025-07-19T07:41:58.236+0000] {processor.py:840} INFO - DAG(s) 'check_sklearn_version' retrieved from /opt/airflow/dags/check_version.py
[2025-07-19T07:41:58.260+0000] {logging_mixin.py:188} INFO - [2025-07-19T07:41:58.260+0000] {dag.py:3036} INFO - Sync 1 DAGs
[2025-07-19T07:41:58.271+0000] {logging_mixin.py:188} INFO - [2025-07-19T07:41:58.271+0000] {dag.py:3823} INFO - Setting next_dagrun for check_sklearn_version to None, run_after=None
[2025-07-19T07:41:58.416+0000] {processor.py:183} INFO - Processing /opt/airflow/dags/check_version.py took 0.201 seconds
[2025-07-19T07:42:29.973+0000] {processor.py:161} INFO - Started process (PID=4866) to work on /opt/airflow/dags/check_version.py
[2025-07-19T07:42:29.974+0000] {processor.py:830} INFO - Processing file /opt/airflow/dags/check_version.py for tasks to queue
[2025-07-19T07:42:29.975+0000] {logging_mixin.py:188} INFO - [2025-07-19T07:42:29.974+0000] {dagbag.py:538} INFO - Filling up the DagBag from /opt/airflow/dags/check_version.py
[2025-07-19T07:42:30.170+0000] {processor.py:840} INFO - DAG(s) 'check_sklearn_version' retrieved from /opt/airflow/dags/check_version.py
[2025-07-19T07:42:30.443+0000] {logging_mixin.py:188} INFO - [2025-07-19T07:42:30.442+0000] {dag.py:3036} INFO - Sync 1 DAGs
[2025-07-19T07:42:30.454+0000] {logging_mixin.py:188} INFO - [2025-07-19T07:42:30.454+0000] {dag.py:3823} INFO - Setting next_dagrun for check_sklearn_version to None, run_after=None
[2025-07-19T07:42:31.221+0000] {processor.py:183} INFO - Processing /opt/airflow/dags/check_version.py took 1.253 seconds
[2025-07-19T07:43:02.201+0000] {processor.py:161} INFO - Started process (PID=4888) to work on /opt/airflow/dags/check_version.py
[2025-07-19T07:43:02.204+0000] {processor.py:830} INFO - Processing file /opt/airflow/dags/check_version.py for tasks to queue
[2025-07-19T07:43:02.206+0000] {logging_mixin.py:188} INFO - [2025-07-19T07:43:02.205+0000] {dagbag.py:538} INFO - Filling up the DagBag from /opt/airflow/dags/check_version.py
[2025-07-19T07:43:02.607+0000] {processor.py:840} INFO - DAG(s) 'check_sklearn_version' retrieved from /opt/airflow/dags/check_version.py
[2025-07-19T07:43:02.680+0000] {logging_mixin.py:188} INFO - [2025-07-19T07:43:02.679+0000] {dag.py:3036} INFO - Sync 1 DAGs
[2025-07-19T07:43:02.706+0000] {logging_mixin.py:188} INFO - [2025-07-19T07:43:02.705+0000] {dag.py:3823} INFO - Setting next_dagrun for check_sklearn_version to None, run_after=None
[2025-07-19T07:43:02.750+0000] {processor.py:183} INFO - Processing /opt/airflow/dags/check_version.py took 0.554 seconds
[2025-07-19T07:43:33.484+0000] {processor.py:161} INFO - Started process (PID=4915) to work on /opt/airflow/dags/check_version.py
[2025-07-19T07:43:33.485+0000] {processor.py:830} INFO - Processing file /opt/airflow/dags/check_version.py for tasks to queue
[2025-07-19T07:43:33.488+0000] {logging_mixin.py:188} INFO - [2025-07-19T07:43:33.487+0000] {dagbag.py:538} INFO - Filling up the DagBag from /opt/airflow/dags/check_version.py
[2025-07-19T07:43:33.577+0000] {processor.py:840} INFO - DAG(s) 'check_sklearn_version' retrieved from /opt/airflow/dags/check_version.py
[2025-07-19T07:43:33.614+0000] {logging_mixin.py:188} INFO - [2025-07-19T07:43:33.613+0000] {dag.py:3036} INFO - Sync 1 DAGs
[2025-07-19T07:43:33.630+0000] {logging_mixin.py:188} INFO - [2025-07-19T07:43:33.630+0000] {dag.py:3823} INFO - Setting next_dagrun for check_sklearn_version to None, run_after=None
[2025-07-19T07:43:33.831+0000] {processor.py:183} INFO - Processing /opt/airflow/dags/check_version.py took 0.355 seconds
[2025-07-19T07:44:04.626+0000] {processor.py:161} INFO - Started process (PID=5021) to work on /opt/airflow/dags/check_version.py
[2025-07-19T07:44:04.628+0000] {processor.py:830} INFO - Processing file /opt/airflow/dags/check_version.py for tasks to queue
[2025-07-19T07:44:04.630+0000] {logging_mixin.py:188} INFO - [2025-07-19T07:44:04.629+0000] {dagbag.py:538} INFO - Filling up the DagBag from /opt/airflow/dags/check_version.py
[2025-07-19T07:44:04.693+0000] {processor.py:840} INFO - DAG(s) 'check_sklearn_version' retrieved from /opt/airflow/dags/check_version.py
[2025-07-19T07:44:04.729+0000] {logging_mixin.py:188} INFO - [2025-07-19T07:44:04.729+0000] {dag.py:3036} INFO - Sync 1 DAGs
[2025-07-19T07:44:04.748+0000] {logging_mixin.py:188} INFO - [2025-07-19T07:44:04.748+0000] {dag.py:3823} INFO - Setting next_dagrun for check_sklearn_version to None, run_after=None
[2025-07-19T07:44:04.781+0000] {processor.py:183} INFO - Processing /opt/airflow/dags/check_version.py took 0.160 seconds
[2025-07-19T07:45:13.915+0000] {processor.py:161} INFO - Started process (PID=5069) to work on /opt/airflow/dags/check_version.py
[2025-07-19T07:45:13.916+0000] {processor.py:830} INFO - Processing file /opt/airflow/dags/check_version.py for tasks to queue
[2025-07-19T07:45:13.917+0000] {logging_mixin.py:188} INFO - [2025-07-19T07:45:13.917+0000] {dagbag.py:538} INFO - Filling up the DagBag from /opt/airflow/dags/check_version.py
[2025-07-19T07:45:13.944+0000] {processor.py:840} INFO - DAG(s) 'check_sklearn_version' retrieved from /opt/airflow/dags/check_version.py
[2025-07-19T07:45:13.983+0000] {logging_mixin.py:188} INFO - [2025-07-19T07:45:13.983+0000] {dag.py:3036} INFO - Sync 1 DAGs
[2025-07-19T07:45:14.000+0000] {logging_mixin.py:188} INFO - [2025-07-19T07:45:14.000+0000] {dag.py:3823} INFO - Setting next_dagrun for check_sklearn_version to None, run_after=None
[2025-07-19T07:45:14.739+0000] {processor.py:183} INFO - Processing /opt/airflow/dags/check_version.py took 0.830 seconds
[2025-07-19T07:45:58.443+0000] {processor.py:161} INFO - Started process (PID=5112) to work on /opt/airflow/dags/check_version.py
[2025-07-19T07:45:58.445+0000] {processor.py:830} INFO - Processing file /opt/airflow/dags/check_version.py for tasks to queue
[2025-07-19T07:45:58.447+0000] {logging_mixin.py:188} INFO - [2025-07-19T07:45:58.446+0000] {dagbag.py:538} INFO - Filling up the DagBag from /opt/airflow/dags/check_version.py
[2025-07-19T07:45:58.566+0000] {processor.py:840} INFO - DAG(s) 'check_sklearn_version' retrieved from /opt/airflow/dags/check_version.py
[2025-07-19T07:45:58.852+0000] {logging_mixin.py:188} INFO - [2025-07-19T07:45:58.852+0000] {dag.py:3036} INFO - Sync 1 DAGs
[2025-07-19T07:46:00.632+0000] {logging_mixin.py:188} INFO - [2025-07-19T07:46:00.631+0000] {dag.py:3823} INFO - Setting next_dagrun for check_sklearn_version to None, run_after=None
[2025-07-19T07:46:03.223+0000] {processor.py:183} INFO - Processing /opt/airflow/dags/check_version.py took 4.785 seconds
[2025-07-19T07:46:53.929+0000] {processor.py:161} INFO - Started process (PID=5153) to work on /opt/airflow/dags/check_version.py
[2025-07-19T07:46:53.931+0000] {processor.py:830} INFO - Processing file /opt/airflow/dags/check_version.py for tasks to queue
[2025-07-19T07:46:53.933+0000] {logging_mixin.py:188} INFO - [2025-07-19T07:46:53.932+0000] {dagbag.py:538} INFO - Filling up the DagBag from /opt/airflow/dags/check_version.py
[2025-07-19T07:46:53.957+0000] {processor.py:840} INFO - DAG(s) 'check_sklearn_version' retrieved from /opt/airflow/dags/check_version.py
[2025-07-19T07:46:54.048+0000] {logging_mixin.py:188} INFO - [2025-07-19T07:46:54.048+0000] {dag.py:3036} INFO - Sync 1 DAGs
[2025-07-19T07:46:54.287+0000] {logging_mixin.py:188} INFO - [2025-07-19T07:46:54.287+0000] {dag.py:3823} INFO - Setting next_dagrun for check_sklearn_version to None, run_after=None
[2025-07-19T07:46:54.471+0000] {processor.py:183} INFO - Processing /opt/airflow/dags/check_version.py took 0.549 seconds
[2025-07-19T07:47:27.646+0000] {processor.py:161} INFO - Started process (PID=5173) to work on /opt/airflow/dags/check_version.py
[2025-07-19T07:47:27.647+0000] {processor.py:830} INFO - Processing file /opt/airflow/dags/check_version.py for tasks to queue
[2025-07-19T07:47:27.649+0000] {logging_mixin.py:188} INFO - [2025-07-19T07:47:27.648+0000] {dagbag.py:538} INFO - Filling up the DagBag from /opt/airflow/dags/check_version.py
[2025-07-19T07:47:27.678+0000] {processor.py:840} INFO - DAG(s) 'check_sklearn_version' retrieved from /opt/airflow/dags/check_version.py
[2025-07-19T07:47:27.812+0000] {logging_mixin.py:188} INFO - [2025-07-19T07:47:27.812+0000] {dag.py:3036} INFO - Sync 1 DAGs
[2025-07-19T07:47:27.826+0000] {logging_mixin.py:188} INFO - [2025-07-19T07:47:27.826+0000] {dag.py:3823} INFO - Setting next_dagrun for check_sklearn_version to None, run_after=None
[2025-07-19T07:47:27.999+0000] {processor.py:183} INFO - Processing /opt/airflow/dags/check_version.py took 0.358 seconds
[2025-07-19T07:47:58.828+0000] {processor.py:161} INFO - Started process (PID=5193) to work on /opt/airflow/dags/check_version.py
[2025-07-19T07:47:58.829+0000] {processor.py:830} INFO - Processing file /opt/airflow/dags/check_version.py for tasks to queue
[2025-07-19T07:47:58.831+0000] {logging_mixin.py:188} INFO - [2025-07-19T07:47:58.831+0000] {dagbag.py:538} INFO - Filling up the DagBag from /opt/airflow/dags/check_version.py
[2025-07-19T07:47:58.888+0000] {processor.py:840} INFO - DAG(s) 'check_sklearn_version' retrieved from /opt/airflow/dags/check_version.py
[2025-07-19T07:47:58.930+0000] {logging_mixin.py:188} INFO - [2025-07-19T07:47:58.929+0000] {dag.py:3036} INFO - Sync 1 DAGs
[2025-07-19T07:47:58.946+0000] {logging_mixin.py:188} INFO - [2025-07-19T07:47:58.946+0000] {dag.py:3823} INFO - Setting next_dagrun for check_sklearn_version to None, run_after=None
[2025-07-19T07:47:58.978+0000] {processor.py:183} INFO - Processing /opt/airflow/dags/check_version.py took 0.155 seconds
[2025-07-19T07:48:29.614+0000] {processor.py:161} INFO - Started process (PID=5213) to work on /opt/airflow/dags/check_version.py
[2025-07-19T07:48:29.616+0000] {processor.py:830} INFO - Processing file /opt/airflow/dags/check_version.py for tasks to queue
[2025-07-19T07:48:29.619+0000] {logging_mixin.py:188} INFO - [2025-07-19T07:48:29.618+0000] {dagbag.py:538} INFO - Filling up the DagBag from /opt/airflow/dags/check_version.py
[2025-07-19T07:48:29.693+0000] {processor.py:840} INFO - DAG(s) 'check_sklearn_version' retrieved from /opt/airflow/dags/check_version.py
[2025-07-19T07:48:29.736+0000] {logging_mixin.py:188} INFO - [2025-07-19T07:48:29.736+0000] {dag.py:3036} INFO - Sync 1 DAGs
[2025-07-19T07:48:29.754+0000] {logging_mixin.py:188} INFO - [2025-07-19T07:48:29.754+0000] {dag.py:3823} INFO - Setting next_dagrun for check_sklearn_version to None, run_after=None
[2025-07-19T07:48:29.786+0000] {processor.py:183} INFO - Processing /opt/airflow/dags/check_version.py took 0.180 seconds
[2025-07-19T07:48:59.979+0000] {processor.py:161} INFO - Started process (PID=5240) to work on /opt/airflow/dags/check_version.py
[2025-07-19T07:48:59.981+0000] {processor.py:830} INFO - Processing file /opt/airflow/dags/check_version.py for tasks to queue
[2025-07-19T07:48:59.983+0000] {logging_mixin.py:188} INFO - [2025-07-19T07:48:59.982+0000] {dagbag.py:538} INFO - Filling up the DagBag from /opt/airflow/dags/check_version.py
[2025-07-19T07:49:00.065+0000] {processor.py:840} INFO - DAG(s) 'check_sklearn_version' retrieved from /opt/airflow/dags/check_version.py
[2025-07-19T07:49:00.118+0000] {logging_mixin.py:188} INFO - [2025-07-19T07:49:00.118+0000] {dag.py:3036} INFO - Sync 1 DAGs
[2025-07-19T07:49:00.139+0000] {logging_mixin.py:188} INFO - [2025-07-19T07:49:00.139+0000] {dag.py:3823} INFO - Setting next_dagrun for check_sklearn_version to None, run_after=None
[2025-07-19T07:49:00.172+0000] {processor.py:183} INFO - Processing /opt/airflow/dags/check_version.py took 0.197 seconds
[2025-07-19T07:49:30.698+0000] {processor.py:161} INFO - Started process (PID=5325) to work on /opt/airflow/dags/check_version.py
[2025-07-19T07:49:30.700+0000] {processor.py:830} INFO - Processing file /opt/airflow/dags/check_version.py for tasks to queue
[2025-07-19T07:49:30.703+0000] {logging_mixin.py:188} INFO - [2025-07-19T07:49:30.702+0000] {dagbag.py:538} INFO - Filling up the DagBag from /opt/airflow/dags/check_version.py
[2025-07-19T07:49:30.752+0000] {processor.py:840} INFO - DAG(s) 'check_sklearn_version' retrieved from /opt/airflow/dags/check_version.py
[2025-07-19T07:49:30.816+0000] {logging_mixin.py:188} INFO - [2025-07-19T07:49:30.815+0000] {dag.py:3036} INFO - Sync 1 DAGs
[2025-07-19T07:49:30.836+0000] {logging_mixin.py:188} INFO - [2025-07-19T07:49:30.836+0000] {dag.py:3823} INFO - Setting next_dagrun for check_sklearn_version to None, run_after=None
[2025-07-19T07:49:30.865+0000] {processor.py:183} INFO - Processing /opt/airflow/dags/check_version.py took 0.173 seconds
[2025-07-19T07:50:01.725+0000] {processor.py:161} INFO - Started process (PID=5350) to work on /opt/airflow/dags/check_version.py
[2025-07-19T07:50:01.727+0000] {processor.py:830} INFO - Processing file /opt/airflow/dags/check_version.py for tasks to queue
[2025-07-19T07:50:01.728+0000] {logging_mixin.py:188} INFO - [2025-07-19T07:50:01.728+0000] {dagbag.py:538} INFO - Filling up the DagBag from /opt/airflow/dags/check_version.py
[2025-07-19T07:50:01.760+0000] {processor.py:840} INFO - DAG(s) 'check_sklearn_version' retrieved from /opt/airflow/dags/check_version.py
[2025-07-19T07:50:01.796+0000] {logging_mixin.py:188} INFO - [2025-07-19T07:50:01.796+0000] {dag.py:3036} INFO - Sync 1 DAGs
[2025-07-19T07:50:01.812+0000] {logging_mixin.py:188} INFO - [2025-07-19T07:50:01.811+0000] {dag.py:3823} INFO - Setting next_dagrun for check_sklearn_version to None, run_after=None
[2025-07-19T07:50:01.840+0000] {processor.py:183} INFO - Processing /opt/airflow/dags/check_version.py took 0.119 seconds
[2025-07-19T07:50:32.072+0000] {processor.py:161} INFO - Started process (PID=5370) to work on /opt/airflow/dags/check_version.py
[2025-07-19T07:50:32.073+0000] {processor.py:830} INFO - Processing file /opt/airflow/dags/check_version.py for tasks to queue
[2025-07-19T07:50:32.075+0000] {logging_mixin.py:188} INFO - [2025-07-19T07:50:32.075+0000] {dagbag.py:538} INFO - Filling up the DagBag from /opt/airflow/dags/check_version.py
[2025-07-19T07:50:32.103+0000] {processor.py:840} INFO - DAG(s) 'check_sklearn_version' retrieved from /opt/airflow/dags/check_version.py
[2025-07-19T07:50:32.136+0000] {logging_mixin.py:188} INFO - [2025-07-19T07:50:32.136+0000] {dag.py:3036} INFO - Sync 1 DAGs
[2025-07-19T07:50:32.151+0000] {logging_mixin.py:188} INFO - [2025-07-19T07:50:32.151+0000] {dag.py:3823} INFO - Setting next_dagrun for check_sklearn_version to None, run_after=None
[2025-07-19T07:50:32.179+0000] {processor.py:183} INFO - Processing /opt/airflow/dags/check_version.py took 0.112 seconds
[2025-07-19T07:51:03.038+0000] {processor.py:161} INFO - Started process (PID=5390) to work on /opt/airflow/dags/check_version.py
[2025-07-19T07:51:03.040+0000] {processor.py:830} INFO - Processing file /opt/airflow/dags/check_version.py for tasks to queue
[2025-07-19T07:51:03.042+0000] {logging_mixin.py:188} INFO - [2025-07-19T07:51:03.041+0000] {dagbag.py:538} INFO - Filling up the DagBag from /opt/airflow/dags/check_version.py
[2025-07-19T07:51:03.087+0000] {processor.py:840} INFO - DAG(s) 'check_sklearn_version' retrieved from /opt/airflow/dags/check_version.py
[2025-07-19T07:51:03.122+0000] {logging_mixin.py:188} INFO - [2025-07-19T07:51:03.122+0000] {dag.py:3036} INFO - Sync 1 DAGs
[2025-07-19T07:51:03.137+0000] {logging_mixin.py:188} INFO - [2025-07-19T07:51:03.137+0000] {dag.py:3823} INFO - Setting next_dagrun for check_sklearn_version to None, run_after=None
[2025-07-19T07:51:03.201+0000] {processor.py:183} INFO - Processing /opt/airflow/dags/check_version.py took 0.169 seconds
[2025-07-19T07:51:34.083+0000] {processor.py:161} INFO - Started process (PID=5410) to work on /opt/airflow/dags/check_version.py
[2025-07-19T07:51:34.085+0000] {processor.py:830} INFO - Processing file /opt/airflow/dags/check_version.py for tasks to queue
[2025-07-19T07:51:34.086+0000] {logging_mixin.py:188} INFO - [2025-07-19T07:51:34.086+0000] {dagbag.py:538} INFO - Filling up the DagBag from /opt/airflow/dags/check_version.py
[2025-07-19T07:51:34.114+0000] {processor.py:840} INFO - DAG(s) 'check_sklearn_version' retrieved from /opt/airflow/dags/check_version.py
[2025-07-19T07:51:34.163+0000] {logging_mixin.py:188} INFO - [2025-07-19T07:51:34.162+0000] {dag.py:3036} INFO - Sync 1 DAGs
[2025-07-19T07:51:34.181+0000] {logging_mixin.py:188} INFO - [2025-07-19T07:51:34.181+0000] {dag.py:3823} INFO - Setting next_dagrun for check_sklearn_version to None, run_after=None
[2025-07-19T07:51:34.212+0000] {processor.py:183} INFO - Processing /opt/airflow/dags/check_version.py took 0.132 seconds
[2025-07-19T07:52:04.889+0000] {processor.py:161} INFO - Started process (PID=5430) to work on /opt/airflow/dags/check_version.py
[2025-07-19T07:52:04.891+0000] {processor.py:830} INFO - Processing file /opt/airflow/dags/check_version.py for tasks to queue
[2025-07-19T07:52:04.893+0000] {logging_mixin.py:188} INFO - [2025-07-19T07:52:04.892+0000] {dagbag.py:538} INFO - Filling up the DagBag from /opt/airflow/dags/check_version.py
[2025-07-19T07:52:04.931+0000] {processor.py:840} INFO - DAG(s) 'check_sklearn_version' retrieved from /opt/airflow/dags/check_version.py
[2025-07-19T07:52:04.993+0000] {logging_mixin.py:188} INFO - [2025-07-19T07:52:04.993+0000] {dag.py:3036} INFO - Sync 1 DAGs
[2025-07-19T07:52:05.018+0000] {logging_mixin.py:188} INFO - [2025-07-19T07:52:05.017+0000] {dag.py:3823} INFO - Setting next_dagrun for check_sklearn_version to None, run_after=None
[2025-07-19T07:52:05.054+0000] {processor.py:183} INFO - Processing /opt/airflow/dags/check_version.py took 0.172 seconds
[2025-07-19T07:52:35.998+0000] {processor.py:161} INFO - Started process (PID=5450) to work on /opt/airflow/dags/check_version.py
[2025-07-19T07:52:35.999+0000] {processor.py:830} INFO - Processing file /opt/airflow/dags/check_version.py for tasks to queue
[2025-07-19T07:52:36.001+0000] {logging_mixin.py:188} INFO - [2025-07-19T07:52:36.001+0000] {dagbag.py:538} INFO - Filling up the DagBag from /opt/airflow/dags/check_version.py
[2025-07-19T07:52:36.030+0000] {processor.py:840} INFO - DAG(s) 'check_sklearn_version' retrieved from /opt/airflow/dags/check_version.py
[2025-07-19T07:52:36.070+0000] {logging_mixin.py:188} INFO - [2025-07-19T07:52:36.070+0000] {dag.py:3036} INFO - Sync 1 DAGs
[2025-07-19T07:52:36.084+0000] {logging_mixin.py:188} INFO - [2025-07-19T07:52:36.084+0000] {dag.py:3823} INFO - Setting next_dagrun for check_sklearn_version to None, run_after=None
[2025-07-19T07:52:36.109+0000] {processor.py:183} INFO - Processing /opt/airflow/dags/check_version.py took 0.115 seconds
[2025-07-19T07:53:07.026+0000] {processor.py:161} INFO - Started process (PID=5470) to work on /opt/airflow/dags/check_version.py
[2025-07-19T07:53:07.027+0000] {processor.py:830} INFO - Processing file /opt/airflow/dags/check_version.py for tasks to queue
[2025-07-19T07:53:07.029+0000] {logging_mixin.py:188} INFO - [2025-07-19T07:53:07.028+0000] {dagbag.py:538} INFO - Filling up the DagBag from /opt/airflow/dags/check_version.py
[2025-07-19T07:53:07.056+0000] {processor.py:840} INFO - DAG(s) 'check_sklearn_version' retrieved from /opt/airflow/dags/check_version.py
[2025-07-19T07:53:07.100+0000] {logging_mixin.py:188} INFO - [2025-07-19T07:53:07.100+0000] {dag.py:3036} INFO - Sync 1 DAGs
[2025-07-19T07:53:07.119+0000] {logging_mixin.py:188} INFO - [2025-07-19T07:53:07.119+0000] {dag.py:3823} INFO - Setting next_dagrun for check_sklearn_version to None, run_after=None
[2025-07-19T07:53:07.151+0000] {processor.py:183} INFO - Processing /opt/airflow/dags/check_version.py took 0.130 seconds
[2025-07-19T07:53:37.870+0000] {processor.py:161} INFO - Started process (PID=5490) to work on /opt/airflow/dags/check_version.py
[2025-07-19T07:53:37.872+0000] {processor.py:830} INFO - Processing file /opt/airflow/dags/check_version.py for tasks to queue
[2025-07-19T07:53:37.873+0000] {logging_mixin.py:188} INFO - [2025-07-19T07:53:37.873+0000] {dagbag.py:538} INFO - Filling up the DagBag from /opt/airflow/dags/check_version.py
[2025-07-19T07:53:37.903+0000] {processor.py:840} INFO - DAG(s) 'check_sklearn_version' retrieved from /opt/airflow/dags/check_version.py
[2025-07-19T07:53:37.939+0000] {logging_mixin.py:188} INFO - [2025-07-19T07:53:37.939+0000] {dag.py:3036} INFO - Sync 1 DAGs
[2025-07-19T07:53:37.956+0000] {logging_mixin.py:188} INFO - [2025-07-19T07:53:37.956+0000] {dag.py:3823} INFO - Setting next_dagrun for check_sklearn_version to None, run_after=None
[2025-07-19T07:53:37.983+0000] {processor.py:183} INFO - Processing /opt/airflow/dags/check_version.py took 0.118 seconds
[2025-07-19T07:54:08.809+0000] {processor.py:161} INFO - Started process (PID=5510) to work on /opt/airflow/dags/check_version.py
[2025-07-19T07:54:08.813+0000] {processor.py:830} INFO - Processing file /opt/airflow/dags/check_version.py for tasks to queue
[2025-07-19T07:54:08.816+0000] {logging_mixin.py:188} INFO - [2025-07-19T07:54:08.815+0000] {dagbag.py:538} INFO - Filling up the DagBag from /opt/airflow/dags/check_version.py
[2025-07-19T07:54:08.840+0000] {processor.py:840} INFO - DAG(s) 'check_sklearn_version' retrieved from /opt/airflow/dags/check_version.py
[2025-07-19T07:54:08.920+0000] {logging_mixin.py:188} INFO - [2025-07-19T07:54:08.919+0000] {dag.py:3036} INFO - Sync 1 DAGs
[2025-07-19T07:54:08.941+0000] {logging_mixin.py:188} INFO - [2025-07-19T07:54:08.940+0000] {dag.py:3823} INFO - Setting next_dagrun for check_sklearn_version to None, run_after=None
[2025-07-19T07:54:08.979+0000] {processor.py:183} INFO - Processing /opt/airflow/dags/check_version.py took 0.181 seconds
[2025-07-19T07:54:39.179+0000] {processor.py:161} INFO - Started process (PID=5540) to work on /opt/airflow/dags/check_version.py
[2025-07-19T07:54:39.181+0000] {processor.py:830} INFO - Processing file /opt/airflow/dags/check_version.py for tasks to queue
[2025-07-19T07:54:39.183+0000] {logging_mixin.py:188} INFO - [2025-07-19T07:54:39.183+0000] {dagbag.py:538} INFO - Filling up the DagBag from /opt/airflow/dags/check_version.py
[2025-07-19T07:54:39.206+0000] {processor.py:840} INFO - DAG(s) 'check_sklearn_version' retrieved from /opt/airflow/dags/check_version.py
[2025-07-19T07:54:39.265+0000] {logging_mixin.py:188} INFO - [2025-07-19T07:54:39.264+0000] {dag.py:3036} INFO - Sync 1 DAGs
[2025-07-19T07:54:39.292+0000] {logging_mixin.py:188} INFO - [2025-07-19T07:54:39.291+0000] {dag.py:3823} INFO - Setting next_dagrun for check_sklearn_version to None, run_after=None
[2025-07-19T07:54:39.345+0000] {processor.py:183} INFO - Processing /opt/airflow/dags/check_version.py took 0.171 seconds
[2025-07-19T07:55:10.249+0000] {processor.py:161} INFO - Started process (PID=5560) to work on /opt/airflow/dags/check_version.py
[2025-07-19T07:55:10.251+0000] {processor.py:830} INFO - Processing file /opt/airflow/dags/check_version.py for tasks to queue
[2025-07-19T07:55:10.252+0000] {logging_mixin.py:188} INFO - [2025-07-19T07:55:10.252+0000] {dagbag.py:538} INFO - Filling up the DagBag from /opt/airflow/dags/check_version.py
[2025-07-19T07:55:10.283+0000] {processor.py:840} INFO - DAG(s) 'check_sklearn_version' retrieved from /opt/airflow/dags/check_version.py
[2025-07-19T07:55:10.328+0000] {logging_mixin.py:188} INFO - [2025-07-19T07:55:10.327+0000] {dag.py:3036} INFO - Sync 1 DAGs
[2025-07-19T07:55:10.376+0000] {logging_mixin.py:188} INFO - [2025-07-19T07:55:10.375+0000] {dag.py:3823} INFO - Setting next_dagrun for check_sklearn_version to None, run_after=None
[2025-07-19T07:55:10.411+0000] {processor.py:183} INFO - Processing /opt/airflow/dags/check_version.py took 0.166 seconds
[2025-07-19T07:55:41.153+0000] {processor.py:161} INFO - Started process (PID=5580) to work on /opt/airflow/dags/check_version.py
[2025-07-19T07:55:41.155+0000] {processor.py:830} INFO - Processing file /opt/airflow/dags/check_version.py for tasks to queue
[2025-07-19T07:55:41.156+0000] {logging_mixin.py:188} INFO - [2025-07-19T07:55:41.156+0000] {dagbag.py:538} INFO - Filling up the DagBag from /opt/airflow/dags/check_version.py
[2025-07-19T07:55:41.189+0000] {processor.py:840} INFO - DAG(s) 'check_sklearn_version' retrieved from /opt/airflow/dags/check_version.py
[2025-07-19T07:55:41.233+0000] {logging_mixin.py:188} INFO - [2025-07-19T07:55:41.233+0000] {dag.py:3036} INFO - Sync 1 DAGs
[2025-07-19T07:55:41.263+0000] {logging_mixin.py:188} INFO - [2025-07-19T07:55:41.262+0000] {dag.py:3823} INFO - Setting next_dagrun for check_sklearn_version to None, run_after=None
[2025-07-19T07:55:41.293+0000] {processor.py:183} INFO - Processing /opt/airflow/dags/check_version.py took 0.144 seconds
[2025-07-19T07:56:12.040+0000] {processor.py:161} INFO - Started process (PID=5600) to work on /opt/airflow/dags/check_version.py
[2025-07-19T07:56:12.042+0000] {processor.py:830} INFO - Processing file /opt/airflow/dags/check_version.py for tasks to queue
[2025-07-19T07:56:12.043+0000] {logging_mixin.py:188} INFO - [2025-07-19T07:56:12.043+0000] {dagbag.py:538} INFO - Filling up the DagBag from /opt/airflow/dags/check_version.py
[2025-07-19T07:56:12.094+0000] {processor.py:840} INFO - DAG(s) 'check_sklearn_version' retrieved from /opt/airflow/dags/check_version.py
[2025-07-19T07:56:12.143+0000] {logging_mixin.py:188} INFO - [2025-07-19T07:56:12.143+0000] {dag.py:3036} INFO - Sync 1 DAGs
[2025-07-19T07:56:12.166+0000] {logging_mixin.py:188} INFO - [2025-07-19T07:56:12.165+0000] {dag.py:3823} INFO - Setting next_dagrun for check_sklearn_version to None, run_after=None
[2025-07-19T07:56:12.200+0000] {processor.py:183} INFO - Processing /opt/airflow/dags/check_version.py took 0.165 seconds
[2025-07-19T07:56:42.941+0000] {processor.py:161} INFO - Started process (PID=5620) to work on /opt/airflow/dags/check_version.py
[2025-07-19T07:56:42.942+0000] {processor.py:830} INFO - Processing file /opt/airflow/dags/check_version.py for tasks to queue
[2025-07-19T07:56:42.944+0000] {logging_mixin.py:188} INFO - [2025-07-19T07:56:42.943+0000] {dagbag.py:538} INFO - Filling up the DagBag from /opt/airflow/dags/check_version.py
[2025-07-19T07:56:42.969+0000] {processor.py:840} INFO - DAG(s) 'check_sklearn_version' retrieved from /opt/airflow/dags/check_version.py
[2025-07-19T07:56:43.003+0000] {logging_mixin.py:188} INFO - [2025-07-19T07:56:43.003+0000] {dag.py:3036} INFO - Sync 1 DAGs
[2025-07-19T07:56:43.020+0000] {logging_mixin.py:188} INFO - [2025-07-19T07:56:43.020+0000] {dag.py:3823} INFO - Setting next_dagrun for check_sklearn_version to None, run_after=None
[2025-07-19T07:56:43.048+0000] {processor.py:183} INFO - Processing /opt/airflow/dags/check_version.py took 0.110 seconds
[2025-07-19T07:57:13.731+0000] {processor.py:161} INFO - Started process (PID=5640) to work on /opt/airflow/dags/check_version.py
[2025-07-19T07:57:13.733+0000] {processor.py:830} INFO - Processing file /opt/airflow/dags/check_version.py for tasks to queue
[2025-07-19T07:57:13.734+0000] {logging_mixin.py:188} INFO - [2025-07-19T07:57:13.734+0000] {dagbag.py:538} INFO - Filling up the DagBag from /opt/airflow/dags/check_version.py
[2025-07-19T07:57:13.767+0000] {processor.py:840} INFO - DAG(s) 'check_sklearn_version' retrieved from /opt/airflow/dags/check_version.py
[2025-07-19T07:57:13.812+0000] {logging_mixin.py:188} INFO - [2025-07-19T07:57:13.811+0000] {dag.py:3036} INFO - Sync 1 DAGs
[2025-07-19T07:57:13.832+0000] {logging_mixin.py:188} INFO - [2025-07-19T07:57:13.832+0000] {dag.py:3823} INFO - Setting next_dagrun for check_sklearn_version to None, run_after=None
[2025-07-19T07:57:13.865+0000] {processor.py:183} INFO - Processing /opt/airflow/dags/check_version.py took 0.139 seconds
[2025-07-19T07:57:44.460+0000] {processor.py:161} INFO - Started process (PID=5660) to work on /opt/airflow/dags/check_version.py
[2025-07-19T07:57:44.464+0000] {processor.py:830} INFO - Processing file /opt/airflow/dags/check_version.py for tasks to queue
[2025-07-19T07:57:44.466+0000] {logging_mixin.py:188} INFO - [2025-07-19T07:57:44.465+0000] {dagbag.py:538} INFO - Filling up the DagBag from /opt/airflow/dags/check_version.py
[2025-07-19T07:57:44.498+0000] {processor.py:840} INFO - DAG(s) 'check_sklearn_version' retrieved from /opt/airflow/dags/check_version.py
[2025-07-19T07:57:44.541+0000] {logging_mixin.py:188} INFO - [2025-07-19T07:57:44.541+0000] {dag.py:3036} INFO - Sync 1 DAGs
[2025-07-19T07:57:44.563+0000] {logging_mixin.py:188} INFO - [2025-07-19T07:57:44.562+0000] {dag.py:3823} INFO - Setting next_dagrun for check_sklearn_version to None, run_after=None
[2025-07-19T07:57:44.592+0000] {processor.py:183} INFO - Processing /opt/airflow/dags/check_version.py took 0.140 seconds
[2025-07-19T07:58:15.167+0000] {processor.py:161} INFO - Started process (PID=5680) to work on /opt/airflow/dags/check_version.py
[2025-07-19T07:58:15.169+0000] {processor.py:830} INFO - Processing file /opt/airflow/dags/check_version.py for tasks to queue
[2025-07-19T07:58:15.171+0000] {logging_mixin.py:188} INFO - [2025-07-19T07:58:15.170+0000] {dagbag.py:538} INFO - Filling up the DagBag from /opt/airflow/dags/check_version.py
[2025-07-19T07:58:15.205+0000] {processor.py:840} INFO - DAG(s) 'check_sklearn_version' retrieved from /opt/airflow/dags/check_version.py
[2025-07-19T07:58:15.278+0000] {logging_mixin.py:188} INFO - [2025-07-19T07:58:15.278+0000] {dag.py:3036} INFO - Sync 1 DAGs
[2025-07-19T07:58:15.307+0000] {logging_mixin.py:188} INFO - [2025-07-19T07:58:15.307+0000] {dag.py:3823} INFO - Setting next_dagrun for check_sklearn_version to None, run_after=None
[2025-07-19T07:58:15.337+0000] {processor.py:183} INFO - Processing /opt/airflow/dags/check_version.py took 0.175 seconds
[2025-07-19T07:58:45.938+0000] {processor.py:161} INFO - Started process (PID=5700) to work on /opt/airflow/dags/check_version.py
[2025-07-19T07:58:45.940+0000] {processor.py:830} INFO - Processing file /opt/airflow/dags/check_version.py for tasks to queue
[2025-07-19T07:58:45.941+0000] {logging_mixin.py:188} INFO - [2025-07-19T07:58:45.941+0000] {dagbag.py:538} INFO - Filling up the DagBag from /opt/airflow/dags/check_version.py
[2025-07-19T07:58:45.973+0000] {processor.py:840} INFO - DAG(s) 'check_sklearn_version' retrieved from /opt/airflow/dags/check_version.py
[2025-07-19T07:58:46.019+0000] {logging_mixin.py:188} INFO - [2025-07-19T07:58:46.016+0000] {dag.py:3036} INFO - Sync 1 DAGs
[2025-07-19T07:58:46.035+0000] {logging_mixin.py:188} INFO - [2025-07-19T07:58:46.035+0000] {dag.py:3823} INFO - Setting next_dagrun for check_sklearn_version to None, run_after=None
[2025-07-19T07:58:46.064+0000] {processor.py:183} INFO - Processing /opt/airflow/dags/check_version.py took 0.131 seconds
[2025-07-19T07:59:16.779+0000] {processor.py:161} INFO - Started process (PID=5720) to work on /opt/airflow/dags/check_version.py
[2025-07-19T07:59:16.780+0000] {processor.py:830} INFO - Processing file /opt/airflow/dags/check_version.py for tasks to queue
[2025-07-19T07:59:16.782+0000] {logging_mixin.py:188} INFO - [2025-07-19T07:59:16.782+0000] {dagbag.py:538} INFO - Filling up the DagBag from /opt/airflow/dags/check_version.py
[2025-07-19T07:59:16.815+0000] {processor.py:840} INFO - DAG(s) 'check_sklearn_version' retrieved from /opt/airflow/dags/check_version.py
[2025-07-19T07:59:16.853+0000] {logging_mixin.py:188} INFO - [2025-07-19T07:59:16.853+0000] {dag.py:3036} INFO - Sync 1 DAGs
[2025-07-19T07:59:16.870+0000] {logging_mixin.py:188} INFO - [2025-07-19T07:59:16.870+0000] {dag.py:3823} INFO - Setting next_dagrun for check_sklearn_version to None, run_after=None
[2025-07-19T07:59:16.902+0000] {processor.py:183} INFO - Processing /opt/airflow/dags/check_version.py took 0.127 seconds
[2025-07-19T07:59:47.548+0000] {processor.py:161} INFO - Started process (PID=5740) to work on /opt/airflow/dags/check_version.py
[2025-07-19T07:59:47.551+0000] {processor.py:830} INFO - Processing file /opt/airflow/dags/check_version.py for tasks to queue
[2025-07-19T07:59:47.553+0000] {logging_mixin.py:188} INFO - [2025-07-19T07:59:47.552+0000] {dagbag.py:538} INFO - Filling up the DagBag from /opt/airflow/dags/check_version.py
[2025-07-19T07:59:47.582+0000] {processor.py:840} INFO - DAG(s) 'check_sklearn_version' retrieved from /opt/airflow/dags/check_version.py
[2025-07-19T07:59:47.632+0000] {logging_mixin.py:188} INFO - [2025-07-19T07:59:47.632+0000] {dag.py:3036} INFO - Sync 1 DAGs
[2025-07-19T07:59:47.657+0000] {logging_mixin.py:188} INFO - [2025-07-19T07:59:47.657+0000] {dag.py:3823} INFO - Setting next_dagrun for check_sklearn_version to None, run_after=None
[2025-07-19T07:59:47.698+0000] {processor.py:183} INFO - Processing /opt/airflow/dags/check_version.py took 0.155 seconds
[2025-07-19T08:00:18.393+0000] {processor.py:161} INFO - Started process (PID=5760) to work on /opt/airflow/dags/check_version.py
[2025-07-19T08:00:18.394+0000] {processor.py:830} INFO - Processing file /opt/airflow/dags/check_version.py for tasks to queue
[2025-07-19T08:00:18.396+0000] {logging_mixin.py:188} INFO - [2025-07-19T08:00:18.395+0000] {dagbag.py:538} INFO - Filling up the DagBag from /opt/airflow/dags/check_version.py
[2025-07-19T08:00:18.446+0000] {processor.py:840} INFO - DAG(s) 'check_sklearn_version' retrieved from /opt/airflow/dags/check_version.py
[2025-07-19T08:00:18.486+0000] {logging_mixin.py:188} INFO - [2025-07-19T08:00:18.486+0000] {dag.py:3036} INFO - Sync 1 DAGs
[2025-07-19T08:00:18.505+0000] {logging_mixin.py:188} INFO - [2025-07-19T08:00:18.505+0000] {dag.py:3823} INFO - Setting next_dagrun for check_sklearn_version to None, run_after=None
[2025-07-19T08:00:18.534+0000] {processor.py:183} INFO - Processing /opt/airflow/dags/check_version.py took 0.146 seconds
[2025-07-19T08:00:48.670+0000] {processor.py:161} INFO - Started process (PID=5780) to work on /opt/airflow/dags/check_version.py
[2025-07-19T08:00:48.672+0000] {processor.py:830} INFO - Processing file /opt/airflow/dags/check_version.py for tasks to queue
[2025-07-19T08:00:48.673+0000] {logging_mixin.py:188} INFO - [2025-07-19T08:00:48.673+0000] {dagbag.py:538} INFO - Filling up the DagBag from /opt/airflow/dags/check_version.py
[2025-07-19T08:00:48.697+0000] {processor.py:840} INFO - DAG(s) 'check_sklearn_version' retrieved from /opt/airflow/dags/check_version.py
[2025-07-19T08:00:48.737+0000] {logging_mixin.py:188} INFO - [2025-07-19T08:00:48.736+0000] {dag.py:3036} INFO - Sync 1 DAGs
[2025-07-19T08:00:48.763+0000] {logging_mixin.py:188} INFO - [2025-07-19T08:00:48.762+0000] {dag.py:3823} INFO - Setting next_dagrun for check_sklearn_version to None, run_after=None
[2025-07-19T08:00:48.815+0000] {processor.py:183} INFO - Processing /opt/airflow/dags/check_version.py took 0.149 seconds
[2025-07-19T08:01:19.447+0000] {processor.py:161} INFO - Started process (PID=5800) to work on /opt/airflow/dags/check_version.py
[2025-07-19T08:01:19.449+0000] {processor.py:830} INFO - Processing file /opt/airflow/dags/check_version.py for tasks to queue
[2025-07-19T08:01:19.450+0000] {logging_mixin.py:188} INFO - [2025-07-19T08:01:19.450+0000] {dagbag.py:538} INFO - Filling up the DagBag from /opt/airflow/dags/check_version.py
[2025-07-19T08:01:19.471+0000] {processor.py:840} INFO - DAG(s) 'check_sklearn_version' retrieved from /opt/airflow/dags/check_version.py
[2025-07-19T08:01:19.504+0000] {logging_mixin.py:188} INFO - [2025-07-19T08:01:19.504+0000] {dag.py:3036} INFO - Sync 1 DAGs
[2025-07-19T08:01:19.519+0000] {logging_mixin.py:188} INFO - [2025-07-19T08:01:19.519+0000] {dag.py:3823} INFO - Setting next_dagrun for check_sklearn_version to None, run_after=None
[2025-07-19T08:01:19.546+0000] {processor.py:183} INFO - Processing /opt/airflow/dags/check_version.py took 0.102 seconds
[2025-07-19T08:01:50.312+0000] {processor.py:161} INFO - Started process (PID=5820) to work on /opt/airflow/dags/check_version.py
[2025-07-19T08:01:50.314+0000] {processor.py:830} INFO - Processing file /opt/airflow/dags/check_version.py for tasks to queue
[2025-07-19T08:01:50.316+0000] {logging_mixin.py:188} INFO - [2025-07-19T08:01:50.315+0000] {dagbag.py:538} INFO - Filling up the DagBag from /opt/airflow/dags/check_version.py
[2025-07-19T08:01:50.350+0000] {processor.py:840} INFO - DAG(s) 'check_sklearn_version' retrieved from /opt/airflow/dags/check_version.py
[2025-07-19T08:01:50.390+0000] {logging_mixin.py:188} INFO - [2025-07-19T08:01:50.390+0000] {dag.py:3036} INFO - Sync 1 DAGs
[2025-07-19T08:01:50.409+0000] {logging_mixin.py:188} INFO - [2025-07-19T08:01:50.408+0000] {dag.py:3823} INFO - Setting next_dagrun for check_sklearn_version to None, run_after=None
[2025-07-19T08:01:50.440+0000] {processor.py:183} INFO - Processing /opt/airflow/dags/check_version.py took 0.132 seconds
[2025-07-19T08:02:21.035+0000] {processor.py:161} INFO - Started process (PID=5840) to work on /opt/airflow/dags/check_version.py
[2025-07-19T08:02:21.037+0000] {processor.py:830} INFO - Processing file /opt/airflow/dags/check_version.py for tasks to queue
[2025-07-19T08:02:21.038+0000] {logging_mixin.py:188} INFO - [2025-07-19T08:02:21.038+0000] {dagbag.py:538} INFO - Filling up the DagBag from /opt/airflow/dags/check_version.py
[2025-07-19T08:02:21.075+0000] {processor.py:840} INFO - DAG(s) 'check_sklearn_version' retrieved from /opt/airflow/dags/check_version.py
[2025-07-19T08:02:21.114+0000] {logging_mixin.py:188} INFO - [2025-07-19T08:02:21.114+0000] {dag.py:3036} INFO - Sync 1 DAGs
[2025-07-19T08:02:21.131+0000] {logging_mixin.py:188} INFO - [2025-07-19T08:02:21.131+0000] {dag.py:3823} INFO - Setting next_dagrun for check_sklearn_version to None, run_after=None
[2025-07-19T08:02:21.162+0000] {processor.py:183} INFO - Processing /opt/airflow/dags/check_version.py took 0.135 seconds
[2025-07-19T08:02:51.712+0000] {processor.py:161} INFO - Started process (PID=5860) to work on /opt/airflow/dags/check_version.py
[2025-07-19T08:02:51.715+0000] {processor.py:830} INFO - Processing file /opt/airflow/dags/check_version.py for tasks to queue
[2025-07-19T08:02:51.719+0000] {logging_mixin.py:188} INFO - [2025-07-19T08:02:51.718+0000] {dagbag.py:538} INFO - Filling up the DagBag from /opt/airflow/dags/check_version.py
[2025-07-19T08:02:51.755+0000] {processor.py:840} INFO - DAG(s) 'check_sklearn_version' retrieved from /opt/airflow/dags/check_version.py
[2025-07-19T08:02:51.807+0000] {logging_mixin.py:188} INFO - [2025-07-19T08:02:51.806+0000] {dag.py:3036} INFO - Sync 1 DAGs
[2025-07-19T08:02:51.830+0000] {logging_mixin.py:188} INFO - [2025-07-19T08:02:51.830+0000] {dag.py:3823} INFO - Setting next_dagrun for check_sklearn_version to None, run_after=None
[2025-07-19T08:02:51.871+0000] {processor.py:183} INFO - Processing /opt/airflow/dags/check_version.py took 0.165 seconds
[2025-07-19T08:03:22.425+0000] {processor.py:161} INFO - Started process (PID=5880) to work on /opt/airflow/dags/check_version.py
[2025-07-19T08:03:22.427+0000] {processor.py:830} INFO - Processing file /opt/airflow/dags/check_version.py for tasks to queue
[2025-07-19T08:03:22.429+0000] {logging_mixin.py:188} INFO - [2025-07-19T08:03:22.428+0000] {dagbag.py:538} INFO - Filling up the DagBag from /opt/airflow/dags/check_version.py
[2025-07-19T08:03:22.461+0000] {processor.py:840} INFO - DAG(s) 'check_sklearn_version' retrieved from /opt/airflow/dags/check_version.py
[2025-07-19T08:03:22.525+0000] {logging_mixin.py:188} INFO - [2025-07-19T08:03:22.524+0000] {dag.py:3036} INFO - Sync 1 DAGs
[2025-07-19T08:03:22.543+0000] {logging_mixin.py:188} INFO - [2025-07-19T08:03:22.543+0000] {dag.py:3823} INFO - Setting next_dagrun for check_sklearn_version to None, run_after=None
[2025-07-19T08:03:22.570+0000] {processor.py:183} INFO - Processing /opt/airflow/dags/check_version.py took 0.152 seconds
[2025-07-19T08:03:53.284+0000] {processor.py:161} INFO - Started process (PID=5900) to work on /opt/airflow/dags/check_version.py
[2025-07-19T08:03:53.286+0000] {processor.py:830} INFO - Processing file /opt/airflow/dags/check_version.py for tasks to queue
[2025-07-19T08:03:53.287+0000] {logging_mixin.py:188} INFO - [2025-07-19T08:03:53.287+0000] {dagbag.py:538} INFO - Filling up the DagBag from /opt/airflow/dags/check_version.py
[2025-07-19T08:03:53.314+0000] {processor.py:840} INFO - DAG(s) 'check_sklearn_version' retrieved from /opt/airflow/dags/check_version.py
[2025-07-19T08:03:53.367+0000] {logging_mixin.py:188} INFO - [2025-07-19T08:03:53.367+0000] {dag.py:3036} INFO - Sync 1 DAGs
[2025-07-19T08:03:53.385+0000] {logging_mixin.py:188} INFO - [2025-07-19T08:03:53.385+0000] {dag.py:3823} INFO - Setting next_dagrun for check_sklearn_version to None, run_after=None
[2025-07-19T08:03:53.413+0000] {processor.py:183} INFO - Processing /opt/airflow/dags/check_version.py took 0.135 seconds
[2025-07-19T08:04:24.084+0000] {processor.py:161} INFO - Started process (PID=5920) to work on /opt/airflow/dags/check_version.py
[2025-07-19T08:04:24.086+0000] {processor.py:830} INFO - Processing file /opt/airflow/dags/check_version.py for tasks to queue
[2025-07-19T08:04:24.090+0000] {logging_mixin.py:188} INFO - [2025-07-19T08:04:24.088+0000] {dagbag.py:538} INFO - Filling up the DagBag from /opt/airflow/dags/check_version.py
[2025-07-19T08:04:24.203+0000] {processor.py:840} INFO - DAG(s) 'check_sklearn_version' retrieved from /opt/airflow/dags/check_version.py
[2025-07-19T08:04:24.259+0000] {logging_mixin.py:188} INFO - [2025-07-19T08:04:24.259+0000] {dag.py:3036} INFO - Sync 1 DAGs
[2025-07-19T08:04:24.283+0000] {logging_mixin.py:188} INFO - [2025-07-19T08:04:24.282+0000] {dag.py:3823} INFO - Setting next_dagrun for check_sklearn_version to None, run_after=None
[2025-07-19T08:04:24.324+0000] {processor.py:183} INFO - Processing /opt/airflow/dags/check_version.py took 0.247 seconds
[2025-07-19T08:04:54.931+0000] {processor.py:161} INFO - Started process (PID=5940) to work on /opt/airflow/dags/check_version.py
[2025-07-19T08:04:54.933+0000] {processor.py:830} INFO - Processing file /opt/airflow/dags/check_version.py for tasks to queue
[2025-07-19T08:04:54.935+0000] {logging_mixin.py:188} INFO - [2025-07-19T08:04:54.934+0000] {dagbag.py:538} INFO - Filling up the DagBag from /opt/airflow/dags/check_version.py
[2025-07-19T08:04:54.968+0000] {processor.py:840} INFO - DAG(s) 'check_sklearn_version' retrieved from /opt/airflow/dags/check_version.py
[2025-07-19T08:04:55.015+0000] {logging_mixin.py:188} INFO - [2025-07-19T08:04:55.014+0000] {dag.py:3036} INFO - Sync 1 DAGs
[2025-07-19T08:04:55.033+0000] {logging_mixin.py:188} INFO - [2025-07-19T08:04:55.032+0000] {dag.py:3823} INFO - Setting next_dagrun for check_sklearn_version to None, run_after=None
[2025-07-19T08:04:55.061+0000] {processor.py:183} INFO - Processing /opt/airflow/dags/check_version.py took 0.135 seconds
[2025-07-19T08:05:26.396+0000] {processor.py:161} INFO - Started process (PID=5965) to work on /opt/airflow/dags/check_version.py
[2025-07-19T08:05:26.398+0000] {processor.py:830} INFO - Processing file /opt/airflow/dags/check_version.py for tasks to queue
[2025-07-19T08:05:26.400+0000] {logging_mixin.py:188} INFO - [2025-07-19T08:05:26.399+0000] {dagbag.py:538} INFO - Filling up the DagBag from /opt/airflow/dags/check_version.py
[2025-07-19T08:05:26.449+0000] {processor.py:840} INFO - DAG(s) 'check_sklearn_version' retrieved from /opt/airflow/dags/check_version.py
[2025-07-19T08:05:26.494+0000] {logging_mixin.py:188} INFO - [2025-07-19T08:05:26.494+0000] {dag.py:3036} INFO - Sync 1 DAGs
[2025-07-19T08:05:26.514+0000] {logging_mixin.py:188} INFO - [2025-07-19T08:05:26.514+0000] {dag.py:3823} INFO - Setting next_dagrun for check_sklearn_version to None, run_after=None
[2025-07-19T08:05:26.559+0000] {processor.py:183} INFO - Processing /opt/airflow/dags/check_version.py took 0.168 seconds
[2025-07-19T08:05:57.336+0000] {processor.py:161} INFO - Started process (PID=5985) to work on /opt/airflow/dags/check_version.py
[2025-07-19T08:05:57.338+0000] {processor.py:830} INFO - Processing file /opt/airflow/dags/check_version.py for tasks to queue
[2025-07-19T08:05:57.341+0000] {logging_mixin.py:188} INFO - [2025-07-19T08:05:57.340+0000] {dagbag.py:538} INFO - Filling up the DagBag from /opt/airflow/dags/check_version.py
[2025-07-19T08:05:57.394+0000] {processor.py:840} INFO - DAG(s) 'check_sklearn_version' retrieved from /opt/airflow/dags/check_version.py
[2025-07-19T08:05:57.432+0000] {logging_mixin.py:188} INFO - [2025-07-19T08:05:57.432+0000] {dag.py:3036} INFO - Sync 1 DAGs
[2025-07-19T08:05:57.451+0000] {logging_mixin.py:188} INFO - [2025-07-19T08:05:57.451+0000] {dag.py:3823} INFO - Setting next_dagrun for check_sklearn_version to None, run_after=None
[2025-07-19T08:05:57.615+0000] {processor.py:183} INFO - Processing /opt/airflow/dags/check_version.py took 0.284 seconds
[2025-07-19T08:06:28.530+0000] {processor.py:161} INFO - Started process (PID=6005) to work on /opt/airflow/dags/check_version.py
[2025-07-19T08:06:28.532+0000] {processor.py:830} INFO - Processing file /opt/airflow/dags/check_version.py for tasks to queue
[2025-07-19T08:06:28.534+0000] {logging_mixin.py:188} INFO - [2025-07-19T08:06:28.533+0000] {dagbag.py:538} INFO - Filling up the DagBag from /opt/airflow/dags/check_version.py
[2025-07-19T08:06:28.565+0000] {processor.py:840} INFO - DAG(s) 'check_sklearn_version' retrieved from /opt/airflow/dags/check_version.py
[2025-07-19T08:06:28.612+0000] {logging_mixin.py:188} INFO - [2025-07-19T08:06:28.612+0000] {dag.py:3036} INFO - Sync 1 DAGs
[2025-07-19T08:06:28.630+0000] {logging_mixin.py:188} INFO - [2025-07-19T08:06:28.630+0000] {dag.py:3823} INFO - Setting next_dagrun for check_sklearn_version to None, run_after=None
[2025-07-19T08:06:28.663+0000] {processor.py:183} INFO - Processing /opt/airflow/dags/check_version.py took 0.137 seconds
[2025-07-19T08:06:59.475+0000] {processor.py:161} INFO - Started process (PID=6025) to work on /opt/airflow/dags/check_version.py
[2025-07-19T08:06:59.477+0000] {processor.py:830} INFO - Processing file /opt/airflow/dags/check_version.py for tasks to queue
[2025-07-19T08:06:59.479+0000] {logging_mixin.py:188} INFO - [2025-07-19T08:06:59.479+0000] {dagbag.py:538} INFO - Filling up the DagBag from /opt/airflow/dags/check_version.py
[2025-07-19T08:06:59.512+0000] {processor.py:840} INFO - DAG(s) 'check_sklearn_version' retrieved from /opt/airflow/dags/check_version.py
[2025-07-19T08:06:59.551+0000] {logging_mixin.py:188} INFO - [2025-07-19T08:06:59.551+0000] {dag.py:3036} INFO - Sync 1 DAGs
[2025-07-19T08:06:59.566+0000] {logging_mixin.py:188} INFO - [2025-07-19T08:06:59.565+0000] {dag.py:3823} INFO - Setting next_dagrun for check_sklearn_version to None, run_after=None
[2025-07-19T08:06:59.593+0000] {processor.py:183} INFO - Processing /opt/airflow/dags/check_version.py took 0.123 seconds
[2025-07-19T08:07:29.796+0000] {processor.py:161} INFO - Started process (PID=6045) to work on /opt/airflow/dags/check_version.py
[2025-07-19T08:07:29.798+0000] {processor.py:830} INFO - Processing file /opt/airflow/dags/check_version.py for tasks to queue
[2025-07-19T08:07:29.799+0000] {logging_mixin.py:188} INFO - [2025-07-19T08:07:29.799+0000] {dagbag.py:538} INFO - Filling up the DagBag from /opt/airflow/dags/check_version.py
[2025-07-19T08:07:29.830+0000] {processor.py:840} INFO - DAG(s) 'check_sklearn_version' retrieved from /opt/airflow/dags/check_version.py
[2025-07-19T08:07:29.878+0000] {logging_mixin.py:188} INFO - [2025-07-19T08:07:29.877+0000] {dag.py:3036} INFO - Sync 1 DAGs
[2025-07-19T08:07:29.895+0000] {logging_mixin.py:188} INFO - [2025-07-19T08:07:29.895+0000] {dag.py:3823} INFO - Setting next_dagrun for check_sklearn_version to None, run_after=None
[2025-07-19T08:07:29.926+0000] {processor.py:183} INFO - Processing /opt/airflow/dags/check_version.py took 0.135 seconds
[2025-07-19T08:08:00.609+0000] {processor.py:161} INFO - Started process (PID=6065) to work on /opt/airflow/dags/check_version.py
[2025-07-19T08:08:00.611+0000] {processor.py:830} INFO - Processing file /opt/airflow/dags/check_version.py for tasks to queue
[2025-07-19T08:08:00.612+0000] {logging_mixin.py:188} INFO - [2025-07-19T08:08:00.612+0000] {dagbag.py:538} INFO - Filling up the DagBag from /opt/airflow/dags/check_version.py
[2025-07-19T08:08:00.649+0000] {processor.py:840} INFO - DAG(s) 'check_sklearn_version' retrieved from /opt/airflow/dags/check_version.py
[2025-07-19T08:08:00.690+0000] {logging_mixin.py:188} INFO - [2025-07-19T08:08:00.690+0000] {dag.py:3036} INFO - Sync 1 DAGs
[2025-07-19T08:08:00.713+0000] {logging_mixin.py:188} INFO - [2025-07-19T08:08:00.712+0000] {dag.py:3823} INFO - Setting next_dagrun for check_sklearn_version to None, run_after=None
[2025-07-19T08:08:00.746+0000] {processor.py:183} INFO - Processing /opt/airflow/dags/check_version.py took 0.143 seconds
[2025-07-19T08:08:31.406+0000] {processor.py:161} INFO - Started process (PID=6085) to work on /opt/airflow/dags/check_version.py
[2025-07-19T08:08:31.408+0000] {processor.py:830} INFO - Processing file /opt/airflow/dags/check_version.py for tasks to queue
[2025-07-19T08:08:31.409+0000] {logging_mixin.py:188} INFO - [2025-07-19T08:08:31.409+0000] {dagbag.py:538} INFO - Filling up the DagBag from /opt/airflow/dags/check_version.py
[2025-07-19T08:08:31.441+0000] {processor.py:840} INFO - DAG(s) 'check_sklearn_version' retrieved from /opt/airflow/dags/check_version.py
[2025-07-19T08:08:31.485+0000] {logging_mixin.py:188} INFO - [2025-07-19T08:08:31.485+0000] {dag.py:3036} INFO - Sync 1 DAGs
[2025-07-19T08:08:31.511+0000] {logging_mixin.py:188} INFO - [2025-07-19T08:08:31.510+0000] {dag.py:3823} INFO - Setting next_dagrun for check_sklearn_version to None, run_after=None
[2025-07-19T08:08:31.540+0000] {processor.py:183} INFO - Processing /opt/airflow/dags/check_version.py took 0.140 seconds
[2025-07-19T08:09:02.296+0000] {processor.py:161} INFO - Started process (PID=6105) to work on /opt/airflow/dags/check_version.py
[2025-07-19T08:09:02.298+0000] {processor.py:830} INFO - Processing file /opt/airflow/dags/check_version.py for tasks to queue
[2025-07-19T08:09:02.299+0000] {logging_mixin.py:188} INFO - [2025-07-19T08:09:02.299+0000] {dagbag.py:538} INFO - Filling up the DagBag from /opt/airflow/dags/check_version.py
[2025-07-19T08:09:02.332+0000] {processor.py:840} INFO - DAG(s) 'check_sklearn_version' retrieved from /opt/airflow/dags/check_version.py
[2025-07-19T08:09:02.370+0000] {logging_mixin.py:188} INFO - [2025-07-19T08:09:02.370+0000] {dag.py:3036} INFO - Sync 1 DAGs
[2025-07-19T08:09:02.386+0000] {logging_mixin.py:188} INFO - [2025-07-19T08:09:02.386+0000] {dag.py:3823} INFO - Setting next_dagrun for check_sklearn_version to None, run_after=None
[2025-07-19T08:09:02.414+0000] {processor.py:183} INFO - Processing /opt/airflow/dags/check_version.py took 0.122 seconds
[2025-07-19T08:09:32.999+0000] {processor.py:161} INFO - Started process (PID=6125) to work on /opt/airflow/dags/check_version.py
[2025-07-19T08:09:33.001+0000] {processor.py:830} INFO - Processing file /opt/airflow/dags/check_version.py for tasks to queue
[2025-07-19T08:09:33.004+0000] {logging_mixin.py:188} INFO - [2025-07-19T08:09:33.003+0000] {dagbag.py:538} INFO - Filling up the DagBag from /opt/airflow/dags/check_version.py
[2025-07-19T08:09:33.042+0000] {processor.py:840} INFO - DAG(s) 'check_sklearn_version' retrieved from /opt/airflow/dags/check_version.py
[2025-07-19T08:09:33.088+0000] {logging_mixin.py:188} INFO - [2025-07-19T08:09:33.088+0000] {dag.py:3036} INFO - Sync 1 DAGs
[2025-07-19T08:09:33.107+0000] {logging_mixin.py:188} INFO - [2025-07-19T08:09:33.107+0000] {dag.py:3823} INFO - Setting next_dagrun for check_sklearn_version to None, run_after=None
[2025-07-19T08:09:33.136+0000] {processor.py:183} INFO - Processing /opt/airflow/dags/check_version.py took 0.143 seconds
[2025-07-19T08:10:03.776+0000] {processor.py:161} INFO - Started process (PID=6145) to work on /opt/airflow/dags/check_version.py
[2025-07-19T08:10:03.778+0000] {processor.py:830} INFO - Processing file /opt/airflow/dags/check_version.py for tasks to queue
[2025-07-19T08:10:03.779+0000] {logging_mixin.py:188} INFO - [2025-07-19T08:10:03.779+0000] {dagbag.py:538} INFO - Filling up the DagBag from /opt/airflow/dags/check_version.py
[2025-07-19T08:10:03.809+0000] {processor.py:840} INFO - DAG(s) 'check_sklearn_version' retrieved from /opt/airflow/dags/check_version.py
[2025-07-19T08:10:03.852+0000] {logging_mixin.py:188} INFO - [2025-07-19T08:10:03.851+0000] {dag.py:3036} INFO - Sync 1 DAGs
[2025-07-19T08:10:03.869+0000] {logging_mixin.py:188} INFO - [2025-07-19T08:10:03.868+0000] {dag.py:3823} INFO - Setting next_dagrun for check_sklearn_version to None, run_after=None
[2025-07-19T08:10:03.896+0000] {processor.py:183} INFO - Processing /opt/airflow/dags/check_version.py took 0.125 seconds
[2025-07-19T08:10:34.096+0000] {processor.py:161} INFO - Started process (PID=6165) to work on /opt/airflow/dags/check_version.py
[2025-07-19T08:10:34.098+0000] {processor.py:830} INFO - Processing file /opt/airflow/dags/check_version.py for tasks to queue
[2025-07-19T08:10:34.099+0000] {logging_mixin.py:188} INFO - [2025-07-19T08:10:34.099+0000] {dagbag.py:538} INFO - Filling up the DagBag from /opt/airflow/dags/check_version.py
[2025-07-19T08:10:34.133+0000] {processor.py:840} INFO - DAG(s) 'check_sklearn_version' retrieved from /opt/airflow/dags/check_version.py
[2025-07-19T08:10:34.177+0000] {logging_mixin.py:188} INFO - [2025-07-19T08:10:34.177+0000] {dag.py:3036} INFO - Sync 1 DAGs
[2025-07-19T08:10:34.193+0000] {logging_mixin.py:188} INFO - [2025-07-19T08:10:34.193+0000] {dag.py:3823} INFO - Setting next_dagrun for check_sklearn_version to None, run_after=None
[2025-07-19T08:10:34.221+0000] {processor.py:183} INFO - Processing /opt/airflow/dags/check_version.py took 0.130 seconds
[2025-07-19T08:11:04.382+0000] {processor.py:161} INFO - Started process (PID=6185) to work on /opt/airflow/dags/check_version.py
[2025-07-19T08:11:04.383+0000] {processor.py:830} INFO - Processing file /opt/airflow/dags/check_version.py for tasks to queue
[2025-07-19T08:11:04.385+0000] {logging_mixin.py:188} INFO - [2025-07-19T08:11:04.385+0000] {dagbag.py:538} INFO - Filling up the DagBag from /opt/airflow/dags/check_version.py
[2025-07-19T08:11:04.423+0000] {processor.py:840} INFO - DAG(s) 'check_sklearn_version' retrieved from /opt/airflow/dags/check_version.py
[2025-07-19T08:11:04.462+0000] {logging_mixin.py:188} INFO - [2025-07-19T08:11:04.462+0000] {dag.py:3036} INFO - Sync 1 DAGs
[2025-07-19T08:11:04.481+0000] {logging_mixin.py:188} INFO - [2025-07-19T08:11:04.480+0000] {dag.py:3823} INFO - Setting next_dagrun for check_sklearn_version to None, run_after=None
[2025-07-19T08:11:04.513+0000] {processor.py:183} INFO - Processing /opt/airflow/dags/check_version.py took 0.136 seconds
[2025-07-19T08:11:34.865+0000] {processor.py:161} INFO - Started process (PID=6205) to work on /opt/airflow/dags/check_version.py
[2025-07-19T08:11:34.867+0000] {processor.py:830} INFO - Processing file /opt/airflow/dags/check_version.py for tasks to queue
[2025-07-19T08:11:34.870+0000] {logging_mixin.py:188} INFO - [2025-07-19T08:11:34.870+0000] {dagbag.py:538} INFO - Filling up the DagBag from /opt/airflow/dags/check_version.py
[2025-07-19T08:11:34.906+0000] {processor.py:840} INFO - DAG(s) 'check_sklearn_version' retrieved from /opt/airflow/dags/check_version.py
[2025-07-19T08:11:34.947+0000] {logging_mixin.py:188} INFO - [2025-07-19T08:11:34.947+0000] {dag.py:3036} INFO - Sync 1 DAGs
[2025-07-19T08:11:34.965+0000] {logging_mixin.py:188} INFO - [2025-07-19T08:11:34.965+0000] {dag.py:3823} INFO - Setting next_dagrun for check_sklearn_version to None, run_after=None
[2025-07-19T08:11:35.160+0000] {processor.py:183} INFO - Processing /opt/airflow/dags/check_version.py took 0.301 seconds
[2025-07-19T08:12:05.294+0000] {processor.py:161} INFO - Started process (PID=6225) to work on /opt/airflow/dags/check_version.py
[2025-07-19T08:12:05.296+0000] {processor.py:830} INFO - Processing file /opt/airflow/dags/check_version.py for tasks to queue
[2025-07-19T08:12:05.298+0000] {logging_mixin.py:188} INFO - [2025-07-19T08:12:05.298+0000] {dagbag.py:538} INFO - Filling up the DagBag from /opt/airflow/dags/check_version.py
[2025-07-19T08:12:05.738+0000] {processor.py:840} INFO - DAG(s) 'check_sklearn_version' retrieved from /opt/airflow/dags/check_version.py
[2025-07-19T08:12:05.780+0000] {logging_mixin.py:188} INFO - [2025-07-19T08:12:05.779+0000] {dag.py:3036} INFO - Sync 1 DAGs
[2025-07-19T08:12:05.798+0000] {logging_mixin.py:188} INFO - [2025-07-19T08:12:05.798+0000] {dag.py:3823} INFO - Setting next_dagrun for check_sklearn_version to None, run_after=None
[2025-07-19T08:12:05.829+0000] {processor.py:183} INFO - Processing /opt/airflow/dags/check_version.py took 0.540 seconds
[2025-07-19T08:12:36.456+0000] {processor.py:161} INFO - Started process (PID=6245) to work on /opt/airflow/dags/check_version.py
[2025-07-19T08:12:36.459+0000] {processor.py:830} INFO - Processing file /opt/airflow/dags/check_version.py for tasks to queue
[2025-07-19T08:12:36.464+0000] {logging_mixin.py:188} INFO - [2025-07-19T08:12:36.464+0000] {dagbag.py:538} INFO - Filling up the DagBag from /opt/airflow/dags/check_version.py
[2025-07-19T08:12:36.749+0000] {processor.py:840} INFO - DAG(s) 'check_sklearn_version' retrieved from /opt/airflow/dags/check_version.py
[2025-07-19T08:12:36.837+0000] {logging_mixin.py:188} INFO - [2025-07-19T08:12:36.836+0000] {dag.py:3036} INFO - Sync 1 DAGs
[2025-07-19T08:12:36.862+0000] {logging_mixin.py:188} INFO - [2025-07-19T08:12:36.862+0000] {dag.py:3823} INFO - Setting next_dagrun for check_sklearn_version to None, run_after=None
[2025-07-19T08:12:36.903+0000] {processor.py:183} INFO - Processing /opt/airflow/dags/check_version.py took 0.453 seconds
[2025-07-19T08:13:07.452+0000] {processor.py:161} INFO - Started process (PID=6265) to work on /opt/airflow/dags/check_version.py
[2025-07-19T08:13:07.454+0000] {processor.py:830} INFO - Processing file /opt/airflow/dags/check_version.py for tasks to queue
[2025-07-19T08:13:07.455+0000] {logging_mixin.py:188} INFO - [2025-07-19T08:13:07.455+0000] {dagbag.py:538} INFO - Filling up the DagBag from /opt/airflow/dags/check_version.py
[2025-07-19T08:13:07.740+0000] {processor.py:840} INFO - DAG(s) 'check_sklearn_version' retrieved from /opt/airflow/dags/check_version.py
[2025-07-19T08:13:07.822+0000] {logging_mixin.py:188} INFO - [2025-07-19T08:13:07.821+0000] {dag.py:3036} INFO - Sync 1 DAGs
[2025-07-19T08:13:07.845+0000] {logging_mixin.py:188} INFO - [2025-07-19T08:13:07.845+0000] {dag.py:3823} INFO - Setting next_dagrun for check_sklearn_version to None, run_after=None
[2025-07-19T08:13:07.918+0000] {processor.py:183} INFO - Processing /opt/airflow/dags/check_version.py took 0.475 seconds
[2025-07-19T08:13:38.463+0000] {processor.py:161} INFO - Started process (PID=6285) to work on /opt/airflow/dags/check_version.py
[2025-07-19T08:13:38.465+0000] {processor.py:830} INFO - Processing file /opt/airflow/dags/check_version.py for tasks to queue
[2025-07-19T08:13:38.467+0000] {logging_mixin.py:188} INFO - [2025-07-19T08:13:38.466+0000] {dagbag.py:538} INFO - Filling up the DagBag from /opt/airflow/dags/check_version.py
[2025-07-19T08:13:38.601+0000] {processor.py:840} INFO - DAG(s) 'check_sklearn_version' retrieved from /opt/airflow/dags/check_version.py
[2025-07-19T08:13:38.704+0000] {logging_mixin.py:188} INFO - [2025-07-19T08:13:38.703+0000] {dag.py:3036} INFO - Sync 1 DAGs
[2025-07-19T08:13:38.733+0000] {logging_mixin.py:188} INFO - [2025-07-19T08:13:38.732+0000] {dag.py:3823} INFO - Setting next_dagrun for check_sklearn_version to None, run_after=None
[2025-07-19T08:13:38.768+0000] {processor.py:183} INFO - Processing /opt/airflow/dags/check_version.py took 0.309 seconds
[2025-07-19T08:14:10.210+0000] {processor.py:161} INFO - Started process (PID=6305) to work on /opt/airflow/dags/check_version.py
[2025-07-19T08:14:10.212+0000] {processor.py:830} INFO - Processing file /opt/airflow/dags/check_version.py for tasks to queue
[2025-07-19T08:14:10.214+0000] {logging_mixin.py:188} INFO - [2025-07-19T08:14:10.213+0000] {dagbag.py:538} INFO - Filling up the DagBag from /opt/airflow/dags/check_version.py
[2025-07-19T08:14:10.614+0000] {processor.py:840} INFO - DAG(s) 'check_sklearn_version' retrieved from /opt/airflow/dags/check_version.py
[2025-07-19T08:14:10.724+0000] {logging_mixin.py:188} INFO - [2025-07-19T08:14:10.723+0000] {dag.py:3036} INFO - Sync 1 DAGs
[2025-07-19T08:14:10.750+0000] {logging_mixin.py:188} INFO - [2025-07-19T08:14:10.749+0000] {dag.py:3823} INFO - Setting next_dagrun for check_sklearn_version to None, run_after=None
[2025-07-19T08:14:10.901+0000] {processor.py:183} INFO - Processing /opt/airflow/dags/check_version.py took 0.696 seconds
[2025-07-19T08:15:07.455+0000] {processor.py:161} INFO - Started process (PID=6323) to work on /opt/airflow/dags/check_version.py
[2025-07-19T08:15:07.457+0000] {processor.py:830} INFO - Processing file /opt/airflow/dags/check_version.py for tasks to queue
[2025-07-19T08:15:07.459+0000] {logging_mixin.py:188} INFO - [2025-07-19T08:15:07.459+0000] {dagbag.py:538} INFO - Filling up the DagBag from /opt/airflow/dags/check_version.py
[2025-07-19T08:15:07.813+0000] {processor.py:840} INFO - DAG(s) 'check_sklearn_version' retrieved from /opt/airflow/dags/check_version.py
[2025-07-19T08:15:08.304+0000] {logging_mixin.py:188} INFO - [2025-07-19T08:15:08.304+0000] {dag.py:3036} INFO - Sync 1 DAGs
[2025-07-19T08:15:08.851+0000] {logging_mixin.py:188} INFO - [2025-07-19T08:15:08.850+0000] {dag.py:3823} INFO - Setting next_dagrun for check_sklearn_version to None, run_after=None
[2025-07-19T08:15:09.223+0000] {processor.py:183} INFO - Processing /opt/airflow/dags/check_version.py took 1.772 seconds
[2025-07-19T08:15:39.638+0000] {processor.py:161} INFO - Started process (PID=6340) to work on /opt/airflow/dags/check_version.py
[2025-07-19T08:15:39.641+0000] {processor.py:830} INFO - Processing file /opt/airflow/dags/check_version.py for tasks to queue
[2025-07-19T08:15:39.643+0000] {logging_mixin.py:188} INFO - [2025-07-19T08:15:39.642+0000] {dagbag.py:538} INFO - Filling up the DagBag from /opt/airflow/dags/check_version.py
[2025-07-19T08:15:39.705+0000] {processor.py:840} INFO - DAG(s) 'check_sklearn_version' retrieved from /opt/airflow/dags/check_version.py
[2025-07-19T08:15:39.765+0000] {logging_mixin.py:188} INFO - [2025-07-19T08:15:39.765+0000] {dag.py:3036} INFO - Sync 1 DAGs
[2025-07-19T08:15:39.785+0000] {logging_mixin.py:188} INFO - [2025-07-19T08:15:39.784+0000] {dag.py:3823} INFO - Setting next_dagrun for check_sklearn_version to None, run_after=None
[2025-07-19T08:15:39.822+0000] {processor.py:183} INFO - Processing /opt/airflow/dags/check_version.py took 0.195 seconds
[2025-07-19T08:16:10.421+0000] {processor.py:161} INFO - Started process (PID=6360) to work on /opt/airflow/dags/check_version.py
[2025-07-19T08:16:10.424+0000] {processor.py:830} INFO - Processing file /opt/airflow/dags/check_version.py for tasks to queue
[2025-07-19T08:16:10.427+0000] {logging_mixin.py:188} INFO - [2025-07-19T08:16:10.426+0000] {dagbag.py:538} INFO - Filling up the DagBag from /opt/airflow/dags/check_version.py
[2025-07-19T08:16:10.486+0000] {processor.py:840} INFO - DAG(s) 'check_sklearn_version' retrieved from /opt/airflow/dags/check_version.py
[2025-07-19T08:16:10.536+0000] {logging_mixin.py:188} INFO - [2025-07-19T08:16:10.536+0000] {dag.py:3036} INFO - Sync 1 DAGs
[2025-07-19T08:16:10.557+0000] {logging_mixin.py:188} INFO - [2025-07-19T08:16:10.557+0000] {dag.py:3823} INFO - Setting next_dagrun for check_sklearn_version to None, run_after=None
[2025-07-19T08:16:10.593+0000] {processor.py:183} INFO - Processing /opt/airflow/dags/check_version.py took 0.180 seconds
[2025-07-19T08:16:40.938+0000] {processor.py:161} INFO - Started process (PID=6380) to work on /opt/airflow/dags/check_version.py
[2025-07-19T08:16:40.940+0000] {processor.py:830} INFO - Processing file /opt/airflow/dags/check_version.py for tasks to queue
[2025-07-19T08:16:40.941+0000] {logging_mixin.py:188} INFO - [2025-07-19T08:16:40.941+0000] {dagbag.py:538} INFO - Filling up the DagBag from /opt/airflow/dags/check_version.py
[2025-07-19T08:16:41.011+0000] {processor.py:840} INFO - DAG(s) 'check_sklearn_version' retrieved from /opt/airflow/dags/check_version.py
[2025-07-19T08:16:41.047+0000] {logging_mixin.py:188} INFO - [2025-07-19T08:16:41.047+0000] {dag.py:3036} INFO - Sync 1 DAGs
[2025-07-19T08:16:41.061+0000] {logging_mixin.py:188} INFO - [2025-07-19T08:16:41.061+0000] {dag.py:3823} INFO - Setting next_dagrun for check_sklearn_version to None, run_after=None
[2025-07-19T08:16:41.091+0000] {processor.py:183} INFO - Processing /opt/airflow/dags/check_version.py took 0.159 seconds
[2025-07-19T08:17:11.541+0000] {processor.py:161} INFO - Started process (PID=6400) to work on /opt/airflow/dags/check_version.py
[2025-07-19T08:17:11.550+0000] {processor.py:830} INFO - Processing file /opt/airflow/dags/check_version.py for tasks to queue
[2025-07-19T08:17:11.552+0000] {logging_mixin.py:188} INFO - [2025-07-19T08:17:11.551+0000] {dagbag.py:538} INFO - Filling up the DagBag from /opt/airflow/dags/check_version.py
[2025-07-19T08:17:11.648+0000] {processor.py:840} INFO - DAG(s) 'check_sklearn_version' retrieved from /opt/airflow/dags/check_version.py
[2025-07-19T08:17:11.713+0000] {logging_mixin.py:188} INFO - [2025-07-19T08:17:11.713+0000] {dag.py:3036} INFO - Sync 1 DAGs
[2025-07-19T08:17:11.728+0000] {logging_mixin.py:188} INFO - [2025-07-19T08:17:11.727+0000] {dag.py:3823} INFO - Setting next_dagrun for check_sklearn_version to None, run_after=None
[2025-07-19T08:17:11.758+0000] {processor.py:183} INFO - Processing /opt/airflow/dags/check_version.py took 0.221 seconds
[2025-07-19T08:17:42.095+0000] {processor.py:161} INFO - Started process (PID=6420) to work on /opt/airflow/dags/check_version.py
[2025-07-19T08:17:42.134+0000] {processor.py:830} INFO - Processing file /opt/airflow/dags/check_version.py for tasks to queue
[2025-07-19T08:17:42.136+0000] {logging_mixin.py:188} INFO - [2025-07-19T08:17:42.136+0000] {dagbag.py:538} INFO - Filling up the DagBag from /opt/airflow/dags/check_version.py
[2025-07-19T08:17:42.393+0000] {processor.py:840} INFO - DAG(s) 'check_sklearn_version' retrieved from /opt/airflow/dags/check_version.py
[2025-07-19T08:17:42.478+0000] {logging_mixin.py:188} INFO - [2025-07-19T08:17:42.478+0000] {dag.py:3036} INFO - Sync 1 DAGs
[2025-07-19T08:17:42.496+0000] {logging_mixin.py:188} INFO - [2025-07-19T08:17:42.496+0000] {dag.py:3823} INFO - Setting next_dagrun for check_sklearn_version to None, run_after=None
[2025-07-19T08:17:42.525+0000] {processor.py:183} INFO - Processing /opt/airflow/dags/check_version.py took 0.434 seconds
[2025-07-19T08:18:12.889+0000] {processor.py:161} INFO - Started process (PID=6440) to work on /opt/airflow/dags/check_version.py
[2025-07-19T08:18:12.903+0000] {processor.py:830} INFO - Processing file /opt/airflow/dags/check_version.py for tasks to queue
[2025-07-19T08:18:12.905+0000] {logging_mixin.py:188} INFO - [2025-07-19T08:18:12.905+0000] {dagbag.py:538} INFO - Filling up the DagBag from /opt/airflow/dags/check_version.py
[2025-07-19T08:18:12.980+0000] {processor.py:840} INFO - DAG(s) 'check_sklearn_version' retrieved from /opt/airflow/dags/check_version.py
[2025-07-19T08:18:13.061+0000] {logging_mixin.py:188} INFO - [2025-07-19T08:18:13.061+0000] {dag.py:3036} INFO - Sync 1 DAGs
[2025-07-19T08:18:13.079+0000] {logging_mixin.py:188} INFO - [2025-07-19T08:18:13.079+0000] {dag.py:3823} INFO - Setting next_dagrun for check_sklearn_version to None, run_after=None
[2025-07-19T08:18:13.109+0000] {processor.py:183} INFO - Processing /opt/airflow/dags/check_version.py took 0.224 seconds
[2025-07-19T08:18:43.517+0000] {processor.py:161} INFO - Started process (PID=6460) to work on /opt/airflow/dags/check_version.py
[2025-07-19T08:18:43.519+0000] {processor.py:830} INFO - Processing file /opt/airflow/dags/check_version.py for tasks to queue
[2025-07-19T08:18:43.522+0000] {logging_mixin.py:188} INFO - [2025-07-19T08:18:43.520+0000] {dagbag.py:538} INFO - Filling up the DagBag from /opt/airflow/dags/check_version.py
[2025-07-19T08:18:43.648+0000] {processor.py:840} INFO - DAG(s) 'check_sklearn_version' retrieved from /opt/airflow/dags/check_version.py
[2025-07-19T08:18:43.699+0000] {logging_mixin.py:188} INFO - [2025-07-19T08:18:43.699+0000] {dag.py:3036} INFO - Sync 1 DAGs
[2025-07-19T08:18:43.717+0000] {logging_mixin.py:188} INFO - [2025-07-19T08:18:43.717+0000] {dag.py:3823} INFO - Setting next_dagrun for check_sklearn_version to None, run_after=None
[2025-07-19T08:18:43.750+0000] {processor.py:183} INFO - Processing /opt/airflow/dags/check_version.py took 0.238 seconds
[2025-07-19T08:19:14.120+0000] {processor.py:161} INFO - Started process (PID=6480) to work on /opt/airflow/dags/check_version.py
[2025-07-19T08:19:14.121+0000] {processor.py:830} INFO - Processing file /opt/airflow/dags/check_version.py for tasks to queue
[2025-07-19T08:19:14.123+0000] {logging_mixin.py:188} INFO - [2025-07-19T08:19:14.123+0000] {dagbag.py:538} INFO - Filling up the DagBag from /opt/airflow/dags/check_version.py
[2025-07-19T08:19:14.231+0000] {processor.py:840} INFO - DAG(s) 'check_sklearn_version' retrieved from /opt/airflow/dags/check_version.py
[2025-07-19T08:19:14.308+0000] {logging_mixin.py:188} INFO - [2025-07-19T08:19:14.308+0000] {dag.py:3036} INFO - Sync 1 DAGs
[2025-07-19T08:19:14.331+0000] {logging_mixin.py:188} INFO - [2025-07-19T08:19:14.330+0000] {dag.py:3823} INFO - Setting next_dagrun for check_sklearn_version to None, run_after=None
[2025-07-19T08:19:14.360+0000] {processor.py:183} INFO - Processing /opt/airflow/dags/check_version.py took 0.245 seconds
[2025-07-19T08:19:44.780+0000] {processor.py:161} INFO - Started process (PID=6500) to work on /opt/airflow/dags/check_version.py
[2025-07-19T08:19:44.790+0000] {processor.py:830} INFO - Processing file /opt/airflow/dags/check_version.py for tasks to queue
[2025-07-19T08:19:44.792+0000] {logging_mixin.py:188} INFO - [2025-07-19T08:19:44.791+0000] {dagbag.py:538} INFO - Filling up the DagBag from /opt/airflow/dags/check_version.py
[2025-07-19T08:19:44.835+0000] {processor.py:840} INFO - DAG(s) 'check_sklearn_version' retrieved from /opt/airflow/dags/check_version.py
[2025-07-19T08:19:44.893+0000] {logging_mixin.py:188} INFO - [2025-07-19T08:19:44.893+0000] {dag.py:3036} INFO - Sync 1 DAGs
[2025-07-19T08:19:44.913+0000] {logging_mixin.py:188} INFO - [2025-07-19T08:19:44.913+0000] {dag.py:3823} INFO - Setting next_dagrun for check_sklearn_version to None, run_after=None
[2025-07-19T08:19:44.940+0000] {processor.py:183} INFO - Processing /opt/airflow/dags/check_version.py took 0.165 seconds
[2025-07-19T08:20:15.665+0000] {processor.py:161} INFO - Started process (PID=6520) to work on /opt/airflow/dags/check_version.py
[2025-07-19T08:20:15.677+0000] {processor.py:830} INFO - Processing file /opt/airflow/dags/check_version.py for tasks to queue
[2025-07-19T08:20:15.679+0000] {logging_mixin.py:188} INFO - [2025-07-19T08:20:15.679+0000] {dagbag.py:538} INFO - Filling up the DagBag from /opt/airflow/dags/check_version.py
[2025-07-19T08:20:15.792+0000] {processor.py:840} INFO - DAG(s) 'check_sklearn_version' retrieved from /opt/airflow/dags/check_version.py
[2025-07-19T08:20:15.872+0000] {logging_mixin.py:188} INFO - [2025-07-19T08:20:15.871+0000] {dag.py:3036} INFO - Sync 1 DAGs
[2025-07-19T08:20:15.891+0000] {logging_mixin.py:188} INFO - [2025-07-19T08:20:15.890+0000] {dag.py:3823} INFO - Setting next_dagrun for check_sklearn_version to None, run_after=None
[2025-07-19T08:20:16.127+0000] {processor.py:183} INFO - Processing /opt/airflow/dags/check_version.py took 0.468 seconds
[2025-07-19T08:20:46.846+0000] {processor.py:161} INFO - Started process (PID=6540) to work on /opt/airflow/dags/check_version.py
[2025-07-19T08:20:46.848+0000] {processor.py:830} INFO - Processing file /opt/airflow/dags/check_version.py for tasks to queue
[2025-07-19T08:20:46.851+0000] {logging_mixin.py:188} INFO - [2025-07-19T08:20:46.850+0000] {dagbag.py:538} INFO - Filling up the DagBag from /opt/airflow/dags/check_version.py
[2025-07-19T08:20:46.935+0000] {processor.py:840} INFO - DAG(s) 'check_sklearn_version' retrieved from /opt/airflow/dags/check_version.py
[2025-07-19T08:20:46.972+0000] {logging_mixin.py:188} INFO - [2025-07-19T08:20:46.972+0000] {dag.py:3036} INFO - Sync 1 DAGs
[2025-07-19T08:20:46.988+0000] {logging_mixin.py:188} INFO - [2025-07-19T08:20:46.987+0000] {dag.py:3823} INFO - Setting next_dagrun for check_sklearn_version to None, run_after=None
[2025-07-19T08:20:47.026+0000] {processor.py:183} INFO - Processing /opt/airflow/dags/check_version.py took 0.186 seconds
[2025-07-19T08:21:18.013+0000] {processor.py:161} INFO - Started process (PID=6560) to work on /opt/airflow/dags/check_version.py
[2025-07-19T08:21:18.015+0000] {processor.py:830} INFO - Processing file /opt/airflow/dags/check_version.py for tasks to queue
[2025-07-19T08:21:18.018+0000] {logging_mixin.py:188} INFO - [2025-07-19T08:21:18.017+0000] {dagbag.py:538} INFO - Filling up the DagBag from /opt/airflow/dags/check_version.py
[2025-07-19T08:21:18.213+0000] {processor.py:840} INFO - DAG(s) 'check_sklearn_version' retrieved from /opt/airflow/dags/check_version.py
[2025-07-19T08:21:18.253+0000] {logging_mixin.py:188} INFO - [2025-07-19T08:21:18.253+0000] {dag.py:3036} INFO - Sync 1 DAGs
[2025-07-19T08:21:18.272+0000] {logging_mixin.py:188} INFO - [2025-07-19T08:21:18.271+0000] {dag.py:3823} INFO - Setting next_dagrun for check_sklearn_version to None, run_after=None
[2025-07-19T08:21:18.302+0000] {processor.py:183} INFO - Processing /opt/airflow/dags/check_version.py took 0.295 seconds
[2025-07-19T08:21:48.489+0000] {processor.py:161} INFO - Started process (PID=6580) to work on /opt/airflow/dags/check_version.py
[2025-07-19T08:21:48.491+0000] {processor.py:830} INFO - Processing file /opt/airflow/dags/check_version.py for tasks to queue
[2025-07-19T08:21:48.493+0000] {logging_mixin.py:188} INFO - [2025-07-19T08:21:48.493+0000] {dagbag.py:538} INFO - Filling up the DagBag from /opt/airflow/dags/check_version.py
[2025-07-19T08:21:48.582+0000] {processor.py:840} INFO - DAG(s) 'check_sklearn_version' retrieved from /opt/airflow/dags/check_version.py
[2025-07-19T08:21:48.932+0000] {logging_mixin.py:188} INFO - [2025-07-19T08:21:48.932+0000] {dag.py:3036} INFO - Sync 1 DAGs
[2025-07-19T08:21:48.947+0000] {logging_mixin.py:188} INFO - [2025-07-19T08:21:48.947+0000] {dag.py:3823} INFO - Setting next_dagrun for check_sklearn_version to None, run_after=None
[2025-07-19T08:21:48.971+0000] {processor.py:183} INFO - Processing /opt/airflow/dags/check_version.py took 0.487 seconds
[2025-07-19T08:22:19.796+0000] {processor.py:161} INFO - Started process (PID=6600) to work on /opt/airflow/dags/check_version.py
[2025-07-19T08:22:19.798+0000] {processor.py:830} INFO - Processing file /opt/airflow/dags/check_version.py for tasks to queue
[2025-07-19T08:22:19.800+0000] {logging_mixin.py:188} INFO - [2025-07-19T08:22:19.800+0000] {dagbag.py:538} INFO - Filling up the DagBag from /opt/airflow/dags/check_version.py
[2025-07-19T08:22:19.829+0000] {processor.py:840} INFO - DAG(s) 'check_sklearn_version' retrieved from /opt/airflow/dags/check_version.py
[2025-07-19T08:22:19.946+0000] {logging_mixin.py:188} INFO - [2025-07-19T08:22:19.946+0000] {dag.py:3036} INFO - Sync 1 DAGs
[2025-07-19T08:22:19.961+0000] {logging_mixin.py:188} INFO - [2025-07-19T08:22:19.961+0000] {dag.py:3823} INFO - Setting next_dagrun for check_sklearn_version to None, run_after=None
[2025-07-19T08:22:20.035+0000] {processor.py:183} INFO - Processing /opt/airflow/dags/check_version.py took 0.248 seconds
[2025-07-19T08:22:50.282+0000] {processor.py:161} INFO - Started process (PID=6620) to work on /opt/airflow/dags/check_version.py
[2025-07-19T08:22:50.284+0000] {processor.py:830} INFO - Processing file /opt/airflow/dags/check_version.py for tasks to queue
[2025-07-19T08:22:50.286+0000] {logging_mixin.py:188} INFO - [2025-07-19T08:22:50.285+0000] {dagbag.py:538} INFO - Filling up the DagBag from /opt/airflow/dags/check_version.py
[2025-07-19T08:22:50.315+0000] {processor.py:840} INFO - DAG(s) 'check_sklearn_version' retrieved from /opt/airflow/dags/check_version.py
[2025-07-19T08:22:50.355+0000] {logging_mixin.py:188} INFO - [2025-07-19T08:22:50.355+0000] {dag.py:3036} INFO - Sync 1 DAGs
[2025-07-19T08:22:50.371+0000] {logging_mixin.py:188} INFO - [2025-07-19T08:22:50.371+0000] {dag.py:3823} INFO - Setting next_dagrun for check_sklearn_version to None, run_after=None
[2025-07-19T08:22:50.399+0000] {processor.py:183} INFO - Processing /opt/airflow/dags/check_version.py took 0.122 seconds
[2025-07-19T08:23:21.106+0000] {processor.py:161} INFO - Started process (PID=6643) to work on /opt/airflow/dags/check_version.py
[2025-07-19T08:23:21.108+0000] {processor.py:830} INFO - Processing file /opt/airflow/dags/check_version.py for tasks to queue
[2025-07-19T08:23:21.110+0000] {logging_mixin.py:188} INFO - [2025-07-19T08:23:21.110+0000] {dagbag.py:538} INFO - Filling up the DagBag from /opt/airflow/dags/check_version.py
[2025-07-19T08:23:21.145+0000] {processor.py:840} INFO - DAG(s) 'check_sklearn_version' retrieved from /opt/airflow/dags/check_version.py
[2025-07-19T08:23:21.200+0000] {logging_mixin.py:188} INFO - [2025-07-19T08:23:21.199+0000] {dag.py:3036} INFO - Sync 1 DAGs
[2025-07-19T08:23:21.382+0000] {logging_mixin.py:188} INFO - [2025-07-19T08:23:21.382+0000] {dag.py:3823} INFO - Setting next_dagrun for check_sklearn_version to None, run_after=None
[2025-07-19T08:23:21.413+0000] {processor.py:183} INFO - Processing /opt/airflow/dags/check_version.py took 0.312 seconds
[2025-07-19T08:23:52.040+0000] {processor.py:161} INFO - Started process (PID=6665) to work on /opt/airflow/dags/check_version.py
[2025-07-19T08:23:52.042+0000] {processor.py:830} INFO - Processing file /opt/airflow/dags/check_version.py for tasks to queue
[2025-07-19T08:23:52.045+0000] {logging_mixin.py:188} INFO - [2025-07-19T08:23:52.045+0000] {dagbag.py:538} INFO - Filling up the DagBag from /opt/airflow/dags/check_version.py
[2025-07-19T08:23:52.117+0000] {processor.py:840} INFO - DAG(s) 'check_sklearn_version' retrieved from /opt/airflow/dags/check_version.py
[2025-07-19T08:23:52.170+0000] {logging_mixin.py:188} INFO - [2025-07-19T08:23:52.170+0000] {dag.py:3036} INFO - Sync 1 DAGs
[2025-07-19T08:23:52.193+0000] {logging_mixin.py:188} INFO - [2025-07-19T08:23:52.192+0000] {dag.py:3823} INFO - Setting next_dagrun for check_sklearn_version to None, run_after=None
[2025-07-19T08:23:52.233+0000] {processor.py:183} INFO - Processing /opt/airflow/dags/check_version.py took 0.199 seconds
[2025-07-19T08:24:22.804+0000] {processor.py:161} INFO - Started process (PID=6685) to work on /opt/airflow/dags/check_version.py
[2025-07-19T08:24:22.807+0000] {processor.py:830} INFO - Processing file /opt/airflow/dags/check_version.py for tasks to queue
[2025-07-19T08:24:22.810+0000] {logging_mixin.py:188} INFO - [2025-07-19T08:24:22.809+0000] {dagbag.py:538} INFO - Filling up the DagBag from /opt/airflow/dags/check_version.py
[2025-07-19T08:24:22.952+0000] {processor.py:840} INFO - DAG(s) 'check_sklearn_version' retrieved from /opt/airflow/dags/check_version.py
[2025-07-19T08:24:23.210+0000] {logging_mixin.py:188} INFO - [2025-07-19T08:24:23.209+0000] {dag.py:3036} INFO - Sync 1 DAGs
[2025-07-19T08:24:23.236+0000] {logging_mixin.py:188} INFO - [2025-07-19T08:24:23.235+0000] {dag.py:3823} INFO - Setting next_dagrun for check_sklearn_version to None, run_after=None
[2025-07-19T08:24:23.302+0000] {processor.py:183} INFO - Processing /opt/airflow/dags/check_version.py took 0.504 seconds
[2025-07-19T08:24:53.937+0000] {processor.py:161} INFO - Started process (PID=6705) to work on /opt/airflow/dags/check_version.py
[2025-07-19T08:24:53.939+0000] {processor.py:830} INFO - Processing file /opt/airflow/dags/check_version.py for tasks to queue
[2025-07-19T08:24:53.940+0000] {logging_mixin.py:188} INFO - [2025-07-19T08:24:53.940+0000] {dagbag.py:538} INFO - Filling up the DagBag from /opt/airflow/dags/check_version.py
[2025-07-19T08:24:53.991+0000] {processor.py:840} INFO - DAG(s) 'check_sklearn_version' retrieved from /opt/airflow/dags/check_version.py
[2025-07-19T08:24:54.035+0000] {logging_mixin.py:188} INFO - [2025-07-19T08:24:54.035+0000] {dag.py:3036} INFO - Sync 1 DAGs
[2025-07-19T08:24:54.053+0000] {logging_mixin.py:188} INFO - [2025-07-19T08:24:54.053+0000] {dag.py:3823} INFO - Setting next_dagrun for check_sklearn_version to None, run_after=None
[2025-07-19T08:24:54.081+0000] {processor.py:183} INFO - Processing /opt/airflow/dags/check_version.py took 0.151 seconds
[2025-07-19T08:25:25.452+0000] {processor.py:161} INFO - Started process (PID=6723) to work on /opt/airflow/dags/check_version.py
[2025-07-19T08:25:25.453+0000] {processor.py:830} INFO - Processing file /opt/airflow/dags/check_version.py for tasks to queue
[2025-07-19T08:25:25.455+0000] {logging_mixin.py:188} INFO - [2025-07-19T08:25:25.454+0000] {dagbag.py:538} INFO - Filling up the DagBag from /opt/airflow/dags/check_version.py
[2025-07-19T08:25:25.568+0000] {processor.py:840} INFO - DAG(s) 'check_sklearn_version' retrieved from /opt/airflow/dags/check_version.py
[2025-07-19T08:25:25.619+0000] {logging_mixin.py:188} INFO - [2025-07-19T08:25:25.619+0000] {dag.py:3036} INFO - Sync 1 DAGs
[2025-07-19T08:25:25.646+0000] {logging_mixin.py:188} INFO - [2025-07-19T08:25:25.646+0000] {dag.py:3823} INFO - Setting next_dagrun for check_sklearn_version to None, run_after=None
[2025-07-19T08:25:25.682+0000] {processor.py:183} INFO - Processing /opt/airflow/dags/check_version.py took 0.235 seconds
[2025-07-19T08:25:55.930+0000] {processor.py:161} INFO - Started process (PID=6743) to work on /opt/airflow/dags/check_version.py
[2025-07-19T08:25:55.932+0000] {processor.py:830} INFO - Processing file /opt/airflow/dags/check_version.py for tasks to queue
[2025-07-19T08:25:55.935+0000] {logging_mixin.py:188} INFO - [2025-07-19T08:25:55.934+0000] {dagbag.py:538} INFO - Filling up the DagBag from /opt/airflow/dags/check_version.py
[2025-07-19T08:25:55.979+0000] {processor.py:840} INFO - DAG(s) 'check_sklearn_version' retrieved from /opt/airflow/dags/check_version.py
[2025-07-19T08:25:56.033+0000] {logging_mixin.py:188} INFO - [2025-07-19T08:25:56.033+0000] {dag.py:3036} INFO - Sync 1 DAGs
[2025-07-19T08:25:56.052+0000] {logging_mixin.py:188} INFO - [2025-07-19T08:25:56.051+0000] {dag.py:3823} INFO - Setting next_dagrun for check_sklearn_version to None, run_after=None
[2025-07-19T08:25:56.360+0000] {processor.py:183} INFO - Processing /opt/airflow/dags/check_version.py took 0.434 seconds
[2025-07-19T08:26:26.602+0000] {processor.py:161} INFO - Started process (PID=6765) to work on /opt/airflow/dags/check_version.py
[2025-07-19T08:26:26.604+0000] {processor.py:830} INFO - Processing file /opt/airflow/dags/check_version.py for tasks to queue
[2025-07-19T08:26:26.606+0000] {logging_mixin.py:188} INFO - [2025-07-19T08:26:26.605+0000] {dagbag.py:538} INFO - Filling up the DagBag from /opt/airflow/dags/check_version.py
[2025-07-19T08:26:26.663+0000] {processor.py:840} INFO - DAG(s) 'check_sklearn_version' retrieved from /opt/airflow/dags/check_version.py
[2025-07-19T08:26:26.710+0000] {logging_mixin.py:188} INFO - [2025-07-19T08:26:26.709+0000] {dag.py:3036} INFO - Sync 1 DAGs
[2025-07-19T08:26:26.728+0000] {logging_mixin.py:188} INFO - [2025-07-19T08:26:26.728+0000] {dag.py:3823} INFO - Setting next_dagrun for check_sklearn_version to None, run_after=None
[2025-07-19T08:26:26.759+0000] {processor.py:183} INFO - Processing /opt/airflow/dags/check_version.py took 0.164 seconds
[2025-07-19T08:26:57.454+0000] {processor.py:161} INFO - Started process (PID=6783) to work on /opt/airflow/dags/check_version.py
[2025-07-19T08:26:57.456+0000] {processor.py:830} INFO - Processing file /opt/airflow/dags/check_version.py for tasks to queue
[2025-07-19T08:26:57.458+0000] {logging_mixin.py:188} INFO - [2025-07-19T08:26:57.458+0000] {dagbag.py:538} INFO - Filling up the DagBag from /opt/airflow/dags/check_version.py
[2025-07-19T08:26:57.847+0000] {processor.py:840} INFO - DAG(s) 'check_sklearn_version' retrieved from /opt/airflow/dags/check_version.py
[2025-07-19T08:26:57.903+0000] {logging_mixin.py:188} INFO - [2025-07-19T08:26:57.903+0000] {dag.py:3036} INFO - Sync 1 DAGs
[2025-07-19T08:26:57.926+0000] {logging_mixin.py:188} INFO - [2025-07-19T08:26:57.925+0000] {dag.py:3823} INFO - Setting next_dagrun for check_sklearn_version to None, run_after=None
[2025-07-19T08:26:57.970+0000] {processor.py:183} INFO - Processing /opt/airflow/dags/check_version.py took 0.526 seconds
[2025-07-19T08:27:29.002+0000] {processor.py:161} INFO - Started process (PID=6805) to work on /opt/airflow/dags/check_version.py
[2025-07-19T08:27:29.005+0000] {processor.py:830} INFO - Processing file /opt/airflow/dags/check_version.py for tasks to queue
[2025-07-19T08:27:29.007+0000] {logging_mixin.py:188} INFO - [2025-07-19T08:27:29.006+0000] {dagbag.py:538} INFO - Filling up the DagBag from /opt/airflow/dags/check_version.py
[2025-07-19T08:27:29.050+0000] {processor.py:840} INFO - DAG(s) 'check_sklearn_version' retrieved from /opt/airflow/dags/check_version.py
[2025-07-19T08:27:29.159+0000] {logging_mixin.py:188} INFO - [2025-07-19T08:27:29.159+0000] {dag.py:3036} INFO - Sync 1 DAGs
[2025-07-19T08:27:29.175+0000] {logging_mixin.py:188} INFO - [2025-07-19T08:27:29.174+0000] {dag.py:3823} INFO - Setting next_dagrun for check_sklearn_version to None, run_after=None
[2025-07-19T08:27:29.204+0000] {processor.py:183} INFO - Processing /opt/airflow/dags/check_version.py took 0.210 seconds
[2025-07-19T08:28:00.137+0000] {processor.py:161} INFO - Started process (PID=6825) to work on /opt/airflow/dags/check_version.py
[2025-07-19T08:28:00.140+0000] {processor.py:830} INFO - Processing file /opt/airflow/dags/check_version.py for tasks to queue
[2025-07-19T08:28:00.142+0000] {logging_mixin.py:188} INFO - [2025-07-19T08:28:00.141+0000] {dagbag.py:538} INFO - Filling up the DagBag from /opt/airflow/dags/check_version.py
[2025-07-19T08:28:00.229+0000] {processor.py:840} INFO - DAG(s) 'check_sklearn_version' retrieved from /opt/airflow/dags/check_version.py
[2025-07-19T08:28:00.359+0000] {logging_mixin.py:188} INFO - [2025-07-19T08:28:00.358+0000] {dag.py:3036} INFO - Sync 1 DAGs
[2025-07-19T08:28:00.377+0000] {logging_mixin.py:188} INFO - [2025-07-19T08:28:00.377+0000] {dag.py:3823} INFO - Setting next_dagrun for check_sklearn_version to None, run_after=None
[2025-07-19T08:28:00.407+0000] {processor.py:183} INFO - Processing /opt/airflow/dags/check_version.py took 0.281 seconds
[2025-07-19T08:28:33.308+0000] {processor.py:161} INFO - Started process (PID=6842) to work on /opt/airflow/dags/check_version.py
[2025-07-19T08:28:33.311+0000] {processor.py:830} INFO - Processing file /opt/airflow/dags/check_version.py for tasks to queue
[2025-07-19T08:28:33.314+0000] {logging_mixin.py:188} INFO - [2025-07-19T08:28:33.313+0000] {dagbag.py:538} INFO - Filling up the DagBag from /opt/airflow/dags/check_version.py
[2025-07-19T08:28:33.508+0000] {processor.py:840} INFO - DAG(s) 'check_sklearn_version' retrieved from /opt/airflow/dags/check_version.py
[2025-07-19T08:28:33.940+0000] {logging_mixin.py:188} INFO - [2025-07-19T08:28:33.940+0000] {dag.py:3036} INFO - Sync 1 DAGs
[2025-07-19T08:28:33.954+0000] {logging_mixin.py:188} INFO - [2025-07-19T08:28:33.954+0000] {dag.py:3823} INFO - Setting next_dagrun for check_sklearn_version to None, run_after=None
[2025-07-19T08:28:34.147+0000] {processor.py:183} INFO - Processing /opt/airflow/dags/check_version.py took 0.847 seconds
[2025-07-19T08:29:05.637+0000] {processor.py:161} INFO - Started process (PID=6861) to work on /opt/airflow/dags/check_version.py
[2025-07-19T08:29:05.639+0000] {processor.py:830} INFO - Processing file /opt/airflow/dags/check_version.py for tasks to queue
[2025-07-19T08:29:05.640+0000] {logging_mixin.py:188} INFO - [2025-07-19T08:29:05.640+0000] {dagbag.py:538} INFO - Filling up the DagBag from /opt/airflow/dags/check_version.py
[2025-07-19T08:29:06.029+0000] {processor.py:840} INFO - DAG(s) 'check_sklearn_version' retrieved from /opt/airflow/dags/check_version.py
[2025-07-19T08:29:06.128+0000] {logging_mixin.py:188} INFO - [2025-07-19T08:29:06.128+0000] {dag.py:3036} INFO - Sync 1 DAGs
[2025-07-19T08:29:06.573+0000] {logging_mixin.py:188} INFO - [2025-07-19T08:29:06.573+0000] {dag.py:3823} INFO - Setting next_dagrun for check_sklearn_version to None, run_after=None
[2025-07-19T08:29:06.878+0000] {processor.py:183} INFO - Processing /opt/airflow/dags/check_version.py took 1.245 seconds
[2025-07-19T08:29:46.941+0000] {processor.py:161} INFO - Started process (PID=6881) to work on /opt/airflow/dags/check_version.py
[2025-07-19T08:29:48.948+0000] {processor.py:830} INFO - Processing file /opt/airflow/dags/check_version.py for tasks to queue
[2025-07-19T08:29:49.796+0000] {logging_mixin.py:188} INFO - [2025-07-19T08:29:49.273+0000] {dagbag.py:538} INFO - Filling up the DagBag from /opt/airflow/dags/check_version.py
[2025-07-19T08:29:52.467+0000] {processor.py:840} INFO - DAG(s) 'check_sklearn_version' retrieved from /opt/airflow/dags/check_version.py
[2025-07-19T08:29:52.746+0000] {logging_mixin.py:188} INFO - [2025-07-19T08:29:52.745+0000] {dag.py:3036} INFO - Sync 1 DAGs
[2025-07-19T08:29:52.764+0000] {logging_mixin.py:188} INFO - [2025-07-19T08:29:52.764+0000] {dag.py:3823} INFO - Setting next_dagrun for check_sklearn_version to None, run_after=None
[2025-07-19T08:29:52.820+0000] {processor.py:183} INFO - Processing /opt/airflow/dags/check_version.py took 14.236 seconds
[2025-07-19T08:30:24.120+0000] {processor.py:161} INFO - Started process (PID=6906) to work on /opt/airflow/dags/check_version.py
[2025-07-19T08:30:24.122+0000] {processor.py:830} INFO - Processing file /opt/airflow/dags/check_version.py for tasks to queue
[2025-07-19T08:30:24.123+0000] {logging_mixin.py:188} INFO - [2025-07-19T08:30:24.123+0000] {dagbag.py:538} INFO - Filling up the DagBag from /opt/airflow/dags/check_version.py
[2025-07-19T08:30:24.170+0000] {processor.py:840} INFO - DAG(s) 'check_sklearn_version' retrieved from /opt/airflow/dags/check_version.py
[2025-07-19T08:30:24.243+0000] {logging_mixin.py:188} INFO - [2025-07-19T08:30:24.242+0000] {dag.py:3036} INFO - Sync 1 DAGs
[2025-07-19T08:30:24.267+0000] {logging_mixin.py:188} INFO - [2025-07-19T08:30:24.267+0000] {dag.py:3823} INFO - Setting next_dagrun for check_sklearn_version to None, run_after=None
[2025-07-19T08:30:24.311+0000] {processor.py:183} INFO - Processing /opt/airflow/dags/check_version.py took 0.197 seconds
[2025-07-19T08:30:55.482+0000] {processor.py:161} INFO - Started process (PID=6926) to work on /opt/airflow/dags/check_version.py
[2025-07-19T08:30:55.485+0000] {processor.py:830} INFO - Processing file /opt/airflow/dags/check_version.py for tasks to queue
[2025-07-19T08:30:55.488+0000] {logging_mixin.py:188} INFO - [2025-07-19T08:30:55.487+0000] {dagbag.py:538} INFO - Filling up the DagBag from /opt/airflow/dags/check_version.py
[2025-07-19T08:30:55.879+0000] {processor.py:840} INFO - DAG(s) 'check_sklearn_version' retrieved from /opt/airflow/dags/check_version.py
[2025-07-19T08:30:56.052+0000] {logging_mixin.py:188} INFO - [2025-07-19T08:30:56.052+0000] {dag.py:3036} INFO - Sync 1 DAGs
[2025-07-19T08:30:56.069+0000] {logging_mixin.py:188} INFO - [2025-07-19T08:30:56.069+0000] {dag.py:3823} INFO - Setting next_dagrun for check_sklearn_version to None, run_after=None
[2025-07-19T08:30:56.126+0000] {processor.py:183} INFO - Processing /opt/airflow/dags/check_version.py took 0.657 seconds
[2025-07-19T08:31:26.486+0000] {processor.py:161} INFO - Started process (PID=6946) to work on /opt/airflow/dags/check_version.py
[2025-07-19T08:31:26.488+0000] {processor.py:830} INFO - Processing file /opt/airflow/dags/check_version.py for tasks to queue
[2025-07-19T08:31:26.490+0000] {logging_mixin.py:188} INFO - [2025-07-19T08:31:26.489+0000] {dagbag.py:538} INFO - Filling up the DagBag from /opt/airflow/dags/check_version.py
[2025-07-19T08:31:26.579+0000] {processor.py:840} INFO - DAG(s) 'check_sklearn_version' retrieved from /opt/airflow/dags/check_version.py
[2025-07-19T08:31:26.647+0000] {logging_mixin.py:188} INFO - [2025-07-19T08:31:26.646+0000] {dag.py:3036} INFO - Sync 1 DAGs
[2025-07-19T08:31:26.665+0000] {logging_mixin.py:188} INFO - [2025-07-19T08:31:26.665+0000] {dag.py:3823} INFO - Setting next_dagrun for check_sklearn_version to None, run_after=None
[2025-07-19T08:31:26.830+0000] {processor.py:183} INFO - Processing /opt/airflow/dags/check_version.py took 0.352 seconds
[2025-07-19T08:31:57.539+0000] {processor.py:161} INFO - Started process (PID=6964) to work on /opt/airflow/dags/check_version.py
[2025-07-19T08:31:57.541+0000] {processor.py:830} INFO - Processing file /opt/airflow/dags/check_version.py for tasks to queue
[2025-07-19T08:31:57.565+0000] {logging_mixin.py:188} INFO - [2025-07-19T08:31:57.565+0000] {dagbag.py:538} INFO - Filling up the DagBag from /opt/airflow/dags/check_version.py
[2025-07-19T08:31:57.728+0000] {processor.py:840} INFO - DAG(s) 'check_sklearn_version' retrieved from /opt/airflow/dags/check_version.py
[2025-07-19T08:31:57.875+0000] {logging_mixin.py:188} INFO - [2025-07-19T08:31:57.875+0000] {dag.py:3036} INFO - Sync 1 DAGs
[2025-07-19T08:31:57.892+0000] {logging_mixin.py:188} INFO - [2025-07-19T08:31:57.892+0000] {dag.py:3823} INFO - Setting next_dagrun for check_sklearn_version to None, run_after=None
[2025-07-19T08:31:58.049+0000] {processor.py:183} INFO - Processing /opt/airflow/dags/check_version.py took 0.517 seconds
[2025-07-19T08:32:28.573+0000] {processor.py:161} INFO - Started process (PID=6985) to work on /opt/airflow/dags/check_version.py
[2025-07-19T08:32:28.659+0000] {processor.py:830} INFO - Processing file /opt/airflow/dags/check_version.py for tasks to queue
[2025-07-19T08:32:28.661+0000] {logging_mixin.py:188} INFO - [2025-07-19T08:32:28.661+0000] {dagbag.py:538} INFO - Filling up the DagBag from /opt/airflow/dags/check_version.py
[2025-07-19T08:32:28.691+0000] {processor.py:840} INFO - DAG(s) 'check_sklearn_version' retrieved from /opt/airflow/dags/check_version.py
[2025-07-19T08:32:28.842+0000] {logging_mixin.py:188} INFO - [2025-07-19T08:32:28.842+0000] {dag.py:3036} INFO - Sync 1 DAGs
[2025-07-19T08:32:29.053+0000] {logging_mixin.py:188} INFO - [2025-07-19T08:32:29.052+0000] {dag.py:3823} INFO - Setting next_dagrun for check_sklearn_version to None, run_after=None
[2025-07-19T08:32:29.084+0000] {processor.py:183} INFO - Processing /opt/airflow/dags/check_version.py took 0.517 seconds
[2025-07-19T08:32:59.286+0000] {processor.py:161} INFO - Started process (PID=7002) to work on /opt/airflow/dags/check_version.py
[2025-07-19T08:32:59.289+0000] {processor.py:830} INFO - Processing file /opt/airflow/dags/check_version.py for tasks to queue
[2025-07-19T08:32:59.292+0000] {logging_mixin.py:188} INFO - [2025-07-19T08:32:59.291+0000] {dagbag.py:538} INFO - Filling up the DagBag from /opt/airflow/dags/check_version.py
[2025-07-19T08:32:59.383+0000] {processor.py:840} INFO - DAG(s) 'check_sklearn_version' retrieved from /opt/airflow/dags/check_version.py
[2025-07-19T08:32:59.451+0000] {logging_mixin.py:188} INFO - [2025-07-19T08:32:59.450+0000] {dag.py:3036} INFO - Sync 1 DAGs
[2025-07-19T08:32:59.475+0000] {logging_mixin.py:188} INFO - [2025-07-19T08:32:59.475+0000] {dag.py:3823} INFO - Setting next_dagrun for check_sklearn_version to None, run_after=None
[2025-07-19T08:32:59.510+0000] {processor.py:183} INFO - Processing /opt/airflow/dags/check_version.py took 0.234 seconds
[2025-07-19T08:33:30.577+0000] {processor.py:161} INFO - Started process (PID=7025) to work on /opt/airflow/dags/check_version.py
[2025-07-19T08:33:30.578+0000] {processor.py:830} INFO - Processing file /opt/airflow/dags/check_version.py for tasks to queue
[2025-07-19T08:33:30.580+0000] {logging_mixin.py:188} INFO - [2025-07-19T08:33:30.580+0000] {dagbag.py:538} INFO - Filling up the DagBag from /opt/airflow/dags/check_version.py
[2025-07-19T08:33:30.615+0000] {processor.py:840} INFO - DAG(s) 'check_sklearn_version' retrieved from /opt/airflow/dags/check_version.py
[2025-07-19T08:33:30.659+0000] {logging_mixin.py:188} INFO - [2025-07-19T08:33:30.658+0000] {dag.py:3036} INFO - Sync 1 DAGs
[2025-07-19T08:33:30.678+0000] {logging_mixin.py:188} INFO - [2025-07-19T08:33:30.678+0000] {dag.py:3823} INFO - Setting next_dagrun for check_sklearn_version to None, run_after=None
[2025-07-19T08:33:30.712+0000] {processor.py:183} INFO - Processing /opt/airflow/dags/check_version.py took 0.141 seconds
[2025-07-19T08:34:04.108+0000] {processor.py:161} INFO - Started process (PID=7045) to work on /opt/airflow/dags/check_version.py
[2025-07-19T08:34:04.109+0000] {processor.py:830} INFO - Processing file /opt/airflow/dags/check_version.py for tasks to queue
[2025-07-19T08:34:04.111+0000] {logging_mixin.py:188} INFO - [2025-07-19T08:34:04.111+0000] {dagbag.py:538} INFO - Filling up the DagBag from /opt/airflow/dags/check_version.py
[2025-07-19T08:34:04.165+0000] {processor.py:840} INFO - DAG(s) 'check_sklearn_version' retrieved from /opt/airflow/dags/check_version.py
[2025-07-19T08:34:07.340+0000] {logging_mixin.py:188} INFO - [2025-07-19T08:34:07.339+0000] {dag.py:3036} INFO - Sync 1 DAGs
[2025-07-19T08:34:08.435+0000] {logging_mixin.py:188} INFO - [2025-07-19T08:34:08.435+0000] {dag.py:3823} INFO - Setting next_dagrun for check_sklearn_version to None, run_after=None
[2025-07-19T08:34:08.563+0000] {processor.py:183} INFO - Processing /opt/airflow/dags/check_version.py took 4.462 seconds
[2025-07-19T08:34:42.361+0000] {processor.py:161} INFO - Started process (PID=7065) to work on /opt/airflow/dags/check_version.py
[2025-07-19T08:34:42.371+0000] {processor.py:830} INFO - Processing file /opt/airflow/dags/check_version.py for tasks to queue
[2025-07-19T08:34:42.384+0000] {logging_mixin.py:188} INFO - [2025-07-19T08:34:42.383+0000] {dagbag.py:538} INFO - Filling up the DagBag from /opt/airflow/dags/check_version.py
[2025-07-19T08:34:43.883+0000] {processor.py:840} INFO - DAG(s) 'check_sklearn_version' retrieved from /opt/airflow/dags/check_version.py
[2025-07-19T08:34:43.936+0000] {logging_mixin.py:188} INFO - [2025-07-19T08:34:43.935+0000] {dag.py:3036} INFO - Sync 1 DAGs
[2025-07-19T08:34:43.955+0000] {logging_mixin.py:188} INFO - [2025-07-19T08:34:43.955+0000] {dag.py:3823} INFO - Setting next_dagrun for check_sklearn_version to None, run_after=None
[2025-07-19T08:34:44.034+0000] {processor.py:183} INFO - Processing /opt/airflow/dags/check_version.py took 1.677 seconds
[2025-07-19T08:35:29.225+0000] {processor.py:161} INFO - Started process (PID=7086) to work on /opt/airflow/dags/check_version.py
[2025-07-19T08:35:29.253+0000] {processor.py:830} INFO - Processing file /opt/airflow/dags/check_version.py for tasks to queue
[2025-07-19T08:35:31.675+0000] {logging_mixin.py:188} INFO - [2025-07-19T08:35:30.591+0000] {dagbag.py:538} INFO - Filling up the DagBag from /opt/airflow/dags/check_version.py
[2025-07-19T08:35:51.920+0000] {processor.py:840} INFO - DAG(s) 'check_sklearn_version' retrieved from /opt/airflow/dags/check_version.py
[2025-07-19T08:36:15.360+0000] {logging_mixin.py:188} INFO - [2025-07-19T08:36:15.360+0000] {dag.py:3036} INFO - Sync 1 DAGs
[2025-07-19T08:36:15.450+0000] {logging_mixin.py:188} INFO - [2025-07-19T08:36:15.449+0000] {dag.py:3823} INFO - Setting next_dagrun for check_sklearn_version to None, run_after=None
[2025-07-19T08:37:51.450+0000] {processor.py:161} INFO - Started process (PID=7100) to work on /opt/airflow/dags/check_version.py
[2025-07-19T08:37:51.519+0000] {processor.py:830} INFO - Processing file /opt/airflow/dags/check_version.py for tasks to queue
[2025-07-19T08:37:51.567+0000] {logging_mixin.py:188} INFO - [2025-07-19T08:37:51.566+0000] {dagbag.py:538} INFO - Filling up the DagBag from /opt/airflow/dags/check_version.py
[2025-07-19T08:37:54.653+0000] {processor.py:840} INFO - DAG(s) 'check_sklearn_version' retrieved from /opt/airflow/dags/check_version.py
[2025-07-19T08:38:26.547+0000] {logging_mixin.py:188} INFO - [2025-07-19T08:38:26.546+0000] {dag.py:3036} INFO - Sync 1 DAGs
[2025-07-19T08:38:26.954+0000] {logging_mixin.py:188} INFO - [2025-07-19T08:38:26.954+0000] {dag.py:3823} INFO - Setting next_dagrun for check_sklearn_version to None, run_after=None
[2025-07-19T08:38:28.131+0000] {processor.py:183} INFO - Processing /opt/airflow/dags/check_version.py took 38.064 seconds
[2025-07-19T08:38:58.353+0000] {processor.py:161} INFO - Started process (PID=7132) to work on /opt/airflow/dags/check_version.py
[2025-07-19T08:38:58.355+0000] {processor.py:830} INFO - Processing file /opt/airflow/dags/check_version.py for tasks to queue
[2025-07-19T08:38:58.356+0000] {logging_mixin.py:188} INFO - [2025-07-19T08:38:58.356+0000] {dagbag.py:538} INFO - Filling up the DagBag from /opt/airflow/dags/check_version.py
[2025-07-19T08:38:58.515+0000] {processor.py:840} INFO - DAG(s) 'check_sklearn_version' retrieved from /opt/airflow/dags/check_version.py
[2025-07-19T08:38:58.690+0000] {logging_mixin.py:188} INFO - [2025-07-19T08:38:58.690+0000] {dag.py:3036} INFO - Sync 1 DAGs
[2025-07-19T08:38:58.707+0000] {logging_mixin.py:188} INFO - [2025-07-19T08:38:58.706+0000] {dag.py:3823} INFO - Setting next_dagrun for check_sklearn_version to None, run_after=None
[2025-07-19T08:38:58.843+0000] {processor.py:183} INFO - Processing /opt/airflow/dags/check_version.py took 0.494 seconds
[2025-07-19T08:39:40.345+0000] {processor.py:161} INFO - Started process (PID=7154) to work on /opt/airflow/dags/check_version.py
[2025-07-19T08:39:40.370+0000] {processor.py:830} INFO - Processing file /opt/airflow/dags/check_version.py for tasks to queue
[2025-07-19T08:39:40.372+0000] {logging_mixin.py:188} INFO - [2025-07-19T08:39:40.371+0000] {dagbag.py:538} INFO - Filling up the DagBag from /opt/airflow/dags/check_version.py
[2025-07-19T08:39:41.409+0000] {processor.py:840} INFO - DAG(s) 'check_sklearn_version' retrieved from /opt/airflow/dags/check_version.py
[2025-07-19T08:39:41.471+0000] {logging_mixin.py:188} INFO - [2025-07-19T08:39:41.471+0000] {dag.py:3036} INFO - Sync 1 DAGs
[2025-07-19T08:39:41.490+0000] {logging_mixin.py:188} INFO - [2025-07-19T08:39:41.490+0000] {dag.py:3823} INFO - Setting next_dagrun for check_sklearn_version to None, run_after=None
[2025-07-19T08:39:42.408+0000] {processor.py:183} INFO - Processing /opt/airflow/dags/check_version.py took 2.066 seconds
[2025-07-19T08:40:14.758+0000] {processor.py:161} INFO - Started process (PID=7175) to work on /opt/airflow/dags/check_version.py
[2025-07-19T08:40:15.009+0000] {processor.py:830} INFO - Processing file /opt/airflow/dags/check_version.py for tasks to queue
[2025-07-19T08:40:15.018+0000] {logging_mixin.py:188} INFO - [2025-07-19T08:40:15.015+0000] {dagbag.py:538} INFO - Filling up the DagBag from /opt/airflow/dags/check_version.py
[2025-07-19T08:40:15.562+0000] {processor.py:840} INFO - DAG(s) 'check_sklearn_version' retrieved from /opt/airflow/dags/check_version.py
[2025-07-19T08:40:15.785+0000] {logging_mixin.py:188} INFO - [2025-07-19T08:40:15.784+0000] {dag.py:3036} INFO - Sync 1 DAGs
[2025-07-19T08:40:15.807+0000] {logging_mixin.py:188} INFO - [2025-07-19T08:40:15.806+0000] {dag.py:3823} INFO - Setting next_dagrun for check_sklearn_version to None, run_after=None
[2025-07-19T08:40:15.838+0000] {processor.py:183} INFO - Processing /opt/airflow/dags/check_version.py took 1.088 seconds
[2025-07-19T08:40:47.089+0000] {processor.py:161} INFO - Started process (PID=7197) to work on /opt/airflow/dags/check_version.py
[2025-07-19T08:40:47.091+0000] {processor.py:830} INFO - Processing file /opt/airflow/dags/check_version.py for tasks to queue
[2025-07-19T08:40:47.093+0000] {logging_mixin.py:188} INFO - [2025-07-19T08:40:47.092+0000] {dagbag.py:538} INFO - Filling up the DagBag from /opt/airflow/dags/check_version.py
[2025-07-19T08:40:47.121+0000] {processor.py:840} INFO - DAG(s) 'check_sklearn_version' retrieved from /opt/airflow/dags/check_version.py
[2025-07-19T08:40:47.156+0000] {logging_mixin.py:188} INFO - [2025-07-19T08:40:47.155+0000] {dag.py:3036} INFO - Sync 1 DAGs
[2025-07-19T08:40:47.171+0000] {logging_mixin.py:188} INFO - [2025-07-19T08:40:47.171+0000] {dag.py:3823} INFO - Setting next_dagrun for check_sklearn_version to None, run_after=None
[2025-07-19T08:40:47.920+0000] {processor.py:183} INFO - Processing /opt/airflow/dags/check_version.py took 0.835 seconds
[2025-07-19T08:41:18.449+0000] {processor.py:161} INFO - Started process (PID=7219) to work on /opt/airflow/dags/check_version.py
[2025-07-19T08:41:18.451+0000] {processor.py:830} INFO - Processing file /opt/airflow/dags/check_version.py for tasks to queue
[2025-07-19T08:41:18.452+0000] {logging_mixin.py:188} INFO - [2025-07-19T08:41:18.452+0000] {dagbag.py:538} INFO - Filling up the DagBag from /opt/airflow/dags/check_version.py
[2025-07-19T08:41:18.500+0000] {processor.py:840} INFO - DAG(s) 'check_sklearn_version' retrieved from /opt/airflow/dags/check_version.py
[2025-07-19T08:41:18.539+0000] {logging_mixin.py:188} INFO - [2025-07-19T08:41:18.539+0000] {dag.py:3036} INFO - Sync 1 DAGs
[2025-07-19T08:41:18.701+0000] {logging_mixin.py:188} INFO - [2025-07-19T08:41:18.701+0000] {dag.py:3823} INFO - Setting next_dagrun for check_sklearn_version to None, run_after=None
[2025-07-19T08:41:18.728+0000] {processor.py:183} INFO - Processing /opt/airflow/dags/check_version.py took 0.286 seconds
[2025-07-19T08:41:49.561+0000] {processor.py:161} INFO - Started process (PID=7239) to work on /opt/airflow/dags/check_version.py
[2025-07-19T08:41:49.562+0000] {processor.py:830} INFO - Processing file /opt/airflow/dags/check_version.py for tasks to queue
[2025-07-19T08:41:49.564+0000] {logging_mixin.py:188} INFO - [2025-07-19T08:41:49.564+0000] {dagbag.py:538} INFO - Filling up the DagBag from /opt/airflow/dags/check_version.py
[2025-07-19T08:41:49.595+0000] {processor.py:840} INFO - DAG(s) 'check_sklearn_version' retrieved from /opt/airflow/dags/check_version.py
[2025-07-19T08:41:49.756+0000] {logging_mixin.py:188} INFO - [2025-07-19T08:41:49.756+0000] {dag.py:3036} INFO - Sync 1 DAGs
[2025-07-19T08:41:49.770+0000] {logging_mixin.py:188} INFO - [2025-07-19T08:41:49.770+0000] {dag.py:3823} INFO - Setting next_dagrun for check_sklearn_version to None, run_after=None
[2025-07-19T08:41:49.795+0000] {processor.py:183} INFO - Processing /opt/airflow/dags/check_version.py took 0.238 seconds
[2025-07-19T08:42:20.018+0000] {processor.py:161} INFO - Started process (PID=7259) to work on /opt/airflow/dags/check_version.py
[2025-07-19T08:42:20.020+0000] {processor.py:830} INFO - Processing file /opt/airflow/dags/check_version.py for tasks to queue
[2025-07-19T08:42:20.022+0000] {logging_mixin.py:188} INFO - [2025-07-19T08:42:20.022+0000] {dagbag.py:538} INFO - Filling up the DagBag from /opt/airflow/dags/check_version.py
[2025-07-19T08:42:20.050+0000] {processor.py:840} INFO - DAG(s) 'check_sklearn_version' retrieved from /opt/airflow/dags/check_version.py
[2025-07-19T08:42:20.086+0000] {logging_mixin.py:188} INFO - [2025-07-19T08:42:20.086+0000] {dag.py:3036} INFO - Sync 1 DAGs
[2025-07-19T08:42:20.101+0000] {logging_mixin.py:188} INFO - [2025-07-19T08:42:20.101+0000] {dag.py:3823} INFO - Setting next_dagrun for check_sklearn_version to None, run_after=None
[2025-07-19T08:42:20.132+0000] {processor.py:183} INFO - Processing /opt/airflow/dags/check_version.py took 0.117 seconds
[2025-07-19T08:42:50.204+0000] {processor.py:161} INFO - Started process (PID=7279) to work on /opt/airflow/dags/check_version.py
[2025-07-19T08:42:50.206+0000] {processor.py:830} INFO - Processing file /opt/airflow/dags/check_version.py for tasks to queue
[2025-07-19T08:42:50.208+0000] {logging_mixin.py:188} INFO - [2025-07-19T08:42:50.207+0000] {dagbag.py:538} INFO - Filling up the DagBag from /opt/airflow/dags/check_version.py
[2025-07-19T08:42:50.241+0000] {processor.py:840} INFO - DAG(s) 'check_sklearn_version' retrieved from /opt/airflow/dags/check_version.py
[2025-07-19T08:42:50.275+0000] {logging_mixin.py:188} INFO - [2025-07-19T08:42:50.275+0000] {dag.py:3036} INFO - Sync 1 DAGs
[2025-07-19T08:42:50.293+0000] {logging_mixin.py:188} INFO - [2025-07-19T08:42:50.293+0000] {dag.py:3823} INFO - Setting next_dagrun for check_sklearn_version to None, run_after=None
[2025-07-19T08:42:50.318+0000] {processor.py:183} INFO - Processing /opt/airflow/dags/check_version.py took 0.118 seconds
[2025-07-19T08:43:21.139+0000] {processor.py:161} INFO - Started process (PID=7299) to work on /opt/airflow/dags/check_version.py
[2025-07-19T08:43:21.140+0000] {processor.py:830} INFO - Processing file /opt/airflow/dags/check_version.py for tasks to queue
[2025-07-19T08:43:21.142+0000] {logging_mixin.py:188} INFO - [2025-07-19T08:43:21.142+0000] {dagbag.py:538} INFO - Filling up the DagBag from /opt/airflow/dags/check_version.py
[2025-07-19T08:43:21.173+0000] {processor.py:840} INFO - DAG(s) 'check_sklearn_version' retrieved from /opt/airflow/dags/check_version.py
[2025-07-19T08:43:21.211+0000] {logging_mixin.py:188} INFO - [2025-07-19T08:43:21.211+0000] {dag.py:3036} INFO - Sync 1 DAGs
[2025-07-19T08:43:21.228+0000] {logging_mixin.py:188} INFO - [2025-07-19T08:43:21.227+0000] {dag.py:3823} INFO - Setting next_dagrun for check_sklearn_version to None, run_after=None
[2025-07-19T08:43:21.261+0000] {processor.py:183} INFO - Processing /opt/airflow/dags/check_version.py took 0.127 seconds
[2025-07-19T08:43:52.049+0000] {processor.py:161} INFO - Started process (PID=7317) to work on /opt/airflow/dags/check_version.py
[2025-07-19T08:43:52.051+0000] {processor.py:830} INFO - Processing file /opt/airflow/dags/check_version.py for tasks to queue
[2025-07-19T08:43:52.052+0000] {logging_mixin.py:188} INFO - [2025-07-19T08:43:52.052+0000] {dagbag.py:538} INFO - Filling up the DagBag from /opt/airflow/dags/check_version.py
[2025-07-19T08:43:52.078+0000] {processor.py:840} INFO - DAG(s) 'check_sklearn_version' retrieved from /opt/airflow/dags/check_version.py
[2025-07-19T08:43:52.119+0000] {logging_mixin.py:188} INFO - [2025-07-19T08:43:52.119+0000] {dag.py:3036} INFO - Sync 1 DAGs
[2025-07-19T08:43:52.137+0000] {logging_mixin.py:188} INFO - [2025-07-19T08:43:52.136+0000] {dag.py:3823} INFO - Setting next_dagrun for check_sklearn_version to None, run_after=None
[2025-07-19T08:43:52.174+0000] {processor.py:183} INFO - Processing /opt/airflow/dags/check_version.py took 0.131 seconds
[2025-07-19T08:44:24.134+0000] {processor.py:161} INFO - Started process (PID=7337) to work on /opt/airflow/dags/check_version.py
[2025-07-19T08:44:24.334+0000] {processor.py:830} INFO - Processing file /opt/airflow/dags/check_version.py for tasks to queue
[2025-07-19T08:44:24.410+0000] {logging_mixin.py:188} INFO - [2025-07-19T08:44:24.359+0000] {dagbag.py:538} INFO - Filling up the DagBag from /opt/airflow/dags/check_version.py
[2025-07-19T08:44:25.594+0000] {processor.py:840} INFO - DAG(s) 'check_sklearn_version' retrieved from /opt/airflow/dags/check_version.py
[2025-07-19T08:44:27.397+0000] {logging_mixin.py:188} INFO - [2025-07-19T08:44:27.396+0000] {dag.py:3036} INFO - Sync 1 DAGs
[2025-07-19T08:44:38.928+0000] {logging_mixin.py:188} INFO - [2025-07-19T08:44:38.926+0000] {dag.py:3823} INFO - Setting next_dagrun for check_sklearn_version to None, run_after=None
[2025-07-19T08:44:38.977+0000] {processor.py:183} INFO - Processing /opt/airflow/dags/check_version.py took 15.624 seconds
[2025-07-19T08:45:09.076+0000] {processor.py:161} INFO - Started process (PID=7354) to work on /opt/airflow/dags/check_version.py
[2025-07-19T08:45:09.078+0000] {processor.py:830} INFO - Processing file /opt/airflow/dags/check_version.py for tasks to queue
[2025-07-19T08:45:09.080+0000] {logging_mixin.py:188} INFO - [2025-07-19T08:45:09.079+0000] {dagbag.py:538} INFO - Filling up the DagBag from /opt/airflow/dags/check_version.py
[2025-07-19T08:45:09.110+0000] {processor.py:840} INFO - DAG(s) 'check_sklearn_version' retrieved from /opt/airflow/dags/check_version.py
[2025-07-19T08:45:09.144+0000] {logging_mixin.py:188} INFO - [2025-07-19T08:45:09.144+0000] {dag.py:3036} INFO - Sync 1 DAGs
[2025-07-19T08:45:09.159+0000] {logging_mixin.py:188} INFO - [2025-07-19T08:45:09.158+0000] {dag.py:3823} INFO - Setting next_dagrun for check_sklearn_version to None, run_after=None
[2025-07-19T08:45:09.186+0000] {processor.py:183} INFO - Processing /opt/airflow/dags/check_version.py took 0.115 seconds
[2025-07-19T08:45:39.278+0000] {processor.py:161} INFO - Started process (PID=7374) to work on /opt/airflow/dags/check_version.py
[2025-07-19T08:45:39.279+0000] {processor.py:830} INFO - Processing file /opt/airflow/dags/check_version.py for tasks to queue
[2025-07-19T08:45:39.281+0000] {logging_mixin.py:188} INFO - [2025-07-19T08:45:39.281+0000] {dagbag.py:538} INFO - Filling up the DagBag from /opt/airflow/dags/check_version.py
[2025-07-19T08:45:39.303+0000] {processor.py:840} INFO - DAG(s) 'check_sklearn_version' retrieved from /opt/airflow/dags/check_version.py
[2025-07-19T08:45:39.336+0000] {logging_mixin.py:188} INFO - [2025-07-19T08:45:39.335+0000] {dag.py:3036} INFO - Sync 1 DAGs
[2025-07-19T08:45:39.350+0000] {logging_mixin.py:188} INFO - [2025-07-19T08:45:39.350+0000] {dag.py:3823} INFO - Setting next_dagrun for check_sklearn_version to None, run_after=None
[2025-07-19T08:45:39.382+0000] {processor.py:183} INFO - Processing /opt/airflow/dags/check_version.py took 0.107 seconds
[2025-07-19T08:46:10.555+0000] {processor.py:161} INFO - Started process (PID=7402) to work on /opt/airflow/dags/check_version.py
[2025-07-19T08:46:10.557+0000] {processor.py:830} INFO - Processing file /opt/airflow/dags/check_version.py for tasks to queue
[2025-07-19T08:46:10.559+0000] {logging_mixin.py:188} INFO - [2025-07-19T08:46:10.558+0000] {dagbag.py:538} INFO - Filling up the DagBag from /opt/airflow/dags/check_version.py
[2025-07-19T08:46:10.590+0000] {processor.py:840} INFO - DAG(s) 'check_sklearn_version' retrieved from /opt/airflow/dags/check_version.py
[2025-07-19T08:46:10.624+0000] {logging_mixin.py:188} INFO - [2025-07-19T08:46:10.624+0000] {dag.py:3036} INFO - Sync 1 DAGs
[2025-07-19T08:46:10.638+0000] {logging_mixin.py:188} INFO - [2025-07-19T08:46:10.637+0000] {dag.py:3823} INFO - Setting next_dagrun for check_sklearn_version to None, run_after=None
[2025-07-19T08:46:10.664+0000] {processor.py:183} INFO - Processing /opt/airflow/dags/check_version.py took 0.115 seconds
[2025-07-19T08:46:40.840+0000] {processor.py:161} INFO - Started process (PID=7422) to work on /opt/airflow/dags/check_version.py
[2025-07-19T08:46:40.842+0000] {processor.py:830} INFO - Processing file /opt/airflow/dags/check_version.py for tasks to queue
[2025-07-19T08:46:40.845+0000] {logging_mixin.py:188} INFO - [2025-07-19T08:46:40.844+0000] {dagbag.py:538} INFO - Filling up the DagBag from /opt/airflow/dags/check_version.py
[2025-07-19T08:46:40.883+0000] {processor.py:840} INFO - DAG(s) 'check_sklearn_version' retrieved from /opt/airflow/dags/check_version.py
[2025-07-19T08:46:40.941+0000] {logging_mixin.py:188} INFO - [2025-07-19T08:46:40.941+0000] {dag.py:3036} INFO - Sync 1 DAGs
[2025-07-19T08:46:40.964+0000] {logging_mixin.py:188} INFO - [2025-07-19T08:46:40.964+0000] {dag.py:3823} INFO - Setting next_dagrun for check_sklearn_version to None, run_after=None
[2025-07-19T08:46:41.206+0000] {processor.py:183} INFO - Processing /opt/airflow/dags/check_version.py took 0.374 seconds
[2025-07-19T08:47:11.450+0000] {processor.py:161} INFO - Started process (PID=7442) to work on /opt/airflow/dags/check_version.py
[2025-07-19T08:47:11.453+0000] {processor.py:830} INFO - Processing file /opt/airflow/dags/check_version.py for tasks to queue
[2025-07-19T08:47:11.456+0000] {logging_mixin.py:188} INFO - [2025-07-19T08:47:11.455+0000] {dagbag.py:538} INFO - Filling up the DagBag from /opt/airflow/dags/check_version.py
[2025-07-19T08:47:11.486+0000] {processor.py:840} INFO - DAG(s) 'check_sklearn_version' retrieved from /opt/airflow/dags/check_version.py
[2025-07-19T08:47:11.529+0000] {logging_mixin.py:188} INFO - [2025-07-19T08:47:11.529+0000] {dag.py:3036} INFO - Sync 1 DAGs
[2025-07-19T08:47:11.752+0000] {logging_mixin.py:188} INFO - [2025-07-19T08:47:11.751+0000] {dag.py:3823} INFO - Setting next_dagrun for check_sklearn_version to None, run_after=None
[2025-07-19T08:47:11.781+0000] {processor.py:183} INFO - Processing /opt/airflow/dags/check_version.py took 0.339 seconds
[2025-07-19T08:47:42.123+0000] {processor.py:161} INFO - Started process (PID=7472) to work on /opt/airflow/dags/check_version.py
[2025-07-19T08:47:42.126+0000] {processor.py:830} INFO - Processing file /opt/airflow/dags/check_version.py for tasks to queue
[2025-07-19T08:47:42.128+0000] {logging_mixin.py:188} INFO - [2025-07-19T08:47:42.127+0000] {dagbag.py:538} INFO - Filling up the DagBag from /opt/airflow/dags/check_version.py
[2025-07-19T08:47:42.157+0000] {processor.py:840} INFO - DAG(s) 'check_sklearn_version' retrieved from /opt/airflow/dags/check_version.py
[2025-07-19T08:47:42.200+0000] {logging_mixin.py:188} INFO - [2025-07-19T08:47:42.200+0000] {dag.py:3036} INFO - Sync 1 DAGs
[2025-07-19T08:47:42.218+0000] {logging_mixin.py:188} INFO - [2025-07-19T08:47:42.218+0000] {dag.py:3823} INFO - Setting next_dagrun for check_sklearn_version to None, run_after=None
[2025-07-19T08:47:42.253+0000] {processor.py:183} INFO - Processing /opt/airflow/dags/check_version.py took 0.135 seconds
[2025-07-19T08:48:13.062+0000] {processor.py:161} INFO - Started process (PID=7492) to work on /opt/airflow/dags/check_version.py
[2025-07-19T08:48:13.064+0000] {processor.py:830} INFO - Processing file /opt/airflow/dags/check_version.py for tasks to queue
[2025-07-19T08:48:13.067+0000] {logging_mixin.py:188} INFO - [2025-07-19T08:48:13.066+0000] {dagbag.py:538} INFO - Filling up the DagBag from /opt/airflow/dags/check_version.py
[2025-07-19T08:48:13.090+0000] {processor.py:840} INFO - DAG(s) 'check_sklearn_version' retrieved from /opt/airflow/dags/check_version.py
[2025-07-19T08:48:13.135+0000] {logging_mixin.py:188} INFO - [2025-07-19T08:48:13.135+0000] {dag.py:3036} INFO - Sync 1 DAGs
[2025-07-19T08:48:13.156+0000] {logging_mixin.py:188} INFO - [2025-07-19T08:48:13.155+0000] {dag.py:3823} INFO - Setting next_dagrun for check_sklearn_version to None, run_after=None
[2025-07-19T08:48:13.195+0000] {processor.py:183} INFO - Processing /opt/airflow/dags/check_version.py took 0.138 seconds
[2025-07-19T08:48:44.120+0000] {processor.py:161} INFO - Started process (PID=7522) to work on /opt/airflow/dags/check_version.py
[2025-07-19T08:48:44.122+0000] {processor.py:830} INFO - Processing file /opt/airflow/dags/check_version.py for tasks to queue
[2025-07-19T08:48:44.125+0000] {logging_mixin.py:188} INFO - [2025-07-19T08:48:44.124+0000] {dagbag.py:538} INFO - Filling up the DagBag from /opt/airflow/dags/check_version.py
[2025-07-19T08:48:44.153+0000] {processor.py:840} INFO - DAG(s) 'check_sklearn_version' retrieved from /opt/airflow/dags/check_version.py
[2025-07-19T08:48:44.197+0000] {logging_mixin.py:188} INFO - [2025-07-19T08:48:44.197+0000] {dag.py:3036} INFO - Sync 1 DAGs
[2025-07-19T08:48:44.217+0000] {logging_mixin.py:188} INFO - [2025-07-19T08:48:44.216+0000] {dag.py:3823} INFO - Setting next_dagrun for check_sklearn_version to None, run_after=None
[2025-07-19T08:48:44.253+0000] {processor.py:183} INFO - Processing /opt/airflow/dags/check_version.py took 0.140 seconds
[2025-07-19T08:49:15.008+0000] {processor.py:161} INFO - Started process (PID=7542) to work on /opt/airflow/dags/check_version.py
[2025-07-19T08:49:15.011+0000] {processor.py:830} INFO - Processing file /opt/airflow/dags/check_version.py for tasks to queue
[2025-07-19T08:49:15.013+0000] {logging_mixin.py:188} INFO - [2025-07-19T08:49:15.013+0000] {dagbag.py:538} INFO - Filling up the DagBag from /opt/airflow/dags/check_version.py
[2025-07-19T08:49:15.064+0000] {processor.py:840} INFO - DAG(s) 'check_sklearn_version' retrieved from /opt/airflow/dags/check_version.py
[2025-07-19T08:49:15.109+0000] {logging_mixin.py:188} INFO - [2025-07-19T08:49:15.109+0000] {dag.py:3036} INFO - Sync 1 DAGs
[2025-07-19T08:49:15.129+0000] {logging_mixin.py:188} INFO - [2025-07-19T08:49:15.128+0000] {dag.py:3823} INFO - Setting next_dagrun for check_sklearn_version to None, run_after=None
[2025-07-19T08:49:15.164+0000] {processor.py:183} INFO - Processing /opt/airflow/dags/check_version.py took 0.164 seconds
[2025-07-19T08:49:45.817+0000] {processor.py:161} INFO - Started process (PID=7562) to work on /opt/airflow/dags/check_version.py
[2025-07-19T08:49:45.820+0000] {processor.py:830} INFO - Processing file /opt/airflow/dags/check_version.py for tasks to queue
[2025-07-19T08:49:45.822+0000] {logging_mixin.py:188} INFO - [2025-07-19T08:49:45.821+0000] {dagbag.py:538} INFO - Filling up the DagBag from /opt/airflow/dags/check_version.py
[2025-07-19T08:49:45.855+0000] {processor.py:840} INFO - DAG(s) 'check_sklearn_version' retrieved from /opt/airflow/dags/check_version.py
[2025-07-19T08:49:45.908+0000] {logging_mixin.py:188} INFO - [2025-07-19T08:49:45.908+0000] {dag.py:3036} INFO - Sync 1 DAGs
[2025-07-19T08:49:45.947+0000] {logging_mixin.py:188} INFO - [2025-07-19T08:49:45.947+0000] {dag.py:3823} INFO - Setting next_dagrun for check_sklearn_version to None, run_after=None
[2025-07-19T08:49:46.196+0000] {processor.py:183} INFO - Processing /opt/airflow/dags/check_version.py took 0.389 seconds
[2025-07-19T08:50:16.332+0000] {processor.py:161} INFO - Started process (PID=7582) to work on /opt/airflow/dags/check_version.py
[2025-07-19T08:50:16.334+0000] {processor.py:830} INFO - Processing file /opt/airflow/dags/check_version.py for tasks to queue
[2025-07-19T08:50:16.341+0000] {logging_mixin.py:188} INFO - [2025-07-19T08:50:16.336+0000] {dagbag.py:538} INFO - Filling up the DagBag from /opt/airflow/dags/check_version.py
[2025-07-19T08:50:16.379+0000] {processor.py:840} INFO - DAG(s) 'check_sklearn_version' retrieved from /opt/airflow/dags/check_version.py
[2025-07-19T08:50:16.695+0000] {logging_mixin.py:188} INFO - [2025-07-19T08:50:16.694+0000] {dag.py:3036} INFO - Sync 1 DAGs
[2025-07-19T08:50:16.713+0000] {logging_mixin.py:188} INFO - [2025-07-19T08:50:16.713+0000] {dag.py:3823} INFO - Setting next_dagrun for check_sklearn_version to None, run_after=None
[2025-07-19T08:50:16.744+0000] {processor.py:183} INFO - Processing /opt/airflow/dags/check_version.py took 0.411 seconds
[2025-07-19T08:50:47.922+0000] {processor.py:161} INFO - Started process (PID=7602) to work on /opt/airflow/dags/check_version.py
[2025-07-19T08:50:47.924+0000] {processor.py:830} INFO - Processing file /opt/airflow/dags/check_version.py for tasks to queue
[2025-07-19T08:50:47.926+0000] {logging_mixin.py:188} INFO - [2025-07-19T08:50:47.925+0000] {dagbag.py:538} INFO - Filling up the DagBag from /opt/airflow/dags/check_version.py
[2025-07-19T08:50:47.962+0000] {processor.py:840} INFO - DAG(s) 'check_sklearn_version' retrieved from /opt/airflow/dags/check_version.py
[2025-07-19T08:50:48.014+0000] {logging_mixin.py:188} INFO - [2025-07-19T08:50:48.014+0000] {dag.py:3036} INFO - Sync 1 DAGs
[2025-07-19T08:50:48.034+0000] {logging_mixin.py:188} INFO - [2025-07-19T08:50:48.033+0000] {dag.py:3823} INFO - Setting next_dagrun for check_sklearn_version to None, run_after=None
[2025-07-19T08:50:48.070+0000] {processor.py:183} INFO - Processing /opt/airflow/dags/check_version.py took 0.152 seconds
[2025-07-19T08:51:18.857+0000] {processor.py:161} INFO - Started process (PID=7622) to work on /opt/airflow/dags/check_version.py
[2025-07-19T08:51:18.860+0000] {processor.py:830} INFO - Processing file /opt/airflow/dags/check_version.py for tasks to queue
[2025-07-19T08:51:18.862+0000] {logging_mixin.py:188} INFO - [2025-07-19T08:51:18.862+0000] {dagbag.py:538} INFO - Filling up the DagBag from /opt/airflow/dags/check_version.py
[2025-07-19T08:51:18.900+0000] {processor.py:840} INFO - DAG(s) 'check_sklearn_version' retrieved from /opt/airflow/dags/check_version.py
[2025-07-19T08:51:18.939+0000] {logging_mixin.py:188} INFO - [2025-07-19T08:51:18.938+0000] {dag.py:3036} INFO - Sync 1 DAGs
[2025-07-19T08:51:18.956+0000] {logging_mixin.py:188} INFO - [2025-07-19T08:51:18.956+0000] {dag.py:3823} INFO - Setting next_dagrun for check_sklearn_version to None, run_after=None
[2025-07-19T08:51:18.991+0000] {processor.py:183} INFO - Processing /opt/airflow/dags/check_version.py took 0.140 seconds
[2025-07-19T08:51:49.819+0000] {processor.py:161} INFO - Started process (PID=7642) to work on /opt/airflow/dags/check_version.py
[2025-07-19T08:51:49.821+0000] {processor.py:830} INFO - Processing file /opt/airflow/dags/check_version.py for tasks to queue
[2025-07-19T08:51:49.824+0000] {logging_mixin.py:188} INFO - [2025-07-19T08:51:49.823+0000] {dagbag.py:538} INFO - Filling up the DagBag from /opt/airflow/dags/check_version.py
[2025-07-19T08:51:49.870+0000] {processor.py:840} INFO - DAG(s) 'check_sklearn_version' retrieved from /opt/airflow/dags/check_version.py
[2025-07-19T08:51:49.910+0000] {logging_mixin.py:188} INFO - [2025-07-19T08:51:49.909+0000] {dag.py:3036} INFO - Sync 1 DAGs
[2025-07-19T08:51:49.928+0000] {logging_mixin.py:188} INFO - [2025-07-19T08:51:49.927+0000] {dag.py:3823} INFO - Setting next_dagrun for check_sklearn_version to None, run_after=None
[2025-07-19T08:51:49.960+0000] {processor.py:183} INFO - Processing /opt/airflow/dags/check_version.py took 0.149 seconds
[2025-07-19T08:52:20.569+0000] {processor.py:161} INFO - Started process (PID=7662) to work on /opt/airflow/dags/check_version.py
[2025-07-19T08:52:20.580+0000] {processor.py:830} INFO - Processing file /opt/airflow/dags/check_version.py for tasks to queue
[2025-07-19T08:52:20.583+0000] {logging_mixin.py:188} INFO - [2025-07-19T08:52:20.583+0000] {dagbag.py:538} INFO - Filling up the DagBag from /opt/airflow/dags/check_version.py
[2025-07-19T08:52:20.615+0000] {processor.py:840} INFO - DAG(s) 'check_sklearn_version' retrieved from /opt/airflow/dags/check_version.py
[2025-07-19T08:52:20.655+0000] {logging_mixin.py:188} INFO - [2025-07-19T08:52:20.655+0000] {dag.py:3036} INFO - Sync 1 DAGs
[2025-07-19T08:52:20.679+0000] {logging_mixin.py:188} INFO - [2025-07-19T08:52:20.679+0000] {dag.py:3823} INFO - Setting next_dagrun for check_sklearn_version to None, run_after=None
[2025-07-19T08:52:20.902+0000] {processor.py:183} INFO - Processing /opt/airflow/dags/check_version.py took 0.338 seconds
[2025-07-19T08:52:51.279+0000] {processor.py:161} INFO - Started process (PID=7682) to work on /opt/airflow/dags/check_version.py
[2025-07-19T08:52:51.281+0000] {processor.py:830} INFO - Processing file /opt/airflow/dags/check_version.py for tasks to queue
[2025-07-19T08:52:51.282+0000] {logging_mixin.py:188} INFO - [2025-07-19T08:52:51.282+0000] {dagbag.py:538} INFO - Filling up the DagBag from /opt/airflow/dags/check_version.py
[2025-07-19T08:52:51.318+0000] {processor.py:840} INFO - DAG(s) 'check_sklearn_version' retrieved from /opt/airflow/dags/check_version.py
[2025-07-19T08:52:51.360+0000] {logging_mixin.py:188} INFO - [2025-07-19T08:52:51.359+0000] {dag.py:3036} INFO - Sync 1 DAGs
[2025-07-19T08:52:51.538+0000] {logging_mixin.py:188} INFO - [2025-07-19T08:52:51.538+0000] {dag.py:3823} INFO - Setting next_dagrun for check_sklearn_version to None, run_after=None
[2025-07-19T08:52:51.566+0000] {processor.py:183} INFO - Processing /opt/airflow/dags/check_version.py took 0.296 seconds
[2025-07-19T08:53:22.042+0000] {processor.py:161} INFO - Started process (PID=7702) to work on /opt/airflow/dags/check_version.py
[2025-07-19T08:53:22.046+0000] {processor.py:830} INFO - Processing file /opt/airflow/dags/check_version.py for tasks to queue
[2025-07-19T08:53:22.049+0000] {logging_mixin.py:188} INFO - [2025-07-19T08:53:22.048+0000] {dagbag.py:538} INFO - Filling up the DagBag from /opt/airflow/dags/check_version.py
[2025-07-19T08:53:22.099+0000] {processor.py:840} INFO - DAG(s) 'check_sklearn_version' retrieved from /opt/airflow/dags/check_version.py
[2025-07-19T08:53:22.347+0000] {logging_mixin.py:188} INFO - [2025-07-19T08:53:22.346+0000] {dag.py:3036} INFO - Sync 1 DAGs
[2025-07-19T08:53:22.379+0000] {logging_mixin.py:188} INFO - [2025-07-19T08:53:22.379+0000] {dag.py:3823} INFO - Setting next_dagrun for check_sklearn_version to None, run_after=None
[2025-07-19T08:53:22.424+0000] {processor.py:183} INFO - Processing /opt/airflow/dags/check_version.py took 0.390 seconds
[2025-07-19T08:53:52.675+0000] {processor.py:161} INFO - Started process (PID=7722) to work on /opt/airflow/dags/check_version.py
[2025-07-19T08:53:52.677+0000] {processor.py:830} INFO - Processing file /opt/airflow/dags/check_version.py for tasks to queue
[2025-07-19T08:53:52.679+0000] {logging_mixin.py:188} INFO - [2025-07-19T08:53:52.678+0000] {dagbag.py:538} INFO - Filling up the DagBag from /opt/airflow/dags/check_version.py
[2025-07-19T08:53:52.708+0000] {processor.py:840} INFO - DAG(s) 'check_sklearn_version' retrieved from /opt/airflow/dags/check_version.py
[2025-07-19T08:53:52.758+0000] {logging_mixin.py:188} INFO - [2025-07-19T08:53:52.757+0000] {dag.py:3036} INFO - Sync 1 DAGs
[2025-07-19T08:53:52.777+0000] {logging_mixin.py:188} INFO - [2025-07-19T08:53:52.777+0000] {dag.py:3823} INFO - Setting next_dagrun for check_sklearn_version to None, run_after=None
[2025-07-19T08:53:52.814+0000] {processor.py:183} INFO - Processing /opt/airflow/dags/check_version.py took 0.144 seconds
[2025-07-19T08:54:23.521+0000] {processor.py:161} INFO - Started process (PID=7742) to work on /opt/airflow/dags/check_version.py
[2025-07-19T08:54:23.523+0000] {processor.py:830} INFO - Processing file /opt/airflow/dags/check_version.py for tasks to queue
[2025-07-19T08:54:23.526+0000] {logging_mixin.py:188} INFO - [2025-07-19T08:54:23.525+0000] {dagbag.py:538} INFO - Filling up the DagBag from /opt/airflow/dags/check_version.py
[2025-07-19T08:54:23.571+0000] {processor.py:840} INFO - DAG(s) 'check_sklearn_version' retrieved from /opt/airflow/dags/check_version.py
[2025-07-19T08:54:23.623+0000] {logging_mixin.py:188} INFO - [2025-07-19T08:54:23.622+0000] {dag.py:3036} INFO - Sync 1 DAGs
[2025-07-19T08:54:23.646+0000] {logging_mixin.py:188} INFO - [2025-07-19T08:54:23.645+0000] {dag.py:3823} INFO - Setting next_dagrun for check_sklearn_version to None, run_after=None
[2025-07-19T08:54:23.687+0000] {processor.py:183} INFO - Processing /opt/airflow/dags/check_version.py took 0.173 seconds
[2025-07-19T08:54:54.482+0000] {processor.py:161} INFO - Started process (PID=7762) to work on /opt/airflow/dags/check_version.py
[2025-07-19T08:54:54.485+0000] {processor.py:830} INFO - Processing file /opt/airflow/dags/check_version.py for tasks to queue
[2025-07-19T08:54:54.487+0000] {logging_mixin.py:188} INFO - [2025-07-19T08:54:54.487+0000] {dagbag.py:538} INFO - Filling up the DagBag from /opt/airflow/dags/check_version.py
[2025-07-19T08:54:54.519+0000] {processor.py:840} INFO - DAG(s) 'check_sklearn_version' retrieved from /opt/airflow/dags/check_version.py
[2025-07-19T08:54:54.568+0000] {logging_mixin.py:188} INFO - [2025-07-19T08:54:54.568+0000] {dag.py:3036} INFO - Sync 1 DAGs
[2025-07-19T08:54:54.590+0000] {logging_mixin.py:188} INFO - [2025-07-19T08:54:54.589+0000] {dag.py:3823} INFO - Setting next_dagrun for check_sklearn_version to None, run_after=None
[2025-07-19T08:54:54.628+0000] {processor.py:183} INFO - Processing /opt/airflow/dags/check_version.py took 0.152 seconds
[2025-07-19T08:55:25.230+0000] {processor.py:161} INFO - Started process (PID=7782) to work on /opt/airflow/dags/check_version.py
[2025-07-19T08:55:25.233+0000] {processor.py:830} INFO - Processing file /opt/airflow/dags/check_version.py for tasks to queue
[2025-07-19T08:55:25.236+0000] {logging_mixin.py:188} INFO - [2025-07-19T08:55:25.235+0000] {dagbag.py:538} INFO - Filling up the DagBag from /opt/airflow/dags/check_version.py
[2025-07-19T08:55:25.275+0000] {processor.py:840} INFO - DAG(s) 'check_sklearn_version' retrieved from /opt/airflow/dags/check_version.py
[2025-07-19T08:55:25.357+0000] {logging_mixin.py:188} INFO - [2025-07-19T08:55:25.356+0000] {dag.py:3036} INFO - Sync 1 DAGs
[2025-07-19T08:55:25.377+0000] {logging_mixin.py:188} INFO - [2025-07-19T08:55:25.377+0000] {dag.py:3823} INFO - Setting next_dagrun for check_sklearn_version to None, run_after=None
[2025-07-19T08:55:25.414+0000] {processor.py:183} INFO - Processing /opt/airflow/dags/check_version.py took 0.193 seconds
[2025-07-19T08:55:56.244+0000] {processor.py:161} INFO - Started process (PID=7802) to work on /opt/airflow/dags/check_version.py
[2025-07-19T08:55:56.246+0000] {processor.py:830} INFO - Processing file /opt/airflow/dags/check_version.py for tasks to queue
[2025-07-19T08:55:56.249+0000] {logging_mixin.py:188} INFO - [2025-07-19T08:55:56.248+0000] {dagbag.py:538} INFO - Filling up the DagBag from /opt/airflow/dags/check_version.py
[2025-07-19T08:55:56.281+0000] {processor.py:840} INFO - DAG(s) 'check_sklearn_version' retrieved from /opt/airflow/dags/check_version.py
[2025-07-19T08:55:56.320+0000] {logging_mixin.py:188} INFO - [2025-07-19T08:55:56.320+0000] {dag.py:3036} INFO - Sync 1 DAGs
[2025-07-19T08:55:56.337+0000] {logging_mixin.py:188} INFO - [2025-07-19T08:55:56.337+0000] {dag.py:3823} INFO - Setting next_dagrun for check_sklearn_version to None, run_after=None
[2025-07-19T08:55:56.372+0000] {processor.py:183} INFO - Processing /opt/airflow/dags/check_version.py took 0.135 seconds
[2025-07-19T08:56:27.092+0000] {processor.py:161} INFO - Started process (PID=7822) to work on /opt/airflow/dags/check_version.py
[2025-07-19T08:56:27.094+0000] {processor.py:830} INFO - Processing file /opt/airflow/dags/check_version.py for tasks to queue
[2025-07-19T08:56:27.096+0000] {logging_mixin.py:188} INFO - [2025-07-19T08:56:27.095+0000] {dagbag.py:538} INFO - Filling up the DagBag from /opt/airflow/dags/check_version.py
[2025-07-19T08:56:27.126+0000] {processor.py:840} INFO - DAG(s) 'check_sklearn_version' retrieved from /opt/airflow/dags/check_version.py
[2025-07-19T08:56:27.171+0000] {logging_mixin.py:188} INFO - [2025-07-19T08:56:27.170+0000] {dag.py:3036} INFO - Sync 1 DAGs
[2025-07-19T08:56:27.190+0000] {logging_mixin.py:188} INFO - [2025-07-19T08:56:27.189+0000] {dag.py:3823} INFO - Setting next_dagrun for check_sklearn_version to None, run_after=None
[2025-07-19T08:56:27.223+0000] {processor.py:183} INFO - Processing /opt/airflow/dags/check_version.py took 0.136 seconds
[2025-07-19T08:56:58.063+0000] {processor.py:161} INFO - Started process (PID=7842) to work on /opt/airflow/dags/check_version.py
[2025-07-19T08:56:58.065+0000] {processor.py:830} INFO - Processing file /opt/airflow/dags/check_version.py for tasks to queue
[2025-07-19T08:56:58.067+0000] {logging_mixin.py:188} INFO - [2025-07-19T08:56:58.067+0000] {dagbag.py:538} INFO - Filling up the DagBag from /opt/airflow/dags/check_version.py
[2025-07-19T08:56:58.102+0000] {processor.py:840} INFO - DAG(s) 'check_sklearn_version' retrieved from /opt/airflow/dags/check_version.py
[2025-07-19T08:56:58.150+0000] {logging_mixin.py:188} INFO - [2025-07-19T08:56:58.150+0000] {dag.py:3036} INFO - Sync 1 DAGs
[2025-07-19T08:56:58.171+0000] {logging_mixin.py:188} INFO - [2025-07-19T08:56:58.171+0000] {dag.py:3823} INFO - Setting next_dagrun for check_sklearn_version to None, run_after=None
[2025-07-19T08:56:58.209+0000] {processor.py:183} INFO - Processing /opt/airflow/dags/check_version.py took 0.151 seconds
[2025-07-19T08:57:28.953+0000] {processor.py:161} INFO - Started process (PID=7862) to work on /opt/airflow/dags/check_version.py
[2025-07-19T08:57:28.957+0000] {processor.py:830} INFO - Processing file /opt/airflow/dags/check_version.py for tasks to queue
[2025-07-19T08:57:28.960+0000] {logging_mixin.py:188} INFO - [2025-07-19T08:57:28.959+0000] {dagbag.py:538} INFO - Filling up the DagBag from /opt/airflow/dags/check_version.py
[2025-07-19T08:57:29.016+0000] {processor.py:840} INFO - DAG(s) 'check_sklearn_version' retrieved from /opt/airflow/dags/check_version.py
[2025-07-19T08:57:29.068+0000] {logging_mixin.py:188} INFO - [2025-07-19T08:57:29.068+0000] {dag.py:3036} INFO - Sync 1 DAGs
[2025-07-19T08:57:29.099+0000] {logging_mixin.py:188} INFO - [2025-07-19T08:57:29.098+0000] {dag.py:3823} INFO - Setting next_dagrun for check_sklearn_version to None, run_after=None
[2025-07-19T08:57:29.144+0000] {processor.py:183} INFO - Processing /opt/airflow/dags/check_version.py took 0.200 seconds
[2025-07-19T08:57:59.862+0000] {processor.py:161} INFO - Started process (PID=7882) to work on /opt/airflow/dags/check_version.py
[2025-07-19T08:57:59.865+0000] {processor.py:830} INFO - Processing file /opt/airflow/dags/check_version.py for tasks to queue
[2025-07-19T08:57:59.867+0000] {logging_mixin.py:188} INFO - [2025-07-19T08:57:59.867+0000] {dagbag.py:538} INFO - Filling up the DagBag from /opt/airflow/dags/check_version.py
[2025-07-19T08:57:59.917+0000] {processor.py:840} INFO - DAG(s) 'check_sklearn_version' retrieved from /opt/airflow/dags/check_version.py
[2025-07-19T08:57:59.983+0000] {logging_mixin.py:188} INFO - [2025-07-19T08:57:59.982+0000] {dag.py:3036} INFO - Sync 1 DAGs
[2025-07-19T08:58:00.009+0000] {logging_mixin.py:188} INFO - [2025-07-19T08:58:00.009+0000] {dag.py:3823} INFO - Setting next_dagrun for check_sklearn_version to None, run_after=None
[2025-07-19T08:58:00.052+0000] {processor.py:183} INFO - Processing /opt/airflow/dags/check_version.py took 0.200 seconds
[2025-07-19T08:58:30.236+0000] {processor.py:161} INFO - Started process (PID=7904) to work on /opt/airflow/dags/check_version.py
[2025-07-19T08:58:30.239+0000] {processor.py:830} INFO - Processing file /opt/airflow/dags/check_version.py for tasks to queue
[2025-07-19T08:58:30.243+0000] {logging_mixin.py:188} INFO - [2025-07-19T08:58:30.242+0000] {dagbag.py:538} INFO - Filling up the DagBag from /opt/airflow/dags/check_version.py
[2025-07-19T08:58:30.310+0000] {processor.py:840} INFO - DAG(s) 'check_sklearn_version' retrieved from /opt/airflow/dags/check_version.py
[2025-07-19T08:58:30.415+0000] {logging_mixin.py:188} INFO - [2025-07-19T08:58:30.415+0000] {dag.py:3036} INFO - Sync 1 DAGs
[2025-07-19T08:58:30.463+0000] {logging_mixin.py:188} INFO - [2025-07-19T08:58:30.462+0000] {dag.py:3823} INFO - Setting next_dagrun for check_sklearn_version to None, run_after=None
[2025-07-19T08:58:30.534+0000] {processor.py:183} INFO - Processing /opt/airflow/dags/check_version.py took 0.312 seconds
[2025-07-19T08:59:01.375+0000] {processor.py:161} INFO - Started process (PID=7924) to work on /opt/airflow/dags/check_version.py
[2025-07-19T08:59:01.376+0000] {processor.py:830} INFO - Processing file /opt/airflow/dags/check_version.py for tasks to queue
[2025-07-19T08:59:01.377+0000] {logging_mixin.py:188} INFO - [2025-07-19T08:59:01.377+0000] {dagbag.py:538} INFO - Filling up the DagBag from /opt/airflow/dags/check_version.py
[2025-07-19T08:59:01.388+0000] {processor.py:840} INFO - DAG(s) 'check_sklearn_version' retrieved from /opt/airflow/dags/check_version.py
[2025-07-19T08:59:01.414+0000] {logging_mixin.py:188} INFO - [2025-07-19T08:59:01.414+0000] {dag.py:3036} INFO - Sync 1 DAGs
[2025-07-19T08:59:01.425+0000] {logging_mixin.py:188} INFO - [2025-07-19T08:59:01.425+0000] {dag.py:3823} INFO - Setting next_dagrun for check_sklearn_version to None, run_after=None
[2025-07-19T08:59:01.446+0000] {processor.py:183} INFO - Processing /opt/airflow/dags/check_version.py took 0.074 seconds
[2025-07-19T08:59:31.820+0000] {processor.py:161} INFO - Started process (PID=7944) to work on /opt/airflow/dags/check_version.py
[2025-07-19T08:59:31.821+0000] {processor.py:830} INFO - Processing file /opt/airflow/dags/check_version.py for tasks to queue
[2025-07-19T08:59:31.822+0000] {logging_mixin.py:188} INFO - [2025-07-19T08:59:31.822+0000] {dagbag.py:538} INFO - Filling up the DagBag from /opt/airflow/dags/check_version.py
[2025-07-19T08:59:31.832+0000] {processor.py:840} INFO - DAG(s) 'check_sklearn_version' retrieved from /opt/airflow/dags/check_version.py
[2025-07-19T08:59:31.856+0000] {logging_mixin.py:188} INFO - [2025-07-19T08:59:31.856+0000] {dag.py:3036} INFO - Sync 1 DAGs
[2025-07-19T08:59:31.869+0000] {logging_mixin.py:188} INFO - [2025-07-19T08:59:31.869+0000] {dag.py:3823} INFO - Setting next_dagrun for check_sklearn_version to None, run_after=None
[2025-07-19T08:59:31.889+0000] {processor.py:183} INFO - Processing /opt/airflow/dags/check_version.py took 0.071 seconds
[2025-07-19T09:00:02.403+0000] {processor.py:161} INFO - Started process (PID=7964) to work on /opt/airflow/dags/check_version.py
[2025-07-19T09:00:02.404+0000] {processor.py:830} INFO - Processing file /opt/airflow/dags/check_version.py for tasks to queue
[2025-07-19T09:00:02.405+0000] {logging_mixin.py:188} INFO - [2025-07-19T09:00:02.405+0000] {dagbag.py:538} INFO - Filling up the DagBag from /opt/airflow/dags/check_version.py
[2025-07-19T09:00:02.417+0000] {processor.py:840} INFO - DAG(s) 'check_sklearn_version' retrieved from /opt/airflow/dags/check_version.py
[2025-07-19T09:00:02.446+0000] {logging_mixin.py:188} INFO - [2025-07-19T09:00:02.445+0000] {dag.py:3036} INFO - Sync 1 DAGs
[2025-07-19T09:00:02.459+0000] {logging_mixin.py:188} INFO - [2025-07-19T09:00:02.458+0000] {dag.py:3823} INFO - Setting next_dagrun for check_sklearn_version to None, run_after=None
[2025-07-19T09:00:02.479+0000] {processor.py:183} INFO - Processing /opt/airflow/dags/check_version.py took 0.080 seconds
[2025-07-19T09:00:32.923+0000] {processor.py:161} INFO - Started process (PID=7984) to work on /opt/airflow/dags/check_version.py
[2025-07-19T09:00:32.924+0000] {processor.py:830} INFO - Processing file /opt/airflow/dags/check_version.py for tasks to queue
[2025-07-19T09:00:32.949+0000] {logging_mixin.py:188} INFO - [2025-07-19T09:00:32.949+0000] {dagbag.py:538} INFO - Filling up the DagBag from /opt/airflow/dags/check_version.py
[2025-07-19T09:00:32.960+0000] {processor.py:840} INFO - DAG(s) 'check_sklearn_version' retrieved from /opt/airflow/dags/check_version.py
[2025-07-19T09:00:32.987+0000] {logging_mixin.py:188} INFO - [2025-07-19T09:00:32.987+0000] {dag.py:3036} INFO - Sync 1 DAGs
[2025-07-19T09:00:33.003+0000] {logging_mixin.py:188} INFO - [2025-07-19T09:00:33.003+0000] {dag.py:3823} INFO - Setting next_dagrun for check_sklearn_version to None, run_after=None
[2025-07-19T09:00:33.027+0000] {processor.py:183} INFO - Processing /opt/airflow/dags/check_version.py took 0.108 seconds
[2025-07-19T09:01:03.317+0000] {processor.py:161} INFO - Started process (PID=8004) to work on /opt/airflow/dags/check_version.py
[2025-07-19T09:01:03.318+0000] {processor.py:830} INFO - Processing file /opt/airflow/dags/check_version.py for tasks to queue
[2025-07-19T09:01:03.319+0000] {logging_mixin.py:188} INFO - [2025-07-19T09:01:03.318+0000] {dagbag.py:538} INFO - Filling up the DagBag from /opt/airflow/dags/check_version.py
[2025-07-19T09:01:03.417+0000] {processor.py:840} INFO - DAG(s) 'check_sklearn_version' retrieved from /opt/airflow/dags/check_version.py
[2025-07-19T09:01:03.441+0000] {logging_mixin.py:188} INFO - [2025-07-19T09:01:03.441+0000] {dag.py:3036} INFO - Sync 1 DAGs
[2025-07-19T09:01:03.452+0000] {logging_mixin.py:188} INFO - [2025-07-19T09:01:03.451+0000] {dag.py:3823} INFO - Setting next_dagrun for check_sklearn_version to None, run_after=None
[2025-07-19T09:01:03.470+0000] {processor.py:183} INFO - Processing /opt/airflow/dags/check_version.py took 0.156 seconds
[2025-07-19T09:01:33.849+0000] {processor.py:161} INFO - Started process (PID=8024) to work on /opt/airflow/dags/check_version.py
[2025-07-19T09:01:33.850+0000] {processor.py:830} INFO - Processing file /opt/airflow/dags/check_version.py for tasks to queue
[2025-07-19T09:01:33.851+0000] {logging_mixin.py:188} INFO - [2025-07-19T09:01:33.851+0000] {dagbag.py:538} INFO - Filling up the DagBag from /opt/airflow/dags/check_version.py
[2025-07-19T09:01:33.866+0000] {processor.py:840} INFO - DAG(s) 'check_sklearn_version' retrieved from /opt/airflow/dags/check_version.py
[2025-07-19T09:01:33.895+0000] {logging_mixin.py:188} INFO - [2025-07-19T09:01:33.894+0000] {dag.py:3036} INFO - Sync 1 DAGs
[2025-07-19T09:01:33.908+0000] {logging_mixin.py:188} INFO - [2025-07-19T09:01:33.908+0000] {dag.py:3823} INFO - Setting next_dagrun for check_sklearn_version to None, run_after=None
[2025-07-19T09:01:33.928+0000] {processor.py:183} INFO - Processing /opt/airflow/dags/check_version.py took 0.082 seconds
[2025-07-19T09:02:04.330+0000] {processor.py:161} INFO - Started process (PID=8044) to work on /opt/airflow/dags/check_version.py
[2025-07-19T09:02:04.331+0000] {processor.py:830} INFO - Processing file /opt/airflow/dags/check_version.py for tasks to queue
[2025-07-19T09:02:04.332+0000] {logging_mixin.py:188} INFO - [2025-07-19T09:02:04.332+0000] {dagbag.py:538} INFO - Filling up the DagBag from /opt/airflow/dags/check_version.py
[2025-07-19T09:02:04.344+0000] {processor.py:840} INFO - DAG(s) 'check_sklearn_version' retrieved from /opt/airflow/dags/check_version.py
[2025-07-19T09:02:04.370+0000] {logging_mixin.py:188} INFO - [2025-07-19T09:02:04.369+0000] {dag.py:3036} INFO - Sync 1 DAGs
[2025-07-19T09:02:04.381+0000] {logging_mixin.py:188} INFO - [2025-07-19T09:02:04.380+0000] {dag.py:3823} INFO - Setting next_dagrun for check_sklearn_version to None, run_after=None
[2025-07-19T09:02:04.399+0000] {processor.py:183} INFO - Processing /opt/airflow/dags/check_version.py took 0.072 seconds
[2025-07-19T09:02:34.867+0000] {processor.py:161} INFO - Started process (PID=8064) to work on /opt/airflow/dags/check_version.py
[2025-07-19T09:02:34.867+0000] {processor.py:830} INFO - Processing file /opt/airflow/dags/check_version.py for tasks to queue
[2025-07-19T09:02:34.868+0000] {logging_mixin.py:188} INFO - [2025-07-19T09:02:34.868+0000] {dagbag.py:538} INFO - Filling up the DagBag from /opt/airflow/dags/check_version.py
[2025-07-19T09:02:34.954+0000] {processor.py:840} INFO - DAG(s) 'check_sklearn_version' retrieved from /opt/airflow/dags/check_version.py
[2025-07-19T09:02:34.977+0000] {logging_mixin.py:188} INFO - [2025-07-19T09:02:34.977+0000] {dag.py:3036} INFO - Sync 1 DAGs
[2025-07-19T09:02:34.988+0000] {logging_mixin.py:188} INFO - [2025-07-19T09:02:34.988+0000] {dag.py:3823} INFO - Setting next_dagrun for check_sklearn_version to None, run_after=None
[2025-07-19T09:02:35.007+0000] {processor.py:183} INFO - Processing /opt/airflow/dags/check_version.py took 0.144 seconds
[2025-07-19T09:03:05.532+0000] {processor.py:161} INFO - Started process (PID=8084) to work on /opt/airflow/dags/check_version.py
[2025-07-19T09:03:05.533+0000] {processor.py:830} INFO - Processing file /opt/airflow/dags/check_version.py for tasks to queue
[2025-07-19T09:03:05.534+0000] {logging_mixin.py:188} INFO - [2025-07-19T09:03:05.534+0000] {dagbag.py:538} INFO - Filling up the DagBag from /opt/airflow/dags/check_version.py
[2025-07-19T09:03:05.547+0000] {processor.py:840} INFO - DAG(s) 'check_sklearn_version' retrieved from /opt/airflow/dags/check_version.py
[2025-07-19T09:03:05.573+0000] {logging_mixin.py:188} INFO - [2025-07-19T09:03:05.573+0000] {dag.py:3036} INFO - Sync 1 DAGs
[2025-07-19T09:03:05.584+0000] {logging_mixin.py:188} INFO - [2025-07-19T09:03:05.584+0000] {dag.py:3823} INFO - Setting next_dagrun for check_sklearn_version to None, run_after=None
[2025-07-19T09:03:05.606+0000] {processor.py:183} INFO - Processing /opt/airflow/dags/check_version.py took 0.077 seconds
[2025-07-19T09:03:35.972+0000] {processor.py:161} INFO - Started process (PID=8104) to work on /opt/airflow/dags/check_version.py
[2025-07-19T09:03:35.973+0000] {processor.py:830} INFO - Processing file /opt/airflow/dags/check_version.py for tasks to queue
[2025-07-19T09:03:35.974+0000] {logging_mixin.py:188} INFO - [2025-07-19T09:03:35.974+0000] {dagbag.py:538} INFO - Filling up the DagBag from /opt/airflow/dags/check_version.py
[2025-07-19T09:03:35.986+0000] {processor.py:840} INFO - DAG(s) 'check_sklearn_version' retrieved from /opt/airflow/dags/check_version.py
[2025-07-19T09:03:36.010+0000] {logging_mixin.py:188} INFO - [2025-07-19T09:03:36.010+0000] {dag.py:3036} INFO - Sync 1 DAGs
[2025-07-19T09:03:36.024+0000] {logging_mixin.py:188} INFO - [2025-07-19T09:03:36.023+0000] {dag.py:3823} INFO - Setting next_dagrun for check_sklearn_version to None, run_after=None
[2025-07-19T09:03:36.043+0000] {processor.py:183} INFO - Processing /opt/airflow/dags/check_version.py took 0.074 seconds
[2025-07-19T09:04:06.420+0000] {processor.py:161} INFO - Started process (PID=8124) to work on /opt/airflow/dags/check_version.py
[2025-07-19T09:04:06.421+0000] {processor.py:830} INFO - Processing file /opt/airflow/dags/check_version.py for tasks to queue
[2025-07-19T09:04:06.422+0000] {logging_mixin.py:188} INFO - [2025-07-19T09:04:06.422+0000] {dagbag.py:538} INFO - Filling up the DagBag from /opt/airflow/dags/check_version.py
[2025-07-19T09:04:06.433+0000] {processor.py:840} INFO - DAG(s) 'check_sklearn_version' retrieved from /opt/airflow/dags/check_version.py
[2025-07-19T09:04:06.457+0000] {logging_mixin.py:188} INFO - [2025-07-19T09:04:06.457+0000] {dag.py:3036} INFO - Sync 1 DAGs
[2025-07-19T09:04:06.469+0000] {logging_mixin.py:188} INFO - [2025-07-19T09:04:06.469+0000] {dag.py:3823} INFO - Setting next_dagrun for check_sklearn_version to None, run_after=None
[2025-07-19T09:04:06.487+0000] {processor.py:183} INFO - Processing /opt/airflow/dags/check_version.py took 0.071 seconds
[2025-07-19T09:04:36.890+0000] {processor.py:161} INFO - Started process (PID=8144) to work on /opt/airflow/dags/check_version.py
[2025-07-19T09:04:36.891+0000] {processor.py:830} INFO - Processing file /opt/airflow/dags/check_version.py for tasks to queue
[2025-07-19T09:04:36.892+0000] {logging_mixin.py:188} INFO - [2025-07-19T09:04:36.892+0000] {dagbag.py:538} INFO - Filling up the DagBag from /opt/airflow/dags/check_version.py
[2025-07-19T09:04:36.905+0000] {processor.py:840} INFO - DAG(s) 'check_sklearn_version' retrieved from /opt/airflow/dags/check_version.py
[2025-07-19T09:04:36.938+0000] {logging_mixin.py:188} INFO - [2025-07-19T09:04:36.937+0000] {dag.py:3036} INFO - Sync 1 DAGs
[2025-07-19T09:04:36.948+0000] {logging_mixin.py:188} INFO - [2025-07-19T09:04:36.948+0000] {dag.py:3823} INFO - Setting next_dagrun for check_sklearn_version to None, run_after=None
[2025-07-19T09:04:36.966+0000] {processor.py:183} INFO - Processing /opt/airflow/dags/check_version.py took 0.079 seconds
[2025-07-19T09:05:07.337+0000] {processor.py:161} INFO - Started process (PID=8164) to work on /opt/airflow/dags/check_version.py
[2025-07-19T09:05:07.338+0000] {processor.py:830} INFO - Processing file /opt/airflow/dags/check_version.py for tasks to queue
[2025-07-19T09:05:07.338+0000] {logging_mixin.py:188} INFO - [2025-07-19T09:05:07.338+0000] {dagbag.py:538} INFO - Filling up the DagBag from /opt/airflow/dags/check_version.py
[2025-07-19T09:05:07.352+0000] {processor.py:840} INFO - DAG(s) 'check_sklearn_version' retrieved from /opt/airflow/dags/check_version.py
[2025-07-19T09:05:07.378+0000] {logging_mixin.py:188} INFO - [2025-07-19T09:05:07.377+0000] {dag.py:3036} INFO - Sync 1 DAGs
[2025-07-19T09:05:07.388+0000] {logging_mixin.py:188} INFO - [2025-07-19T09:05:07.388+0000] {dag.py:3823} INFO - Setting next_dagrun for check_sklearn_version to None, run_after=None
[2025-07-19T09:05:07.408+0000] {processor.py:183} INFO - Processing /opt/airflow/dags/check_version.py took 0.075 seconds
[2025-07-19T09:05:37.778+0000] {processor.py:161} INFO - Started process (PID=8184) to work on /opt/airflow/dags/check_version.py
[2025-07-19T09:05:37.779+0000] {processor.py:830} INFO - Processing file /opt/airflow/dags/check_version.py for tasks to queue
[2025-07-19T09:05:37.780+0000] {logging_mixin.py:188} INFO - [2025-07-19T09:05:37.780+0000] {dagbag.py:538} INFO - Filling up the DagBag from /opt/airflow/dags/check_version.py
[2025-07-19T09:05:37.791+0000] {processor.py:840} INFO - DAG(s) 'check_sklearn_version' retrieved from /opt/airflow/dags/check_version.py
[2025-07-19T09:05:37.828+0000] {logging_mixin.py:188} INFO - [2025-07-19T09:05:37.827+0000] {dag.py:3036} INFO - Sync 1 DAGs
[2025-07-19T09:05:37.840+0000] {logging_mixin.py:188} INFO - [2025-07-19T09:05:37.840+0000] {dag.py:3823} INFO - Setting next_dagrun for check_sklearn_version to None, run_after=None
[2025-07-19T09:05:37.859+0000] {processor.py:183} INFO - Processing /opt/airflow/dags/check_version.py took 0.085 seconds
[2025-07-19T09:06:41.830+0000] {processor.py:161} INFO - Started process (PID=8211) to work on /opt/airflow/dags/check_version.py
[2025-07-19T09:06:41.831+0000] {processor.py:830} INFO - Processing file /opt/airflow/dags/check_version.py for tasks to queue
[2025-07-19T09:06:41.832+0000] {logging_mixin.py:188} INFO - [2025-07-19T09:06:41.831+0000] {dagbag.py:538} INFO - Filling up the DagBag from /opt/airflow/dags/check_version.py
[2025-07-19T09:06:41.845+0000] {processor.py:840} INFO - DAG(s) 'check_sklearn_version' retrieved from /opt/airflow/dags/check_version.py
[2025-07-19T09:06:42.014+0000] {logging_mixin.py:188} INFO - [2025-07-19T09:06:42.013+0000] {dag.py:3036} INFO - Sync 1 DAGs
[2025-07-19T09:06:42.074+0000] {logging_mixin.py:188} INFO - [2025-07-19T09:06:42.074+0000] {dag.py:3823} INFO - Setting next_dagrun for check_sklearn_version to None, run_after=None
[2025-07-19T09:06:42.649+0000] {processor.py:183} INFO - Processing /opt/airflow/dags/check_version.py took 0.823 seconds
[2025-07-19T09:07:31.452+0000] {processor.py:161} INFO - Started process (PID=8226) to work on /opt/airflow/dags/check_version.py
[2025-07-19T09:07:33.833+0000] {processor.py:830} INFO - Processing file /opt/airflow/dags/check_version.py for tasks to queue
[2025-07-19T09:07:35.083+0000] {logging_mixin.py:188} INFO - [2025-07-19T09:07:34.489+0000] {dagbag.py:538} INFO - Filling up the DagBag from /opt/airflow/dags/check_version.py
[2025-07-19T09:07:38.489+0000] {processor.py:840} INFO - DAG(s) 'check_sklearn_version' retrieved from /opt/airflow/dags/check_version.py
[2025-07-19T09:07:38.518+0000] {logging_mixin.py:188} INFO - [2025-07-19T09:07:38.517+0000] {dag.py:3036} INFO - Sync 1 DAGs
[2025-07-19T09:07:38.529+0000] {logging_mixin.py:188} INFO - [2025-07-19T09:07:38.529+0000] {dag.py:3823} INFO - Setting next_dagrun for check_sklearn_version to None, run_after=None
[2025-07-19T09:07:40.985+0000] {processor.py:183} INFO - Processing /opt/airflow/dags/check_version.py took 18.718 seconds
[2025-07-19T09:08:12.245+0000] {processor.py:161} INFO - Started process (PID=8252) to work on /opt/airflow/dags/check_version.py
[2025-07-19T09:08:12.246+0000] {processor.py:830} INFO - Processing file /opt/airflow/dags/check_version.py for tasks to queue
[2025-07-19T09:08:12.246+0000] {logging_mixin.py:188} INFO - [2025-07-19T09:08:12.246+0000] {dagbag.py:538} INFO - Filling up the DagBag from /opt/airflow/dags/check_version.py
[2025-07-19T09:08:12.257+0000] {processor.py:840} INFO - DAG(s) 'check_sklearn_version' retrieved from /opt/airflow/dags/check_version.py
[2025-07-19T09:08:12.281+0000] {logging_mixin.py:188} INFO - [2025-07-19T09:08:12.281+0000] {dag.py:3036} INFO - Sync 1 DAGs
[2025-07-19T09:08:12.335+0000] {logging_mixin.py:188} INFO - [2025-07-19T09:08:12.335+0000] {dag.py:3823} INFO - Setting next_dagrun for check_sklearn_version to None, run_after=None
[2025-07-19T09:08:12.354+0000] {processor.py:183} INFO - Processing /opt/airflow/dags/check_version.py took 0.112 seconds
[2025-07-19T09:08:42.538+0000] {processor.py:161} INFO - Started process (PID=8272) to work on /opt/airflow/dags/check_version.py
[2025-07-19T09:08:42.539+0000] {processor.py:830} INFO - Processing file /opt/airflow/dags/check_version.py for tasks to queue
[2025-07-19T09:08:42.540+0000] {logging_mixin.py:188} INFO - [2025-07-19T09:08:42.540+0000] {dagbag.py:538} INFO - Filling up the DagBag from /opt/airflow/dags/check_version.py
[2025-07-19T09:08:42.562+0000] {processor.py:840} INFO - DAG(s) 'check_sklearn_version' retrieved from /opt/airflow/dags/check_version.py
[2025-07-19T09:08:42.588+0000] {logging_mixin.py:188} INFO - [2025-07-19T09:08:42.588+0000] {dag.py:3036} INFO - Sync 1 DAGs
[2025-07-19T09:08:42.600+0000] {logging_mixin.py:188} INFO - [2025-07-19T09:08:42.600+0000] {dag.py:3823} INFO - Setting next_dagrun for check_sklearn_version to None, run_after=None
[2025-07-19T09:08:42.620+0000] {processor.py:183} INFO - Processing /opt/airflow/dags/check_version.py took 0.085 seconds
[2025-07-19T09:09:12.894+0000] {processor.py:161} INFO - Started process (PID=8290) to work on /opt/airflow/dags/check_version.py
[2025-07-19T09:09:12.895+0000] {processor.py:830} INFO - Processing file /opt/airflow/dags/check_version.py for tasks to queue
[2025-07-19T09:09:12.896+0000] {logging_mixin.py:188} INFO - [2025-07-19T09:09:12.896+0000] {dagbag.py:538} INFO - Filling up the DagBag from /opt/airflow/dags/check_version.py
[2025-07-19T09:09:12.908+0000] {processor.py:840} INFO - DAG(s) 'check_sklearn_version' retrieved from /opt/airflow/dags/check_version.py
[2025-07-19T09:09:12.934+0000] {logging_mixin.py:188} INFO - [2025-07-19T09:09:12.934+0000] {dag.py:3036} INFO - Sync 1 DAGs
[2025-07-19T09:09:12.956+0000] {logging_mixin.py:188} INFO - [2025-07-19T09:09:12.956+0000] {dag.py:3823} INFO - Setting next_dagrun for check_sklearn_version to None, run_after=None
[2025-07-19T09:09:12.987+0000] {processor.py:183} INFO - Processing /opt/airflow/dags/check_version.py took 0.096 seconds
[2025-07-19T09:09:43.257+0000] {processor.py:161} INFO - Started process (PID=8310) to work on /opt/airflow/dags/check_version.py
[2025-07-19T09:09:43.258+0000] {processor.py:830} INFO - Processing file /opt/airflow/dags/check_version.py for tasks to queue
[2025-07-19T09:09:43.259+0000] {logging_mixin.py:188} INFO - [2025-07-19T09:09:43.259+0000] {dagbag.py:538} INFO - Filling up the DagBag from /opt/airflow/dags/check_version.py
[2025-07-19T09:09:43.291+0000] {processor.py:840} INFO - DAG(s) 'check_sklearn_version' retrieved from /opt/airflow/dags/check_version.py
[2025-07-19T09:09:43.316+0000] {logging_mixin.py:188} INFO - [2025-07-19T09:09:43.316+0000] {dag.py:3036} INFO - Sync 1 DAGs
[2025-07-19T09:09:43.328+0000] {logging_mixin.py:188} INFO - [2025-07-19T09:09:43.328+0000] {dag.py:3823} INFO - Setting next_dagrun for check_sklearn_version to None, run_after=None
[2025-07-19T09:09:43.347+0000] {processor.py:183} INFO - Processing /opt/airflow/dags/check_version.py took 0.092 seconds
[2025-07-19T09:10:16.935+0000] {processor.py:161} INFO - Started process (PID=8332) to work on /opt/airflow/dags/check_version.py
[2025-07-19T09:10:17.113+0000] {processor.py:830} INFO - Processing file /opt/airflow/dags/check_version.py for tasks to queue
[2025-07-19T09:10:17.115+0000] {logging_mixin.py:188} INFO - [2025-07-19T09:10:17.114+0000] {dagbag.py:538} INFO - Filling up the DagBag from /opt/airflow/dags/check_version.py
[2025-07-19T09:10:22.735+0000] {processor.py:840} INFO - DAG(s) 'check_sklearn_version' retrieved from /opt/airflow/dags/check_version.py
[2025-07-19T09:11:43.867+0000] {processor.py:161} INFO - Started process (PID=8350) to work on /opt/airflow/dags/check_version.py
[2025-07-19T09:11:45.179+0000] {processor.py:830} INFO - Processing file /opt/airflow/dags/check_version.py for tasks to queue
[2025-07-19T09:11:45.716+0000] {logging_mixin.py:188} INFO - [2025-07-19T09:11:45.534+0000] {dagbag.py:538} INFO - Filling up the DagBag from /opt/airflow/dags/check_version.py
[2025-07-19T09:11:54.362+0000] {processor.py:840} INFO - DAG(s) 'check_sklearn_version' retrieved from /opt/airflow/dags/check_version.py
[2025-07-19T09:12:02.527+0000] {logging_mixin.py:188} INFO - [2025-07-19T09:12:02.527+0000] {dag.py:3036} INFO - Sync 1 DAGs
[2025-07-19T09:12:02.537+0000] {logging_mixin.py:188} INFO - [2025-07-19T09:12:02.537+0000] {dag.py:3823} INFO - Setting next_dagrun for check_sklearn_version to None, run_after=None
[2025-07-19T09:12:02.562+0000] {processor.py:183} INFO - Processing /opt/airflow/dags/check_version.py took 23.659 seconds
[2025-07-19T09:12:33.768+0000] {processor.py:161} INFO - Started process (PID=8383) to work on /opt/airflow/dags/check_version.py
[2025-07-19T09:12:33.769+0000] {processor.py:830} INFO - Processing file /opt/airflow/dags/check_version.py for tasks to queue
[2025-07-19T09:12:33.769+0000] {logging_mixin.py:188} INFO - [2025-07-19T09:12:33.769+0000] {dagbag.py:538} INFO - Filling up the DagBag from /opt/airflow/dags/check_version.py
[2025-07-19T09:12:33.780+0000] {processor.py:840} INFO - DAG(s) 'check_sklearn_version' retrieved from /opt/airflow/dags/check_version.py
[2025-07-19T09:12:33.804+0000] {logging_mixin.py:188} INFO - [2025-07-19T09:12:33.803+0000] {dag.py:3036} INFO - Sync 1 DAGs
[2025-07-19T09:12:33.814+0000] {logging_mixin.py:188} INFO - [2025-07-19T09:12:33.814+0000] {dag.py:3823} INFO - Setting next_dagrun for check_sklearn_version to None, run_after=None
[2025-07-19T09:12:33.834+0000] {processor.py:183} INFO - Processing /opt/airflow/dags/check_version.py took 0.069 seconds
[2025-07-19T09:13:04.617+0000] {processor.py:161} INFO - Started process (PID=8403) to work on /opt/airflow/dags/check_version.py
[2025-07-19T09:13:04.619+0000] {processor.py:830} INFO - Processing file /opt/airflow/dags/check_version.py for tasks to queue
[2025-07-19T09:13:04.619+0000] {logging_mixin.py:188} INFO - [2025-07-19T09:13:04.619+0000] {dagbag.py:538} INFO - Filling up the DagBag from /opt/airflow/dags/check_version.py
[2025-07-19T09:13:04.630+0000] {processor.py:840} INFO - DAG(s) 'check_sklearn_version' retrieved from /opt/airflow/dags/check_version.py
[2025-07-19T09:13:04.739+0000] {logging_mixin.py:188} INFO - [2025-07-19T09:13:04.739+0000] {dag.py:3036} INFO - Sync 1 DAGs
[2025-07-19T09:13:04.750+0000] {logging_mixin.py:188} INFO - [2025-07-19T09:13:04.750+0000] {dag.py:3823} INFO - Setting next_dagrun for check_sklearn_version to None, run_after=None
[2025-07-19T09:13:04.768+0000] {processor.py:183} INFO - Processing /opt/airflow/dags/check_version.py took 0.155 seconds
[2025-07-19T09:13:35.118+0000] {processor.py:161} INFO - Started process (PID=8421) to work on /opt/airflow/dags/check_version.py
[2025-07-19T09:13:35.119+0000] {processor.py:830} INFO - Processing file /opt/airflow/dags/check_version.py for tasks to queue
[2025-07-19T09:13:35.120+0000] {logging_mixin.py:188} INFO - [2025-07-19T09:13:35.120+0000] {dagbag.py:538} INFO - Filling up the DagBag from /opt/airflow/dags/check_version.py
[2025-07-19T09:13:35.131+0000] {processor.py:840} INFO - DAG(s) 'check_sklearn_version' retrieved from /opt/airflow/dags/check_version.py
[2025-07-19T09:13:35.156+0000] {logging_mixin.py:188} INFO - [2025-07-19T09:13:35.156+0000] {dag.py:3036} INFO - Sync 1 DAGs
[2025-07-19T09:13:35.168+0000] {logging_mixin.py:188} INFO - [2025-07-19T09:13:35.168+0000] {dag.py:3823} INFO - Setting next_dagrun for check_sklearn_version to None, run_after=None
[2025-07-19T09:13:35.188+0000] {processor.py:183} INFO - Processing /opt/airflow/dags/check_version.py took 0.073 seconds
[2025-07-19T09:14:30.932+0000] {processor.py:161} INFO - Started process (PID=8447) to work on /opt/airflow/dags/check_version.py
[2025-07-19T09:14:30.933+0000] {processor.py:830} INFO - Processing file /opt/airflow/dags/check_version.py for tasks to queue
[2025-07-19T09:14:30.935+0000] {logging_mixin.py:188} INFO - [2025-07-19T09:14:30.935+0000] {dagbag.py:538} INFO - Filling up the DagBag from /opt/airflow/dags/check_version.py
[2025-07-19T09:14:30.997+0000] {processor.py:840} INFO - DAG(s) 'check_sklearn_version' retrieved from /opt/airflow/dags/check_version.py
[2025-07-19T09:14:31.136+0000] {logging_mixin.py:188} INFO - [2025-07-19T09:14:31.136+0000] {dag.py:3036} INFO - Sync 1 DAGs
[2025-07-19T09:14:31.152+0000] {logging_mixin.py:188} INFO - [2025-07-19T09:14:31.151+0000] {dag.py:3823} INFO - Setting next_dagrun for check_sklearn_version to None, run_after=None
[2025-07-19T09:14:31.225+0000] {processor.py:183} INFO - Processing /opt/airflow/dags/check_version.py took 0.296 seconds
[2025-07-19T09:15:02.255+0000] {processor.py:161} INFO - Started process (PID=8469) to work on /opt/airflow/dags/check_version.py
[2025-07-19T09:15:02.256+0000] {processor.py:830} INFO - Processing file /opt/airflow/dags/check_version.py for tasks to queue
[2025-07-19T09:15:02.257+0000] {logging_mixin.py:188} INFO - [2025-07-19T09:15:02.257+0000] {dagbag.py:538} INFO - Filling up the DagBag from /opt/airflow/dags/check_version.py
[2025-07-19T09:15:02.273+0000] {processor.py:840} INFO - DAG(s) 'check_sklearn_version' retrieved from /opt/airflow/dags/check_version.py
[2025-07-19T09:15:03.565+0000] {logging_mixin.py:188} INFO - [2025-07-19T09:15:03.565+0000] {dag.py:3036} INFO - Sync 1 DAGs
[2025-07-19T09:15:03.578+0000] {logging_mixin.py:188} INFO - [2025-07-19T09:15:03.577+0000] {dag.py:3823} INFO - Setting next_dagrun for check_sklearn_version to None, run_after=None
[2025-07-19T09:15:03.598+0000] {processor.py:183} INFO - Processing /opt/airflow/dags/check_version.py took 1.347 seconds
[2025-07-19T09:15:34.193+0000] {processor.py:161} INFO - Started process (PID=8489) to work on /opt/airflow/dags/check_version.py
[2025-07-19T09:15:34.194+0000] {processor.py:830} INFO - Processing file /opt/airflow/dags/check_version.py for tasks to queue
[2025-07-19T09:15:34.195+0000] {logging_mixin.py:188} INFO - [2025-07-19T09:15:34.194+0000] {dagbag.py:538} INFO - Filling up the DagBag from /opt/airflow/dags/check_version.py
[2025-07-19T09:15:34.207+0000] {processor.py:840} INFO - DAG(s) 'check_sklearn_version' retrieved from /opt/airflow/dags/check_version.py
[2025-07-19T09:15:34.243+0000] {logging_mixin.py:188} INFO - [2025-07-19T09:15:34.243+0000] {dag.py:3036} INFO - Sync 1 DAGs
[2025-07-19T09:15:34.255+0000] {logging_mixin.py:188} INFO - [2025-07-19T09:15:34.255+0000] {dag.py:3823} INFO - Setting next_dagrun for check_sklearn_version to None, run_after=None
[2025-07-19T09:15:34.274+0000] {processor.py:183} INFO - Processing /opt/airflow/dags/check_version.py took 0.084 seconds
[2025-07-19T09:16:04.638+0000] {processor.py:161} INFO - Started process (PID=8509) to work on /opt/airflow/dags/check_version.py
[2025-07-19T09:16:04.639+0000] {processor.py:830} INFO - Processing file /opt/airflow/dags/check_version.py for tasks to queue
[2025-07-19T09:16:04.640+0000] {logging_mixin.py:188} INFO - [2025-07-19T09:16:04.640+0000] {dagbag.py:538} INFO - Filling up the DagBag from /opt/airflow/dags/check_version.py
[2025-07-19T09:16:04.650+0000] {processor.py:840} INFO - DAG(s) 'check_sklearn_version' retrieved from /opt/airflow/dags/check_version.py
[2025-07-19T09:16:04.674+0000] {logging_mixin.py:188} INFO - [2025-07-19T09:16:04.674+0000] {dag.py:3036} INFO - Sync 1 DAGs
[2025-07-19T09:16:04.685+0000] {logging_mixin.py:188} INFO - [2025-07-19T09:16:04.685+0000] {dag.py:3823} INFO - Setting next_dagrun for check_sklearn_version to None, run_after=None
[2025-07-19T09:16:04.704+0000] {processor.py:183} INFO - Processing /opt/airflow/dags/check_version.py took 0.069 seconds
[2025-07-19T09:16:35.026+0000] {processor.py:161} INFO - Started process (PID=8529) to work on /opt/airflow/dags/check_version.py
[2025-07-19T09:16:35.027+0000] {processor.py:830} INFO - Processing file /opt/airflow/dags/check_version.py for tasks to queue
[2025-07-19T09:16:35.027+0000] {logging_mixin.py:188} INFO - [2025-07-19T09:16:35.027+0000] {dagbag.py:538} INFO - Filling up the DagBag from /opt/airflow/dags/check_version.py
[2025-07-19T09:16:35.038+0000] {processor.py:840} INFO - DAG(s) 'check_sklearn_version' retrieved from /opt/airflow/dags/check_version.py
[2025-07-19T09:16:35.061+0000] {logging_mixin.py:188} INFO - [2025-07-19T09:16:35.060+0000] {dag.py:3036} INFO - Sync 1 DAGs
[2025-07-19T09:16:35.072+0000] {logging_mixin.py:188} INFO - [2025-07-19T09:16:35.072+0000] {dag.py:3823} INFO - Setting next_dagrun for check_sklearn_version to None, run_after=None
[2025-07-19T09:16:35.095+0000] {processor.py:183} INFO - Processing /opt/airflow/dags/check_version.py took 0.072 seconds
[2025-07-19T09:17:05.440+0000] {processor.py:161} INFO - Started process (PID=8549) to work on /opt/airflow/dags/check_version.py
[2025-07-19T09:17:05.441+0000] {processor.py:830} INFO - Processing file /opt/airflow/dags/check_version.py for tasks to queue
[2025-07-19T09:17:05.441+0000] {logging_mixin.py:188} INFO - [2025-07-19T09:17:05.441+0000] {dagbag.py:538} INFO - Filling up the DagBag from /opt/airflow/dags/check_version.py
[2025-07-19T09:17:05.452+0000] {processor.py:840} INFO - DAG(s) 'check_sklearn_version' retrieved from /opt/airflow/dags/check_version.py
[2025-07-19T09:17:05.475+0000] {logging_mixin.py:188} INFO - [2025-07-19T09:17:05.475+0000] {dag.py:3036} INFO - Sync 1 DAGs
[2025-07-19T09:17:05.487+0000] {logging_mixin.py:188} INFO - [2025-07-19T09:17:05.487+0000] {dag.py:3823} INFO - Setting next_dagrun for check_sklearn_version to None, run_after=None
[2025-07-19T09:17:05.506+0000] {processor.py:183} INFO - Processing /opt/airflow/dags/check_version.py took 0.069 seconds
[2025-07-19T09:17:35.824+0000] {processor.py:161} INFO - Started process (PID=8569) to work on /opt/airflow/dags/check_version.py
[2025-07-19T09:17:35.825+0000] {processor.py:830} INFO - Processing file /opt/airflow/dags/check_version.py for tasks to queue
[2025-07-19T09:17:35.826+0000] {logging_mixin.py:188} INFO - [2025-07-19T09:17:35.826+0000] {dagbag.py:538} INFO - Filling up the DagBag from /opt/airflow/dags/check_version.py
[2025-07-19T09:17:35.837+0000] {processor.py:840} INFO - DAG(s) 'check_sklearn_version' retrieved from /opt/airflow/dags/check_version.py
[2025-07-19T09:17:35.860+0000] {logging_mixin.py:188} INFO - [2025-07-19T09:17:35.860+0000] {dag.py:3036} INFO - Sync 1 DAGs
[2025-07-19T09:17:35.871+0000] {logging_mixin.py:188} INFO - [2025-07-19T09:17:35.870+0000] {dag.py:3823} INFO - Setting next_dagrun for check_sklearn_version to None, run_after=None
[2025-07-19T09:17:35.897+0000] {processor.py:183} INFO - Processing /opt/airflow/dags/check_version.py took 0.075 seconds
[2025-07-19T09:18:06.323+0000] {processor.py:161} INFO - Started process (PID=8589) to work on /opt/airflow/dags/check_version.py
[2025-07-19T09:18:06.324+0000] {processor.py:830} INFO - Processing file /opt/airflow/dags/check_version.py for tasks to queue
[2025-07-19T09:18:06.325+0000] {logging_mixin.py:188} INFO - [2025-07-19T09:18:06.325+0000] {dagbag.py:538} INFO - Filling up the DagBag from /opt/airflow/dags/check_version.py
[2025-07-19T09:18:06.336+0000] {processor.py:840} INFO - DAG(s) 'check_sklearn_version' retrieved from /opt/airflow/dags/check_version.py
[2025-07-19T09:18:06.360+0000] {logging_mixin.py:188} INFO - [2025-07-19T09:18:06.359+0000] {dag.py:3036} INFO - Sync 1 DAGs
[2025-07-19T09:18:06.371+0000] {logging_mixin.py:188} INFO - [2025-07-19T09:18:06.370+0000] {dag.py:3823} INFO - Setting next_dagrun for check_sklearn_version to None, run_after=None
[2025-07-19T09:18:06.389+0000] {processor.py:183} INFO - Processing /opt/airflow/dags/check_version.py took 0.069 seconds
[2025-07-19T09:18:37.350+0000] {processor.py:161} INFO - Started process (PID=8609) to work on /opt/airflow/dags/check_version.py
[2025-07-19T09:18:37.351+0000] {processor.py:830} INFO - Processing file /opt/airflow/dags/check_version.py for tasks to queue
[2025-07-19T09:18:37.352+0000] {logging_mixin.py:188} INFO - [2025-07-19T09:18:37.352+0000] {dagbag.py:538} INFO - Filling up the DagBag from /opt/airflow/dags/check_version.py
[2025-07-19T09:18:37.364+0000] {processor.py:840} INFO - DAG(s) 'check_sklearn_version' retrieved from /opt/airflow/dags/check_version.py
[2025-07-19T09:18:37.388+0000] {logging_mixin.py:188} INFO - [2025-07-19T09:18:37.387+0000] {dag.py:3036} INFO - Sync 1 DAGs
[2025-07-19T09:18:37.398+0000] {logging_mixin.py:188} INFO - [2025-07-19T09:18:37.398+0000] {dag.py:3823} INFO - Setting next_dagrun for check_sklearn_version to None, run_after=None
[2025-07-19T09:18:37.428+0000] {processor.py:183} INFO - Processing /opt/airflow/dags/check_version.py took 0.081 seconds
[2025-07-19T09:19:08.223+0000] {processor.py:161} INFO - Started process (PID=8630) to work on /opt/airflow/dags/check_version.py
[2025-07-19T09:19:08.224+0000] {processor.py:830} INFO - Processing file /opt/airflow/dags/check_version.py for tasks to queue
[2025-07-19T09:19:08.225+0000] {logging_mixin.py:188} INFO - [2025-07-19T09:19:08.225+0000] {dagbag.py:538} INFO - Filling up the DagBag from /opt/airflow/dags/check_version.py
[2025-07-19T09:19:08.320+0000] {processor.py:840} INFO - DAG(s) 'check_sklearn_version' retrieved from /opt/airflow/dags/check_version.py
[2025-07-19T09:19:08.344+0000] {logging_mixin.py:188} INFO - [2025-07-19T09:19:08.344+0000] {dag.py:3036} INFO - Sync 1 DAGs
[2025-07-19T09:19:08.355+0000] {logging_mixin.py:188} INFO - [2025-07-19T09:19:08.355+0000] {dag.py:3823} INFO - Setting next_dagrun for check_sklearn_version to None, run_after=None
[2025-07-19T09:19:08.376+0000] {processor.py:183} INFO - Processing /opt/airflow/dags/check_version.py took 0.155 seconds
[2025-07-19T09:19:38.415+0000] {processor.py:161} INFO - Started process (PID=8654) to work on /opt/airflow/dags/check_version.py
[2025-07-19T09:19:38.416+0000] {processor.py:830} INFO - Processing file /opt/airflow/dags/check_version.py for tasks to queue
[2025-07-19T09:19:38.417+0000] {logging_mixin.py:188} INFO - [2025-07-19T09:19:38.416+0000] {dagbag.py:538} INFO - Filling up the DagBag from /opt/airflow/dags/check_version.py
[2025-07-19T09:19:38.427+0000] {processor.py:840} INFO - DAG(s) 'check_sklearn_version' retrieved from /opt/airflow/dags/check_version.py
[2025-07-19T09:19:38.451+0000] {logging_mixin.py:188} INFO - [2025-07-19T09:19:38.451+0000] {dag.py:3036} INFO - Sync 1 DAGs
[2025-07-19T09:19:38.463+0000] {logging_mixin.py:188} INFO - [2025-07-19T09:19:38.463+0000] {dag.py:3823} INFO - Setting next_dagrun for check_sklearn_version to None, run_after=None
[2025-07-19T09:19:38.483+0000] {processor.py:183} INFO - Processing /opt/airflow/dags/check_version.py took 0.071 seconds
[2025-07-19T09:20:08.969+0000] {processor.py:161} INFO - Started process (PID=8674) to work on /opt/airflow/dags/check_version.py
[2025-07-19T09:20:08.970+0000] {processor.py:830} INFO - Processing file /opt/airflow/dags/check_version.py for tasks to queue
[2025-07-19T09:20:08.971+0000] {logging_mixin.py:188} INFO - [2025-07-19T09:20:08.971+0000] {dagbag.py:538} INFO - Filling up the DagBag from /opt/airflow/dags/check_version.py
[2025-07-19T09:20:08.982+0000] {processor.py:840} INFO - DAG(s) 'check_sklearn_version' retrieved from /opt/airflow/dags/check_version.py
[2025-07-19T09:20:09.013+0000] {logging_mixin.py:188} INFO - [2025-07-19T09:20:09.012+0000] {dag.py:3036} INFO - Sync 1 DAGs
[2025-07-19T09:20:09.025+0000] {logging_mixin.py:188} INFO - [2025-07-19T09:20:09.025+0000] {dag.py:3823} INFO - Setting next_dagrun for check_sklearn_version to None, run_after=None
[2025-07-19T09:20:09.045+0000] {processor.py:183} INFO - Processing /opt/airflow/dags/check_version.py took 0.079 seconds
[2025-07-19T09:20:39.588+0000] {processor.py:161} INFO - Started process (PID=8699) to work on /opt/airflow/dags/check_version.py
[2025-07-19T09:20:39.589+0000] {processor.py:830} INFO - Processing file /opt/airflow/dags/check_version.py for tasks to queue
[2025-07-19T09:20:39.590+0000] {logging_mixin.py:188} INFO - [2025-07-19T09:20:39.590+0000] {dagbag.py:538} INFO - Filling up the DagBag from /opt/airflow/dags/check_version.py
[2025-07-19T09:20:39.651+0000] {processor.py:840} INFO - DAG(s) 'check_sklearn_version' retrieved from /opt/airflow/dags/check_version.py
[2025-07-19T09:20:39.682+0000] {logging_mixin.py:188} INFO - [2025-07-19T09:20:39.682+0000] {dag.py:3036} INFO - Sync 1 DAGs
[2025-07-19T09:20:39.696+0000] {logging_mixin.py:188} INFO - [2025-07-19T09:20:39.696+0000] {dag.py:3823} INFO - Setting next_dagrun for check_sklearn_version to None, run_after=None
[2025-07-19T09:20:39.718+0000] {processor.py:183} INFO - Processing /opt/airflow/dags/check_version.py took 0.133 seconds
[2025-07-19T09:21:10.224+0000] {processor.py:161} INFO - Started process (PID=8724) to work on /opt/airflow/dags/check_version.py
[2025-07-19T09:21:10.225+0000] {processor.py:830} INFO - Processing file /opt/airflow/dags/check_version.py for tasks to queue
[2025-07-19T09:21:10.227+0000] {logging_mixin.py:188} INFO - [2025-07-19T09:21:10.226+0000] {dagbag.py:538} INFO - Filling up the DagBag from /opt/airflow/dags/check_version.py
[2025-07-19T09:21:10.237+0000] {processor.py:840} INFO - DAG(s) 'check_sklearn_version' retrieved from /opt/airflow/dags/check_version.py
[2025-07-19T09:21:10.265+0000] {logging_mixin.py:188} INFO - [2025-07-19T09:21:10.264+0000] {dag.py:3036} INFO - Sync 1 DAGs
[2025-07-19T09:21:10.277+0000] {logging_mixin.py:188} INFO - [2025-07-19T09:21:10.277+0000] {dag.py:3823} INFO - Setting next_dagrun for check_sklearn_version to None, run_after=None
[2025-07-19T09:21:10.526+0000] {processor.py:183} INFO - Processing /opt/airflow/dags/check_version.py took 0.307 seconds
[2025-07-19T09:21:40.660+0000] {processor.py:161} INFO - Started process (PID=8749) to work on /opt/airflow/dags/check_version.py
[2025-07-19T09:21:40.662+0000] {processor.py:830} INFO - Processing file /opt/airflow/dags/check_version.py for tasks to queue
[2025-07-19T09:21:40.664+0000] {logging_mixin.py:188} INFO - [2025-07-19T09:21:40.663+0000] {dagbag.py:538} INFO - Filling up the DagBag from /opt/airflow/dags/check_version.py
[2025-07-19T09:21:40.734+0000] {processor.py:840} INFO - DAG(s) 'check_sklearn_version' retrieved from /opt/airflow/dags/check_version.py
[2025-07-19T09:21:40.775+0000] {logging_mixin.py:188} INFO - [2025-07-19T09:21:40.775+0000] {dag.py:3036} INFO - Sync 1 DAGs
[2025-07-19T09:21:40.793+0000] {logging_mixin.py:188} INFO - [2025-07-19T09:21:40.792+0000] {dag.py:3823} INFO - Setting next_dagrun for check_sklearn_version to None, run_after=None
[2025-07-19T09:21:40.814+0000] {processor.py:183} INFO - Processing /opt/airflow/dags/check_version.py took 0.158 seconds
[2025-07-19T09:22:11.895+0000] {processor.py:161} INFO - Started process (PID=8774) to work on /opt/airflow/dags/check_version.py
[2025-07-19T09:22:11.896+0000] {processor.py:830} INFO - Processing file /opt/airflow/dags/check_version.py for tasks to queue
[2025-07-19T09:22:11.897+0000] {logging_mixin.py:188} INFO - [2025-07-19T09:22:11.896+0000] {dagbag.py:538} INFO - Filling up the DagBag from /opt/airflow/dags/check_version.py
[2025-07-19T09:22:11.908+0000] {processor.py:840} INFO - DAG(s) 'check_sklearn_version' retrieved from /opt/airflow/dags/check_version.py
[2025-07-19T09:22:11.934+0000] {logging_mixin.py:188} INFO - [2025-07-19T09:22:11.933+0000] {dag.py:3036} INFO - Sync 1 DAGs
[2025-07-19T09:22:11.947+0000] {logging_mixin.py:188} INFO - [2025-07-19T09:22:11.947+0000] {dag.py:3823} INFO - Setting next_dagrun for check_sklearn_version to None, run_after=None
[2025-07-19T09:22:11.967+0000] {processor.py:183} INFO - Processing /opt/airflow/dags/check_version.py took 0.075 seconds
[2025-07-19T09:22:42.441+0000] {processor.py:161} INFO - Started process (PID=8799) to work on /opt/airflow/dags/check_version.py
[2025-07-19T09:22:42.442+0000] {processor.py:830} INFO - Processing file /opt/airflow/dags/check_version.py for tasks to queue
[2025-07-19T09:22:42.443+0000] {logging_mixin.py:188} INFO - [2025-07-19T09:22:42.443+0000] {dagbag.py:538} INFO - Filling up the DagBag from /opt/airflow/dags/check_version.py
[2025-07-19T09:22:42.457+0000] {processor.py:840} INFO - DAG(s) 'check_sklearn_version' retrieved from /opt/airflow/dags/check_version.py
[2025-07-19T09:22:42.489+0000] {logging_mixin.py:188} INFO - [2025-07-19T09:22:42.488+0000] {dag.py:3036} INFO - Sync 1 DAGs
[2025-07-19T09:22:42.502+0000] {logging_mixin.py:188} INFO - [2025-07-19T09:22:42.502+0000] {dag.py:3823} INFO - Setting next_dagrun for check_sklearn_version to None, run_after=None
[2025-07-19T09:22:42.525+0000] {processor.py:183} INFO - Processing /opt/airflow/dags/check_version.py took 0.088 seconds
[2025-07-19T09:23:13.240+0000] {processor.py:161} INFO - Started process (PID=8824) to work on /opt/airflow/dags/check_version.py
[2025-07-19T09:23:13.241+0000] {processor.py:830} INFO - Processing file /opt/airflow/dags/check_version.py for tasks to queue
[2025-07-19T09:23:13.243+0000] {logging_mixin.py:188} INFO - [2025-07-19T09:23:13.242+0000] {dagbag.py:538} INFO - Filling up the DagBag from /opt/airflow/dags/check_version.py
[2025-07-19T09:23:13.344+0000] {processor.py:840} INFO - DAG(s) 'check_sklearn_version' retrieved from /opt/airflow/dags/check_version.py
[2025-07-19T09:23:13.379+0000] {logging_mixin.py:188} INFO - [2025-07-19T09:23:13.378+0000] {dag.py:3036} INFO - Sync 1 DAGs
[2025-07-19T09:23:13.393+0000] {logging_mixin.py:188} INFO - [2025-07-19T09:23:13.393+0000] {dag.py:3823} INFO - Setting next_dagrun for check_sklearn_version to None, run_after=None
[2025-07-19T09:23:13.418+0000] {processor.py:183} INFO - Processing /opt/airflow/dags/check_version.py took 0.182 seconds
[2025-07-19T09:23:43.693+0000] {processor.py:161} INFO - Started process (PID=8849) to work on /opt/airflow/dags/check_version.py
[2025-07-19T09:23:43.694+0000] {processor.py:830} INFO - Processing file /opt/airflow/dags/check_version.py for tasks to queue
[2025-07-19T09:23:43.695+0000] {logging_mixin.py:188} INFO - [2025-07-19T09:23:43.695+0000] {dagbag.py:538} INFO - Filling up the DagBag from /opt/airflow/dags/check_version.py
[2025-07-19T09:23:43.708+0000] {processor.py:840} INFO - DAG(s) 'check_sklearn_version' retrieved from /opt/airflow/dags/check_version.py
[2025-07-19T09:23:43.734+0000] {logging_mixin.py:188} INFO - [2025-07-19T09:23:43.733+0000] {dag.py:3036} INFO - Sync 1 DAGs
[2025-07-19T09:23:43.746+0000] {logging_mixin.py:188} INFO - [2025-07-19T09:23:43.745+0000] {dag.py:3823} INFO - Setting next_dagrun for check_sklearn_version to None, run_after=None
[2025-07-19T09:23:43.771+0000] {processor.py:183} INFO - Processing /opt/airflow/dags/check_version.py took 0.081 seconds
[2025-07-19T09:24:14.626+0000] {processor.py:161} INFO - Started process (PID=8874) to work on /opt/airflow/dags/check_version.py
[2025-07-19T09:24:14.627+0000] {processor.py:830} INFO - Processing file /opt/airflow/dags/check_version.py for tasks to queue
[2025-07-19T09:24:14.628+0000] {logging_mixin.py:188} INFO - [2025-07-19T09:24:14.628+0000] {dagbag.py:538} INFO - Filling up the DagBag from /opt/airflow/dags/check_version.py
[2025-07-19T09:24:14.666+0000] {processor.py:840} INFO - DAG(s) 'check_sklearn_version' retrieved from /opt/airflow/dags/check_version.py
[2025-07-19T09:24:14.693+0000] {logging_mixin.py:188} INFO - [2025-07-19T09:24:14.693+0000] {dag.py:3036} INFO - Sync 1 DAGs
[2025-07-19T09:24:14.706+0000] {logging_mixin.py:188} INFO - [2025-07-19T09:24:14.706+0000] {dag.py:3823} INFO - Setting next_dagrun for check_sklearn_version to None, run_after=None
[2025-07-19T09:24:14.726+0000] {processor.py:183} INFO - Processing /opt/airflow/dags/check_version.py took 0.104 seconds
[2025-07-19T09:24:46.281+0000] {processor.py:161} INFO - Started process (PID=8899) to work on /opt/airflow/dags/check_version.py
[2025-07-19T09:24:47.378+0000] {processor.py:830} INFO - Processing file /opt/airflow/dags/check_version.py for tasks to queue
[2025-07-19T09:24:47.914+0000] {logging_mixin.py:188} INFO - [2025-07-19T09:24:47.913+0000] {dagbag.py:538} INFO - Filling up the DagBag from /opt/airflow/dags/check_version.py
[2025-07-19T09:24:48.074+0000] {processor.py:840} INFO - DAG(s) 'check_sklearn_version' retrieved from /opt/airflow/dags/check_version.py
[2025-07-19T09:24:48.099+0000] {logging_mixin.py:188} INFO - [2025-07-19T09:24:48.099+0000] {dag.py:3036} INFO - Sync 1 DAGs
[2025-07-19T09:24:48.112+0000] {logging_mixin.py:188} INFO - [2025-07-19T09:24:48.112+0000] {dag.py:3823} INFO - Setting next_dagrun for check_sklearn_version to None, run_after=None
[2025-07-19T09:24:48.140+0000] {processor.py:183} INFO - Processing /opt/airflow/dags/check_version.py took 3.135 seconds
[2025-07-19T09:25:18.526+0000] {processor.py:161} INFO - Started process (PID=8925) to work on /opt/airflow/dags/check_version.py
[2025-07-19T09:25:18.527+0000] {processor.py:830} INFO - Processing file /opt/airflow/dags/check_version.py for tasks to queue
[2025-07-19T09:25:18.529+0000] {logging_mixin.py:188} INFO - [2025-07-19T09:25:18.528+0000] {dagbag.py:538} INFO - Filling up the DagBag from /opt/airflow/dags/check_version.py
[2025-07-19T09:25:18.667+0000] {processor.py:840} INFO - DAG(s) 'check_sklearn_version' retrieved from /opt/airflow/dags/check_version.py
[2025-07-19T09:25:18.692+0000] {logging_mixin.py:188} INFO - [2025-07-19T09:25:18.692+0000] {dag.py:3036} INFO - Sync 1 DAGs
[2025-07-19T09:25:18.704+0000] {logging_mixin.py:188} INFO - [2025-07-19T09:25:18.704+0000] {dag.py:3823} INFO - Setting next_dagrun for check_sklearn_version to None, run_after=None
[2025-07-19T09:25:18.730+0000] {processor.py:183} INFO - Processing /opt/airflow/dags/check_version.py took 0.207 seconds
[2025-07-19T09:25:48.986+0000] {processor.py:161} INFO - Started process (PID=8951) to work on /opt/airflow/dags/check_version.py
[2025-07-19T09:25:48.987+0000] {processor.py:830} INFO - Processing file /opt/airflow/dags/check_version.py for tasks to queue
[2025-07-19T09:25:48.987+0000] {logging_mixin.py:188} INFO - [2025-07-19T09:25:48.987+0000] {dagbag.py:538} INFO - Filling up the DagBag from /opt/airflow/dags/check_version.py
[2025-07-19T09:25:49.001+0000] {processor.py:840} INFO - DAG(s) 'check_sklearn_version' retrieved from /opt/airflow/dags/check_version.py
[2025-07-19T09:25:49.067+0000] {logging_mixin.py:188} INFO - [2025-07-19T09:25:49.067+0000] {dag.py:3036} INFO - Sync 1 DAGs
[2025-07-19T09:25:49.079+0000] {logging_mixin.py:188} INFO - [2025-07-19T09:25:49.079+0000] {dag.py:3823} INFO - Setting next_dagrun for check_sklearn_version to None, run_after=None
[2025-07-19T09:25:49.101+0000] {processor.py:183} INFO - Processing /opt/airflow/dags/check_version.py took 0.120 seconds
[2025-07-19T09:26:19.824+0000] {processor.py:161} INFO - Started process (PID=8978) to work on /opt/airflow/dags/check_version.py
[2025-07-19T09:26:19.825+0000] {processor.py:830} INFO - Processing file /opt/airflow/dags/check_version.py for tasks to queue
[2025-07-19T09:26:19.826+0000] {logging_mixin.py:188} INFO - [2025-07-19T09:26:19.826+0000] {dagbag.py:538} INFO - Filling up the DagBag from /opt/airflow/dags/check_version.py
[2025-07-19T09:26:19.837+0000] {processor.py:840} INFO - DAG(s) 'check_sklearn_version' retrieved from /opt/airflow/dags/check_version.py
[2025-07-19T09:26:19.862+0000] {logging_mixin.py:188} INFO - [2025-07-19T09:26:19.861+0000] {dag.py:3036} INFO - Sync 1 DAGs
[2025-07-19T09:26:19.873+0000] {logging_mixin.py:188} INFO - [2025-07-19T09:26:19.873+0000] {dag.py:3823} INFO - Setting next_dagrun for check_sklearn_version to None, run_after=None
[2025-07-19T09:26:19.893+0000] {processor.py:183} INFO - Processing /opt/airflow/dags/check_version.py took 0.073 seconds
[2025-07-19T09:26:50.546+0000] {processor.py:161} INFO - Started process (PID=9005) to work on /opt/airflow/dags/check_version.py
[2025-07-19T09:26:50.547+0000] {processor.py:830} INFO - Processing file /opt/airflow/dags/check_version.py for tasks to queue
[2025-07-19T09:26:50.548+0000] {logging_mixin.py:188} INFO - [2025-07-19T09:26:50.548+0000] {dagbag.py:538} INFO - Filling up the DagBag from /opt/airflow/dags/check_version.py
[2025-07-19T09:26:50.559+0000] {processor.py:840} INFO - DAG(s) 'check_sklearn_version' retrieved from /opt/airflow/dags/check_version.py
[2025-07-19T09:26:50.584+0000] {logging_mixin.py:188} INFO - [2025-07-19T09:26:50.584+0000] {dag.py:3036} INFO - Sync 1 DAGs
[2025-07-19T09:26:50.598+0000] {logging_mixin.py:188} INFO - [2025-07-19T09:26:50.598+0000] {dag.py:3823} INFO - Setting next_dagrun for check_sklearn_version to None, run_after=None
[2025-07-19T09:26:50.731+0000] {processor.py:183} INFO - Processing /opt/airflow/dags/check_version.py took 0.188 seconds
[2025-07-19T09:27:29.430+0000] {processor.py:161} INFO - Started process (PID=9028) to work on /opt/airflow/dags/check_version.py
[2025-07-19T09:27:31.839+0000] {processor.py:830} INFO - Processing file /opt/airflow/dags/check_version.py for tasks to queue
[2025-07-19T09:27:32.145+0000] {logging_mixin.py:188} INFO - [2025-07-19T09:27:32.145+0000] {dagbag.py:538} INFO - Filling up the DagBag from /opt/airflow/dags/check_version.py
[2025-07-19T09:27:36.283+0000] {processor.py:840} INFO - DAG(s) 'check_sklearn_version' retrieved from /opt/airflow/dags/check_version.py
[2025-07-19T09:27:36.669+0000] {logging_mixin.py:188} INFO - [2025-07-19T09:27:36.669+0000] {dag.py:3036} INFO - Sync 1 DAGs
[2025-07-19T09:27:36.681+0000] {logging_mixin.py:188} INFO - [2025-07-19T09:27:36.681+0000] {dag.py:3823} INFO - Setting next_dagrun for check_sklearn_version to None, run_after=None
[2025-07-19T09:27:39.341+0000] {processor.py:183} INFO - Processing /opt/airflow/dags/check_version.py took 9.914 seconds
[2025-07-19T09:28:28.014+0000] {processor.py:161} INFO - Started process (PID=9056) to work on /opt/airflow/dags/check_version.py
[2025-07-19T09:28:28.015+0000] {processor.py:830} INFO - Processing file /opt/airflow/dags/check_version.py for tasks to queue
[2025-07-19T09:28:28.016+0000] {logging_mixin.py:188} INFO - [2025-07-19T09:28:28.016+0000] {dagbag.py:538} INFO - Filling up the DagBag from /opt/airflow/dags/check_version.py
[2025-07-19T09:28:28.028+0000] {processor.py:840} INFO - DAG(s) 'check_sklearn_version' retrieved from /opt/airflow/dags/check_version.py
[2025-07-19T09:28:28.054+0000] {logging_mixin.py:188} INFO - [2025-07-19T09:28:28.054+0000] {dag.py:3036} INFO - Sync 1 DAGs
[2025-07-19T09:28:28.066+0000] {logging_mixin.py:188} INFO - [2025-07-19T09:28:28.066+0000] {dag.py:3823} INFO - Setting next_dagrun for check_sklearn_version to None, run_after=None
[2025-07-19T09:28:28.086+0000] {processor.py:183} INFO - Processing /opt/airflow/dags/check_version.py took 0.075 seconds
[2025-07-19T09:29:01.582+0000] {processor.py:161} INFO - Started process (PID=9081) to work on /opt/airflow/dags/check_version.py
[2025-07-19T09:29:01.584+0000] {processor.py:830} INFO - Processing file /opt/airflow/dags/check_version.py for tasks to queue
[2025-07-19T09:29:01.585+0000] {logging_mixin.py:188} INFO - [2025-07-19T09:29:01.585+0000] {dagbag.py:538} INFO - Filling up the DagBag from /opt/airflow/dags/check_version.py
[2025-07-19T09:29:01.604+0000] {processor.py:840} INFO - DAG(s) 'check_sklearn_version' retrieved from /opt/airflow/dags/check_version.py
[2025-07-19T09:29:01.739+0000] {logging_mixin.py:188} INFO - [2025-07-19T09:29:01.739+0000] {dag.py:3036} INFO - Sync 1 DAGs
[2025-07-19T09:29:01.751+0000] {logging_mixin.py:188} INFO - [2025-07-19T09:29:01.751+0000] {dag.py:3823} INFO - Setting next_dagrun for check_sklearn_version to None, run_after=None
[2025-07-19T09:29:01.774+0000] {processor.py:183} INFO - Processing /opt/airflow/dags/check_version.py took 0.196 seconds
[2025-07-19T09:29:33.134+0000] {processor.py:161} INFO - Started process (PID=9113) to work on /opt/airflow/dags/check_version.py
[2025-07-19T09:29:33.135+0000] {processor.py:830} INFO - Processing file /opt/airflow/dags/check_version.py for tasks to queue
[2025-07-19T09:29:33.137+0000] {logging_mixin.py:188} INFO - [2025-07-19T09:29:33.136+0000] {dagbag.py:538} INFO - Filling up the DagBag from /opt/airflow/dags/check_version.py
[2025-07-19T09:29:33.365+0000] {processor.py:840} INFO - DAG(s) 'check_sklearn_version' retrieved from /opt/airflow/dags/check_version.py
[2025-07-19T09:29:33.395+0000] {logging_mixin.py:188} INFO - [2025-07-19T09:29:33.395+0000] {dag.py:3036} INFO - Sync 1 DAGs
[2025-07-19T09:29:33.407+0000] {logging_mixin.py:188} INFO - [2025-07-19T09:29:33.407+0000] {dag.py:3823} INFO - Setting next_dagrun for check_sklearn_version to None, run_after=None
[2025-07-19T09:29:33.425+0000] {processor.py:183} INFO - Processing /opt/airflow/dags/check_version.py took 0.295 seconds
[2025-07-19T09:30:52.875+0000] {processor.py:161} INFO - Started process (PID=9141) to work on /opt/airflow/dags/check_version.py
[2025-07-19T09:30:52.876+0000] {processor.py:830} INFO - Processing file /opt/airflow/dags/check_version.py for tasks to queue
[2025-07-19T09:30:52.877+0000] {logging_mixin.py:188} INFO - [2025-07-19T09:30:52.876+0000] {dagbag.py:538} INFO - Filling up the DagBag from /opt/airflow/dags/check_version.py
[2025-07-19T09:30:52.888+0000] {processor.py:840} INFO - DAG(s) 'check_sklearn_version' retrieved from /opt/airflow/dags/check_version.py
[2025-07-19T09:30:54.453+0000] {logging_mixin.py:188} INFO - [2025-07-19T09:30:54.452+0000] {dag.py:3036} INFO - Sync 1 DAGs
[2025-07-19T09:30:54.692+0000] {logging_mixin.py:188} INFO - [2025-07-19T09:30:54.692+0000] {dag.py:3823} INFO - Setting next_dagrun for check_sklearn_version to None, run_after=None
[2025-07-19T09:30:54.939+0000] {processor.py:183} INFO - Processing /opt/airflow/dags/check_version.py took 2.067 seconds
[2025-07-19T09:31:25.708+0000] {processor.py:161} INFO - Started process (PID=9166) to work on /opt/airflow/dags/check_version.py
[2025-07-19T09:31:25.709+0000] {processor.py:830} INFO - Processing file /opt/airflow/dags/check_version.py for tasks to queue
[2025-07-19T09:31:25.710+0000] {logging_mixin.py:188} INFO - [2025-07-19T09:31:25.709+0000] {dagbag.py:538} INFO - Filling up the DagBag from /opt/airflow/dags/check_version.py
[2025-07-19T09:31:25.721+0000] {processor.py:840} INFO - DAG(s) 'check_sklearn_version' retrieved from /opt/airflow/dags/check_version.py
[2025-07-19T09:31:25.746+0000] {logging_mixin.py:188} INFO - [2025-07-19T09:31:25.746+0000] {dag.py:3036} INFO - Sync 1 DAGs
[2025-07-19T09:31:26.709+0000] {logging_mixin.py:188} INFO - [2025-07-19T09:31:26.709+0000] {dag.py:3823} INFO - Setting next_dagrun for check_sklearn_version to None, run_after=None
[2025-07-19T09:31:26.756+0000] {processor.py:183} INFO - Processing /opt/airflow/dags/check_version.py took 1.052 seconds
[2025-07-19T09:31:56.819+0000] {processor.py:161} INFO - Started process (PID=9188) to work on /opt/airflow/dags/check_version.py
[2025-07-19T09:31:56.820+0000] {processor.py:830} INFO - Processing file /opt/airflow/dags/check_version.py for tasks to queue
[2025-07-19T09:31:56.821+0000] {logging_mixin.py:188} INFO - [2025-07-19T09:31:56.821+0000] {dagbag.py:538} INFO - Filling up the DagBag from /opt/airflow/dags/check_version.py
[2025-07-19T09:31:56.832+0000] {processor.py:840} INFO - DAG(s) 'check_sklearn_version' retrieved from /opt/airflow/dags/check_version.py
[2025-07-19T09:31:56.858+0000] {logging_mixin.py:188} INFO - [2025-07-19T09:31:56.857+0000] {dag.py:3036} INFO - Sync 1 DAGs
[2025-07-19T09:31:56.869+0000] {logging_mixin.py:188} INFO - [2025-07-19T09:31:56.869+0000] {dag.py:3823} INFO - Setting next_dagrun for check_sklearn_version to None, run_after=None
[2025-07-19T09:31:56.902+0000] {processor.py:183} INFO - Processing /opt/airflow/dags/check_version.py took 0.086 seconds
[2025-07-19T09:32:27.616+0000] {processor.py:161} INFO - Started process (PID=9213) to work on /opt/airflow/dags/check_version.py
[2025-07-19T09:32:27.617+0000] {processor.py:830} INFO - Processing file /opt/airflow/dags/check_version.py for tasks to queue
[2025-07-19T09:32:27.618+0000] {logging_mixin.py:188} INFO - [2025-07-19T09:32:27.618+0000] {dagbag.py:538} INFO - Filling up the DagBag from /opt/airflow/dags/check_version.py
[2025-07-19T09:32:27.629+0000] {processor.py:840} INFO - DAG(s) 'check_sklearn_version' retrieved from /opt/airflow/dags/check_version.py
[2025-07-19T09:32:27.662+0000] {logging_mixin.py:188} INFO - [2025-07-19T09:32:27.662+0000] {dag.py:3036} INFO - Sync 1 DAGs
[2025-07-19T09:32:27.689+0000] {logging_mixin.py:188} INFO - [2025-07-19T09:32:27.689+0000] {dag.py:3823} INFO - Setting next_dagrun for check_sklearn_version to None, run_after=None
[2025-07-19T09:32:27.713+0000] {processor.py:183} INFO - Processing /opt/airflow/dags/check_version.py took 0.100 seconds
[2025-07-19T09:34:09.795+0000] {processor.py:161} INFO - Started process (PID=9241) to work on /opt/airflow/dags/check_version.py
[2025-07-19T09:34:09.796+0000] {processor.py:830} INFO - Processing file /opt/airflow/dags/check_version.py for tasks to queue
[2025-07-19T09:34:09.797+0000] {logging_mixin.py:188} INFO - [2025-07-19T09:34:09.797+0000] {dagbag.py:538} INFO - Filling up the DagBag from /opt/airflow/dags/check_version.py
[2025-07-19T09:34:10.635+0000] {processor.py:840} INFO - DAG(s) 'check_sklearn_version' retrieved from /opt/airflow/dags/check_version.py
[2025-07-19T09:34:11.117+0000] {logging_mixin.py:188} INFO - [2025-07-19T09:34:11.117+0000] {dag.py:3036} INFO - Sync 1 DAGs
[2025-07-19T09:34:11.139+0000] {logging_mixin.py:188} INFO - [2025-07-19T09:34:11.139+0000] {dag.py:3823} INFO - Setting next_dagrun for check_sklearn_version to None, run_after=None
[2025-07-19T09:34:11.161+0000] {processor.py:183} INFO - Processing /opt/airflow/dags/check_version.py took 1.368 seconds
[2025-07-19T09:34:41.748+0000] {processor.py:161} INFO - Started process (PID=9281) to work on /opt/airflow/dags/check_version.py
[2025-07-19T09:34:41.749+0000] {processor.py:830} INFO - Processing file /opt/airflow/dags/check_version.py for tasks to queue
[2025-07-19T09:34:41.750+0000] {logging_mixin.py:188} INFO - [2025-07-19T09:34:41.750+0000] {dagbag.py:538} INFO - Filling up the DagBag from /opt/airflow/dags/check_version.py
[2025-07-19T09:34:41.829+0000] {processor.py:840} INFO - DAG(s) 'check_sklearn_version' retrieved from /opt/airflow/dags/check_version.py
[2025-07-19T09:34:41.858+0000] {logging_mixin.py:188} INFO - [2025-07-19T09:34:41.857+0000] {dag.py:3036} INFO - Sync 1 DAGs
[2025-07-19T09:34:41.870+0000] {logging_mixin.py:188} INFO - [2025-07-19T09:34:41.870+0000] {dag.py:3823} INFO - Setting next_dagrun for check_sklearn_version to None, run_after=None
[2025-07-19T09:34:41.888+0000] {processor.py:183} INFO - Processing /opt/airflow/dags/check_version.py took 0.143 seconds
[2025-07-19T09:35:20.045+0000] {processor.py:161} INFO - Started process (PID=9306) to work on /opt/airflow/dags/check_version.py
[2025-07-19T09:35:20.046+0000] {processor.py:830} INFO - Processing file /opt/airflow/dags/check_version.py for tasks to queue
[2025-07-19T09:35:20.047+0000] {logging_mixin.py:188} INFO - [2025-07-19T09:35:20.047+0000] {dagbag.py:538} INFO - Filling up the DagBag from /opt/airflow/dags/check_version.py
[2025-07-19T09:35:38.688+0000] {processor.py:840} INFO - DAG(s) 'check_sklearn_version' retrieved from /opt/airflow/dags/check_version.py
[2025-07-19T09:37:23.644+0000] {processor.py:161} INFO - Started process (PID=9436) to work on /opt/airflow/dags/check_version.py
[2025-07-19T09:37:23.667+0000] {processor.py:830} INFO - Processing file /opt/airflow/dags/check_version.py for tasks to queue
[2025-07-19T09:37:23.782+0000] {logging_mixin.py:188} INFO - [2025-07-19T09:37:23.781+0000] {dagbag.py:538} INFO - Filling up the DagBag from /opt/airflow/dags/check_version.py
[2025-07-19T09:37:23.973+0000] {processor.py:840} INFO - DAG(s) 'check_sklearn_version' retrieved from /opt/airflow/dags/check_version.py
[2025-07-19T09:37:24.209+0000] {logging_mixin.py:188} INFO - [2025-07-19T09:37:24.209+0000] {dag.py:3036} INFO - Sync 1 DAGs
[2025-07-19T09:37:39.816+0000] {logging_mixin.py:188} INFO - [2025-07-19T09:37:39.815+0000] {dag.py:3823} INFO - Setting next_dagrun for check_sklearn_version to None, run_after=None
[2025-07-19T09:37:42.838+0000] {processor.py:183} INFO - Processing /opt/airflow/dags/check_version.py took 19.641 seconds
[2025-07-19T09:38:21.061+0000] {processor.py:161} INFO - Started process (PID=9699) to work on /opt/airflow/dags/check_version.py
[2025-07-19T09:38:21.062+0000] {processor.py:830} INFO - Processing file /opt/airflow/dags/check_version.py for tasks to queue
[2025-07-19T09:38:21.063+0000] {logging_mixin.py:188} INFO - [2025-07-19T09:38:21.063+0000] {dagbag.py:538} INFO - Filling up the DagBag from /opt/airflow/dags/check_version.py
[2025-07-19T09:38:21.170+0000] {processor.py:840} INFO - DAG(s) 'check_sklearn_version' retrieved from /opt/airflow/dags/check_version.py
[2025-07-19T09:38:21.204+0000] {logging_mixin.py:188} INFO - [2025-07-19T09:38:21.204+0000] {dag.py:3036} INFO - Sync 1 DAGs
[2025-07-19T09:38:21.218+0000] {logging_mixin.py:188} INFO - [2025-07-19T09:38:21.218+0000] {dag.py:3823} INFO - Setting next_dagrun for check_sklearn_version to None, run_after=None
[2025-07-19T09:38:21.237+0000] {processor.py:183} INFO - Processing /opt/airflow/dags/check_version.py took 0.179 seconds
[2025-07-19T09:38:52.249+0000] {processor.py:161} INFO - Started process (PID=9726) to work on /opt/airflow/dags/check_version.py
[2025-07-19T09:38:52.251+0000] {processor.py:830} INFO - Processing file /opt/airflow/dags/check_version.py for tasks to queue
[2025-07-19T09:38:52.252+0000] {logging_mixin.py:188} INFO - [2025-07-19T09:38:52.251+0000] {dagbag.py:538} INFO - Filling up the DagBag from /opt/airflow/dags/check_version.py
[2025-07-19T09:38:52.264+0000] {processor.py:840} INFO - DAG(s) 'check_sklearn_version' retrieved from /opt/airflow/dags/check_version.py
[2025-07-19T09:38:52.298+0000] {logging_mixin.py:188} INFO - [2025-07-19T09:38:52.297+0000] {dag.py:3036} INFO - Sync 1 DAGs
[2025-07-19T09:38:52.309+0000] {logging_mixin.py:188} INFO - [2025-07-19T09:38:52.309+0000] {dag.py:3823} INFO - Setting next_dagrun for check_sklearn_version to None, run_after=None
[2025-07-19T09:38:52.334+0000] {processor.py:183} INFO - Processing /opt/airflow/dags/check_version.py took 0.088 seconds
[2025-07-19T09:39:22.971+0000] {processor.py:161} INFO - Started process (PID=9756) to work on /opt/airflow/dags/check_version.py
[2025-07-19T09:39:22.972+0000] {processor.py:830} INFO - Processing file /opt/airflow/dags/check_version.py for tasks to queue
[2025-07-19T09:39:22.974+0000] {logging_mixin.py:188} INFO - [2025-07-19T09:39:22.974+0000] {dagbag.py:538} INFO - Filling up the DagBag from /opt/airflow/dags/check_version.py
[2025-07-19T09:39:22.992+0000] {processor.py:840} INFO - DAG(s) 'check_sklearn_version' retrieved from /opt/airflow/dags/check_version.py
[2025-07-19T09:39:23.020+0000] {logging_mixin.py:188} INFO - [2025-07-19T09:39:23.020+0000] {dag.py:3036} INFO - Sync 1 DAGs
[2025-07-19T09:39:23.032+0000] {logging_mixin.py:188} INFO - [2025-07-19T09:39:23.032+0000] {dag.py:3823} INFO - Setting next_dagrun for check_sklearn_version to None, run_after=None
[2025-07-19T09:39:23.048+0000] {processor.py:183} INFO - Processing /opt/airflow/dags/check_version.py took 0.081 seconds
[2025-07-19T09:39:54.156+0000] {processor.py:161} INFO - Started process (PID=9781) to work on /opt/airflow/dags/check_version.py
[2025-07-19T09:39:54.158+0000] {processor.py:830} INFO - Processing file /opt/airflow/dags/check_version.py for tasks to queue
[2025-07-19T09:39:54.159+0000] {logging_mixin.py:188} INFO - [2025-07-19T09:39:54.159+0000] {dagbag.py:538} INFO - Filling up the DagBag from /opt/airflow/dags/check_version.py
[2025-07-19T09:39:54.190+0000] {processor.py:840} INFO - DAG(s) 'check_sklearn_version' retrieved from /opt/airflow/dags/check_version.py
[2025-07-19T09:39:54.310+0000] {logging_mixin.py:188} INFO - [2025-07-19T09:39:54.309+0000] {dag.py:3036} INFO - Sync 1 DAGs
[2025-07-19T09:39:54.865+0000] {logging_mixin.py:188} INFO - [2025-07-19T09:39:54.865+0000] {dag.py:3823} INFO - Setting next_dagrun for check_sklearn_version to None, run_after=None
[2025-07-19T09:39:54.886+0000] {processor.py:183} INFO - Processing /opt/airflow/dags/check_version.py took 0.734 seconds
[2025-07-19T09:40:25.252+0000] {processor.py:161} INFO - Started process (PID=9803) to work on /opt/airflow/dags/check_version.py
[2025-07-19T09:40:25.253+0000] {processor.py:830} INFO - Processing file /opt/airflow/dags/check_version.py for tasks to queue
[2025-07-19T09:40:25.254+0000] {logging_mixin.py:188} INFO - [2025-07-19T09:40:25.253+0000] {dagbag.py:538} INFO - Filling up the DagBag from /opt/airflow/dags/check_version.py
[2025-07-19T09:40:25.265+0000] {processor.py:840} INFO - DAG(s) 'check_sklearn_version' retrieved from /opt/airflow/dags/check_version.py
[2025-07-19T09:40:25.290+0000] {logging_mixin.py:188} INFO - [2025-07-19T09:40:25.290+0000] {dag.py:3036} INFO - Sync 1 DAGs
[2025-07-19T09:40:25.301+0000] {logging_mixin.py:188} INFO - [2025-07-19T09:40:25.301+0000] {dag.py:3823} INFO - Setting next_dagrun for check_sklearn_version to None, run_after=None
[2025-07-19T09:40:25.323+0000] {processor.py:183} INFO - Processing /opt/airflow/dags/check_version.py took 0.074 seconds
[2025-07-19T09:40:55.696+0000] {processor.py:161} INFO - Started process (PID=9829) to work on /opt/airflow/dags/check_version.py
[2025-07-19T09:40:55.697+0000] {processor.py:830} INFO - Processing file /opt/airflow/dags/check_version.py for tasks to queue
[2025-07-19T09:40:55.698+0000] {logging_mixin.py:188} INFO - [2025-07-19T09:40:55.698+0000] {dagbag.py:538} INFO - Filling up the DagBag from /opt/airflow/dags/check_version.py
[2025-07-19T09:40:55.711+0000] {processor.py:840} INFO - DAG(s) 'check_sklearn_version' retrieved from /opt/airflow/dags/check_version.py
[2025-07-19T09:40:56.811+0000] {logging_mixin.py:188} INFO - [2025-07-19T09:40:56.811+0000] {dag.py:3036} INFO - Sync 1 DAGs
[2025-07-19T09:40:56.924+0000] {logging_mixin.py:188} INFO - [2025-07-19T09:40:56.924+0000] {dag.py:3823} INFO - Setting next_dagrun for check_sklearn_version to None, run_after=None
[2025-07-19T09:40:56.996+0000] {processor.py:183} INFO - Processing /opt/airflow/dags/check_version.py took 1.304 seconds
[2025-07-19T09:41:29.511+0000] {processor.py:161} INFO - Started process (PID=9857) to work on /opt/airflow/dags/check_version.py
[2025-07-19T09:41:29.515+0000] {processor.py:830} INFO - Processing file /opt/airflow/dags/check_version.py for tasks to queue
[2025-07-19T09:41:29.518+0000] {logging_mixin.py:188} INFO - [2025-07-19T09:41:29.517+0000] {dagbag.py:538} INFO - Filling up the DagBag from /opt/airflow/dags/check_version.py
[2025-07-19T09:41:29.541+0000] {processor.py:840} INFO - DAG(s) 'check_sklearn_version' retrieved from /opt/airflow/dags/check_version.py
[2025-07-19T09:41:29.582+0000] {logging_mixin.py:188} INFO - [2025-07-19T09:41:29.582+0000] {dag.py:3036} INFO - Sync 1 DAGs
[2025-07-19T09:41:29.598+0000] {logging_mixin.py:188} INFO - [2025-07-19T09:41:29.598+0000] {dag.py:3823} INFO - Setting next_dagrun for check_sklearn_version to None, run_after=None
[2025-07-19T09:41:29.892+0000] {processor.py:183} INFO - Processing /opt/airflow/dags/check_version.py took 0.748 seconds
[2025-07-19T09:42:00.746+0000] {processor.py:161} INFO - Started process (PID=9883) to work on /opt/airflow/dags/check_version.py
[2025-07-19T09:42:00.748+0000] {processor.py:830} INFO - Processing file /opt/airflow/dags/check_version.py for tasks to queue
[2025-07-19T09:42:00.749+0000] {logging_mixin.py:188} INFO - [2025-07-19T09:42:00.749+0000] {dagbag.py:538} INFO - Filling up the DagBag from /opt/airflow/dags/check_version.py
[2025-07-19T09:42:00.760+0000] {processor.py:840} INFO - DAG(s) 'check_sklearn_version' retrieved from /opt/airflow/dags/check_version.py
[2025-07-19T09:42:00.786+0000] {logging_mixin.py:188} INFO - [2025-07-19T09:42:00.786+0000] {dag.py:3036} INFO - Sync 1 DAGs
[2025-07-19T09:42:00.798+0000] {logging_mixin.py:188} INFO - [2025-07-19T09:42:00.798+0000] {dag.py:3823} INFO - Setting next_dagrun for check_sklearn_version to None, run_after=None
[2025-07-19T09:42:00.820+0000] {processor.py:183} INFO - Processing /opt/airflow/dags/check_version.py took 0.077 seconds
[2025-07-19T09:42:31.760+0000] {processor.py:161} INFO - Started process (PID=9908) to work on /opt/airflow/dags/check_version.py
[2025-07-19T09:42:31.762+0000] {processor.py:830} INFO - Processing file /opt/airflow/dags/check_version.py for tasks to queue
[2025-07-19T09:42:31.763+0000] {logging_mixin.py:188} INFO - [2025-07-19T09:42:31.762+0000] {dagbag.py:538} INFO - Filling up the DagBag from /opt/airflow/dags/check_version.py
[2025-07-19T09:42:31.775+0000] {processor.py:840} INFO - DAG(s) 'check_sklearn_version' retrieved from /opt/airflow/dags/check_version.py
[2025-07-19T09:42:31.806+0000] {logging_mixin.py:188} INFO - [2025-07-19T09:42:31.806+0000] {dag.py:3036} INFO - Sync 1 DAGs
[2025-07-19T09:42:31.821+0000] {logging_mixin.py:188} INFO - [2025-07-19T09:42:31.821+0000] {dag.py:3823} INFO - Setting next_dagrun for check_sklearn_version to None, run_after=None
[2025-07-19T09:42:31.846+0000] {processor.py:183} INFO - Processing /opt/airflow/dags/check_version.py took 0.089 seconds
[2025-07-19T09:43:03.038+0000] {processor.py:161} INFO - Started process (PID=9938) to work on /opt/airflow/dags/check_version.py
[2025-07-19T09:43:03.039+0000] {processor.py:830} INFO - Processing file /opt/airflow/dags/check_version.py for tasks to queue
[2025-07-19T09:43:03.041+0000] {logging_mixin.py:188} INFO - [2025-07-19T09:43:03.040+0000] {dagbag.py:538} INFO - Filling up the DagBag from /opt/airflow/dags/check_version.py
[2025-07-19T09:43:03.056+0000] {processor.py:840} INFO - DAG(s) 'check_sklearn_version' retrieved from /opt/airflow/dags/check_version.py
[2025-07-19T09:43:03.080+0000] {logging_mixin.py:188} INFO - [2025-07-19T09:43:03.080+0000] {dag.py:3036} INFO - Sync 1 DAGs
[2025-07-19T09:43:03.091+0000] {logging_mixin.py:188} INFO - [2025-07-19T09:43:03.091+0000] {dag.py:3823} INFO - Setting next_dagrun for check_sklearn_version to None, run_after=None
[2025-07-19T09:43:03.109+0000] {processor.py:183} INFO - Processing /opt/airflow/dags/check_version.py took 0.075 seconds
[2025-07-19T09:43:33.387+0000] {processor.py:161} INFO - Started process (PID=9963) to work on /opt/airflow/dags/check_version.py
[2025-07-19T09:43:33.388+0000] {processor.py:830} INFO - Processing file /opt/airflow/dags/check_version.py for tasks to queue
[2025-07-19T09:43:33.389+0000] {logging_mixin.py:188} INFO - [2025-07-19T09:43:33.389+0000] {dagbag.py:538} INFO - Filling up the DagBag from /opt/airflow/dags/check_version.py
[2025-07-19T09:43:33.429+0000] {processor.py:840} INFO - DAG(s) 'check_sklearn_version' retrieved from /opt/airflow/dags/check_version.py
[2025-07-19T09:43:33.501+0000] {logging_mixin.py:188} INFO - [2025-07-19T09:43:33.501+0000] {dag.py:3036} INFO - Sync 1 DAGs
[2025-07-19T09:43:33.513+0000] {logging_mixin.py:188} INFO - [2025-07-19T09:43:33.513+0000] {dag.py:3823} INFO - Setting next_dagrun for check_sklearn_version to None, run_after=None
[2025-07-19T09:43:33.532+0000] {processor.py:183} INFO - Processing /opt/airflow/dags/check_version.py took 0.155 seconds
[2025-07-19T09:44:04.130+0000] {processor.py:161} INFO - Started process (PID=9987) to work on /opt/airflow/dags/check_version.py
[2025-07-19T09:44:04.131+0000] {processor.py:830} INFO - Processing file /opt/airflow/dags/check_version.py for tasks to queue
[2025-07-19T09:44:04.132+0000] {logging_mixin.py:188} INFO - [2025-07-19T09:44:04.132+0000] {dagbag.py:538} INFO - Filling up the DagBag from /opt/airflow/dags/check_version.py
[2025-07-19T09:44:04.143+0000] {processor.py:840} INFO - DAG(s) 'check_sklearn_version' retrieved from /opt/airflow/dags/check_version.py
[2025-07-19T09:44:04.167+0000] {logging_mixin.py:188} INFO - [2025-07-19T09:44:04.167+0000] {dag.py:3036} INFO - Sync 1 DAGs
[2025-07-19T09:44:04.179+0000] {logging_mixin.py:188} INFO - [2025-07-19T09:44:04.178+0000] {dag.py:3823} INFO - Setting next_dagrun for check_sklearn_version to None, run_after=None
[2025-07-19T09:44:04.196+0000] {processor.py:183} INFO - Processing /opt/airflow/dags/check_version.py took 0.069 seconds
[2025-07-19T09:44:34.960+0000] {processor.py:161} INFO - Started process (PID=10013) to work on /opt/airflow/dags/check_version.py
[2025-07-19T09:44:35.019+0000] {processor.py:830} INFO - Processing file /opt/airflow/dags/check_version.py for tasks to queue
[2025-07-19T09:44:35.020+0000] {logging_mixin.py:188} INFO - [2025-07-19T09:44:35.020+0000] {dagbag.py:538} INFO - Filling up the DagBag from /opt/airflow/dags/check_version.py
[2025-07-19T09:44:35.091+0000] {processor.py:840} INFO - DAG(s) 'check_sklearn_version' retrieved from /opt/airflow/dags/check_version.py
[2025-07-19T09:44:35.124+0000] {logging_mixin.py:188} INFO - [2025-07-19T09:44:35.123+0000] {dag.py:3036} INFO - Sync 1 DAGs
[2025-07-19T09:44:35.137+0000] {logging_mixin.py:188} INFO - [2025-07-19T09:44:35.136+0000] {dag.py:3823} INFO - Setting next_dagrun for check_sklearn_version to None, run_after=None
[2025-07-19T09:44:35.158+0000] {processor.py:183} INFO - Processing /opt/airflow/dags/check_version.py took 0.201 seconds
[2025-07-19T09:45:05.576+0000] {processor.py:161} INFO - Started process (PID=10038) to work on /opt/airflow/dags/check_version.py
[2025-07-19T09:45:05.641+0000] {processor.py:830} INFO - Processing file /opt/airflow/dags/check_version.py for tasks to queue
[2025-07-19T09:45:05.642+0000] {logging_mixin.py:188} INFO - [2025-07-19T09:45:05.642+0000] {dagbag.py:538} INFO - Filling up the DagBag from /opt/airflow/dags/check_version.py
[2025-07-19T09:45:05.654+0000] {processor.py:840} INFO - DAG(s) 'check_sklearn_version' retrieved from /opt/airflow/dags/check_version.py
[2025-07-19T09:45:05.684+0000] {logging_mixin.py:188} INFO - [2025-07-19T09:45:05.683+0000] {dag.py:3036} INFO - Sync 1 DAGs
[2025-07-19T09:45:05.698+0000] {logging_mixin.py:188} INFO - [2025-07-19T09:45:05.698+0000] {dag.py:3823} INFO - Setting next_dagrun for check_sklearn_version to None, run_after=None
[2025-07-19T09:45:05.720+0000] {processor.py:183} INFO - Processing /opt/airflow/dags/check_version.py took 0.147 seconds
[2025-07-19T09:45:36.221+0000] {processor.py:161} INFO - Started process (PID=10065) to work on /opt/airflow/dags/check_version.py
[2025-07-19T09:45:36.222+0000] {processor.py:830} INFO - Processing file /opt/airflow/dags/check_version.py for tasks to queue
[2025-07-19T09:45:36.223+0000] {logging_mixin.py:188} INFO - [2025-07-19T09:45:36.223+0000] {dagbag.py:538} INFO - Filling up the DagBag from /opt/airflow/dags/check_version.py
[2025-07-19T09:45:36.234+0000] {processor.py:840} INFO - DAG(s) 'check_sklearn_version' retrieved from /opt/airflow/dags/check_version.py
[2025-07-19T09:45:36.284+0000] {logging_mixin.py:188} INFO - [2025-07-19T09:45:36.284+0000] {dag.py:3036} INFO - Sync 1 DAGs
[2025-07-19T09:45:36.295+0000] {logging_mixin.py:188} INFO - [2025-07-19T09:45:36.295+0000] {dag.py:3823} INFO - Setting next_dagrun for check_sklearn_version to None, run_after=None
[2025-07-19T09:45:36.314+0000] {processor.py:183} INFO - Processing /opt/airflow/dags/check_version.py took 0.096 seconds
[2025-07-19T09:46:06.659+0000] {processor.py:161} INFO - Started process (PID=10088) to work on /opt/airflow/dags/check_version.py
[2025-07-19T09:46:06.660+0000] {processor.py:830} INFO - Processing file /opt/airflow/dags/check_version.py for tasks to queue
[2025-07-19T09:46:06.661+0000] {logging_mixin.py:188} INFO - [2025-07-19T09:46:06.660+0000] {dagbag.py:538} INFO - Filling up the DagBag from /opt/airflow/dags/check_version.py
[2025-07-19T09:46:06.696+0000] {processor.py:840} INFO - DAG(s) 'check_sklearn_version' retrieved from /opt/airflow/dags/check_version.py
[2025-07-19T09:46:06.848+0000] {logging_mixin.py:188} INFO - [2025-07-19T09:46:06.848+0000] {dag.py:3036} INFO - Sync 1 DAGs
[2025-07-19T09:46:06.859+0000] {logging_mixin.py:188} INFO - [2025-07-19T09:46:06.859+0000] {dag.py:3823} INFO - Setting next_dagrun for check_sklearn_version to None, run_after=None
[2025-07-19T09:46:06.879+0000] {processor.py:183} INFO - Processing /opt/airflow/dags/check_version.py took 0.223 seconds
[2025-07-19T09:46:37.494+0000] {processor.py:161} INFO - Started process (PID=10113) to work on /opt/airflow/dags/check_version.py
[2025-07-19T09:46:37.495+0000] {processor.py:830} INFO - Processing file /opt/airflow/dags/check_version.py for tasks to queue
[2025-07-19T09:46:37.495+0000] {logging_mixin.py:188} INFO - [2025-07-19T09:46:37.495+0000] {dagbag.py:538} INFO - Filling up the DagBag from /opt/airflow/dags/check_version.py
[2025-07-19T09:46:37.565+0000] {processor.py:840} INFO - DAG(s) 'check_sklearn_version' retrieved from /opt/airflow/dags/check_version.py
[2025-07-19T09:46:37.632+0000] {logging_mixin.py:188} INFO - [2025-07-19T09:46:37.632+0000] {dag.py:3036} INFO - Sync 1 DAGs
[2025-07-19T09:46:37.644+0000] {logging_mixin.py:188} INFO - [2025-07-19T09:46:37.643+0000] {dag.py:3823} INFO - Setting next_dagrun for check_sklearn_version to None, run_after=None
[2025-07-19T09:46:37.663+0000] {processor.py:183} INFO - Processing /opt/airflow/dags/check_version.py took 0.172 seconds
[2025-07-19T09:47:08.447+0000] {processor.py:161} INFO - Started process (PID=10138) to work on /opt/airflow/dags/check_version.py
[2025-07-19T09:47:08.448+0000] {processor.py:830} INFO - Processing file /opt/airflow/dags/check_version.py for tasks to queue
[2025-07-19T09:47:08.449+0000] {logging_mixin.py:188} INFO - [2025-07-19T09:47:08.449+0000] {dagbag.py:538} INFO - Filling up the DagBag from /opt/airflow/dags/check_version.py
[2025-07-19T09:47:08.579+0000] {processor.py:840} INFO - DAG(s) 'check_sklearn_version' retrieved from /opt/airflow/dags/check_version.py
[2025-07-19T09:47:08.606+0000] {logging_mixin.py:188} INFO - [2025-07-19T09:47:08.606+0000] {dag.py:3036} INFO - Sync 1 DAGs
[2025-07-19T09:47:08.619+0000] {logging_mixin.py:188} INFO - [2025-07-19T09:47:08.619+0000] {dag.py:3823} INFO - Setting next_dagrun for check_sklearn_version to None, run_after=None
[2025-07-19T09:47:08.641+0000] {processor.py:183} INFO - Processing /opt/airflow/dags/check_version.py took 0.198 seconds
[2025-07-19T09:47:39.091+0000] {processor.py:161} INFO - Started process (PID=10163) to work on /opt/airflow/dags/check_version.py
[2025-07-19T09:47:39.092+0000] {processor.py:830} INFO - Processing file /opt/airflow/dags/check_version.py for tasks to queue
[2025-07-19T09:47:39.093+0000] {logging_mixin.py:188} INFO - [2025-07-19T09:47:39.092+0000] {dagbag.py:538} INFO - Filling up the DagBag from /opt/airflow/dags/check_version.py
[2025-07-19T09:47:39.181+0000] {processor.py:840} INFO - DAG(s) 'check_sklearn_version' retrieved from /opt/airflow/dags/check_version.py
[2025-07-19T09:47:39.214+0000] {logging_mixin.py:188} INFO - [2025-07-19T09:47:39.213+0000] {dag.py:3036} INFO - Sync 1 DAGs
[2025-07-19T09:47:39.227+0000] {logging_mixin.py:188} INFO - [2025-07-19T09:47:39.226+0000] {dag.py:3823} INFO - Setting next_dagrun for check_sklearn_version to None, run_after=None
[2025-07-19T09:47:39.248+0000] {processor.py:183} INFO - Processing /opt/airflow/dags/check_version.py took 0.162 seconds
[2025-07-19T09:48:09.828+0000] {processor.py:161} INFO - Started process (PID=10190) to work on /opt/airflow/dags/check_version.py
[2025-07-19T09:48:09.830+0000] {processor.py:830} INFO - Processing file /opt/airflow/dags/check_version.py for tasks to queue
[2025-07-19T09:48:09.830+0000] {logging_mixin.py:188} INFO - [2025-07-19T09:48:09.830+0000] {dagbag.py:538} INFO - Filling up the DagBag from /opt/airflow/dags/check_version.py
[2025-07-19T09:48:09.873+0000] {processor.py:840} INFO - DAG(s) 'check_sklearn_version' retrieved from /opt/airflow/dags/check_version.py
[2025-07-19T09:48:09.897+0000] {logging_mixin.py:188} INFO - [2025-07-19T09:48:09.897+0000] {dag.py:3036} INFO - Sync 1 DAGs
[2025-07-19T09:48:09.908+0000] {logging_mixin.py:188} INFO - [2025-07-19T09:48:09.908+0000] {dag.py:3823} INFO - Setting next_dagrun for check_sklearn_version to None, run_after=None
[2025-07-19T09:48:09.943+0000] {processor.py:183} INFO - Processing /opt/airflow/dags/check_version.py took 0.117 seconds
[2025-07-19T09:48:40.359+0000] {processor.py:161} INFO - Started process (PID=10213) to work on /opt/airflow/dags/check_version.py
[2025-07-19T09:48:40.361+0000] {processor.py:830} INFO - Processing file /opt/airflow/dags/check_version.py for tasks to queue
[2025-07-19T09:48:40.362+0000] {logging_mixin.py:188} INFO - [2025-07-19T09:48:40.362+0000] {dagbag.py:538} INFO - Filling up the DagBag from /opt/airflow/dags/check_version.py
[2025-07-19T09:48:40.490+0000] {processor.py:840} INFO - DAG(s) 'check_sklearn_version' retrieved from /opt/airflow/dags/check_version.py
[2025-07-19T09:48:40.519+0000] {logging_mixin.py:188} INFO - [2025-07-19T09:48:40.519+0000] {dag.py:3036} INFO - Sync 1 DAGs
[2025-07-19T09:48:40.533+0000] {logging_mixin.py:188} INFO - [2025-07-19T09:48:40.533+0000] {dag.py:3823} INFO - Setting next_dagrun for check_sklearn_version to None, run_after=None
[2025-07-19T09:48:40.554+0000] {processor.py:183} INFO - Processing /opt/airflow/dags/check_version.py took 0.198 seconds
[2025-07-19T09:49:10.909+0000] {processor.py:161} INFO - Started process (PID=10238) to work on /opt/airflow/dags/check_version.py
[2025-07-19T09:49:10.911+0000] {processor.py:830} INFO - Processing file /opt/airflow/dags/check_version.py for tasks to queue
[2025-07-19T09:49:10.912+0000] {logging_mixin.py:188} INFO - [2025-07-19T09:49:10.911+0000] {dagbag.py:538} INFO - Filling up the DagBag from /opt/airflow/dags/check_version.py
[2025-07-19T09:49:10.998+0000] {processor.py:840} INFO - DAG(s) 'check_sklearn_version' retrieved from /opt/airflow/dags/check_version.py
[2025-07-19T09:49:11.037+0000] {logging_mixin.py:188} INFO - [2025-07-19T09:49:11.037+0000] {dag.py:3036} INFO - Sync 1 DAGs
[2025-07-19T09:49:11.049+0000] {logging_mixin.py:188} INFO - [2025-07-19T09:49:11.049+0000] {dag.py:3823} INFO - Setting next_dagrun for check_sklearn_version to None, run_after=None
[2025-07-19T09:49:11.067+0000] {processor.py:183} INFO - Processing /opt/airflow/dags/check_version.py took 0.162 seconds
[2025-07-19T09:49:41.914+0000] {processor.py:161} INFO - Started process (PID=10258) to work on /opt/airflow/dags/check_version.py
[2025-07-19T09:49:41.937+0000] {processor.py:830} INFO - Processing file /opt/airflow/dags/check_version.py for tasks to queue
[2025-07-19T09:49:41.938+0000] {logging_mixin.py:188} INFO - [2025-07-19T09:49:41.938+0000] {dagbag.py:538} INFO - Filling up the DagBag from /opt/airflow/dags/check_version.py
[2025-07-19T09:49:41.964+0000] {processor.py:840} INFO - DAG(s) 'check_sklearn_version' retrieved from /opt/airflow/dags/check_version.py
[2025-07-19T09:49:42.048+0000] {logging_mixin.py:188} INFO - [2025-07-19T09:49:42.048+0000] {dag.py:3036} INFO - Sync 1 DAGs
[2025-07-19T09:49:43.078+0000] {logging_mixin.py:188} INFO - [2025-07-19T09:49:43.078+0000] {dag.py:3823} INFO - Setting next_dagrun for check_sklearn_version to None, run_after=None
[2025-07-19T09:49:43.100+0000] {processor.py:183} INFO - Processing /opt/airflow/dags/check_version.py took 1.190 seconds
[2025-07-19T09:50:13.352+0000] {processor.py:161} INFO - Started process (PID=10285) to work on /opt/airflow/dags/check_version.py
[2025-07-19T09:50:13.354+0000] {processor.py:830} INFO - Processing file /opt/airflow/dags/check_version.py for tasks to queue
[2025-07-19T09:50:13.355+0000] {logging_mixin.py:188} INFO - [2025-07-19T09:50:13.354+0000] {dagbag.py:538} INFO - Filling up the DagBag from /opt/airflow/dags/check_version.py
[2025-07-19T09:50:13.366+0000] {processor.py:840} INFO - DAG(s) 'check_sklearn_version' retrieved from /opt/airflow/dags/check_version.py
[2025-07-19T09:50:13.393+0000] {logging_mixin.py:188} INFO - [2025-07-19T09:50:13.392+0000] {dag.py:3036} INFO - Sync 1 DAGs
[2025-07-19T09:50:13.405+0000] {logging_mixin.py:188} INFO - [2025-07-19T09:50:13.405+0000] {dag.py:3823} INFO - Setting next_dagrun for check_sklearn_version to None, run_after=None
[2025-07-19T09:50:13.427+0000] {processor.py:183} INFO - Processing /opt/airflow/dags/check_version.py took 0.078 seconds
[2025-07-19T09:50:43.533+0000] {processor.py:161} INFO - Started process (PID=10310) to work on /opt/airflow/dags/check_version.py
[2025-07-19T09:50:43.534+0000] {processor.py:830} INFO - Processing file /opt/airflow/dags/check_version.py for tasks to queue
[2025-07-19T09:50:43.535+0000] {logging_mixin.py:188} INFO - [2025-07-19T09:50:43.535+0000] {dagbag.py:538} INFO - Filling up the DagBag from /opt/airflow/dags/check_version.py
[2025-07-19T09:50:43.546+0000] {processor.py:840} INFO - DAG(s) 'check_sklearn_version' retrieved from /opt/airflow/dags/check_version.py
[2025-07-19T09:50:43.619+0000] {logging_mixin.py:188} INFO - [2025-07-19T09:50:43.619+0000] {dag.py:3036} INFO - Sync 1 DAGs
[2025-07-19T09:50:43.633+0000] {logging_mixin.py:188} INFO - [2025-07-19T09:50:43.632+0000] {dag.py:3823} INFO - Setting next_dagrun for check_sklearn_version to None, run_after=None
[2025-07-19T09:50:43.653+0000] {processor.py:183} INFO - Processing /opt/airflow/dags/check_version.py took 0.124 seconds
[2025-07-19T09:51:14.486+0000] {processor.py:161} INFO - Started process (PID=10335) to work on /opt/airflow/dags/check_version.py
[2025-07-19T09:51:14.488+0000] {processor.py:830} INFO - Processing file /opt/airflow/dags/check_version.py for tasks to queue
[2025-07-19T09:51:14.488+0000] {logging_mixin.py:188} INFO - [2025-07-19T09:51:14.488+0000] {dagbag.py:538} INFO - Filling up the DagBag from /opt/airflow/dags/check_version.py
[2025-07-19T09:51:14.520+0000] {processor.py:840} INFO - DAG(s) 'check_sklearn_version' retrieved from /opt/airflow/dags/check_version.py
[2025-07-19T09:51:14.546+0000] {logging_mixin.py:188} INFO - [2025-07-19T09:51:14.546+0000] {dag.py:3036} INFO - Sync 1 DAGs
[2025-07-19T09:51:14.557+0000] {logging_mixin.py:188} INFO - [2025-07-19T09:51:14.557+0000] {dag.py:3823} INFO - Setting next_dagrun for check_sklearn_version to None, run_after=None
[2025-07-19T09:51:14.578+0000] {processor.py:183} INFO - Processing /opt/airflow/dags/check_version.py took 0.094 seconds
[2025-07-19T09:51:45.236+0000] {processor.py:161} INFO - Started process (PID=10360) to work on /opt/airflow/dags/check_version.py
[2025-07-19T09:51:45.237+0000] {processor.py:830} INFO - Processing file /opt/airflow/dags/check_version.py for tasks to queue
[2025-07-19T09:51:45.238+0000] {logging_mixin.py:188} INFO - [2025-07-19T09:51:45.238+0000] {dagbag.py:538} INFO - Filling up the DagBag from /opt/airflow/dags/check_version.py
[2025-07-19T09:51:45.250+0000] {processor.py:840} INFO - DAG(s) 'check_sklearn_version' retrieved from /opt/airflow/dags/check_version.py
[2025-07-19T09:51:45.275+0000] {logging_mixin.py:188} INFO - [2025-07-19T09:51:45.275+0000] {dag.py:3036} INFO - Sync 1 DAGs
[2025-07-19T09:51:45.287+0000] {logging_mixin.py:188} INFO - [2025-07-19T09:51:45.286+0000] {dag.py:3823} INFO - Setting next_dagrun for check_sklearn_version to None, run_after=None
[2025-07-19T09:51:45.309+0000] {processor.py:183} INFO - Processing /opt/airflow/dags/check_version.py took 0.076 seconds
[2025-07-19T09:52:16.121+0000] {processor.py:161} INFO - Started process (PID=10385) to work on /opt/airflow/dags/check_version.py
[2025-07-19T09:52:16.122+0000] {processor.py:830} INFO - Processing file /opt/airflow/dags/check_version.py for tasks to queue
[2025-07-19T09:52:16.123+0000] {logging_mixin.py:188} INFO - [2025-07-19T09:52:16.123+0000] {dagbag.py:538} INFO - Filling up the DagBag from /opt/airflow/dags/check_version.py
[2025-07-19T09:52:16.134+0000] {processor.py:840} INFO - DAG(s) 'check_sklearn_version' retrieved from /opt/airflow/dags/check_version.py
[2025-07-19T09:52:16.159+0000] {logging_mixin.py:188} INFO - [2025-07-19T09:52:16.159+0000] {dag.py:3036} INFO - Sync 1 DAGs
[2025-07-19T09:52:16.206+0000] {logging_mixin.py:188} INFO - [2025-07-19T09:52:16.206+0000] {dag.py:3823} INFO - Setting next_dagrun for check_sklearn_version to None, run_after=None
[2025-07-19T09:52:16.251+0000] {processor.py:183} INFO - Processing /opt/airflow/dags/check_version.py took 0.136 seconds
[2025-07-19T09:52:46.763+0000] {processor.py:161} INFO - Started process (PID=10410) to work on /opt/airflow/dags/check_version.py
[2025-07-19T09:52:46.764+0000] {processor.py:830} INFO - Processing file /opt/airflow/dags/check_version.py for tasks to queue
[2025-07-19T09:52:46.765+0000] {logging_mixin.py:188} INFO - [2025-07-19T09:52:46.765+0000] {dagbag.py:538} INFO - Filling up the DagBag from /opt/airflow/dags/check_version.py
[2025-07-19T09:52:46.775+0000] {processor.py:840} INFO - DAG(s) 'check_sklearn_version' retrieved from /opt/airflow/dags/check_version.py
[2025-07-19T09:52:46.800+0000] {logging_mixin.py:188} INFO - [2025-07-19T09:52:46.800+0000] {dag.py:3036} INFO - Sync 1 DAGs
[2025-07-19T09:52:46.818+0000] {logging_mixin.py:188} INFO - [2025-07-19T09:52:46.817+0000] {dag.py:3823} INFO - Setting next_dagrun for check_sklearn_version to None, run_after=None
[2025-07-19T09:52:46.839+0000] {processor.py:183} INFO - Processing /opt/airflow/dags/check_version.py took 0.079 seconds
[2025-07-19T09:53:17.250+0000] {processor.py:161} INFO - Started process (PID=10435) to work on /opt/airflow/dags/check_version.py
[2025-07-19T09:53:17.251+0000] {processor.py:830} INFO - Processing file /opt/airflow/dags/check_version.py for tasks to queue
[2025-07-19T09:53:17.252+0000] {logging_mixin.py:188} INFO - [2025-07-19T09:53:17.252+0000] {dagbag.py:538} INFO - Filling up the DagBag from /opt/airflow/dags/check_version.py
[2025-07-19T09:53:17.264+0000] {processor.py:840} INFO - DAG(s) 'check_sklearn_version' retrieved from /opt/airflow/dags/check_version.py
[2025-07-19T09:53:17.289+0000] {logging_mixin.py:188} INFO - [2025-07-19T09:53:17.289+0000] {dag.py:3036} INFO - Sync 1 DAGs
[2025-07-19T09:53:17.300+0000] {logging_mixin.py:188} INFO - [2025-07-19T09:53:17.300+0000] {dag.py:3823} INFO - Setting next_dagrun for check_sklearn_version to None, run_after=None
[2025-07-19T09:53:17.319+0000] {processor.py:183} INFO - Processing /opt/airflow/dags/check_version.py took 0.072 seconds
[2025-07-19T09:53:47.678+0000] {processor.py:161} INFO - Started process (PID=10460) to work on /opt/airflow/dags/check_version.py
[2025-07-19T09:53:47.679+0000] {processor.py:830} INFO - Processing file /opt/airflow/dags/check_version.py for tasks to queue
[2025-07-19T09:53:47.680+0000] {logging_mixin.py:188} INFO - [2025-07-19T09:53:47.679+0000] {dagbag.py:538} INFO - Filling up the DagBag from /opt/airflow/dags/check_version.py
[2025-07-19T09:53:47.691+0000] {processor.py:840} INFO - DAG(s) 'check_sklearn_version' retrieved from /opt/airflow/dags/check_version.py
[2025-07-19T09:53:47.718+0000] {logging_mixin.py:188} INFO - [2025-07-19T09:53:47.717+0000] {dag.py:3036} INFO - Sync 1 DAGs
[2025-07-19T09:53:47.729+0000] {logging_mixin.py:188} INFO - [2025-07-19T09:53:47.729+0000] {dag.py:3823} INFO - Setting next_dagrun for check_sklearn_version to None, run_after=None
[2025-07-19T09:53:47.747+0000] {processor.py:183} INFO - Processing /opt/airflow/dags/check_version.py took 0.072 seconds
[2025-07-19T09:54:18.196+0000] {processor.py:161} INFO - Started process (PID=10485) to work on /opt/airflow/dags/check_version.py
[2025-07-19T09:54:18.197+0000] {processor.py:830} INFO - Processing file /opt/airflow/dags/check_version.py for tasks to queue
[2025-07-19T09:54:18.198+0000] {logging_mixin.py:188} INFO - [2025-07-19T09:54:18.198+0000] {dagbag.py:538} INFO - Filling up the DagBag from /opt/airflow/dags/check_version.py
[2025-07-19T09:54:18.208+0000] {processor.py:840} INFO - DAG(s) 'check_sklearn_version' retrieved from /opt/airflow/dags/check_version.py
[2025-07-19T09:54:18.233+0000] {logging_mixin.py:188} INFO - [2025-07-19T09:54:18.232+0000] {dag.py:3036} INFO - Sync 1 DAGs
[2025-07-19T09:54:18.244+0000] {logging_mixin.py:188} INFO - [2025-07-19T09:54:18.244+0000] {dag.py:3823} INFO - Setting next_dagrun for check_sklearn_version to None, run_after=None
[2025-07-19T09:54:18.266+0000] {processor.py:183} INFO - Processing /opt/airflow/dags/check_version.py took 0.073 seconds
[2025-07-19T09:54:48.672+0000] {processor.py:161} INFO - Started process (PID=10510) to work on /opt/airflow/dags/check_version.py
[2025-07-19T09:54:48.673+0000] {processor.py:830} INFO - Processing file /opt/airflow/dags/check_version.py for tasks to queue
[2025-07-19T09:54:48.674+0000] {logging_mixin.py:188} INFO - [2025-07-19T09:54:48.674+0000] {dagbag.py:538} INFO - Filling up the DagBag from /opt/airflow/dags/check_version.py
[2025-07-19T09:54:48.686+0000] {processor.py:840} INFO - DAG(s) 'check_sklearn_version' retrieved from /opt/airflow/dags/check_version.py
[2025-07-19T09:54:48.714+0000] {logging_mixin.py:188} INFO - [2025-07-19T09:54:48.714+0000] {dag.py:3036} INFO - Sync 1 DAGs
[2025-07-19T09:54:48.727+0000] {logging_mixin.py:188} INFO - [2025-07-19T09:54:48.727+0000] {dag.py:3823} INFO - Setting next_dagrun for check_sklearn_version to None, run_after=None
[2025-07-19T09:54:48.745+0000] {processor.py:183} INFO - Processing /opt/airflow/dags/check_version.py took 0.077 seconds
[2025-07-19T09:55:19.079+0000] {processor.py:161} INFO - Started process (PID=10535) to work on /opt/airflow/dags/check_version.py
[2025-07-19T09:55:19.080+0000] {processor.py:830} INFO - Processing file /opt/airflow/dags/check_version.py for tasks to queue
[2025-07-19T09:55:19.081+0000] {logging_mixin.py:188} INFO - [2025-07-19T09:55:19.081+0000] {dagbag.py:538} INFO - Filling up the DagBag from /opt/airflow/dags/check_version.py
[2025-07-19T09:55:19.093+0000] {processor.py:840} INFO - DAG(s) 'check_sklearn_version' retrieved from /opt/airflow/dags/check_version.py
[2025-07-19T09:55:19.119+0000] {logging_mixin.py:188} INFO - [2025-07-19T09:55:19.118+0000] {dag.py:3036} INFO - Sync 1 DAGs
[2025-07-19T09:55:19.131+0000] {logging_mixin.py:188} INFO - [2025-07-19T09:55:19.131+0000] {dag.py:3823} INFO - Setting next_dagrun for check_sklearn_version to None, run_after=None
[2025-07-19T09:55:19.148+0000] {processor.py:183} INFO - Processing /opt/airflow/dags/check_version.py took 0.073 seconds
[2025-07-19T09:55:49.743+0000] {processor.py:161} INFO - Started process (PID=10560) to work on /opt/airflow/dags/check_version.py
[2025-07-19T09:55:49.744+0000] {processor.py:830} INFO - Processing file /opt/airflow/dags/check_version.py for tasks to queue
[2025-07-19T09:55:49.745+0000] {logging_mixin.py:188} INFO - [2025-07-19T09:55:49.745+0000] {dagbag.py:538} INFO - Filling up the DagBag from /opt/airflow/dags/check_version.py
[2025-07-19T09:55:49.756+0000] {processor.py:840} INFO - DAG(s) 'check_sklearn_version' retrieved from /opt/airflow/dags/check_version.py
[2025-07-19T09:55:49.788+0000] {logging_mixin.py:188} INFO - [2025-07-19T09:55:49.787+0000] {dag.py:3036} INFO - Sync 1 DAGs
[2025-07-19T09:55:49.799+0000] {logging_mixin.py:188} INFO - [2025-07-19T09:55:49.799+0000] {dag.py:3823} INFO - Setting next_dagrun for check_sklearn_version to None, run_after=None
[2025-07-19T09:55:49.819+0000] {processor.py:183} INFO - Processing /opt/airflow/dags/check_version.py took 0.080 seconds
[2025-07-19T09:56:20.152+0000] {processor.py:161} INFO - Started process (PID=10585) to work on /opt/airflow/dags/check_version.py
[2025-07-19T09:56:20.153+0000] {processor.py:830} INFO - Processing file /opt/airflow/dags/check_version.py for tasks to queue
[2025-07-19T09:56:20.153+0000] {logging_mixin.py:188} INFO - [2025-07-19T09:56:20.153+0000] {dagbag.py:538} INFO - Filling up the DagBag from /opt/airflow/dags/check_version.py
[2025-07-19T09:56:20.164+0000] {processor.py:840} INFO - DAG(s) 'check_sklearn_version' retrieved from /opt/airflow/dags/check_version.py
[2025-07-19T09:56:20.204+0000] {logging_mixin.py:188} INFO - [2025-07-19T09:56:20.204+0000] {dag.py:3036} INFO - Sync 1 DAGs
[2025-07-19T09:56:20.215+0000] {logging_mixin.py:188} INFO - [2025-07-19T09:56:20.215+0000] {dag.py:3823} INFO - Setting next_dagrun for check_sklearn_version to None, run_after=None
[2025-07-19T09:56:20.234+0000] {processor.py:183} INFO - Processing /opt/airflow/dags/check_version.py took 0.086 seconds
[2025-07-19T09:56:50.673+0000] {processor.py:161} INFO - Started process (PID=10610) to work on /opt/airflow/dags/check_version.py
[2025-07-19T09:56:50.674+0000] {processor.py:830} INFO - Processing file /opt/airflow/dags/check_version.py for tasks to queue
[2025-07-19T09:56:50.675+0000] {logging_mixin.py:188} INFO - [2025-07-19T09:56:50.675+0000] {dagbag.py:538} INFO - Filling up the DagBag from /opt/airflow/dags/check_version.py
[2025-07-19T09:56:50.686+0000] {processor.py:840} INFO - DAG(s) 'check_sklearn_version' retrieved from /opt/airflow/dags/check_version.py
[2025-07-19T09:56:50.713+0000] {logging_mixin.py:188} INFO - [2025-07-19T09:56:50.712+0000] {dag.py:3036} INFO - Sync 1 DAGs
[2025-07-19T09:56:50.725+0000] {logging_mixin.py:188} INFO - [2025-07-19T09:56:50.725+0000] {dag.py:3823} INFO - Setting next_dagrun for check_sklearn_version to None, run_after=None
[2025-07-19T09:56:50.746+0000] {processor.py:183} INFO - Processing /opt/airflow/dags/check_version.py took 0.076 seconds
[2025-07-19T09:57:21.187+0000] {processor.py:161} INFO - Started process (PID=10635) to work on /opt/airflow/dags/check_version.py
[2025-07-19T09:57:21.188+0000] {processor.py:830} INFO - Processing file /opt/airflow/dags/check_version.py for tasks to queue
[2025-07-19T09:57:21.190+0000] {logging_mixin.py:188} INFO - [2025-07-19T09:57:21.189+0000] {dagbag.py:538} INFO - Filling up the DagBag from /opt/airflow/dags/check_version.py
[2025-07-19T09:57:21.201+0000] {processor.py:840} INFO - DAG(s) 'check_sklearn_version' retrieved from /opt/airflow/dags/check_version.py
[2025-07-19T09:57:21.227+0000] {logging_mixin.py:188} INFO - [2025-07-19T09:57:21.226+0000] {dag.py:3036} INFO - Sync 1 DAGs
[2025-07-19T09:57:21.238+0000] {logging_mixin.py:188} INFO - [2025-07-19T09:57:21.238+0000] {dag.py:3823} INFO - Setting next_dagrun for check_sklearn_version to None, run_after=None
[2025-07-19T09:57:21.258+0000] {processor.py:183} INFO - Processing /opt/airflow/dags/check_version.py took 0.074 seconds
[2025-07-19T09:57:51.691+0000] {processor.py:161} INFO - Started process (PID=10660) to work on /opt/airflow/dags/check_version.py
[2025-07-19T09:57:51.692+0000] {processor.py:830} INFO - Processing file /opt/airflow/dags/check_version.py for tasks to queue
[2025-07-19T09:57:51.693+0000] {logging_mixin.py:188} INFO - [2025-07-19T09:57:51.692+0000] {dagbag.py:538} INFO - Filling up the DagBag from /opt/airflow/dags/check_version.py
[2025-07-19T09:57:51.704+0000] {processor.py:840} INFO - DAG(s) 'check_sklearn_version' retrieved from /opt/airflow/dags/check_version.py
[2025-07-19T09:57:51.730+0000] {logging_mixin.py:188} INFO - [2025-07-19T09:57:51.730+0000] {dag.py:3036} INFO - Sync 1 DAGs
[2025-07-19T09:57:51.742+0000] {logging_mixin.py:188} INFO - [2025-07-19T09:57:51.742+0000] {dag.py:3823} INFO - Setting next_dagrun for check_sklearn_version to None, run_after=None
[2025-07-19T09:57:51.765+0000] {processor.py:183} INFO - Processing /opt/airflow/dags/check_version.py took 0.078 seconds
[2025-07-19T09:58:22.151+0000] {processor.py:161} INFO - Started process (PID=10685) to work on /opt/airflow/dags/check_version.py
[2025-07-19T09:58:22.152+0000] {processor.py:830} INFO - Processing file /opt/airflow/dags/check_version.py for tasks to queue
[2025-07-19T09:58:22.153+0000] {logging_mixin.py:188} INFO - [2025-07-19T09:58:22.153+0000] {dagbag.py:538} INFO - Filling up the DagBag from /opt/airflow/dags/check_version.py
[2025-07-19T09:58:22.164+0000] {processor.py:840} INFO - DAG(s) 'check_sklearn_version' retrieved from /opt/airflow/dags/check_version.py
[2025-07-19T09:58:22.188+0000] {logging_mixin.py:188} INFO - [2025-07-19T09:58:22.188+0000] {dag.py:3036} INFO - Sync 1 DAGs
[2025-07-19T09:58:22.199+0000] {logging_mixin.py:188} INFO - [2025-07-19T09:58:22.199+0000] {dag.py:3823} INFO - Setting next_dagrun for check_sklearn_version to None, run_after=None
[2025-07-19T09:58:22.220+0000] {processor.py:183} INFO - Processing /opt/airflow/dags/check_version.py took 0.072 seconds
[2025-07-19T09:58:52.668+0000] {processor.py:161} INFO - Started process (PID=10710) to work on /opt/airflow/dags/check_version.py
[2025-07-19T09:58:52.669+0000] {processor.py:830} INFO - Processing file /opt/airflow/dags/check_version.py for tasks to queue
[2025-07-19T09:58:52.671+0000] {logging_mixin.py:188} INFO - [2025-07-19T09:58:52.670+0000] {dagbag.py:538} INFO - Filling up the DagBag from /opt/airflow/dags/check_version.py
[2025-07-19T09:58:52.683+0000] {processor.py:840} INFO - DAG(s) 'check_sklearn_version' retrieved from /opt/airflow/dags/check_version.py
[2025-07-19T09:58:52.709+0000] {logging_mixin.py:188} INFO - [2025-07-19T09:58:52.709+0000] {dag.py:3036} INFO - Sync 1 DAGs
[2025-07-19T09:58:52.723+0000] {logging_mixin.py:188} INFO - [2025-07-19T09:58:52.722+0000] {dag.py:3823} INFO - Setting next_dagrun for check_sklearn_version to None, run_after=None
[2025-07-19T09:58:52.753+0000] {processor.py:183} INFO - Processing /opt/airflow/dags/check_version.py took 0.089 seconds
[2025-07-19T09:59:23.222+0000] {processor.py:161} INFO - Started process (PID=10735) to work on /opt/airflow/dags/check_version.py
[2025-07-19T09:59:23.223+0000] {processor.py:830} INFO - Processing file /opt/airflow/dags/check_version.py for tasks to queue
[2025-07-19T09:59:23.224+0000] {logging_mixin.py:188} INFO - [2025-07-19T09:59:23.223+0000] {dagbag.py:538} INFO - Filling up the DagBag from /opt/airflow/dags/check_version.py
[2025-07-19T09:59:23.234+0000] {processor.py:840} INFO - DAG(s) 'check_sklearn_version' retrieved from /opt/airflow/dags/check_version.py
[2025-07-19T09:59:23.257+0000] {logging_mixin.py:188} INFO - [2025-07-19T09:59:23.257+0000] {dag.py:3036} INFO - Sync 1 DAGs
[2025-07-19T09:59:23.268+0000] {logging_mixin.py:188} INFO - [2025-07-19T09:59:23.268+0000] {dag.py:3823} INFO - Setting next_dagrun for check_sklearn_version to None, run_after=None
[2025-07-19T09:59:23.288+0000] {processor.py:183} INFO - Processing /opt/airflow/dags/check_version.py took 0.071 seconds
[2025-07-19T09:59:53.635+0000] {processor.py:161} INFO - Started process (PID=10760) to work on /opt/airflow/dags/check_version.py
[2025-07-19T09:59:53.636+0000] {processor.py:830} INFO - Processing file /opt/airflow/dags/check_version.py for tasks to queue
[2025-07-19T09:59:53.637+0000] {logging_mixin.py:188} INFO - [2025-07-19T09:59:53.636+0000] {dagbag.py:538} INFO - Filling up the DagBag from /opt/airflow/dags/check_version.py
[2025-07-19T09:59:53.648+0000] {processor.py:840} INFO - DAG(s) 'check_sklearn_version' retrieved from /opt/airflow/dags/check_version.py
[2025-07-19T09:59:53.674+0000] {logging_mixin.py:188} INFO - [2025-07-19T09:59:53.674+0000] {dag.py:3036} INFO - Sync 1 DAGs
[2025-07-19T09:59:53.686+0000] {logging_mixin.py:188} INFO - [2025-07-19T09:59:53.686+0000] {dag.py:3823} INFO - Setting next_dagrun for check_sklearn_version to None, run_after=None
[2025-07-19T09:59:53.707+0000] {processor.py:183} INFO - Processing /opt/airflow/dags/check_version.py took 0.075 seconds
[2025-07-19T10:00:24.160+0000] {processor.py:161} INFO - Started process (PID=10785) to work on /opt/airflow/dags/check_version.py
[2025-07-19T10:00:24.161+0000] {processor.py:830} INFO - Processing file /opt/airflow/dags/check_version.py for tasks to queue
[2025-07-19T10:00:24.162+0000] {logging_mixin.py:188} INFO - [2025-07-19T10:00:24.161+0000] {dagbag.py:538} INFO - Filling up the DagBag from /opt/airflow/dags/check_version.py
[2025-07-19T10:00:24.173+0000] {processor.py:840} INFO - DAG(s) 'check_sklearn_version' retrieved from /opt/airflow/dags/check_version.py
[2025-07-19T10:00:24.198+0000] {logging_mixin.py:188} INFO - [2025-07-19T10:00:24.198+0000] {dag.py:3036} INFO - Sync 1 DAGs
[2025-07-19T10:00:24.209+0000] {logging_mixin.py:188} INFO - [2025-07-19T10:00:24.209+0000] {dag.py:3823} INFO - Setting next_dagrun for check_sklearn_version to None, run_after=None
[2025-07-19T10:00:24.229+0000] {processor.py:183} INFO - Processing /opt/airflow/dags/check_version.py took 0.073 seconds
[2025-07-19T10:00:54.606+0000] {processor.py:161} INFO - Started process (PID=10810) to work on /opt/airflow/dags/check_version.py
[2025-07-19T10:00:54.608+0000] {processor.py:830} INFO - Processing file /opt/airflow/dags/check_version.py for tasks to queue
[2025-07-19T10:00:54.609+0000] {logging_mixin.py:188} INFO - [2025-07-19T10:00:54.609+0000] {dagbag.py:538} INFO - Filling up the DagBag from /opt/airflow/dags/check_version.py
[2025-07-19T10:00:54.620+0000] {processor.py:840} INFO - DAG(s) 'check_sklearn_version' retrieved from /opt/airflow/dags/check_version.py
[2025-07-19T10:00:54.646+0000] {logging_mixin.py:188} INFO - [2025-07-19T10:00:54.646+0000] {dag.py:3036} INFO - Sync 1 DAGs
[2025-07-19T10:00:54.659+0000] {logging_mixin.py:188} INFO - [2025-07-19T10:00:54.659+0000] {dag.py:3823} INFO - Setting next_dagrun for check_sklearn_version to None, run_after=None
[2025-07-19T10:00:54.687+0000] {processor.py:183} INFO - Processing /opt/airflow/dags/check_version.py took 0.083 seconds
[2025-07-19T10:01:25.160+0000] {processor.py:161} INFO - Started process (PID=10835) to work on /opt/airflow/dags/check_version.py
[2025-07-19T10:01:25.161+0000] {processor.py:830} INFO - Processing file /opt/airflow/dags/check_version.py for tasks to queue
[2025-07-19T10:01:25.161+0000] {logging_mixin.py:188} INFO - [2025-07-19T10:01:25.161+0000] {dagbag.py:538} INFO - Filling up the DagBag from /opt/airflow/dags/check_version.py
[2025-07-19T10:01:25.172+0000] {processor.py:840} INFO - DAG(s) 'check_sklearn_version' retrieved from /opt/airflow/dags/check_version.py
[2025-07-19T10:01:25.196+0000] {logging_mixin.py:188} INFO - [2025-07-19T10:01:25.196+0000] {dag.py:3036} INFO - Sync 1 DAGs
[2025-07-19T10:01:25.217+0000] {logging_mixin.py:188} INFO - [2025-07-19T10:01:25.217+0000] {dag.py:3823} INFO - Setting next_dagrun for check_sklearn_version to None, run_after=None
[2025-07-19T10:01:25.236+0000] {processor.py:183} INFO - Processing /opt/airflow/dags/check_version.py took 0.079 seconds
[2025-07-19T10:01:55.643+0000] {processor.py:161} INFO - Started process (PID=10860) to work on /opt/airflow/dags/check_version.py
[2025-07-19T10:01:55.644+0000] {processor.py:830} INFO - Processing file /opt/airflow/dags/check_version.py for tasks to queue
[2025-07-19T10:01:55.645+0000] {logging_mixin.py:188} INFO - [2025-07-19T10:01:55.645+0000] {dagbag.py:538} INFO - Filling up the DagBag from /opt/airflow/dags/check_version.py
[2025-07-19T10:01:55.655+0000] {processor.py:840} INFO - DAG(s) 'check_sklearn_version' retrieved from /opt/airflow/dags/check_version.py
[2025-07-19T10:01:55.680+0000] {logging_mixin.py:188} INFO - [2025-07-19T10:01:55.680+0000] {dag.py:3036} INFO - Sync 1 DAGs
[2025-07-19T10:01:55.692+0000] {logging_mixin.py:188} INFO - [2025-07-19T10:01:55.692+0000] {dag.py:3823} INFO - Setting next_dagrun for check_sklearn_version to None, run_after=None
[2025-07-19T10:01:55.713+0000] {processor.py:183} INFO - Processing /opt/airflow/dags/check_version.py took 0.072 seconds
[2025-07-19T10:02:52.139+0000] {processor.py:161} INFO - Started process (PID=10898) to work on /opt/airflow/dags/check_version.py
[2025-07-19T10:02:52.140+0000] {processor.py:830} INFO - Processing file /opt/airflow/dags/check_version.py for tasks to queue
[2025-07-19T10:02:52.141+0000] {logging_mixin.py:188} INFO - [2025-07-19T10:02:52.141+0000] {dagbag.py:538} INFO - Filling up the DagBag from /opt/airflow/dags/check_version.py
[2025-07-19T10:02:52.151+0000] {processor.py:840} INFO - DAG(s) 'check_sklearn_version' retrieved from /opt/airflow/dags/check_version.py
[2025-07-19T10:02:53.182+0000] {logging_mixin.py:188} INFO - [2025-07-19T10:02:53.182+0000] {dag.py:3036} INFO - Sync 1 DAGs
[2025-07-19T10:02:53.889+0000] {logging_mixin.py:188} INFO - [2025-07-19T10:02:53.889+0000] {dag.py:3823} INFO - Setting next_dagrun for check_sklearn_version to None, run_after=None
[2025-07-19T10:02:54.653+0000] {processor.py:183} INFO - Processing /opt/airflow/dags/check_version.py took 2.517 seconds
[2025-07-19T10:03:24.813+0000] {processor.py:161} INFO - Started process (PID=10920) to work on /opt/airflow/dags/check_version.py
[2025-07-19T10:03:24.814+0000] {processor.py:830} INFO - Processing file /opt/airflow/dags/check_version.py for tasks to queue
[2025-07-19T10:03:24.815+0000] {logging_mixin.py:188} INFO - [2025-07-19T10:03:24.815+0000] {dagbag.py:538} INFO - Filling up the DagBag from /opt/airflow/dags/check_version.py
[2025-07-19T10:03:24.825+0000] {processor.py:840} INFO - DAG(s) 'check_sklearn_version' retrieved from /opt/airflow/dags/check_version.py
[2025-07-19T10:03:24.856+0000] {logging_mixin.py:188} INFO - [2025-07-19T10:03:24.856+0000] {dag.py:3036} INFO - Sync 1 DAGs
[2025-07-19T10:03:24.870+0000] {logging_mixin.py:188} INFO - [2025-07-19T10:03:24.870+0000] {dag.py:3823} INFO - Setting next_dagrun for check_sklearn_version to None, run_after=None
[2025-07-19T10:03:24.891+0000] {processor.py:183} INFO - Processing /opt/airflow/dags/check_version.py took 0.081 seconds
[2025-07-19T10:04:01.113+0000] {processor.py:161} INFO - Started process (PID=10943) to work on /opt/airflow/dags/check_version.py
[2025-07-19T10:04:01.114+0000] {processor.py:830} INFO - Processing file /opt/airflow/dags/check_version.py for tasks to queue
[2025-07-19T10:04:01.115+0000] {logging_mixin.py:188} INFO - [2025-07-19T10:04:01.115+0000] {dagbag.py:538} INFO - Filling up the DagBag from /opt/airflow/dags/check_version.py
[2025-07-19T10:04:01.126+0000] {processor.py:840} INFO - DAG(s) 'check_sklearn_version' retrieved from /opt/airflow/dags/check_version.py
[2025-07-19T10:04:01.151+0000] {logging_mixin.py:188} INFO - [2025-07-19T10:04:01.150+0000] {dag.py:3036} INFO - Sync 1 DAGs
[2025-07-19T10:04:01.163+0000] {logging_mixin.py:188} INFO - [2025-07-19T10:04:01.162+0000] {dag.py:3823} INFO - Setting next_dagrun for check_sklearn_version to None, run_after=None
[2025-07-19T10:04:01.183+0000] {processor.py:183} INFO - Processing /opt/airflow/dags/check_version.py took 0.073 seconds
[2025-07-19T10:04:32.080+0000] {processor.py:161} INFO - Started process (PID=10973) to work on /opt/airflow/dags/check_version.py
[2025-07-19T10:04:32.081+0000] {processor.py:830} INFO - Processing file /opt/airflow/dags/check_version.py for tasks to queue
[2025-07-19T10:04:32.081+0000] {logging_mixin.py:188} INFO - [2025-07-19T10:04:32.081+0000] {dagbag.py:538} INFO - Filling up the DagBag from /opt/airflow/dags/check_version.py
[2025-07-19T10:04:32.092+0000] {processor.py:840} INFO - DAG(s) 'check_sklearn_version' retrieved from /opt/airflow/dags/check_version.py
[2025-07-19T10:04:32.116+0000] {logging_mixin.py:188} INFO - [2025-07-19T10:04:32.116+0000] {dag.py:3036} INFO - Sync 1 DAGs
[2025-07-19T10:04:32.209+0000] {logging_mixin.py:188} INFO - [2025-07-19T10:04:32.208+0000] {dag.py:3823} INFO - Setting next_dagrun for check_sklearn_version to None, run_after=None
[2025-07-19T10:04:34.004+0000] {processor.py:183} INFO - Processing /opt/airflow/dags/check_version.py took 1.928 seconds
[2025-07-19T10:05:07.164+0000] {processor.py:161} INFO - Started process (PID=10998) to work on /opt/airflow/dags/check_version.py
[2025-07-19T10:05:07.165+0000] {processor.py:830} INFO - Processing file /opt/airflow/dags/check_version.py for tasks to queue
[2025-07-19T10:05:07.166+0000] {logging_mixin.py:188} INFO - [2025-07-19T10:05:07.166+0000] {dagbag.py:538} INFO - Filling up the DagBag from /opt/airflow/dags/check_version.py
[2025-07-19T10:05:07.177+0000] {processor.py:840} INFO - DAG(s) 'check_sklearn_version' retrieved from /opt/airflow/dags/check_version.py
[2025-07-19T10:05:08.749+0000] {logging_mixin.py:188} INFO - [2025-07-19T10:05:08.749+0000] {dag.py:3036} INFO - Sync 1 DAGs
[2025-07-19T10:05:08.762+0000] {logging_mixin.py:188} INFO - [2025-07-19T10:05:08.762+0000] {dag.py:3823} INFO - Setting next_dagrun for check_sklearn_version to None, run_after=None
[2025-07-19T10:05:08.779+0000] {processor.py:183} INFO - Processing /opt/airflow/dags/check_version.py took 1.618 seconds
[2025-07-19T10:05:39.522+0000] {processor.py:161} INFO - Started process (PID=11023) to work on /opt/airflow/dags/check_version.py
[2025-07-19T10:05:39.523+0000] {processor.py:830} INFO - Processing file /opt/airflow/dags/check_version.py for tasks to queue
[2025-07-19T10:05:39.524+0000] {logging_mixin.py:188} INFO - [2025-07-19T10:05:39.524+0000] {dagbag.py:538} INFO - Filling up the DagBag from /opt/airflow/dags/check_version.py
[2025-07-19T10:05:39.534+0000] {processor.py:840} INFO - DAG(s) 'check_sklearn_version' retrieved from /opt/airflow/dags/check_version.py
[2025-07-19T10:05:39.829+0000] {logging_mixin.py:188} INFO - [2025-07-19T10:05:39.829+0000] {dag.py:3036} INFO - Sync 1 DAGs
[2025-07-19T10:05:39.841+0000] {logging_mixin.py:188} INFO - [2025-07-19T10:05:39.841+0000] {dag.py:3823} INFO - Setting next_dagrun for check_sklearn_version to None, run_after=None
[2025-07-19T10:05:39.875+0000] {processor.py:183} INFO - Processing /opt/airflow/dags/check_version.py took 0.356 seconds
[2025-07-19T10:06:11.777+0000] {processor.py:161} INFO - Started process (PID=11048) to work on /opt/airflow/dags/check_version.py
[2025-07-19T10:06:11.778+0000] {processor.py:830} INFO - Processing file /opt/airflow/dags/check_version.py for tasks to queue
[2025-07-19T10:06:11.780+0000] {logging_mixin.py:188} INFO - [2025-07-19T10:06:11.779+0000] {dagbag.py:538} INFO - Filling up the DagBag from /opt/airflow/dags/check_version.py
[2025-07-19T10:06:11.792+0000] {processor.py:840} INFO - DAG(s) 'check_sklearn_version' retrieved from /opt/airflow/dags/check_version.py
[2025-07-19T10:06:11.818+0000] {logging_mixin.py:188} INFO - [2025-07-19T10:06:11.818+0000] {dag.py:3036} INFO - Sync 1 DAGs
[2025-07-19T10:06:11.830+0000] {logging_mixin.py:188} INFO - [2025-07-19T10:06:11.830+0000] {dag.py:3823} INFO - Setting next_dagrun for check_sklearn_version to None, run_after=None
[2025-07-19T10:06:11.846+0000] {processor.py:183} INFO - Processing /opt/airflow/dags/check_version.py took 0.074 seconds
[2025-07-19T10:06:42.412+0000] {processor.py:161} INFO - Started process (PID=11075) to work on /opt/airflow/dags/check_version.py
[2025-07-19T10:06:42.413+0000] {processor.py:830} INFO - Processing file /opt/airflow/dags/check_version.py for tasks to queue
[2025-07-19T10:06:42.415+0000] {logging_mixin.py:188} INFO - [2025-07-19T10:06:42.414+0000] {dagbag.py:538} INFO - Filling up the DagBag from /opt/airflow/dags/check_version.py
[2025-07-19T10:06:42.433+0000] {processor.py:840} INFO - DAG(s) 'check_sklearn_version' retrieved from /opt/airflow/dags/check_version.py
[2025-07-19T10:06:42.458+0000] {logging_mixin.py:188} INFO - [2025-07-19T10:06:42.458+0000] {dag.py:3036} INFO - Sync 1 DAGs
[2025-07-19T10:06:42.469+0000] {logging_mixin.py:188} INFO - [2025-07-19T10:06:42.469+0000] {dag.py:3823} INFO - Setting next_dagrun for check_sklearn_version to None, run_after=None
[2025-07-19T10:06:42.488+0000] {processor.py:183} INFO - Processing /opt/airflow/dags/check_version.py took 0.081 seconds
[2025-07-19T10:07:12.903+0000] {processor.py:161} INFO - Started process (PID=11098) to work on /opt/airflow/dags/check_version.py
[2025-07-19T10:07:12.904+0000] {processor.py:830} INFO - Processing file /opt/airflow/dags/check_version.py for tasks to queue
[2025-07-19T10:07:12.905+0000] {logging_mixin.py:188} INFO - [2025-07-19T10:07:12.905+0000] {dagbag.py:538} INFO - Filling up the DagBag from /opt/airflow/dags/check_version.py
[2025-07-19T10:07:12.915+0000] {processor.py:840} INFO - DAG(s) 'check_sklearn_version' retrieved from /opt/airflow/dags/check_version.py
[2025-07-19T10:07:12.940+0000] {logging_mixin.py:188} INFO - [2025-07-19T10:07:12.940+0000] {dag.py:3036} INFO - Sync 1 DAGs
[2025-07-19T10:07:12.953+0000] {logging_mixin.py:188} INFO - [2025-07-19T10:07:12.952+0000] {dag.py:3823} INFO - Setting next_dagrun for check_sklearn_version to None, run_after=None
[2025-07-19T10:07:12.972+0000] {processor.py:183} INFO - Processing /opt/airflow/dags/check_version.py took 0.073 seconds
[2025-07-19T10:07:43.433+0000] {processor.py:161} INFO - Started process (PID=11123) to work on /opt/airflow/dags/check_version.py
[2025-07-19T10:07:43.435+0000] {processor.py:830} INFO - Processing file /opt/airflow/dags/check_version.py for tasks to queue
[2025-07-19T10:07:43.436+0000] {logging_mixin.py:188} INFO - [2025-07-19T10:07:43.435+0000] {dagbag.py:538} INFO - Filling up the DagBag from /opt/airflow/dags/check_version.py
[2025-07-19T10:07:43.446+0000] {processor.py:840} INFO - DAG(s) 'check_sklearn_version' retrieved from /opt/airflow/dags/check_version.py
[2025-07-19T10:07:43.469+0000] {logging_mixin.py:188} INFO - [2025-07-19T10:07:43.469+0000] {dag.py:3036} INFO - Sync 1 DAGs
[2025-07-19T10:07:43.480+0000] {logging_mixin.py:188} INFO - [2025-07-19T10:07:43.480+0000] {dag.py:3823} INFO - Setting next_dagrun for check_sklearn_version to None, run_after=None
[2025-07-19T10:07:43.498+0000] {processor.py:183} INFO - Processing /opt/airflow/dags/check_version.py took 0.069 seconds
[2025-07-19T10:08:13.900+0000] {processor.py:161} INFO - Started process (PID=11148) to work on /opt/airflow/dags/check_version.py
[2025-07-19T10:08:13.901+0000] {processor.py:830} INFO - Processing file /opt/airflow/dags/check_version.py for tasks to queue
[2025-07-19T10:08:13.902+0000] {logging_mixin.py:188} INFO - [2025-07-19T10:08:13.901+0000] {dagbag.py:538} INFO - Filling up the DagBag from /opt/airflow/dags/check_version.py
[2025-07-19T10:08:13.912+0000] {processor.py:840} INFO - DAG(s) 'check_sklearn_version' retrieved from /opt/airflow/dags/check_version.py
[2025-07-19T10:08:13.938+0000] {logging_mixin.py:188} INFO - [2025-07-19T10:08:13.938+0000] {dag.py:3036} INFO - Sync 1 DAGs
[2025-07-19T10:08:13.949+0000] {logging_mixin.py:188} INFO - [2025-07-19T10:08:13.949+0000] {dag.py:3823} INFO - Setting next_dagrun for check_sklearn_version to None, run_after=None
[2025-07-19T10:08:13.965+0000] {processor.py:183} INFO - Processing /opt/airflow/dags/check_version.py took 0.069 seconds
[2025-07-19T10:08:44.412+0000] {processor.py:161} INFO - Started process (PID=11173) to work on /opt/airflow/dags/check_version.py
[2025-07-19T10:08:44.413+0000] {processor.py:830} INFO - Processing file /opt/airflow/dags/check_version.py for tasks to queue
[2025-07-19T10:08:44.414+0000] {logging_mixin.py:188} INFO - [2025-07-19T10:08:44.413+0000] {dagbag.py:538} INFO - Filling up the DagBag from /opt/airflow/dags/check_version.py
[2025-07-19T10:08:44.423+0000] {processor.py:840} INFO - DAG(s) 'check_sklearn_version' retrieved from /opt/airflow/dags/check_version.py
[2025-07-19T10:08:44.450+0000] {logging_mixin.py:188} INFO - [2025-07-19T10:08:44.450+0000] {dag.py:3036} INFO - Sync 1 DAGs
[2025-07-19T10:08:44.462+0000] {logging_mixin.py:188} INFO - [2025-07-19T10:08:44.462+0000] {dag.py:3823} INFO - Setting next_dagrun for check_sklearn_version to None, run_after=None
[2025-07-19T10:08:44.478+0000] {processor.py:183} INFO - Processing /opt/airflow/dags/check_version.py took 0.070 seconds
[2025-07-19T10:09:14.921+0000] {processor.py:161} INFO - Started process (PID=11198) to work on /opt/airflow/dags/check_version.py
[2025-07-19T10:09:14.922+0000] {processor.py:830} INFO - Processing file /opt/airflow/dags/check_version.py for tasks to queue
[2025-07-19T10:09:14.923+0000] {logging_mixin.py:188} INFO - [2025-07-19T10:09:14.922+0000] {dagbag.py:538} INFO - Filling up the DagBag from /opt/airflow/dags/check_version.py
[2025-07-19T10:09:14.937+0000] {processor.py:840} INFO - DAG(s) 'check_sklearn_version' retrieved from /opt/airflow/dags/check_version.py
[2025-07-19T10:09:14.962+0000] {logging_mixin.py:188} INFO - [2025-07-19T10:09:14.962+0000] {dag.py:3036} INFO - Sync 1 DAGs
[2025-07-19T10:09:14.973+0000] {logging_mixin.py:188} INFO - [2025-07-19T10:09:14.973+0000] {dag.py:3823} INFO - Setting next_dagrun for check_sklearn_version to None, run_after=None
[2025-07-19T10:09:14.990+0000] {processor.py:183} INFO - Processing /opt/airflow/dags/check_version.py took 0.074 seconds
[2025-07-19T10:09:45.422+0000] {processor.py:161} INFO - Started process (PID=11223) to work on /opt/airflow/dags/check_version.py
[2025-07-19T10:09:45.423+0000] {processor.py:830} INFO - Processing file /opt/airflow/dags/check_version.py for tasks to queue
[2025-07-19T10:09:45.424+0000] {logging_mixin.py:188} INFO - [2025-07-19T10:09:45.423+0000] {dagbag.py:538} INFO - Filling up the DagBag from /opt/airflow/dags/check_version.py
[2025-07-19T10:09:45.434+0000] {processor.py:840} INFO - DAG(s) 'check_sklearn_version' retrieved from /opt/airflow/dags/check_version.py
[2025-07-19T10:09:45.457+0000] {logging_mixin.py:188} INFO - [2025-07-19T10:09:45.457+0000] {dag.py:3036} INFO - Sync 1 DAGs
[2025-07-19T10:09:45.468+0000] {logging_mixin.py:188} INFO - [2025-07-19T10:09:45.468+0000] {dag.py:3823} INFO - Setting next_dagrun for check_sklearn_version to None, run_after=None
[2025-07-19T10:09:45.486+0000] {processor.py:183} INFO - Processing /opt/airflow/dags/check_version.py took 0.067 seconds
[2025-07-19T10:10:16.014+0000] {processor.py:161} INFO - Started process (PID=11250) to work on /opt/airflow/dags/check_version.py
[2025-07-19T10:10:16.015+0000] {processor.py:830} INFO - Processing file /opt/airflow/dags/check_version.py for tasks to queue
[2025-07-19T10:10:16.016+0000] {logging_mixin.py:188} INFO - [2025-07-19T10:10:16.016+0000] {dagbag.py:538} INFO - Filling up the DagBag from /opt/airflow/dags/check_version.py
[2025-07-19T10:10:16.028+0000] {processor.py:840} INFO - DAG(s) 'check_sklearn_version' retrieved from /opt/airflow/dags/check_version.py
[2025-07-19T10:10:16.051+0000] {logging_mixin.py:188} INFO - [2025-07-19T10:10:16.050+0000] {dag.py:3036} INFO - Sync 1 DAGs
[2025-07-19T10:10:16.062+0000] {logging_mixin.py:188} INFO - [2025-07-19T10:10:16.062+0000] {dag.py:3823} INFO - Setting next_dagrun for check_sklearn_version to None, run_after=None
[2025-07-19T10:10:16.080+0000] {processor.py:183} INFO - Processing /opt/airflow/dags/check_version.py took 0.071 seconds
[2025-07-19T10:10:46.566+0000] {processor.py:161} INFO - Started process (PID=11275) to work on /opt/airflow/dags/check_version.py
[2025-07-19T10:10:46.568+0000] {processor.py:830} INFO - Processing file /opt/airflow/dags/check_version.py for tasks to queue
[2025-07-19T10:10:46.569+0000] {logging_mixin.py:188} INFO - [2025-07-19T10:10:46.568+0000] {dagbag.py:538} INFO - Filling up the DagBag from /opt/airflow/dags/check_version.py
[2025-07-19T10:10:46.578+0000] {processor.py:840} INFO - DAG(s) 'check_sklearn_version' retrieved from /opt/airflow/dags/check_version.py
[2025-07-19T10:10:46.603+0000] {logging_mixin.py:188} INFO - [2025-07-19T10:10:46.602+0000] {dag.py:3036} INFO - Sync 1 DAGs
[2025-07-19T10:10:46.614+0000] {logging_mixin.py:188} INFO - [2025-07-19T10:10:46.614+0000] {dag.py:3823} INFO - Setting next_dagrun for check_sklearn_version to None, run_after=None
[2025-07-19T10:10:46.632+0000] {processor.py:183} INFO - Processing /opt/airflow/dags/check_version.py took 0.070 seconds
[2025-07-19T10:11:17.313+0000] {processor.py:161} INFO - Started process (PID=11298) to work on /opt/airflow/dags/check_version.py
[2025-07-19T10:11:17.314+0000] {processor.py:830} INFO - Processing file /opt/airflow/dags/check_version.py for tasks to queue
[2025-07-19T10:11:17.316+0000] {logging_mixin.py:188} INFO - [2025-07-19T10:11:17.315+0000] {dagbag.py:538} INFO - Filling up the DagBag from /opt/airflow/dags/check_version.py
[2025-07-19T10:11:17.326+0000] {processor.py:840} INFO - DAG(s) 'check_sklearn_version' retrieved from /opt/airflow/dags/check_version.py
[2025-07-19T10:11:17.360+0000] {logging_mixin.py:188} INFO - [2025-07-19T10:11:17.359+0000] {dag.py:3036} INFO - Sync 1 DAGs
[2025-07-19T10:11:17.380+0000] {logging_mixin.py:188} INFO - [2025-07-19T10:11:17.380+0000] {dag.py:3823} INFO - Setting next_dagrun for check_sklearn_version to None, run_after=None
[2025-07-19T10:11:17.402+0000] {processor.py:183} INFO - Processing /opt/airflow/dags/check_version.py took 0.093 seconds
[2025-07-19T10:11:48.825+0000] {processor.py:161} INFO - Started process (PID=11325) to work on /opt/airflow/dags/check_version.py
[2025-07-19T10:11:48.827+0000] {processor.py:830} INFO - Processing file /opt/airflow/dags/check_version.py for tasks to queue
[2025-07-19T10:11:48.828+0000] {logging_mixin.py:188} INFO - [2025-07-19T10:11:48.828+0000] {dagbag.py:538} INFO - Filling up the DagBag from /opt/airflow/dags/check_version.py
[2025-07-19T10:11:48.932+0000] {processor.py:840} INFO - DAG(s) 'check_sklearn_version' retrieved from /opt/airflow/dags/check_version.py
[2025-07-19T10:11:48.961+0000] {logging_mixin.py:188} INFO - [2025-07-19T10:11:48.960+0000] {dag.py:3036} INFO - Sync 1 DAGs
[2025-07-19T10:11:48.973+0000] {logging_mixin.py:188} INFO - [2025-07-19T10:11:48.972+0000] {dag.py:3823} INFO - Setting next_dagrun for check_sklearn_version to None, run_after=None
[2025-07-19T10:11:48.993+0000] {processor.py:183} INFO - Processing /opt/airflow/dags/check_version.py took 0.172 seconds
[2025-07-19T10:12:19.342+0000] {processor.py:161} INFO - Started process (PID=11350) to work on /opt/airflow/dags/check_version.py
[2025-07-19T10:12:19.344+0000] {processor.py:830} INFO - Processing file /opt/airflow/dags/check_version.py for tasks to queue
[2025-07-19T10:12:19.345+0000] {logging_mixin.py:188} INFO - [2025-07-19T10:12:19.345+0000] {dagbag.py:538} INFO - Filling up the DagBag from /opt/airflow/dags/check_version.py
[2025-07-19T10:12:19.655+0000] {processor.py:840} INFO - DAG(s) 'check_sklearn_version' retrieved from /opt/airflow/dags/check_version.py
[2025-07-19T10:12:19.682+0000] {logging_mixin.py:188} INFO - [2025-07-19T10:12:19.682+0000] {dag.py:3036} INFO - Sync 1 DAGs
[2025-07-19T10:12:19.699+0000] {logging_mixin.py:188} INFO - [2025-07-19T10:12:19.699+0000] {dag.py:3823} INFO - Setting next_dagrun for check_sklearn_version to None, run_after=None
[2025-07-19T10:12:19.727+0000] {processor.py:183} INFO - Processing /opt/airflow/dags/check_version.py took 0.390 seconds
[2025-07-19T10:12:49.973+0000] {processor.py:161} INFO - Started process (PID=11373) to work on /opt/airflow/dags/check_version.py
[2025-07-19T10:12:49.975+0000] {processor.py:830} INFO - Processing file /opt/airflow/dags/check_version.py for tasks to queue
[2025-07-19T10:12:49.976+0000] {logging_mixin.py:188} INFO - [2025-07-19T10:12:49.975+0000] {dagbag.py:538} INFO - Filling up the DagBag from /opt/airflow/dags/check_version.py
[2025-07-19T10:12:50.277+0000] {processor.py:840} INFO - DAG(s) 'check_sklearn_version' retrieved from /opt/airflow/dags/check_version.py
[2025-07-19T10:12:50.308+0000] {logging_mixin.py:188} INFO - [2025-07-19T10:12:50.308+0000] {dag.py:3036} INFO - Sync 1 DAGs
[2025-07-19T10:12:50.321+0000] {logging_mixin.py:188} INFO - [2025-07-19T10:12:50.320+0000] {dag.py:3823} INFO - Setting next_dagrun for check_sklearn_version to None, run_after=None
[2025-07-19T10:12:50.341+0000] {processor.py:183} INFO - Processing /opt/airflow/dags/check_version.py took 0.374 seconds
[2025-07-19T10:13:21.346+0000] {processor.py:161} INFO - Started process (PID=11400) to work on /opt/airflow/dags/check_version.py
[2025-07-19T10:13:21.347+0000] {processor.py:830} INFO - Processing file /opt/airflow/dags/check_version.py for tasks to queue
[2025-07-19T10:13:21.348+0000] {logging_mixin.py:188} INFO - [2025-07-19T10:13:21.348+0000] {dagbag.py:538} INFO - Filling up the DagBag from /opt/airflow/dags/check_version.py
[2025-07-19T10:13:21.373+0000] {processor.py:840} INFO - DAG(s) 'check_sklearn_version' retrieved from /opt/airflow/dags/check_version.py
[2025-07-19T10:13:21.421+0000] {logging_mixin.py:188} INFO - [2025-07-19T10:13:21.421+0000] {dag.py:3036} INFO - Sync 1 DAGs
[2025-07-19T10:13:21.433+0000] {logging_mixin.py:188} INFO - [2025-07-19T10:13:21.433+0000] {dag.py:3823} INFO - Setting next_dagrun for check_sklearn_version to None, run_after=None
[2025-07-19T10:13:21.461+0000] {processor.py:183} INFO - Processing /opt/airflow/dags/check_version.py took 0.119 seconds
[2025-07-19T10:13:52.028+0000] {processor.py:161} INFO - Started process (PID=11425) to work on /opt/airflow/dags/check_version.py
[2025-07-19T10:13:52.029+0000] {processor.py:830} INFO - Processing file /opt/airflow/dags/check_version.py for tasks to queue
[2025-07-19T10:13:52.030+0000] {logging_mixin.py:188} INFO - [2025-07-19T10:13:52.030+0000] {dagbag.py:538} INFO - Filling up the DagBag from /opt/airflow/dags/check_version.py
[2025-07-19T10:13:52.040+0000] {processor.py:840} INFO - DAG(s) 'check_sklearn_version' retrieved from /opt/airflow/dags/check_version.py
[2025-07-19T10:13:52.087+0000] {logging_mixin.py:188} INFO - [2025-07-19T10:13:52.087+0000] {dag.py:3036} INFO - Sync 1 DAGs
[2025-07-19T10:13:52.098+0000] {logging_mixin.py:188} INFO - [2025-07-19T10:13:52.098+0000] {dag.py:3823} INFO - Setting next_dagrun for check_sklearn_version to None, run_after=None
[2025-07-19T10:13:52.116+0000] {processor.py:183} INFO - Processing /opt/airflow/dags/check_version.py took 0.091 seconds
[2025-07-19T10:14:22.990+0000] {processor.py:161} INFO - Started process (PID=11450) to work on /opt/airflow/dags/check_version.py
[2025-07-19T10:14:22.991+0000] {processor.py:830} INFO - Processing file /opt/airflow/dags/check_version.py for tasks to queue
[2025-07-19T10:14:22.992+0000] {logging_mixin.py:188} INFO - [2025-07-19T10:14:22.991+0000] {dagbag.py:538} INFO - Filling up the DagBag from /opt/airflow/dags/check_version.py
[2025-07-19T10:14:23.004+0000] {processor.py:840} INFO - DAG(s) 'check_sklearn_version' retrieved from /opt/airflow/dags/check_version.py
[2025-07-19T10:14:23.029+0000] {logging_mixin.py:188} INFO - [2025-07-19T10:14:23.028+0000] {dag.py:3036} INFO - Sync 1 DAGs
[2025-07-19T10:14:23.040+0000] {logging_mixin.py:188} INFO - [2025-07-19T10:14:23.040+0000] {dag.py:3823} INFO - Setting next_dagrun for check_sklearn_version to None, run_after=None
[2025-07-19T10:14:23.062+0000] {processor.py:183} INFO - Processing /opt/airflow/dags/check_version.py took 0.075 seconds
[2025-07-19T10:14:53.692+0000] {processor.py:161} INFO - Started process (PID=11475) to work on /opt/airflow/dags/check_version.py
[2025-07-19T10:14:53.693+0000] {processor.py:830} INFO - Processing file /opt/airflow/dags/check_version.py for tasks to queue
[2025-07-19T10:14:53.694+0000] {logging_mixin.py:188} INFO - [2025-07-19T10:14:53.694+0000] {dagbag.py:538} INFO - Filling up the DagBag from /opt/airflow/dags/check_version.py
[2025-07-19T10:14:53.748+0000] {processor.py:840} INFO - DAG(s) 'check_sklearn_version' retrieved from /opt/airflow/dags/check_version.py
[2025-07-19T10:14:53.772+0000] {logging_mixin.py:188} INFO - [2025-07-19T10:14:53.771+0000] {dag.py:3036} INFO - Sync 1 DAGs
[2025-07-19T10:14:53.783+0000] {logging_mixin.py:188} INFO - [2025-07-19T10:14:53.783+0000] {dag.py:3823} INFO - Setting next_dagrun for check_sklearn_version to None, run_after=None
[2025-07-19T10:14:53.803+0000] {processor.py:183} INFO - Processing /opt/airflow/dags/check_version.py took 0.113 seconds
[2025-07-19T10:15:24.657+0000] {processor.py:161} INFO - Started process (PID=11500) to work on /opt/airflow/dags/check_version.py
[2025-07-19T10:15:24.658+0000] {processor.py:830} INFO - Processing file /opt/airflow/dags/check_version.py for tasks to queue
[2025-07-19T10:15:24.659+0000] {logging_mixin.py:188} INFO - [2025-07-19T10:15:24.659+0000] {dagbag.py:538} INFO - Filling up the DagBag from /opt/airflow/dags/check_version.py
[2025-07-19T10:15:24.672+0000] {processor.py:840} INFO - DAG(s) 'check_sklearn_version' retrieved from /opt/airflow/dags/check_version.py
[2025-07-19T10:15:24.762+0000] {logging_mixin.py:188} INFO - [2025-07-19T10:15:24.762+0000] {dag.py:3036} INFO - Sync 1 DAGs
[2025-07-19T10:15:24.774+0000] {logging_mixin.py:188} INFO - [2025-07-19T10:15:24.774+0000] {dag.py:3823} INFO - Setting next_dagrun for check_sklearn_version to None, run_after=None
[2025-07-19T10:15:25.069+0000] {processor.py:183} INFO - Processing /opt/airflow/dags/check_version.py took 0.415 seconds
[2025-07-19T10:15:57.100+0000] {processor.py:161} INFO - Started process (PID=11523) to work on /opt/airflow/dags/check_version.py
[2025-07-19T10:15:57.101+0000] {processor.py:830} INFO - Processing file /opt/airflow/dags/check_version.py for tasks to queue
[2025-07-19T10:15:57.102+0000] {logging_mixin.py:188} INFO - [2025-07-19T10:15:57.102+0000] {dagbag.py:538} INFO - Filling up the DagBag from /opt/airflow/dags/check_version.py
[2025-07-19T10:15:57.113+0000] {processor.py:840} INFO - DAG(s) 'check_sklearn_version' retrieved from /opt/airflow/dags/check_version.py
[2025-07-19T10:15:57.140+0000] {logging_mixin.py:188} INFO - [2025-07-19T10:15:57.140+0000] {dag.py:3036} INFO - Sync 1 DAGs
[2025-07-19T10:15:57.154+0000] {logging_mixin.py:188} INFO - [2025-07-19T10:15:57.153+0000] {dag.py:3823} INFO - Setting next_dagrun for check_sklearn_version to None, run_after=None
[2025-07-19T10:15:57.174+0000] {processor.py:183} INFO - Processing /opt/airflow/dags/check_version.py took 0.078 seconds
[2025-07-19T10:16:33.701+0000] {processor.py:161} INFO - Started process (PID=11548) to work on /opt/airflow/dags/check_version.py
[2025-07-19T10:16:33.702+0000] {processor.py:830} INFO - Processing file /opt/airflow/dags/check_version.py for tasks to queue
[2025-07-19T10:16:33.703+0000] {logging_mixin.py:188} INFO - [2025-07-19T10:16:33.702+0000] {dagbag.py:538} INFO - Filling up the DagBag from /opt/airflow/dags/check_version.py
[2025-07-19T10:16:33.733+0000] {processor.py:840} INFO - DAG(s) 'check_sklearn_version' retrieved from /opt/airflow/dags/check_version.py
[2025-07-19T10:16:35.270+0000] {logging_mixin.py:188} INFO - [2025-07-19T10:16:35.270+0000] {dag.py:3036} INFO - Sync 1 DAGs
[2025-07-19T10:16:35.282+0000] {logging_mixin.py:188} INFO - [2025-07-19T10:16:35.282+0000] {dag.py:3823} INFO - Setting next_dagrun for check_sklearn_version to None, run_after=None
[2025-07-19T10:16:35.300+0000] {processor.py:183} INFO - Processing /opt/airflow/dags/check_version.py took 2.057 seconds
[2025-07-19T10:17:06.187+0000] {processor.py:161} INFO - Started process (PID=11575) to work on /opt/airflow/dags/check_version.py
[2025-07-19T10:17:06.188+0000] {processor.py:830} INFO - Processing file /opt/airflow/dags/check_version.py for tasks to queue
[2025-07-19T10:17:06.189+0000] {logging_mixin.py:188} INFO - [2025-07-19T10:17:06.188+0000] {dagbag.py:538} INFO - Filling up the DagBag from /opt/airflow/dags/check_version.py
[2025-07-19T10:17:06.199+0000] {processor.py:840} INFO - DAG(s) 'check_sklearn_version' retrieved from /opt/airflow/dags/check_version.py
[2025-07-19T10:17:06.224+0000] {logging_mixin.py:188} INFO - [2025-07-19T10:17:06.224+0000] {dag.py:3036} INFO - Sync 1 DAGs
[2025-07-19T10:17:06.236+0000] {logging_mixin.py:188} INFO - [2025-07-19T10:17:06.236+0000] {dag.py:3823} INFO - Setting next_dagrun for check_sklearn_version to None, run_after=None
[2025-07-19T10:17:06.254+0000] {processor.py:183} INFO - Processing /opt/airflow/dags/check_version.py took 0.070 seconds
[2025-07-19T10:17:36.781+0000] {processor.py:161} INFO - Started process (PID=11601) to work on /opt/airflow/dags/check_version.py
[2025-07-19T10:17:36.782+0000] {processor.py:830} INFO - Processing file /opt/airflow/dags/check_version.py for tasks to queue
[2025-07-19T10:17:36.783+0000] {logging_mixin.py:188} INFO - [2025-07-19T10:17:36.782+0000] {dagbag.py:538} INFO - Filling up the DagBag from /opt/airflow/dags/check_version.py
[2025-07-19T10:17:36.793+0000] {processor.py:840} INFO - DAG(s) 'check_sklearn_version' retrieved from /opt/airflow/dags/check_version.py
[2025-07-19T10:17:36.821+0000] {logging_mixin.py:188} INFO - [2025-07-19T10:17:36.821+0000] {dag.py:3036} INFO - Sync 1 DAGs
[2025-07-19T10:17:36.840+0000] {logging_mixin.py:188} INFO - [2025-07-19T10:17:36.839+0000] {dag.py:3823} INFO - Setting next_dagrun for check_sklearn_version to None, run_after=None
[2025-07-19T10:17:36.868+0000] {processor.py:183} INFO - Processing /opt/airflow/dags/check_version.py took 0.090 seconds
[2025-07-19T10:18:07.003+0000] {processor.py:161} INFO - Started process (PID=11626) to work on /opt/airflow/dags/check_version.py
[2025-07-19T10:18:07.004+0000] {processor.py:830} INFO - Processing file /opt/airflow/dags/check_version.py for tasks to queue
[2025-07-19T10:18:07.005+0000] {logging_mixin.py:188} INFO - [2025-07-19T10:18:07.005+0000] {dagbag.py:538} INFO - Filling up the DagBag from /opt/airflow/dags/check_version.py
[2025-07-19T10:18:07.067+0000] {processor.py:840} INFO - DAG(s) 'check_sklearn_version' retrieved from /opt/airflow/dags/check_version.py
[2025-07-19T10:18:07.179+0000] {logging_mixin.py:188} INFO - [2025-07-19T10:18:07.179+0000] {dag.py:3036} INFO - Sync 1 DAGs
[2025-07-19T10:18:07.193+0000] {logging_mixin.py:188} INFO - [2025-07-19T10:18:07.192+0000] {dag.py:3823} INFO - Setting next_dagrun for check_sklearn_version to None, run_after=None
[2025-07-19T10:18:07.212+0000] {processor.py:183} INFO - Processing /opt/airflow/dags/check_version.py took 0.213 seconds
[2025-07-19T10:18:38.266+0000] {processor.py:161} INFO - Started process (PID=11652) to work on /opt/airflow/dags/check_version.py
[2025-07-19T10:18:38.267+0000] {processor.py:830} INFO - Processing file /opt/airflow/dags/check_version.py for tasks to queue
[2025-07-19T10:18:38.268+0000] {logging_mixin.py:188} INFO - [2025-07-19T10:18:38.267+0000] {dagbag.py:538} INFO - Filling up the DagBag from /opt/airflow/dags/check_version.py
[2025-07-19T10:18:38.277+0000] {processor.py:840} INFO - DAG(s) 'check_sklearn_version' retrieved from /opt/airflow/dags/check_version.py
[2025-07-19T10:18:38.301+0000] {logging_mixin.py:188} INFO - [2025-07-19T10:18:38.301+0000] {dag.py:3036} INFO - Sync 1 DAGs
[2025-07-19T10:18:38.312+0000] {logging_mixin.py:188} INFO - [2025-07-19T10:18:38.312+0000] {dag.py:3823} INFO - Setting next_dagrun for check_sklearn_version to None, run_after=None
[2025-07-19T10:18:38.332+0000] {processor.py:183} INFO - Processing /opt/airflow/dags/check_version.py took 0.069 seconds
[2025-07-19T10:19:08.614+0000] {processor.py:161} INFO - Started process (PID=11682) to work on /opt/airflow/dags/check_version.py
[2025-07-19T10:19:08.615+0000] {processor.py:830} INFO - Processing file /opt/airflow/dags/check_version.py for tasks to queue
[2025-07-19T10:19:08.616+0000] {logging_mixin.py:188} INFO - [2025-07-19T10:19:08.615+0000] {dagbag.py:538} INFO - Filling up the DagBag from /opt/airflow/dags/check_version.py
[2025-07-19T10:19:08.700+0000] {processor.py:840} INFO - DAG(s) 'check_sklearn_version' retrieved from /opt/airflow/dags/check_version.py
[2025-07-19T10:19:08.725+0000] {logging_mixin.py:188} INFO - [2025-07-19T10:19:08.725+0000] {dag.py:3036} INFO - Sync 1 DAGs
[2025-07-19T10:19:08.737+0000] {logging_mixin.py:188} INFO - [2025-07-19T10:19:08.736+0000] {dag.py:3823} INFO - Setting next_dagrun for check_sklearn_version to None, run_after=None
[2025-07-19T10:19:08.756+0000] {processor.py:183} INFO - Processing /opt/airflow/dags/check_version.py took 0.146 seconds
[2025-07-19T10:19:39.134+0000] {processor.py:161} INFO - Started process (PID=11707) to work on /opt/airflow/dags/check_version.py
[2025-07-19T10:19:39.135+0000] {processor.py:830} INFO - Processing file /opt/airflow/dags/check_version.py for tasks to queue
[2025-07-19T10:19:39.136+0000] {logging_mixin.py:188} INFO - [2025-07-19T10:19:39.136+0000] {dagbag.py:538} INFO - Filling up the DagBag from /opt/airflow/dags/check_version.py
[2025-07-19T10:19:39.146+0000] {processor.py:840} INFO - DAG(s) 'check_sklearn_version' retrieved from /opt/airflow/dags/check_version.py
[2025-07-19T10:19:39.171+0000] {logging_mixin.py:188} INFO - [2025-07-19T10:19:39.171+0000] {dag.py:3036} INFO - Sync 1 DAGs
[2025-07-19T10:19:39.182+0000] {logging_mixin.py:188} INFO - [2025-07-19T10:19:39.182+0000] {dag.py:3823} INFO - Setting next_dagrun for check_sklearn_version to None, run_after=None
[2025-07-19T10:19:39.207+0000] {processor.py:183} INFO - Processing /opt/airflow/dags/check_version.py took 0.076 seconds
[2025-07-19T10:20:09.717+0000] {processor.py:161} INFO - Started process (PID=11732) to work on /opt/airflow/dags/check_version.py
[2025-07-19T10:20:09.718+0000] {processor.py:830} INFO - Processing file /opt/airflow/dags/check_version.py for tasks to queue
[2025-07-19T10:20:09.719+0000] {logging_mixin.py:188} INFO - [2025-07-19T10:20:09.719+0000] {dagbag.py:538} INFO - Filling up the DagBag from /opt/airflow/dags/check_version.py
[2025-07-19T10:20:09.732+0000] {processor.py:840} INFO - DAG(s) 'check_sklearn_version' retrieved from /opt/airflow/dags/check_version.py
[2025-07-19T10:20:09.762+0000] {logging_mixin.py:188} INFO - [2025-07-19T10:20:09.761+0000] {dag.py:3036} INFO - Sync 1 DAGs
[2025-07-19T10:20:09.775+0000] {logging_mixin.py:188} INFO - [2025-07-19T10:20:09.774+0000] {dag.py:3823} INFO - Setting next_dagrun for check_sklearn_version to None, run_after=None
[2025-07-19T10:20:09.799+0000] {processor.py:183} INFO - Processing /opt/airflow/dags/check_version.py took 0.086 seconds
[2025-07-19T10:20:40.697+0000] {processor.py:161} INFO - Started process (PID=11757) to work on /opt/airflow/dags/check_version.py
[2025-07-19T10:20:40.699+0000] {processor.py:830} INFO - Processing file /opt/airflow/dags/check_version.py for tasks to queue
[2025-07-19T10:20:40.700+0000] {logging_mixin.py:188} INFO - [2025-07-19T10:20:40.699+0000] {dagbag.py:538} INFO - Filling up the DagBag from /opt/airflow/dags/check_version.py
[2025-07-19T10:20:40.712+0000] {processor.py:840} INFO - DAG(s) 'check_sklearn_version' retrieved from /opt/airflow/dags/check_version.py
[2025-07-19T10:20:40.890+0000] {logging_mixin.py:188} INFO - [2025-07-19T10:20:40.890+0000] {dag.py:3036} INFO - Sync 1 DAGs
[2025-07-19T10:20:40.902+0000] {logging_mixin.py:188} INFO - [2025-07-19T10:20:40.902+0000] {dag.py:3823} INFO - Setting next_dagrun for check_sklearn_version to None, run_after=None
[2025-07-19T10:20:40.924+0000] {processor.py:183} INFO - Processing /opt/airflow/dags/check_version.py took 0.230 seconds
[2025-07-19T10:21:11.411+0000] {processor.py:161} INFO - Started process (PID=11780) to work on /opt/airflow/dags/check_version.py
[2025-07-19T10:21:11.412+0000] {processor.py:830} INFO - Processing file /opt/airflow/dags/check_version.py for tasks to queue
[2025-07-19T10:21:11.413+0000] {logging_mixin.py:188} INFO - [2025-07-19T10:21:11.413+0000] {dagbag.py:538} INFO - Filling up the DagBag from /opt/airflow/dags/check_version.py
[2025-07-19T10:21:11.425+0000] {processor.py:840} INFO - DAG(s) 'check_sklearn_version' retrieved from /opt/airflow/dags/check_version.py
[2025-07-19T10:21:11.449+0000] {logging_mixin.py:188} INFO - [2025-07-19T10:21:11.449+0000] {dag.py:3036} INFO - Sync 1 DAGs
[2025-07-19T10:21:11.462+0000] {logging_mixin.py:188} INFO - [2025-07-19T10:21:11.462+0000] {dag.py:3823} INFO - Setting next_dagrun for check_sklearn_version to None, run_after=None
[2025-07-19T10:21:11.482+0000] {processor.py:183} INFO - Processing /opt/airflow/dags/check_version.py took 0.074 seconds
[2025-07-19T10:21:41.637+0000] {processor.py:161} INFO - Started process (PID=11802) to work on /opt/airflow/dags/check_version.py
[2025-07-19T10:21:41.638+0000] {processor.py:830} INFO - Processing file /opt/airflow/dags/check_version.py for tasks to queue
[2025-07-19T10:21:41.640+0000] {logging_mixin.py:188} INFO - [2025-07-19T10:21:41.639+0000] {dagbag.py:538} INFO - Filling up the DagBag from /opt/airflow/dags/check_version.py
[2025-07-19T10:21:41.666+0000] {processor.py:840} INFO - DAG(s) 'check_sklearn_version' retrieved from /opt/airflow/dags/check_version.py
[2025-07-19T10:21:41.691+0000] {logging_mixin.py:188} INFO - [2025-07-19T10:21:41.691+0000] {dag.py:3036} INFO - Sync 1 DAGs
[2025-07-19T10:21:41.702+0000] {logging_mixin.py:188} INFO - [2025-07-19T10:21:41.702+0000] {dag.py:3823} INFO - Setting next_dagrun for check_sklearn_version to None, run_after=None
[2025-07-19T10:21:41.723+0000] {processor.py:183} INFO - Processing /opt/airflow/dags/check_version.py took 0.090 seconds
[2025-07-19T10:22:12.160+0000] {processor.py:161} INFO - Started process (PID=11827) to work on /opt/airflow/dags/check_version.py
[2025-07-19T10:22:12.161+0000] {processor.py:830} INFO - Processing file /opt/airflow/dags/check_version.py for tasks to queue
[2025-07-19T10:22:12.162+0000] {logging_mixin.py:188} INFO - [2025-07-19T10:22:12.161+0000] {dagbag.py:538} INFO - Filling up the DagBag from /opt/airflow/dags/check_version.py
[2025-07-19T10:22:12.172+0000] {processor.py:840} INFO - DAG(s) 'check_sklearn_version' retrieved from /opt/airflow/dags/check_version.py
[2025-07-19T10:22:12.196+0000] {logging_mixin.py:188} INFO - [2025-07-19T10:22:12.195+0000] {dag.py:3036} INFO - Sync 1 DAGs
[2025-07-19T10:22:12.206+0000] {logging_mixin.py:188} INFO - [2025-07-19T10:22:12.206+0000] {dag.py:3823} INFO - Setting next_dagrun for check_sklearn_version to None, run_after=None
[2025-07-19T10:22:12.223+0000] {processor.py:183} INFO - Processing /opt/airflow/dags/check_version.py took 0.066 seconds
[2025-07-19T10:22:42.710+0000] {processor.py:161} INFO - Started process (PID=11852) to work on /opt/airflow/dags/check_version.py
[2025-07-19T10:22:42.711+0000] {processor.py:830} INFO - Processing file /opt/airflow/dags/check_version.py for tasks to queue
[2025-07-19T10:22:42.712+0000] {logging_mixin.py:188} INFO - [2025-07-19T10:22:42.711+0000] {dagbag.py:538} INFO - Filling up the DagBag from /opt/airflow/dags/check_version.py
[2025-07-19T10:22:42.724+0000] {processor.py:840} INFO - DAG(s) 'check_sklearn_version' retrieved from /opt/airflow/dags/check_version.py
[2025-07-19T10:22:42.749+0000] {logging_mixin.py:188} INFO - [2025-07-19T10:22:42.749+0000] {dag.py:3036} INFO - Sync 1 DAGs
[2025-07-19T10:22:42.760+0000] {logging_mixin.py:188} INFO - [2025-07-19T10:22:42.760+0000] {dag.py:3823} INFO - Setting next_dagrun for check_sklearn_version to None, run_after=None
[2025-07-19T10:22:42.815+0000] {processor.py:183} INFO - Processing /opt/airflow/dags/check_version.py took 0.108 seconds
[2025-07-19T10:23:13.216+0000] {processor.py:161} INFO - Started process (PID=11877) to work on /opt/airflow/dags/check_version.py
[2025-07-19T10:23:13.217+0000] {processor.py:830} INFO - Processing file /opt/airflow/dags/check_version.py for tasks to queue
[2025-07-19T10:23:13.218+0000] {logging_mixin.py:188} INFO - [2025-07-19T10:23:13.217+0000] {dagbag.py:538} INFO - Filling up the DagBag from /opt/airflow/dags/check_version.py
[2025-07-19T10:23:13.228+0000] {processor.py:840} INFO - DAG(s) 'check_sklearn_version' retrieved from /opt/airflow/dags/check_version.py
[2025-07-19T10:23:13.251+0000] {logging_mixin.py:188} INFO - [2025-07-19T10:23:13.251+0000] {dag.py:3036} INFO - Sync 1 DAGs
[2025-07-19T10:23:13.262+0000] {logging_mixin.py:188} INFO - [2025-07-19T10:23:13.262+0000] {dag.py:3823} INFO - Setting next_dagrun for check_sklearn_version to None, run_after=None
[2025-07-19T10:23:13.280+0000] {processor.py:183} INFO - Processing /opt/airflow/dags/check_version.py took 0.067 seconds
[2025-07-19T10:23:43.873+0000] {processor.py:161} INFO - Started process (PID=11902) to work on /opt/airflow/dags/check_version.py
[2025-07-19T10:23:43.887+0000] {processor.py:830} INFO - Processing file /opt/airflow/dags/check_version.py for tasks to queue
[2025-07-19T10:23:43.888+0000] {logging_mixin.py:188} INFO - [2025-07-19T10:23:43.887+0000] {dagbag.py:538} INFO - Filling up the DagBag from /opt/airflow/dags/check_version.py
[2025-07-19T10:23:43.898+0000] {processor.py:840} INFO - DAG(s) 'check_sklearn_version' retrieved from /opt/airflow/dags/check_version.py
[2025-07-19T10:23:43.927+0000] {logging_mixin.py:188} INFO - [2025-07-19T10:23:43.927+0000] {dag.py:3036} INFO - Sync 1 DAGs
[2025-07-19T10:23:43.951+0000] {logging_mixin.py:188} INFO - [2025-07-19T10:23:43.951+0000] {dag.py:3823} INFO - Setting next_dagrun for check_sklearn_version to None, run_after=None
[2025-07-19T10:23:43.986+0000] {processor.py:183} INFO - Processing /opt/airflow/dags/check_version.py took 0.116 seconds
[2025-07-19T10:24:14.540+0000] {processor.py:161} INFO - Started process (PID=11927) to work on /opt/airflow/dags/check_version.py
[2025-07-19T10:24:14.541+0000] {processor.py:830} INFO - Processing file /opt/airflow/dags/check_version.py for tasks to queue
[2025-07-19T10:24:14.542+0000] {logging_mixin.py:188} INFO - [2025-07-19T10:24:14.541+0000] {dagbag.py:538} INFO - Filling up the DagBag from /opt/airflow/dags/check_version.py
[2025-07-19T10:24:14.554+0000] {processor.py:840} INFO - DAG(s) 'check_sklearn_version' retrieved from /opt/airflow/dags/check_version.py
[2025-07-19T10:24:14.578+0000] {logging_mixin.py:188} INFO - [2025-07-19T10:24:14.578+0000] {dag.py:3036} INFO - Sync 1 DAGs
[2025-07-19T10:24:14.589+0000] {logging_mixin.py:188} INFO - [2025-07-19T10:24:14.588+0000] {dag.py:3823} INFO - Setting next_dagrun for check_sklearn_version to None, run_after=None
[2025-07-19T10:24:14.715+0000] {processor.py:183} INFO - Processing /opt/airflow/dags/check_version.py took 0.178 seconds
[2025-07-19T10:25:04.986+0000] {processor.py:161} INFO - Started process (PID=11955) to work on /opt/airflow/dags/check_version.py
[2025-07-19T10:25:04.987+0000] {processor.py:830} INFO - Processing file /opt/airflow/dags/check_version.py for tasks to queue
[2025-07-19T10:25:04.988+0000] {logging_mixin.py:188} INFO - [2025-07-19T10:25:04.987+0000] {dagbag.py:538} INFO - Filling up the DagBag from /opt/airflow/dags/check_version.py
[2025-07-19T10:25:04.998+0000] {processor.py:840} INFO - DAG(s) 'check_sklearn_version' retrieved from /opt/airflow/dags/check_version.py
[2025-07-19T10:25:05.022+0000] {logging_mixin.py:188} INFO - [2025-07-19T10:25:05.022+0000] {dag.py:3036} INFO - Sync 1 DAGs
[2025-07-19T10:25:05.034+0000] {logging_mixin.py:188} INFO - [2025-07-19T10:25:05.033+0000] {dag.py:3823} INFO - Setting next_dagrun for check_sklearn_version to None, run_after=None
[2025-07-19T10:25:05.051+0000] {processor.py:183} INFO - Processing /opt/airflow/dags/check_version.py took 0.187 seconds
[2025-07-19T10:26:37.551+0000] {processor.py:161} INFO - Started process (PID=11979) to work on /opt/airflow/dags/check_version.py
[2025-07-19T10:26:37.553+0000] {processor.py:830} INFO - Processing file /opt/airflow/dags/check_version.py for tasks to queue
[2025-07-19T10:26:37.554+0000] {logging_mixin.py:188} INFO - [2025-07-19T10:26:37.553+0000] {dagbag.py:538} INFO - Filling up the DagBag from /opt/airflow/dags/check_version.py
[2025-07-19T10:26:37.567+0000] {processor.py:840} INFO - DAG(s) 'check_sklearn_version' retrieved from /opt/airflow/dags/check_version.py
[2025-07-19T10:26:37.719+0000] {logging_mixin.py:188} INFO - [2025-07-19T10:26:37.719+0000] {dag.py:3036} INFO - Sync 1 DAGs
[2025-07-19T10:26:37.733+0000] {logging_mixin.py:188} INFO - [2025-07-19T10:26:37.733+0000] {dag.py:3823} INFO - Setting next_dagrun for check_sklearn_version to None, run_after=None
[2025-07-19T10:26:37.757+0000] {processor.py:183} INFO - Processing /opt/airflow/dags/check_version.py took 0.209 seconds
[2025-07-19T10:27:08.618+0000] {processor.py:161} INFO - Started process (PID=12004) to work on /opt/airflow/dags/check_version.py
[2025-07-19T10:27:08.619+0000] {processor.py:830} INFO - Processing file /opt/airflow/dags/check_version.py for tasks to queue
[2025-07-19T10:27:08.620+0000] {logging_mixin.py:188} INFO - [2025-07-19T10:27:08.620+0000] {dagbag.py:538} INFO - Filling up the DagBag from /opt/airflow/dags/check_version.py
[2025-07-19T10:27:08.631+0000] {processor.py:840} INFO - DAG(s) 'check_sklearn_version' retrieved from /opt/airflow/dags/check_version.py
[2025-07-19T10:27:08.658+0000] {logging_mixin.py:188} INFO - [2025-07-19T10:27:08.658+0000] {dag.py:3036} INFO - Sync 1 DAGs
[2025-07-19T10:27:08.670+0000] {logging_mixin.py:188} INFO - [2025-07-19T10:27:08.670+0000] {dag.py:3823} INFO - Setting next_dagrun for check_sklearn_version to None, run_after=None
[2025-07-19T10:27:08.757+0000] {processor.py:183} INFO - Processing /opt/airflow/dags/check_version.py took 0.143 seconds
[2025-07-19T10:27:39.274+0000] {processor.py:161} INFO - Started process (PID=12029) to work on /opt/airflow/dags/check_version.py
[2025-07-19T10:27:39.275+0000] {processor.py:830} INFO - Processing file /opt/airflow/dags/check_version.py for tasks to queue
[2025-07-19T10:27:39.276+0000] {logging_mixin.py:188} INFO - [2025-07-19T10:27:39.276+0000] {dagbag.py:538} INFO - Filling up the DagBag from /opt/airflow/dags/check_version.py
[2025-07-19T10:27:39.285+0000] {processor.py:840} INFO - DAG(s) 'check_sklearn_version' retrieved from /opt/airflow/dags/check_version.py
[2025-07-19T10:27:39.314+0000] {logging_mixin.py:188} INFO - [2025-07-19T10:27:39.314+0000] {dag.py:3036} INFO - Sync 1 DAGs
[2025-07-19T10:27:39.326+0000] {logging_mixin.py:188} INFO - [2025-07-19T10:27:39.326+0000] {dag.py:3823} INFO - Setting next_dagrun for check_sklearn_version to None, run_after=None
[2025-07-19T10:27:39.350+0000] {processor.py:183} INFO - Processing /opt/airflow/dags/check_version.py took 0.079 seconds
[2025-07-19T10:28:09.740+0000] {processor.py:161} INFO - Started process (PID=12054) to work on /opt/airflow/dags/check_version.py
[2025-07-19T10:28:09.741+0000] {processor.py:830} INFO - Processing file /opt/airflow/dags/check_version.py for tasks to queue
[2025-07-19T10:28:09.742+0000] {logging_mixin.py:188} INFO - [2025-07-19T10:28:09.742+0000] {dagbag.py:538} INFO - Filling up the DagBag from /opt/airflow/dags/check_version.py
[2025-07-19T10:28:09.784+0000] {processor.py:840} INFO - DAG(s) 'check_sklearn_version' retrieved from /opt/airflow/dags/check_version.py
[2025-07-19T10:28:09.835+0000] {logging_mixin.py:188} INFO - [2025-07-19T10:28:09.834+0000] {dag.py:3036} INFO - Sync 1 DAGs
[2025-07-19T10:28:09.847+0000] {logging_mixin.py:188} INFO - [2025-07-19T10:28:09.847+0000] {dag.py:3823} INFO - Setting next_dagrun for check_sklearn_version to None, run_after=None
[2025-07-19T10:28:09.865+0000] {processor.py:183} INFO - Processing /opt/airflow/dags/check_version.py took 0.128 seconds
[2025-07-19T10:28:40.325+0000] {processor.py:161} INFO - Started process (PID=12079) to work on /opt/airflow/dags/check_version.py
[2025-07-19T10:28:40.326+0000] {processor.py:830} INFO - Processing file /opt/airflow/dags/check_version.py for tasks to queue
[2025-07-19T10:28:40.327+0000] {logging_mixin.py:188} INFO - [2025-07-19T10:28:40.327+0000] {dagbag.py:538} INFO - Filling up the DagBag from /opt/airflow/dags/check_version.py
[2025-07-19T10:28:40.338+0000] {processor.py:840} INFO - DAG(s) 'check_sklearn_version' retrieved from /opt/airflow/dags/check_version.py
[2025-07-19T10:28:40.363+0000] {logging_mixin.py:188} INFO - [2025-07-19T10:28:40.363+0000] {dag.py:3036} INFO - Sync 1 DAGs
[2025-07-19T10:28:40.374+0000] {logging_mixin.py:188} INFO - [2025-07-19T10:28:40.374+0000] {dag.py:3823} INFO - Setting next_dagrun for check_sklearn_version to None, run_after=None
[2025-07-19T10:28:40.396+0000] {processor.py:183} INFO - Processing /opt/airflow/dags/check_version.py took 0.074 seconds
[2025-07-19T10:29:10.835+0000] {processor.py:161} INFO - Started process (PID=12104) to work on /opt/airflow/dags/check_version.py
[2025-07-19T10:29:10.836+0000] {processor.py:830} INFO - Processing file /opt/airflow/dags/check_version.py for tasks to queue
[2025-07-19T10:29:10.836+0000] {logging_mixin.py:188} INFO - [2025-07-19T10:29:10.836+0000] {dagbag.py:538} INFO - Filling up the DagBag from /opt/airflow/dags/check_version.py
[2025-07-19T10:29:10.853+0000] {processor.py:840} INFO - DAG(s) 'check_sklearn_version' retrieved from /opt/airflow/dags/check_version.py
[2025-07-19T10:29:10.878+0000] {logging_mixin.py:188} INFO - [2025-07-19T10:29:10.878+0000] {dag.py:3036} INFO - Sync 1 DAGs
[2025-07-19T10:29:10.890+0000] {logging_mixin.py:188} INFO - [2025-07-19T10:29:10.890+0000] {dag.py:3823} INFO - Setting next_dagrun for check_sklearn_version to None, run_after=None
[2025-07-19T10:29:10.913+0000] {processor.py:183} INFO - Processing /opt/airflow/dags/check_version.py took 0.081 seconds
[2025-07-19T10:29:41.399+0000] {processor.py:161} INFO - Started process (PID=12129) to work on /opt/airflow/dags/check_version.py
[2025-07-19T10:29:41.400+0000] {processor.py:830} INFO - Processing file /opt/airflow/dags/check_version.py for tasks to queue
[2025-07-19T10:29:41.401+0000] {logging_mixin.py:188} INFO - [2025-07-19T10:29:41.401+0000] {dagbag.py:538} INFO - Filling up the DagBag from /opt/airflow/dags/check_version.py
[2025-07-19T10:29:41.411+0000] {processor.py:840} INFO - DAG(s) 'check_sklearn_version' retrieved from /opt/airflow/dags/check_version.py
[2025-07-19T10:29:41.438+0000] {logging_mixin.py:188} INFO - [2025-07-19T10:29:41.438+0000] {dag.py:3036} INFO - Sync 1 DAGs
[2025-07-19T10:29:41.451+0000] {logging_mixin.py:188} INFO - [2025-07-19T10:29:41.451+0000] {dag.py:3823} INFO - Setting next_dagrun for check_sklearn_version to None, run_after=None
[2025-07-19T10:29:41.470+0000] {processor.py:183} INFO - Processing /opt/airflow/dags/check_version.py took 0.073 seconds
[2025-07-19T10:30:12.215+0000] {processor.py:161} INFO - Started process (PID=12154) to work on /opt/airflow/dags/check_version.py
[2025-07-19T10:30:12.218+0000] {processor.py:830} INFO - Processing file /opt/airflow/dags/check_version.py for tasks to queue
[2025-07-19T10:30:12.220+0000] {logging_mixin.py:188} INFO - [2025-07-19T10:30:12.219+0000] {dagbag.py:538} INFO - Filling up the DagBag from /opt/airflow/dags/check_version.py
[2025-07-19T10:30:12.261+0000] {processor.py:840} INFO - DAG(s) 'check_sklearn_version' retrieved from /opt/airflow/dags/check_version.py
[2025-07-19T10:30:12.300+0000] {logging_mixin.py:188} INFO - [2025-07-19T10:30:12.300+0000] {dag.py:3036} INFO - Sync 1 DAGs
[2025-07-19T10:30:12.320+0000] {logging_mixin.py:188} INFO - [2025-07-19T10:30:12.319+0000] {dag.py:3823} INFO - Setting next_dagrun for check_sklearn_version to None, run_after=None
[2025-07-19T10:30:12.356+0000] {processor.py:183} INFO - Processing /opt/airflow/dags/check_version.py took 0.149 seconds
[2025-07-19T10:30:42.744+0000] {processor.py:161} INFO - Started process (PID=12179) to work on /opt/airflow/dags/check_version.py
[2025-07-19T10:30:42.746+0000] {processor.py:830} INFO - Processing file /opt/airflow/dags/check_version.py for tasks to queue
[2025-07-19T10:30:42.748+0000] {logging_mixin.py:188} INFO - [2025-07-19T10:30:42.747+0000] {dagbag.py:538} INFO - Filling up the DagBag from /opt/airflow/dags/check_version.py
[2025-07-19T10:30:42.778+0000] {processor.py:840} INFO - DAG(s) 'check_sklearn_version' retrieved from /opt/airflow/dags/check_version.py
[2025-07-19T10:30:42.817+0000] {logging_mixin.py:188} INFO - [2025-07-19T10:30:42.817+0000] {dag.py:3036} INFO - Sync 1 DAGs
[2025-07-19T10:30:42.834+0000] {logging_mixin.py:188} INFO - [2025-07-19T10:30:42.834+0000] {dag.py:3823} INFO - Setting next_dagrun for check_sklearn_version to None, run_after=None
[2025-07-19T10:30:42.865+0000] {processor.py:183} INFO - Processing /opt/airflow/dags/check_version.py took 0.127 seconds
[2025-07-19T10:31:12.971+0000] {processor.py:161} INFO - Started process (PID=12204) to work on /opt/airflow/dags/check_version.py
[2025-07-19T10:31:12.973+0000] {processor.py:830} INFO - Processing file /opt/airflow/dags/check_version.py for tasks to queue
[2025-07-19T10:31:12.975+0000] {logging_mixin.py:188} INFO - [2025-07-19T10:31:12.974+0000] {dagbag.py:538} INFO - Filling up the DagBag from /opt/airflow/dags/check_version.py
[2025-07-19T10:31:13.005+0000] {processor.py:840} INFO - DAG(s) 'check_sklearn_version' retrieved from /opt/airflow/dags/check_version.py
[2025-07-19T10:31:13.048+0000] {logging_mixin.py:188} INFO - [2025-07-19T10:31:13.047+0000] {dag.py:3036} INFO - Sync 1 DAGs
[2025-07-19T10:31:13.062+0000] {logging_mixin.py:188} INFO - [2025-07-19T10:31:13.062+0000] {dag.py:3823} INFO - Setting next_dagrun for check_sklearn_version to None, run_after=None
[2025-07-19T10:31:13.087+0000] {processor.py:183} INFO - Processing /opt/airflow/dags/check_version.py took 0.123 seconds
[2025-07-19T10:31:43.521+0000] {processor.py:161} INFO - Started process (PID=12224) to work on /opt/airflow/dags/check_version.py
[2025-07-19T10:31:43.522+0000] {processor.py:830} INFO - Processing file /opt/airflow/dags/check_version.py for tasks to queue
[2025-07-19T10:31:43.524+0000] {logging_mixin.py:188} INFO - [2025-07-19T10:31:43.523+0000] {dagbag.py:538} INFO - Filling up the DagBag from /opt/airflow/dags/check_version.py
[2025-07-19T10:31:43.549+0000] {processor.py:840} INFO - DAG(s) 'check_sklearn_version' retrieved from /opt/airflow/dags/check_version.py
[2025-07-19T10:31:43.587+0000] {logging_mixin.py:188} INFO - [2025-07-19T10:31:43.587+0000] {dag.py:3036} INFO - Sync 1 DAGs
[2025-07-19T10:31:43.606+0000] {logging_mixin.py:188} INFO - [2025-07-19T10:31:43.605+0000] {dag.py:3823} INFO - Setting next_dagrun for check_sklearn_version to None, run_after=None
[2025-07-19T10:31:43.636+0000] {processor.py:183} INFO - Processing /opt/airflow/dags/check_version.py took 0.120 seconds
[2025-07-19T10:32:14.714+0000] {processor.py:161} INFO - Started process (PID=12249) to work on /opt/airflow/dags/check_version.py
[2025-07-19T10:32:14.716+0000] {processor.py:830} INFO - Processing file /opt/airflow/dags/check_version.py for tasks to queue
[2025-07-19T10:32:14.718+0000] {logging_mixin.py:188} INFO - [2025-07-19T10:32:14.717+0000] {dagbag.py:538} INFO - Filling up the DagBag from /opt/airflow/dags/check_version.py
[2025-07-19T10:32:14.747+0000] {processor.py:840} INFO - DAG(s) 'check_sklearn_version' retrieved from /opt/airflow/dags/check_version.py
[2025-07-19T10:32:14.791+0000] {logging_mixin.py:188} INFO - [2025-07-19T10:32:14.791+0000] {dag.py:3036} INFO - Sync 1 DAGs
[2025-07-19T10:32:14.816+0000] {logging_mixin.py:188} INFO - [2025-07-19T10:32:14.816+0000] {dag.py:3823} INFO - Setting next_dagrun for check_sklearn_version to None, run_after=None
[2025-07-19T10:32:14.856+0000] {processor.py:183} INFO - Processing /opt/airflow/dags/check_version.py took 0.146 seconds
[2025-07-19T10:32:45.398+0000] {processor.py:161} INFO - Started process (PID=12274) to work on /opt/airflow/dags/check_version.py
[2025-07-19T10:32:45.400+0000] {processor.py:830} INFO - Processing file /opt/airflow/dags/check_version.py for tasks to queue
[2025-07-19T10:32:45.402+0000] {logging_mixin.py:188} INFO - [2025-07-19T10:32:45.402+0000] {dagbag.py:538} INFO - Filling up the DagBag from /opt/airflow/dags/check_version.py
[2025-07-19T10:32:45.469+0000] {processor.py:840} INFO - DAG(s) 'check_sklearn_version' retrieved from /opt/airflow/dags/check_version.py
[2025-07-19T10:32:45.536+0000] {logging_mixin.py:188} INFO - [2025-07-19T10:32:45.535+0000] {dag.py:3036} INFO - Sync 1 DAGs
[2025-07-19T10:32:45.562+0000] {logging_mixin.py:188} INFO - [2025-07-19T10:32:45.562+0000] {dag.py:3823} INFO - Setting next_dagrun for check_sklearn_version to None, run_after=None
[2025-07-19T10:32:45.602+0000] {processor.py:183} INFO - Processing /opt/airflow/dags/check_version.py took 0.212 seconds
[2025-07-19T10:33:15.963+0000] {processor.py:161} INFO - Started process (PID=12299) to work on /opt/airflow/dags/check_version.py
[2025-07-19T10:33:15.966+0000] {processor.py:830} INFO - Processing file /opt/airflow/dags/check_version.py for tasks to queue
[2025-07-19T10:33:15.968+0000] {logging_mixin.py:188} INFO - [2025-07-19T10:33:15.967+0000] {dagbag.py:538} INFO - Filling up the DagBag from /opt/airflow/dags/check_version.py
[2025-07-19T10:33:16.001+0000] {processor.py:840} INFO - DAG(s) 'check_sklearn_version' retrieved from /opt/airflow/dags/check_version.py
[2025-07-19T10:33:16.061+0000] {logging_mixin.py:188} INFO - [2025-07-19T10:33:16.060+0000] {dag.py:3036} INFO - Sync 1 DAGs
[2025-07-19T10:33:16.091+0000] {logging_mixin.py:188} INFO - [2025-07-19T10:33:16.090+0000] {dag.py:3823} INFO - Setting next_dagrun for check_sklearn_version to None, run_after=None
[2025-07-19T10:33:16.130+0000] {processor.py:183} INFO - Processing /opt/airflow/dags/check_version.py took 0.172 seconds
[2025-07-19T10:33:46.289+0000] {processor.py:161} INFO - Started process (PID=12324) to work on /opt/airflow/dags/check_version.py
[2025-07-19T10:33:46.291+0000] {processor.py:830} INFO - Processing file /opt/airflow/dags/check_version.py for tasks to queue
[2025-07-19T10:33:46.293+0000] {logging_mixin.py:188} INFO - [2025-07-19T10:33:46.292+0000] {dagbag.py:538} INFO - Filling up the DagBag from /opt/airflow/dags/check_version.py
[2025-07-19T10:33:46.321+0000] {processor.py:840} INFO - DAG(s) 'check_sklearn_version' retrieved from /opt/airflow/dags/check_version.py
[2025-07-19T10:33:46.362+0000] {logging_mixin.py:188} INFO - [2025-07-19T10:33:46.362+0000] {dag.py:3036} INFO - Sync 1 DAGs
[2025-07-19T10:33:46.388+0000] {logging_mixin.py:188} INFO - [2025-07-19T10:33:46.388+0000] {dag.py:3823} INFO - Setting next_dagrun for check_sklearn_version to None, run_after=None
[2025-07-19T10:33:46.416+0000] {processor.py:183} INFO - Processing /opt/airflow/dags/check_version.py took 0.134 seconds
[2025-07-19T10:34:16.539+0000] {processor.py:161} INFO - Started process (PID=12344) to work on /opt/airflow/dags/check_version.py
[2025-07-19T10:34:16.544+0000] {processor.py:830} INFO - Processing file /opt/airflow/dags/check_version.py for tasks to queue
[2025-07-19T10:34:16.546+0000] {logging_mixin.py:188} INFO - [2025-07-19T10:34:16.545+0000] {dagbag.py:538} INFO - Filling up the DagBag from /opt/airflow/dags/check_version.py
[2025-07-19T10:34:16.587+0000] {processor.py:840} INFO - DAG(s) 'check_sklearn_version' retrieved from /opt/airflow/dags/check_version.py
[2025-07-19T10:34:16.650+0000] {logging_mixin.py:188} INFO - [2025-07-19T10:34:16.650+0000] {dag.py:3036} INFO - Sync 1 DAGs
[2025-07-19T10:34:16.676+0000] {logging_mixin.py:188} INFO - [2025-07-19T10:34:16.675+0000] {dag.py:3823} INFO - Setting next_dagrun for check_sklearn_version to None, run_after=None
[2025-07-19T10:34:16.719+0000] {processor.py:183} INFO - Processing /opt/airflow/dags/check_version.py took 0.192 seconds
[2025-07-19T10:34:46.915+0000] {processor.py:161} INFO - Started process (PID=12369) to work on /opt/airflow/dags/check_version.py
[2025-07-19T10:34:46.917+0000] {processor.py:830} INFO - Processing file /opt/airflow/dags/check_version.py for tasks to queue
[2025-07-19T10:34:46.919+0000] {logging_mixin.py:188} INFO - [2025-07-19T10:34:46.919+0000] {dagbag.py:538} INFO - Filling up the DagBag from /opt/airflow/dags/check_version.py
[2025-07-19T10:34:46.956+0000] {processor.py:840} INFO - DAG(s) 'check_sklearn_version' retrieved from /opt/airflow/dags/check_version.py
[2025-07-19T10:34:47.017+0000] {logging_mixin.py:188} INFO - [2025-07-19T10:34:47.016+0000] {dag.py:3036} INFO - Sync 1 DAGs
[2025-07-19T10:34:47.034+0000] {logging_mixin.py:188} INFO - [2025-07-19T10:34:47.034+0000] {dag.py:3823} INFO - Setting next_dagrun for check_sklearn_version to None, run_after=None
[2025-07-19T10:34:47.107+0000] {processor.py:183} INFO - Processing /opt/airflow/dags/check_version.py took 0.198 seconds
[2025-07-19T10:35:17.238+0000] {processor.py:161} INFO - Started process (PID=12394) to work on /opt/airflow/dags/check_version.py
[2025-07-19T10:35:17.240+0000] {processor.py:830} INFO - Processing file /opt/airflow/dags/check_version.py for tasks to queue
[2025-07-19T10:35:17.242+0000] {logging_mixin.py:188} INFO - [2025-07-19T10:35:17.241+0000] {dagbag.py:538} INFO - Filling up the DagBag from /opt/airflow/dags/check_version.py
[2025-07-19T10:35:17.273+0000] {processor.py:840} INFO - DAG(s) 'check_sklearn_version' retrieved from /opt/airflow/dags/check_version.py
[2025-07-19T10:35:17.329+0000] {logging_mixin.py:188} INFO - [2025-07-19T10:35:17.329+0000] {dag.py:3036} INFO - Sync 1 DAGs
[2025-07-19T10:35:17.356+0000] {logging_mixin.py:188} INFO - [2025-07-19T10:35:17.355+0000] {dag.py:3823} INFO - Setting next_dagrun for check_sklearn_version to None, run_after=None
[2025-07-19T10:35:17.445+0000] {processor.py:183} INFO - Processing /opt/airflow/dags/check_version.py took 0.215 seconds
[2025-07-19T10:35:48.200+0000] {processor.py:161} INFO - Started process (PID=12424) to work on /opt/airflow/dags/check_version.py
[2025-07-19T10:35:48.202+0000] {processor.py:830} INFO - Processing file /opt/airflow/dags/check_version.py for tasks to queue
[2025-07-19T10:35:48.206+0000] {logging_mixin.py:188} INFO - [2025-07-19T10:35:48.205+0000] {dagbag.py:538} INFO - Filling up the DagBag from /opt/airflow/dags/check_version.py
[2025-07-19T10:35:48.243+0000] {processor.py:840} INFO - DAG(s) 'check_sklearn_version' retrieved from /opt/airflow/dags/check_version.py
[2025-07-19T10:35:48.311+0000] {logging_mixin.py:188} INFO - [2025-07-19T10:35:48.310+0000] {dag.py:3036} INFO - Sync 1 DAGs
[2025-07-19T10:35:48.343+0000] {logging_mixin.py:188} INFO - [2025-07-19T10:35:48.343+0000] {dag.py:3823} INFO - Setting next_dagrun for check_sklearn_version to None, run_after=None
[2025-07-19T10:35:48.390+0000] {processor.py:183} INFO - Processing /opt/airflow/dags/check_version.py took 0.196 seconds
[2025-07-19T10:36:18.575+0000] {processor.py:161} INFO - Started process (PID=12449) to work on /opt/airflow/dags/check_version.py
[2025-07-19T10:36:18.577+0000] {processor.py:830} INFO - Processing file /opt/airflow/dags/check_version.py for tasks to queue
[2025-07-19T10:36:18.578+0000] {logging_mixin.py:188} INFO - [2025-07-19T10:36:18.578+0000] {dagbag.py:538} INFO - Filling up the DagBag from /opt/airflow/dags/check_version.py
[2025-07-19T10:36:18.689+0000] {processor.py:840} INFO - DAG(s) 'check_sklearn_version' retrieved from /opt/airflow/dags/check_version.py
[2025-07-19T10:36:18.743+0000] {logging_mixin.py:188} INFO - [2025-07-19T10:36:18.742+0000] {dag.py:3036} INFO - Sync 1 DAGs
[2025-07-19T10:36:18.764+0000] {logging_mixin.py:188} INFO - [2025-07-19T10:36:18.763+0000] {dag.py:3823} INFO - Setting next_dagrun for check_sklearn_version to None, run_after=None
[2025-07-19T10:36:18.790+0000] {processor.py:183} INFO - Processing /opt/airflow/dags/check_version.py took 0.225 seconds
[2025-07-19T10:36:49.164+0000] {processor.py:161} INFO - Started process (PID=12471) to work on /opt/airflow/dags/check_version.py
[2025-07-19T10:36:49.166+0000] {processor.py:830} INFO - Processing file /opt/airflow/dags/check_version.py for tasks to queue
[2025-07-19T10:36:49.167+0000] {logging_mixin.py:188} INFO - [2025-07-19T10:36:49.167+0000] {dagbag.py:538} INFO - Filling up the DagBag from /opt/airflow/dags/check_version.py
[2025-07-19T10:36:49.207+0000] {processor.py:840} INFO - DAG(s) 'check_sklearn_version' retrieved from /opt/airflow/dags/check_version.py
[2025-07-19T10:36:49.377+0000] {logging_mixin.py:188} INFO - [2025-07-19T10:36:49.377+0000] {dag.py:3036} INFO - Sync 1 DAGs
[2025-07-19T10:36:49.398+0000] {logging_mixin.py:188} INFO - [2025-07-19T10:36:49.398+0000] {dag.py:3823} INFO - Setting next_dagrun for check_sklearn_version to None, run_after=None
[2025-07-19T10:36:49.432+0000] {processor.py:183} INFO - Processing /opt/airflow/dags/check_version.py took 0.273 seconds
[2025-07-19T10:37:19.609+0000] {processor.py:161} INFO - Started process (PID=12494) to work on /opt/airflow/dags/check_version.py
[2025-07-19T10:37:19.611+0000] {processor.py:830} INFO - Processing file /opt/airflow/dags/check_version.py for tasks to queue
[2025-07-19T10:37:19.613+0000] {logging_mixin.py:188} INFO - [2025-07-19T10:37:19.612+0000] {dagbag.py:538} INFO - Filling up the DagBag from /opt/airflow/dags/check_version.py
[2025-07-19T10:37:19.651+0000] {processor.py:840} INFO - DAG(s) 'check_sklearn_version' retrieved from /opt/airflow/dags/check_version.py
[2025-07-19T10:37:19.712+0000] {logging_mixin.py:188} INFO - [2025-07-19T10:37:19.712+0000] {dag.py:3036} INFO - Sync 1 DAGs
[2025-07-19T10:37:19.728+0000] {logging_mixin.py:188} INFO - [2025-07-19T10:37:19.728+0000] {dag.py:3823} INFO - Setting next_dagrun for check_sklearn_version to None, run_after=None
[2025-07-19T10:37:19.756+0000] {processor.py:183} INFO - Processing /opt/airflow/dags/check_version.py took 0.156 seconds
[2025-07-19T10:37:49.855+0000] {processor.py:161} INFO - Started process (PID=12516) to work on /opt/airflow/dags/check_version.py
[2025-07-19T10:37:49.857+0000] {processor.py:830} INFO - Processing file /opt/airflow/dags/check_version.py for tasks to queue
[2025-07-19T10:37:49.859+0000] {logging_mixin.py:188} INFO - [2025-07-19T10:37:49.858+0000] {dagbag.py:538} INFO - Filling up the DagBag from /opt/airflow/dags/check_version.py
[2025-07-19T10:37:49.889+0000] {processor.py:840} INFO - DAG(s) 'check_sklearn_version' retrieved from /opt/airflow/dags/check_version.py
[2025-07-19T10:37:49.929+0000] {logging_mixin.py:188} INFO - [2025-07-19T10:37:49.928+0000] {dag.py:3036} INFO - Sync 1 DAGs
[2025-07-19T10:37:49.944+0000] {logging_mixin.py:188} INFO - [2025-07-19T10:37:49.944+0000] {dag.py:3823} INFO - Setting next_dagrun for check_sklearn_version to None, run_after=None
[2025-07-19T10:37:49.971+0000] {processor.py:183} INFO - Processing /opt/airflow/dags/check_version.py took 0.122 seconds
[2025-07-19T10:38:20.228+0000] {processor.py:161} INFO - Started process (PID=12541) to work on /opt/airflow/dags/check_version.py
[2025-07-19T10:38:20.230+0000] {processor.py:830} INFO - Processing file /opt/airflow/dags/check_version.py for tasks to queue
[2025-07-19T10:38:20.232+0000] {logging_mixin.py:188} INFO - [2025-07-19T10:38:20.231+0000] {dagbag.py:538} INFO - Filling up the DagBag from /opt/airflow/dags/check_version.py
[2025-07-19T10:38:20.262+0000] {processor.py:840} INFO - DAG(s) 'check_sklearn_version' retrieved from /opt/airflow/dags/check_version.py
[2025-07-19T10:38:20.316+0000] {logging_mixin.py:188} INFO - [2025-07-19T10:38:20.316+0000] {dag.py:3036} INFO - Sync 1 DAGs
[2025-07-19T10:38:20.343+0000] {logging_mixin.py:188} INFO - [2025-07-19T10:38:20.342+0000] {dag.py:3823} INFO - Setting next_dagrun for check_sklearn_version to None, run_after=None
[2025-07-19T10:38:20.389+0000] {processor.py:183} INFO - Processing /opt/airflow/dags/check_version.py took 0.165 seconds
[2025-07-19T10:38:50.659+0000] {processor.py:161} INFO - Started process (PID=12566) to work on /opt/airflow/dags/check_version.py
[2025-07-19T10:38:50.661+0000] {processor.py:830} INFO - Processing file /opt/airflow/dags/check_version.py for tasks to queue
[2025-07-19T10:38:50.663+0000] {logging_mixin.py:188} INFO - [2025-07-19T10:38:50.662+0000] {dagbag.py:538} INFO - Filling up the DagBag from /opt/airflow/dags/check_version.py
[2025-07-19T10:38:50.690+0000] {processor.py:840} INFO - DAG(s) 'check_sklearn_version' retrieved from /opt/airflow/dags/check_version.py
[2025-07-19T10:38:50.866+0000] {logging_mixin.py:188} INFO - [2025-07-19T10:38:50.866+0000] {dag.py:3036} INFO - Sync 1 DAGs
[2025-07-19T10:38:50.885+0000] {logging_mixin.py:188} INFO - [2025-07-19T10:38:50.884+0000] {dag.py:3823} INFO - Setting next_dagrun for check_sklearn_version to None, run_after=None
[2025-07-19T10:38:50.913+0000] {processor.py:183} INFO - Processing /opt/airflow/dags/check_version.py took 0.260 seconds
[2025-07-19T10:39:21.287+0000] {processor.py:161} INFO - Started process (PID=12598) to work on /opt/airflow/dags/check_version.py
[2025-07-19T10:39:21.288+0000] {processor.py:830} INFO - Processing file /opt/airflow/dags/check_version.py for tasks to queue
[2025-07-19T10:39:21.290+0000] {logging_mixin.py:188} INFO - [2025-07-19T10:39:21.290+0000] {dagbag.py:538} INFO - Filling up the DagBag from /opt/airflow/dags/check_version.py
[2025-07-19T10:39:21.319+0000] {processor.py:840} INFO - DAG(s) 'check_sklearn_version' retrieved from /opt/airflow/dags/check_version.py
[2025-07-19T10:39:21.359+0000] {logging_mixin.py:188} INFO - [2025-07-19T10:39:21.359+0000] {dag.py:3036} INFO - Sync 1 DAGs
[2025-07-19T10:39:21.376+0000] {logging_mixin.py:188} INFO - [2025-07-19T10:39:21.376+0000] {dag.py:3823} INFO - Setting next_dagrun for check_sklearn_version to None, run_after=None
[2025-07-19T10:39:21.404+0000] {processor.py:183} INFO - Processing /opt/airflow/dags/check_version.py took 0.122 seconds
[2025-07-19T10:39:51.725+0000] {processor.py:161} INFO - Started process (PID=12623) to work on /opt/airflow/dags/check_version.py
[2025-07-19T10:39:51.728+0000] {processor.py:830} INFO - Processing file /opt/airflow/dags/check_version.py for tasks to queue
[2025-07-19T10:39:51.731+0000] {logging_mixin.py:188} INFO - [2025-07-19T10:39:51.730+0000] {dagbag.py:538} INFO - Filling up the DagBag from /opt/airflow/dags/check_version.py
[2025-07-19T10:39:51.764+0000] {processor.py:840} INFO - DAG(s) 'check_sklearn_version' retrieved from /opt/airflow/dags/check_version.py
[2025-07-19T10:39:51.803+0000] {logging_mixin.py:188} INFO - [2025-07-19T10:39:51.803+0000] {dag.py:3036} INFO - Sync 1 DAGs
[2025-07-19T10:39:51.820+0000] {logging_mixin.py:188} INFO - [2025-07-19T10:39:51.820+0000] {dag.py:3823} INFO - Setting next_dagrun for check_sklearn_version to None, run_after=None
[2025-07-19T10:39:51.850+0000] {processor.py:183} INFO - Processing /opt/airflow/dags/check_version.py took 0.130 seconds
[2025-07-19T10:40:22.051+0000] {processor.py:161} INFO - Started process (PID=12648) to work on /opt/airflow/dags/check_version.py
[2025-07-19T10:40:22.053+0000] {processor.py:830} INFO - Processing file /opt/airflow/dags/check_version.py for tasks to queue
[2025-07-19T10:40:22.054+0000] {logging_mixin.py:188} INFO - [2025-07-19T10:40:22.054+0000] {dagbag.py:538} INFO - Filling up the DagBag from /opt/airflow/dags/check_version.py
[2025-07-19T10:40:22.086+0000] {processor.py:840} INFO - DAG(s) 'check_sklearn_version' retrieved from /opt/airflow/dags/check_version.py
[2025-07-19T10:40:22.129+0000] {logging_mixin.py:188} INFO - [2025-07-19T10:40:22.129+0000] {dag.py:3036} INFO - Sync 1 DAGs
[2025-07-19T10:40:22.146+0000] {logging_mixin.py:188} INFO - [2025-07-19T10:40:22.146+0000] {dag.py:3823} INFO - Setting next_dagrun for check_sklearn_version to None, run_after=None
[2025-07-19T10:40:22.175+0000] {processor.py:183} INFO - Processing /opt/airflow/dags/check_version.py took 0.129 seconds
[2025-07-19T10:40:52.634+0000] {processor.py:161} INFO - Started process (PID=12676) to work on /opt/airflow/dags/check_version.py
[2025-07-19T10:40:52.638+0000] {processor.py:830} INFO - Processing file /opt/airflow/dags/check_version.py for tasks to queue
[2025-07-19T10:40:52.641+0000] {logging_mixin.py:188} INFO - [2025-07-19T10:40:52.640+0000] {dagbag.py:538} INFO - Filling up the DagBag from /opt/airflow/dags/check_version.py
[2025-07-19T10:40:52.675+0000] {processor.py:840} INFO - DAG(s) 'check_sklearn_version' retrieved from /opt/airflow/dags/check_version.py
[2025-07-19T10:40:52.725+0000] {logging_mixin.py:188} INFO - [2025-07-19T10:40:52.724+0000] {dag.py:3036} INFO - Sync 1 DAGs
[2025-07-19T10:40:52.745+0000] {logging_mixin.py:188} INFO - [2025-07-19T10:40:52.745+0000] {dag.py:3823} INFO - Setting next_dagrun for check_sklearn_version to None, run_after=None
[2025-07-19T10:40:52.781+0000] {processor.py:183} INFO - Processing /opt/airflow/dags/check_version.py took 0.156 seconds
[2025-07-19T10:41:23.861+0000] {processor.py:161} INFO - Started process (PID=12706) to work on /opt/airflow/dags/check_version.py
[2025-07-19T10:41:23.863+0000] {processor.py:830} INFO - Processing file /opt/airflow/dags/check_version.py for tasks to queue
[2025-07-19T10:41:23.865+0000] {logging_mixin.py:188} INFO - [2025-07-19T10:41:23.865+0000] {dagbag.py:538} INFO - Filling up the DagBag from /opt/airflow/dags/check_version.py
[2025-07-19T10:41:23.897+0000] {processor.py:840} INFO - DAG(s) 'check_sklearn_version' retrieved from /opt/airflow/dags/check_version.py
[2025-07-19T10:41:23.949+0000] {logging_mixin.py:188} INFO - [2025-07-19T10:41:23.948+0000] {dag.py:3036} INFO - Sync 1 DAGs
[2025-07-19T10:41:23.972+0000] {logging_mixin.py:188} INFO - [2025-07-19T10:41:23.972+0000] {dag.py:3823} INFO - Setting next_dagrun for check_sklearn_version to None, run_after=None
[2025-07-19T10:41:24.017+0000] {processor.py:183} INFO - Processing /opt/airflow/dags/check_version.py took 0.162 seconds
[2025-07-19T10:41:54.430+0000] {processor.py:161} INFO - Started process (PID=12731) to work on /opt/airflow/dags/check_version.py
[2025-07-19T10:41:54.433+0000] {processor.py:830} INFO - Processing file /opt/airflow/dags/check_version.py for tasks to queue
[2025-07-19T10:41:54.437+0000] {logging_mixin.py:188} INFO - [2025-07-19T10:41:54.435+0000] {dagbag.py:538} INFO - Filling up the DagBag from /opt/airflow/dags/check_version.py
[2025-07-19T10:41:54.469+0000] {processor.py:840} INFO - DAG(s) 'check_sklearn_version' retrieved from /opt/airflow/dags/check_version.py
[2025-07-19T10:41:54.545+0000] {logging_mixin.py:188} INFO - [2025-07-19T10:41:54.544+0000] {dag.py:3036} INFO - Sync 1 DAGs
[2025-07-19T10:41:54.575+0000] {logging_mixin.py:188} INFO - [2025-07-19T10:41:54.575+0000] {dag.py:3823} INFO - Setting next_dagrun for check_sklearn_version to None, run_after=None
[2025-07-19T10:41:54.608+0000] {processor.py:183} INFO - Processing /opt/airflow/dags/check_version.py took 0.185 seconds
[2025-07-19T10:42:25.498+0000] {processor.py:161} INFO - Started process (PID=12756) to work on /opt/airflow/dags/check_version.py
[2025-07-19T10:42:25.501+0000] {processor.py:830} INFO - Processing file /opt/airflow/dags/check_version.py for tasks to queue
[2025-07-19T10:42:25.503+0000] {logging_mixin.py:188} INFO - [2025-07-19T10:42:25.502+0000] {dagbag.py:538} INFO - Filling up the DagBag from /opt/airflow/dags/check_version.py
[2025-07-19T10:42:25.536+0000] {processor.py:840} INFO - DAG(s) 'check_sklearn_version' retrieved from /opt/airflow/dags/check_version.py
[2025-07-19T10:42:25.581+0000] {logging_mixin.py:188} INFO - [2025-07-19T10:42:25.580+0000] {dag.py:3036} INFO - Sync 1 DAGs
[2025-07-19T10:42:25.598+0000] {logging_mixin.py:188} INFO - [2025-07-19T10:42:25.598+0000] {dag.py:3823} INFO - Setting next_dagrun for check_sklearn_version to None, run_after=None
[2025-07-19T10:42:25.629+0000] {processor.py:183} INFO - Processing /opt/airflow/dags/check_version.py took 0.138 seconds
[2025-07-19T10:42:55.920+0000] {processor.py:161} INFO - Started process (PID=12785) to work on /opt/airflow/dags/check_version.py
[2025-07-19T10:42:55.923+0000] {processor.py:830} INFO - Processing file /opt/airflow/dags/check_version.py for tasks to queue
[2025-07-19T10:42:55.926+0000] {logging_mixin.py:188} INFO - [2025-07-19T10:42:55.925+0000] {dagbag.py:538} INFO - Filling up the DagBag from /opt/airflow/dags/check_version.py
[2025-07-19T10:42:55.956+0000] {processor.py:840} INFO - DAG(s) 'check_sklearn_version' retrieved from /opt/airflow/dags/check_version.py
[2025-07-19T10:42:56.023+0000] {logging_mixin.py:188} INFO - [2025-07-19T10:42:56.023+0000] {dag.py:3036} INFO - Sync 1 DAGs
[2025-07-19T10:42:56.055+0000] {logging_mixin.py:188} INFO - [2025-07-19T10:42:56.055+0000] {dag.py:3823} INFO - Setting next_dagrun for check_sklearn_version to None, run_after=None
[2025-07-19T10:42:56.097+0000] {processor.py:183} INFO - Processing /opt/airflow/dags/check_version.py took 0.185 seconds
[2025-07-19T10:43:26.353+0000] {processor.py:161} INFO - Started process (PID=12831) to work on /opt/airflow/dags/check_version.py
[2025-07-19T10:43:26.356+0000] {processor.py:830} INFO - Processing file /opt/airflow/dags/check_version.py for tasks to queue
[2025-07-19T10:43:26.358+0000] {logging_mixin.py:188} INFO - [2025-07-19T10:43:26.358+0000] {dagbag.py:538} INFO - Filling up the DagBag from /opt/airflow/dags/check_version.py
[2025-07-19T10:43:26.390+0000] {processor.py:840} INFO - DAG(s) 'check_sklearn_version' retrieved from /opt/airflow/dags/check_version.py
[2025-07-19T10:43:26.462+0000] {logging_mixin.py:188} INFO - [2025-07-19T10:43:26.461+0000] {dag.py:3036} INFO - Sync 1 DAGs
[2025-07-19T10:43:26.486+0000] {logging_mixin.py:188} INFO - [2025-07-19T10:43:26.485+0000] {dag.py:3823} INFO - Setting next_dagrun for check_sklearn_version to None, run_after=None
[2025-07-19T10:43:26.512+0000] {processor.py:183} INFO - Processing /opt/airflow/dags/check_version.py took 0.170 seconds
[2025-07-19T10:43:56.785+0000] {processor.py:161} INFO - Started process (PID=12861) to work on /opt/airflow/dags/check_version.py
[2025-07-19T10:43:56.787+0000] {processor.py:830} INFO - Processing file /opt/airflow/dags/check_version.py for tasks to queue
[2025-07-19T10:43:56.790+0000] {logging_mixin.py:188} INFO - [2025-07-19T10:43:56.789+0000] {dagbag.py:538} INFO - Filling up the DagBag from /opt/airflow/dags/check_version.py
[2025-07-19T10:43:56.818+0000] {processor.py:840} INFO - DAG(s) 'check_sklearn_version' retrieved from /opt/airflow/dags/check_version.py
[2025-07-19T10:43:56.866+0000] {logging_mixin.py:188} INFO - [2025-07-19T10:43:56.866+0000] {dag.py:3036} INFO - Sync 1 DAGs
[2025-07-19T10:43:56.891+0000] {logging_mixin.py:188} INFO - [2025-07-19T10:43:56.890+0000] {dag.py:3823} INFO - Setting next_dagrun for check_sklearn_version to None, run_after=None
[2025-07-19T10:43:56.930+0000] {processor.py:183} INFO - Processing /opt/airflow/dags/check_version.py took 0.152 seconds
[2025-07-19T10:44:27.779+0000] {processor.py:161} INFO - Started process (PID=12889) to work on /opt/airflow/dags/check_version.py
[2025-07-19T10:44:27.780+0000] {processor.py:830} INFO - Processing file /opt/airflow/dags/check_version.py for tasks to queue
[2025-07-19T10:44:27.782+0000] {logging_mixin.py:188} INFO - [2025-07-19T10:44:27.782+0000] {dagbag.py:538} INFO - Filling up the DagBag from /opt/airflow/dags/check_version.py
[2025-07-19T10:44:27.812+0000] {processor.py:840} INFO - DAG(s) 'check_sklearn_version' retrieved from /opt/airflow/dags/check_version.py
[2025-07-19T10:44:27.921+0000] {logging_mixin.py:188} INFO - [2025-07-19T10:44:27.920+0000] {dag.py:3036} INFO - Sync 1 DAGs
[2025-07-19T10:44:27.942+0000] {logging_mixin.py:188} INFO - [2025-07-19T10:44:27.941+0000] {dag.py:3823} INFO - Setting next_dagrun for check_sklearn_version to None, run_after=None
[2025-07-19T10:44:27.976+0000] {processor.py:183} INFO - Processing /opt/airflow/dags/check_version.py took 0.204 seconds
[2025-07-19T10:44:58.253+0000] {processor.py:161} INFO - Started process (PID=12993) to work on /opt/airflow/dags/check_version.py
[2025-07-19T10:44:58.255+0000] {processor.py:830} INFO - Processing file /opt/airflow/dags/check_version.py for tasks to queue
[2025-07-19T10:44:58.258+0000] {logging_mixin.py:188} INFO - [2025-07-19T10:44:58.257+0000] {dagbag.py:538} INFO - Filling up the DagBag from /opt/airflow/dags/check_version.py
[2025-07-19T10:44:58.289+0000] {processor.py:840} INFO - DAG(s) 'check_sklearn_version' retrieved from /opt/airflow/dags/check_version.py
[2025-07-19T10:44:58.372+0000] {logging_mixin.py:188} INFO - [2025-07-19T10:44:58.372+0000] {dag.py:3036} INFO - Sync 1 DAGs
[2025-07-19T10:44:58.404+0000] {logging_mixin.py:188} INFO - [2025-07-19T10:44:58.404+0000] {dag.py:3823} INFO - Setting next_dagrun for check_sklearn_version to None, run_after=None
[2025-07-19T10:44:58.450+0000] {processor.py:183} INFO - Processing /opt/airflow/dags/check_version.py took 0.205 seconds
[2025-07-19T10:45:28.692+0000] {processor.py:161} INFO - Started process (PID=13231) to work on /opt/airflow/dags/check_version.py
[2025-07-19T10:45:28.694+0000] {processor.py:830} INFO - Processing file /opt/airflow/dags/check_version.py for tasks to queue
[2025-07-19T10:45:28.696+0000] {logging_mixin.py:188} INFO - [2025-07-19T10:45:28.696+0000] {dagbag.py:538} INFO - Filling up the DagBag from /opt/airflow/dags/check_version.py
[2025-07-19T10:45:28.726+0000] {processor.py:840} INFO - DAG(s) 'check_sklearn_version' retrieved from /opt/airflow/dags/check_version.py
[2025-07-19T10:45:28.774+0000] {logging_mixin.py:188} INFO - [2025-07-19T10:45:28.772+0000] {dag.py:3036} INFO - Sync 1 DAGs
[2025-07-19T10:45:28.798+0000] {logging_mixin.py:188} INFO - [2025-07-19T10:45:28.798+0000] {dag.py:3823} INFO - Setting next_dagrun for check_sklearn_version to None, run_after=None
[2025-07-19T10:45:28.868+0000] {processor.py:183} INFO - Processing /opt/airflow/dags/check_version.py took 0.183 seconds
[2025-07-19T10:45:59.569+0000] {processor.py:161} INFO - Started process (PID=13313) to work on /opt/airflow/dags/check_version.py
[2025-07-19T10:45:59.571+0000] {processor.py:830} INFO - Processing file /opt/airflow/dags/check_version.py for tasks to queue
[2025-07-19T10:45:59.574+0000] {logging_mixin.py:188} INFO - [2025-07-19T10:45:59.573+0000] {dagbag.py:538} INFO - Filling up the DagBag from /opt/airflow/dags/check_version.py
[2025-07-19T10:45:59.610+0000] {processor.py:840} INFO - DAG(s) 'check_sklearn_version' retrieved from /opt/airflow/dags/check_version.py
[2025-07-19T10:45:59.652+0000] {logging_mixin.py:188} INFO - [2025-07-19T10:45:59.652+0000] {dag.py:3036} INFO - Sync 1 DAGs
[2025-07-19T10:45:59.673+0000] {logging_mixin.py:188} INFO - [2025-07-19T10:45:59.672+0000] {dag.py:3823} INFO - Setting next_dagrun for check_sklearn_version to None, run_after=None
[2025-07-19T10:45:59.734+0000] {processor.py:183} INFO - Processing /opt/airflow/dags/check_version.py took 0.171 seconds
[2025-07-19T10:46:30.833+0000] {processor.py:161} INFO - Started process (PID=13338) to work on /opt/airflow/dags/check_version.py
[2025-07-19T10:46:30.835+0000] {processor.py:830} INFO - Processing file /opt/airflow/dags/check_version.py for tasks to queue
[2025-07-19T10:46:30.837+0000] {logging_mixin.py:188} INFO - [2025-07-19T10:46:30.837+0000] {dagbag.py:538} INFO - Filling up the DagBag from /opt/airflow/dags/check_version.py
[2025-07-19T10:46:30.870+0000] {processor.py:840} INFO - DAG(s) 'check_sklearn_version' retrieved from /opt/airflow/dags/check_version.py
[2025-07-19T10:46:31.032+0000] {logging_mixin.py:188} INFO - [2025-07-19T10:46:31.031+0000] {dag.py:3036} INFO - Sync 1 DAGs
[2025-07-19T10:46:31.051+0000] {logging_mixin.py:188} INFO - [2025-07-19T10:46:31.051+0000] {dag.py:3823} INFO - Setting next_dagrun for check_sklearn_version to None, run_after=None
[2025-07-19T10:46:31.099+0000] {processor.py:183} INFO - Processing /opt/airflow/dags/check_version.py took 0.272 seconds
[2025-07-19T10:47:03.436+0000] {processor.py:161} INFO - Started process (PID=13372) to work on /opt/airflow/dags/check_version.py
[2025-07-19T10:47:03.439+0000] {processor.py:830} INFO - Processing file /opt/airflow/dags/check_version.py for tasks to queue
[2025-07-19T10:47:03.442+0000] {logging_mixin.py:188} INFO - [2025-07-19T10:47:03.441+0000] {dagbag.py:538} INFO - Filling up the DagBag from /opt/airflow/dags/check_version.py
[2025-07-19T10:47:03.475+0000] {processor.py:840} INFO - DAG(s) 'check_sklearn_version' retrieved from /opt/airflow/dags/check_version.py
[2025-07-19T10:47:03.517+0000] {logging_mixin.py:188} INFO - [2025-07-19T10:47:03.516+0000] {dag.py:3036} INFO - Sync 1 DAGs
[2025-07-19T10:47:03.684+0000] {logging_mixin.py:188} INFO - [2025-07-19T10:47:03.684+0000] {dag.py:3823} INFO - Setting next_dagrun for check_sklearn_version to None, run_after=None
[2025-07-19T10:47:03.717+0000] {processor.py:183} INFO - Processing /opt/airflow/dags/check_version.py took 0.290 seconds
[2025-07-19T10:47:34.249+0000] {processor.py:161} INFO - Started process (PID=13395) to work on /opt/airflow/dags/check_version.py
[2025-07-19T10:47:34.251+0000] {processor.py:830} INFO - Processing file /opt/airflow/dags/check_version.py for tasks to queue
[2025-07-19T10:47:34.254+0000] {logging_mixin.py:188} INFO - [2025-07-19T10:47:34.253+0000] {dagbag.py:538} INFO - Filling up the DagBag from /opt/airflow/dags/check_version.py
[2025-07-19T10:47:34.285+0000] {processor.py:840} INFO - DAG(s) 'check_sklearn_version' retrieved from /opt/airflow/dags/check_version.py
[2025-07-19T10:47:34.331+0000] {logging_mixin.py:188} INFO - [2025-07-19T10:47:34.331+0000] {dag.py:3036} INFO - Sync 1 DAGs
[2025-07-19T10:47:34.356+0000] {logging_mixin.py:188} INFO - [2025-07-19T10:47:34.355+0000] {dag.py:3823} INFO - Setting next_dagrun for check_sklearn_version to None, run_after=None
[2025-07-19T10:47:34.401+0000] {processor.py:183} INFO - Processing /opt/airflow/dags/check_version.py took 0.160 seconds
[2025-07-19T10:48:04.553+0000] {processor.py:161} INFO - Started process (PID=13420) to work on /opt/airflow/dags/check_version.py
[2025-07-19T10:48:04.556+0000] {processor.py:830} INFO - Processing file /opt/airflow/dags/check_version.py for tasks to queue
[2025-07-19T10:48:04.559+0000] {logging_mixin.py:188} INFO - [2025-07-19T10:48:04.558+0000] {dagbag.py:538} INFO - Filling up the DagBag from /opt/airflow/dags/check_version.py
[2025-07-19T10:48:04.590+0000] {processor.py:840} INFO - DAG(s) 'check_sklearn_version' retrieved from /opt/airflow/dags/check_version.py
[2025-07-19T10:48:04.641+0000] {logging_mixin.py:188} INFO - [2025-07-19T10:48:04.641+0000] {dag.py:3036} INFO - Sync 1 DAGs
[2025-07-19T10:48:04.667+0000] {logging_mixin.py:188} INFO - [2025-07-19T10:48:04.666+0000] {dag.py:3823} INFO - Setting next_dagrun for check_sklearn_version to None, run_after=None
[2025-07-19T10:48:04.708+0000] {processor.py:183} INFO - Processing /opt/airflow/dags/check_version.py took 0.162 seconds
[2025-07-19T10:48:44.687+0000] {processor.py:161} INFO - Started process (PID=13449) to work on /opt/airflow/dags/check_version.py
[2025-07-19T10:48:44.689+0000] {processor.py:830} INFO - Processing file /opt/airflow/dags/check_version.py for tasks to queue
[2025-07-19T10:48:44.692+0000] {logging_mixin.py:188} INFO - [2025-07-19T10:48:44.691+0000] {dagbag.py:538} INFO - Filling up the DagBag from /opt/airflow/dags/check_version.py
[2025-07-19T10:48:44.852+0000] {processor.py:840} INFO - DAG(s) 'check_sklearn_version' retrieved from /opt/airflow/dags/check_version.py
[2025-07-19T10:48:44.909+0000] {logging_mixin.py:188} INFO - [2025-07-19T10:48:44.909+0000] {dag.py:3036} INFO - Sync 1 DAGs
[2025-07-19T10:48:44.932+0000] {logging_mixin.py:188} INFO - [2025-07-19T10:48:44.932+0000] {dag.py:3823} INFO - Setting next_dagrun for check_sklearn_version to None, run_after=None
[2025-07-19T10:48:45.294+0000] {processor.py:183} INFO - Processing /opt/airflow/dags/check_version.py took 0.617 seconds
[2025-07-19T10:49:20.622+0000] {processor.py:161} INFO - Started process (PID=13488) to work on /opt/airflow/dags/check_version.py
[2025-07-19T10:49:20.624+0000] {processor.py:830} INFO - Processing file /opt/airflow/dags/check_version.py for tasks to queue
[2025-07-19T10:49:20.626+0000] {logging_mixin.py:188} INFO - [2025-07-19T10:49:20.625+0000] {dagbag.py:538} INFO - Filling up the DagBag from /opt/airflow/dags/check_version.py
[2025-07-19T10:49:20.652+0000] {processor.py:840} INFO - DAG(s) 'check_sklearn_version' retrieved from /opt/airflow/dags/check_version.py
[2025-07-19T10:49:20.827+0000] {logging_mixin.py:188} INFO - [2025-07-19T10:49:20.827+0000] {dag.py:3036} INFO - Sync 1 DAGs
[2025-07-19T10:49:20.847+0000] {logging_mixin.py:188} INFO - [2025-07-19T10:49:20.846+0000] {dag.py:3823} INFO - Setting next_dagrun for check_sklearn_version to None, run_after=None
[2025-07-19T10:49:21.043+0000] {processor.py:183} INFO - Processing /opt/airflow/dags/check_version.py took 0.777 seconds
[2025-07-19T10:49:51.768+0000] {processor.py:161} INFO - Started process (PID=13515) to work on /opt/airflow/dags/check_version.py
[2025-07-19T10:49:51.770+0000] {processor.py:830} INFO - Processing file /opt/airflow/dags/check_version.py for tasks to queue
[2025-07-19T10:49:51.773+0000] {logging_mixin.py:188} INFO - [2025-07-19T10:49:51.772+0000] {dagbag.py:538} INFO - Filling up the DagBag from /opt/airflow/dags/check_version.py
[2025-07-19T10:49:51.814+0000] {processor.py:840} INFO - DAG(s) 'check_sklearn_version' retrieved from /opt/airflow/dags/check_version.py
[2025-07-19T10:49:51.863+0000] {logging_mixin.py:188} INFO - [2025-07-19T10:49:51.863+0000] {dag.py:3036} INFO - Sync 1 DAGs
[2025-07-19T10:49:51.889+0000] {logging_mixin.py:188} INFO - [2025-07-19T10:49:51.888+0000] {dag.py:3823} INFO - Setting next_dagrun for check_sklearn_version to None, run_after=None
[2025-07-19T10:49:51.931+0000] {processor.py:183} INFO - Processing /opt/airflow/dags/check_version.py took 0.171 seconds
[2025-07-19T10:50:22.209+0000] {processor.py:161} INFO - Started process (PID=13542) to work on /opt/airflow/dags/check_version.py
[2025-07-19T10:50:22.211+0000] {processor.py:830} INFO - Processing file /opt/airflow/dags/check_version.py for tasks to queue
[2025-07-19T10:50:22.212+0000] {logging_mixin.py:188} INFO - [2025-07-19T10:50:22.212+0000] {dagbag.py:538} INFO - Filling up the DagBag from /opt/airflow/dags/check_version.py
[2025-07-19T10:50:22.246+0000] {processor.py:840} INFO - DAG(s) 'check_sklearn_version' retrieved from /opt/airflow/dags/check_version.py
[2025-07-19T10:50:22.285+0000] {logging_mixin.py:188} INFO - [2025-07-19T10:50:22.284+0000] {dag.py:3036} INFO - Sync 1 DAGs
[2025-07-19T10:50:22.301+0000] {logging_mixin.py:188} INFO - [2025-07-19T10:50:22.301+0000] {dag.py:3823} INFO - Setting next_dagrun for check_sklearn_version to None, run_after=None
[2025-07-19T10:50:22.339+0000] {processor.py:183} INFO - Processing /opt/airflow/dags/check_version.py took 0.134 seconds
[2025-07-19T10:50:52.716+0000] {processor.py:161} INFO - Started process (PID=13565) to work on /opt/airflow/dags/check_version.py
[2025-07-19T10:50:52.718+0000] {processor.py:830} INFO - Processing file /opt/airflow/dags/check_version.py for tasks to queue
[2025-07-19T10:50:52.719+0000] {logging_mixin.py:188} INFO - [2025-07-19T10:50:52.719+0000] {dagbag.py:538} INFO - Filling up the DagBag from /opt/airflow/dags/check_version.py
[2025-07-19T10:50:52.751+0000] {processor.py:840} INFO - DAG(s) 'check_sklearn_version' retrieved from /opt/airflow/dags/check_version.py
[2025-07-19T10:50:52.796+0000] {logging_mixin.py:188} INFO - [2025-07-19T10:50:52.796+0000] {dag.py:3036} INFO - Sync 1 DAGs
[2025-07-19T10:50:52.818+0000] {logging_mixin.py:188} INFO - [2025-07-19T10:50:52.817+0000] {dag.py:3823} INFO - Setting next_dagrun for check_sklearn_version to None, run_after=None
[2025-07-19T10:50:52.858+0000] {processor.py:183} INFO - Processing /opt/airflow/dags/check_version.py took 0.148 seconds
[2025-07-19T10:51:24.199+0000] {processor.py:161} INFO - Started process (PID=13597) to work on /opt/airflow/dags/check_version.py
[2025-07-19T10:51:24.201+0000] {processor.py:830} INFO - Processing file /opt/airflow/dags/check_version.py for tasks to queue
[2025-07-19T10:51:24.203+0000] {logging_mixin.py:188} INFO - [2025-07-19T10:51:24.203+0000] {dagbag.py:538} INFO - Filling up the DagBag from /opt/airflow/dags/check_version.py
[2025-07-19T10:51:24.235+0000] {processor.py:840} INFO - DAG(s) 'check_sklearn_version' retrieved from /opt/airflow/dags/check_version.py
[2025-07-19T10:51:24.282+0000] {logging_mixin.py:188} INFO - [2025-07-19T10:51:24.282+0000] {dag.py:3036} INFO - Sync 1 DAGs
[2025-07-19T10:51:24.299+0000] {logging_mixin.py:188} INFO - [2025-07-19T10:51:24.299+0000] {dag.py:3823} INFO - Setting next_dagrun for check_sklearn_version to None, run_after=None
[2025-07-19T10:51:24.330+0000] {processor.py:183} INFO - Processing /opt/airflow/dags/check_version.py took 0.140 seconds
[2025-07-19T10:51:54.476+0000] {processor.py:161} INFO - Started process (PID=13622) to work on /opt/airflow/dags/check_version.py
[2025-07-19T10:51:54.478+0000] {processor.py:830} INFO - Processing file /opt/airflow/dags/check_version.py for tasks to queue
[2025-07-19T10:51:54.480+0000] {logging_mixin.py:188} INFO - [2025-07-19T10:51:54.480+0000] {dagbag.py:538} INFO - Filling up the DagBag from /opt/airflow/dags/check_version.py
[2025-07-19T10:51:54.512+0000] {processor.py:840} INFO - DAG(s) 'check_sklearn_version' retrieved from /opt/airflow/dags/check_version.py
[2025-07-19T10:51:54.565+0000] {logging_mixin.py:188} INFO - [2025-07-19T10:51:54.565+0000] {dag.py:3036} INFO - Sync 1 DAGs
[2025-07-19T10:51:54.582+0000] {logging_mixin.py:188} INFO - [2025-07-19T10:51:54.582+0000] {dag.py:3823} INFO - Setting next_dagrun for check_sklearn_version to None, run_after=None
[2025-07-19T10:51:54.614+0000] {processor.py:183} INFO - Processing /opt/airflow/dags/check_version.py took 0.143 seconds
[2025-07-19T10:52:24.723+0000] {processor.py:161} INFO - Started process (PID=13645) to work on /opt/airflow/dags/check_version.py
[2025-07-19T10:52:24.725+0000] {processor.py:830} INFO - Processing file /opt/airflow/dags/check_version.py for tasks to queue
[2025-07-19T10:52:24.727+0000] {logging_mixin.py:188} INFO - [2025-07-19T10:52:24.726+0000] {dagbag.py:538} INFO - Filling up the DagBag from /opt/airflow/dags/check_version.py
[2025-07-19T10:52:24.758+0000] {processor.py:840} INFO - DAG(s) 'check_sklearn_version' retrieved from /opt/airflow/dags/check_version.py
[2025-07-19T10:52:24.797+0000] {logging_mixin.py:188} INFO - [2025-07-19T10:52:24.796+0000] {dag.py:3036} INFO - Sync 1 DAGs
[2025-07-19T10:52:24.813+0000] {logging_mixin.py:188} INFO - [2025-07-19T10:52:24.813+0000] {dag.py:3823} INFO - Setting next_dagrun for check_sklearn_version to None, run_after=None
[2025-07-19T10:52:24.841+0000] {processor.py:183} INFO - Processing /opt/airflow/dags/check_version.py took 0.125 seconds
[2025-07-19T10:52:55.743+0000] {processor.py:161} INFO - Started process (PID=13670) to work on /opt/airflow/dags/check_version.py
[2025-07-19T10:52:55.746+0000] {processor.py:830} INFO - Processing file /opt/airflow/dags/check_version.py for tasks to queue
[2025-07-19T10:52:55.749+0000] {logging_mixin.py:188} INFO - [2025-07-19T10:52:55.748+0000] {dagbag.py:538} INFO - Filling up the DagBag from /opt/airflow/dags/check_version.py
[2025-07-19T10:52:55.780+0000] {processor.py:840} INFO - DAG(s) 'check_sklearn_version' retrieved from /opt/airflow/dags/check_version.py
[2025-07-19T10:52:55.864+0000] {logging_mixin.py:188} INFO - [2025-07-19T10:52:55.864+0000] {dag.py:3036} INFO - Sync 1 DAGs
[2025-07-19T10:52:55.889+0000] {logging_mixin.py:188} INFO - [2025-07-19T10:52:55.888+0000] {dag.py:3823} INFO - Setting next_dagrun for check_sklearn_version to None, run_after=None
[2025-07-19T10:52:55.929+0000] {processor.py:183} INFO - Processing /opt/airflow/dags/check_version.py took 0.191 seconds
[2025-07-19T10:53:27.042+0000] {processor.py:161} INFO - Started process (PID=13697) to work on /opt/airflow/dags/check_version.py
[2025-07-19T10:53:27.044+0000] {processor.py:830} INFO - Processing file /opt/airflow/dags/check_version.py for tasks to queue
[2025-07-19T10:53:27.047+0000] {logging_mixin.py:188} INFO - [2025-07-19T10:53:27.046+0000] {dagbag.py:538} INFO - Filling up the DagBag from /opt/airflow/dags/check_version.py
[2025-07-19T10:53:27.078+0000] {processor.py:840} INFO - DAG(s) 'check_sklearn_version' retrieved from /opt/airflow/dags/check_version.py
[2025-07-19T10:53:27.129+0000] {logging_mixin.py:188} INFO - [2025-07-19T10:53:27.129+0000] {dag.py:3036} INFO - Sync 1 DAGs
[2025-07-19T10:53:27.155+0000] {logging_mixin.py:188} INFO - [2025-07-19T10:53:27.155+0000] {dag.py:3823} INFO - Setting next_dagrun for check_sklearn_version to None, run_after=None
[2025-07-19T10:53:27.526+0000] {processor.py:183} INFO - Processing /opt/airflow/dags/check_version.py took 0.490 seconds
[2025-07-19T10:53:57.635+0000] {processor.py:161} INFO - Started process (PID=13722) to work on /opt/airflow/dags/check_version.py
[2025-07-19T10:53:57.636+0000] {processor.py:830} INFO - Processing file /opt/airflow/dags/check_version.py for tasks to queue
[2025-07-19T10:53:57.639+0000] {logging_mixin.py:188} INFO - [2025-07-19T10:53:57.639+0000] {dagbag.py:538} INFO - Filling up the DagBag from /opt/airflow/dags/check_version.py
[2025-07-19T10:53:57.670+0000] {processor.py:840} INFO - DAG(s) 'check_sklearn_version' retrieved from /opt/airflow/dags/check_version.py
[2025-07-19T10:53:57.715+0000] {logging_mixin.py:188} INFO - [2025-07-19T10:53:57.715+0000] {dag.py:3036} INFO - Sync 1 DAGs
[2025-07-19T10:53:57.734+0000] {logging_mixin.py:188} INFO - [2025-07-19T10:53:57.733+0000] {dag.py:3823} INFO - Setting next_dagrun for check_sklearn_version to None, run_after=None
[2025-07-19T10:53:57.773+0000] {processor.py:183} INFO - Processing /opt/airflow/dags/check_version.py took 0.144 seconds
[2025-07-19T10:54:28.568+0000] {processor.py:161} INFO - Started process (PID=13747) to work on /opt/airflow/dags/check_version.py
[2025-07-19T10:54:28.569+0000] {processor.py:830} INFO - Processing file /opt/airflow/dags/check_version.py for tasks to queue
[2025-07-19T10:54:28.571+0000] {logging_mixin.py:188} INFO - [2025-07-19T10:54:28.571+0000] {dagbag.py:538} INFO - Filling up the DagBag from /opt/airflow/dags/check_version.py
[2025-07-19T10:54:28.599+0000] {processor.py:840} INFO - DAG(s) 'check_sklearn_version' retrieved from /opt/airflow/dags/check_version.py
[2025-07-19T10:54:28.642+0000] {logging_mixin.py:188} INFO - [2025-07-19T10:54:28.641+0000] {dag.py:3036} INFO - Sync 1 DAGs
[2025-07-19T10:54:28.660+0000] {logging_mixin.py:188} INFO - [2025-07-19T10:54:28.659+0000] {dag.py:3823} INFO - Setting next_dagrun for check_sklearn_version to None, run_after=None
[2025-07-19T10:54:28.691+0000] {processor.py:183} INFO - Processing /opt/airflow/dags/check_version.py took 0.129 seconds
[2025-07-19T10:54:58.774+0000] {processor.py:161} INFO - Started process (PID=13770) to work on /opt/airflow/dags/check_version.py
[2025-07-19T10:54:58.776+0000] {processor.py:830} INFO - Processing file /opt/airflow/dags/check_version.py for tasks to queue
[2025-07-19T10:54:58.778+0000] {logging_mixin.py:188} INFO - [2025-07-19T10:54:58.778+0000] {dagbag.py:538} INFO - Filling up the DagBag from /opt/airflow/dags/check_version.py
[2025-07-19T10:54:58.807+0000] {processor.py:840} INFO - DAG(s) 'check_sklearn_version' retrieved from /opt/airflow/dags/check_version.py
[2025-07-19T10:54:58.850+0000] {logging_mixin.py:188} INFO - [2025-07-19T10:54:58.849+0000] {dag.py:3036} INFO - Sync 1 DAGs
[2025-07-19T10:54:58.872+0000] {logging_mixin.py:188} INFO - [2025-07-19T10:54:58.872+0000] {dag.py:3823} INFO - Setting next_dagrun for check_sklearn_version to None, run_after=None
[2025-07-19T10:54:58.897+0000] {processor.py:183} INFO - Processing /opt/airflow/dags/check_version.py took 0.127 seconds
[2025-07-19T10:55:29.986+0000] {processor.py:161} INFO - Started process (PID=13797) to work on /opt/airflow/dags/check_version.py
[2025-07-19T10:55:29.987+0000] {processor.py:830} INFO - Processing file /opt/airflow/dags/check_version.py for tasks to queue
[2025-07-19T10:55:29.989+0000] {logging_mixin.py:188} INFO - [2025-07-19T10:55:29.988+0000] {dagbag.py:538} INFO - Filling up the DagBag from /opt/airflow/dags/check_version.py
[2025-07-19T10:55:30.012+0000] {processor.py:840} INFO - DAG(s) 'check_sklearn_version' retrieved from /opt/airflow/dags/check_version.py
[2025-07-19T10:55:30.054+0000] {logging_mixin.py:188} INFO - [2025-07-19T10:55:30.054+0000] {dag.py:3036} INFO - Sync 1 DAGs
[2025-07-19T10:55:30.070+0000] {logging_mixin.py:188} INFO - [2025-07-19T10:55:30.069+0000] {dag.py:3823} INFO - Setting next_dagrun for check_sklearn_version to None, run_after=None
[2025-07-19T10:55:30.094+0000] {processor.py:183} INFO - Processing /opt/airflow/dags/check_version.py took 0.111 seconds
[2025-07-19T10:56:00.825+0000] {processor.py:161} INFO - Started process (PID=13822) to work on /opt/airflow/dags/check_version.py
[2025-07-19T10:56:00.828+0000] {processor.py:830} INFO - Processing file /opt/airflow/dags/check_version.py for tasks to queue
[2025-07-19T10:56:00.832+0000] {logging_mixin.py:188} INFO - [2025-07-19T10:56:00.831+0000] {dagbag.py:538} INFO - Filling up the DagBag from /opt/airflow/dags/check_version.py
[2025-07-19T10:56:00.882+0000] {processor.py:840} INFO - DAG(s) 'check_sklearn_version' retrieved from /opt/airflow/dags/check_version.py
[2025-07-19T10:56:00.962+0000] {logging_mixin.py:188} INFO - [2025-07-19T10:56:00.961+0000] {dag.py:3036} INFO - Sync 1 DAGs
[2025-07-19T10:56:00.997+0000] {logging_mixin.py:188} INFO - [2025-07-19T10:56:00.996+0000] {dag.py:3823} INFO - Setting next_dagrun for check_sklearn_version to None, run_after=None
[2025-07-19T10:56:01.043+0000] {processor.py:183} INFO - Processing /opt/airflow/dags/check_version.py took 0.226 seconds
[2025-07-19T10:56:31.305+0000] {processor.py:161} INFO - Started process (PID=13845) to work on /opt/airflow/dags/check_version.py
[2025-07-19T10:56:31.307+0000] {processor.py:830} INFO - Processing file /opt/airflow/dags/check_version.py for tasks to queue
[2025-07-19T10:56:31.310+0000] {logging_mixin.py:188} INFO - [2025-07-19T10:56:31.309+0000] {dagbag.py:538} INFO - Filling up the DagBag from /opt/airflow/dags/check_version.py
[2025-07-19T10:56:31.342+0000] {processor.py:840} INFO - DAG(s) 'check_sklearn_version' retrieved from /opt/airflow/dags/check_version.py
[2025-07-19T10:56:32.147+0000] {logging_mixin.py:188} INFO - [2025-07-19T10:56:32.147+0000] {dag.py:3036} INFO - Sync 1 DAGs
[2025-07-19T10:56:32.171+0000] {logging_mixin.py:188} INFO - [2025-07-19T10:56:32.171+0000] {dag.py:3823} INFO - Setting next_dagrun for check_sklearn_version to None, run_after=None
[2025-07-19T10:56:32.218+0000] {processor.py:183} INFO - Processing /opt/airflow/dags/check_version.py took 0.920 seconds
[2025-07-19T10:57:03.069+0000] {processor.py:161} INFO - Started process (PID=13872) to work on /opt/airflow/dags/check_version.py
[2025-07-19T10:57:03.070+0000] {processor.py:830} INFO - Processing file /opt/airflow/dags/check_version.py for tasks to queue
[2025-07-19T10:57:03.071+0000] {logging_mixin.py:188} INFO - [2025-07-19T10:57:03.071+0000] {dagbag.py:538} INFO - Filling up the DagBag from /opt/airflow/dags/check_version.py
[2025-07-19T10:57:03.102+0000] {processor.py:840} INFO - DAG(s) 'check_sklearn_version' retrieved from /opt/airflow/dags/check_version.py
[2025-07-19T10:57:03.139+0000] {logging_mixin.py:188} INFO - [2025-07-19T10:57:03.139+0000] {dag.py:3036} INFO - Sync 1 DAGs
[2025-07-19T10:57:03.154+0000] {logging_mixin.py:188} INFO - [2025-07-19T10:57:03.154+0000] {dag.py:3823} INFO - Setting next_dagrun for check_sklearn_version to None, run_after=None
[2025-07-19T10:57:03.183+0000] {processor.py:183} INFO - Processing /opt/airflow/dags/check_version.py took 0.119 seconds
[2025-07-19T10:57:33.450+0000] {processor.py:161} INFO - Started process (PID=13897) to work on /opt/airflow/dags/check_version.py
[2025-07-19T10:57:33.452+0000] {processor.py:830} INFO - Processing file /opt/airflow/dags/check_version.py for tasks to queue
[2025-07-19T10:57:33.454+0000] {logging_mixin.py:188} INFO - [2025-07-19T10:57:33.453+0000] {dagbag.py:538} INFO - Filling up the DagBag from /opt/airflow/dags/check_version.py
[2025-07-19T10:57:33.479+0000] {processor.py:840} INFO - DAG(s) 'check_sklearn_version' retrieved from /opt/airflow/dags/check_version.py
[2025-07-19T10:57:33.518+0000] {logging_mixin.py:188} INFO - [2025-07-19T10:57:33.518+0000] {dag.py:3036} INFO - Sync 1 DAGs
[2025-07-19T10:57:33.550+0000] {logging_mixin.py:188} INFO - [2025-07-19T10:57:33.549+0000] {dag.py:3823} INFO - Setting next_dagrun for check_sklearn_version to None, run_after=None
[2025-07-19T10:57:33.581+0000] {processor.py:183} INFO - Processing /opt/airflow/dags/check_version.py took 0.136 seconds
[2025-07-19T10:58:03.888+0000] {processor.py:161} INFO - Started process (PID=13922) to work on /opt/airflow/dags/check_version.py
[2025-07-19T10:58:03.889+0000] {processor.py:830} INFO - Processing file /opt/airflow/dags/check_version.py for tasks to queue
[2025-07-19T10:58:03.891+0000] {logging_mixin.py:188} INFO - [2025-07-19T10:58:03.890+0000] {dagbag.py:538} INFO - Filling up the DagBag from /opt/airflow/dags/check_version.py
[2025-07-19T10:58:03.922+0000] {processor.py:840} INFO - DAG(s) 'check_sklearn_version' retrieved from /opt/airflow/dags/check_version.py
[2025-07-19T10:58:03.962+0000] {logging_mixin.py:188} INFO - [2025-07-19T10:58:03.962+0000] {dag.py:3036} INFO - Sync 1 DAGs
[2025-07-19T10:58:03.978+0000] {logging_mixin.py:188} INFO - [2025-07-19T10:58:03.977+0000] {dag.py:3823} INFO - Setting next_dagrun for check_sklearn_version to None, run_after=None
[2025-07-19T10:58:04.010+0000] {processor.py:183} INFO - Processing /opt/airflow/dags/check_version.py took 0.127 seconds
[2025-07-19T10:58:34.513+0000] {processor.py:161} INFO - Started process (PID=13947) to work on /opt/airflow/dags/check_version.py
[2025-07-19T10:58:34.515+0000] {processor.py:830} INFO - Processing file /opt/airflow/dags/check_version.py for tasks to queue
[2025-07-19T10:58:34.517+0000] {logging_mixin.py:188} INFO - [2025-07-19T10:58:34.517+0000] {dagbag.py:538} INFO - Filling up the DagBag from /opt/airflow/dags/check_version.py
[2025-07-19T10:58:34.550+0000] {processor.py:840} INFO - DAG(s) 'check_sklearn_version' retrieved from /opt/airflow/dags/check_version.py
[2025-07-19T10:58:34.604+0000] {logging_mixin.py:188} INFO - [2025-07-19T10:58:34.604+0000] {dag.py:3036} INFO - Sync 1 DAGs
[2025-07-19T10:58:34.621+0000] {logging_mixin.py:188} INFO - [2025-07-19T10:58:34.620+0000] {dag.py:3823} INFO - Setting next_dagrun for check_sklearn_version to None, run_after=None
[2025-07-19T10:58:34.651+0000] {processor.py:183} INFO - Processing /opt/airflow/dags/check_version.py took 0.147 seconds
[2025-07-19T10:59:04.804+0000] {processor.py:161} INFO - Started process (PID=13972) to work on /opt/airflow/dags/check_version.py
[2025-07-19T10:59:04.806+0000] {processor.py:830} INFO - Processing file /opt/airflow/dags/check_version.py for tasks to queue
[2025-07-19T10:59:04.808+0000] {logging_mixin.py:188} INFO - [2025-07-19T10:59:04.807+0000] {dagbag.py:538} INFO - Filling up the DagBag from /opt/airflow/dags/check_version.py
[2025-07-19T10:59:04.843+0000] {processor.py:840} INFO - DAG(s) 'check_sklearn_version' retrieved from /opt/airflow/dags/check_version.py
[2025-07-19T10:59:04.889+0000] {logging_mixin.py:188} INFO - [2025-07-19T10:59:04.888+0000] {dag.py:3036} INFO - Sync 1 DAGs
[2025-07-19T10:59:04.918+0000] {logging_mixin.py:188} INFO - [2025-07-19T10:59:04.917+0000] {dag.py:3823} INFO - Setting next_dagrun for check_sklearn_version to None, run_after=None
[2025-07-19T10:59:04.960+0000] {processor.py:183} INFO - Processing /opt/airflow/dags/check_version.py took 0.162 seconds
[2025-07-19T10:59:35.175+0000] {processor.py:161} INFO - Started process (PID=13997) to work on /opt/airflow/dags/check_version.py
[2025-07-19T10:59:35.176+0000] {processor.py:830} INFO - Processing file /opt/airflow/dags/check_version.py for tasks to queue
[2025-07-19T10:59:35.178+0000] {logging_mixin.py:188} INFO - [2025-07-19T10:59:35.177+0000] {dagbag.py:538} INFO - Filling up the DagBag from /opt/airflow/dags/check_version.py
[2025-07-19T10:59:35.209+0000] {processor.py:840} INFO - DAG(s) 'check_sklearn_version' retrieved from /opt/airflow/dags/check_version.py
[2025-07-19T10:59:35.294+0000] {logging_mixin.py:188} INFO - [2025-07-19T10:59:35.293+0000] {dag.py:3036} INFO - Sync 1 DAGs
[2025-07-19T10:59:35.343+0000] {logging_mixin.py:188} INFO - [2025-07-19T10:59:35.343+0000] {dag.py:3823} INFO - Setting next_dagrun for check_sklearn_version to None, run_after=None
[2025-07-19T10:59:35.381+0000] {processor.py:183} INFO - Processing /opt/airflow/dags/check_version.py took 0.211 seconds
[2025-07-19T11:00:06.323+0000] {processor.py:161} INFO - Started process (PID=14022) to work on /opt/airflow/dags/check_version.py
[2025-07-19T11:00:06.324+0000] {processor.py:830} INFO - Processing file /opt/airflow/dags/check_version.py for tasks to queue
[2025-07-19T11:00:06.326+0000] {logging_mixin.py:188} INFO - [2025-07-19T11:00:06.325+0000] {dagbag.py:538} INFO - Filling up the DagBag from /opt/airflow/dags/check_version.py
[2025-07-19T11:00:06.349+0000] {processor.py:840} INFO - DAG(s) 'check_sklearn_version' retrieved from /opt/airflow/dags/check_version.py
[2025-07-19T11:00:06.393+0000] {logging_mixin.py:188} INFO - [2025-07-19T11:00:06.393+0000] {dag.py:3036} INFO - Sync 1 DAGs
[2025-07-19T11:00:06.422+0000] {logging_mixin.py:188} INFO - [2025-07-19T11:00:06.422+0000] {dag.py:3823} INFO - Setting next_dagrun for check_sklearn_version to None, run_after=None
[2025-07-19T11:00:06.466+0000] {processor.py:183} INFO - Processing /opt/airflow/dags/check_version.py took 0.149 seconds
[2025-07-19T11:00:37.351+0000] {processor.py:161} INFO - Started process (PID=14047) to work on /opt/airflow/dags/check_version.py
[2025-07-19T11:00:37.352+0000] {processor.py:830} INFO - Processing file /opt/airflow/dags/check_version.py for tasks to queue
[2025-07-19T11:00:37.353+0000] {logging_mixin.py:188} INFO - [2025-07-19T11:00:37.353+0000] {dagbag.py:538} INFO - Filling up the DagBag from /opt/airflow/dags/check_version.py
[2025-07-19T11:00:37.365+0000] {processor.py:840} INFO - DAG(s) 'check_sklearn_version' retrieved from /opt/airflow/dags/check_version.py
[2025-07-19T11:00:37.424+0000] {logging_mixin.py:188} INFO - [2025-07-19T11:00:37.424+0000] {dag.py:3036} INFO - Sync 1 DAGs
[2025-07-19T11:00:37.437+0000] {logging_mixin.py:188} INFO - [2025-07-19T11:00:37.437+0000] {dag.py:3823} INFO - Setting next_dagrun for check_sklearn_version to None, run_after=None
[2025-07-19T11:00:37.464+0000] {processor.py:183} INFO - Processing /opt/airflow/dags/check_version.py took 0.117 seconds
[2025-07-19T11:01:08.197+0000] {processor.py:161} INFO - Started process (PID=14072) to work on /opt/airflow/dags/check_version.py
[2025-07-19T11:01:08.198+0000] {processor.py:830} INFO - Processing file /opt/airflow/dags/check_version.py for tasks to queue
[2025-07-19T11:01:08.199+0000] {logging_mixin.py:188} INFO - [2025-07-19T11:01:08.199+0000] {dagbag.py:538} INFO - Filling up the DagBag from /opt/airflow/dags/check_version.py
[2025-07-19T11:01:08.232+0000] {processor.py:840} INFO - DAG(s) 'check_sklearn_version' retrieved from /opt/airflow/dags/check_version.py
[2025-07-19T11:01:08.260+0000] {logging_mixin.py:188} INFO - [2025-07-19T11:01:08.259+0000] {dag.py:3036} INFO - Sync 1 DAGs
[2025-07-19T11:01:08.271+0000] {logging_mixin.py:188} INFO - [2025-07-19T11:01:08.271+0000] {dag.py:3823} INFO - Setting next_dagrun for check_sklearn_version to None, run_after=None
[2025-07-19T11:01:08.295+0000] {processor.py:183} INFO - Processing /opt/airflow/dags/check_version.py took 0.102 seconds
[2025-07-19T11:01:39.075+0000] {processor.py:161} INFO - Started process (PID=14097) to work on /opt/airflow/dags/check_version.py
[2025-07-19T11:01:39.077+0000] {processor.py:830} INFO - Processing file /opt/airflow/dags/check_version.py for tasks to queue
[2025-07-19T11:01:39.078+0000] {logging_mixin.py:188} INFO - [2025-07-19T11:01:39.077+0000] {dagbag.py:538} INFO - Filling up the DagBag from /opt/airflow/dags/check_version.py
[2025-07-19T11:01:39.088+0000] {processor.py:840} INFO - DAG(s) 'check_sklearn_version' retrieved from /opt/airflow/dags/check_version.py
[2025-07-19T11:01:39.111+0000] {logging_mixin.py:188} INFO - [2025-07-19T11:01:39.111+0000] {dag.py:3036} INFO - Sync 1 DAGs
[2025-07-19T11:01:39.122+0000] {logging_mixin.py:188} INFO - [2025-07-19T11:01:39.122+0000] {dag.py:3823} INFO - Setting next_dagrun for check_sklearn_version to None, run_after=None
[2025-07-19T11:01:39.141+0000] {processor.py:183} INFO - Processing /opt/airflow/dags/check_version.py took 0.069 seconds
[2025-07-19T11:02:09.568+0000] {processor.py:161} INFO - Started process (PID=14122) to work on /opt/airflow/dags/check_version.py
[2025-07-19T11:02:09.569+0000] {processor.py:830} INFO - Processing file /opt/airflow/dags/check_version.py for tasks to queue
[2025-07-19T11:02:09.570+0000] {logging_mixin.py:188} INFO - [2025-07-19T11:02:09.569+0000] {dagbag.py:538} INFO - Filling up the DagBag from /opt/airflow/dags/check_version.py
[2025-07-19T11:02:09.580+0000] {processor.py:840} INFO - DAG(s) 'check_sklearn_version' retrieved from /opt/airflow/dags/check_version.py
[2025-07-19T11:02:09.605+0000] {logging_mixin.py:188} INFO - [2025-07-19T11:02:09.604+0000] {dag.py:3036} INFO - Sync 1 DAGs
[2025-07-19T11:02:09.616+0000] {logging_mixin.py:188} INFO - [2025-07-19T11:02:09.615+0000] {dag.py:3823} INFO - Setting next_dagrun for check_sklearn_version to None, run_after=None
[2025-07-19T11:02:09.635+0000] {processor.py:183} INFO - Processing /opt/airflow/dags/check_version.py took 0.070 seconds
[2025-07-19T11:02:40.037+0000] {processor.py:161} INFO - Started process (PID=14147) to work on /opt/airflow/dags/check_version.py
[2025-07-19T11:02:40.038+0000] {processor.py:830} INFO - Processing file /opt/airflow/dags/check_version.py for tasks to queue
[2025-07-19T11:02:40.039+0000] {logging_mixin.py:188} INFO - [2025-07-19T11:02:40.039+0000] {dagbag.py:538} INFO - Filling up the DagBag from /opt/airflow/dags/check_version.py
[2025-07-19T11:02:40.049+0000] {processor.py:840} INFO - DAG(s) 'check_sklearn_version' retrieved from /opt/airflow/dags/check_version.py
[2025-07-19T11:02:40.074+0000] {logging_mixin.py:188} INFO - [2025-07-19T11:02:40.074+0000] {dag.py:3036} INFO - Sync 1 DAGs
[2025-07-19T11:02:40.085+0000] {logging_mixin.py:188} INFO - [2025-07-19T11:02:40.085+0000] {dag.py:3823} INFO - Setting next_dagrun for check_sklearn_version to None, run_after=None
[2025-07-19T11:02:40.104+0000] {processor.py:183} INFO - Processing /opt/airflow/dags/check_version.py took 0.069 seconds
[2025-07-19T11:03:10.603+0000] {processor.py:161} INFO - Started process (PID=14172) to work on /opt/airflow/dags/check_version.py
[2025-07-19T11:03:10.604+0000] {processor.py:830} INFO - Processing file /opt/airflow/dags/check_version.py for tasks to queue
[2025-07-19T11:03:10.605+0000] {logging_mixin.py:188} INFO - [2025-07-19T11:03:10.605+0000] {dagbag.py:538} INFO - Filling up the DagBag from /opt/airflow/dags/check_version.py
[2025-07-19T11:03:10.615+0000] {processor.py:840} INFO - DAG(s) 'check_sklearn_version' retrieved from /opt/airflow/dags/check_version.py
[2025-07-19T11:03:10.639+0000] {logging_mixin.py:188} INFO - [2025-07-19T11:03:10.639+0000] {dag.py:3036} INFO - Sync 1 DAGs
[2025-07-19T11:03:10.649+0000] {logging_mixin.py:188} INFO - [2025-07-19T11:03:10.649+0000] {dag.py:3823} INFO - Setting next_dagrun for check_sklearn_version to None, run_after=None
[2025-07-19T11:03:10.670+0000] {processor.py:183} INFO - Processing /opt/airflow/dags/check_version.py took 0.069 seconds
[2025-07-19T11:03:41.063+0000] {processor.py:161} INFO - Started process (PID=14197) to work on /opt/airflow/dags/check_version.py
[2025-07-19T11:03:41.064+0000] {processor.py:830} INFO - Processing file /opt/airflow/dags/check_version.py for tasks to queue
[2025-07-19T11:03:41.065+0000] {logging_mixin.py:188} INFO - [2025-07-19T11:03:41.065+0000] {dagbag.py:538} INFO - Filling up the DagBag from /opt/airflow/dags/check_version.py
[2025-07-19T11:03:41.076+0000] {processor.py:840} INFO - DAG(s) 'check_sklearn_version' retrieved from /opt/airflow/dags/check_version.py
[2025-07-19T11:03:41.101+0000] {logging_mixin.py:188} INFO - [2025-07-19T11:03:41.100+0000] {dag.py:3036} INFO - Sync 1 DAGs
[2025-07-19T11:03:41.112+0000] {logging_mixin.py:188} INFO - [2025-07-19T11:03:41.111+0000] {dag.py:3823} INFO - Setting next_dagrun for check_sklearn_version to None, run_after=None
[2025-07-19T11:03:41.131+0000] {processor.py:183} INFO - Processing /opt/airflow/dags/check_version.py took 0.072 seconds
[2025-07-19T11:04:11.553+0000] {processor.py:161} INFO - Started process (PID=14222) to work on /opt/airflow/dags/check_version.py
[2025-07-19T11:04:11.554+0000] {processor.py:830} INFO - Processing file /opt/airflow/dags/check_version.py for tasks to queue
[2025-07-19T11:04:11.555+0000] {logging_mixin.py:188} INFO - [2025-07-19T11:04:11.555+0000] {dagbag.py:538} INFO - Filling up the DagBag from /opt/airflow/dags/check_version.py
[2025-07-19T11:04:11.565+0000] {processor.py:840} INFO - DAG(s) 'check_sklearn_version' retrieved from /opt/airflow/dags/check_version.py
[2025-07-19T11:04:11.589+0000] {logging_mixin.py:188} INFO - [2025-07-19T11:04:11.589+0000] {dag.py:3036} INFO - Sync 1 DAGs
[2025-07-19T11:04:11.601+0000] {logging_mixin.py:188} INFO - [2025-07-19T11:04:11.601+0000] {dag.py:3823} INFO - Setting next_dagrun for check_sklearn_version to None, run_after=None
[2025-07-19T11:04:11.631+0000] {processor.py:183} INFO - Processing /opt/airflow/dags/check_version.py took 0.081 seconds
[2025-07-19T11:04:42.300+0000] {processor.py:161} INFO - Started process (PID=14247) to work on /opt/airflow/dags/check_version.py
[2025-07-19T11:04:42.302+0000] {processor.py:830} INFO - Processing file /opt/airflow/dags/check_version.py for tasks to queue
[2025-07-19T11:04:42.305+0000] {logging_mixin.py:188} INFO - [2025-07-19T11:04:42.304+0000] {dagbag.py:538} INFO - Filling up the DagBag from /opt/airflow/dags/check_version.py
[2025-07-19T11:04:42.340+0000] {processor.py:840} INFO - DAG(s) 'check_sklearn_version' retrieved from /opt/airflow/dags/check_version.py
[2025-07-19T11:04:42.372+0000] {logging_mixin.py:188} INFO - [2025-07-19T11:04:42.372+0000] {dag.py:3036} INFO - Sync 1 DAGs
[2025-07-19T11:04:42.385+0000] {logging_mixin.py:188} INFO - [2025-07-19T11:04:42.384+0000] {dag.py:3823} INFO - Setting next_dagrun for check_sklearn_version to None, run_after=None
[2025-07-19T11:04:42.405+0000] {processor.py:183} INFO - Processing /opt/airflow/dags/check_version.py took 0.115 seconds
[2025-07-19T11:05:13.309+0000] {processor.py:161} INFO - Started process (PID=14272) to work on /opt/airflow/dags/check_version.py
[2025-07-19T11:05:13.311+0000] {processor.py:830} INFO - Processing file /opt/airflow/dags/check_version.py for tasks to queue
[2025-07-19T11:05:13.312+0000] {logging_mixin.py:188} INFO - [2025-07-19T11:05:13.311+0000] {dagbag.py:538} INFO - Filling up the DagBag from /opt/airflow/dags/check_version.py
[2025-07-19T11:05:13.322+0000] {processor.py:840} INFO - DAG(s) 'check_sklearn_version' retrieved from /opt/airflow/dags/check_version.py
[2025-07-19T11:05:13.377+0000] {logging_mixin.py:188} INFO - [2025-07-19T11:05:13.377+0000] {dag.py:3036} INFO - Sync 1 DAGs
[2025-07-19T11:05:13.390+0000] {logging_mixin.py:188} INFO - [2025-07-19T11:05:13.389+0000] {dag.py:3823} INFO - Setting next_dagrun for check_sklearn_version to None, run_after=None
[2025-07-19T11:05:13.413+0000] {processor.py:183} INFO - Processing /opt/airflow/dags/check_version.py took 0.107 seconds
[2025-07-19T11:05:43.508+0000] {processor.py:161} INFO - Started process (PID=14295) to work on /opt/airflow/dags/check_version.py
[2025-07-19T11:05:43.509+0000] {processor.py:830} INFO - Processing file /opt/airflow/dags/check_version.py for tasks to queue
[2025-07-19T11:05:43.510+0000] {logging_mixin.py:188} INFO - [2025-07-19T11:05:43.510+0000] {dagbag.py:538} INFO - Filling up the DagBag from /opt/airflow/dags/check_version.py
[2025-07-19T11:05:43.522+0000] {processor.py:840} INFO - DAG(s) 'check_sklearn_version' retrieved from /opt/airflow/dags/check_version.py
[2025-07-19T11:05:43.548+0000] {logging_mixin.py:188} INFO - [2025-07-19T11:05:43.548+0000] {dag.py:3036} INFO - Sync 1 DAGs
[2025-07-19T11:05:43.559+0000] {logging_mixin.py:188} INFO - [2025-07-19T11:05:43.559+0000] {dag.py:3823} INFO - Setting next_dagrun for check_sklearn_version to None, run_after=None
[2025-07-19T11:05:43.581+0000] {processor.py:183} INFO - Processing /opt/airflow/dags/check_version.py took 0.076 seconds
[2025-07-19T11:06:14.605+0000] {processor.py:161} INFO - Started process (PID=14320) to work on /opt/airflow/dags/check_version.py
[2025-07-19T11:06:14.606+0000] {processor.py:830} INFO - Processing file /opt/airflow/dags/check_version.py for tasks to queue
[2025-07-19T11:06:14.608+0000] {logging_mixin.py:188} INFO - [2025-07-19T11:06:14.607+0000] {dagbag.py:538} INFO - Filling up the DagBag from /opt/airflow/dags/check_version.py
[2025-07-19T11:06:14.627+0000] {processor.py:840} INFO - DAG(s) 'check_sklearn_version' retrieved from /opt/airflow/dags/check_version.py
[2025-07-19T11:06:14.655+0000] {logging_mixin.py:188} INFO - [2025-07-19T11:06:14.655+0000] {dag.py:3036} INFO - Sync 1 DAGs
[2025-07-19T11:06:14.669+0000] {logging_mixin.py:188} INFO - [2025-07-19T11:06:14.668+0000] {dag.py:3823} INFO - Setting next_dagrun for check_sklearn_version to None, run_after=None
[2025-07-19T11:06:14.690+0000] {processor.py:183} INFO - Processing /opt/airflow/dags/check_version.py took 0.090 seconds
[2025-07-19T11:06:45.212+0000] {processor.py:161} INFO - Started process (PID=14344) to work on /opt/airflow/dags/check_version.py
[2025-07-19T11:06:45.213+0000] {processor.py:830} INFO - Processing file /opt/airflow/dags/check_version.py for tasks to queue
[2025-07-19T11:06:45.214+0000] {logging_mixin.py:188} INFO - [2025-07-19T11:06:45.214+0000] {dagbag.py:538} INFO - Filling up the DagBag from /opt/airflow/dags/check_version.py
[2025-07-19T11:06:45.250+0000] {processor.py:840} INFO - DAG(s) 'check_sklearn_version' retrieved from /opt/airflow/dags/check_version.py
[2025-07-19T11:06:45.279+0000] {logging_mixin.py:188} INFO - [2025-07-19T11:06:45.279+0000] {dag.py:3036} INFO - Sync 1 DAGs
[2025-07-19T11:06:45.291+0000] {logging_mixin.py:188} INFO - [2025-07-19T11:06:45.291+0000] {dag.py:3823} INFO - Setting next_dagrun for check_sklearn_version to None, run_after=None
[2025-07-19T11:06:45.315+0000] {processor.py:183} INFO - Processing /opt/airflow/dags/check_version.py took 0.106 seconds
[2025-07-19T11:07:16.154+0000] {processor.py:161} INFO - Started process (PID=14370) to work on /opt/airflow/dags/check_version.py
[2025-07-19T11:07:16.155+0000] {processor.py:830} INFO - Processing file /opt/airflow/dags/check_version.py for tasks to queue
[2025-07-19T11:07:16.156+0000] {logging_mixin.py:188} INFO - [2025-07-19T11:07:16.156+0000] {dagbag.py:538} INFO - Filling up the DagBag from /opt/airflow/dags/check_version.py
[2025-07-19T11:07:16.184+0000] {processor.py:840} INFO - DAG(s) 'check_sklearn_version' retrieved from /opt/airflow/dags/check_version.py
[2025-07-19T11:07:16.269+0000] {logging_mixin.py:188} INFO - [2025-07-19T11:07:16.269+0000] {dag.py:3036} INFO - Sync 1 DAGs
[2025-07-19T11:07:16.281+0000] {logging_mixin.py:188} INFO - [2025-07-19T11:07:16.280+0000] {dag.py:3823} INFO - Setting next_dagrun for check_sklearn_version to None, run_after=None
[2025-07-19T11:07:16.300+0000] {processor.py:183} INFO - Processing /opt/airflow/dags/check_version.py took 0.149 seconds
[2025-07-19T11:07:46.687+0000] {processor.py:161} INFO - Started process (PID=14395) to work on /opt/airflow/dags/check_version.py
[2025-07-19T11:07:46.688+0000] {processor.py:830} INFO - Processing file /opt/airflow/dags/check_version.py for tasks to queue
[2025-07-19T11:07:46.689+0000] {logging_mixin.py:188} INFO - [2025-07-19T11:07:46.689+0000] {dagbag.py:538} INFO - Filling up the DagBag from /opt/airflow/dags/check_version.py
[2025-07-19T11:07:46.868+0000] {processor.py:840} INFO - DAG(s) 'check_sklearn_version' retrieved from /opt/airflow/dags/check_version.py
[2025-07-19T11:07:46.893+0000] {logging_mixin.py:188} INFO - [2025-07-19T11:07:46.892+0000] {dag.py:3036} INFO - Sync 1 DAGs
[2025-07-19T11:07:46.904+0000] {logging_mixin.py:188} INFO - [2025-07-19T11:07:46.904+0000] {dag.py:3823} INFO - Setting next_dagrun for check_sklearn_version to None, run_after=None
[2025-07-19T11:07:46.926+0000] {processor.py:183} INFO - Processing /opt/airflow/dags/check_version.py took 0.242 seconds
[2025-07-19T11:08:18.072+0000] {processor.py:161} INFO - Started process (PID=14420) to work on /opt/airflow/dags/check_version.py
[2025-07-19T11:08:18.114+0000] {processor.py:830} INFO - Processing file /opt/airflow/dags/check_version.py for tasks to queue
[2025-07-19T11:08:18.116+0000] {logging_mixin.py:188} INFO - [2025-07-19T11:08:18.115+0000] {dagbag.py:538} INFO - Filling up the DagBag from /opt/airflow/dags/check_version.py
[2025-07-19T11:08:18.222+0000] {processor.py:840} INFO - DAG(s) 'check_sklearn_version' retrieved from /opt/airflow/dags/check_version.py
[2025-07-19T11:08:18.277+0000] {logging_mixin.py:188} INFO - [2025-07-19T11:08:18.277+0000] {dag.py:3036} INFO - Sync 1 DAGs
[2025-07-19T11:08:18.288+0000] {logging_mixin.py:188} INFO - [2025-07-19T11:08:18.288+0000] {dag.py:3823} INFO - Setting next_dagrun for check_sklearn_version to None, run_after=None
[2025-07-19T11:08:18.358+0000] {processor.py:183} INFO - Processing /opt/airflow/dags/check_version.py took 0.290 seconds
[2025-07-19T11:08:50.684+0000] {processor.py:161} INFO - Started process (PID=14447) to work on /opt/airflow/dags/check_version.py
[2025-07-19T11:08:50.685+0000] {processor.py:830} INFO - Processing file /opt/airflow/dags/check_version.py for tasks to queue
[2025-07-19T11:08:50.686+0000] {logging_mixin.py:188} INFO - [2025-07-19T11:08:50.686+0000] {dagbag.py:538} INFO - Filling up the DagBag from /opt/airflow/dags/check_version.py
[2025-07-19T11:08:50.943+0000] {processor.py:840} INFO - DAG(s) 'check_sklearn_version' retrieved from /opt/airflow/dags/check_version.py
[2025-07-19T11:08:50.991+0000] {logging_mixin.py:188} INFO - [2025-07-19T11:08:50.991+0000] {dag.py:3036} INFO - Sync 1 DAGs
[2025-07-19T11:08:51.002+0000] {logging_mixin.py:188} INFO - [2025-07-19T11:08:51.002+0000] {dag.py:3823} INFO - Setting next_dagrun for check_sklearn_version to None, run_after=None
[2025-07-19T11:08:51.022+0000] {processor.py:183} INFO - Processing /opt/airflow/dags/check_version.py took 0.341 seconds
[2025-07-19T11:09:21.809+0000] {processor.py:161} INFO - Started process (PID=14472) to work on /opt/airflow/dags/check_version.py
[2025-07-19T11:09:21.810+0000] {processor.py:830} INFO - Processing file /opt/airflow/dags/check_version.py for tasks to queue
[2025-07-19T11:09:21.811+0000] {logging_mixin.py:188} INFO - [2025-07-19T11:09:21.810+0000] {dagbag.py:538} INFO - Filling up the DagBag from /opt/airflow/dags/check_version.py
[2025-07-19T11:09:21.953+0000] {processor.py:840} INFO - DAG(s) 'check_sklearn_version' retrieved from /opt/airflow/dags/check_version.py
[2025-07-19T11:09:22.050+0000] {logging_mixin.py:188} INFO - [2025-07-19T11:09:22.050+0000] {dag.py:3036} INFO - Sync 1 DAGs
[2025-07-19T11:09:22.063+0000] {logging_mixin.py:188} INFO - [2025-07-19T11:09:22.063+0000] {dag.py:3823} INFO - Setting next_dagrun for check_sklearn_version to None, run_after=None
[2025-07-19T11:09:22.087+0000] {processor.py:183} INFO - Processing /opt/airflow/dags/check_version.py took 0.282 seconds
[2025-07-19T11:09:52.913+0000] {processor.py:161} INFO - Started process (PID=14500) to work on /opt/airflow/dags/check_version.py
[2025-07-19T11:09:52.915+0000] {processor.py:830} INFO - Processing file /opt/airflow/dags/check_version.py for tasks to queue
[2025-07-19T11:09:52.916+0000] {logging_mixin.py:188} INFO - [2025-07-19T11:09:52.915+0000] {dagbag.py:538} INFO - Filling up the DagBag from /opt/airflow/dags/check_version.py
[2025-07-19T11:09:52.987+0000] {processor.py:840} INFO - DAG(s) 'check_sklearn_version' retrieved from /opt/airflow/dags/check_version.py
[2025-07-19T11:09:53.061+0000] {logging_mixin.py:188} INFO - [2025-07-19T11:09:53.061+0000] {dag.py:3036} INFO - Sync 1 DAGs
[2025-07-19T11:09:53.074+0000] {logging_mixin.py:188} INFO - [2025-07-19T11:09:53.074+0000] {dag.py:3823} INFO - Setting next_dagrun for check_sklearn_version to None, run_after=None
[2025-07-19T11:09:53.100+0000] {processor.py:183} INFO - Processing /opt/airflow/dags/check_version.py took 0.190 seconds
[2025-07-19T11:10:23.863+0000] {processor.py:161} INFO - Started process (PID=14525) to work on /opt/airflow/dags/check_version.py
[2025-07-19T11:10:23.864+0000] {processor.py:830} INFO - Processing file /opt/airflow/dags/check_version.py for tasks to queue
[2025-07-19T11:10:23.865+0000] {logging_mixin.py:188} INFO - [2025-07-19T11:10:23.864+0000] {dagbag.py:538} INFO - Filling up the DagBag from /opt/airflow/dags/check_version.py
[2025-07-19T11:10:23.897+0000] {processor.py:840} INFO - DAG(s) 'check_sklearn_version' retrieved from /opt/airflow/dags/check_version.py
[2025-07-19T11:10:23.926+0000] {logging_mixin.py:188} INFO - [2025-07-19T11:10:23.926+0000] {dag.py:3036} INFO - Sync 1 DAGs
[2025-07-19T11:10:23.938+0000] {logging_mixin.py:188} INFO - [2025-07-19T11:10:23.937+0000] {dag.py:3823} INFO - Setting next_dagrun for check_sklearn_version to None, run_after=None
[2025-07-19T11:10:24.105+0000] {processor.py:183} INFO - Processing /opt/airflow/dags/check_version.py took 0.245 seconds
[2025-07-19T11:10:54.996+0000] {processor.py:161} INFO - Started process (PID=14552) to work on /opt/airflow/dags/check_version.py
[2025-07-19T11:10:54.997+0000] {processor.py:830} INFO - Processing file /opt/airflow/dags/check_version.py for tasks to queue
[2025-07-19T11:10:54.998+0000] {logging_mixin.py:188} INFO - [2025-07-19T11:10:54.998+0000] {dagbag.py:538} INFO - Filling up the DagBag from /opt/airflow/dags/check_version.py
[2025-07-19T11:10:55.179+0000] {processor.py:840} INFO - DAG(s) 'check_sklearn_version' retrieved from /opt/airflow/dags/check_version.py
[2025-07-19T11:10:55.229+0000] {logging_mixin.py:188} INFO - [2025-07-19T11:10:55.228+0000] {dag.py:3036} INFO - Sync 1 DAGs
[2025-07-19T11:10:55.241+0000] {logging_mixin.py:188} INFO - [2025-07-19T11:10:55.240+0000] {dag.py:3823} INFO - Setting next_dagrun for check_sklearn_version to None, run_after=None
[2025-07-19T11:10:55.263+0000] {processor.py:183} INFO - Processing /opt/airflow/dags/check_version.py took 0.270 seconds
[2025-07-19T11:11:26.073+0000] {processor.py:161} INFO - Started process (PID=14575) to work on /opt/airflow/dags/check_version.py
[2025-07-19T11:11:26.074+0000] {processor.py:830} INFO - Processing file /opt/airflow/dags/check_version.py for tasks to queue
[2025-07-19T11:11:26.075+0000] {logging_mixin.py:188} INFO - [2025-07-19T11:11:26.074+0000] {dagbag.py:538} INFO - Filling up the DagBag from /opt/airflow/dags/check_version.py
[2025-07-19T11:11:26.295+0000] {processor.py:840} INFO - DAG(s) 'check_sklearn_version' retrieved from /opt/airflow/dags/check_version.py
[2025-07-19T11:11:26.351+0000] {logging_mixin.py:188} INFO - [2025-07-19T11:11:26.351+0000] {dag.py:3036} INFO - Sync 1 DAGs
[2025-07-19T11:11:26.363+0000] {logging_mixin.py:188} INFO - [2025-07-19T11:11:26.362+0000] {dag.py:3823} INFO - Setting next_dagrun for check_sklearn_version to None, run_after=None
[2025-07-19T11:11:26.385+0000] {processor.py:183} INFO - Processing /opt/airflow/dags/check_version.py took 0.315 seconds
[2025-07-19T11:11:57.045+0000] {processor.py:161} INFO - Started process (PID=14602) to work on /opt/airflow/dags/check_version.py
[2025-07-19T11:11:57.046+0000] {processor.py:830} INFO - Processing file /opt/airflow/dags/check_version.py for tasks to queue
[2025-07-19T11:11:57.047+0000] {logging_mixin.py:188} INFO - [2025-07-19T11:11:57.046+0000] {dagbag.py:538} INFO - Filling up the DagBag from /opt/airflow/dags/check_version.py
[2025-07-19T11:11:57.059+0000] {processor.py:840} INFO - DAG(s) 'check_sklearn_version' retrieved from /opt/airflow/dags/check_version.py
[2025-07-19T11:11:57.085+0000] {logging_mixin.py:188} INFO - [2025-07-19T11:11:57.085+0000] {dag.py:3036} INFO - Sync 1 DAGs
[2025-07-19T11:11:57.097+0000] {logging_mixin.py:188} INFO - [2025-07-19T11:11:57.097+0000] {dag.py:3823} INFO - Setting next_dagrun for check_sklearn_version to None, run_after=None
[2025-07-19T11:11:57.264+0000] {processor.py:183} INFO - Processing /opt/airflow/dags/check_version.py took 0.223 seconds
[2025-07-19T11:12:28.464+0000] {processor.py:161} INFO - Started process (PID=14627) to work on /opt/airflow/dags/check_version.py
[2025-07-19T11:12:28.465+0000] {processor.py:830} INFO - Processing file /opt/airflow/dags/check_version.py for tasks to queue
[2025-07-19T11:12:28.466+0000] {logging_mixin.py:188} INFO - [2025-07-19T11:12:28.465+0000] {dagbag.py:538} INFO - Filling up the DagBag from /opt/airflow/dags/check_version.py
[2025-07-19T11:12:28.531+0000] {processor.py:840} INFO - DAG(s) 'check_sklearn_version' retrieved from /opt/airflow/dags/check_version.py
[2025-07-19T11:12:28.558+0000] {logging_mixin.py:188} INFO - [2025-07-19T11:12:28.558+0000] {dag.py:3036} INFO - Sync 1 DAGs
[2025-07-19T11:12:28.573+0000] {logging_mixin.py:188} INFO - [2025-07-19T11:12:28.573+0000] {dag.py:3823} INFO - Setting next_dagrun for check_sklearn_version to None, run_after=None
[2025-07-19T11:12:28.593+0000] {processor.py:183} INFO - Processing /opt/airflow/dags/check_version.py took 0.132 seconds
[2025-07-19T11:12:59.014+0000] {processor.py:161} INFO - Started process (PID=14650) to work on /opt/airflow/dags/check_version.py
[2025-07-19T11:12:59.015+0000] {processor.py:830} INFO - Processing file /opt/airflow/dags/check_version.py for tasks to queue
[2025-07-19T11:12:59.015+0000] {logging_mixin.py:188} INFO - [2025-07-19T11:12:59.015+0000] {dagbag.py:538} INFO - Filling up the DagBag from /opt/airflow/dags/check_version.py
[2025-07-19T11:12:59.027+0000] {processor.py:840} INFO - DAG(s) 'check_sklearn_version' retrieved from /opt/airflow/dags/check_version.py
[2025-07-19T11:12:59.072+0000] {logging_mixin.py:188} INFO - [2025-07-19T11:12:59.072+0000] {dag.py:3036} INFO - Sync 1 DAGs
[2025-07-19T11:12:59.083+0000] {logging_mixin.py:188} INFO - [2025-07-19T11:12:59.083+0000] {dag.py:3823} INFO - Setting next_dagrun for check_sklearn_version to None, run_after=None
[2025-07-19T11:12:59.105+0000] {processor.py:183} INFO - Processing /opt/airflow/dags/check_version.py took 0.094 seconds
[2025-07-19T11:13:29.832+0000] {processor.py:161} INFO - Started process (PID=14675) to work on /opt/airflow/dags/check_version.py
[2025-07-19T11:13:29.833+0000] {processor.py:830} INFO - Processing file /opt/airflow/dags/check_version.py for tasks to queue
[2025-07-19T11:13:29.834+0000] {logging_mixin.py:188} INFO - [2025-07-19T11:13:29.833+0000] {dagbag.py:538} INFO - Filling up the DagBag from /opt/airflow/dags/check_version.py
[2025-07-19T11:13:29.859+0000] {processor.py:840} INFO - DAG(s) 'check_sklearn_version' retrieved from /opt/airflow/dags/check_version.py
[2025-07-19T11:13:29.910+0000] {logging_mixin.py:188} INFO - [2025-07-19T11:13:29.910+0000] {dag.py:3036} INFO - Sync 1 DAGs
[2025-07-19T11:13:29.922+0000] {logging_mixin.py:188} INFO - [2025-07-19T11:13:29.921+0000] {dag.py:3823} INFO - Setting next_dagrun for check_sklearn_version to None, run_after=None
[2025-07-19T11:13:29.941+0000] {processor.py:183} INFO - Processing /opt/airflow/dags/check_version.py took 0.112 seconds
[2025-07-19T11:14:00.786+0000] {processor.py:161} INFO - Started process (PID=14700) to work on /opt/airflow/dags/check_version.py
[2025-07-19T11:14:00.787+0000] {processor.py:830} INFO - Processing file /opt/airflow/dags/check_version.py for tasks to queue
[2025-07-19T11:14:00.788+0000] {logging_mixin.py:188} INFO - [2025-07-19T11:14:00.788+0000] {dagbag.py:538} INFO - Filling up the DagBag from /opt/airflow/dags/check_version.py
[2025-07-19T11:14:00.803+0000] {processor.py:840} INFO - DAG(s) 'check_sklearn_version' retrieved from /opt/airflow/dags/check_version.py
[2025-07-19T11:14:00.838+0000] {logging_mixin.py:188} INFO - [2025-07-19T11:14:00.837+0000] {dag.py:3036} INFO - Sync 1 DAGs
[2025-07-19T11:14:00.851+0000] {logging_mixin.py:188} INFO - [2025-07-19T11:14:00.850+0000] {dag.py:3823} INFO - Setting next_dagrun for check_sklearn_version to None, run_after=None
[2025-07-19T11:14:00.878+0000] {processor.py:183} INFO - Processing /opt/airflow/dags/check_version.py took 0.096 seconds
[2025-07-19T11:14:32.468+0000] {processor.py:161} INFO - Started process (PID=14725) to work on /opt/airflow/dags/check_version.py
[2025-07-19T11:14:32.469+0000] {processor.py:830} INFO - Processing file /opt/airflow/dags/check_version.py for tasks to queue
[2025-07-19T11:14:32.470+0000] {logging_mixin.py:188} INFO - [2025-07-19T11:14:32.470+0000] {dagbag.py:538} INFO - Filling up the DagBag from /opt/airflow/dags/check_version.py
[2025-07-19T11:14:32.642+0000] {processor.py:840} INFO - DAG(s) 'check_sklearn_version' retrieved from /opt/airflow/dags/check_version.py
[2025-07-19T11:14:32.717+0000] {logging_mixin.py:188} INFO - [2025-07-19T11:14:32.716+0000] {dag.py:3036} INFO - Sync 1 DAGs
[2025-07-19T11:14:32.729+0000] {logging_mixin.py:188} INFO - [2025-07-19T11:14:32.729+0000] {dag.py:3823} INFO - Setting next_dagrun for check_sklearn_version to None, run_after=None
[2025-07-19T11:14:32.748+0000] {processor.py:183} INFO - Processing /opt/airflow/dags/check_version.py took 0.284 seconds
[2025-07-19T11:15:04.455+0000] {processor.py:161} INFO - Started process (PID=14752) to work on /opt/airflow/dags/check_version.py
[2025-07-19T11:15:04.456+0000] {processor.py:830} INFO - Processing file /opt/airflow/dags/check_version.py for tasks to queue
[2025-07-19T11:15:04.457+0000] {logging_mixin.py:188} INFO - [2025-07-19T11:15:04.457+0000] {dagbag.py:538} INFO - Filling up the DagBag from /opt/airflow/dags/check_version.py
[2025-07-19T11:15:04.504+0000] {processor.py:840} INFO - DAG(s) 'check_sklearn_version' retrieved from /opt/airflow/dags/check_version.py
[2025-07-19T11:15:04.859+0000] {logging_mixin.py:188} INFO - [2025-07-19T11:15:04.859+0000] {dag.py:3036} INFO - Sync 1 DAGs
[2025-07-19T11:15:04.870+0000] {logging_mixin.py:188} INFO - [2025-07-19T11:15:04.870+0000] {dag.py:3823} INFO - Setting next_dagrun for check_sklearn_version to None, run_after=None
[2025-07-19T11:15:04.891+0000] {processor.py:183} INFO - Processing /opt/airflow/dags/check_version.py took 0.438 seconds
[2025-07-19T11:15:36.326+0000] {processor.py:161} INFO - Started process (PID=14777) to work on /opt/airflow/dags/check_version.py
[2025-07-19T11:15:36.327+0000] {processor.py:830} INFO - Processing file /opt/airflow/dags/check_version.py for tasks to queue
[2025-07-19T11:15:36.328+0000] {logging_mixin.py:188} INFO - [2025-07-19T11:15:36.328+0000] {dagbag.py:538} INFO - Filling up the DagBag from /opt/airflow/dags/check_version.py
[2025-07-19T11:15:36.409+0000] {processor.py:840} INFO - DAG(s) 'check_sklearn_version' retrieved from /opt/airflow/dags/check_version.py
[2025-07-19T11:15:36.456+0000] {logging_mixin.py:188} INFO - [2025-07-19T11:15:36.456+0000] {dag.py:3036} INFO - Sync 1 DAGs
[2025-07-19T11:15:36.472+0000] {logging_mixin.py:188} INFO - [2025-07-19T11:15:36.472+0000] {dag.py:3823} INFO - Setting next_dagrun for check_sklearn_version to None, run_after=None
[2025-07-19T11:15:36.543+0000] {processor.py:183} INFO - Processing /opt/airflow/dags/check_version.py took 0.220 seconds
[2025-07-19T11:16:06.976+0000] {processor.py:161} INFO - Started process (PID=14802) to work on /opt/airflow/dags/check_version.py
[2025-07-19T11:16:06.977+0000] {processor.py:830} INFO - Processing file /opt/airflow/dags/check_version.py for tasks to queue
[2025-07-19T11:16:06.978+0000] {logging_mixin.py:188} INFO - [2025-07-19T11:16:06.977+0000] {dagbag.py:538} INFO - Filling up the DagBag from /opt/airflow/dags/check_version.py
[2025-07-19T11:16:07.010+0000] {processor.py:840} INFO - DAG(s) 'check_sklearn_version' retrieved from /opt/airflow/dags/check_version.py
[2025-07-19T11:16:07.036+0000] {logging_mixin.py:188} INFO - [2025-07-19T11:16:07.036+0000] {dag.py:3036} INFO - Sync 1 DAGs
[2025-07-19T11:16:07.048+0000] {logging_mixin.py:188} INFO - [2025-07-19T11:16:07.048+0000] {dag.py:3823} INFO - Setting next_dagrun for check_sklearn_version to None, run_after=None
[2025-07-19T11:16:07.068+0000] {processor.py:183} INFO - Processing /opt/airflow/dags/check_version.py took 0.095 seconds
[2025-07-19T11:16:37.624+0000] {processor.py:161} INFO - Started process (PID=14827) to work on /opt/airflow/dags/check_version.py
[2025-07-19T11:16:37.625+0000] {processor.py:830} INFO - Processing file /opt/airflow/dags/check_version.py for tasks to queue
[2025-07-19T11:16:37.626+0000] {logging_mixin.py:188} INFO - [2025-07-19T11:16:37.626+0000] {dagbag.py:538} INFO - Filling up the DagBag from /opt/airflow/dags/check_version.py
[2025-07-19T11:16:37.637+0000] {processor.py:840} INFO - DAG(s) 'check_sklearn_version' retrieved from /opt/airflow/dags/check_version.py
[2025-07-19T11:16:37.663+0000] {logging_mixin.py:188} INFO - [2025-07-19T11:16:37.663+0000] {dag.py:3036} INFO - Sync 1 DAGs
[2025-07-19T11:16:37.674+0000] {logging_mixin.py:188} INFO - [2025-07-19T11:16:37.674+0000] {dag.py:3823} INFO - Setting next_dagrun for check_sklearn_version to None, run_after=None
[2025-07-19T11:16:37.692+0000] {processor.py:183} INFO - Processing /opt/airflow/dags/check_version.py took 0.071 seconds
[2025-07-19T11:17:08.441+0000] {processor.py:161} INFO - Started process (PID=14852) to work on /opt/airflow/dags/check_version.py
[2025-07-19T11:17:08.442+0000] {processor.py:830} INFO - Processing file /opt/airflow/dags/check_version.py for tasks to queue
[2025-07-19T11:17:08.443+0000] {logging_mixin.py:188} INFO - [2025-07-19T11:17:08.443+0000] {dagbag.py:538} INFO - Filling up the DagBag from /opt/airflow/dags/check_version.py
[2025-07-19T11:17:08.453+0000] {processor.py:840} INFO - DAG(s) 'check_sklearn_version' retrieved from /opt/airflow/dags/check_version.py
[2025-07-19T11:17:08.478+0000] {logging_mixin.py:188} INFO - [2025-07-19T11:17:08.478+0000] {dag.py:3036} INFO - Sync 1 DAGs
[2025-07-19T11:17:08.489+0000] {logging_mixin.py:188} INFO - [2025-07-19T11:17:08.489+0000] {dag.py:3823} INFO - Setting next_dagrun for check_sklearn_version to None, run_after=None
[2025-07-19T11:17:08.509+0000] {processor.py:183} INFO - Processing /opt/airflow/dags/check_version.py took 0.071 seconds
[2025-07-19T11:17:39.073+0000] {processor.py:161} INFO - Started process (PID=14877) to work on /opt/airflow/dags/check_version.py
[2025-07-19T11:17:39.074+0000] {processor.py:830} INFO - Processing file /opt/airflow/dags/check_version.py for tasks to queue
[2025-07-19T11:17:39.075+0000] {logging_mixin.py:188} INFO - [2025-07-19T11:17:39.074+0000] {dagbag.py:538} INFO - Filling up the DagBag from /opt/airflow/dags/check_version.py
[2025-07-19T11:17:39.203+0000] {processor.py:840} INFO - DAG(s) 'check_sklearn_version' retrieved from /opt/airflow/dags/check_version.py
[2025-07-19T11:17:39.242+0000] {logging_mixin.py:188} INFO - [2025-07-19T11:17:39.242+0000] {dag.py:3036} INFO - Sync 1 DAGs
[2025-07-19T11:17:39.254+0000] {logging_mixin.py:188} INFO - [2025-07-19T11:17:39.254+0000] {dag.py:3823} INFO - Setting next_dagrun for check_sklearn_version to None, run_after=None
[2025-07-19T11:17:39.273+0000] {processor.py:183} INFO - Processing /opt/airflow/dags/check_version.py took 0.204 seconds
[2025-07-19T11:18:09.598+0000] {processor.py:161} INFO - Started process (PID=14902) to work on /opt/airflow/dags/check_version.py
[2025-07-19T11:18:09.599+0000] {processor.py:830} INFO - Processing file /opt/airflow/dags/check_version.py for tasks to queue
[2025-07-19T11:18:09.600+0000] {logging_mixin.py:188} INFO - [2025-07-19T11:18:09.600+0000] {dagbag.py:538} INFO - Filling up the DagBag from /opt/airflow/dags/check_version.py
[2025-07-19T11:18:09.628+0000] {processor.py:840} INFO - DAG(s) 'check_sklearn_version' retrieved from /opt/airflow/dags/check_version.py
[2025-07-19T11:18:09.654+0000] {logging_mixin.py:188} INFO - [2025-07-19T11:18:09.654+0000] {dag.py:3036} INFO - Sync 1 DAGs
[2025-07-19T11:18:09.666+0000] {logging_mixin.py:188} INFO - [2025-07-19T11:18:09.665+0000] {dag.py:3823} INFO - Setting next_dagrun for check_sklearn_version to None, run_after=None
[2025-07-19T11:18:09.683+0000] {processor.py:183} INFO - Processing /opt/airflow/dags/check_version.py took 0.088 seconds
[2025-07-19T11:18:40.265+0000] {processor.py:161} INFO - Started process (PID=14927) to work on /opt/airflow/dags/check_version.py
[2025-07-19T11:18:40.266+0000] {processor.py:830} INFO - Processing file /opt/airflow/dags/check_version.py for tasks to queue
[2025-07-19T11:18:40.267+0000] {logging_mixin.py:188} INFO - [2025-07-19T11:18:40.267+0000] {dagbag.py:538} INFO - Filling up the DagBag from /opt/airflow/dags/check_version.py
[2025-07-19T11:18:40.288+0000] {processor.py:840} INFO - DAG(s) 'check_sklearn_version' retrieved from /opt/airflow/dags/check_version.py
[2025-07-19T11:18:40.312+0000] {logging_mixin.py:188} INFO - [2025-07-19T11:18:40.312+0000] {dag.py:3036} INFO - Sync 1 DAGs
[2025-07-19T11:18:40.323+0000] {logging_mixin.py:188} INFO - [2025-07-19T11:18:40.323+0000] {dag.py:3823} INFO - Setting next_dagrun for check_sklearn_version to None, run_after=None
[2025-07-19T11:18:40.342+0000] {processor.py:183} INFO - Processing /opt/airflow/dags/check_version.py took 0.080 seconds
[2025-07-19T11:19:10.883+0000] {processor.py:161} INFO - Started process (PID=14952) to work on /opt/airflow/dags/check_version.py
[2025-07-19T11:19:10.884+0000] {processor.py:830} INFO - Processing file /opt/airflow/dags/check_version.py for tasks to queue
[2025-07-19T11:19:10.885+0000] {logging_mixin.py:188} INFO - [2025-07-19T11:19:10.885+0000] {dagbag.py:538} INFO - Filling up the DagBag from /opt/airflow/dags/check_version.py
[2025-07-19T11:19:10.896+0000] {processor.py:840} INFO - DAG(s) 'check_sklearn_version' retrieved from /opt/airflow/dags/check_version.py
[2025-07-19T11:19:10.961+0000] {logging_mixin.py:188} INFO - [2025-07-19T11:19:10.961+0000] {dag.py:3036} INFO - Sync 1 DAGs
[2025-07-19T11:19:10.972+0000] {logging_mixin.py:188} INFO - [2025-07-19T11:19:10.972+0000] {dag.py:3823} INFO - Setting next_dagrun for check_sklearn_version to None, run_after=None
[2025-07-19T11:19:10.991+0000] {processor.py:183} INFO - Processing /opt/airflow/dags/check_version.py took 0.111 seconds
[2025-07-19T11:19:41.501+0000] {processor.py:161} INFO - Started process (PID=14977) to work on /opt/airflow/dags/check_version.py
[2025-07-19T11:19:41.502+0000] {processor.py:830} INFO - Processing file /opt/airflow/dags/check_version.py for tasks to queue
[2025-07-19T11:19:41.503+0000] {logging_mixin.py:188} INFO - [2025-07-19T11:19:41.502+0000] {dagbag.py:538} INFO - Filling up the DagBag from /opt/airflow/dags/check_version.py
[2025-07-19T11:19:41.513+0000] {processor.py:840} INFO - DAG(s) 'check_sklearn_version' retrieved from /opt/airflow/dags/check_version.py
[2025-07-19T11:19:41.541+0000] {logging_mixin.py:188} INFO - [2025-07-19T11:19:41.540+0000] {dag.py:3036} INFO - Sync 1 DAGs
[2025-07-19T11:19:41.553+0000] {logging_mixin.py:188} INFO - [2025-07-19T11:19:41.552+0000] {dag.py:3823} INFO - Setting next_dagrun for check_sklearn_version to None, run_after=None
[2025-07-19T11:19:41.586+0000] {processor.py:183} INFO - Processing /opt/airflow/dags/check_version.py took 0.088 seconds
[2025-07-19T11:20:12.013+0000] {processor.py:161} INFO - Started process (PID=15000) to work on /opt/airflow/dags/check_version.py
[2025-07-19T11:20:12.014+0000] {processor.py:830} INFO - Processing file /opt/airflow/dags/check_version.py for tasks to queue
[2025-07-19T11:20:12.015+0000] {logging_mixin.py:188} INFO - [2025-07-19T11:20:12.014+0000] {dagbag.py:538} INFO - Filling up the DagBag from /opt/airflow/dags/check_version.py
[2025-07-19T11:20:12.087+0000] {processor.py:840} INFO - DAG(s) 'check_sklearn_version' retrieved from /opt/airflow/dags/check_version.py
[2025-07-19T11:20:12.120+0000] {logging_mixin.py:188} INFO - [2025-07-19T11:20:12.120+0000] {dag.py:3036} INFO - Sync 1 DAGs
[2025-07-19T11:20:12.135+0000] {logging_mixin.py:188} INFO - [2025-07-19T11:20:12.135+0000] {dag.py:3823} INFO - Setting next_dagrun for check_sklearn_version to None, run_after=None
[2025-07-19T11:20:12.155+0000] {processor.py:183} INFO - Processing /opt/airflow/dags/check_version.py took 0.146 seconds
[2025-07-19T11:20:43.000+0000] {processor.py:161} INFO - Started process (PID=15020) to work on /opt/airflow/dags/check_version.py
[2025-07-19T11:20:43.031+0000] {processor.py:830} INFO - Processing file /opt/airflow/dags/check_version.py for tasks to queue
[2025-07-19T11:20:43.032+0000] {logging_mixin.py:188} INFO - [2025-07-19T11:20:43.032+0000] {dagbag.py:538} INFO - Filling up the DagBag from /opt/airflow/dags/check_version.py
[2025-07-19T11:20:43.049+0000] {processor.py:840} INFO - DAG(s) 'check_sklearn_version' retrieved from /opt/airflow/dags/check_version.py
[2025-07-19T11:20:43.089+0000] {logging_mixin.py:188} INFO - [2025-07-19T11:20:43.089+0000] {dag.py:3036} INFO - Sync 1 DAGs
[2025-07-19T11:20:43.100+0000] {logging_mixin.py:188} INFO - [2025-07-19T11:20:43.100+0000] {dag.py:3823} INFO - Setting next_dagrun for check_sklearn_version to None, run_after=None
[2025-07-19T11:20:43.119+0000] {processor.py:183} INFO - Processing /opt/airflow/dags/check_version.py took 0.122 seconds
[2025-07-19T11:21:13.843+0000] {processor.py:161} INFO - Started process (PID=15040) to work on /opt/airflow/dags/check_version.py
[2025-07-19T11:21:13.844+0000] {processor.py:830} INFO - Processing file /opt/airflow/dags/check_version.py for tasks to queue
[2025-07-19T11:21:13.845+0000] {logging_mixin.py:188} INFO - [2025-07-19T11:21:13.844+0000] {dagbag.py:538} INFO - Filling up the DagBag from /opt/airflow/dags/check_version.py
[2025-07-19T11:21:13.854+0000] {processor.py:840} INFO - DAG(s) 'check_sklearn_version' retrieved from /opt/airflow/dags/check_version.py
[2025-07-19T11:21:13.879+0000] {logging_mixin.py:188} INFO - [2025-07-19T11:21:13.879+0000] {dag.py:3036} INFO - Sync 1 DAGs
[2025-07-19T11:21:13.892+0000] {logging_mixin.py:188} INFO - [2025-07-19T11:21:13.891+0000] {dag.py:3823} INFO - Setting next_dagrun for check_sklearn_version to None, run_after=None
[2025-07-19T11:21:13.910+0000] {processor.py:183} INFO - Processing /opt/airflow/dags/check_version.py took 0.070 seconds
[2025-07-19T11:21:44.791+0000] {processor.py:161} INFO - Started process (PID=15065) to work on /opt/airflow/dags/check_version.py
[2025-07-19T11:21:44.792+0000] {processor.py:830} INFO - Processing file /opt/airflow/dags/check_version.py for tasks to queue
[2025-07-19T11:21:44.793+0000] {logging_mixin.py:188} INFO - [2025-07-19T11:21:44.793+0000] {dagbag.py:538} INFO - Filling up the DagBag from /opt/airflow/dags/check_version.py
[2025-07-19T11:21:44.803+0000] {processor.py:840} INFO - DAG(s) 'check_sklearn_version' retrieved from /opt/airflow/dags/check_version.py
[2025-07-19T11:21:44.827+0000] {logging_mixin.py:188} INFO - [2025-07-19T11:21:44.827+0000] {dag.py:3036} INFO - Sync 1 DAGs
[2025-07-19T11:21:44.838+0000] {logging_mixin.py:188} INFO - [2025-07-19T11:21:44.838+0000] {dag.py:3823} INFO - Setting next_dagrun for check_sklearn_version to None, run_after=None
[2025-07-19T11:21:44.860+0000] {processor.py:183} INFO - Processing /opt/airflow/dags/check_version.py took 0.072 seconds
[2025-07-19T11:22:15.263+0000] {processor.py:161} INFO - Started process (PID=15088) to work on /opt/airflow/dags/check_version.py
[2025-07-19T11:22:15.264+0000] {processor.py:830} INFO - Processing file /opt/airflow/dags/check_version.py for tasks to queue
[2025-07-19T11:22:15.265+0000] {logging_mixin.py:188} INFO - [2025-07-19T11:22:15.265+0000] {dagbag.py:538} INFO - Filling up the DagBag from /opt/airflow/dags/check_version.py
[2025-07-19T11:22:15.276+0000] {processor.py:840} INFO - DAG(s) 'check_sklearn_version' retrieved from /opt/airflow/dags/check_version.py
[2025-07-19T11:22:15.300+0000] {logging_mixin.py:188} INFO - [2025-07-19T11:22:15.300+0000] {dag.py:3036} INFO - Sync 1 DAGs
[2025-07-19T11:22:15.313+0000] {logging_mixin.py:188} INFO - [2025-07-19T11:22:15.313+0000] {dag.py:3823} INFO - Setting next_dagrun for check_sklearn_version to None, run_after=None
[2025-07-19T11:22:15.396+0000] {processor.py:183} INFO - Processing /opt/airflow/dags/check_version.py took 0.136 seconds
[2025-07-19T11:22:45.800+0000] {processor.py:161} INFO - Started process (PID=15110) to work on /opt/airflow/dags/check_version.py
[2025-07-19T11:22:45.801+0000] {processor.py:830} INFO - Processing file /opt/airflow/dags/check_version.py for tasks to queue
[2025-07-19T11:22:45.801+0000] {logging_mixin.py:188} INFO - [2025-07-19T11:22:45.801+0000] {dagbag.py:538} INFO - Filling up the DagBag from /opt/airflow/dags/check_version.py
[2025-07-19T11:22:45.812+0000] {processor.py:840} INFO - DAG(s) 'check_sklearn_version' retrieved from /opt/airflow/dags/check_version.py
[2025-07-19T11:22:45.835+0000] {logging_mixin.py:188} INFO - [2025-07-19T11:22:45.835+0000] {dag.py:3036} INFO - Sync 1 DAGs
[2025-07-19T11:22:45.847+0000] {logging_mixin.py:188} INFO - [2025-07-19T11:22:45.847+0000] {dag.py:3823} INFO - Setting next_dagrun for check_sklearn_version to None, run_after=None
[2025-07-19T11:22:45.866+0000] {processor.py:183} INFO - Processing /opt/airflow/dags/check_version.py took 0.069 seconds
[2025-07-19T11:23:16.426+0000] {processor.py:161} INFO - Started process (PID=15135) to work on /opt/airflow/dags/check_version.py
[2025-07-19T11:23:16.427+0000] {processor.py:830} INFO - Processing file /opt/airflow/dags/check_version.py for tasks to queue
[2025-07-19T11:23:16.428+0000] {logging_mixin.py:188} INFO - [2025-07-19T11:23:16.427+0000] {dagbag.py:538} INFO - Filling up the DagBag from /opt/airflow/dags/check_version.py
[2025-07-19T11:23:16.438+0000] {processor.py:840} INFO - DAG(s) 'check_sklearn_version' retrieved from /opt/airflow/dags/check_version.py
[2025-07-19T11:23:16.462+0000] {logging_mixin.py:188} INFO - [2025-07-19T11:23:16.462+0000] {dag.py:3036} INFO - Sync 1 DAGs
[2025-07-19T11:23:16.474+0000] {logging_mixin.py:188} INFO - [2025-07-19T11:23:16.474+0000] {dag.py:3823} INFO - Setting next_dagrun for check_sklearn_version to None, run_after=None
[2025-07-19T11:23:16.494+0000] {processor.py:183} INFO - Processing /opt/airflow/dags/check_version.py took 0.071 seconds
[2025-07-19T11:23:46.931+0000] {processor.py:161} INFO - Started process (PID=15160) to work on /opt/airflow/dags/check_version.py
[2025-07-19T11:23:46.932+0000] {processor.py:830} INFO - Processing file /opt/airflow/dags/check_version.py for tasks to queue
[2025-07-19T11:23:46.934+0000] {logging_mixin.py:188} INFO - [2025-07-19T11:23:46.933+0000] {dagbag.py:538} INFO - Filling up the DagBag from /opt/airflow/dags/check_version.py
[2025-07-19T11:23:46.948+0000] {processor.py:840} INFO - DAG(s) 'check_sklearn_version' retrieved from /opt/airflow/dags/check_version.py
[2025-07-19T11:23:46.976+0000] {logging_mixin.py:188} INFO - [2025-07-19T11:23:46.976+0000] {dag.py:3036} INFO - Sync 1 DAGs
[2025-07-19T11:23:46.991+0000] {logging_mixin.py:188} INFO - [2025-07-19T11:23:46.991+0000] {dag.py:3823} INFO - Setting next_dagrun for check_sklearn_version to None, run_after=None
[2025-07-19T11:23:47.010+0000] {processor.py:183} INFO - Processing /opt/airflow/dags/check_version.py took 0.083 seconds
[2025-07-19T11:24:17.606+0000] {processor.py:161} INFO - Started process (PID=15185) to work on /opt/airflow/dags/check_version.py
[2025-07-19T11:24:17.607+0000] {processor.py:830} INFO - Processing file /opt/airflow/dags/check_version.py for tasks to queue
[2025-07-19T11:24:17.607+0000] {logging_mixin.py:188} INFO - [2025-07-19T11:24:17.607+0000] {dagbag.py:538} INFO - Filling up the DagBag from /opt/airflow/dags/check_version.py
[2025-07-19T11:24:17.617+0000] {processor.py:840} INFO - DAG(s) 'check_sklearn_version' retrieved from /opt/airflow/dags/check_version.py
[2025-07-19T11:24:17.641+0000] {logging_mixin.py:188} INFO - [2025-07-19T11:24:17.640+0000] {dag.py:3036} INFO - Sync 1 DAGs
[2025-07-19T11:24:17.651+0000] {logging_mixin.py:188} INFO - [2025-07-19T11:24:17.651+0000] {dag.py:3823} INFO - Setting next_dagrun for check_sklearn_version to None, run_after=None
[2025-07-19T11:24:17.669+0000] {processor.py:183} INFO - Processing /opt/airflow/dags/check_version.py took 0.066 seconds
[2025-07-19T11:24:48.143+0000] {processor.py:161} INFO - Started process (PID=15210) to work on /opt/airflow/dags/check_version.py
[2025-07-19T11:24:48.144+0000] {processor.py:830} INFO - Processing file /opt/airflow/dags/check_version.py for tasks to queue
[2025-07-19T11:24:48.145+0000] {logging_mixin.py:188} INFO - [2025-07-19T11:24:48.145+0000] {dagbag.py:538} INFO - Filling up the DagBag from /opt/airflow/dags/check_version.py
[2025-07-19T11:24:48.155+0000] {processor.py:840} INFO - DAG(s) 'check_sklearn_version' retrieved from /opt/airflow/dags/check_version.py
[2025-07-19T11:24:48.180+0000] {logging_mixin.py:188} INFO - [2025-07-19T11:24:48.180+0000] {dag.py:3036} INFO - Sync 1 DAGs
[2025-07-19T11:24:48.192+0000] {logging_mixin.py:188} INFO - [2025-07-19T11:24:48.192+0000] {dag.py:3823} INFO - Setting next_dagrun for check_sklearn_version to None, run_after=None
[2025-07-19T11:24:48.212+0000] {processor.py:183} INFO - Processing /opt/airflow/dags/check_version.py took 0.072 seconds
[2025-07-19T11:25:18.704+0000] {processor.py:161} INFO - Started process (PID=15235) to work on /opt/airflow/dags/check_version.py
[2025-07-19T11:25:18.862+0000] {processor.py:830} INFO - Processing file /opt/airflow/dags/check_version.py for tasks to queue
[2025-07-19T11:25:18.936+0000] {logging_mixin.py:188} INFO - [2025-07-19T11:25:18.935+0000] {dagbag.py:538} INFO - Filling up the DagBag from /opt/airflow/dags/check_version.py
[2025-07-19T11:25:19.432+0000] {processor.py:840} INFO - DAG(s) 'check_sklearn_version' retrieved from /opt/airflow/dags/check_version.py
[2025-07-19T11:25:19.458+0000] {logging_mixin.py:188} INFO - [2025-07-19T11:25:19.457+0000] {dag.py:3036} INFO - Sync 1 DAGs
[2025-07-19T11:25:19.469+0000] {logging_mixin.py:188} INFO - [2025-07-19T11:25:19.469+0000] {dag.py:3823} INFO - Setting next_dagrun for check_sklearn_version to None, run_after=None
[2025-07-19T11:25:19.486+0000] {processor.py:183} INFO - Processing /opt/airflow/dags/check_version.py took 0.785 seconds
[2025-07-19T11:25:49.803+0000] {processor.py:161} INFO - Started process (PID=15260) to work on /opt/airflow/dags/check_version.py
[2025-07-19T11:25:49.804+0000] {processor.py:830} INFO - Processing file /opt/airflow/dags/check_version.py for tasks to queue
[2025-07-19T11:25:49.805+0000] {logging_mixin.py:188} INFO - [2025-07-19T11:25:49.805+0000] {dagbag.py:538} INFO - Filling up the DagBag from /opt/airflow/dags/check_version.py
[2025-07-19T11:25:49.815+0000] {processor.py:840} INFO - DAG(s) 'check_sklearn_version' retrieved from /opt/airflow/dags/check_version.py
[2025-07-19T11:25:49.840+0000] {logging_mixin.py:188} INFO - [2025-07-19T11:25:49.840+0000] {dag.py:3036} INFO - Sync 1 DAGs
[2025-07-19T11:25:49.851+0000] {logging_mixin.py:188} INFO - [2025-07-19T11:25:49.850+0000] {dag.py:3823} INFO - Setting next_dagrun for check_sklearn_version to None, run_after=None
[2025-07-19T11:25:49.877+0000] {processor.py:183} INFO - Processing /opt/airflow/dags/check_version.py took 0.077 seconds
[2025-07-19T11:26:20.188+0000] {processor.py:161} INFO - Started process (PID=15285) to work on /opt/airflow/dags/check_version.py
[2025-07-19T11:26:20.189+0000] {processor.py:830} INFO - Processing file /opt/airflow/dags/check_version.py for tasks to queue
[2025-07-19T11:26:20.190+0000] {logging_mixin.py:188} INFO - [2025-07-19T11:26:20.190+0000] {dagbag.py:538} INFO - Filling up the DagBag from /opt/airflow/dags/check_version.py
[2025-07-19T11:26:20.200+0000] {processor.py:840} INFO - DAG(s) 'check_sklearn_version' retrieved from /opt/airflow/dags/check_version.py
[2025-07-19T11:26:20.224+0000] {logging_mixin.py:188} INFO - [2025-07-19T11:26:20.224+0000] {dag.py:3036} INFO - Sync 1 DAGs
[2025-07-19T11:26:20.235+0000] {logging_mixin.py:188} INFO - [2025-07-19T11:26:20.235+0000] {dag.py:3823} INFO - Setting next_dagrun for check_sklearn_version to None, run_after=None
[2025-07-19T11:26:20.256+0000] {processor.py:183} INFO - Processing /opt/airflow/dags/check_version.py took 0.070 seconds
[2025-07-19T11:26:50.703+0000] {processor.py:161} INFO - Started process (PID=15310) to work on /opt/airflow/dags/check_version.py
[2025-07-19T11:26:50.704+0000] {processor.py:830} INFO - Processing file /opt/airflow/dags/check_version.py for tasks to queue
[2025-07-19T11:26:50.705+0000] {logging_mixin.py:188} INFO - [2025-07-19T11:26:50.705+0000] {dagbag.py:538} INFO - Filling up the DagBag from /opt/airflow/dags/check_version.py
[2025-07-19T11:26:50.715+0000] {processor.py:840} INFO - DAG(s) 'check_sklearn_version' retrieved from /opt/airflow/dags/check_version.py
[2025-07-19T11:26:50.738+0000] {logging_mixin.py:188} INFO - [2025-07-19T11:26:50.738+0000] {dag.py:3036} INFO - Sync 1 DAGs
[2025-07-19T11:26:50.749+0000] {logging_mixin.py:188} INFO - [2025-07-19T11:26:50.749+0000] {dag.py:3823} INFO - Setting next_dagrun for check_sklearn_version to None, run_after=None
[2025-07-19T11:26:50.769+0000] {processor.py:183} INFO - Processing /opt/airflow/dags/check_version.py took 0.069 seconds
[2025-07-19T11:27:21.145+0000] {processor.py:161} INFO - Started process (PID=15335) to work on /opt/airflow/dags/check_version.py
[2025-07-19T11:27:21.146+0000] {processor.py:830} INFO - Processing file /opt/airflow/dags/check_version.py for tasks to queue
[2025-07-19T11:27:21.147+0000] {logging_mixin.py:188} INFO - [2025-07-19T11:27:21.147+0000] {dagbag.py:538} INFO - Filling up the DagBag from /opt/airflow/dags/check_version.py
[2025-07-19T11:27:21.157+0000] {processor.py:840} INFO - DAG(s) 'check_sklearn_version' retrieved from /opt/airflow/dags/check_version.py
[2025-07-19T11:27:21.181+0000] {logging_mixin.py:188} INFO - [2025-07-19T11:27:21.181+0000] {dag.py:3036} INFO - Sync 1 DAGs
[2025-07-19T11:27:21.193+0000] {logging_mixin.py:188} INFO - [2025-07-19T11:27:21.192+0000] {dag.py:3823} INFO - Setting next_dagrun for check_sklearn_version to None, run_after=None
[2025-07-19T11:27:21.211+0000] {processor.py:183} INFO - Processing /opt/airflow/dags/check_version.py took 0.069 seconds
[2025-07-19T11:27:51.658+0000] {processor.py:161} INFO - Started process (PID=15360) to work on /opt/airflow/dags/check_version.py
[2025-07-19T11:27:51.659+0000] {processor.py:830} INFO - Processing file /opt/airflow/dags/check_version.py for tasks to queue
[2025-07-19T11:27:51.660+0000] {logging_mixin.py:188} INFO - [2025-07-19T11:27:51.660+0000] {dagbag.py:538} INFO - Filling up the DagBag from /opt/airflow/dags/check_version.py
[2025-07-19T11:27:51.672+0000] {processor.py:840} INFO - DAG(s) 'check_sklearn_version' retrieved from /opt/airflow/dags/check_version.py
[2025-07-19T11:27:51.695+0000] {logging_mixin.py:188} INFO - [2025-07-19T11:27:51.695+0000] {dag.py:3036} INFO - Sync 1 DAGs
[2025-07-19T11:27:51.713+0000] {logging_mixin.py:188} INFO - [2025-07-19T11:27:51.713+0000] {dag.py:3823} INFO - Setting next_dagrun for check_sklearn_version to None, run_after=None
[2025-07-19T11:27:51.733+0000] {processor.py:183} INFO - Processing /opt/airflow/dags/check_version.py took 0.078 seconds
[2025-07-19T11:28:22.153+0000] {processor.py:161} INFO - Started process (PID=15385) to work on /opt/airflow/dags/check_version.py
[2025-07-19T11:28:22.155+0000] {processor.py:830} INFO - Processing file /opt/airflow/dags/check_version.py for tasks to queue
[2025-07-19T11:28:22.156+0000] {logging_mixin.py:188} INFO - [2025-07-19T11:28:22.155+0000] {dagbag.py:538} INFO - Filling up the DagBag from /opt/airflow/dags/check_version.py
[2025-07-19T11:28:22.167+0000] {processor.py:840} INFO - DAG(s) 'check_sklearn_version' retrieved from /opt/airflow/dags/check_version.py
[2025-07-19T11:28:22.190+0000] {logging_mixin.py:188} INFO - [2025-07-19T11:28:22.189+0000] {dag.py:3036} INFO - Sync 1 DAGs
[2025-07-19T11:28:22.200+0000] {logging_mixin.py:188} INFO - [2025-07-19T11:28:22.200+0000] {dag.py:3823} INFO - Setting next_dagrun for check_sklearn_version to None, run_after=None
[2025-07-19T11:28:22.219+0000] {processor.py:183} INFO - Processing /opt/airflow/dags/check_version.py took 0.068 seconds
[2025-07-19T11:28:52.700+0000] {processor.py:161} INFO - Started process (PID=15410) to work on /opt/airflow/dags/check_version.py
[2025-07-19T11:28:52.701+0000] {processor.py:830} INFO - Processing file /opt/airflow/dags/check_version.py for tasks to queue
[2025-07-19T11:28:52.702+0000] {logging_mixin.py:188} INFO - [2025-07-19T11:28:52.702+0000] {dagbag.py:538} INFO - Filling up the DagBag from /opt/airflow/dags/check_version.py
[2025-07-19T11:28:52.712+0000] {processor.py:840} INFO - DAG(s) 'check_sklearn_version' retrieved from /opt/airflow/dags/check_version.py
[2025-07-19T11:28:52.735+0000] {logging_mixin.py:188} INFO - [2025-07-19T11:28:52.734+0000] {dag.py:3036} INFO - Sync 1 DAGs
[2025-07-19T11:28:52.758+0000] {logging_mixin.py:188} INFO - [2025-07-19T11:28:52.758+0000] {dag.py:3823} INFO - Setting next_dagrun for check_sklearn_version to None, run_after=None
[2025-07-19T11:28:52.777+0000] {processor.py:183} INFO - Processing /opt/airflow/dags/check_version.py took 0.079 seconds
[2025-07-19T11:29:23.089+0000] {processor.py:161} INFO - Started process (PID=15435) to work on /opt/airflow/dags/check_version.py
[2025-07-19T11:29:23.090+0000] {processor.py:830} INFO - Processing file /opt/airflow/dags/check_version.py for tasks to queue
[2025-07-19T11:29:23.091+0000] {logging_mixin.py:188} INFO - [2025-07-19T11:29:23.091+0000] {dagbag.py:538} INFO - Filling up the DagBag from /opt/airflow/dags/check_version.py
[2025-07-19T11:29:23.101+0000] {processor.py:840} INFO - DAG(s) 'check_sklearn_version' retrieved from /opt/airflow/dags/check_version.py
[2025-07-19T11:29:23.126+0000] {logging_mixin.py:188} INFO - [2025-07-19T11:29:23.126+0000] {dag.py:3036} INFO - Sync 1 DAGs
[2025-07-19T11:29:23.137+0000] {logging_mixin.py:188} INFO - [2025-07-19T11:29:23.137+0000] {dag.py:3823} INFO - Setting next_dagrun for check_sklearn_version to None, run_after=None
[2025-07-19T11:29:23.157+0000] {processor.py:183} INFO - Processing /opt/airflow/dags/check_version.py took 0.071 seconds
[2025-07-19T11:29:53.608+0000] {processor.py:161} INFO - Started process (PID=15460) to work on /opt/airflow/dags/check_version.py
[2025-07-19T11:29:53.609+0000] {processor.py:830} INFO - Processing file /opt/airflow/dags/check_version.py for tasks to queue
[2025-07-19T11:29:53.610+0000] {logging_mixin.py:188} INFO - [2025-07-19T11:29:53.610+0000] {dagbag.py:538} INFO - Filling up the DagBag from /opt/airflow/dags/check_version.py
[2025-07-19T11:29:53.622+0000] {processor.py:840} INFO - DAG(s) 'check_sklearn_version' retrieved from /opt/airflow/dags/check_version.py
[2025-07-19T11:29:53.647+0000] {logging_mixin.py:188} INFO - [2025-07-19T11:29:53.647+0000] {dag.py:3036} INFO - Sync 1 DAGs
[2025-07-19T11:29:53.658+0000] {logging_mixin.py:188} INFO - [2025-07-19T11:29:53.658+0000] {dag.py:3823} INFO - Setting next_dagrun for check_sklearn_version to None, run_after=None
[2025-07-19T11:29:53.679+0000] {processor.py:183} INFO - Processing /opt/airflow/dags/check_version.py took 0.076 seconds
[2025-07-19T11:30:24.080+0000] {processor.py:161} INFO - Started process (PID=15485) to work on /opt/airflow/dags/check_version.py
[2025-07-19T11:30:24.081+0000] {processor.py:830} INFO - Processing file /opt/airflow/dags/check_version.py for tasks to queue
[2025-07-19T11:30:24.082+0000] {logging_mixin.py:188} INFO - [2025-07-19T11:30:24.081+0000] {dagbag.py:538} INFO - Filling up the DagBag from /opt/airflow/dags/check_version.py
[2025-07-19T11:30:24.092+0000] {processor.py:840} INFO - DAG(s) 'check_sklearn_version' retrieved from /opt/airflow/dags/check_version.py
[2025-07-19T11:30:24.117+0000] {logging_mixin.py:188} INFO - [2025-07-19T11:30:24.117+0000] {dag.py:3036} INFO - Sync 1 DAGs
[2025-07-19T11:30:24.128+0000] {logging_mixin.py:188} INFO - [2025-07-19T11:30:24.127+0000] {dag.py:3823} INFO - Setting next_dagrun for check_sklearn_version to None, run_after=None
[2025-07-19T11:30:24.147+0000] {processor.py:183} INFO - Processing /opt/airflow/dags/check_version.py took 0.070 seconds
[2025-07-19T11:30:54.771+0000] {processor.py:161} INFO - Started process (PID=15510) to work on /opt/airflow/dags/check_version.py
[2025-07-19T11:30:54.772+0000] {processor.py:830} INFO - Processing file /opt/airflow/dags/check_version.py for tasks to queue
[2025-07-19T11:30:54.773+0000] {logging_mixin.py:188} INFO - [2025-07-19T11:30:54.773+0000] {dagbag.py:538} INFO - Filling up the DagBag from /opt/airflow/dags/check_version.py
[2025-07-19T11:30:54.784+0000] {processor.py:840} INFO - DAG(s) 'check_sklearn_version' retrieved from /opt/airflow/dags/check_version.py
[2025-07-19T11:30:54.807+0000] {logging_mixin.py:188} INFO - [2025-07-19T11:30:54.807+0000] {dag.py:3036} INFO - Sync 1 DAGs
[2025-07-19T11:30:54.818+0000] {logging_mixin.py:188} INFO - [2025-07-19T11:30:54.817+0000] {dag.py:3823} INFO - Setting next_dagrun for check_sklearn_version to None, run_after=None
[2025-07-19T11:30:54.837+0000] {processor.py:183} INFO - Processing /opt/airflow/dags/check_version.py took 0.068 seconds
[2025-07-19T11:31:25.256+0000] {processor.py:161} INFO - Started process (PID=15535) to work on /opt/airflow/dags/check_version.py
[2025-07-19T11:31:25.257+0000] {processor.py:830} INFO - Processing file /opt/airflow/dags/check_version.py for tasks to queue
[2025-07-19T11:31:25.258+0000] {logging_mixin.py:188} INFO - [2025-07-19T11:31:25.258+0000] {dagbag.py:538} INFO - Filling up the DagBag from /opt/airflow/dags/check_version.py
[2025-07-19T11:31:25.269+0000] {processor.py:840} INFO - DAG(s) 'check_sklearn_version' retrieved from /opt/airflow/dags/check_version.py
[2025-07-19T11:31:25.295+0000] {logging_mixin.py:188} INFO - [2025-07-19T11:31:25.294+0000] {dag.py:3036} INFO - Sync 1 DAGs
[2025-07-19T11:31:25.305+0000] {logging_mixin.py:188} INFO - [2025-07-19T11:31:25.305+0000] {dag.py:3823} INFO - Setting next_dagrun for check_sklearn_version to None, run_after=None
[2025-07-19T11:31:25.324+0000] {processor.py:183} INFO - Processing /opt/airflow/dags/check_version.py took 0.071 seconds
[2025-07-19T11:31:55.700+0000] {processor.py:161} INFO - Started process (PID=15560) to work on /opt/airflow/dags/check_version.py
[2025-07-19T11:31:55.701+0000] {processor.py:830} INFO - Processing file /opt/airflow/dags/check_version.py for tasks to queue
[2025-07-19T11:31:55.702+0000] {logging_mixin.py:188} INFO - [2025-07-19T11:31:55.702+0000] {dagbag.py:538} INFO - Filling up the DagBag from /opt/airflow/dags/check_version.py
[2025-07-19T11:31:55.714+0000] {processor.py:840} INFO - DAG(s) 'check_sklearn_version' retrieved from /opt/airflow/dags/check_version.py
[2025-07-19T11:31:55.738+0000] {logging_mixin.py:188} INFO - [2025-07-19T11:31:55.738+0000] {dag.py:3036} INFO - Sync 1 DAGs
[2025-07-19T11:31:55.749+0000] {logging_mixin.py:188} INFO - [2025-07-19T11:31:55.748+0000] {dag.py:3823} INFO - Setting next_dagrun for check_sklearn_version to None, run_after=None
[2025-07-19T11:31:55.768+0000] {processor.py:183} INFO - Processing /opt/airflow/dags/check_version.py took 0.070 seconds
[2025-07-19T11:32:26.093+0000] {processor.py:161} INFO - Started process (PID=15585) to work on /opt/airflow/dags/check_version.py
[2025-07-19T11:32:26.094+0000] {processor.py:830} INFO - Processing file /opt/airflow/dags/check_version.py for tasks to queue
[2025-07-19T11:32:26.095+0000] {logging_mixin.py:188} INFO - [2025-07-19T11:32:26.094+0000] {dagbag.py:538} INFO - Filling up the DagBag from /opt/airflow/dags/check_version.py
[2025-07-19T11:32:26.105+0000] {processor.py:840} INFO - DAG(s) 'check_sklearn_version' retrieved from /opt/airflow/dags/check_version.py
[2025-07-19T11:32:26.133+0000] {logging_mixin.py:188} INFO - [2025-07-19T11:32:26.133+0000] {dag.py:3036} INFO - Sync 1 DAGs
[2025-07-19T11:32:26.146+0000] {logging_mixin.py:188} INFO - [2025-07-19T11:32:26.146+0000] {dag.py:3823} INFO - Setting next_dagrun for check_sklearn_version to None, run_after=None
[2025-07-19T11:32:26.163+0000] {processor.py:183} INFO - Processing /opt/airflow/dags/check_version.py took 0.073 seconds
[2025-07-19T11:32:56.671+0000] {processor.py:161} INFO - Started process (PID=15610) to work on /opt/airflow/dags/check_version.py
[2025-07-19T11:32:56.672+0000] {processor.py:830} INFO - Processing file /opt/airflow/dags/check_version.py for tasks to queue
[2025-07-19T11:32:56.673+0000] {logging_mixin.py:188} INFO - [2025-07-19T11:32:56.673+0000] {dagbag.py:538} INFO - Filling up the DagBag from /opt/airflow/dags/check_version.py
[2025-07-19T11:32:56.685+0000] {processor.py:840} INFO - DAG(s) 'check_sklearn_version' retrieved from /opt/airflow/dags/check_version.py
[2025-07-19T11:32:56.716+0000] {logging_mixin.py:188} INFO - [2025-07-19T11:32:56.715+0000] {dag.py:3036} INFO - Sync 1 DAGs
[2025-07-19T11:32:56.733+0000] {logging_mixin.py:188} INFO - [2025-07-19T11:32:56.733+0000] {dag.py:3823} INFO - Setting next_dagrun for check_sklearn_version to None, run_after=None
[2025-07-19T11:32:56.755+0000] {processor.py:183} INFO - Processing /opt/airflow/dags/check_version.py took 0.088 seconds
[2025-07-19T11:33:27.261+0000] {processor.py:161} INFO - Started process (PID=15635) to work on /opt/airflow/dags/check_version.py
[2025-07-19T11:33:27.261+0000] {processor.py:830} INFO - Processing file /opt/airflow/dags/check_version.py for tasks to queue
[2025-07-19T11:33:27.262+0000] {logging_mixin.py:188} INFO - [2025-07-19T11:33:27.262+0000] {dagbag.py:538} INFO - Filling up the DagBag from /opt/airflow/dags/check_version.py
[2025-07-19T11:33:27.284+0000] {processor.py:840} INFO - DAG(s) 'check_sklearn_version' retrieved from /opt/airflow/dags/check_version.py
[2025-07-19T11:33:27.309+0000] {logging_mixin.py:188} INFO - [2025-07-19T11:33:27.308+0000] {dag.py:3036} INFO - Sync 1 DAGs
[2025-07-19T11:33:27.319+0000] {logging_mixin.py:188} INFO - [2025-07-19T11:33:27.319+0000] {dag.py:3823} INFO - Setting next_dagrun for check_sklearn_version to None, run_after=None
[2025-07-19T11:33:27.339+0000] {processor.py:183} INFO - Processing /opt/airflow/dags/check_version.py took 0.081 seconds
[2025-07-19T11:33:57.782+0000] {processor.py:161} INFO - Started process (PID=15660) to work on /opt/airflow/dags/check_version.py
[2025-07-19T11:33:57.783+0000] {processor.py:830} INFO - Processing file /opt/airflow/dags/check_version.py for tasks to queue
[2025-07-19T11:33:57.784+0000] {logging_mixin.py:188} INFO - [2025-07-19T11:33:57.784+0000] {dagbag.py:538} INFO - Filling up the DagBag from /opt/airflow/dags/check_version.py
[2025-07-19T11:33:57.809+0000] {processor.py:840} INFO - DAG(s) 'check_sklearn_version' retrieved from /opt/airflow/dags/check_version.py
[2025-07-19T11:33:57.838+0000] {logging_mixin.py:188} INFO - [2025-07-19T11:33:57.838+0000] {dag.py:3036} INFO - Sync 1 DAGs
[2025-07-19T11:33:57.849+0000] {logging_mixin.py:188} INFO - [2025-07-19T11:33:57.849+0000] {dag.py:3823} INFO - Setting next_dagrun for check_sklearn_version to None, run_after=None
[2025-07-19T11:33:57.868+0000] {processor.py:183} INFO - Processing /opt/airflow/dags/check_version.py took 0.090 seconds
[2025-07-19T11:34:28.358+0000] {processor.py:161} INFO - Started process (PID=15685) to work on /opt/airflow/dags/check_version.py
[2025-07-19T11:34:28.359+0000] {processor.py:830} INFO - Processing file /opt/airflow/dags/check_version.py for tasks to queue
[2025-07-19T11:34:28.359+0000] {logging_mixin.py:188} INFO - [2025-07-19T11:34:28.359+0000] {dagbag.py:538} INFO - Filling up the DagBag from /opt/airflow/dags/check_version.py
[2025-07-19T11:34:28.370+0000] {processor.py:840} INFO - DAG(s) 'check_sklearn_version' retrieved from /opt/airflow/dags/check_version.py
[2025-07-19T11:34:28.394+0000] {logging_mixin.py:188} INFO - [2025-07-19T11:34:28.393+0000] {dag.py:3036} INFO - Sync 1 DAGs
[2025-07-19T11:34:28.405+0000] {logging_mixin.py:188} INFO - [2025-07-19T11:34:28.405+0000] {dag.py:3823} INFO - Setting next_dagrun for check_sklearn_version to None, run_after=None
[2025-07-19T11:34:28.426+0000] {processor.py:183} INFO - Processing /opt/airflow/dags/check_version.py took 0.072 seconds
[2025-07-19T11:34:58.834+0000] {processor.py:161} INFO - Started process (PID=15710) to work on /opt/airflow/dags/check_version.py
[2025-07-19T11:34:58.835+0000] {processor.py:830} INFO - Processing file /opt/airflow/dags/check_version.py for tasks to queue
[2025-07-19T11:34:58.836+0000] {logging_mixin.py:188} INFO - [2025-07-19T11:34:58.836+0000] {dagbag.py:538} INFO - Filling up the DagBag from /opt/airflow/dags/check_version.py
[2025-07-19T11:34:58.848+0000] {processor.py:840} INFO - DAG(s) 'check_sklearn_version' retrieved from /opt/airflow/dags/check_version.py
[2025-07-19T11:34:58.872+0000] {logging_mixin.py:188} INFO - [2025-07-19T11:34:58.872+0000] {dag.py:3036} INFO - Sync 1 DAGs
[2025-07-19T11:34:58.885+0000] {logging_mixin.py:188} INFO - [2025-07-19T11:34:58.885+0000] {dag.py:3823} INFO - Setting next_dagrun for check_sklearn_version to None, run_after=None
[2025-07-19T11:34:58.903+0000] {processor.py:183} INFO - Processing /opt/airflow/dags/check_version.py took 0.072 seconds
[2025-07-19T11:35:28.975+0000] {processor.py:161} INFO - Started process (PID=15735) to work on /opt/airflow/dags/check_version.py
[2025-07-19T11:35:28.976+0000] {processor.py:830} INFO - Processing file /opt/airflow/dags/check_version.py for tasks to queue
[2025-07-19T11:35:28.977+0000] {logging_mixin.py:188} INFO - [2025-07-19T11:35:28.977+0000] {dagbag.py:538} INFO - Filling up the DagBag from /opt/airflow/dags/check_version.py
[2025-07-19T11:35:28.987+0000] {processor.py:840} INFO - DAG(s) 'check_sklearn_version' retrieved from /opt/airflow/dags/check_version.py
[2025-07-19T11:35:29.013+0000] {logging_mixin.py:188} INFO - [2025-07-19T11:35:29.013+0000] {dag.py:3036} INFO - Sync 1 DAGs
[2025-07-19T11:35:29.025+0000] {logging_mixin.py:188} INFO - [2025-07-19T11:35:29.025+0000] {dag.py:3823} INFO - Setting next_dagrun for check_sklearn_version to None, run_after=None
[2025-07-19T11:35:29.043+0000] {processor.py:183} INFO - Processing /opt/airflow/dags/check_version.py took 0.071 seconds
[2025-07-19T11:35:59.214+0000] {processor.py:161} INFO - Started process (PID=15760) to work on /opt/airflow/dags/check_version.py
[2025-07-19T11:35:59.215+0000] {processor.py:830} INFO - Processing file /opt/airflow/dags/check_version.py for tasks to queue
[2025-07-19T11:35:59.216+0000] {logging_mixin.py:188} INFO - [2025-07-19T11:35:59.216+0000] {dagbag.py:538} INFO - Filling up the DagBag from /opt/airflow/dags/check_version.py
[2025-07-19T11:35:59.254+0000] {processor.py:840} INFO - DAG(s) 'check_sklearn_version' retrieved from /opt/airflow/dags/check_version.py
[2025-07-19T11:35:59.351+0000] {logging_mixin.py:188} INFO - [2025-07-19T11:35:59.351+0000] {dag.py:3036} INFO - Sync 1 DAGs
[2025-07-19T11:35:59.363+0000] {logging_mixin.py:188} INFO - [2025-07-19T11:35:59.363+0000] {dag.py:3823} INFO - Setting next_dagrun for check_sklearn_version to None, run_after=None
[2025-07-19T11:35:59.383+0000] {processor.py:183} INFO - Processing /opt/airflow/dags/check_version.py took 0.172 seconds
[2025-07-19T11:36:35.182+0000] {processor.py:161} INFO - Started process (PID=15783) to work on /opt/airflow/dags/check_version.py
[2025-07-19T11:36:35.183+0000] {processor.py:830} INFO - Processing file /opt/airflow/dags/check_version.py for tasks to queue
[2025-07-19T11:36:35.184+0000] {logging_mixin.py:188} INFO - [2025-07-19T11:36:35.184+0000] {dagbag.py:538} INFO - Filling up the DagBag from /opt/airflow/dags/check_version.py
[2025-07-19T11:36:35.362+0000] {processor.py:840} INFO - DAG(s) 'check_sklearn_version' retrieved from /opt/airflow/dags/check_version.py
[2025-07-19T11:36:39.401+0000] {logging_mixin.py:188} INFO - [2025-07-19T11:36:39.401+0000] {dag.py:3036} INFO - Sync 1 DAGs
[2025-07-19T11:36:39.414+0000] {logging_mixin.py:188} INFO - [2025-07-19T11:36:39.414+0000] {dag.py:3823} INFO - Setting next_dagrun for check_sklearn_version to None, run_after=None
[2025-07-19T11:36:39.439+0000] {processor.py:183} INFO - Processing /opt/airflow/dags/check_version.py took 4.260 seconds
[2025-07-19T11:37:35.496+0000] {processor.py:161} INFO - Started process (PID=15808) to work on /opt/airflow/dags/check_version.py
[2025-07-19T11:37:35.497+0000] {processor.py:830} INFO - Processing file /opt/airflow/dags/check_version.py for tasks to queue
[2025-07-19T11:37:35.498+0000] {logging_mixin.py:188} INFO - [2025-07-19T11:37:35.498+0000] {dagbag.py:538} INFO - Filling up the DagBag from /opt/airflow/dags/check_version.py
[2025-07-19T11:37:35.509+0000] {processor.py:840} INFO - DAG(s) 'check_sklearn_version' retrieved from /opt/airflow/dags/check_version.py
[2025-07-19T11:37:55.935+0000] {logging_mixin.py:188} INFO - [2025-07-19T11:37:55.934+0000] {dag.py:3036} INFO - Sync 1 DAGs
[2025-07-19T11:37:56.216+0000] {logging_mixin.py:188} INFO - [2025-07-19T11:37:56.216+0000] {dag.py:3823} INFO - Setting next_dagrun for check_sklearn_version to None, run_after=None
[2025-07-19T11:37:56.287+0000] {processor.py:183} INFO - Processing /opt/airflow/dags/check_version.py took 20.886 seconds
[2025-07-19T11:39:57.614+0000] {processor.py:161} INFO - Started process (PID=15834) to work on /opt/airflow/dags/check_version.py
[2025-07-19T11:39:57.615+0000] {processor.py:830} INFO - Processing file /opt/airflow/dags/check_version.py for tasks to queue
[2025-07-19T11:39:57.616+0000] {logging_mixin.py:188} INFO - [2025-07-19T11:39:57.615+0000] {dagbag.py:538} INFO - Filling up the DagBag from /opt/airflow/dags/check_version.py
[2025-07-19T11:40:05.859+0000] {processor.py:840} INFO - DAG(s) 'check_sklearn_version' retrieved from /opt/airflow/dags/check_version.py
[2025-07-19T11:42:21.625+0000] {processor.py:161} INFO - Started process (PID=15856) to work on /opt/airflow/dags/check_version.py
[2025-07-19T11:42:21.626+0000] {processor.py:830} INFO - Processing file /opt/airflow/dags/check_version.py for tasks to queue
[2025-07-19T11:42:21.627+0000] {logging_mixin.py:188} INFO - [2025-07-19T11:42:21.627+0000] {dagbag.py:538} INFO - Filling up the DagBag from /opt/airflow/dags/check_version.py
[2025-07-19T11:42:21.639+0000] {processor.py:840} INFO - DAG(s) 'check_sklearn_version' retrieved from /opt/airflow/dags/check_version.py
[2025-07-19T11:43:45.299+0000] {processor.py:161} INFO - Started process (PID=15887) to work on /opt/airflow/dags/check_version.py
[2025-07-19T11:43:45.300+0000] {processor.py:830} INFO - Processing file /opt/airflow/dags/check_version.py for tasks to queue
[2025-07-19T11:43:45.301+0000] {logging_mixin.py:188} INFO - [2025-07-19T11:43:45.301+0000] {dagbag.py:538} INFO - Filling up the DagBag from /opt/airflow/dags/check_version.py
[2025-07-19T11:43:45.314+0000] {processor.py:840} INFO - DAG(s) 'check_sklearn_version' retrieved from /opt/airflow/dags/check_version.py
[2025-07-19T11:43:50.140+0000] {logging_mixin.py:188} INFO - [2025-07-19T11:43:50.004+0000] {dag.py:3036} INFO - Sync 1 DAGs
[2025-07-19T11:44:02.990+0000] {logging_mixin.py:188} INFO - [2025-07-19T11:44:02.989+0000] {dag.py:3823} INFO - Setting next_dagrun for check_sklearn_version to None, run_after=None
[2025-07-19T11:44:11.945+0000] {processor.py:183} INFO - Processing /opt/airflow/dags/check_version.py took 26.677 seconds
[2025-07-19T11:45:10.263+0000] {processor.py:161} INFO - Started process (PID=15907) to work on /opt/airflow/dags/check_version.py
[2025-07-19T11:45:10.264+0000] {processor.py:830} INFO - Processing file /opt/airflow/dags/check_version.py for tasks to queue
[2025-07-19T11:45:10.265+0000] {logging_mixin.py:188} INFO - [2025-07-19T11:45:10.265+0000] {dagbag.py:538} INFO - Filling up the DagBag from /opt/airflow/dags/check_version.py
[2025-07-19T11:45:10.277+0000] {processor.py:840} INFO - DAG(s) 'check_sklearn_version' retrieved from /opt/airflow/dags/check_version.py
[2025-07-19T11:46:33.827+0000] {processor.py:161} INFO - Started process (PID=15938) to work on /opt/airflow/dags/check_version.py
[2025-07-19T11:46:33.828+0000] {processor.py:830} INFO - Processing file /opt/airflow/dags/check_version.py for tasks to queue
[2025-07-19T11:46:33.829+0000] {logging_mixin.py:188} INFO - [2025-07-19T11:46:33.828+0000] {dagbag.py:538} INFO - Filling up the DagBag from /opt/airflow/dags/check_version.py
[2025-07-19T11:46:33.840+0000] {processor.py:840} INFO - DAG(s) 'check_sklearn_version' retrieved from /opt/airflow/dags/check_version.py
[2025-07-19T11:46:35.743+0000] {logging_mixin.py:188} INFO - [2025-07-19T11:46:35.743+0000] {dag.py:3036} INFO - Sync 1 DAGs
[2025-07-19T11:46:36.024+0000] {logging_mixin.py:188} INFO - [2025-07-19T11:46:36.024+0000] {dag.py:3823} INFO - Setting next_dagrun for check_sklearn_version to None, run_after=None
[2025-07-19T11:46:36.091+0000] {processor.py:183} INFO - Processing /opt/airflow/dags/check_version.py took 2.267 seconds
[2025-07-19T11:47:40.316+0000] {processor.py:161} INFO - Started process (PID=15961) to work on /opt/airflow/dags/check_version.py
[2025-07-19T11:47:40.317+0000] {processor.py:830} INFO - Processing file /opt/airflow/dags/check_version.py for tasks to queue
[2025-07-19T11:47:40.318+0000] {logging_mixin.py:188} INFO - [2025-07-19T11:47:40.318+0000] {dagbag.py:538} INFO - Filling up the DagBag from /opt/airflow/dags/check_version.py
[2025-07-19T11:47:40.881+0000] {processor.py:840} INFO - DAG(s) 'check_sklearn_version' retrieved from /opt/airflow/dags/check_version.py
[2025-07-19T11:47:40.908+0000] {logging_mixin.py:188} INFO - [2025-07-19T11:47:40.908+0000] {dag.py:3036} INFO - Sync 1 DAGs
[2025-07-19T11:47:40.920+0000] {logging_mixin.py:188} INFO - [2025-07-19T11:47:40.920+0000] {dag.py:3823} INFO - Setting next_dagrun for check_sklearn_version to None, run_after=None
[2025-07-19T11:47:40.940+0000] {processor.py:183} INFO - Processing /opt/airflow/dags/check_version.py took 0.628 seconds
[2025-07-19T11:48:12.281+0000] {processor.py:161} INFO - Started process (PID=15983) to work on /opt/airflow/dags/check_version.py
[2025-07-19T11:48:12.282+0000] {processor.py:830} INFO - Processing file /opt/airflow/dags/check_version.py for tasks to queue
[2025-07-19T11:48:12.283+0000] {logging_mixin.py:188} INFO - [2025-07-19T11:48:12.282+0000] {dagbag.py:538} INFO - Filling up the DagBag from /opt/airflow/dags/check_version.py
[2025-07-19T11:48:12.292+0000] {processor.py:840} INFO - DAG(s) 'check_sklearn_version' retrieved from /opt/airflow/dags/check_version.py
[2025-07-19T11:48:12.315+0000] {logging_mixin.py:188} INFO - [2025-07-19T11:48:12.315+0000] {dag.py:3036} INFO - Sync 1 DAGs
[2025-07-19T11:48:12.326+0000] {logging_mixin.py:188} INFO - [2025-07-19T11:48:12.326+0000] {dag.py:3823} INFO - Setting next_dagrun for check_sklearn_version to None, run_after=None
[2025-07-19T11:48:16.787+0000] {processor.py:183} INFO - Processing /opt/airflow/dags/check_version.py took 4.509 seconds
[2025-07-19T11:49:08.595+0000] {processor.py:161} INFO - Started process (PID=16006) to work on /opt/airflow/dags/check_version.py
[2025-07-19T11:49:08.596+0000] {processor.py:830} INFO - Processing file /opt/airflow/dags/check_version.py for tasks to queue
[2025-07-19T11:49:08.598+0000] {logging_mixin.py:188} INFO - [2025-07-19T11:49:08.597+0000] {dagbag.py:538} INFO - Filling up the DagBag from /opt/airflow/dags/check_version.py
[2025-07-19T11:49:09.013+0000] {processor.py:840} INFO - DAG(s) 'check_sklearn_version' retrieved from /opt/airflow/dags/check_version.py
[2025-07-19T11:49:13.776+0000] {logging_mixin.py:188} INFO - [2025-07-19T11:49:13.776+0000] {dag.py:3036} INFO - Sync 1 DAGs
[2025-07-19T11:49:13.879+0000] {logging_mixin.py:188} INFO - [2025-07-19T11:49:13.879+0000] {dag.py:3823} INFO - Setting next_dagrun for check_sklearn_version to None, run_after=None
[2025-07-19T11:49:14.107+0000] {processor.py:183} INFO - Processing /opt/airflow/dags/check_version.py took 14.762 seconds
[2025-07-19T11:49:45.187+0000] {processor.py:161} INFO - Started process (PID=16033) to work on /opt/airflow/dags/check_version.py
[2025-07-19T11:49:45.188+0000] {processor.py:830} INFO - Processing file /opt/airflow/dags/check_version.py for tasks to queue
[2025-07-19T11:49:45.189+0000] {logging_mixin.py:188} INFO - [2025-07-19T11:49:45.188+0000] {dagbag.py:538} INFO - Filling up the DagBag from /opt/airflow/dags/check_version.py
[2025-07-19T11:49:45.213+0000] {processor.py:840} INFO - DAG(s) 'check_sklearn_version' retrieved from /opt/airflow/dags/check_version.py
[2025-07-19T11:49:45.237+0000] {logging_mixin.py:188} INFO - [2025-07-19T11:49:45.237+0000] {dag.py:3036} INFO - Sync 1 DAGs
[2025-07-19T11:49:45.248+0000] {logging_mixin.py:188} INFO - [2025-07-19T11:49:45.248+0000] {dag.py:3823} INFO - Setting next_dagrun for check_sklearn_version to None, run_after=None
[2025-07-19T11:49:45.268+0000] {processor.py:183} INFO - Processing /opt/airflow/dags/check_version.py took 0.084 seconds
[2025-07-19T11:50:16.464+0000] {processor.py:161} INFO - Started process (PID=16058) to work on /opt/airflow/dags/check_version.py
[2025-07-19T11:50:16.465+0000] {processor.py:830} INFO - Processing file /opt/airflow/dags/check_version.py for tasks to queue
[2025-07-19T11:50:16.466+0000] {logging_mixin.py:188} INFO - [2025-07-19T11:50:16.466+0000] {dagbag.py:538} INFO - Filling up the DagBag from /opt/airflow/dags/check_version.py
[2025-07-19T11:50:16.478+0000] {processor.py:840} INFO - DAG(s) 'check_sklearn_version' retrieved from /opt/airflow/dags/check_version.py
[2025-07-19T11:50:16.594+0000] {logging_mixin.py:188} INFO - [2025-07-19T11:50:16.594+0000] {dag.py:3036} INFO - Sync 1 DAGs
[2025-07-19T11:50:16.608+0000] {logging_mixin.py:188} INFO - [2025-07-19T11:50:16.608+0000] {dag.py:3823} INFO - Setting next_dagrun for check_sklearn_version to None, run_after=None
[2025-07-19T11:50:16.630+0000] {processor.py:183} INFO - Processing /opt/airflow/dags/check_version.py took 0.168 seconds
[2025-07-19T11:51:17.729+0000] {processor.py:161} INFO - Started process (PID=16081) to work on /opt/airflow/dags/check_version.py
[2025-07-19T11:51:18.491+0000] {processor.py:830} INFO - Processing file /opt/airflow/dags/check_version.py for tasks to queue
[2025-07-19T11:51:18.492+0000] {logging_mixin.py:188} INFO - [2025-07-19T11:51:18.491+0000] {dagbag.py:538} INFO - Filling up the DagBag from /opt/airflow/dags/check_version.py
[2025-07-19T11:51:18.642+0000] {processor.py:840} INFO - DAG(s) 'check_sklearn_version' retrieved from /opt/airflow/dags/check_version.py
[2025-07-19T11:51:18.938+0000] {logging_mixin.py:188} INFO - [2025-07-19T11:51:18.938+0000] {dag.py:3036} INFO - Sync 1 DAGs
[2025-07-19T11:51:18.951+0000] {logging_mixin.py:188} INFO - [2025-07-19T11:51:18.950+0000] {dag.py:3823} INFO - Setting next_dagrun for check_sklearn_version to None, run_after=None
[2025-07-19T11:51:18.969+0000] {processor.py:183} INFO - Processing /opt/airflow/dags/check_version.py took 1.243 seconds
[2025-07-19T11:52:33.890+0000] {processor.py:161} INFO - Started process (PID=16109) to work on /opt/airflow/dags/check_version.py
[2025-07-19T11:52:33.892+0000] {processor.py:830} INFO - Processing file /opt/airflow/dags/check_version.py for tasks to queue
[2025-07-19T11:52:33.893+0000] {logging_mixin.py:188} INFO - [2025-07-19T11:52:33.893+0000] {dagbag.py:538} INFO - Filling up the DagBag from /opt/airflow/dags/check_version.py
[2025-07-19T11:52:33.971+0000] {processor.py:840} INFO - DAG(s) 'check_sklearn_version' retrieved from /opt/airflow/dags/check_version.py
[2025-07-19T11:52:34.161+0000] {logging_mixin.py:188} INFO - [2025-07-19T11:52:34.161+0000] {dag.py:3036} INFO - Sync 1 DAGs
[2025-07-19T11:52:34.173+0000] {logging_mixin.py:188} INFO - [2025-07-19T11:52:34.172+0000] {dag.py:3823} INFO - Setting next_dagrun for check_sklearn_version to None, run_after=None
[2025-07-19T11:52:34.191+0000] {processor.py:183} INFO - Processing /opt/airflow/dags/check_version.py took 0.305 seconds
[2025-07-19T11:53:17.860+0000] {processor.py:161} INFO - Started process (PID=16134) to work on /opt/airflow/dags/check_version.py
[2025-07-19T11:53:17.861+0000] {processor.py:830} INFO - Processing file /opt/airflow/dags/check_version.py for tasks to queue
[2025-07-19T11:53:17.891+0000] {logging_mixin.py:188} INFO - [2025-07-19T11:53:17.890+0000] {dagbag.py:538} INFO - Filling up the DagBag from /opt/airflow/dags/check_version.py
[2025-07-19T11:53:17.908+0000] {processor.py:840} INFO - DAG(s) 'check_sklearn_version' retrieved from /opt/airflow/dags/check_version.py
[2025-07-19T11:53:21.832+0000] {logging_mixin.py:188} INFO - [2025-07-19T11:53:21.832+0000] {dag.py:3036} INFO - Sync 1 DAGs
[2025-07-19T11:53:28.088+0000] {logging_mixin.py:188} INFO - [2025-07-19T11:53:28.088+0000] {dag.py:3823} INFO - Setting next_dagrun for check_sklearn_version to None, run_after=None
[2025-07-19T11:53:28.162+0000] {processor.py:183} INFO - Processing /opt/airflow/dags/check_version.py took 10.306 seconds
[2025-07-19T11:53:59.290+0000] {processor.py:161} INFO - Started process (PID=16161) to work on /opt/airflow/dags/check_version.py
[2025-07-19T11:53:59.304+0000] {processor.py:830} INFO - Processing file /opt/airflow/dags/check_version.py for tasks to queue
[2025-07-19T11:53:59.305+0000] {logging_mixin.py:188} INFO - [2025-07-19T11:53:59.305+0000] {dagbag.py:538} INFO - Filling up the DagBag from /opt/airflow/dags/check_version.py
[2025-07-19T11:53:59.410+0000] {processor.py:840} INFO - DAG(s) 'check_sklearn_version' retrieved from /opt/airflow/dags/check_version.py
[2025-07-19T11:53:59.450+0000] {logging_mixin.py:188} INFO - [2025-07-19T11:53:59.450+0000] {dag.py:3036} INFO - Sync 1 DAGs
[2025-07-19T11:53:59.462+0000] {logging_mixin.py:188} INFO - [2025-07-19T11:53:59.462+0000] {dag.py:3823} INFO - Setting next_dagrun for check_sklearn_version to None, run_after=None
[2025-07-19T11:53:59.480+0000] {processor.py:183} INFO - Processing /opt/airflow/dags/check_version.py took 0.194 seconds
[2025-07-19T11:54:30.600+0000] {processor.py:161} INFO - Started process (PID=16186) to work on /opt/airflow/dags/check_version.py
[2025-07-19T11:54:30.602+0000] {processor.py:830} INFO - Processing file /opt/airflow/dags/check_version.py for tasks to queue
[2025-07-19T11:54:30.603+0000] {logging_mixin.py:188} INFO - [2025-07-19T11:54:30.603+0000] {dagbag.py:538} INFO - Filling up the DagBag from /opt/airflow/dags/check_version.py
[2025-07-19T11:54:30.762+0000] {processor.py:840} INFO - DAG(s) 'check_sklearn_version' retrieved from /opt/airflow/dags/check_version.py
[2025-07-19T11:54:30.788+0000] {logging_mixin.py:188} INFO - [2025-07-19T11:54:30.788+0000] {dag.py:3036} INFO - Sync 1 DAGs
[2025-07-19T11:54:30.822+0000] {logging_mixin.py:188} INFO - [2025-07-19T11:54:30.822+0000] {dag.py:3823} INFO - Setting next_dagrun for check_sklearn_version to None, run_after=None
[2025-07-19T11:54:30.841+0000] {processor.py:183} INFO - Processing /opt/airflow/dags/check_version.py took 0.253 seconds
[2025-07-19T11:55:01.018+0000] {processor.py:161} INFO - Started process (PID=16211) to work on /opt/airflow/dags/check_version.py
[2025-07-19T11:55:01.019+0000] {processor.py:830} INFO - Processing file /opt/airflow/dags/check_version.py for tasks to queue
[2025-07-19T11:55:01.020+0000] {logging_mixin.py:188} INFO - [2025-07-19T11:55:01.019+0000] {dagbag.py:538} INFO - Filling up the DagBag from /opt/airflow/dags/check_version.py
[2025-07-19T11:55:01.033+0000] {processor.py:840} INFO - DAG(s) 'check_sklearn_version' retrieved from /opt/airflow/dags/check_version.py
[2025-07-19T11:55:01.079+0000] {logging_mixin.py:188} INFO - [2025-07-19T11:55:01.079+0000] {dag.py:3036} INFO - Sync 1 DAGs
[2025-07-19T11:55:01.090+0000] {logging_mixin.py:188} INFO - [2025-07-19T11:55:01.090+0000] {dag.py:3823} INFO - Setting next_dagrun for check_sklearn_version to None, run_after=None
[2025-07-19T11:55:01.109+0000] {processor.py:183} INFO - Processing /opt/airflow/dags/check_version.py took 0.095 seconds
[2025-07-19T11:55:31.255+0000] {processor.py:161} INFO - Started process (PID=16236) to work on /opt/airflow/dags/check_version.py
[2025-07-19T11:55:31.256+0000] {processor.py:830} INFO - Processing file /opt/airflow/dags/check_version.py for tasks to queue
[2025-07-19T11:55:31.257+0000] {logging_mixin.py:188} INFO - [2025-07-19T11:55:31.257+0000] {dagbag.py:538} INFO - Filling up the DagBag from /opt/airflow/dags/check_version.py
[2025-07-19T11:55:31.292+0000] {processor.py:840} INFO - DAG(s) 'check_sklearn_version' retrieved from /opt/airflow/dags/check_version.py
[2025-07-19T11:55:31.317+0000] {logging_mixin.py:188} INFO - [2025-07-19T11:55:31.317+0000] {dag.py:3036} INFO - Sync 1 DAGs
[2025-07-19T11:55:31.332+0000] {logging_mixin.py:188} INFO - [2025-07-19T11:55:31.332+0000] {dag.py:3823} INFO - Setting next_dagrun for check_sklearn_version to None, run_after=None
[2025-07-19T11:55:31.353+0000] {processor.py:183} INFO - Processing /opt/airflow/dags/check_version.py took 0.101 seconds
[2025-07-19T11:56:02.026+0000] {processor.py:161} INFO - Started process (PID=16261) to work on /opt/airflow/dags/check_version.py
[2025-07-19T11:56:02.028+0000] {processor.py:830} INFO - Processing file /opt/airflow/dags/check_version.py for tasks to queue
[2025-07-19T11:56:02.029+0000] {logging_mixin.py:188} INFO - [2025-07-19T11:56:02.029+0000] {dagbag.py:538} INFO - Filling up the DagBag from /opt/airflow/dags/check_version.py
[2025-07-19T11:56:02.351+0000] {processor.py:840} INFO - DAG(s) 'check_sklearn_version' retrieved from /opt/airflow/dags/check_version.py
[2025-07-19T11:56:02.622+0000] {logging_mixin.py:188} INFO - [2025-07-19T11:56:02.622+0000] {dag.py:3036} INFO - Sync 1 DAGs
[2025-07-19T11:56:02.633+0000] {logging_mixin.py:188} INFO - [2025-07-19T11:56:02.632+0000] {dag.py:3823} INFO - Setting next_dagrun for check_sklearn_version to None, run_after=None
[2025-07-19T11:56:02.652+0000] {processor.py:183} INFO - Processing /opt/airflow/dags/check_version.py took 0.629 seconds
[2025-07-19T11:56:33.295+0000] {processor.py:161} INFO - Started process (PID=16286) to work on /opt/airflow/dags/check_version.py
[2025-07-19T11:56:33.296+0000] {processor.py:830} INFO - Processing file /opt/airflow/dags/check_version.py for tasks to queue
[2025-07-19T11:56:33.344+0000] {logging_mixin.py:188} INFO - [2025-07-19T11:56:33.343+0000] {dagbag.py:538} INFO - Filling up the DagBag from /opt/airflow/dags/check_version.py
[2025-07-19T11:56:33.433+0000] {processor.py:840} INFO - DAG(s) 'check_sklearn_version' retrieved from /opt/airflow/dags/check_version.py
[2025-07-19T11:56:33.457+0000] {logging_mixin.py:188} INFO - [2025-07-19T11:56:33.457+0000] {dag.py:3036} INFO - Sync 1 DAGs
[2025-07-19T11:56:33.468+0000] {logging_mixin.py:188} INFO - [2025-07-19T11:56:33.468+0000] {dag.py:3823} INFO - Setting next_dagrun for check_sklearn_version to None, run_after=None
[2025-07-19T11:56:33.487+0000] {processor.py:183} INFO - Processing /opt/airflow/dags/check_version.py took 0.195 seconds
[2025-07-19T11:57:04.325+0000] {processor.py:161} INFO - Started process (PID=16309) to work on /opt/airflow/dags/check_version.py
[2025-07-19T11:57:04.326+0000] {processor.py:830} INFO - Processing file /opt/airflow/dags/check_version.py for tasks to queue
[2025-07-19T11:57:04.327+0000] {logging_mixin.py:188} INFO - [2025-07-19T11:57:04.327+0000] {dagbag.py:538} INFO - Filling up the DagBag from /opt/airflow/dags/check_version.py
[2025-07-19T11:57:04.396+0000] {processor.py:840} INFO - DAG(s) 'check_sklearn_version' retrieved from /opt/airflow/dags/check_version.py
[2025-07-19T11:57:04.449+0000] {logging_mixin.py:188} INFO - [2025-07-19T11:57:04.449+0000] {dag.py:3036} INFO - Sync 1 DAGs
[2025-07-19T11:57:04.461+0000] {logging_mixin.py:188} INFO - [2025-07-19T11:57:04.461+0000] {dag.py:3823} INFO - Setting next_dagrun for check_sklearn_version to None, run_after=None
[2025-07-19T11:57:04.480+0000] {processor.py:183} INFO - Processing /opt/airflow/dags/check_version.py took 0.159 seconds
[2025-07-19T11:57:34.580+0000] {processor.py:161} INFO - Started process (PID=16336) to work on /opt/airflow/dags/check_version.py
[2025-07-19T11:57:34.581+0000] {processor.py:830} INFO - Processing file /opt/airflow/dags/check_version.py for tasks to queue
[2025-07-19T11:57:34.582+0000] {logging_mixin.py:188} INFO - [2025-07-19T11:57:34.582+0000] {dagbag.py:538} INFO - Filling up the DagBag from /opt/airflow/dags/check_version.py
[2025-07-19T11:57:34.593+0000] {processor.py:840} INFO - DAG(s) 'check_sklearn_version' retrieved from /opt/airflow/dags/check_version.py
[2025-07-19T11:57:34.618+0000] {logging_mixin.py:188} INFO - [2025-07-19T11:57:34.617+0000] {dag.py:3036} INFO - Sync 1 DAGs
[2025-07-19T11:57:34.629+0000] {logging_mixin.py:188} INFO - [2025-07-19T11:57:34.628+0000] {dag.py:3823} INFO - Setting next_dagrun for check_sklearn_version to None, run_after=None
[2025-07-19T11:57:34.648+0000] {processor.py:183} INFO - Processing /opt/airflow/dags/check_version.py took 0.070 seconds
[2025-07-19T11:58:04.964+0000] {processor.py:161} INFO - Started process (PID=16359) to work on /opt/airflow/dags/check_version.py
[2025-07-19T11:58:04.965+0000] {processor.py:830} INFO - Processing file /opt/airflow/dags/check_version.py for tasks to queue
[2025-07-19T11:58:04.966+0000] {logging_mixin.py:188} INFO - [2025-07-19T11:58:04.965+0000] {dagbag.py:538} INFO - Filling up the DagBag from /opt/airflow/dags/check_version.py
[2025-07-19T11:58:04.982+0000] {processor.py:840} INFO - DAG(s) 'check_sklearn_version' retrieved from /opt/airflow/dags/check_version.py
[2025-07-19T11:58:05.012+0000] {logging_mixin.py:188} INFO - [2025-07-19T11:58:05.011+0000] {dag.py:3036} INFO - Sync 1 DAGs
[2025-07-19T11:58:05.026+0000] {logging_mixin.py:188} INFO - [2025-07-19T11:58:05.026+0000] {dag.py:3823} INFO - Setting next_dagrun for check_sklearn_version to None, run_after=None
[2025-07-19T11:58:05.047+0000] {processor.py:183} INFO - Processing /opt/airflow/dags/check_version.py took 0.086 seconds
[2025-07-19T11:58:35.368+0000] {processor.py:161} INFO - Started process (PID=16384) to work on /opt/airflow/dags/check_version.py
[2025-07-19T11:58:35.369+0000] {processor.py:830} INFO - Processing file /opt/airflow/dags/check_version.py for tasks to queue
[2025-07-19T11:58:35.370+0000] {logging_mixin.py:188} INFO - [2025-07-19T11:58:35.369+0000] {dagbag.py:538} INFO - Filling up the DagBag from /opt/airflow/dags/check_version.py
[2025-07-19T11:58:35.380+0000] {processor.py:840} INFO - DAG(s) 'check_sklearn_version' retrieved from /opt/airflow/dags/check_version.py
[2025-07-19T11:58:35.405+0000] {logging_mixin.py:188} INFO - [2025-07-19T11:58:35.405+0000] {dag.py:3036} INFO - Sync 1 DAGs
[2025-07-19T11:58:35.416+0000] {logging_mixin.py:188} INFO - [2025-07-19T11:58:35.416+0000] {dag.py:3823} INFO - Setting next_dagrun for check_sklearn_version to None, run_after=None
[2025-07-19T11:58:35.437+0000] {processor.py:183} INFO - Processing /opt/airflow/dags/check_version.py took 0.073 seconds
[2025-07-19T11:59:05.828+0000] {processor.py:161} INFO - Started process (PID=16409) to work on /opt/airflow/dags/check_version.py
[2025-07-19T11:59:05.829+0000] {processor.py:830} INFO - Processing file /opt/airflow/dags/check_version.py for tasks to queue
[2025-07-19T11:59:05.830+0000] {logging_mixin.py:188} INFO - [2025-07-19T11:59:05.830+0000] {dagbag.py:538} INFO - Filling up the DagBag from /opt/airflow/dags/check_version.py
[2025-07-19T11:59:05.842+0000] {processor.py:840} INFO - DAG(s) 'check_sklearn_version' retrieved from /opt/airflow/dags/check_version.py
[2025-07-19T11:59:05.867+0000] {logging_mixin.py:188} INFO - [2025-07-19T11:59:05.866+0000] {dag.py:3036} INFO - Sync 1 DAGs
[2025-07-19T11:59:05.877+0000] {logging_mixin.py:188} INFO - [2025-07-19T11:59:05.877+0000] {dag.py:3823} INFO - Setting next_dagrun for check_sklearn_version to None, run_after=None
[2025-07-19T11:59:05.896+0000] {processor.py:183} INFO - Processing /opt/airflow/dags/check_version.py took 0.071 seconds
[2025-07-19T11:59:36.346+0000] {processor.py:161} INFO - Started process (PID=16434) to work on /opt/airflow/dags/check_version.py
[2025-07-19T11:59:36.347+0000] {processor.py:830} INFO - Processing file /opt/airflow/dags/check_version.py for tasks to queue
[2025-07-19T11:59:36.348+0000] {logging_mixin.py:188} INFO - [2025-07-19T11:59:36.348+0000] {dagbag.py:538} INFO - Filling up the DagBag from /opt/airflow/dags/check_version.py
[2025-07-19T11:59:36.361+0000] {processor.py:840} INFO - DAG(s) 'check_sklearn_version' retrieved from /opt/airflow/dags/check_version.py
[2025-07-19T11:59:36.388+0000] {logging_mixin.py:188} INFO - [2025-07-19T11:59:36.387+0000] {dag.py:3036} INFO - Sync 1 DAGs
[2025-07-19T11:59:36.399+0000] {logging_mixin.py:188} INFO - [2025-07-19T11:59:36.399+0000] {dag.py:3823} INFO - Setting next_dagrun for check_sklearn_version to None, run_after=None
[2025-07-19T11:59:36.416+0000] {processor.py:183} INFO - Processing /opt/airflow/dags/check_version.py took 0.073 seconds
[2025-07-19T12:00:06.782+0000] {processor.py:161} INFO - Started process (PID=16459) to work on /opt/airflow/dags/check_version.py
[2025-07-19T12:00:06.784+0000] {processor.py:830} INFO - Processing file /opt/airflow/dags/check_version.py for tasks to queue
[2025-07-19T12:00:06.786+0000] {logging_mixin.py:188} INFO - [2025-07-19T12:00:06.786+0000] {dagbag.py:538} INFO - Filling up the DagBag from /opt/airflow/dags/check_version.py
[2025-07-19T12:00:06.806+0000] {processor.py:840} INFO - DAG(s) 'check_sklearn_version' retrieved from /opt/airflow/dags/check_version.py
[2025-07-19T12:00:06.843+0000] {logging_mixin.py:188} INFO - [2025-07-19T12:00:06.843+0000] {dag.py:3036} INFO - Sync 1 DAGs
[2025-07-19T12:00:06.864+0000] {logging_mixin.py:188} INFO - [2025-07-19T12:00:06.864+0000] {dag.py:3823} INFO - Setting next_dagrun for check_sklearn_version to None, run_after=None
[2025-07-19T12:00:06.888+0000] {processor.py:183} INFO - Processing /opt/airflow/dags/check_version.py took 0.110 seconds
[2025-07-19T12:00:37.306+0000] {processor.py:161} INFO - Started process (PID=16484) to work on /opt/airflow/dags/check_version.py
[2025-07-19T12:00:37.307+0000] {processor.py:830} INFO - Processing file /opt/airflow/dags/check_version.py for tasks to queue
[2025-07-19T12:00:37.308+0000] {logging_mixin.py:188} INFO - [2025-07-19T12:00:37.308+0000] {dagbag.py:538} INFO - Filling up the DagBag from /opt/airflow/dags/check_version.py
[2025-07-19T12:00:37.320+0000] {processor.py:840} INFO - DAG(s) 'check_sklearn_version' retrieved from /opt/airflow/dags/check_version.py
[2025-07-19T12:00:37.365+0000] {logging_mixin.py:188} INFO - [2025-07-19T12:00:37.365+0000] {dag.py:3036} INFO - Sync 1 DAGs
[2025-07-19T12:00:37.380+0000] {logging_mixin.py:188} INFO - [2025-07-19T12:00:37.380+0000] {dag.py:3823} INFO - Setting next_dagrun for check_sklearn_version to None, run_after=None
[2025-07-19T12:00:37.400+0000] {processor.py:183} INFO - Processing /opt/airflow/dags/check_version.py took 0.098 seconds
[2025-07-19T12:01:07.919+0000] {processor.py:161} INFO - Started process (PID=16509) to work on /opt/airflow/dags/check_version.py
[2025-07-19T12:01:07.920+0000] {processor.py:830} INFO - Processing file /opt/airflow/dags/check_version.py for tasks to queue
[2025-07-19T12:01:07.921+0000] {logging_mixin.py:188} INFO - [2025-07-19T12:01:07.921+0000] {dagbag.py:538} INFO - Filling up the DagBag from /opt/airflow/dags/check_version.py
[2025-07-19T12:01:07.934+0000] {processor.py:840} INFO - DAG(s) 'check_sklearn_version' retrieved from /opt/airflow/dags/check_version.py
[2025-07-19T12:01:07.967+0000] {logging_mixin.py:188} INFO - [2025-07-19T12:01:07.965+0000] {dag.py:3036} INFO - Sync 1 DAGs
[2025-07-19T12:01:07.980+0000] {logging_mixin.py:188} INFO - [2025-07-19T12:01:07.980+0000] {dag.py:3823} INFO - Setting next_dagrun for check_sklearn_version to None, run_after=None
[2025-07-19T12:01:08.001+0000] {processor.py:183} INFO - Processing /opt/airflow/dags/check_version.py took 0.086 seconds
[2025-07-19T12:01:38.456+0000] {processor.py:161} INFO - Started process (PID=16534) to work on /opt/airflow/dags/check_version.py
[2025-07-19T12:01:38.457+0000] {processor.py:830} INFO - Processing file /opt/airflow/dags/check_version.py for tasks to queue
[2025-07-19T12:01:38.458+0000] {logging_mixin.py:188} INFO - [2025-07-19T12:01:38.458+0000] {dagbag.py:538} INFO - Filling up the DagBag from /opt/airflow/dags/check_version.py
[2025-07-19T12:01:38.472+0000] {processor.py:840} INFO - DAG(s) 'check_sklearn_version' retrieved from /opt/airflow/dags/check_version.py
[2025-07-19T12:01:38.500+0000] {logging_mixin.py:188} INFO - [2025-07-19T12:01:38.499+0000] {dag.py:3036} INFO - Sync 1 DAGs
[2025-07-19T12:01:38.514+0000] {logging_mixin.py:188} INFO - [2025-07-19T12:01:38.513+0000] {dag.py:3823} INFO - Setting next_dagrun for check_sklearn_version to None, run_after=None
[2025-07-19T12:01:38.542+0000] {processor.py:183} INFO - Processing /opt/airflow/dags/check_version.py took 0.089 seconds
[2025-07-19T12:02:08.974+0000] {processor.py:161} INFO - Started process (PID=16559) to work on /opt/airflow/dags/check_version.py
[2025-07-19T12:02:08.975+0000] {processor.py:830} INFO - Processing file /opt/airflow/dags/check_version.py for tasks to queue
[2025-07-19T12:02:08.976+0000] {logging_mixin.py:188} INFO - [2025-07-19T12:02:08.976+0000] {dagbag.py:538} INFO - Filling up the DagBag from /opt/airflow/dags/check_version.py
[2025-07-19T12:02:08.989+0000] {processor.py:840} INFO - DAG(s) 'check_sklearn_version' retrieved from /opt/airflow/dags/check_version.py
[2025-07-19T12:02:09.021+0000] {logging_mixin.py:188} INFO - [2025-07-19T12:02:09.021+0000] {dag.py:3036} INFO - Sync 1 DAGs
[2025-07-19T12:02:09.035+0000] {logging_mixin.py:188} INFO - [2025-07-19T12:02:09.034+0000] {dag.py:3823} INFO - Setting next_dagrun for check_sklearn_version to None, run_after=None
[2025-07-19T12:02:09.056+0000] {processor.py:183} INFO - Processing /opt/airflow/dags/check_version.py took 0.087 seconds
[2025-07-19T12:02:39.473+0000] {processor.py:161} INFO - Started process (PID=16584) to work on /opt/airflow/dags/check_version.py
[2025-07-19T12:02:39.474+0000] {processor.py:830} INFO - Processing file /opt/airflow/dags/check_version.py for tasks to queue
[2025-07-19T12:02:39.475+0000] {logging_mixin.py:188} INFO - [2025-07-19T12:02:39.475+0000] {dagbag.py:538} INFO - Filling up the DagBag from /opt/airflow/dags/check_version.py
[2025-07-19T12:02:39.489+0000] {processor.py:840} INFO - DAG(s) 'check_sklearn_version' retrieved from /opt/airflow/dags/check_version.py
[2025-07-19T12:02:39.521+0000] {logging_mixin.py:188} INFO - [2025-07-19T12:02:39.521+0000] {dag.py:3036} INFO - Sync 1 DAGs
[2025-07-19T12:02:39.533+0000] {logging_mixin.py:188} INFO - [2025-07-19T12:02:39.533+0000] {dag.py:3823} INFO - Setting next_dagrun for check_sklearn_version to None, run_after=None
[2025-07-19T12:02:39.556+0000] {processor.py:183} INFO - Processing /opt/airflow/dags/check_version.py took 0.086 seconds
[2025-07-19T12:03:10.032+0000] {processor.py:161} INFO - Started process (PID=16609) to work on /opt/airflow/dags/check_version.py
[2025-07-19T12:03:10.033+0000] {processor.py:830} INFO - Processing file /opt/airflow/dags/check_version.py for tasks to queue
[2025-07-19T12:03:10.034+0000] {logging_mixin.py:188} INFO - [2025-07-19T12:03:10.034+0000] {dagbag.py:538} INFO - Filling up the DagBag from /opt/airflow/dags/check_version.py
[2025-07-19T12:03:10.047+0000] {processor.py:840} INFO - DAG(s) 'check_sklearn_version' retrieved from /opt/airflow/dags/check_version.py
[2025-07-19T12:03:10.080+0000] {logging_mixin.py:188} INFO - [2025-07-19T12:03:10.079+0000] {dag.py:3036} INFO - Sync 1 DAGs
[2025-07-19T12:03:10.095+0000] {logging_mixin.py:188} INFO - [2025-07-19T12:03:10.094+0000] {dag.py:3823} INFO - Setting next_dagrun for check_sklearn_version to None, run_after=None
[2025-07-19T12:03:10.113+0000] {processor.py:183} INFO - Processing /opt/airflow/dags/check_version.py took 0.084 seconds
[2025-07-19T12:03:40.512+0000] {processor.py:161} INFO - Started process (PID=16634) to work on /opt/airflow/dags/check_version.py
[2025-07-19T12:03:40.513+0000] {processor.py:830} INFO - Processing file /opt/airflow/dags/check_version.py for tasks to queue
[2025-07-19T12:03:40.515+0000] {logging_mixin.py:188} INFO - [2025-07-19T12:03:40.514+0000] {dagbag.py:538} INFO - Filling up the DagBag from /opt/airflow/dags/check_version.py
[2025-07-19T12:03:40.526+0000] {processor.py:840} INFO - DAG(s) 'check_sklearn_version' retrieved from /opt/airflow/dags/check_version.py
[2025-07-19T12:03:40.551+0000] {logging_mixin.py:188} INFO - [2025-07-19T12:03:40.551+0000] {dag.py:3036} INFO - Sync 1 DAGs
[2025-07-19T12:03:40.778+0000] {logging_mixin.py:188} INFO - [2025-07-19T12:03:40.778+0000] {dag.py:3823} INFO - Setting next_dagrun for check_sklearn_version to None, run_after=None
[2025-07-19T12:03:41.131+0000] {processor.py:183} INFO - Processing /opt/airflow/dags/check_version.py took 0.622 seconds
[2025-07-19T12:04:11.795+0000] {processor.py:161} INFO - Started process (PID=16659) to work on /opt/airflow/dags/check_version.py
[2025-07-19T12:04:11.803+0000] {processor.py:830} INFO - Processing file /opt/airflow/dags/check_version.py for tasks to queue
[2025-07-19T12:04:11.805+0000] {logging_mixin.py:188} INFO - [2025-07-19T12:04:11.804+0000] {dagbag.py:538} INFO - Filling up the DagBag from /opt/airflow/dags/check_version.py
[2025-07-19T12:04:11.824+0000] {processor.py:840} INFO - DAG(s) 'check_sklearn_version' retrieved from /opt/airflow/dags/check_version.py
[2025-07-19T12:04:11.854+0000] {logging_mixin.py:188} INFO - [2025-07-19T12:04:11.854+0000] {dag.py:3036} INFO - Sync 1 DAGs
[2025-07-19T12:04:11.870+0000] {logging_mixin.py:188} INFO - [2025-07-19T12:04:11.869+0000] {dag.py:3823} INFO - Setting next_dagrun for check_sklearn_version to None, run_after=None
[2025-07-19T12:04:11.904+0000] {processor.py:183} INFO - Processing /opt/airflow/dags/check_version.py took 0.114 seconds
[2025-07-19T12:04:43.990+0000] {processor.py:161} INFO - Started process (PID=16683) to work on /opt/airflow/dags/check_version.py
[2025-07-19T12:04:44.582+0000] {processor.py:830} INFO - Processing file /opt/airflow/dags/check_version.py for tasks to queue
[2025-07-19T12:04:44.818+0000] {logging_mixin.py:188} INFO - [2025-07-19T12:04:44.806+0000] {dagbag.py:538} INFO - Filling up the DagBag from /opt/airflow/dags/check_version.py
[2025-07-19T12:04:44.832+0000] {processor.py:840} INFO - DAG(s) 'check_sklearn_version' retrieved from /opt/airflow/dags/check_version.py
[2025-07-19T12:05:09.588+0000] {logging_mixin.py:188} INFO - [2025-07-19T12:05:09.587+0000] {dag.py:3036} INFO - Sync 1 DAGs
[2025-07-19T12:05:21.856+0000] {logging_mixin.py:188} INFO - [2025-07-19T12:05:21.855+0000] {dag.py:3823} INFO - Setting next_dagrun for check_sklearn_version to None, run_after=None
[2025-07-19T12:05:23.556+0000] {processor.py:183} INFO - Processing /opt/airflow/dags/check_version.py took 41.112 seconds
[2025-07-19T12:05:54.001+0000] {processor.py:161} INFO - Started process (PID=16706) to work on /opt/airflow/dags/check_version.py
[2025-07-19T12:05:54.003+0000] {processor.py:830} INFO - Processing file /opt/airflow/dags/check_version.py for tasks to queue
[2025-07-19T12:05:54.004+0000] {logging_mixin.py:188} INFO - [2025-07-19T12:05:54.004+0000] {dagbag.py:538} INFO - Filling up the DagBag from /opt/airflow/dags/check_version.py
[2025-07-19T12:05:54.015+0000] {processor.py:840} INFO - DAG(s) 'check_sklearn_version' retrieved from /opt/airflow/dags/check_version.py
[2025-07-19T12:05:54.078+0000] {logging_mixin.py:188} INFO - [2025-07-19T12:05:54.078+0000] {dag.py:3036} INFO - Sync 1 DAGs
[2025-07-19T12:05:54.090+0000] {logging_mixin.py:188} INFO - [2025-07-19T12:05:54.090+0000] {dag.py:3823} INFO - Setting next_dagrun for check_sklearn_version to None, run_after=None
[2025-07-19T12:05:54.127+0000] {processor.py:183} INFO - Processing /opt/airflow/dags/check_version.py took 0.130 seconds
[2025-07-19T12:06:24.607+0000] {processor.py:161} INFO - Started process (PID=16731) to work on /opt/airflow/dags/check_version.py
[2025-07-19T12:06:24.609+0000] {processor.py:830} INFO - Processing file /opt/airflow/dags/check_version.py for tasks to queue
[2025-07-19T12:06:24.613+0000] {logging_mixin.py:188} INFO - [2025-07-19T12:06:24.612+0000] {dagbag.py:538} INFO - Filling up the DagBag from /opt/airflow/dags/check_version.py
[2025-07-19T12:06:24.634+0000] {processor.py:840} INFO - DAG(s) 'check_sklearn_version' retrieved from /opt/airflow/dags/check_version.py
[2025-07-19T12:06:25.193+0000] {logging_mixin.py:188} INFO - [2025-07-19T12:06:25.192+0000] {dag.py:3036} INFO - Sync 1 DAGs
[2025-07-19T12:06:31.448+0000] {logging_mixin.py:188} INFO - [2025-07-19T12:06:31.447+0000] {dag.py:3823} INFO - Setting next_dagrun for check_sklearn_version to None, run_after=None
[2025-07-19T12:06:36.839+0000] {processor.py:183} INFO - Processing /opt/airflow/dags/check_version.py took 12.237 seconds
[2025-07-19T12:07:11.346+0000] {processor.py:161} INFO - Started process (PID=16761) to work on /opt/airflow/dags/check_version.py
[2025-07-19T12:07:11.347+0000] {processor.py:830} INFO - Processing file /opt/airflow/dags/check_version.py for tasks to queue
[2025-07-19T12:07:11.348+0000] {logging_mixin.py:188} INFO - [2025-07-19T12:07:11.348+0000] {dagbag.py:538} INFO - Filling up the DagBag from /opt/airflow/dags/check_version.py
[2025-07-19T12:07:11.359+0000] {processor.py:840} INFO - DAG(s) 'check_sklearn_version' retrieved from /opt/airflow/dags/check_version.py
[2025-07-19T12:07:11.384+0000] {logging_mixin.py:188} INFO - [2025-07-19T12:07:11.384+0000] {dag.py:3036} INFO - Sync 1 DAGs
[2025-07-19T12:07:11.396+0000] {logging_mixin.py:188} INFO - [2025-07-19T12:07:11.396+0000] {dag.py:3823} INFO - Setting next_dagrun for check_sklearn_version to None, run_after=None
[2025-07-19T12:07:11.484+0000] {processor.py:183} INFO - Processing /opt/airflow/dags/check_version.py took 0.141 seconds
[2025-07-19T12:07:55.050+0000] {processor.py:161} INFO - Started process (PID=16794) to work on /opt/airflow/dags/check_version.py
[2025-07-19T12:07:55.051+0000] {processor.py:830} INFO - Processing file /opt/airflow/dags/check_version.py for tasks to queue
[2025-07-19T12:07:55.052+0000] {logging_mixin.py:188} INFO - [2025-07-19T12:07:55.052+0000] {dagbag.py:538} INFO - Filling up the DagBag from /opt/airflow/dags/check_version.py
[2025-07-19T12:07:55.064+0000] {processor.py:840} INFO - DAG(s) 'check_sklearn_version' retrieved from /opt/airflow/dags/check_version.py
[2025-07-19T12:07:55.090+0000] {logging_mixin.py:188} INFO - [2025-07-19T12:07:55.089+0000] {dag.py:3036} INFO - Sync 1 DAGs
[2025-07-19T12:07:55.102+0000] {logging_mixin.py:188} INFO - [2025-07-19T12:07:55.102+0000] {dag.py:3823} INFO - Setting next_dagrun for check_sklearn_version to None, run_after=None
[2025-07-19T12:07:55.127+0000] {processor.py:183} INFO - Processing /opt/airflow/dags/check_version.py took 0.080 seconds
[2025-07-19T12:08:26.121+0000] {processor.py:161} INFO - Started process (PID=16816) to work on /opt/airflow/dags/check_version.py
[2025-07-19T12:08:26.122+0000] {processor.py:830} INFO - Processing file /opt/airflow/dags/check_version.py for tasks to queue
[2025-07-19T12:08:26.122+0000] {logging_mixin.py:188} INFO - [2025-07-19T12:08:26.122+0000] {dagbag.py:538} INFO - Filling up the DagBag from /opt/airflow/dags/check_version.py
[2025-07-19T12:08:26.252+0000] {processor.py:840} INFO - DAG(s) 'check_sklearn_version' retrieved from /opt/airflow/dags/check_version.py
[2025-07-19T12:08:26.322+0000] {logging_mixin.py:188} INFO - [2025-07-19T12:08:26.321+0000] {dag.py:3036} INFO - Sync 1 DAGs
[2025-07-19T12:08:26.337+0000] {logging_mixin.py:188} INFO - [2025-07-19T12:08:26.336+0000] {dag.py:3823} INFO - Setting next_dagrun for check_sklearn_version to None, run_after=None
[2025-07-19T12:08:26.359+0000] {processor.py:183} INFO - Processing /opt/airflow/dags/check_version.py took 0.241 seconds
[2025-07-19T12:09:23.441+0000] {processor.py:161} INFO - Started process (PID=16842) to work on /opt/airflow/dags/check_version.py
[2025-07-19T12:09:23.442+0000] {processor.py:830} INFO - Processing file /opt/airflow/dags/check_version.py for tasks to queue
[2025-07-19T12:09:23.443+0000] {logging_mixin.py:188} INFO - [2025-07-19T12:09:23.442+0000] {dagbag.py:538} INFO - Filling up the DagBag from /opt/airflow/dags/check_version.py
[2025-07-19T12:09:23.456+0000] {processor.py:840} INFO - DAG(s) 'check_sklearn_version' retrieved from /opt/airflow/dags/check_version.py
[2025-07-19T12:09:23.481+0000] {logging_mixin.py:188} INFO - [2025-07-19T12:09:23.481+0000] {dag.py:3036} INFO - Sync 1 DAGs
[2025-07-19T12:09:23.493+0000] {logging_mixin.py:188} INFO - [2025-07-19T12:09:23.493+0000] {dag.py:3823} INFO - Setting next_dagrun for check_sklearn_version to None, run_after=None
[2025-07-19T12:09:23.521+0000] {processor.py:183} INFO - Processing /opt/airflow/dags/check_version.py took 0.083 seconds
[2025-07-19T12:10:19.757+0000] {processor.py:161} INFO - Started process (PID=16862) to work on /opt/airflow/dags/check_version.py
[2025-07-19T12:10:19.758+0000] {processor.py:830} INFO - Processing file /opt/airflow/dags/check_version.py for tasks to queue
[2025-07-19T12:10:19.759+0000] {logging_mixin.py:188} INFO - [2025-07-19T12:10:19.759+0000] {dagbag.py:538} INFO - Filling up the DagBag from /opt/airflow/dags/check_version.py
[2025-07-19T12:10:19.771+0000] {processor.py:840} INFO - DAG(s) 'check_sklearn_version' retrieved from /opt/airflow/dags/check_version.py
[2025-07-19T12:10:21.657+0000] {logging_mixin.py:188} INFO - [2025-07-19T12:10:21.657+0000] {dag.py:3036} INFO - Sync 1 DAGs
[2025-07-19T12:10:24.131+0000] {logging_mixin.py:188} INFO - [2025-07-19T12:10:24.130+0000] {dag.py:3823} INFO - Setting next_dagrun for check_sklearn_version to None, run_after=None
[2025-07-19T12:10:24.522+0000] {processor.py:183} INFO - Processing /opt/airflow/dags/check_version.py took 4.768 seconds
[2025-07-19T12:11:37.865+0000] {processor.py:161} INFO - Started process (PID=16890) to work on /opt/airflow/dags/check_version.py
[2025-07-19T12:11:37.866+0000] {processor.py:830} INFO - Processing file /opt/airflow/dags/check_version.py for tasks to queue
[2025-07-19T12:11:37.867+0000] {logging_mixin.py:188} INFO - [2025-07-19T12:11:37.867+0000] {dagbag.py:538} INFO - Filling up the DagBag from /opt/airflow/dags/check_version.py
[2025-07-19T12:11:37.880+0000] {processor.py:840} INFO - DAG(s) 'check_sklearn_version' retrieved from /opt/airflow/dags/check_version.py
[2025-07-19T12:11:37.907+0000] {logging_mixin.py:188} INFO - [2025-07-19T12:11:37.907+0000] {dag.py:3036} INFO - Sync 1 DAGs
[2025-07-19T12:11:37.919+0000] {logging_mixin.py:188} INFO - [2025-07-19T12:11:37.918+0000] {dag.py:3823} INFO - Setting next_dagrun for check_sklearn_version to None, run_after=None
[2025-07-19T12:11:37.965+0000] {processor.py:183} INFO - Processing /opt/airflow/dags/check_version.py took 0.103 seconds
[2025-07-19T12:12:34.916+0000] {processor.py:161} INFO - Started process (PID=16914) to work on /opt/airflow/dags/check_version.py
[2025-07-19T12:12:34.917+0000] {processor.py:830} INFO - Processing file /opt/airflow/dags/check_version.py for tasks to queue
[2025-07-19T12:12:34.917+0000] {logging_mixin.py:188} INFO - [2025-07-19T12:12:34.917+0000] {dagbag.py:538} INFO - Filling up the DagBag from /opt/airflow/dags/check_version.py
[2025-07-19T12:12:34.970+0000] {processor.py:840} INFO - DAG(s) 'check_sklearn_version' retrieved from /opt/airflow/dags/check_version.py
[2025-07-19T12:12:34.997+0000] {logging_mixin.py:188} INFO - [2025-07-19T12:12:34.996+0000] {dag.py:3036} INFO - Sync 1 DAGs
[2025-07-19T12:12:35.010+0000] {logging_mixin.py:188} INFO - [2025-07-19T12:12:35.009+0000] {dag.py:3823} INFO - Setting next_dagrun for check_sklearn_version to None, run_after=None
[2025-07-19T12:12:35.213+0000] {processor.py:183} INFO - Processing /opt/airflow/dags/check_version.py took 0.300 seconds
[2025-07-19T12:13:50.345+0000] {processor.py:161} INFO - Started process (PID=16935) to work on /opt/airflow/dags/check_version.py
[2025-07-19T12:13:50.346+0000] {processor.py:830} INFO - Processing file /opt/airflow/dags/check_version.py for tasks to queue
[2025-07-19T12:13:50.347+0000] {logging_mixin.py:188} INFO - [2025-07-19T12:13:50.347+0000] {dagbag.py:538} INFO - Filling up the DagBag from /opt/airflow/dags/check_version.py
[2025-07-19T12:13:50.442+0000] {processor.py:840} INFO - DAG(s) 'check_sklearn_version' retrieved from /opt/airflow/dags/check_version.py
[2025-07-19T12:13:50.471+0000] {logging_mixin.py:188} INFO - [2025-07-19T12:13:50.470+0000] {dag.py:3036} INFO - Sync 1 DAGs
[2025-07-19T12:13:50.483+0000] {logging_mixin.py:188} INFO - [2025-07-19T12:13:50.483+0000] {dag.py:3823} INFO - Setting next_dagrun for check_sklearn_version to None, run_after=None
[2025-07-19T12:13:50.965+0000] {processor.py:183} INFO - Processing /opt/airflow/dags/check_version.py took 0.625 seconds
[2025-07-19T12:15:36.681+0000] {processor.py:161} INFO - Started process (PID=16962) to work on /opt/airflow/dags/check_version.py
[2025-07-19T12:15:36.682+0000] {processor.py:830} INFO - Processing file /opt/airflow/dags/check_version.py for tasks to queue
[2025-07-19T12:15:36.683+0000] {logging_mixin.py:188} INFO - [2025-07-19T12:15:36.683+0000] {dagbag.py:538} INFO - Filling up the DagBag from /opt/airflow/dags/check_version.py
[2025-07-19T12:15:37.128+0000] {processor.py:840} INFO - DAG(s) 'check_sklearn_version' retrieved from /opt/airflow/dags/check_version.py
[2025-07-19T12:15:37.156+0000] {logging_mixin.py:188} INFO - [2025-07-19T12:15:37.155+0000] {dag.py:3036} INFO - Sync 1 DAGs
[2025-07-19T12:15:37.168+0000] {logging_mixin.py:188} INFO - [2025-07-19T12:15:37.168+0000] {dag.py:3823} INFO - Setting next_dagrun for check_sklearn_version to None, run_after=None
[2025-07-19T12:15:37.608+0000] {processor.py:183} INFO - Processing /opt/airflow/dags/check_version.py took 0.930 seconds
[2025-07-19T12:17:01.951+0000] {processor.py:161} INFO - Started process (PID=16981) to work on /opt/airflow/dags/check_version.py
[2025-07-19T12:17:01.952+0000] {processor.py:830} INFO - Processing file /opt/airflow/dags/check_version.py for tasks to queue
[2025-07-19T12:17:01.952+0000] {logging_mixin.py:188} INFO - [2025-07-19T12:17:01.952+0000] {dagbag.py:538} INFO - Filling up the DagBag from /opt/airflow/dags/check_version.py
[2025-07-19T12:17:02.004+0000] {processor.py:840} INFO - DAG(s) 'check_sklearn_version' retrieved from /opt/airflow/dags/check_version.py
[2025-07-19T12:41:54.699+0000] {processor.py:161} INFO - Started process (PID=204) to work on /opt/airflow/dags/check_version.py
[2025-07-19T12:41:54.701+0000] {processor.py:830} INFO - Processing file /opt/airflow/dags/check_version.py for tasks to queue
[2025-07-19T12:41:54.705+0000] {logging_mixin.py:188} INFO - [2025-07-19T12:41:54.702+0000] {dagbag.py:538} INFO - Filling up the DagBag from /opt/airflow/dags/check_version.py
[2025-07-19T12:41:54.727+0000] {processor.py:840} INFO - DAG(s) 'check_sklearn_version' retrieved from /opt/airflow/dags/check_version.py
[2025-07-19T12:41:54.775+0000] {logging_mixin.py:188} INFO - [2025-07-19T12:41:54.775+0000] {dag.py:3036} INFO - Sync 1 DAGs
[2025-07-19T12:41:54.798+0000] {logging_mixin.py:188} INFO - [2025-07-19T12:41:54.798+0000] {dag.py:3823} INFO - Setting next_dagrun for check_sklearn_version to None, run_after=None
[2025-07-19T12:41:54.831+0000] {processor.py:183} INFO - Processing /opt/airflow/dags/check_version.py took 0.136 seconds
[2025-07-19T12:42:28.137+0000] {processor.py:161} INFO - Started process (PID=234) to work on /opt/airflow/dags/check_version.py
[2025-07-19T12:42:28.138+0000] {processor.py:830} INFO - Processing file /opt/airflow/dags/check_version.py for tasks to queue
[2025-07-19T12:42:28.139+0000] {logging_mixin.py:188} INFO - [2025-07-19T12:42:28.139+0000] {dagbag.py:538} INFO - Filling up the DagBag from /opt/airflow/dags/check_version.py
[2025-07-19T12:42:28.159+0000] {processor.py:840} INFO - DAG(s) 'check_sklearn_version' retrieved from /opt/airflow/dags/check_version.py
[2025-07-19T12:42:28.190+0000] {logging_mixin.py:188} INFO - [2025-07-19T12:42:28.189+0000] {dag.py:3036} INFO - Sync 1 DAGs
[2025-07-19T12:42:28.253+0000] {logging_mixin.py:188} INFO - [2025-07-19T12:42:28.253+0000] {dag.py:3823} INFO - Setting next_dagrun for check_sklearn_version to None, run_after=None
[2025-07-19T12:42:28.346+0000] {processor.py:183} INFO - Processing /opt/airflow/dags/check_version.py took 0.212 seconds
[2025-07-19T12:43:05.602+0000] {processor.py:161} INFO - Started process (PID=264) to work on /opt/airflow/dags/check_version.py
[2025-07-19T12:43:05.603+0000] {processor.py:830} INFO - Processing file /opt/airflow/dags/check_version.py for tasks to queue
[2025-07-19T12:43:05.604+0000] {logging_mixin.py:188} INFO - [2025-07-19T12:43:05.604+0000] {dagbag.py:538} INFO - Filling up the DagBag from /opt/airflow/dags/check_version.py
[2025-07-19T12:43:05.617+0000] {processor.py:840} INFO - DAG(s) 'check_sklearn_version' retrieved from /opt/airflow/dags/check_version.py
[2025-07-19T12:43:06.611+0000] {logging_mixin.py:188} INFO - [2025-07-19T12:43:06.611+0000] {dag.py:3036} INFO - Sync 1 DAGs
[2025-07-19T12:43:06.622+0000] {logging_mixin.py:188} INFO - [2025-07-19T12:43:06.622+0000] {dag.py:3823} INFO - Setting next_dagrun for check_sklearn_version to None, run_after=None
[2025-07-19T12:43:06.654+0000] {processor.py:183} INFO - Processing /opt/airflow/dags/check_version.py took 1.054 seconds
[2025-07-19T12:43:44.368+0000] {processor.py:161} INFO - Started process (PID=294) to work on /opt/airflow/dags/check_version.py
[2025-07-19T12:43:44.370+0000] {processor.py:830} INFO - Processing file /opt/airflow/dags/check_version.py for tasks to queue
[2025-07-19T12:43:44.371+0000] {logging_mixin.py:188} INFO - [2025-07-19T12:43:44.370+0000] {dagbag.py:538} INFO - Filling up the DagBag from /opt/airflow/dags/check_version.py
[2025-07-19T12:43:44.996+0000] {processor.py:840} INFO - DAG(s) 'check_sklearn_version' retrieved from /opt/airflow/dags/check_version.py
[2025-07-19T12:43:45.090+0000] {logging_mixin.py:188} INFO - [2025-07-19T12:43:45.089+0000] {dag.py:3036} INFO - Sync 1 DAGs
[2025-07-19T12:43:45.105+0000] {logging_mixin.py:188} INFO - [2025-07-19T12:43:45.105+0000] {dag.py:3823} INFO - Setting next_dagrun for check_sklearn_version to None, run_after=None
[2025-07-19T12:43:45.132+0000] {processor.py:183} INFO - Processing /opt/airflow/dags/check_version.py took 0.767 seconds
[2025-07-19T12:46:46.275+0000] {processor.py:161} INFO - Started process (PID=204) to work on /opt/airflow/dags/check_version.py
[2025-07-19T12:46:46.276+0000] {processor.py:830} INFO - Processing file /opt/airflow/dags/check_version.py for tasks to queue
[2025-07-19T12:46:46.278+0000] {logging_mixin.py:188} INFO - [2025-07-19T12:46:46.277+0000] {dagbag.py:538} INFO - Filling up the DagBag from /opt/airflow/dags/check_version.py
[2025-07-19T12:46:46.294+0000] {processor.py:840} INFO - DAG(s) 'check_sklearn_version' retrieved from /opt/airflow/dags/check_version.py
[2025-07-19T12:46:46.324+0000] {logging_mixin.py:188} INFO - [2025-07-19T12:46:46.324+0000] {dag.py:3036} INFO - Sync 1 DAGs
[2025-07-19T12:46:46.338+0000] {logging_mixin.py:188} INFO - [2025-07-19T12:46:46.338+0000] {dag.py:3823} INFO - Setting next_dagrun for check_sklearn_version to None, run_after=None
[2025-07-19T12:46:46.359+0000] {processor.py:183} INFO - Processing /opt/airflow/dags/check_version.py took 0.088 seconds
[2025-07-19T12:47:16.922+0000] {processor.py:161} INFO - Started process (PID=234) to work on /opt/airflow/dags/check_version.py
[2025-07-19T12:47:16.924+0000] {processor.py:830} INFO - Processing file /opt/airflow/dags/check_version.py for tasks to queue
[2025-07-19T12:47:16.926+0000] {logging_mixin.py:188} INFO - [2025-07-19T12:47:16.925+0000] {dagbag.py:538} INFO - Filling up the DagBag from /opt/airflow/dags/check_version.py
[2025-07-19T12:47:16.954+0000] {processor.py:840} INFO - DAG(s) 'check_sklearn_version' retrieved from /opt/airflow/dags/check_version.py
[2025-07-19T12:47:16.970+0000] {logging_mixin.py:188} INFO - [2025-07-19T12:47:16.970+0000] {dag.py:3036} INFO - Sync 1 DAGs
[2025-07-19T12:47:16.989+0000] {logging_mixin.py:188} INFO - [2025-07-19T12:47:16.988+0000] {dag.py:3823} INFO - Setting next_dagrun for check_sklearn_version to None, run_after=None
[2025-07-19T12:47:17.028+0000] {processor.py:183} INFO - Processing /opt/airflow/dags/check_version.py took 0.110 seconds
[2025-07-19T12:47:47.562+0000] {processor.py:161} INFO - Started process (PID=266) to work on /opt/airflow/dags/check_version.py
[2025-07-19T12:47:47.563+0000] {processor.py:830} INFO - Processing file /opt/airflow/dags/check_version.py for tasks to queue
[2025-07-19T12:47:47.564+0000] {logging_mixin.py:188} INFO - [2025-07-19T12:47:47.564+0000] {dagbag.py:538} INFO - Filling up the DagBag from /opt/airflow/dags/check_version.py
[2025-07-19T12:47:47.583+0000] {processor.py:840} INFO - DAG(s) 'check_sklearn_version' retrieved from /opt/airflow/dags/check_version.py
[2025-07-19T12:47:47.594+0000] {logging_mixin.py:188} INFO - [2025-07-19T12:47:47.594+0000] {dag.py:3036} INFO - Sync 1 DAGs
[2025-07-19T12:47:47.607+0000] {logging_mixin.py:188} INFO - [2025-07-19T12:47:47.607+0000] {dag.py:3823} INFO - Setting next_dagrun for check_sklearn_version to None, run_after=None
[2025-07-19T12:47:47.628+0000] {processor.py:183} INFO - Processing /opt/airflow/dags/check_version.py took 0.068 seconds
[2025-07-19T12:48:18.441+0000] {processor.py:161} INFO - Started process (PID=297) to work on /opt/airflow/dags/check_version.py
[2025-07-19T12:48:18.442+0000] {processor.py:830} INFO - Processing file /opt/airflow/dags/check_version.py for tasks to queue
[2025-07-19T12:48:18.443+0000] {logging_mixin.py:188} INFO - [2025-07-19T12:48:18.443+0000] {dagbag.py:538} INFO - Filling up the DagBag from /opt/airflow/dags/check_version.py
[2025-07-19T12:48:18.460+0000] {processor.py:840} INFO - DAG(s) 'check_sklearn_version' retrieved from /opt/airflow/dags/check_version.py
[2025-07-19T12:48:18.600+0000] {logging_mixin.py:188} INFO - [2025-07-19T12:48:18.599+0000] {dag.py:3036} INFO - Sync 1 DAGs
[2025-07-19T12:48:18.613+0000] {logging_mixin.py:188} INFO - [2025-07-19T12:48:18.612+0000] {dag.py:3823} INFO - Setting next_dagrun for check_sklearn_version to None, run_after=None
[2025-07-19T12:48:18.632+0000] {processor.py:183} INFO - Processing /opt/airflow/dags/check_version.py took 0.197 seconds
[2025-07-19T12:48:48.778+0000] {processor.py:161} INFO - Started process (PID=329) to work on /opt/airflow/dags/check_version.py
[2025-07-19T12:48:48.779+0000] {processor.py:830} INFO - Processing file /opt/airflow/dags/check_version.py for tasks to queue
[2025-07-19T12:48:48.779+0000] {logging_mixin.py:188} INFO - [2025-07-19T12:48:48.779+0000] {dagbag.py:538} INFO - Filling up the DagBag from /opt/airflow/dags/check_version.py
[2025-07-19T12:48:48.794+0000] {processor.py:840} INFO - DAG(s) 'check_sklearn_version' retrieved from /opt/airflow/dags/check_version.py
[2025-07-19T12:48:48.819+0000] {logging_mixin.py:188} INFO - [2025-07-19T12:48:48.818+0000] {dag.py:3036} INFO - Sync 1 DAGs
[2025-07-19T12:48:48.831+0000] {logging_mixin.py:188} INFO - [2025-07-19T12:48:48.831+0000] {dag.py:3823} INFO - Setting next_dagrun for check_sklearn_version to None, run_after=None
[2025-07-19T12:48:48.851+0000] {processor.py:183} INFO - Processing /opt/airflow/dags/check_version.py took 0.076 seconds
[2025-07-19T12:49:19.339+0000] {processor.py:161} INFO - Started process (PID=357) to work on /opt/airflow/dags/check_version.py
[2025-07-19T12:49:19.340+0000] {processor.py:830} INFO - Processing file /opt/airflow/dags/check_version.py for tasks to queue
[2025-07-19T12:49:19.341+0000] {logging_mixin.py:188} INFO - [2025-07-19T12:49:19.341+0000] {dagbag.py:538} INFO - Filling up the DagBag from /opt/airflow/dags/check_version.py
[2025-07-19T12:49:19.356+0000] {processor.py:840} INFO - DAG(s) 'check_sklearn_version' retrieved from /opt/airflow/dags/check_version.py
[2025-07-19T12:49:19.377+0000] {logging_mixin.py:188} INFO - [2025-07-19T12:49:19.377+0000] {dag.py:3036} INFO - Sync 1 DAGs
[2025-07-19T12:49:19.390+0000] {logging_mixin.py:188} INFO - [2025-07-19T12:49:19.389+0000] {dag.py:3823} INFO - Setting next_dagrun for check_sklearn_version to None, run_after=None
[2025-07-19T12:49:19.411+0000] {processor.py:183} INFO - Processing /opt/airflow/dags/check_version.py took 0.075 seconds
[2025-07-19T12:49:50.120+0000] {processor.py:161} INFO - Started process (PID=387) to work on /opt/airflow/dags/check_version.py
[2025-07-19T12:49:50.121+0000] {processor.py:830} INFO - Processing file /opt/airflow/dags/check_version.py for tasks to queue
[2025-07-19T12:49:50.122+0000] {logging_mixin.py:188} INFO - [2025-07-19T12:49:50.121+0000] {dagbag.py:538} INFO - Filling up the DagBag from /opt/airflow/dags/check_version.py
[2025-07-19T12:49:50.137+0000] {processor.py:840} INFO - DAG(s) 'check_sklearn_version' retrieved from /opt/airflow/dags/check_version.py
[2025-07-19T12:49:50.159+0000] {logging_mixin.py:188} INFO - [2025-07-19T12:49:50.159+0000] {dag.py:3036} INFO - Sync 1 DAGs
[2025-07-19T12:49:50.170+0000] {logging_mixin.py:188} INFO - [2025-07-19T12:49:50.170+0000] {dag.py:3823} INFO - Setting next_dagrun for check_sklearn_version to None, run_after=None
[2025-07-19T12:49:50.189+0000] {processor.py:183} INFO - Processing /opt/airflow/dags/check_version.py took 0.072 seconds
[2025-07-19T12:50:20.672+0000] {processor.py:161} INFO - Started process (PID=423) to work on /opt/airflow/dags/check_version.py
[2025-07-19T12:50:20.673+0000] {processor.py:830} INFO - Processing file /opt/airflow/dags/check_version.py for tasks to queue
[2025-07-19T12:50:20.674+0000] {logging_mixin.py:188} INFO - [2025-07-19T12:50:20.674+0000] {dagbag.py:538} INFO - Filling up the DagBag from /opt/airflow/dags/check_version.py
[2025-07-19T12:50:20.689+0000] {processor.py:840} INFO - DAG(s) 'check_sklearn_version' retrieved from /opt/airflow/dags/check_version.py
[2025-07-19T12:50:20.711+0000] {logging_mixin.py:188} INFO - [2025-07-19T12:50:20.711+0000] {dag.py:3036} INFO - Sync 1 DAGs
[2025-07-19T12:50:20.724+0000] {logging_mixin.py:188} INFO - [2025-07-19T12:50:20.724+0000] {dag.py:3823} INFO - Setting next_dagrun for check_sklearn_version to None, run_after=None
[2025-07-19T12:50:20.751+0000] {processor.py:183} INFO - Processing /opt/airflow/dags/check_version.py took 0.082 seconds
[2025-07-19T12:50:51.236+0000] {processor.py:161} INFO - Started process (PID=453) to work on /opt/airflow/dags/check_version.py
[2025-07-19T12:50:51.237+0000] {processor.py:830} INFO - Processing file /opt/airflow/dags/check_version.py for tasks to queue
[2025-07-19T12:50:51.238+0000] {logging_mixin.py:188} INFO - [2025-07-19T12:50:51.238+0000] {dagbag.py:538} INFO - Filling up the DagBag from /opt/airflow/dags/check_version.py
[2025-07-19T12:50:51.255+0000] {processor.py:840} INFO - DAG(s) 'check_sklearn_version' retrieved from /opt/airflow/dags/check_version.py
[2025-07-19T12:50:51.281+0000] {logging_mixin.py:188} INFO - [2025-07-19T12:50:51.281+0000] {dag.py:3036} INFO - Sync 1 DAGs
[2025-07-19T12:50:51.305+0000] {logging_mixin.py:188} INFO - [2025-07-19T12:50:51.304+0000] {dag.py:3823} INFO - Setting next_dagrun for check_sklearn_version to None, run_after=None
[2025-07-19T12:50:51.328+0000] {processor.py:183} INFO - Processing /opt/airflow/dags/check_version.py took 0.095 seconds
[2025-07-19T12:51:21.874+0000] {processor.py:161} INFO - Started process (PID=483) to work on /opt/airflow/dags/check_version.py
[2025-07-19T12:51:21.875+0000] {processor.py:830} INFO - Processing file /opt/airflow/dags/check_version.py for tasks to queue
[2025-07-19T12:51:21.876+0000] {logging_mixin.py:188} INFO - [2025-07-19T12:51:21.876+0000] {dagbag.py:538} INFO - Filling up the DagBag from /opt/airflow/dags/check_version.py
[2025-07-19T12:51:21.891+0000] {processor.py:840} INFO - DAG(s) 'check_sklearn_version' retrieved from /opt/airflow/dags/check_version.py
[2025-07-19T12:51:21.913+0000] {logging_mixin.py:188} INFO - [2025-07-19T12:51:21.913+0000] {dag.py:3036} INFO - Sync 1 DAGs
[2025-07-19T12:51:21.924+0000] {logging_mixin.py:188} INFO - [2025-07-19T12:51:21.924+0000] {dag.py:3823} INFO - Setting next_dagrun for check_sklearn_version to None, run_after=None
[2025-07-19T12:51:21.944+0000] {processor.py:183} INFO - Processing /opt/airflow/dags/check_version.py took 0.073 seconds
[2025-07-19T12:51:52.637+0000] {processor.py:161} INFO - Started process (PID=518) to work on /opt/airflow/dags/check_version.py
[2025-07-19T12:51:52.638+0000] {processor.py:830} INFO - Processing file /opt/airflow/dags/check_version.py for tasks to queue
[2025-07-19T12:51:52.639+0000] {logging_mixin.py:188} INFO - [2025-07-19T12:51:52.639+0000] {dagbag.py:538} INFO - Filling up the DagBag from /opt/airflow/dags/check_version.py
[2025-07-19T12:51:52.659+0000] {processor.py:840} INFO - DAG(s) 'check_sklearn_version' retrieved from /opt/airflow/dags/check_version.py
[2025-07-19T12:51:52.683+0000] {logging_mixin.py:188} INFO - [2025-07-19T12:51:52.683+0000] {dag.py:3036} INFO - Sync 1 DAGs
[2025-07-19T12:51:52.695+0000] {logging_mixin.py:188} INFO - [2025-07-19T12:51:52.695+0000] {dag.py:3823} INFO - Setting next_dagrun for check_sklearn_version to None, run_after=None
[2025-07-19T12:51:52.721+0000] {processor.py:183} INFO - Processing /opt/airflow/dags/check_version.py took 0.090 seconds
[2025-07-19T12:52:23.378+0000] {processor.py:161} INFO - Started process (PID=554) to work on /opt/airflow/dags/check_version.py
[2025-07-19T12:52:23.380+0000] {processor.py:830} INFO - Processing file /opt/airflow/dags/check_version.py for tasks to queue
[2025-07-19T12:52:23.381+0000] {logging_mixin.py:188} INFO - [2025-07-19T12:52:23.380+0000] {dagbag.py:538} INFO - Filling up the DagBag from /opt/airflow/dags/check_version.py
[2025-07-19T12:52:23.395+0000] {processor.py:840} INFO - DAG(s) 'check_sklearn_version' retrieved from /opt/airflow/dags/check_version.py
[2025-07-19T12:52:23.423+0000] {logging_mixin.py:188} INFO - [2025-07-19T12:52:23.422+0000] {dag.py:3036} INFO - Sync 1 DAGs
[2025-07-19T12:52:23.437+0000] {logging_mixin.py:188} INFO - [2025-07-19T12:52:23.437+0000] {dag.py:3823} INFO - Setting next_dagrun for check_sklearn_version to None, run_after=None
[2025-07-19T12:52:23.457+0000] {processor.py:183} INFO - Processing /opt/airflow/dags/check_version.py took 0.081 seconds
[2025-07-19T12:52:54.030+0000] {processor.py:161} INFO - Started process (PID=587) to work on /opt/airflow/dags/check_version.py
[2025-07-19T12:52:54.031+0000] {processor.py:830} INFO - Processing file /opt/airflow/dags/check_version.py for tasks to queue
[2025-07-19T12:52:54.032+0000] {logging_mixin.py:188} INFO - [2025-07-19T12:52:54.032+0000] {dagbag.py:538} INFO - Filling up the DagBag from /opt/airflow/dags/check_version.py
[2025-07-19T12:52:54.048+0000] {processor.py:840} INFO - DAG(s) 'check_sklearn_version' retrieved from /opt/airflow/dags/check_version.py
[2025-07-19T12:52:54.071+0000] {logging_mixin.py:188} INFO - [2025-07-19T12:52:54.070+0000] {dag.py:3036} INFO - Sync 1 DAGs
[2025-07-19T12:52:54.086+0000] {logging_mixin.py:188} INFO - [2025-07-19T12:52:54.085+0000] {dag.py:3823} INFO - Setting next_dagrun for check_sklearn_version to None, run_after=None
[2025-07-19T12:52:54.125+0000] {processor.py:183} INFO - Processing /opt/airflow/dags/check_version.py took 0.099 seconds
[2025-07-19T12:53:24.776+0000] {processor.py:161} INFO - Started process (PID=619) to work on /opt/airflow/dags/check_version.py
[2025-07-19T12:53:24.777+0000] {processor.py:830} INFO - Processing file /opt/airflow/dags/check_version.py for tasks to queue
[2025-07-19T12:53:24.779+0000] {logging_mixin.py:188} INFO - [2025-07-19T12:53:24.778+0000] {dagbag.py:538} INFO - Filling up the DagBag from /opt/airflow/dags/check_version.py
[2025-07-19T12:53:24.794+0000] {processor.py:840} INFO - DAG(s) 'check_sklearn_version' retrieved from /opt/airflow/dags/check_version.py
[2025-07-19T12:53:24.817+0000] {logging_mixin.py:188} INFO - [2025-07-19T12:53:24.817+0000] {dag.py:3036} INFO - Sync 1 DAGs
[2025-07-19T12:53:24.828+0000] {logging_mixin.py:188} INFO - [2025-07-19T12:53:24.828+0000] {dag.py:3823} INFO - Setting next_dagrun for check_sklearn_version to None, run_after=None
[2025-07-19T12:53:24.845+0000] {processor.py:183} INFO - Processing /opt/airflow/dags/check_version.py took 0.072 seconds
[2025-07-19T12:53:55.557+0000] {processor.py:161} INFO - Started process (PID=662) to work on /opt/airflow/dags/check_version.py
[2025-07-19T12:53:55.558+0000] {processor.py:830} INFO - Processing file /opt/airflow/dags/check_version.py for tasks to queue
[2025-07-19T12:53:55.559+0000] {logging_mixin.py:188} INFO - [2025-07-19T12:53:55.559+0000] {dagbag.py:538} INFO - Filling up the DagBag from /opt/airflow/dags/check_version.py
[2025-07-19T12:53:55.613+0000] {processor.py:840} INFO - DAG(s) 'check_sklearn_version' retrieved from /opt/airflow/dags/check_version.py
[2025-07-19T12:53:55.649+0000] {logging_mixin.py:188} INFO - [2025-07-19T12:53:55.648+0000] {dag.py:3036} INFO - Sync 1 DAGs
[2025-07-19T12:53:55.664+0000] {logging_mixin.py:188} INFO - [2025-07-19T12:53:55.664+0000] {dag.py:3823} INFO - Setting next_dagrun for check_sklearn_version to None, run_after=None
[2025-07-19T12:53:55.683+0000] {processor.py:183} INFO - Processing /opt/airflow/dags/check_version.py took 0.129 seconds
[2025-07-19T12:54:26.317+0000] {processor.py:161} INFO - Started process (PID=713) to work on /opt/airflow/dags/check_version.py
[2025-07-19T12:54:26.318+0000] {processor.py:830} INFO - Processing file /opt/airflow/dags/check_version.py for tasks to queue
[2025-07-19T12:54:26.319+0000] {logging_mixin.py:188} INFO - [2025-07-19T12:54:26.318+0000] {dagbag.py:538} INFO - Filling up the DagBag from /opt/airflow/dags/check_version.py
[2025-07-19T12:54:26.333+0000] {processor.py:840} INFO - DAG(s) 'check_sklearn_version' retrieved from /opt/airflow/dags/check_version.py
[2025-07-19T12:54:26.355+0000] {logging_mixin.py:188} INFO - [2025-07-19T12:54:26.355+0000] {dag.py:3036} INFO - Sync 1 DAGs
[2025-07-19T12:54:26.366+0000] {logging_mixin.py:188} INFO - [2025-07-19T12:54:26.366+0000] {dag.py:3823} INFO - Setting next_dagrun for check_sklearn_version to None, run_after=None
[2025-07-19T12:54:26.386+0000] {processor.py:183} INFO - Processing /opt/airflow/dags/check_version.py took 0.073 seconds
[2025-07-19T12:54:56.993+0000] {processor.py:161} INFO - Started process (PID=750) to work on /opt/airflow/dags/check_version.py
[2025-07-19T12:54:56.994+0000] {processor.py:830} INFO - Processing file /opt/airflow/dags/check_version.py for tasks to queue
[2025-07-19T12:54:56.995+0000] {logging_mixin.py:188} INFO - [2025-07-19T12:54:56.995+0000] {dagbag.py:538} INFO - Filling up the DagBag from /opt/airflow/dags/check_version.py
[2025-07-19T12:54:57.010+0000] {processor.py:840} INFO - DAG(s) 'check_sklearn_version' retrieved from /opt/airflow/dags/check_version.py
[2025-07-19T12:54:57.032+0000] {logging_mixin.py:188} INFO - [2025-07-19T12:54:57.032+0000] {dag.py:3036} INFO - Sync 1 DAGs
[2025-07-19T12:54:57.044+0000] {logging_mixin.py:188} INFO - [2025-07-19T12:54:57.043+0000] {dag.py:3823} INFO - Setting next_dagrun for check_sklearn_version to None, run_after=None
[2025-07-19T12:54:57.062+0000] {processor.py:183} INFO - Processing /opt/airflow/dags/check_version.py took 0.072 seconds
[2025-07-19T12:55:27.750+0000] {processor.py:161} INFO - Started process (PID=790) to work on /opt/airflow/dags/check_version.py
[2025-07-19T12:55:27.751+0000] {processor.py:830} INFO - Processing file /opt/airflow/dags/check_version.py for tasks to queue
[2025-07-19T12:55:27.752+0000] {logging_mixin.py:188} INFO - [2025-07-19T12:55:27.752+0000] {dagbag.py:538} INFO - Filling up the DagBag from /opt/airflow/dags/check_version.py
[2025-07-19T12:55:27.766+0000] {processor.py:840} INFO - DAG(s) 'check_sklearn_version' retrieved from /opt/airflow/dags/check_version.py
[2025-07-19T12:55:27.788+0000] {logging_mixin.py:188} INFO - [2025-07-19T12:55:27.788+0000] {dag.py:3036} INFO - Sync 1 DAGs
[2025-07-19T12:55:27.800+0000] {logging_mixin.py:188} INFO - [2025-07-19T12:55:27.800+0000] {dag.py:3823} INFO - Setting next_dagrun for check_sklearn_version to None, run_after=None
[2025-07-19T12:55:27.819+0000] {processor.py:183} INFO - Processing /opt/airflow/dags/check_version.py took 0.072 seconds
[2025-07-19T12:55:58.427+0000] {processor.py:161} INFO - Started process (PID=828) to work on /opt/airflow/dags/check_version.py
[2025-07-19T12:55:58.428+0000] {processor.py:830} INFO - Processing file /opt/airflow/dags/check_version.py for tasks to queue
[2025-07-19T12:55:58.429+0000] {logging_mixin.py:188} INFO - [2025-07-19T12:55:58.428+0000] {dagbag.py:538} INFO - Filling up the DagBag from /opt/airflow/dags/check_version.py
[2025-07-19T12:55:58.443+0000] {processor.py:840} INFO - DAG(s) 'check_sklearn_version' retrieved from /opt/airflow/dags/check_version.py
[2025-07-19T12:55:58.470+0000] {logging_mixin.py:188} INFO - [2025-07-19T12:55:58.469+0000] {dag.py:3036} INFO - Sync 1 DAGs
[2025-07-19T12:55:58.483+0000] {logging_mixin.py:188} INFO - [2025-07-19T12:55:58.482+0000] {dag.py:3823} INFO - Setting next_dagrun for check_sklearn_version to None, run_after=None
[2025-07-19T12:55:58.514+0000] {processor.py:183} INFO - Processing /opt/airflow/dags/check_version.py took 0.091 seconds
[2025-07-19T12:56:29.252+0000] {processor.py:161} INFO - Started process (PID=868) to work on /opt/airflow/dags/check_version.py
[2025-07-19T12:56:29.253+0000] {processor.py:830} INFO - Processing file /opt/airflow/dags/check_version.py for tasks to queue
[2025-07-19T12:56:29.254+0000] {logging_mixin.py:188} INFO - [2025-07-19T12:56:29.254+0000] {dagbag.py:538} INFO - Filling up the DagBag from /opt/airflow/dags/check_version.py
[2025-07-19T12:56:29.268+0000] {processor.py:840} INFO - DAG(s) 'check_sklearn_version' retrieved from /opt/airflow/dags/check_version.py
[2025-07-19T12:56:29.288+0000] {logging_mixin.py:188} INFO - [2025-07-19T12:56:29.288+0000] {dag.py:3036} INFO - Sync 1 DAGs
[2025-07-19T12:56:29.299+0000] {logging_mixin.py:188} INFO - [2025-07-19T12:56:29.299+0000] {dag.py:3823} INFO - Setting next_dagrun for check_sklearn_version to None, run_after=None
[2025-07-19T12:56:29.318+0000] {processor.py:183} INFO - Processing /opt/airflow/dags/check_version.py took 0.068 seconds
[2025-07-19T12:56:59.980+0000] {processor.py:161} INFO - Started process (PID=925) to work on /opt/airflow/dags/check_version.py
[2025-07-19T12:56:59.981+0000] {processor.py:830} INFO - Processing file /opt/airflow/dags/check_version.py for tasks to queue
[2025-07-19T12:56:59.982+0000] {logging_mixin.py:188} INFO - [2025-07-19T12:56:59.982+0000] {dagbag.py:538} INFO - Filling up the DagBag from /opt/airflow/dags/check_version.py
[2025-07-19T12:57:00.000+0000] {processor.py:840} INFO - DAG(s) 'check_sklearn_version' retrieved from /opt/airflow/dags/check_version.py
[2025-07-19T12:57:00.023+0000] {logging_mixin.py:188} INFO - [2025-07-19T12:57:00.023+0000] {dag.py:3036} INFO - Sync 1 DAGs
[2025-07-19T12:57:00.035+0000] {logging_mixin.py:188} INFO - [2025-07-19T12:57:00.035+0000] {dag.py:3823} INFO - Setting next_dagrun for check_sklearn_version to None, run_after=None
[2025-07-19T12:57:00.052+0000] {processor.py:183} INFO - Processing /opt/airflow/dags/check_version.py took 0.076 seconds
[2025-07-19T12:57:30.642+0000] {processor.py:161} INFO - Started process (PID=960) to work on /opt/airflow/dags/check_version.py
[2025-07-19T12:57:30.644+0000] {processor.py:830} INFO - Processing file /opt/airflow/dags/check_version.py for tasks to queue
[2025-07-19T12:57:30.645+0000] {logging_mixin.py:188} INFO - [2025-07-19T12:57:30.644+0000] {dagbag.py:538} INFO - Filling up the DagBag from /opt/airflow/dags/check_version.py
[2025-07-19T12:57:30.661+0000] {processor.py:840} INFO - DAG(s) 'check_sklearn_version' retrieved from /opt/airflow/dags/check_version.py
[2025-07-19T12:57:30.684+0000] {logging_mixin.py:188} INFO - [2025-07-19T12:57:30.684+0000] {dag.py:3036} INFO - Sync 1 DAGs
[2025-07-19T12:57:30.696+0000] {logging_mixin.py:188} INFO - [2025-07-19T12:57:30.696+0000] {dag.py:3823} INFO - Setting next_dagrun for check_sklearn_version to None, run_after=None
[2025-07-19T12:57:30.714+0000] {processor.py:183} INFO - Processing /opt/airflow/dags/check_version.py took 0.075 seconds
[2025-07-19T12:58:47.887+0000] {processor.py:161} INFO - Started process (PID=1377) to work on /opt/airflow/dags/check_version.py
[2025-07-19T12:58:47.896+0000] {processor.py:830} INFO - Processing file /opt/airflow/dags/check_version.py for tasks to queue
[2025-07-19T12:58:47.910+0000] {logging_mixin.py:188} INFO - [2025-07-19T12:58:47.910+0000] {dagbag.py:538} INFO - Filling up the DagBag from /opt/airflow/dags/check_version.py
[2025-07-19T12:58:48.062+0000] {processor.py:840} INFO - DAG(s) 'check_sklearn_version' retrieved from /opt/airflow/dags/check_version.py
[2025-07-19T12:58:50.418+0000] {logging_mixin.py:188} INFO - [2025-07-19T12:58:50.418+0000] {dag.py:3036} INFO - Sync 1 DAGs
[2025-07-19T12:58:50.440+0000] {logging_mixin.py:188} INFO - [2025-07-19T12:58:50.440+0000] {dag.py:3823} INFO - Setting next_dagrun for check_sklearn_version to None, run_after=None
[2025-07-19T12:58:54.388+0000] {processor.py:183} INFO - Processing /opt/airflow/dags/check_version.py took 6.598 seconds
[2025-07-19T12:59:25.683+0000] {processor.py:161} INFO - Started process (PID=2027) to work on /opt/airflow/dags/check_version.py
[2025-07-19T12:59:25.698+0000] {processor.py:830} INFO - Processing file /opt/airflow/dags/check_version.py for tasks to queue
[2025-07-19T12:59:25.715+0000] {logging_mixin.py:188} INFO - [2025-07-19T12:59:25.715+0000] {dagbag.py:538} INFO - Filling up the DagBag from /opt/airflow/dags/check_version.py
[2025-07-19T12:59:25.776+0000] {processor.py:840} INFO - DAG(s) 'check_sklearn_version' retrieved from /opt/airflow/dags/check_version.py
[2025-07-19T12:59:27.075+0000] {logging_mixin.py:188} INFO - [2025-07-19T12:59:27.075+0000] {dag.py:3036} INFO - Sync 1 DAGs
[2025-07-19T12:59:27.446+0000] {logging_mixin.py:188} INFO - [2025-07-19T12:59:27.446+0000] {dag.py:3823} INFO - Setting next_dagrun for check_sklearn_version to None, run_after=None
[2025-07-19T12:59:28.073+0000] {processor.py:183} INFO - Processing /opt/airflow/dags/check_version.py took 2.397 seconds
[2025-07-19T13:00:22.707+0000] {processor.py:161} INFO - Started process (PID=2927) to work on /opt/airflow/dags/check_version.py
[2025-07-19T13:00:22.753+0000] {processor.py:830} INFO - Processing file /opt/airflow/dags/check_version.py for tasks to queue
[2025-07-19T13:00:22.774+0000] {logging_mixin.py:188} INFO - [2025-07-19T13:00:22.773+0000] {dagbag.py:538} INFO - Filling up the DagBag from /opt/airflow/dags/check_version.py
[2025-07-19T13:00:23.093+0000] {processor.py:840} INFO - DAG(s) 'check_sklearn_version' retrieved from /opt/airflow/dags/check_version.py
[2025-07-19T13:00:23.343+0000] {logging_mixin.py:188} INFO - [2025-07-19T13:00:23.343+0000] {dag.py:3036} INFO - Sync 1 DAGs
[2025-07-19T13:00:23.472+0000] {logging_mixin.py:188} INFO - [2025-07-19T13:00:23.471+0000] {dag.py:3823} INFO - Setting next_dagrun for check_sklearn_version to None, run_after=None
[2025-07-19T13:00:23.862+0000] {processor.py:183} INFO - Processing /opt/airflow/dags/check_version.py took 1.162 seconds
[2025-07-19T13:00:57.390+0000] {processor.py:161} INFO - Started process (PID=3375) to work on /opt/airflow/dags/check_version.py
[2025-07-19T13:00:57.406+0000] {processor.py:830} INFO - Processing file /opt/airflow/dags/check_version.py for tasks to queue
[2025-07-19T13:00:57.410+0000] {logging_mixin.py:188} INFO - [2025-07-19T13:00:57.409+0000] {dagbag.py:538} INFO - Filling up the DagBag from /opt/airflow/dags/check_version.py
[2025-07-19T13:00:57.473+0000] {processor.py:840} INFO - DAG(s) 'check_sklearn_version' retrieved from /opt/airflow/dags/check_version.py
[2025-07-19T13:00:57.535+0000] {logging_mixin.py:188} INFO - [2025-07-19T13:00:57.534+0000] {dag.py:3036} INFO - Sync 1 DAGs
[2025-07-19T13:00:57.600+0000] {logging_mixin.py:188} INFO - [2025-07-19T13:00:57.599+0000] {dag.py:3823} INFO - Setting next_dagrun for check_sklearn_version to None, run_after=None
[2025-07-19T13:00:57.712+0000] {processor.py:183} INFO - Processing /opt/airflow/dags/check_version.py took 0.327 seconds
[2025-07-19T13:20:11.241+0000] {processor.py:161} INFO - Started process (PID=3462) to work on /opt/airflow/dags/check_version.py
[2025-07-19T13:20:11.242+0000] {processor.py:830} INFO - Processing file /opt/airflow/dags/check_version.py for tasks to queue
[2025-07-19T13:20:11.244+0000] {logging_mixin.py:188} INFO - [2025-07-19T13:20:11.243+0000] {dagbag.py:538} INFO - Filling up the DagBag from /opt/airflow/dags/check_version.py
[2025-07-19T13:20:11.286+0000] {processor.py:840} INFO - DAG(s) 'check_sklearn_version' retrieved from /opt/airflow/dags/check_version.py
[2025-07-19T13:20:11.344+0000] {logging_mixin.py:188} INFO - [2025-07-19T13:20:11.344+0000] {dag.py:3036} INFO - Sync 1 DAGs
[2025-07-19T13:20:11.355+0000] {logging_mixin.py:188} INFO - [2025-07-19T13:20:11.355+0000] {dag.py:3823} INFO - Setting next_dagrun for check_sklearn_version to None, run_after=None
[2025-07-19T13:20:11.376+0000] {processor.py:183} INFO - Processing /opt/airflow/dags/check_version.py took 0.139 seconds
[2025-07-19T13:20:42.064+0000] {processor.py:161} INFO - Started process (PID=3494) to work on /opt/airflow/dags/check_version.py
[2025-07-19T13:20:42.065+0000] {processor.py:830} INFO - Processing file /opt/airflow/dags/check_version.py for tasks to queue
[2025-07-19T13:20:42.066+0000] {logging_mixin.py:188} INFO - [2025-07-19T13:20:42.065+0000] {dagbag.py:538} INFO - Filling up the DagBag from /opt/airflow/dags/check_version.py
[2025-07-19T13:20:42.075+0000] {processor.py:840} INFO - DAG(s) 'check_sklearn_version' retrieved from /opt/airflow/dags/check_version.py
[2025-07-19T13:20:42.098+0000] {logging_mixin.py:188} INFO - [2025-07-19T13:20:42.098+0000] {dag.py:3036} INFO - Sync 1 DAGs
[2025-07-19T13:20:42.111+0000] {logging_mixin.py:188} INFO - [2025-07-19T13:20:42.110+0000] {dag.py:3823} INFO - Setting next_dagrun for check_sklearn_version to None, run_after=None
[2025-07-19T13:20:42.132+0000] {processor.py:183} INFO - Processing /opt/airflow/dags/check_version.py took 0.072 seconds
[2025-07-19T13:21:12.781+0000] {processor.py:161} INFO - Started process (PID=3524) to work on /opt/airflow/dags/check_version.py
[2025-07-19T13:21:12.782+0000] {processor.py:830} INFO - Processing file /opt/airflow/dags/check_version.py for tasks to queue
[2025-07-19T13:21:12.783+0000] {logging_mixin.py:188} INFO - [2025-07-19T13:21:12.783+0000] {dagbag.py:538} INFO - Filling up the DagBag from /opt/airflow/dags/check_version.py
[2025-07-19T13:21:12.793+0000] {processor.py:840} INFO - DAG(s) 'check_sklearn_version' retrieved from /opt/airflow/dags/check_version.py
[2025-07-19T13:21:12.816+0000] {logging_mixin.py:188} INFO - [2025-07-19T13:21:12.816+0000] {dag.py:3036} INFO - Sync 1 DAGs
[2025-07-19T13:21:12.828+0000] {logging_mixin.py:188} INFO - [2025-07-19T13:21:12.828+0000] {dag.py:3823} INFO - Setting next_dagrun for check_sklearn_version to None, run_after=None
[2025-07-19T13:21:12.852+0000] {processor.py:183} INFO - Processing /opt/airflow/dags/check_version.py took 0.074 seconds
[2025-07-19T13:21:44.432+0000] {processor.py:161} INFO - Started process (PID=3551) to work on /opt/airflow/dags/check_version.py
[2025-07-19T13:21:44.433+0000] {processor.py:830} INFO - Processing file /opt/airflow/dags/check_version.py for tasks to queue
[2025-07-19T13:21:44.434+0000] {logging_mixin.py:188} INFO - [2025-07-19T13:21:44.433+0000] {dagbag.py:538} INFO - Filling up the DagBag from /opt/airflow/dags/check_version.py
[2025-07-19T13:21:44.443+0000] {processor.py:840} INFO - DAG(s) 'check_sklearn_version' retrieved from /opt/airflow/dags/check_version.py
[2025-07-19T13:21:45.784+0000] {logging_mixin.py:188} INFO - [2025-07-19T13:21:45.784+0000] {dag.py:3036} INFO - Sync 1 DAGs
[2025-07-19T13:21:45.982+0000] {logging_mixin.py:188} INFO - [2025-07-19T13:21:45.981+0000] {dag.py:3823} INFO - Setting next_dagrun for check_sklearn_version to None, run_after=None
[2025-07-19T13:21:46.129+0000] {processor.py:183} INFO - Processing /opt/airflow/dags/check_version.py took 1.700 seconds
[2025-07-19T13:22:16.874+0000] {processor.py:161} INFO - Started process (PID=3582) to work on /opt/airflow/dags/check_version.py
[2025-07-19T13:22:16.875+0000] {processor.py:830} INFO - Processing file /opt/airflow/dags/check_version.py for tasks to queue
[2025-07-19T13:22:16.876+0000] {logging_mixin.py:188} INFO - [2025-07-19T13:22:16.876+0000] {dagbag.py:538} INFO - Filling up the DagBag from /opt/airflow/dags/check_version.py
[2025-07-19T13:22:16.886+0000] {processor.py:840} INFO - DAG(s) 'check_sklearn_version' retrieved from /opt/airflow/dags/check_version.py
[2025-07-19T13:22:16.910+0000] {logging_mixin.py:188} INFO - [2025-07-19T13:22:16.910+0000] {dag.py:3036} INFO - Sync 1 DAGs
[2025-07-19T13:22:16.922+0000] {logging_mixin.py:188} INFO - [2025-07-19T13:22:16.921+0000] {dag.py:3823} INFO - Setting next_dagrun for check_sklearn_version to None, run_after=None
[2025-07-19T13:22:16.946+0000] {processor.py:183} INFO - Processing /opt/airflow/dags/check_version.py took 0.075 seconds
[2025-07-19T13:22:47.820+0000] {processor.py:161} INFO - Started process (PID=3612) to work on /opt/airflow/dags/check_version.py
[2025-07-19T13:22:47.821+0000] {processor.py:830} INFO - Processing file /opt/airflow/dags/check_version.py for tasks to queue
[2025-07-19T13:22:47.822+0000] {logging_mixin.py:188} INFO - [2025-07-19T13:22:47.822+0000] {dagbag.py:538} INFO - Filling up the DagBag from /opt/airflow/dags/check_version.py
[2025-07-19T13:22:47.837+0000] {processor.py:840} INFO - DAG(s) 'check_sklearn_version' retrieved from /opt/airflow/dags/check_version.py
[2025-07-19T13:22:47.875+0000] {logging_mixin.py:188} INFO - [2025-07-19T13:22:47.874+0000] {dag.py:3036} INFO - Sync 1 DAGs
[2025-07-19T13:22:47.892+0000] {logging_mixin.py:188} INFO - [2025-07-19T13:22:47.892+0000] {dag.py:3823} INFO - Setting next_dagrun for check_sklearn_version to None, run_after=None
[2025-07-19T13:22:47.914+0000] {processor.py:183} INFO - Processing /opt/airflow/dags/check_version.py took 0.098 seconds
[2025-07-19T13:23:18.349+0000] {processor.py:161} INFO - Started process (PID=3642) to work on /opt/airflow/dags/check_version.py
[2025-07-19T13:23:18.350+0000] {processor.py:830} INFO - Processing file /opt/airflow/dags/check_version.py for tasks to queue
[2025-07-19T13:23:18.351+0000] {logging_mixin.py:188} INFO - [2025-07-19T13:23:18.351+0000] {dagbag.py:538} INFO - Filling up the DagBag from /opt/airflow/dags/check_version.py
[2025-07-19T13:23:18.361+0000] {processor.py:840} INFO - DAG(s) 'check_sklearn_version' retrieved from /opt/airflow/dags/check_version.py
[2025-07-19T13:23:18.769+0000] {logging_mixin.py:188} INFO - [2025-07-19T13:23:18.769+0000] {dag.py:3036} INFO - Sync 1 DAGs
[2025-07-19T13:23:18.784+0000] {logging_mixin.py:188} INFO - [2025-07-19T13:23:18.783+0000] {dag.py:3823} INFO - Setting next_dagrun for check_sklearn_version to None, run_after=None
[2025-07-19T13:23:18.809+0000] {processor.py:183} INFO - Processing /opt/airflow/dags/check_version.py took 0.463 seconds
[2025-07-19T13:23:49.364+0000] {processor.py:161} INFO - Started process (PID=3672) to work on /opt/airflow/dags/check_version.py
[2025-07-19T13:23:49.365+0000] {processor.py:830} INFO - Processing file /opt/airflow/dags/check_version.py for tasks to queue
[2025-07-19T13:23:49.365+0000] {logging_mixin.py:188} INFO - [2025-07-19T13:23:49.365+0000] {dagbag.py:538} INFO - Filling up the DagBag from /opt/airflow/dags/check_version.py
[2025-07-19T13:23:49.374+0000] {processor.py:840} INFO - DAG(s) 'check_sklearn_version' retrieved from /opt/airflow/dags/check_version.py
[2025-07-19T13:23:49.397+0000] {logging_mixin.py:188} INFO - [2025-07-19T13:23:49.397+0000] {dag.py:3036} INFO - Sync 1 DAGs
[2025-07-19T13:23:49.410+0000] {logging_mixin.py:188} INFO - [2025-07-19T13:23:49.409+0000] {dag.py:3823} INFO - Setting next_dagrun for check_sklearn_version to None, run_after=None
[2025-07-19T13:23:49.431+0000] {processor.py:183} INFO - Processing /opt/airflow/dags/check_version.py took 0.073 seconds
[2025-07-19T13:24:19.853+0000] {processor.py:161} INFO - Started process (PID=3701) to work on /opt/airflow/dags/check_version.py
[2025-07-19T13:24:19.854+0000] {processor.py:830} INFO - Processing file /opt/airflow/dags/check_version.py for tasks to queue
[2025-07-19T13:24:19.855+0000] {logging_mixin.py:188} INFO - [2025-07-19T13:24:19.855+0000] {dagbag.py:538} INFO - Filling up the DagBag from /opt/airflow/dags/check_version.py
[2025-07-19T13:24:19.866+0000] {processor.py:840} INFO - DAG(s) 'check_sklearn_version' retrieved from /opt/airflow/dags/check_version.py
[2025-07-19T13:24:19.891+0000] {logging_mixin.py:188} INFO - [2025-07-19T13:24:19.890+0000] {dag.py:3036} INFO - Sync 1 DAGs
[2025-07-19T13:24:19.902+0000] {logging_mixin.py:188} INFO - [2025-07-19T13:24:19.902+0000] {dag.py:3823} INFO - Setting next_dagrun for check_sklearn_version to None, run_after=None
[2025-07-19T13:24:19.922+0000] {processor.py:183} INFO - Processing /opt/airflow/dags/check_version.py took 0.072 seconds
[2025-07-19T13:24:50.071+0000] {processor.py:161} INFO - Started process (PID=3732) to work on /opt/airflow/dags/check_version.py
[2025-07-19T13:24:50.072+0000] {processor.py:830} INFO - Processing file /opt/airflow/dags/check_version.py for tasks to queue
[2025-07-19T13:24:50.073+0000] {logging_mixin.py:188} INFO - [2025-07-19T13:24:50.073+0000] {dagbag.py:538} INFO - Filling up the DagBag from /opt/airflow/dags/check_version.py
[2025-07-19T13:24:50.084+0000] {processor.py:840} INFO - DAG(s) 'check_sklearn_version' retrieved from /opt/airflow/dags/check_version.py
[2025-07-19T13:24:50.113+0000] {logging_mixin.py:188} INFO - [2025-07-19T13:24:50.113+0000] {dag.py:3036} INFO - Sync 1 DAGs
[2025-07-19T13:24:50.127+0000] {logging_mixin.py:188} INFO - [2025-07-19T13:24:50.127+0000] {dag.py:3823} INFO - Setting next_dagrun for check_sklearn_version to None, run_after=None
[2025-07-19T13:24:50.148+0000] {processor.py:183} INFO - Processing /opt/airflow/dags/check_version.py took 0.080 seconds
[2025-07-19T13:25:21.205+0000] {processor.py:161} INFO - Started process (PID=3764) to work on /opt/airflow/dags/check_version.py
[2025-07-19T13:25:21.207+0000] {processor.py:830} INFO - Processing file /opt/airflow/dags/check_version.py for tasks to queue
[2025-07-19T13:25:21.208+0000] {logging_mixin.py:188} INFO - [2025-07-19T13:25:21.207+0000] {dagbag.py:538} INFO - Filling up the DagBag from /opt/airflow/dags/check_version.py
[2025-07-19T13:25:21.220+0000] {processor.py:840} INFO - DAG(s) 'check_sklearn_version' retrieved from /opt/airflow/dags/check_version.py
[2025-07-19T13:25:21.247+0000] {logging_mixin.py:188} INFO - [2025-07-19T13:25:21.246+0000] {dag.py:3036} INFO - Sync 1 DAGs
[2025-07-19T13:25:21.258+0000] {logging_mixin.py:188} INFO - [2025-07-19T13:25:21.257+0000] {dag.py:3823} INFO - Setting next_dagrun for check_sklearn_version to None, run_after=None
[2025-07-19T13:25:21.278+0000] {processor.py:183} INFO - Processing /opt/airflow/dags/check_version.py took 0.075 seconds
[2025-07-19T13:25:51.899+0000] {processor.py:161} INFO - Started process (PID=3794) to work on /opt/airflow/dags/check_version.py
[2025-07-19T13:25:51.900+0000] {processor.py:830} INFO - Processing file /opt/airflow/dags/check_version.py for tasks to queue
[2025-07-19T13:25:51.901+0000] {logging_mixin.py:188} INFO - [2025-07-19T13:25:51.900+0000] {dagbag.py:538} INFO - Filling up the DagBag from /opt/airflow/dags/check_version.py
[2025-07-19T13:25:51.910+0000] {processor.py:840} INFO - DAG(s) 'check_sklearn_version' retrieved from /opt/airflow/dags/check_version.py
[2025-07-19T13:25:51.956+0000] {logging_mixin.py:188} INFO - [2025-07-19T13:25:51.956+0000] {dag.py:3036} INFO - Sync 1 DAGs
[2025-07-19T13:25:51.967+0000] {logging_mixin.py:188} INFO - [2025-07-19T13:25:51.967+0000] {dag.py:3823} INFO - Setting next_dagrun for check_sklearn_version to None, run_after=None
[2025-07-19T13:25:51.988+0000] {processor.py:183} INFO - Processing /opt/airflow/dags/check_version.py took 0.092 seconds
[2025-07-19T13:26:25.914+0000] {processor.py:161} INFO - Started process (PID=3822) to work on /opt/airflow/dags/check_version.py
[2025-07-19T13:26:25.915+0000] {processor.py:830} INFO - Processing file /opt/airflow/dags/check_version.py for tasks to queue
[2025-07-19T13:26:25.916+0000] {logging_mixin.py:188} INFO - [2025-07-19T13:26:25.916+0000] {dagbag.py:538} INFO - Filling up the DagBag from /opt/airflow/dags/check_version.py
[2025-07-19T13:26:25.925+0000] {processor.py:840} INFO - DAG(s) 'check_sklearn_version' retrieved from /opt/airflow/dags/check_version.py
[2025-07-19T13:26:25.948+0000] {logging_mixin.py:188} INFO - [2025-07-19T13:26:25.948+0000] {dag.py:3036} INFO - Sync 1 DAGs
[2025-07-19T13:26:25.959+0000] {logging_mixin.py:188} INFO - [2025-07-19T13:26:25.959+0000] {dag.py:3823} INFO - Setting next_dagrun for check_sklearn_version to None, run_after=None
[2025-07-19T13:26:25.975+0000] {processor.py:183} INFO - Processing /opt/airflow/dags/check_version.py took 0.064 seconds
[2025-07-19T13:26:56.584+0000] {processor.py:161} INFO - Started process (PID=3852) to work on /opt/airflow/dags/check_version.py
[2025-07-19T13:26:56.585+0000] {processor.py:830} INFO - Processing file /opt/airflow/dags/check_version.py for tasks to queue
[2025-07-19T13:26:56.586+0000] {logging_mixin.py:188} INFO - [2025-07-19T13:26:56.585+0000] {dagbag.py:538} INFO - Filling up the DagBag from /opt/airflow/dags/check_version.py
[2025-07-19T13:26:56.596+0000] {processor.py:840} INFO - DAG(s) 'check_sklearn_version' retrieved from /opt/airflow/dags/check_version.py
[2025-07-19T13:26:56.620+0000] {logging_mixin.py:188} INFO - [2025-07-19T13:26:56.619+0000] {dag.py:3036} INFO - Sync 1 DAGs
[2025-07-19T13:26:56.634+0000] {logging_mixin.py:188} INFO - [2025-07-19T13:26:56.633+0000] {dag.py:3823} INFO - Setting next_dagrun for check_sklearn_version to None, run_after=None
[2025-07-19T13:26:56.653+0000] {processor.py:183} INFO - Processing /opt/airflow/dags/check_version.py took 0.073 seconds
[2025-07-19T13:27:27.164+0000] {processor.py:161} INFO - Started process (PID=3882) to work on /opt/airflow/dags/check_version.py
[2025-07-19T13:27:27.165+0000] {processor.py:830} INFO - Processing file /opt/airflow/dags/check_version.py for tasks to queue
[2025-07-19T13:27:27.166+0000] {logging_mixin.py:188} INFO - [2025-07-19T13:27:27.165+0000] {dagbag.py:538} INFO - Filling up the DagBag from /opt/airflow/dags/check_version.py
[2025-07-19T13:27:27.176+0000] {processor.py:840} INFO - DAG(s) 'check_sklearn_version' retrieved from /opt/airflow/dags/check_version.py
[2025-07-19T13:27:27.202+0000] {logging_mixin.py:188} INFO - [2025-07-19T13:27:27.202+0000] {dag.py:3036} INFO - Sync 1 DAGs
[2025-07-19T13:27:27.216+0000] {logging_mixin.py:188} INFO - [2025-07-19T13:27:27.216+0000] {dag.py:3823} INFO - Setting next_dagrun for check_sklearn_version to None, run_after=None
[2025-07-19T13:27:27.238+0000] {processor.py:183} INFO - Processing /opt/airflow/dags/check_version.py took 0.078 seconds
[2025-07-19T13:27:58.442+0000] {processor.py:161} INFO - Started process (PID=3914) to work on /opt/airflow/dags/check_version.py
[2025-07-19T13:27:58.443+0000] {processor.py:830} INFO - Processing file /opt/airflow/dags/check_version.py for tasks to queue
[2025-07-19T13:27:58.444+0000] {logging_mixin.py:188} INFO - [2025-07-19T13:27:58.444+0000] {dagbag.py:538} INFO - Filling up the DagBag from /opt/airflow/dags/check_version.py
[2025-07-19T13:27:58.455+0000] {processor.py:840} INFO - DAG(s) 'check_sklearn_version' retrieved from /opt/airflow/dags/check_version.py
[2025-07-19T13:27:58.483+0000] {logging_mixin.py:188} INFO - [2025-07-19T13:27:58.483+0000] {dag.py:3036} INFO - Sync 1 DAGs
[2025-07-19T13:27:58.494+0000] {logging_mixin.py:188} INFO - [2025-07-19T13:27:58.494+0000] {dag.py:3823} INFO - Setting next_dagrun for check_sklearn_version to None, run_after=None
[2025-07-19T13:27:58.511+0000] {processor.py:183} INFO - Processing /opt/airflow/dags/check_version.py took 0.073 seconds
[2025-07-19T13:28:29.198+0000] {processor.py:161} INFO - Started process (PID=3942) to work on /opt/airflow/dags/check_version.py
[2025-07-19T13:28:29.199+0000] {processor.py:830} INFO - Processing file /opt/airflow/dags/check_version.py for tasks to queue
[2025-07-19T13:28:29.201+0000] {logging_mixin.py:188} INFO - [2025-07-19T13:28:29.200+0000] {dagbag.py:538} INFO - Filling up the DagBag from /opt/airflow/dags/check_version.py
[2025-07-19T13:28:29.213+0000] {processor.py:840} INFO - DAG(s) 'check_sklearn_version' retrieved from /opt/airflow/dags/check_version.py
[2025-07-19T13:28:29.320+0000] {logging_mixin.py:188} INFO - [2025-07-19T13:28:29.319+0000] {dag.py:3036} INFO - Sync 1 DAGs
[2025-07-19T13:28:29.345+0000] {logging_mixin.py:188} INFO - [2025-07-19T13:28:29.345+0000] {dag.py:3823} INFO - Setting next_dagrun for check_sklearn_version to None, run_after=None
[2025-07-19T13:28:29.437+0000] {processor.py:183} INFO - Processing /opt/airflow/dags/check_version.py took 0.244 seconds
[2025-07-19T13:29:00.474+0000] {processor.py:161} INFO - Started process (PID=3974) to work on /opt/airflow/dags/check_version.py
[2025-07-19T13:29:00.475+0000] {processor.py:830} INFO - Processing file /opt/airflow/dags/check_version.py for tasks to queue
[2025-07-19T13:29:00.476+0000] {logging_mixin.py:188} INFO - [2025-07-19T13:29:00.475+0000] {dagbag.py:538} INFO - Filling up the DagBag from /opt/airflow/dags/check_version.py
[2025-07-19T13:29:00.484+0000] {processor.py:840} INFO - DAG(s) 'check_sklearn_version' retrieved from /opt/airflow/dags/check_version.py
[2025-07-19T13:29:00.547+0000] {logging_mixin.py:188} INFO - [2025-07-19T13:29:00.547+0000] {dag.py:3036} INFO - Sync 1 DAGs
[2025-07-19T13:29:00.559+0000] {logging_mixin.py:188} INFO - [2025-07-19T13:29:00.559+0000] {dag.py:3823} INFO - Setting next_dagrun for check_sklearn_version to None, run_after=None
[2025-07-19T13:29:00.577+0000] {processor.py:183} INFO - Processing /opt/airflow/dags/check_version.py took 0.106 seconds
[2025-07-19T13:29:31.104+0000] {processor.py:161} INFO - Started process (PID=4004) to work on /opt/airflow/dags/check_version.py
[2025-07-19T13:29:31.106+0000] {processor.py:830} INFO - Processing file /opt/airflow/dags/check_version.py for tasks to queue
[2025-07-19T13:29:31.108+0000] {logging_mixin.py:188} INFO - [2025-07-19T13:29:31.107+0000] {dagbag.py:538} INFO - Filling up the DagBag from /opt/airflow/dags/check_version.py
[2025-07-19T13:29:31.121+0000] {processor.py:840} INFO - DAG(s) 'check_sklearn_version' retrieved from /opt/airflow/dags/check_version.py
[2025-07-19T13:29:31.148+0000] {logging_mixin.py:188} INFO - [2025-07-19T13:29:31.148+0000] {dag.py:3036} INFO - Sync 1 DAGs
[2025-07-19T13:29:31.161+0000] {logging_mixin.py:188} INFO - [2025-07-19T13:29:31.161+0000] {dag.py:3823} INFO - Setting next_dagrun for check_sklearn_version to None, run_after=None
[2025-07-19T13:29:31.181+0000] {processor.py:183} INFO - Processing /opt/airflow/dags/check_version.py took 0.082 seconds
[2025-07-19T13:30:01.366+0000] {processor.py:161} INFO - Started process (PID=4034) to work on /opt/airflow/dags/check_version.py
[2025-07-19T13:30:01.367+0000] {processor.py:830} INFO - Processing file /opt/airflow/dags/check_version.py for tasks to queue
[2025-07-19T13:30:01.368+0000] {logging_mixin.py:188} INFO - [2025-07-19T13:30:01.368+0000] {dagbag.py:538} INFO - Filling up the DagBag from /opt/airflow/dags/check_version.py
[2025-07-19T13:30:01.378+0000] {processor.py:840} INFO - DAG(s) 'check_sklearn_version' retrieved from /opt/airflow/dags/check_version.py
[2025-07-19T13:30:01.476+0000] {logging_mixin.py:188} INFO - [2025-07-19T13:30:01.476+0000] {dag.py:3036} INFO - Sync 1 DAGs
[2025-07-19T13:30:01.488+0000] {logging_mixin.py:188} INFO - [2025-07-19T13:30:01.488+0000] {dag.py:3823} INFO - Setting next_dagrun for check_sklearn_version to None, run_after=None
[2025-07-19T13:30:01.510+0000] {processor.py:183} INFO - Processing /opt/airflow/dags/check_version.py took 0.146 seconds
[2025-07-19T13:30:32.123+0000] {processor.py:161} INFO - Started process (PID=4062) to work on /opt/airflow/dags/check_version.py
[2025-07-19T13:30:32.124+0000] {processor.py:830} INFO - Processing file /opt/airflow/dags/check_version.py for tasks to queue
[2025-07-19T13:30:32.124+0000] {logging_mixin.py:188} INFO - [2025-07-19T13:30:32.124+0000] {dagbag.py:538} INFO - Filling up the DagBag from /opt/airflow/dags/check_version.py
[2025-07-19T13:30:32.157+0000] {processor.py:840} INFO - DAG(s) 'check_sklearn_version' retrieved from /opt/airflow/dags/check_version.py
[2025-07-19T13:30:32.180+0000] {logging_mixin.py:188} INFO - [2025-07-19T13:30:32.180+0000] {dag.py:3036} INFO - Sync 1 DAGs
[2025-07-19T13:30:32.192+0000] {logging_mixin.py:188} INFO - [2025-07-19T13:30:32.192+0000] {dag.py:3823} INFO - Setting next_dagrun for check_sklearn_version to None, run_after=None
[2025-07-19T13:30:32.209+0000] {processor.py:183} INFO - Processing /opt/airflow/dags/check_version.py took 0.090 seconds
[2025-07-19T13:31:22.793+0000] {processor.py:161} INFO - Started process (PID=4085) to work on /opt/airflow/dags/check_version.py
[2025-07-19T13:31:22.794+0000] {processor.py:830} INFO - Processing file /opt/airflow/dags/check_version.py for tasks to queue
[2025-07-19T13:31:22.795+0000] {logging_mixin.py:188} INFO - [2025-07-19T13:31:22.795+0000] {dagbag.py:538} INFO - Filling up the DagBag from /opt/airflow/dags/check_version.py
[2025-07-19T13:31:22.809+0000] {processor.py:840} INFO - DAG(s) 'check_sklearn_version' retrieved from /opt/airflow/dags/check_version.py
[2025-07-19T13:31:22.854+0000] {logging_mixin.py:188} INFO - [2025-07-19T13:31:22.854+0000] {dag.py:3036} INFO - Sync 1 DAGs
[2025-07-19T13:31:22.868+0000] {logging_mixin.py:188} INFO - [2025-07-19T13:31:22.867+0000] {dag.py:3823} INFO - Setting next_dagrun for check_sklearn_version to None, run_after=None
[2025-07-19T13:31:22.889+0000] {processor.py:183} INFO - Processing /opt/airflow/dags/check_version.py took 0.100 seconds
[2025-07-19T13:31:53.245+0000] {processor.py:161} INFO - Started process (PID=4108) to work on /opt/airflow/dags/check_version.py
[2025-07-19T13:31:53.246+0000] {processor.py:830} INFO - Processing file /opt/airflow/dags/check_version.py for tasks to queue
[2025-07-19T13:31:53.247+0000] {logging_mixin.py:188} INFO - [2025-07-19T13:31:53.247+0000] {dagbag.py:538} INFO - Filling up the DagBag from /opt/airflow/dags/check_version.py
[2025-07-19T13:31:53.322+0000] {processor.py:840} INFO - DAG(s) 'check_sklearn_version' retrieved from /opt/airflow/dags/check_version.py
[2025-07-19T13:31:53.353+0000] {logging_mixin.py:188} INFO - [2025-07-19T13:31:53.352+0000] {dag.py:3036} INFO - Sync 1 DAGs
[2025-07-19T13:31:53.386+0000] {logging_mixin.py:188} INFO - [2025-07-19T13:31:53.385+0000] {dag.py:3823} INFO - Setting next_dagrun for check_sklearn_version to None, run_after=None
[2025-07-19T13:31:53.413+0000] {processor.py:183} INFO - Processing /opt/airflow/dags/check_version.py took 0.171 seconds
[2025-07-19T13:32:23.680+0000] {processor.py:161} INFO - Started process (PID=4138) to work on /opt/airflow/dags/check_version.py
[2025-07-19T13:32:23.682+0000] {processor.py:830} INFO - Processing file /opt/airflow/dags/check_version.py for tasks to queue
[2025-07-19T13:32:23.682+0000] {logging_mixin.py:188} INFO - [2025-07-19T13:32:23.682+0000] {dagbag.py:538} INFO - Filling up the DagBag from /opt/airflow/dags/check_version.py
[2025-07-19T13:32:23.834+0000] {processor.py:840} INFO - DAG(s) 'check_sklearn_version' retrieved from /opt/airflow/dags/check_version.py
[2025-07-19T13:32:23.861+0000] {logging_mixin.py:188} INFO - [2025-07-19T13:32:23.861+0000] {dag.py:3036} INFO - Sync 1 DAGs
[2025-07-19T13:32:23.876+0000] {logging_mixin.py:188} INFO - [2025-07-19T13:32:23.875+0000] {dag.py:3823} INFO - Setting next_dagrun for check_sklearn_version to None, run_after=None
[2025-07-19T13:32:23.902+0000] {processor.py:183} INFO - Processing /opt/airflow/dags/check_version.py took 0.224 seconds
[2025-07-19T13:32:54.409+0000] {processor.py:161} INFO - Started process (PID=4163) to work on /opt/airflow/dags/check_version.py
[2025-07-19T13:32:54.410+0000] {processor.py:830} INFO - Processing file /opt/airflow/dags/check_version.py for tasks to queue
[2025-07-19T13:32:54.411+0000] {logging_mixin.py:188} INFO - [2025-07-19T13:32:54.411+0000] {dagbag.py:538} INFO - Filling up the DagBag from /opt/airflow/dags/check_version.py
[2025-07-19T13:32:54.594+0000] {processor.py:840} INFO - DAG(s) 'check_sklearn_version' retrieved from /opt/airflow/dags/check_version.py
[2025-07-19T13:32:54.771+0000] {logging_mixin.py:188} INFO - [2025-07-19T13:32:54.770+0000] {dag.py:3036} INFO - Sync 1 DAGs
[2025-07-19T13:32:54.784+0000] {logging_mixin.py:188} INFO - [2025-07-19T13:32:54.784+0000] {dag.py:3823} INFO - Setting next_dagrun for check_sklearn_version to None, run_after=None
[2025-07-19T13:32:54.804+0000] {processor.py:183} INFO - Processing /opt/airflow/dags/check_version.py took 0.399 seconds
[2025-07-19T13:33:25.262+0000] {processor.py:161} INFO - Started process (PID=4186) to work on /opt/airflow/dags/check_version.py
[2025-07-19T13:33:25.264+0000] {processor.py:830} INFO - Processing file /opt/airflow/dags/check_version.py for tasks to queue
[2025-07-19T13:33:25.265+0000] {logging_mixin.py:188} INFO - [2025-07-19T13:33:25.264+0000] {dagbag.py:538} INFO - Filling up the DagBag from /opt/airflow/dags/check_version.py
[2025-07-19T13:33:25.318+0000] {processor.py:840} INFO - DAG(s) 'check_sklearn_version' retrieved from /opt/airflow/dags/check_version.py
[2025-07-19T13:33:25.346+0000] {logging_mixin.py:188} INFO - [2025-07-19T13:33:25.345+0000] {dag.py:3036} INFO - Sync 1 DAGs
[2025-07-19T13:33:25.359+0000] {logging_mixin.py:188} INFO - [2025-07-19T13:33:25.358+0000] {dag.py:3823} INFO - Setting next_dagrun for check_sklearn_version to None, run_after=None
[2025-07-19T13:33:25.383+0000] {processor.py:183} INFO - Processing /opt/airflow/dags/check_version.py took 0.124 seconds
[2025-07-19T13:33:56.352+0000] {processor.py:161} INFO - Started process (PID=4216) to work on /opt/airflow/dags/check_version.py
[2025-07-19T13:33:56.353+0000] {processor.py:830} INFO - Processing file /opt/airflow/dags/check_version.py for tasks to queue
[2025-07-19T13:33:56.354+0000] {logging_mixin.py:188} INFO - [2025-07-19T13:33:56.353+0000] {dagbag.py:538} INFO - Filling up the DagBag from /opt/airflow/dags/check_version.py
[2025-07-19T13:33:56.364+0000] {processor.py:840} INFO - DAG(s) 'check_sklearn_version' retrieved from /opt/airflow/dags/check_version.py
[2025-07-19T13:33:56.387+0000] {logging_mixin.py:188} INFO - [2025-07-19T13:33:56.386+0000] {dag.py:3036} INFO - Sync 1 DAGs
[2025-07-19T13:33:56.398+0000] {logging_mixin.py:188} INFO - [2025-07-19T13:33:56.397+0000] {dag.py:3823} INFO - Setting next_dagrun for check_sklearn_version to None, run_after=None
[2025-07-19T13:33:56.417+0000] {processor.py:183} INFO - Processing /opt/airflow/dags/check_version.py took 0.068 seconds
[2025-07-19T13:34:27.016+0000] {processor.py:161} INFO - Started process (PID=4241) to work on /opt/airflow/dags/check_version.py
[2025-07-19T13:34:27.017+0000] {processor.py:830} INFO - Processing file /opt/airflow/dags/check_version.py for tasks to queue
[2025-07-19T13:34:27.018+0000] {logging_mixin.py:188} INFO - [2025-07-19T13:34:27.018+0000] {dagbag.py:538} INFO - Filling up the DagBag from /opt/airflow/dags/check_version.py
[2025-07-19T13:34:27.064+0000] {processor.py:840} INFO - DAG(s) 'check_sklearn_version' retrieved from /opt/airflow/dags/check_version.py
[2025-07-19T13:34:27.089+0000] {logging_mixin.py:188} INFO - [2025-07-19T13:34:27.089+0000] {dag.py:3036} INFO - Sync 1 DAGs
[2025-07-19T13:34:27.102+0000] {logging_mixin.py:188} INFO - [2025-07-19T13:34:27.101+0000] {dag.py:3823} INFO - Setting next_dagrun for check_sklearn_version to None, run_after=None
[2025-07-19T13:34:27.124+0000] {processor.py:183} INFO - Processing /opt/airflow/dags/check_version.py took 0.111 seconds
[2025-07-19T13:37:28.486+0000] {processor.py:161} INFO - Started process (PID=4284) to work on /opt/airflow/dags/check_version.py
[2025-07-19T13:37:28.487+0000] {processor.py:830} INFO - Processing file /opt/airflow/dags/check_version.py for tasks to queue
[2025-07-19T13:37:28.488+0000] {logging_mixin.py:188} INFO - [2025-07-19T13:37:28.488+0000] {dagbag.py:538} INFO - Filling up the DagBag from /opt/airflow/dags/check_version.py
[2025-07-19T13:37:28.498+0000] {processor.py:840} INFO - DAG(s) 'check_sklearn_version' retrieved from /opt/airflow/dags/check_version.py
[2025-07-19T13:37:28.520+0000] {logging_mixin.py:188} INFO - [2025-07-19T13:37:28.520+0000] {dag.py:3036} INFO - Sync 1 DAGs
[2025-07-19T13:37:28.532+0000] {logging_mixin.py:188} INFO - [2025-07-19T13:37:28.532+0000] {dag.py:3823} INFO - Setting next_dagrun for check_sklearn_version to None, run_after=None
[2025-07-19T13:37:28.552+0000] {processor.py:183} INFO - Processing /opt/airflow/dags/check_version.py took 0.069 seconds
[2025-07-19T13:38:00.722+0000] {processor.py:161} INFO - Started process (PID=4316) to work on /opt/airflow/dags/check_version.py
[2025-07-19T13:38:00.723+0000] {processor.py:830} INFO - Processing file /opt/airflow/dags/check_version.py for tasks to queue
[2025-07-19T13:38:00.725+0000] {logging_mixin.py:188} INFO - [2025-07-19T13:38:00.724+0000] {dagbag.py:538} INFO - Filling up the DagBag from /opt/airflow/dags/check_version.py
[2025-07-19T13:38:00.790+0000] {processor.py:840} INFO - DAG(s) 'check_sklearn_version' retrieved from /opt/airflow/dags/check_version.py
[2025-07-19T13:38:00.820+0000] {logging_mixin.py:188} INFO - [2025-07-19T13:38:00.820+0000] {dag.py:3036} INFO - Sync 1 DAGs
[2025-07-19T13:38:00.836+0000] {logging_mixin.py:188} INFO - [2025-07-19T13:38:00.836+0000] {dag.py:3823} INFO - Setting next_dagrun for check_sklearn_version to None, run_after=None
[2025-07-19T13:38:00.870+0000] {processor.py:183} INFO - Processing /opt/airflow/dags/check_version.py took 0.151 seconds
[2025-07-19T13:38:31.487+0000] {processor.py:161} INFO - Started process (PID=4346) to work on /opt/airflow/dags/check_version.py
[2025-07-19T13:38:31.488+0000] {processor.py:830} INFO - Processing file /opt/airflow/dags/check_version.py for tasks to queue
[2025-07-19T13:38:31.489+0000] {logging_mixin.py:188} INFO - [2025-07-19T13:38:31.489+0000] {dagbag.py:538} INFO - Filling up the DagBag from /opt/airflow/dags/check_version.py
[2025-07-19T13:38:31.498+0000] {processor.py:840} INFO - DAG(s) 'check_sklearn_version' retrieved from /opt/airflow/dags/check_version.py
[2025-07-19T13:38:31.524+0000] {logging_mixin.py:188} INFO - [2025-07-19T13:38:31.524+0000] {dag.py:3036} INFO - Sync 1 DAGs
[2025-07-19T13:38:31.536+0000] {logging_mixin.py:188} INFO - [2025-07-19T13:38:31.536+0000] {dag.py:3823} INFO - Setting next_dagrun for check_sklearn_version to None, run_after=None
[2025-07-19T13:38:31.556+0000] {processor.py:183} INFO - Processing /opt/airflow/dags/check_version.py took 0.072 seconds
[2025-07-19T13:39:02.619+0000] {processor.py:161} INFO - Started process (PID=4376) to work on /opt/airflow/dags/check_version.py
[2025-07-19T13:39:02.621+0000] {processor.py:830} INFO - Processing file /opt/airflow/dags/check_version.py for tasks to queue
[2025-07-19T13:39:02.622+0000] {logging_mixin.py:188} INFO - [2025-07-19T13:39:02.622+0000] {dagbag.py:538} INFO - Filling up the DagBag from /opt/airflow/dags/check_version.py
[2025-07-19T13:39:02.989+0000] {processor.py:840} INFO - DAG(s) 'check_sklearn_version' retrieved from /opt/airflow/dags/check_version.py
[2025-07-19T13:39:03.072+0000] {logging_mixin.py:188} INFO - [2025-07-19T13:39:03.072+0000] {dag.py:3036} INFO - Sync 1 DAGs
[2025-07-19T13:39:03.084+0000] {logging_mixin.py:188} INFO - [2025-07-19T13:39:03.084+0000] {dag.py:3823} INFO - Setting next_dagrun for check_sklearn_version to None, run_after=None
[2025-07-19T13:39:03.130+0000] {processor.py:183} INFO - Processing /opt/airflow/dags/check_version.py took 0.514 seconds
[2025-07-19T13:39:33.497+0000] {processor.py:161} INFO - Started process (PID=4406) to work on /opt/airflow/dags/check_version.py
[2025-07-19T13:39:33.498+0000] {processor.py:830} INFO - Processing file /opt/airflow/dags/check_version.py for tasks to queue
[2025-07-19T13:39:33.498+0000] {logging_mixin.py:188} INFO - [2025-07-19T13:39:33.498+0000] {dagbag.py:538} INFO - Filling up the DagBag from /opt/airflow/dags/check_version.py
[2025-07-19T13:39:33.568+0000] {processor.py:840} INFO - DAG(s) 'check_sklearn_version' retrieved from /opt/airflow/dags/check_version.py
[2025-07-19T13:39:33.598+0000] {logging_mixin.py:188} INFO - [2025-07-19T13:39:33.597+0000] {dag.py:3036} INFO - Sync 1 DAGs
[2025-07-19T13:39:33.612+0000] {logging_mixin.py:188} INFO - [2025-07-19T13:39:33.612+0000] {dag.py:3823} INFO - Setting next_dagrun for check_sklearn_version to None, run_after=None
[2025-07-19T13:39:33.639+0000] {processor.py:183} INFO - Processing /opt/airflow/dags/check_version.py took 0.145 seconds
[2025-07-19T13:40:04.254+0000] {processor.py:161} INFO - Started process (PID=4436) to work on /opt/airflow/dags/check_version.py
[2025-07-19T13:40:04.255+0000] {processor.py:830} INFO - Processing file /opt/airflow/dags/check_version.py for tasks to queue
[2025-07-19T13:40:04.256+0000] {logging_mixin.py:188} INFO - [2025-07-19T13:40:04.256+0000] {dagbag.py:538} INFO - Filling up the DagBag from /opt/airflow/dags/check_version.py
[2025-07-19T13:40:04.326+0000] {processor.py:840} INFO - DAG(s) 'check_sklearn_version' retrieved from /opt/airflow/dags/check_version.py
[2025-07-19T13:40:04.416+0000] {logging_mixin.py:188} INFO - [2025-07-19T13:40:04.415+0000] {dag.py:3036} INFO - Sync 1 DAGs
[2025-07-19T13:40:04.429+0000] {logging_mixin.py:188} INFO - [2025-07-19T13:40:04.428+0000] {dag.py:3823} INFO - Setting next_dagrun for check_sklearn_version to None, run_after=None
[2025-07-19T13:40:04.597+0000] {processor.py:183} INFO - Processing /opt/airflow/dags/check_version.py took 0.347 seconds
[2025-07-19T13:40:39.129+0000] {processor.py:161} INFO - Started process (PID=4494) to work on /opt/airflow/dags/check_version.py
[2025-07-19T13:40:39.130+0000] {processor.py:830} INFO - Processing file /opt/airflow/dags/check_version.py for tasks to queue
[2025-07-19T13:40:39.131+0000] {logging_mixin.py:188} INFO - [2025-07-19T13:40:39.131+0000] {dagbag.py:538} INFO - Filling up the DagBag from /opt/airflow/dags/check_version.py
[2025-07-19T13:40:39.141+0000] {processor.py:840} INFO - DAG(s) 'check_sklearn_version' retrieved from /opt/airflow/dags/check_version.py
[2025-07-19T13:40:39.165+0000] {logging_mixin.py:188} INFO - [2025-07-19T13:40:39.164+0000] {dag.py:3036} INFO - Sync 1 DAGs
[2025-07-19T13:40:39.176+0000] {logging_mixin.py:188} INFO - [2025-07-19T13:40:39.176+0000] {dag.py:3823} INFO - Setting next_dagrun for check_sklearn_version to None, run_after=None
[2025-07-19T13:40:39.982+0000] {processor.py:183} INFO - Processing /opt/airflow/dags/check_version.py took 0.856 seconds
[2025-07-19T13:41:10.427+0000] {processor.py:161} INFO - Started process (PID=4521) to work on /opt/airflow/dags/check_version.py
[2025-07-19T13:41:10.429+0000] {processor.py:830} INFO - Processing file /opt/airflow/dags/check_version.py for tasks to queue
[2025-07-19T13:41:10.430+0000] {logging_mixin.py:188} INFO - [2025-07-19T13:41:10.430+0000] {dagbag.py:538} INFO - Filling up the DagBag from /opt/airflow/dags/check_version.py
[2025-07-19T13:41:10.869+0000] {processor.py:840} INFO - DAG(s) 'check_sklearn_version' retrieved from /opt/airflow/dags/check_version.py
[2025-07-19T13:41:10.894+0000] {logging_mixin.py:188} INFO - [2025-07-19T13:41:10.894+0000] {dag.py:3036} INFO - Sync 1 DAGs
[2025-07-19T13:41:10.907+0000] {logging_mixin.py:188} INFO - [2025-07-19T13:41:10.907+0000] {dag.py:3823} INFO - Setting next_dagrun for check_sklearn_version to None, run_after=None
[2025-07-19T13:41:11.216+0000] {processor.py:183} INFO - Processing /opt/airflow/dags/check_version.py took 0.794 seconds
[2025-07-19T13:42:14.797+0000] {processor.py:161} INFO - Started process (PID=4554) to work on /opt/airflow/dags/check_version.py
[2025-07-19T13:42:14.798+0000] {processor.py:830} INFO - Processing file /opt/airflow/dags/check_version.py for tasks to queue
[2025-07-19T13:42:14.990+0000] {logging_mixin.py:188} INFO - [2025-07-19T13:42:14.988+0000] {dagbag.py:538} INFO - Filling up the DagBag from /opt/airflow/dags/check_version.py
[2025-07-19T13:42:16.986+0000] {processor.py:840} INFO - DAG(s) 'check_sklearn_version' retrieved from /opt/airflow/dags/check_version.py
[2025-07-19T13:42:17.433+0000] {logging_mixin.py:188} INFO - [2025-07-19T13:42:17.432+0000] {dag.py:3036} INFO - Sync 1 DAGs
[2025-07-19T13:42:17.696+0000] {logging_mixin.py:188} INFO - [2025-07-19T13:42:17.696+0000] {dag.py:3823} INFO - Setting next_dagrun for check_sklearn_version to None, run_after=None
[2025-07-19T13:42:18.044+0000] {processor.py:183} INFO - Processing /opt/airflow/dags/check_version.py took 3.250 seconds
[2025-07-19T13:42:54.938+0000] {processor.py:161} INFO - Started process (PID=4582) to work on /opt/airflow/dags/check_version.py
[2025-07-19T13:42:54.939+0000] {processor.py:830} INFO - Processing file /opt/airflow/dags/check_version.py for tasks to queue
[2025-07-19T13:42:54.941+0000] {logging_mixin.py:188} INFO - [2025-07-19T13:42:54.941+0000] {dagbag.py:538} INFO - Filling up the DagBag from /opt/airflow/dags/check_version.py
[2025-07-19T13:42:55.498+0000] {processor.py:840} INFO - DAG(s) 'check_sklearn_version' retrieved from /opt/airflow/dags/check_version.py
[2025-07-19T13:42:56.145+0000] {logging_mixin.py:188} INFO - [2025-07-19T13:42:56.145+0000] {dag.py:3036} INFO - Sync 1 DAGs
[2025-07-19T13:42:56.254+0000] {logging_mixin.py:188} INFO - [2025-07-19T13:42:56.253+0000] {dag.py:3823} INFO - Setting next_dagrun for check_sklearn_version to None, run_after=None
[2025-07-19T13:42:56.874+0000] {processor.py:183} INFO - Processing /opt/airflow/dags/check_version.py took 1.939 seconds
[2025-07-19T13:43:27.716+0000] {processor.py:161} INFO - Started process (PID=4616) to work on /opt/airflow/dags/check_version.py
[2025-07-19T13:43:27.718+0000] {processor.py:830} INFO - Processing file /opt/airflow/dags/check_version.py for tasks to queue
[2025-07-19T13:43:27.719+0000] {logging_mixin.py:188} INFO - [2025-07-19T13:43:27.719+0000] {dagbag.py:538} INFO - Filling up the DagBag from /opt/airflow/dags/check_version.py
[2025-07-19T13:43:27.729+0000] {processor.py:840} INFO - DAG(s) 'check_sklearn_version' retrieved from /opt/airflow/dags/check_version.py
[2025-07-19T13:43:27.798+0000] {logging_mixin.py:188} INFO - [2025-07-19T13:43:27.798+0000] {dag.py:3036} INFO - Sync 1 DAGs
[2025-07-19T13:43:27.811+0000] {logging_mixin.py:188} INFO - [2025-07-19T13:43:27.810+0000] {dag.py:3823} INFO - Setting next_dagrun for check_sklearn_version to None, run_after=None
[2025-07-19T13:43:27.971+0000] {processor.py:183} INFO - Processing /opt/airflow/dags/check_version.py took 0.258 seconds
[2025-07-19T13:43:58.369+0000] {processor.py:161} INFO - Started process (PID=4646) to work on /opt/airflow/dags/check_version.py
[2025-07-19T13:43:58.370+0000] {processor.py:830} INFO - Processing file /opt/airflow/dags/check_version.py for tasks to queue
[2025-07-19T13:43:58.371+0000] {logging_mixin.py:188} INFO - [2025-07-19T13:43:58.371+0000] {dagbag.py:538} INFO - Filling up the DagBag from /opt/airflow/dags/check_version.py
[2025-07-19T13:43:58.382+0000] {processor.py:840} INFO - DAG(s) 'check_sklearn_version' retrieved from /opt/airflow/dags/check_version.py
[2025-07-19T13:43:58.484+0000] {logging_mixin.py:188} INFO - [2025-07-19T13:43:58.484+0000] {dag.py:3036} INFO - Sync 1 DAGs
[2025-07-19T13:43:58.496+0000] {logging_mixin.py:188} INFO - [2025-07-19T13:43:58.495+0000] {dag.py:3823} INFO - Setting next_dagrun for check_sklearn_version to None, run_after=None
[2025-07-19T13:43:58.562+0000] {processor.py:183} INFO - Processing /opt/airflow/dags/check_version.py took 0.198 seconds
[2025-07-19T13:44:29.214+0000] {processor.py:161} INFO - Started process (PID=4676) to work on /opt/airflow/dags/check_version.py
[2025-07-19T13:44:29.215+0000] {processor.py:830} INFO - Processing file /opt/airflow/dags/check_version.py for tasks to queue
[2025-07-19T13:44:29.216+0000] {logging_mixin.py:188} INFO - [2025-07-19T13:44:29.216+0000] {dagbag.py:538} INFO - Filling up the DagBag from /opt/airflow/dags/check_version.py
[2025-07-19T13:44:29.339+0000] {processor.py:840} INFO - DAG(s) 'check_sklearn_version' retrieved from /opt/airflow/dags/check_version.py
[2025-07-19T13:44:29.379+0000] {logging_mixin.py:188} INFO - [2025-07-19T13:44:29.379+0000] {dag.py:3036} INFO - Sync 1 DAGs
[2025-07-19T13:44:29.430+0000] {logging_mixin.py:188} INFO - [2025-07-19T13:44:29.429+0000] {dag.py:3823} INFO - Setting next_dagrun for check_sklearn_version to None, run_after=None
[2025-07-19T13:44:29.453+0000] {processor.py:183} INFO - Processing /opt/airflow/dags/check_version.py took 0.412 seconds
[2025-07-19T13:45:00.997+0000] {processor.py:161} INFO - Started process (PID=4706) to work on /opt/airflow/dags/check_version.py
[2025-07-19T13:45:00.998+0000] {processor.py:830} INFO - Processing file /opt/airflow/dags/check_version.py for tasks to queue
[2025-07-19T13:45:00.999+0000] {logging_mixin.py:188} INFO - [2025-07-19T13:45:00.999+0000] {dagbag.py:538} INFO - Filling up the DagBag from /opt/airflow/dags/check_version.py
[2025-07-19T13:45:01.082+0000] {processor.py:840} INFO - DAG(s) 'check_sklearn_version' retrieved from /opt/airflow/dags/check_version.py
[2025-07-19T13:45:01.110+0000] {logging_mixin.py:188} INFO - [2025-07-19T13:45:01.110+0000] {dag.py:3036} INFO - Sync 1 DAGs
[2025-07-19T13:45:01.122+0000] {logging_mixin.py:188} INFO - [2025-07-19T13:45:01.121+0000] {dag.py:3823} INFO - Setting next_dagrun for check_sklearn_version to None, run_after=None
[2025-07-19T13:45:01.143+0000] {processor.py:183} INFO - Processing /opt/airflow/dags/check_version.py took 0.148 seconds
[2025-07-19T13:45:33.116+0000] {processor.py:161} INFO - Started process (PID=4734) to work on /opt/airflow/dags/check_version.py
[2025-07-19T13:45:33.117+0000] {processor.py:830} INFO - Processing file /opt/airflow/dags/check_version.py for tasks to queue
[2025-07-19T13:45:33.118+0000] {logging_mixin.py:188} INFO - [2025-07-19T13:45:33.118+0000] {dagbag.py:538} INFO - Filling up the DagBag from /opt/airflow/dags/check_version.py
[2025-07-19T13:45:33.128+0000] {processor.py:840} INFO - DAG(s) 'check_sklearn_version' retrieved from /opt/airflow/dags/check_version.py
[2025-07-19T13:45:33.231+0000] {logging_mixin.py:188} INFO - [2025-07-19T13:45:33.230+0000] {dag.py:3036} INFO - Sync 1 DAGs
[2025-07-19T13:45:33.244+0000] {logging_mixin.py:188} INFO - [2025-07-19T13:45:33.244+0000] {dag.py:3823} INFO - Setting next_dagrun for check_sklearn_version to None, run_after=None
[2025-07-19T13:45:33.288+0000] {processor.py:183} INFO - Processing /opt/airflow/dags/check_version.py took 0.176 seconds
[2025-07-19T13:46:03.837+0000] {processor.py:161} INFO - Started process (PID=4757) to work on /opt/airflow/dags/check_version.py
[2025-07-19T13:46:03.838+0000] {processor.py:830} INFO - Processing file /opt/airflow/dags/check_version.py for tasks to queue
[2025-07-19T13:46:03.839+0000] {logging_mixin.py:188} INFO - [2025-07-19T13:46:03.839+0000] {dagbag.py:538} INFO - Filling up the DagBag from /opt/airflow/dags/check_version.py
[2025-07-19T13:46:03.853+0000] {processor.py:840} INFO - DAG(s) 'check_sklearn_version' retrieved from /opt/airflow/dags/check_version.py
[2025-07-19T13:46:03.881+0000] {logging_mixin.py:188} INFO - [2025-07-19T13:46:03.881+0000] {dag.py:3036} INFO - Sync 1 DAGs
[2025-07-19T13:46:03.894+0000] {logging_mixin.py:188} INFO - [2025-07-19T13:46:03.893+0000] {dag.py:3823} INFO - Setting next_dagrun for check_sklearn_version to None, run_after=None
[2025-07-19T13:46:04.443+0000] {processor.py:183} INFO - Processing /opt/airflow/dags/check_version.py took 0.609 seconds
[2025-07-19T13:46:35.067+0000] {processor.py:161} INFO - Started process (PID=4787) to work on /opt/airflow/dags/check_version.py
[2025-07-19T13:46:35.068+0000] {processor.py:830} INFO - Processing file /opt/airflow/dags/check_version.py for tasks to queue
[2025-07-19T13:46:35.069+0000] {logging_mixin.py:188} INFO - [2025-07-19T13:46:35.069+0000] {dagbag.py:538} INFO - Filling up the DagBag from /opt/airflow/dags/check_version.py
[2025-07-19T13:46:35.082+0000] {processor.py:840} INFO - DAG(s) 'check_sklearn_version' retrieved from /opt/airflow/dags/check_version.py
[2025-07-19T13:46:35.122+0000] {logging_mixin.py:188} INFO - [2025-07-19T13:46:35.121+0000] {dag.py:3036} INFO - Sync 1 DAGs
[2025-07-19T13:46:35.164+0000] {logging_mixin.py:188} INFO - [2025-07-19T13:46:35.164+0000] {dag.py:3823} INFO - Setting next_dagrun for check_sklearn_version to None, run_after=None
[2025-07-19T13:46:35.450+0000] {processor.py:183} INFO - Processing /opt/airflow/dags/check_version.py took 0.386 seconds
[2025-07-19T13:47:05.940+0000] {processor.py:161} INFO - Started process (PID=4818) to work on /opt/airflow/dags/check_version.py
[2025-07-19T13:47:05.984+0000] {processor.py:830} INFO - Processing file /opt/airflow/dags/check_version.py for tasks to queue
[2025-07-19T13:47:05.985+0000] {logging_mixin.py:188} INFO - [2025-07-19T13:47:05.984+0000] {dagbag.py:538} INFO - Filling up the DagBag from /opt/airflow/dags/check_version.py
[2025-07-19T13:47:05.998+0000] {processor.py:840} INFO - DAG(s) 'check_sklearn_version' retrieved from /opt/airflow/dags/check_version.py
[2025-07-19T13:47:06.459+0000] {logging_mixin.py:188} INFO - [2025-07-19T13:47:06.459+0000] {dag.py:3036} INFO - Sync 1 DAGs
[2025-07-19T13:47:06.493+0000] {logging_mixin.py:188} INFO - [2025-07-19T13:47:06.493+0000] {dag.py:3823} INFO - Setting next_dagrun for check_sklearn_version to None, run_after=None
[2025-07-19T13:47:06.744+0000] {processor.py:183} INFO - Processing /opt/airflow/dags/check_version.py took 0.807 seconds
[2025-07-19T13:47:43.965+0000] {processor.py:161} INFO - Started process (PID=4853) to work on /opt/airflow/dags/check_version.py
[2025-07-19T13:47:43.975+0000] {processor.py:830} INFO - Processing file /opt/airflow/dags/check_version.py for tasks to queue
[2025-07-19T13:47:44.051+0000] {logging_mixin.py:188} INFO - [2025-07-19T13:47:44.051+0000] {dagbag.py:538} INFO - Filling up the DagBag from /opt/airflow/dags/check_version.py
[2025-07-19T13:47:45.256+0000] {processor.py:840} INFO - DAG(s) 'check_sklearn_version' retrieved from /opt/airflow/dags/check_version.py
[2025-07-19T13:47:45.287+0000] {logging_mixin.py:188} INFO - [2025-07-19T13:47:45.287+0000] {dag.py:3036} INFO - Sync 1 DAGs
[2025-07-19T13:47:45.341+0000] {logging_mixin.py:188} INFO - [2025-07-19T13:47:45.341+0000] {dag.py:3823} INFO - Setting next_dagrun for check_sklearn_version to None, run_after=None
[2025-07-19T13:47:45.474+0000] {processor.py:183} INFO - Processing /opt/airflow/dags/check_version.py took 1.511 seconds
[2025-07-19T13:48:18.465+0000] {processor.py:161} INFO - Started process (PID=4883) to work on /opt/airflow/dags/check_version.py
[2025-07-19T13:48:18.485+0000] {processor.py:830} INFO - Processing file /opt/airflow/dags/check_version.py for tasks to queue
[2025-07-19T13:48:18.520+0000] {logging_mixin.py:188} INFO - [2025-07-19T13:48:18.520+0000] {dagbag.py:538} INFO - Filling up the DagBag from /opt/airflow/dags/check_version.py
[2025-07-19T13:48:19.063+0000] {processor.py:840} INFO - DAG(s) 'check_sklearn_version' retrieved from /opt/airflow/dags/check_version.py
[2025-07-19T13:48:19.179+0000] {logging_mixin.py:188} INFO - [2025-07-19T13:48:19.179+0000] {dag.py:3036} INFO - Sync 1 DAGs
[2025-07-19T13:48:19.548+0000] {logging_mixin.py:188} INFO - [2025-07-19T13:48:19.548+0000] {dag.py:3823} INFO - Setting next_dagrun for check_sklearn_version to None, run_after=None
[2025-07-19T13:48:20.613+0000] {processor.py:183} INFO - Processing /opt/airflow/dags/check_version.py took 2.150 seconds
[2025-07-19T13:48:50.822+0000] {processor.py:161} INFO - Started process (PID=4913) to work on /opt/airflow/dags/check_version.py
[2025-07-19T13:48:50.823+0000] {processor.py:830} INFO - Processing file /opt/airflow/dags/check_version.py for tasks to queue
[2025-07-19T13:48:50.824+0000] {logging_mixin.py:188} INFO - [2025-07-19T13:48:50.824+0000] {dagbag.py:538} INFO - Filling up the DagBag from /opt/airflow/dags/check_version.py
[2025-07-19T13:48:50.925+0000] {processor.py:840} INFO - DAG(s) 'check_sklearn_version' retrieved from /opt/airflow/dags/check_version.py
[2025-07-19T13:48:50.971+0000] {logging_mixin.py:188} INFO - [2025-07-19T13:48:50.971+0000] {dag.py:3036} INFO - Sync 1 DAGs
[2025-07-19T13:48:50.983+0000] {logging_mixin.py:188} INFO - [2025-07-19T13:48:50.983+0000] {dag.py:3823} INFO - Setting next_dagrun for check_sklearn_version to None, run_after=None
[2025-07-19T13:48:51.078+0000] {processor.py:183} INFO - Processing /opt/airflow/dags/check_version.py took 0.259 seconds
[2025-07-19T13:49:22.017+0000] {processor.py:161} INFO - Started process (PID=4947) to work on /opt/airflow/dags/check_version.py
[2025-07-19T13:49:22.018+0000] {processor.py:830} INFO - Processing file /opt/airflow/dags/check_version.py for tasks to queue
[2025-07-19T13:49:22.020+0000] {logging_mixin.py:188} INFO - [2025-07-19T13:49:22.019+0000] {dagbag.py:538} INFO - Filling up the DagBag from /opt/airflow/dags/check_version.py
[2025-07-19T13:49:22.065+0000] {processor.py:840} INFO - DAG(s) 'check_sklearn_version' retrieved from /opt/airflow/dags/check_version.py
[2025-07-19T13:49:22.101+0000] {logging_mixin.py:188} INFO - [2025-07-19T13:49:22.101+0000] {dag.py:3036} INFO - Sync 1 DAGs
[2025-07-19T13:49:22.114+0000] {logging_mixin.py:188} INFO - [2025-07-19T13:49:22.114+0000] {dag.py:3823} INFO - Setting next_dagrun for check_sklearn_version to None, run_after=None
[2025-07-19T13:49:22.289+0000] {processor.py:183} INFO - Processing /opt/airflow/dags/check_version.py took 0.275 seconds
[2025-07-19T13:49:58.374+0000] {processor.py:161} INFO - Started process (PID=4985) to work on /opt/airflow/dags/check_version.py
[2025-07-19T13:49:58.375+0000] {processor.py:830} INFO - Processing file /opt/airflow/dags/check_version.py for tasks to queue
[2025-07-19T13:49:58.376+0000] {logging_mixin.py:188} INFO - [2025-07-19T13:49:58.376+0000] {dagbag.py:538} INFO - Filling up the DagBag from /opt/airflow/dags/check_version.py
[2025-07-19T13:49:58.395+0000] {processor.py:840} INFO - DAG(s) 'check_sklearn_version' retrieved from /opt/airflow/dags/check_version.py
[2025-07-19T13:49:58.943+0000] {logging_mixin.py:188} INFO - [2025-07-19T13:49:58.943+0000] {dag.py:3036} INFO - Sync 1 DAGs
[2025-07-19T13:49:58.996+0000] {logging_mixin.py:188} INFO - [2025-07-19T13:49:58.996+0000] {dag.py:3823} INFO - Setting next_dagrun for check_sklearn_version to None, run_after=None
[2025-07-19T13:49:59.146+0000] {processor.py:183} INFO - Processing /opt/airflow/dags/check_version.py took 0.777 seconds
[2025-07-19T13:50:31.367+0000] {processor.py:161} INFO - Started process (PID=5024) to work on /opt/airflow/dags/check_version.py
[2025-07-19T13:50:31.368+0000] {processor.py:830} INFO - Processing file /opt/airflow/dags/check_version.py for tasks to queue
[2025-07-19T13:50:31.369+0000] {logging_mixin.py:188} INFO - [2025-07-19T13:50:31.369+0000] {dagbag.py:538} INFO - Filling up the DagBag from /opt/airflow/dags/check_version.py
[2025-07-19T13:50:31.452+0000] {processor.py:840} INFO - DAG(s) 'check_sklearn_version' retrieved from /opt/airflow/dags/check_version.py
[2025-07-19T13:50:36.317+0000] {logging_mixin.py:188} INFO - [2025-07-19T13:50:36.317+0000] {dag.py:3036} INFO - Sync 1 DAGs
[2025-07-19T13:50:36.344+0000] {logging_mixin.py:188} INFO - [2025-07-19T13:50:36.343+0000] {dag.py:3823} INFO - Setting next_dagrun for check_sklearn_version to None, run_after=None
[2025-07-19T13:50:36.377+0000] {processor.py:183} INFO - Processing /opt/airflow/dags/check_version.py took 5.347 seconds
[2025-07-19T13:51:09.207+0000] {processor.py:161} INFO - Started process (PID=5059) to work on /opt/airflow/dags/check_version.py
[2025-07-19T13:51:09.208+0000] {processor.py:830} INFO - Processing file /opt/airflow/dags/check_version.py for tasks to queue
[2025-07-19T13:51:09.209+0000] {logging_mixin.py:188} INFO - [2025-07-19T13:51:09.208+0000] {dagbag.py:538} INFO - Filling up the DagBag from /opt/airflow/dags/check_version.py
[2025-07-19T13:51:09.329+0000] {processor.py:840} INFO - DAG(s) 'check_sklearn_version' retrieved from /opt/airflow/dags/check_version.py
[2025-07-19T13:51:09.524+0000] {logging_mixin.py:188} INFO - [2025-07-19T13:51:09.524+0000] {dag.py:3036} INFO - Sync 1 DAGs
[2025-07-19T13:51:09.597+0000] {logging_mixin.py:188} INFO - [2025-07-19T13:51:09.597+0000] {dag.py:3823} INFO - Setting next_dagrun for check_sklearn_version to None, run_after=None
[2025-07-19T13:51:09.765+0000] {processor.py:183} INFO - Processing /opt/airflow/dags/check_version.py took 0.563 seconds
[2025-07-19T13:51:40.134+0000] {processor.py:161} INFO - Started process (PID=5096) to work on /opt/airflow/dags/check_version.py
[2025-07-19T13:51:40.135+0000] {processor.py:830} INFO - Processing file /opt/airflow/dags/check_version.py for tasks to queue
[2025-07-19T13:51:40.136+0000] {logging_mixin.py:188} INFO - [2025-07-19T13:51:40.136+0000] {dagbag.py:538} INFO - Filling up the DagBag from /opt/airflow/dags/check_version.py
[2025-07-19T13:51:40.148+0000] {processor.py:840} INFO - DAG(s) 'check_sklearn_version' retrieved from /opt/airflow/dags/check_version.py
[2025-07-19T13:51:40.235+0000] {logging_mixin.py:188} INFO - [2025-07-19T13:51:40.234+0000] {dag.py:3036} INFO - Sync 1 DAGs
[2025-07-19T13:51:40.246+0000] {logging_mixin.py:188} INFO - [2025-07-19T13:51:40.246+0000] {dag.py:3823} INFO - Setting next_dagrun for check_sklearn_version to None, run_after=None
[2025-07-19T13:51:40.267+0000] {processor.py:183} INFO - Processing /opt/airflow/dags/check_version.py took 0.138 seconds
[2025-07-19T13:52:11.155+0000] {processor.py:161} INFO - Started process (PID=5133) to work on /opt/airflow/dags/check_version.py
[2025-07-19T13:52:11.157+0000] {processor.py:830} INFO - Processing file /opt/airflow/dags/check_version.py for tasks to queue
[2025-07-19T13:52:11.158+0000] {logging_mixin.py:188} INFO - [2025-07-19T13:52:11.157+0000] {dagbag.py:538} INFO - Filling up the DagBag from /opt/airflow/dags/check_version.py
[2025-07-19T13:52:11.168+0000] {processor.py:840} INFO - DAG(s) 'check_sklearn_version' retrieved from /opt/airflow/dags/check_version.py
[2025-07-19T13:52:11.197+0000] {logging_mixin.py:188} INFO - [2025-07-19T13:52:11.197+0000] {dag.py:3036} INFO - Sync 1 DAGs
[2025-07-19T13:52:11.212+0000] {logging_mixin.py:188} INFO - [2025-07-19T13:52:11.212+0000] {dag.py:3823} INFO - Setting next_dagrun for check_sklearn_version to None, run_after=None
[2025-07-19T13:52:11.253+0000] {processor.py:183} INFO - Processing /opt/airflow/dags/check_version.py took 0.101 seconds
[2025-07-19T13:52:41.929+0000] {processor.py:161} INFO - Started process (PID=5161) to work on /opt/airflow/dags/check_version.py
[2025-07-19T13:52:41.930+0000] {processor.py:830} INFO - Processing file /opt/airflow/dags/check_version.py for tasks to queue
[2025-07-19T13:52:41.932+0000] {logging_mixin.py:188} INFO - [2025-07-19T13:52:41.931+0000] {dagbag.py:538} INFO - Filling up the DagBag from /opt/airflow/dags/check_version.py
[2025-07-19T13:52:41.943+0000] {processor.py:840} INFO - DAG(s) 'check_sklearn_version' retrieved from /opt/airflow/dags/check_version.py
[2025-07-19T13:52:41.969+0000] {logging_mixin.py:188} INFO - [2025-07-19T13:52:41.969+0000] {dag.py:3036} INFO - Sync 1 DAGs
[2025-07-19T13:52:41.983+0000] {logging_mixin.py:188} INFO - [2025-07-19T13:52:41.983+0000] {dag.py:3823} INFO - Setting next_dagrun for check_sklearn_version to None, run_after=None
[2025-07-19T13:52:42.004+0000] {processor.py:183} INFO - Processing /opt/airflow/dags/check_version.py took 0.079 seconds
[2025-07-19T13:53:12.654+0000] {processor.py:161} INFO - Started process (PID=5193) to work on /opt/airflow/dags/check_version.py
[2025-07-19T13:53:12.655+0000] {processor.py:830} INFO - Processing file /opt/airflow/dags/check_version.py for tasks to queue
[2025-07-19T13:53:12.657+0000] {logging_mixin.py:188} INFO - [2025-07-19T13:53:12.656+0000] {dagbag.py:538} INFO - Filling up the DagBag from /opt/airflow/dags/check_version.py
[2025-07-19T13:53:12.671+0000] {processor.py:840} INFO - DAG(s) 'check_sklearn_version' retrieved from /opt/airflow/dags/check_version.py
[2025-07-19T13:53:12.705+0000] {logging_mixin.py:188} INFO - [2025-07-19T13:53:12.705+0000] {dag.py:3036} INFO - Sync 1 DAGs
[2025-07-19T13:53:12.719+0000] {logging_mixin.py:188} INFO - [2025-07-19T13:53:12.719+0000] {dag.py:3823} INFO - Setting next_dagrun for check_sklearn_version to None, run_after=None
[2025-07-19T13:53:12.741+0000] {processor.py:183} INFO - Processing /opt/airflow/dags/check_version.py took 0.091 seconds
[2025-07-19T13:53:42.926+0000] {processor.py:161} INFO - Started process (PID=5246) to work on /opt/airflow/dags/check_version.py
[2025-07-19T13:53:42.927+0000] {processor.py:830} INFO - Processing file /opt/airflow/dags/check_version.py for tasks to queue
[2025-07-19T13:53:42.928+0000] {logging_mixin.py:188} INFO - [2025-07-19T13:53:42.928+0000] {dagbag.py:538} INFO - Filling up the DagBag from /opt/airflow/dags/check_version.py
[2025-07-19T13:53:42.941+0000] {processor.py:840} INFO - DAG(s) 'check_sklearn_version' retrieved from /opt/airflow/dags/check_version.py
[2025-07-19T13:53:42.969+0000] {logging_mixin.py:188} INFO - [2025-07-19T13:53:42.969+0000] {dag.py:3036} INFO - Sync 1 DAGs
[2025-07-19T13:53:42.983+0000] {logging_mixin.py:188} INFO - [2025-07-19T13:53:42.982+0000] {dag.py:3823} INFO - Setting next_dagrun for check_sklearn_version to None, run_after=None
[2025-07-19T13:53:43.009+0000] {processor.py:183} INFO - Processing /opt/airflow/dags/check_version.py took 0.087 seconds
[2025-07-19T13:54:13.637+0000] {processor.py:161} INFO - Started process (PID=5281) to work on /opt/airflow/dags/check_version.py
[2025-07-19T13:54:13.638+0000] {processor.py:830} INFO - Processing file /opt/airflow/dags/check_version.py for tasks to queue
[2025-07-19T13:54:13.640+0000] {logging_mixin.py:188} INFO - [2025-07-19T13:54:13.639+0000] {dagbag.py:538} INFO - Filling up the DagBag from /opt/airflow/dags/check_version.py
[2025-07-19T13:54:13.653+0000] {processor.py:840} INFO - DAG(s) 'check_sklearn_version' retrieved from /opt/airflow/dags/check_version.py
[2025-07-19T13:54:13.699+0000] {logging_mixin.py:188} INFO - [2025-07-19T13:54:13.699+0000] {dag.py:3036} INFO - Sync 1 DAGs
[2025-07-19T13:54:13.716+0000] {logging_mixin.py:188} INFO - [2025-07-19T13:54:13.716+0000] {dag.py:3823} INFO - Setting next_dagrun for check_sklearn_version to None, run_after=None
[2025-07-19T13:54:13.736+0000] {processor.py:183} INFO - Processing /opt/airflow/dags/check_version.py took 0.103 seconds
[2025-07-19T13:54:44.251+0000] {processor.py:161} INFO - Started process (PID=5311) to work on /opt/airflow/dags/check_version.py
[2025-07-19T13:54:44.252+0000] {processor.py:830} INFO - Processing file /opt/airflow/dags/check_version.py for tasks to queue
[2025-07-19T13:54:44.254+0000] {logging_mixin.py:188} INFO - [2025-07-19T13:54:44.253+0000] {dagbag.py:538} INFO - Filling up the DagBag from /opt/airflow/dags/check_version.py
[2025-07-19T13:54:44.266+0000] {processor.py:840} INFO - DAG(s) 'check_sklearn_version' retrieved from /opt/airflow/dags/check_version.py
[2025-07-19T13:54:44.309+0000] {logging_mixin.py:188} INFO - [2025-07-19T13:54:44.308+0000] {dag.py:3036} INFO - Sync 1 DAGs
[2025-07-19T13:54:44.325+0000] {logging_mixin.py:188} INFO - [2025-07-19T13:54:44.325+0000] {dag.py:3823} INFO - Setting next_dagrun for check_sklearn_version to None, run_after=None
[2025-07-19T13:54:44.352+0000] {processor.py:183} INFO - Processing /opt/airflow/dags/check_version.py took 0.104 seconds
[2025-07-19T13:55:14.898+0000] {processor.py:161} INFO - Started process (PID=5341) to work on /opt/airflow/dags/check_version.py
[2025-07-19T13:55:14.899+0000] {processor.py:830} INFO - Processing file /opt/airflow/dags/check_version.py for tasks to queue
[2025-07-19T13:55:14.900+0000] {logging_mixin.py:188} INFO - [2025-07-19T13:55:14.900+0000] {dagbag.py:538} INFO - Filling up the DagBag from /opt/airflow/dags/check_version.py
[2025-07-19T13:55:14.913+0000] {processor.py:840} INFO - DAG(s) 'check_sklearn_version' retrieved from /opt/airflow/dags/check_version.py
[2025-07-19T13:55:14.948+0000] {logging_mixin.py:188} INFO - [2025-07-19T13:55:14.947+0000] {dag.py:3036} INFO - Sync 1 DAGs
[2025-07-19T13:55:14.967+0000] {logging_mixin.py:188} INFO - [2025-07-19T13:55:14.967+0000] {dag.py:3823} INFO - Setting next_dagrun for check_sklearn_version to None, run_after=None
[2025-07-19T13:55:14.993+0000] {processor.py:183} INFO - Processing /opt/airflow/dags/check_version.py took 0.099 seconds
[2025-07-19T13:55:45.539+0000] {processor.py:161} INFO - Started process (PID=5371) to work on /opt/airflow/dags/check_version.py
[2025-07-19T13:55:45.541+0000] {processor.py:830} INFO - Processing file /opt/airflow/dags/check_version.py for tasks to queue
[2025-07-19T13:55:45.542+0000] {logging_mixin.py:188} INFO - [2025-07-19T13:55:45.541+0000] {dagbag.py:538} INFO - Filling up the DagBag from /opt/airflow/dags/check_version.py
[2025-07-19T13:55:45.554+0000] {processor.py:840} INFO - DAG(s) 'check_sklearn_version' retrieved from /opt/airflow/dags/check_version.py
[2025-07-19T13:55:45.582+0000] {logging_mixin.py:188} INFO - [2025-07-19T13:55:45.582+0000] {dag.py:3036} INFO - Sync 1 DAGs
[2025-07-19T13:55:45.595+0000] {logging_mixin.py:188} INFO - [2025-07-19T13:55:45.595+0000] {dag.py:3823} INFO - Setting next_dagrun for check_sklearn_version to None, run_after=None
[2025-07-19T13:55:45.616+0000] {processor.py:183} INFO - Processing /opt/airflow/dags/check_version.py took 0.080 seconds
[2025-07-19T13:56:16.139+0000] {processor.py:161} INFO - Started process (PID=5401) to work on /opt/airflow/dags/check_version.py
[2025-07-19T13:56:16.140+0000] {processor.py:830} INFO - Processing file /opt/airflow/dags/check_version.py for tasks to queue
[2025-07-19T13:56:16.141+0000] {logging_mixin.py:188} INFO - [2025-07-19T13:56:16.140+0000] {dagbag.py:538} INFO - Filling up the DagBag from /opt/airflow/dags/check_version.py
[2025-07-19T13:56:16.151+0000] {processor.py:840} INFO - DAG(s) 'check_sklearn_version' retrieved from /opt/airflow/dags/check_version.py
[2025-07-19T13:56:16.185+0000] {logging_mixin.py:188} INFO - [2025-07-19T13:56:16.185+0000] {dag.py:3036} INFO - Sync 1 DAGs
[2025-07-19T13:56:16.198+0000] {logging_mixin.py:188} INFO - [2025-07-19T13:56:16.198+0000] {dag.py:3823} INFO - Setting next_dagrun for check_sklearn_version to None, run_after=None
[2025-07-19T13:56:16.232+0000] {processor.py:183} INFO - Processing /opt/airflow/dags/check_version.py took 0.097 seconds
[2025-07-19T13:56:46.928+0000] {processor.py:161} INFO - Started process (PID=5431) to work on /opt/airflow/dags/check_version.py
[2025-07-19T13:56:46.929+0000] {processor.py:830} INFO - Processing file /opt/airflow/dags/check_version.py for tasks to queue
[2025-07-19T13:56:46.931+0000] {logging_mixin.py:188} INFO - [2025-07-19T13:56:46.930+0000] {dagbag.py:538} INFO - Filling up the DagBag from /opt/airflow/dags/check_version.py
[2025-07-19T13:56:46.942+0000] {processor.py:840} INFO - DAG(s) 'check_sklearn_version' retrieved from /opt/airflow/dags/check_version.py
[2025-07-19T13:56:46.970+0000] {logging_mixin.py:188} INFO - [2025-07-19T13:56:46.970+0000] {dag.py:3036} INFO - Sync 1 DAGs
[2025-07-19T13:56:46.984+0000] {logging_mixin.py:188} INFO - [2025-07-19T13:56:46.984+0000] {dag.py:3823} INFO - Setting next_dagrun for check_sklearn_version to None, run_after=None
[2025-07-19T13:56:47.007+0000] {processor.py:183} INFO - Processing /opt/airflow/dags/check_version.py took 0.083 seconds
[2025-07-19T13:57:17.501+0000] {processor.py:161} INFO - Started process (PID=5461) to work on /opt/airflow/dags/check_version.py
[2025-07-19T13:57:17.503+0000] {processor.py:830} INFO - Processing file /opt/airflow/dags/check_version.py for tasks to queue
[2025-07-19T13:57:17.504+0000] {logging_mixin.py:188} INFO - [2025-07-19T13:57:17.503+0000] {dagbag.py:538} INFO - Filling up the DagBag from /opt/airflow/dags/check_version.py
[2025-07-19T13:57:17.516+0000] {processor.py:840} INFO - DAG(s) 'check_sklearn_version' retrieved from /opt/airflow/dags/check_version.py
[2025-07-19T13:57:17.546+0000] {logging_mixin.py:188} INFO - [2025-07-19T13:57:17.546+0000] {dag.py:3036} INFO - Sync 1 DAGs
[2025-07-19T13:57:17.561+0000] {logging_mixin.py:188} INFO - [2025-07-19T13:57:17.561+0000] {dag.py:3823} INFO - Setting next_dagrun for check_sklearn_version to None, run_after=None
[2025-07-19T13:57:17.584+0000] {processor.py:183} INFO - Processing /opt/airflow/dags/check_version.py took 0.086 seconds
[2025-07-19T13:57:48.209+0000] {processor.py:161} INFO - Started process (PID=5491) to work on /opt/airflow/dags/check_version.py
[2025-07-19T13:57:48.210+0000] {processor.py:830} INFO - Processing file /opt/airflow/dags/check_version.py for tasks to queue
[2025-07-19T13:57:48.212+0000] {logging_mixin.py:188} INFO - [2025-07-19T13:57:48.211+0000] {dagbag.py:538} INFO - Filling up the DagBag from /opt/airflow/dags/check_version.py
[2025-07-19T13:57:48.225+0000] {processor.py:840} INFO - DAG(s) 'check_sklearn_version' retrieved from /opt/airflow/dags/check_version.py
[2025-07-19T13:57:48.255+0000] {logging_mixin.py:188} INFO - [2025-07-19T13:57:48.255+0000] {dag.py:3036} INFO - Sync 1 DAGs
[2025-07-19T13:57:48.270+0000] {logging_mixin.py:188} INFO - [2025-07-19T13:57:48.270+0000] {dag.py:3823} INFO - Setting next_dagrun for check_sklearn_version to None, run_after=None
[2025-07-19T13:57:48.292+0000] {processor.py:183} INFO - Processing /opt/airflow/dags/check_version.py took 0.086 seconds
[2025-07-19T13:58:18.815+0000] {processor.py:161} INFO - Started process (PID=5521) to work on /opt/airflow/dags/check_version.py
[2025-07-19T13:58:18.816+0000] {processor.py:830} INFO - Processing file /opt/airflow/dags/check_version.py for tasks to queue
[2025-07-19T13:58:18.818+0000] {logging_mixin.py:188} INFO - [2025-07-19T13:58:18.817+0000] {dagbag.py:538} INFO - Filling up the DagBag from /opt/airflow/dags/check_version.py
[2025-07-19T13:58:18.830+0000] {processor.py:840} INFO - DAG(s) 'check_sklearn_version' retrieved from /opt/airflow/dags/check_version.py
[2025-07-19T13:58:18.861+0000] {logging_mixin.py:188} INFO - [2025-07-19T13:58:18.860+0000] {dag.py:3036} INFO - Sync 1 DAGs
[2025-07-19T13:58:18.875+0000] {logging_mixin.py:188} INFO - [2025-07-19T13:58:18.874+0000] {dag.py:3823} INFO - Setting next_dagrun for check_sklearn_version to None, run_after=None
[2025-07-19T13:58:18.895+0000] {processor.py:183} INFO - Processing /opt/airflow/dags/check_version.py took 0.083 seconds
[2025-07-19T13:58:49.433+0000] {processor.py:161} INFO - Started process (PID=5551) to work on /opt/airflow/dags/check_version.py
[2025-07-19T13:58:49.434+0000] {processor.py:830} INFO - Processing file /opt/airflow/dags/check_version.py for tasks to queue
[2025-07-19T13:58:49.435+0000] {logging_mixin.py:188} INFO - [2025-07-19T13:58:49.435+0000] {dagbag.py:538} INFO - Filling up the DagBag from /opt/airflow/dags/check_version.py
[2025-07-19T13:58:49.448+0000] {processor.py:840} INFO - DAG(s) 'check_sklearn_version' retrieved from /opt/airflow/dags/check_version.py
[2025-07-19T13:58:49.477+0000] {logging_mixin.py:188} INFO - [2025-07-19T13:58:49.477+0000] {dag.py:3036} INFO - Sync 1 DAGs
[2025-07-19T13:58:49.491+0000] {logging_mixin.py:188} INFO - [2025-07-19T13:58:49.491+0000] {dag.py:3823} INFO - Setting next_dagrun for check_sklearn_version to None, run_after=None
[2025-07-19T13:58:49.509+0000] {processor.py:183} INFO - Processing /opt/airflow/dags/check_version.py took 0.079 seconds
[2025-07-19T13:59:20.374+0000] {processor.py:161} INFO - Started process (PID=5591) to work on /opt/airflow/dags/check_version.py
[2025-07-19T13:59:20.375+0000] {processor.py:830} INFO - Processing file /opt/airflow/dags/check_version.py for tasks to queue
[2025-07-19T13:59:20.376+0000] {logging_mixin.py:188} INFO - [2025-07-19T13:59:20.376+0000] {dagbag.py:538} INFO - Filling up the DagBag from /opt/airflow/dags/check_version.py
[2025-07-19T13:59:20.388+0000] {processor.py:840} INFO - DAG(s) 'check_sklearn_version' retrieved from /opt/airflow/dags/check_version.py
[2025-07-19T13:59:20.426+0000] {logging_mixin.py:188} INFO - [2025-07-19T13:59:20.426+0000] {dag.py:3036} INFO - Sync 1 DAGs
[2025-07-19T13:59:20.443+0000] {logging_mixin.py:188} INFO - [2025-07-19T13:59:20.442+0000] {dag.py:3823} INFO - Setting next_dagrun for check_sklearn_version to None, run_after=None
[2025-07-19T13:59:20.466+0000] {processor.py:183} INFO - Processing /opt/airflow/dags/check_version.py took 0.096 seconds
[2025-07-19T13:59:50.987+0000] {processor.py:161} INFO - Started process (PID=5621) to work on /opt/airflow/dags/check_version.py
[2025-07-19T13:59:50.988+0000] {processor.py:830} INFO - Processing file /opt/airflow/dags/check_version.py for tasks to queue
[2025-07-19T13:59:50.989+0000] {logging_mixin.py:188} INFO - [2025-07-19T13:59:50.989+0000] {dagbag.py:538} INFO - Filling up the DagBag from /opt/airflow/dags/check_version.py
[2025-07-19T13:59:51.000+0000] {processor.py:840} INFO - DAG(s) 'check_sklearn_version' retrieved from /opt/airflow/dags/check_version.py
[2025-07-19T13:59:51.027+0000] {logging_mixin.py:188} INFO - [2025-07-19T13:59:51.027+0000] {dag.py:3036} INFO - Sync 1 DAGs
[2025-07-19T13:59:51.041+0000] {logging_mixin.py:188} INFO - [2025-07-19T13:59:51.041+0000] {dag.py:3823} INFO - Setting next_dagrun for check_sklearn_version to None, run_after=None
[2025-07-19T13:59:51.062+0000] {processor.py:183} INFO - Processing /opt/airflow/dags/check_version.py took 0.079 seconds
[2025-07-19T14:00:21.573+0000] {processor.py:161} INFO - Started process (PID=5651) to work on /opt/airflow/dags/check_version.py
[2025-07-19T14:00:21.574+0000] {processor.py:830} INFO - Processing file /opt/airflow/dags/check_version.py for tasks to queue
[2025-07-19T14:00:21.575+0000] {logging_mixin.py:188} INFO - [2025-07-19T14:00:21.575+0000] {dagbag.py:538} INFO - Filling up the DagBag from /opt/airflow/dags/check_version.py
[2025-07-19T14:00:21.597+0000] {processor.py:840} INFO - DAG(s) 'check_sklearn_version' retrieved from /opt/airflow/dags/check_version.py
[2025-07-19T14:00:21.626+0000] {logging_mixin.py:188} INFO - [2025-07-19T14:00:21.626+0000] {dag.py:3036} INFO - Sync 1 DAGs
[2025-07-19T14:00:21.640+0000] {logging_mixin.py:188} INFO - [2025-07-19T14:00:21.640+0000] {dag.py:3823} INFO - Setting next_dagrun for check_sklearn_version to None, run_after=None
[2025-07-19T14:00:21.662+0000] {processor.py:183} INFO - Processing /opt/airflow/dags/check_version.py took 0.093 seconds
[2025-07-19T14:00:52.162+0000] {processor.py:161} INFO - Started process (PID=5681) to work on /opt/airflow/dags/check_version.py
[2025-07-19T14:00:52.163+0000] {processor.py:830} INFO - Processing file /opt/airflow/dags/check_version.py for tasks to queue
[2025-07-19T14:00:52.165+0000] {logging_mixin.py:188} INFO - [2025-07-19T14:00:52.164+0000] {dagbag.py:538} INFO - Filling up the DagBag from /opt/airflow/dags/check_version.py
[2025-07-19T14:00:52.177+0000] {processor.py:840} INFO - DAG(s) 'check_sklearn_version' retrieved from /opt/airflow/dags/check_version.py
[2025-07-19T14:00:52.207+0000] {logging_mixin.py:188} INFO - [2025-07-19T14:00:52.207+0000] {dag.py:3036} INFO - Sync 1 DAGs
[2025-07-19T14:00:52.220+0000] {logging_mixin.py:188} INFO - [2025-07-19T14:00:52.220+0000] {dag.py:3823} INFO - Setting next_dagrun for check_sklearn_version to None, run_after=None
[2025-07-19T14:00:52.243+0000] {processor.py:183} INFO - Processing /opt/airflow/dags/check_version.py took 0.084 seconds
[2025-07-19T14:01:22.714+0000] {processor.py:161} INFO - Started process (PID=5711) to work on /opt/airflow/dags/check_version.py
[2025-07-19T14:01:22.715+0000] {processor.py:830} INFO - Processing file /opt/airflow/dags/check_version.py for tasks to queue
[2025-07-19T14:01:22.716+0000] {logging_mixin.py:188} INFO - [2025-07-19T14:01:22.716+0000] {dagbag.py:538} INFO - Filling up the DagBag from /opt/airflow/dags/check_version.py
[2025-07-19T14:01:22.728+0000] {processor.py:840} INFO - DAG(s) 'check_sklearn_version' retrieved from /opt/airflow/dags/check_version.py
[2025-07-19T14:01:22.755+0000] {logging_mixin.py:188} INFO - [2025-07-19T14:01:22.755+0000] {dag.py:3036} INFO - Sync 1 DAGs
[2025-07-19T14:01:22.771+0000] {logging_mixin.py:188} INFO - [2025-07-19T14:01:22.770+0000] {dag.py:3823} INFO - Setting next_dagrun for check_sklearn_version to None, run_after=None
[2025-07-19T14:01:22.793+0000] {processor.py:183} INFO - Processing /opt/airflow/dags/check_version.py took 0.084 seconds
[2025-07-19T14:01:53.349+0000] {processor.py:161} INFO - Started process (PID=5741) to work on /opt/airflow/dags/check_version.py
[2025-07-19T14:01:53.350+0000] {processor.py:830} INFO - Processing file /opt/airflow/dags/check_version.py for tasks to queue
[2025-07-19T14:01:53.351+0000] {logging_mixin.py:188} INFO - [2025-07-19T14:01:53.351+0000] {dagbag.py:538} INFO - Filling up the DagBag from /opt/airflow/dags/check_version.py
[2025-07-19T14:01:53.362+0000] {processor.py:840} INFO - DAG(s) 'check_sklearn_version' retrieved from /opt/airflow/dags/check_version.py
[2025-07-19T14:01:53.389+0000] {logging_mixin.py:188} INFO - [2025-07-19T14:01:53.389+0000] {dag.py:3036} INFO - Sync 1 DAGs
[2025-07-19T14:01:53.404+0000] {logging_mixin.py:188} INFO - [2025-07-19T14:01:53.404+0000] {dag.py:3823} INFO - Setting next_dagrun for check_sklearn_version to None, run_after=None
[2025-07-19T14:01:53.423+0000] {processor.py:183} INFO - Processing /opt/airflow/dags/check_version.py took 0.079 seconds
[2025-07-19T14:02:24.025+0000] {processor.py:161} INFO - Started process (PID=5771) to work on /opt/airflow/dags/check_version.py
[2025-07-19T14:02:24.026+0000] {processor.py:830} INFO - Processing file /opt/airflow/dags/check_version.py for tasks to queue
[2025-07-19T14:02:24.027+0000] {logging_mixin.py:188} INFO - [2025-07-19T14:02:24.027+0000] {dagbag.py:538} INFO - Filling up the DagBag from /opt/airflow/dags/check_version.py
[2025-07-19T14:02:24.039+0000] {processor.py:840} INFO - DAG(s) 'check_sklearn_version' retrieved from /opt/airflow/dags/check_version.py
[2025-07-19T14:02:24.070+0000] {logging_mixin.py:188} INFO - [2025-07-19T14:02:24.070+0000] {dag.py:3036} INFO - Sync 1 DAGs
[2025-07-19T14:02:24.086+0000] {logging_mixin.py:188} INFO - [2025-07-19T14:02:24.085+0000] {dag.py:3823} INFO - Setting next_dagrun for check_sklearn_version to None, run_after=None
[2025-07-19T14:02:24.116+0000] {processor.py:183} INFO - Processing /opt/airflow/dags/check_version.py took 0.095 seconds
[2025-07-19T14:02:54.650+0000] {processor.py:161} INFO - Started process (PID=5801) to work on /opt/airflow/dags/check_version.py
[2025-07-19T14:02:54.651+0000] {processor.py:830} INFO - Processing file /opt/airflow/dags/check_version.py for tasks to queue
[2025-07-19T14:02:54.653+0000] {logging_mixin.py:188} INFO - [2025-07-19T14:02:54.653+0000] {dagbag.py:538} INFO - Filling up the DagBag from /opt/airflow/dags/check_version.py
[2025-07-19T14:02:54.671+0000] {processor.py:840} INFO - DAG(s) 'check_sklearn_version' retrieved from /opt/airflow/dags/check_version.py
[2025-07-19T14:02:54.708+0000] {logging_mixin.py:188} INFO - [2025-07-19T14:02:54.708+0000] {dag.py:3036} INFO - Sync 1 DAGs
[2025-07-19T14:02:54.726+0000] {logging_mixin.py:188} INFO - [2025-07-19T14:02:54.725+0000] {dag.py:3823} INFO - Setting next_dagrun for check_sklearn_version to None, run_after=None
[2025-07-19T14:02:54.754+0000] {processor.py:183} INFO - Processing /opt/airflow/dags/check_version.py took 0.109 seconds
[2025-07-19T14:03:25.399+0000] {processor.py:161} INFO - Started process (PID=5842) to work on /opt/airflow/dags/check_version.py
[2025-07-19T14:03:25.400+0000] {processor.py:830} INFO - Processing file /opt/airflow/dags/check_version.py for tasks to queue
[2025-07-19T14:03:25.401+0000] {logging_mixin.py:188} INFO - [2025-07-19T14:03:25.401+0000] {dagbag.py:538} INFO - Filling up the DagBag from /opt/airflow/dags/check_version.py
[2025-07-19T14:03:25.412+0000] {processor.py:840} INFO - DAG(s) 'check_sklearn_version' retrieved from /opt/airflow/dags/check_version.py
[2025-07-19T14:03:25.444+0000] {logging_mixin.py:188} INFO - [2025-07-19T14:03:25.444+0000] {dag.py:3036} INFO - Sync 1 DAGs
[2025-07-19T14:03:25.466+0000] {logging_mixin.py:188} INFO - [2025-07-19T14:03:25.466+0000] {dag.py:3823} INFO - Setting next_dagrun for check_sklearn_version to None, run_after=None
[2025-07-19T14:03:25.499+0000] {processor.py:183} INFO - Processing /opt/airflow/dags/check_version.py took 0.103 seconds
[2025-07-19T14:03:56.099+0000] {processor.py:161} INFO - Started process (PID=5912) to work on /opt/airflow/dags/check_version.py
[2025-07-19T14:03:56.102+0000] {processor.py:830} INFO - Processing file /opt/airflow/dags/check_version.py for tasks to queue
[2025-07-19T14:03:56.104+0000] {logging_mixin.py:188} INFO - [2025-07-19T14:03:56.103+0000] {dagbag.py:538} INFO - Filling up the DagBag from /opt/airflow/dags/check_version.py
[2025-07-19T14:03:56.120+0000] {processor.py:840} INFO - DAG(s) 'check_sklearn_version' retrieved from /opt/airflow/dags/check_version.py
[2025-07-19T14:03:56.154+0000] {logging_mixin.py:188} INFO - [2025-07-19T14:03:56.153+0000] {dag.py:3036} INFO - Sync 1 DAGs
[2025-07-19T14:03:56.170+0000] {logging_mixin.py:188} INFO - [2025-07-19T14:03:56.170+0000] {dag.py:3823} INFO - Setting next_dagrun for check_sklearn_version to None, run_after=None
[2025-07-19T14:03:56.194+0000] {processor.py:183} INFO - Processing /opt/airflow/dags/check_version.py took 0.100 seconds
[2025-07-19T14:04:26.678+0000] {processor.py:161} INFO - Started process (PID=5942) to work on /opt/airflow/dags/check_version.py
[2025-07-19T14:04:26.679+0000] {processor.py:830} INFO - Processing file /opt/airflow/dags/check_version.py for tasks to queue
[2025-07-19T14:04:26.680+0000] {logging_mixin.py:188} INFO - [2025-07-19T14:04:26.680+0000] {dagbag.py:538} INFO - Filling up the DagBag from /opt/airflow/dags/check_version.py
[2025-07-19T14:04:26.692+0000] {processor.py:840} INFO - DAG(s) 'check_sklearn_version' retrieved from /opt/airflow/dags/check_version.py
[2025-07-19T14:04:26.718+0000] {logging_mixin.py:188} INFO - [2025-07-19T14:04:26.717+0000] {dag.py:3036} INFO - Sync 1 DAGs
[2025-07-19T14:04:26.730+0000] {logging_mixin.py:188} INFO - [2025-07-19T14:04:26.730+0000] {dag.py:3823} INFO - Setting next_dagrun for check_sklearn_version to None, run_after=None
[2025-07-19T14:04:26.750+0000] {processor.py:183} INFO - Processing /opt/airflow/dags/check_version.py took 0.077 seconds
[2025-07-19T14:04:57.273+0000] {processor.py:161} INFO - Started process (PID=5972) to work on /opt/airflow/dags/check_version.py
[2025-07-19T14:04:57.274+0000] {processor.py:830} INFO - Processing file /opt/airflow/dags/check_version.py for tasks to queue
[2025-07-19T14:04:57.275+0000] {logging_mixin.py:188} INFO - [2025-07-19T14:04:57.274+0000] {dagbag.py:538} INFO - Filling up the DagBag from /opt/airflow/dags/check_version.py
[2025-07-19T14:04:57.286+0000] {processor.py:840} INFO - DAG(s) 'check_sklearn_version' retrieved from /opt/airflow/dags/check_version.py
[2025-07-19T14:04:57.311+0000] {logging_mixin.py:188} INFO - [2025-07-19T14:04:57.310+0000] {dag.py:3036} INFO - Sync 1 DAGs
[2025-07-19T14:04:57.323+0000] {logging_mixin.py:188} INFO - [2025-07-19T14:04:57.323+0000] {dag.py:3823} INFO - Setting next_dagrun for check_sklearn_version to None, run_after=None
[2025-07-19T14:04:57.342+0000] {processor.py:183} INFO - Processing /opt/airflow/dags/check_version.py took 0.073 seconds
[2025-07-19T14:05:27.849+0000] {processor.py:161} INFO - Started process (PID=6002) to work on /opt/airflow/dags/check_version.py
[2025-07-19T14:05:27.850+0000] {processor.py:830} INFO - Processing file /opt/airflow/dags/check_version.py for tasks to queue
[2025-07-19T14:05:27.852+0000] {logging_mixin.py:188} INFO - [2025-07-19T14:05:27.852+0000] {dagbag.py:538} INFO - Filling up the DagBag from /opt/airflow/dags/check_version.py
[2025-07-19T14:05:27.865+0000] {processor.py:840} INFO - DAG(s) 'check_sklearn_version' retrieved from /opt/airflow/dags/check_version.py
[2025-07-19T14:05:27.894+0000] {logging_mixin.py:188} INFO - [2025-07-19T14:05:27.894+0000] {dag.py:3036} INFO - Sync 1 DAGs
[2025-07-19T14:05:27.906+0000] {logging_mixin.py:188} INFO - [2025-07-19T14:05:27.906+0000] {dag.py:3823} INFO - Setting next_dagrun for check_sklearn_version to None, run_after=None
[2025-07-19T14:05:27.928+0000] {processor.py:183} INFO - Processing /opt/airflow/dags/check_version.py took 0.082 seconds
[2025-07-19T14:05:58.441+0000] {processor.py:161} INFO - Started process (PID=6032) to work on /opt/airflow/dags/check_version.py
[2025-07-19T14:05:58.443+0000] {processor.py:830} INFO - Processing file /opt/airflow/dags/check_version.py for tasks to queue
[2025-07-19T14:05:58.444+0000] {logging_mixin.py:188} INFO - [2025-07-19T14:05:58.444+0000] {dagbag.py:538} INFO - Filling up the DagBag from /opt/airflow/dags/check_version.py
[2025-07-19T14:05:58.458+0000] {processor.py:840} INFO - DAG(s) 'check_sklearn_version' retrieved from /opt/airflow/dags/check_version.py
[2025-07-19T14:05:58.486+0000] {logging_mixin.py:188} INFO - [2025-07-19T14:05:58.486+0000] {dag.py:3036} INFO - Sync 1 DAGs
[2025-07-19T14:05:58.500+0000] {logging_mixin.py:188} INFO - [2025-07-19T14:05:58.500+0000] {dag.py:3823} INFO - Setting next_dagrun for check_sklearn_version to None, run_after=None
[2025-07-19T14:05:58.523+0000] {processor.py:183} INFO - Processing /opt/airflow/dags/check_version.py took 0.085 seconds
[2025-07-19T14:06:29.066+0000] {processor.py:161} INFO - Started process (PID=6062) to work on /opt/airflow/dags/check_version.py
[2025-07-19T14:06:29.067+0000] {processor.py:830} INFO - Processing file /opt/airflow/dags/check_version.py for tasks to queue
[2025-07-19T14:06:29.068+0000] {logging_mixin.py:188} INFO - [2025-07-19T14:06:29.068+0000] {dagbag.py:538} INFO - Filling up the DagBag from /opt/airflow/dags/check_version.py
[2025-07-19T14:06:29.079+0000] {processor.py:840} INFO - DAG(s) 'check_sklearn_version' retrieved from /opt/airflow/dags/check_version.py
[2025-07-19T14:06:29.106+0000] {logging_mixin.py:188} INFO - [2025-07-19T14:06:29.106+0000] {dag.py:3036} INFO - Sync 1 DAGs
[2025-07-19T14:06:29.119+0000] {logging_mixin.py:188} INFO - [2025-07-19T14:06:29.119+0000] {dag.py:3823} INFO - Setting next_dagrun for check_sklearn_version to None, run_after=None
[2025-07-19T14:06:29.140+0000] {processor.py:183} INFO - Processing /opt/airflow/dags/check_version.py took 0.076 seconds
[2025-07-19T14:06:59.636+0000] {processor.py:161} INFO - Started process (PID=6092) to work on /opt/airflow/dags/check_version.py
[2025-07-19T14:06:59.637+0000] {processor.py:830} INFO - Processing file /opt/airflow/dags/check_version.py for tasks to queue
[2025-07-19T14:06:59.638+0000] {logging_mixin.py:188} INFO - [2025-07-19T14:06:59.638+0000] {dagbag.py:538} INFO - Filling up the DagBag from /opt/airflow/dags/check_version.py
[2025-07-19T14:06:59.651+0000] {processor.py:840} INFO - DAG(s) 'check_sklearn_version' retrieved from /opt/airflow/dags/check_version.py
[2025-07-19T14:06:59.678+0000] {logging_mixin.py:188} INFO - [2025-07-19T14:06:59.677+0000] {dag.py:3036} INFO - Sync 1 DAGs
[2025-07-19T14:06:59.691+0000] {logging_mixin.py:188} INFO - [2025-07-19T14:06:59.690+0000] {dag.py:3823} INFO - Setting next_dagrun for check_sklearn_version to None, run_after=None
[2025-07-19T14:06:59.711+0000] {processor.py:183} INFO - Processing /opt/airflow/dags/check_version.py took 0.078 seconds
[2025-07-19T14:07:30.074+0000] {processor.py:161} INFO - Started process (PID=6127) to work on /opt/airflow/dags/check_version.py
[2025-07-19T14:07:30.076+0000] {processor.py:830} INFO - Processing file /opt/airflow/dags/check_version.py for tasks to queue
[2025-07-19T14:07:30.077+0000] {logging_mixin.py:188} INFO - [2025-07-19T14:07:30.077+0000] {dagbag.py:538} INFO - Filling up the DagBag from /opt/airflow/dags/check_version.py
[2025-07-19T14:07:30.089+0000] {processor.py:840} INFO - DAG(s) 'check_sklearn_version' retrieved from /opt/airflow/dags/check_version.py
[2025-07-19T14:07:30.114+0000] {logging_mixin.py:188} INFO - [2025-07-19T14:07:30.114+0000] {dag.py:3036} INFO - Sync 1 DAGs
[2025-07-19T14:07:30.156+0000] {logging_mixin.py:188} INFO - [2025-07-19T14:07:30.156+0000] {dag.py:3823} INFO - Setting next_dagrun for check_sklearn_version to None, run_after=None
[2025-07-19T14:07:30.179+0000] {processor.py:183} INFO - Processing /opt/airflow/dags/check_version.py took 0.110 seconds
[2025-07-19T14:08:01.273+0000] {processor.py:161} INFO - Started process (PID=6162) to work on /opt/airflow/dags/check_version.py
[2025-07-19T14:08:01.275+0000] {processor.py:830} INFO - Processing file /opt/airflow/dags/check_version.py for tasks to queue
[2025-07-19T14:08:01.277+0000] {logging_mixin.py:188} INFO - [2025-07-19T14:08:01.276+0000] {dagbag.py:538} INFO - Filling up the DagBag from /opt/airflow/dags/check_version.py
[2025-07-19T14:08:01.399+0000] {processor.py:840} INFO - DAG(s) 'check_sklearn_version' retrieved from /opt/airflow/dags/check_version.py
[2025-07-19T14:08:01.425+0000] {logging_mixin.py:188} INFO - [2025-07-19T14:08:01.425+0000] {dag.py:3036} INFO - Sync 1 DAGs
[2025-07-19T14:08:01.436+0000] {logging_mixin.py:188} INFO - [2025-07-19T14:08:01.436+0000] {dag.py:3823} INFO - Setting next_dagrun for check_sklearn_version to None, run_after=None
[2025-07-19T14:08:01.459+0000] {processor.py:183} INFO - Processing /opt/airflow/dags/check_version.py took 0.189 seconds
[2025-07-19T14:08:31.684+0000] {processor.py:161} INFO - Started process (PID=6197) to work on /opt/airflow/dags/check_version.py
[2025-07-19T14:08:31.685+0000] {processor.py:830} INFO - Processing file /opt/airflow/dags/check_version.py for tasks to queue
[2025-07-19T14:08:31.686+0000] {logging_mixin.py:188} INFO - [2025-07-19T14:08:31.685+0000] {dagbag.py:538} INFO - Filling up the DagBag from /opt/airflow/dags/check_version.py
[2025-07-19T14:08:31.710+0000] {processor.py:840} INFO - DAG(s) 'check_sklearn_version' retrieved from /opt/airflow/dags/check_version.py
[2025-07-19T14:08:31.812+0000] {logging_mixin.py:188} INFO - [2025-07-19T14:08:31.812+0000] {dag.py:3036} INFO - Sync 1 DAGs
[2025-07-19T14:08:31.865+0000] {logging_mixin.py:188} INFO - [2025-07-19T14:08:31.864+0000] {dag.py:3823} INFO - Setting next_dagrun for check_sklearn_version to None, run_after=None
[2025-07-19T14:08:31.887+0000] {processor.py:183} INFO - Processing /opt/airflow/dags/check_version.py took 0.206 seconds
[2025-07-19T14:09:02.811+0000] {processor.py:161} INFO - Started process (PID=6232) to work on /opt/airflow/dags/check_version.py
[2025-07-19T14:09:02.812+0000] {processor.py:830} INFO - Processing file /opt/airflow/dags/check_version.py for tasks to queue
[2025-07-19T14:09:02.813+0000] {logging_mixin.py:188} INFO - [2025-07-19T14:09:02.813+0000] {dagbag.py:538} INFO - Filling up the DagBag from /opt/airflow/dags/check_version.py
[2025-07-19T14:09:02.825+0000] {processor.py:840} INFO - DAG(s) 'check_sklearn_version' retrieved from /opt/airflow/dags/check_version.py
[2025-07-19T14:09:02.854+0000] {logging_mixin.py:188} INFO - [2025-07-19T14:09:02.854+0000] {dag.py:3036} INFO - Sync 1 DAGs
[2025-07-19T14:09:02.873+0000] {logging_mixin.py:188} INFO - [2025-07-19T14:09:02.873+0000] {dag.py:3823} INFO - Setting next_dagrun for check_sklearn_version to None, run_after=None
[2025-07-19T14:09:03.052+0000] {processor.py:183} INFO - Processing /opt/airflow/dags/check_version.py took 0.246 seconds
[2025-07-19T14:09:33.239+0000] {processor.py:161} INFO - Started process (PID=6264) to work on /opt/airflow/dags/check_version.py
[2025-07-19T14:09:33.240+0000] {processor.py:830} INFO - Processing file /opt/airflow/dags/check_version.py for tasks to queue
[2025-07-19T14:09:33.241+0000] {logging_mixin.py:188} INFO - [2025-07-19T14:09:33.241+0000] {dagbag.py:538} INFO - Filling up the DagBag from /opt/airflow/dags/check_version.py
[2025-07-19T14:09:33.262+0000] {processor.py:840} INFO - DAG(s) 'check_sklearn_version' retrieved from /opt/airflow/dags/check_version.py
[2025-07-19T14:09:33.289+0000] {logging_mixin.py:188} INFO - [2025-07-19T14:09:33.289+0000] {dag.py:3036} INFO - Sync 1 DAGs
[2025-07-19T14:09:33.304+0000] {logging_mixin.py:188} INFO - [2025-07-19T14:09:33.304+0000] {dag.py:3823} INFO - Setting next_dagrun for check_sklearn_version to None, run_after=None
[2025-07-19T14:09:33.348+0000] {processor.py:183} INFO - Processing /opt/airflow/dags/check_version.py took 0.112 seconds
[2025-07-19T14:10:03.759+0000] {processor.py:161} INFO - Started process (PID=6299) to work on /opt/airflow/dags/check_version.py
[2025-07-19T14:10:03.760+0000] {processor.py:830} INFO - Processing file /opt/airflow/dags/check_version.py for tasks to queue
[2025-07-19T14:10:03.761+0000] {logging_mixin.py:188} INFO - [2025-07-19T14:10:03.761+0000] {dagbag.py:538} INFO - Filling up the DagBag from /opt/airflow/dags/check_version.py
[2025-07-19T14:10:03.771+0000] {processor.py:840} INFO - DAG(s) 'check_sklearn_version' retrieved from /opt/airflow/dags/check_version.py
[2025-07-19T14:10:03.797+0000] {logging_mixin.py:188} INFO - [2025-07-19T14:10:03.796+0000] {dag.py:3036} INFO - Sync 1 DAGs
[2025-07-19T14:10:03.811+0000] {logging_mixin.py:188} INFO - [2025-07-19T14:10:03.811+0000] {dag.py:3823} INFO - Setting next_dagrun for check_sklearn_version to None, run_after=None
[2025-07-19T14:10:03.837+0000] {processor.py:183} INFO - Processing /opt/airflow/dags/check_version.py took 0.083 seconds
[2025-07-19T14:10:34.517+0000] {processor.py:161} INFO - Started process (PID=6337) to work on /opt/airflow/dags/check_version.py
[2025-07-19T14:10:34.522+0000] {processor.py:830} INFO - Processing file /opt/airflow/dags/check_version.py for tasks to queue
[2025-07-19T14:10:34.523+0000] {logging_mixin.py:188} INFO - [2025-07-19T14:10:34.523+0000] {dagbag.py:538} INFO - Filling up the DagBag from /opt/airflow/dags/check_version.py
[2025-07-19T14:10:34.699+0000] {processor.py:840} INFO - DAG(s) 'check_sklearn_version' retrieved from /opt/airflow/dags/check_version.py
[2025-07-19T14:10:34.793+0000] {logging_mixin.py:188} INFO - [2025-07-19T14:10:34.793+0000] {dag.py:3036} INFO - Sync 1 DAGs
[2025-07-19T14:10:34.806+0000] {logging_mixin.py:188} INFO - [2025-07-19T14:10:34.806+0000] {dag.py:3823} INFO - Setting next_dagrun for check_sklearn_version to None, run_after=None
[2025-07-19T14:10:34.828+0000] {processor.py:183} INFO - Processing /opt/airflow/dags/check_version.py took 0.316 seconds
[2025-07-19T14:11:05.265+0000] {processor.py:161} INFO - Started process (PID=6374) to work on /opt/airflow/dags/check_version.py
[2025-07-19T14:11:05.266+0000] {processor.py:830} INFO - Processing file /opt/airflow/dags/check_version.py for tasks to queue
[2025-07-19T14:11:05.267+0000] {logging_mixin.py:188} INFO - [2025-07-19T14:11:05.267+0000] {dagbag.py:538} INFO - Filling up the DagBag from /opt/airflow/dags/check_version.py
[2025-07-19T14:11:05.296+0000] {processor.py:840} INFO - DAG(s) 'check_sklearn_version' retrieved from /opt/airflow/dags/check_version.py
[2025-07-19T14:11:05.430+0000] {logging_mixin.py:188} INFO - [2025-07-19T14:11:05.430+0000] {dag.py:3036} INFO - Sync 1 DAGs
[2025-07-19T14:11:05.445+0000] {logging_mixin.py:188} INFO - [2025-07-19T14:11:05.445+0000] {dag.py:3823} INFO - Setting next_dagrun for check_sklearn_version to None, run_after=None
[2025-07-19T14:11:05.466+0000] {processor.py:183} INFO - Processing /opt/airflow/dags/check_version.py took 0.204 seconds
[2025-07-19T14:11:35.955+0000] {processor.py:161} INFO - Started process (PID=6407) to work on /opt/airflow/dags/check_version.py
[2025-07-19T14:11:35.956+0000] {processor.py:830} INFO - Processing file /opt/airflow/dags/check_version.py for tasks to queue
[2025-07-19T14:11:35.958+0000] {logging_mixin.py:188} INFO - [2025-07-19T14:11:35.957+0000] {dagbag.py:538} INFO - Filling up the DagBag from /opt/airflow/dags/check_version.py
[2025-07-19T14:11:35.972+0000] {processor.py:840} INFO - DAG(s) 'check_sklearn_version' retrieved from /opt/airflow/dags/check_version.py
[2025-07-19T14:11:35.998+0000] {logging_mixin.py:188} INFO - [2025-07-19T14:11:35.998+0000] {dag.py:3036} INFO - Sync 1 DAGs
[2025-07-19T14:11:36.012+0000] {logging_mixin.py:188} INFO - [2025-07-19T14:11:36.012+0000] {dag.py:3823} INFO - Setting next_dagrun for check_sklearn_version to None, run_after=None
[2025-07-19T14:11:36.032+0000] {processor.py:183} INFO - Processing /opt/airflow/dags/check_version.py took 0.084 seconds
[2025-07-19T14:12:06.394+0000] {processor.py:161} INFO - Started process (PID=6447) to work on /opt/airflow/dags/check_version.py
[2025-07-19T14:12:06.395+0000] {processor.py:830} INFO - Processing file /opt/airflow/dags/check_version.py for tasks to queue
[2025-07-19T14:12:06.396+0000] {logging_mixin.py:188} INFO - [2025-07-19T14:12:06.396+0000] {dagbag.py:538} INFO - Filling up the DagBag from /opt/airflow/dags/check_version.py
[2025-07-19T14:12:06.435+0000] {processor.py:840} INFO - DAG(s) 'check_sklearn_version' retrieved from /opt/airflow/dags/check_version.py
[2025-07-19T14:12:06.498+0000] {logging_mixin.py:188} INFO - [2025-07-19T14:12:06.498+0000] {dag.py:3036} INFO - Sync 1 DAGs
[2025-07-19T14:12:06.518+0000] {logging_mixin.py:188} INFO - [2025-07-19T14:12:06.517+0000] {dag.py:3823} INFO - Setting next_dagrun for check_sklearn_version to None, run_after=None
[2025-07-19T14:12:06.548+0000] {processor.py:183} INFO - Processing /opt/airflow/dags/check_version.py took 0.160 seconds
[2025-07-19T14:12:36.938+0000] {processor.py:161} INFO - Started process (PID=6483) to work on /opt/airflow/dags/check_version.py
[2025-07-19T14:12:36.939+0000] {processor.py:830} INFO - Processing file /opt/airflow/dags/check_version.py for tasks to queue
[2025-07-19T14:12:36.940+0000] {logging_mixin.py:188} INFO - [2025-07-19T14:12:36.940+0000] {dagbag.py:538} INFO - Filling up the DagBag from /opt/airflow/dags/check_version.py
[2025-07-19T14:12:36.950+0000] {processor.py:840} INFO - DAG(s) 'check_sklearn_version' retrieved from /opt/airflow/dags/check_version.py
[2025-07-19T14:12:36.974+0000] {logging_mixin.py:188} INFO - [2025-07-19T14:12:36.974+0000] {dag.py:3036} INFO - Sync 1 DAGs
[2025-07-19T14:12:36.988+0000] {logging_mixin.py:188} INFO - [2025-07-19T14:12:36.987+0000] {dag.py:3823} INFO - Setting next_dagrun for check_sklearn_version to None, run_after=None
[2025-07-19T14:12:37.007+0000] {processor.py:183} INFO - Processing /opt/airflow/dags/check_version.py took 0.072 seconds
[2025-07-19T14:13:07.801+0000] {processor.py:161} INFO - Started process (PID=6517) to work on /opt/airflow/dags/check_version.py
[2025-07-19T14:13:07.802+0000] {processor.py:830} INFO - Processing file /opt/airflow/dags/check_version.py for tasks to queue
[2025-07-19T14:13:07.803+0000] {logging_mixin.py:188} INFO - [2025-07-19T14:13:07.803+0000] {dagbag.py:538} INFO - Filling up the DagBag from /opt/airflow/dags/check_version.py
[2025-07-19T14:13:07.850+0000] {processor.py:840} INFO - DAG(s) 'check_sklearn_version' retrieved from /opt/airflow/dags/check_version.py
[2025-07-19T14:13:07.874+0000] {logging_mixin.py:188} INFO - [2025-07-19T14:13:07.873+0000] {dag.py:3036} INFO - Sync 1 DAGs
[2025-07-19T14:13:07.885+0000] {logging_mixin.py:188} INFO - [2025-07-19T14:13:07.885+0000] {dag.py:3823} INFO - Setting next_dagrun for check_sklearn_version to None, run_after=None
[2025-07-19T14:13:07.905+0000] {processor.py:183} INFO - Processing /opt/airflow/dags/check_version.py took 0.107 seconds
[2025-07-19T14:13:38.027+0000] {processor.py:161} INFO - Started process (PID=6552) to work on /opt/airflow/dags/check_version.py
[2025-07-19T14:13:38.028+0000] {processor.py:830} INFO - Processing file /opt/airflow/dags/check_version.py for tasks to queue
[2025-07-19T14:13:38.029+0000] {logging_mixin.py:188} INFO - [2025-07-19T14:13:38.029+0000] {dagbag.py:538} INFO - Filling up the DagBag from /opt/airflow/dags/check_version.py
[2025-07-19T14:13:38.068+0000] {processor.py:840} INFO - DAG(s) 'check_sklearn_version' retrieved from /opt/airflow/dags/check_version.py
[2025-07-19T14:13:38.098+0000] {logging_mixin.py:188} INFO - [2025-07-19T14:13:38.098+0000] {dag.py:3036} INFO - Sync 1 DAGs
[2025-07-19T14:13:38.111+0000] {logging_mixin.py:188} INFO - [2025-07-19T14:13:38.111+0000] {dag.py:3823} INFO - Setting next_dagrun for check_sklearn_version to None, run_after=None
[2025-07-19T14:13:38.131+0000] {processor.py:183} INFO - Processing /opt/airflow/dags/check_version.py took 0.107 seconds
[2025-07-19T14:14:08.437+0000] {processor.py:161} INFO - Started process (PID=6587) to work on /opt/airflow/dags/check_version.py
[2025-07-19T14:14:08.438+0000] {processor.py:830} INFO - Processing file /opt/airflow/dags/check_version.py for tasks to queue
[2025-07-19T14:14:08.440+0000] {logging_mixin.py:188} INFO - [2025-07-19T14:14:08.440+0000] {dagbag.py:538} INFO - Filling up the DagBag from /opt/airflow/dags/check_version.py
[2025-07-19T14:14:08.477+0000] {processor.py:840} INFO - DAG(s) 'check_sklearn_version' retrieved from /opt/airflow/dags/check_version.py
[2025-07-19T14:14:08.504+0000] {logging_mixin.py:188} INFO - [2025-07-19T14:14:08.504+0000] {dag.py:3036} INFO - Sync 1 DAGs
[2025-07-19T14:14:08.518+0000] {logging_mixin.py:188} INFO - [2025-07-19T14:14:08.518+0000] {dag.py:3823} INFO - Setting next_dagrun for check_sklearn_version to None, run_after=None
[2025-07-19T14:14:08.538+0000] {processor.py:183} INFO - Processing /opt/airflow/dags/check_version.py took 0.105 seconds
[2025-07-19T14:14:39.323+0000] {processor.py:161} INFO - Started process (PID=6622) to work on /opt/airflow/dags/check_version.py
[2025-07-19T14:14:39.334+0000] {processor.py:830} INFO - Processing file /opt/airflow/dags/check_version.py for tasks to queue
[2025-07-19T14:14:39.336+0000] {logging_mixin.py:188} INFO - [2025-07-19T14:14:39.335+0000] {dagbag.py:538} INFO - Filling up the DagBag from /opt/airflow/dags/check_version.py
[2025-07-19T14:14:39.350+0000] {processor.py:840} INFO - DAG(s) 'check_sklearn_version' retrieved from /opt/airflow/dags/check_version.py
[2025-07-19T14:14:39.391+0000] {logging_mixin.py:188} INFO - [2025-07-19T14:14:39.391+0000] {dag.py:3036} INFO - Sync 1 DAGs
[2025-07-19T14:14:39.406+0000] {logging_mixin.py:188} INFO - [2025-07-19T14:14:39.406+0000] {dag.py:3823} INFO - Setting next_dagrun for check_sklearn_version to None, run_after=None
[2025-07-19T14:14:39.434+0000] {processor.py:183} INFO - Processing /opt/airflow/dags/check_version.py took 0.115 seconds
[2025-07-19T14:15:10.069+0000] {processor.py:161} INFO - Started process (PID=6657) to work on /opt/airflow/dags/check_version.py
[2025-07-19T14:15:10.070+0000] {processor.py:830} INFO - Processing file /opt/airflow/dags/check_version.py for tasks to queue
[2025-07-19T14:15:10.071+0000] {logging_mixin.py:188} INFO - [2025-07-19T14:15:10.071+0000] {dagbag.py:538} INFO - Filling up the DagBag from /opt/airflow/dags/check_version.py
[2025-07-19T14:15:10.083+0000] {processor.py:840} INFO - DAG(s) 'check_sklearn_version' retrieved from /opt/airflow/dags/check_version.py
[2025-07-19T14:15:10.121+0000] {logging_mixin.py:188} INFO - [2025-07-19T14:15:10.120+0000] {dag.py:3036} INFO - Sync 1 DAGs
[2025-07-19T14:15:10.137+0000] {logging_mixin.py:188} INFO - [2025-07-19T14:15:10.136+0000] {dag.py:3823} INFO - Setting next_dagrun for check_sklearn_version to None, run_after=None
[2025-07-19T14:15:10.165+0000] {processor.py:183} INFO - Processing /opt/airflow/dags/check_version.py took 0.100 seconds
[2025-07-19T14:15:40.799+0000] {processor.py:161} INFO - Started process (PID=6692) to work on /opt/airflow/dags/check_version.py
[2025-07-19T14:15:40.800+0000] {processor.py:830} INFO - Processing file /opt/airflow/dags/check_version.py for tasks to queue
[2025-07-19T14:15:40.802+0000] {logging_mixin.py:188} INFO - [2025-07-19T14:15:40.801+0000] {dagbag.py:538} INFO - Filling up the DagBag from /opt/airflow/dags/check_version.py
[2025-07-19T14:15:40.816+0000] {processor.py:840} INFO - DAG(s) 'check_sklearn_version' retrieved from /opt/airflow/dags/check_version.py
[2025-07-19T14:15:40.844+0000] {logging_mixin.py:188} INFO - [2025-07-19T14:15:40.843+0000] {dag.py:3036} INFO - Sync 1 DAGs
[2025-07-19T14:15:40.858+0000] {logging_mixin.py:188} INFO - [2025-07-19T14:15:40.857+0000] {dag.py:3823} INFO - Setting next_dagrun for check_sklearn_version to None, run_after=None
[2025-07-19T14:15:40.881+0000] {processor.py:183} INFO - Processing /opt/airflow/dags/check_version.py took 0.086 seconds
[2025-07-19T14:16:11.580+0000] {processor.py:161} INFO - Started process (PID=6727) to work on /opt/airflow/dags/check_version.py
[2025-07-19T14:16:11.581+0000] {processor.py:830} INFO - Processing file /opt/airflow/dags/check_version.py for tasks to queue
[2025-07-19T14:16:11.582+0000] {logging_mixin.py:188} INFO - [2025-07-19T14:16:11.582+0000] {dagbag.py:538} INFO - Filling up the DagBag from /opt/airflow/dags/check_version.py
[2025-07-19T14:16:11.594+0000] {processor.py:840} INFO - DAG(s) 'check_sklearn_version' retrieved from /opt/airflow/dags/check_version.py
[2025-07-19T14:16:11.628+0000] {logging_mixin.py:188} INFO - [2025-07-19T14:16:11.627+0000] {dag.py:3036} INFO - Sync 1 DAGs
[2025-07-19T14:16:11.643+0000] {logging_mixin.py:188} INFO - [2025-07-19T14:16:11.642+0000] {dag.py:3823} INFO - Setting next_dagrun for check_sklearn_version to None, run_after=None
[2025-07-19T14:16:11.666+0000] {processor.py:183} INFO - Processing /opt/airflow/dags/check_version.py took 0.090 seconds
[2025-07-19T14:16:42.370+0000] {processor.py:161} INFO - Started process (PID=6762) to work on /opt/airflow/dags/check_version.py
[2025-07-19T14:16:42.371+0000] {processor.py:830} INFO - Processing file /opt/airflow/dags/check_version.py for tasks to queue
[2025-07-19T14:16:42.373+0000] {logging_mixin.py:188} INFO - [2025-07-19T14:16:42.372+0000] {dagbag.py:538} INFO - Filling up the DagBag from /opt/airflow/dags/check_version.py
[2025-07-19T14:16:42.384+0000] {processor.py:840} INFO - DAG(s) 'check_sklearn_version' retrieved from /opt/airflow/dags/check_version.py
[2025-07-19T14:16:42.408+0000] {logging_mixin.py:188} INFO - [2025-07-19T14:16:42.408+0000] {dag.py:3036} INFO - Sync 1 DAGs
[2025-07-19T14:16:42.420+0000] {logging_mixin.py:188} INFO - [2025-07-19T14:16:42.420+0000] {dag.py:3823} INFO - Setting next_dagrun for check_sklearn_version to None, run_after=None
[2025-07-19T14:16:42.439+0000] {processor.py:183} INFO - Processing /opt/airflow/dags/check_version.py took 0.072 seconds
[2025-07-19T14:17:12.953+0000] {processor.py:161} INFO - Started process (PID=6797) to work on /opt/airflow/dags/check_version.py
[2025-07-19T14:17:12.954+0000] {processor.py:830} INFO - Processing file /opt/airflow/dags/check_version.py for tasks to queue
[2025-07-19T14:17:12.955+0000] {logging_mixin.py:188} INFO - [2025-07-19T14:17:12.955+0000] {dagbag.py:538} INFO - Filling up the DagBag from /opt/airflow/dags/check_version.py
[2025-07-19T14:17:12.965+0000] {processor.py:840} INFO - DAG(s) 'check_sklearn_version' retrieved from /opt/airflow/dags/check_version.py
[2025-07-19T14:17:12.989+0000] {logging_mixin.py:188} INFO - [2025-07-19T14:17:12.989+0000] {dag.py:3036} INFO - Sync 1 DAGs
[2025-07-19T14:17:13.004+0000] {logging_mixin.py:188} INFO - [2025-07-19T14:17:13.004+0000] {dag.py:3823} INFO - Setting next_dagrun for check_sklearn_version to None, run_after=None
[2025-07-19T14:17:13.022+0000] {processor.py:183} INFO - Processing /opt/airflow/dags/check_version.py took 0.072 seconds
[2025-07-19T14:17:43.502+0000] {processor.py:161} INFO - Started process (PID=6832) to work on /opt/airflow/dags/check_version.py
[2025-07-19T14:17:43.503+0000] {processor.py:830} INFO - Processing file /opt/airflow/dags/check_version.py for tasks to queue
[2025-07-19T14:17:43.505+0000] {logging_mixin.py:188} INFO - [2025-07-19T14:17:43.504+0000] {dagbag.py:538} INFO - Filling up the DagBag from /opt/airflow/dags/check_version.py
[2025-07-19T14:17:43.545+0000] {processor.py:840} INFO - DAG(s) 'check_sklearn_version' retrieved from /opt/airflow/dags/check_version.py
[2025-07-19T14:17:43.641+0000] {logging_mixin.py:188} INFO - [2025-07-19T14:17:43.641+0000] {dag.py:3036} INFO - Sync 1 DAGs
[2025-07-19T14:17:43.655+0000] {logging_mixin.py:188} INFO - [2025-07-19T14:17:43.655+0000] {dag.py:3823} INFO - Setting next_dagrun for check_sklearn_version to None, run_after=None
[2025-07-19T14:17:43.677+0000] {processor.py:183} INFO - Processing /opt/airflow/dags/check_version.py took 0.178 seconds
[2025-07-19T14:18:14.007+0000] {processor.py:161} INFO - Started process (PID=6867) to work on /opt/airflow/dags/check_version.py
[2025-07-19T14:18:14.008+0000] {processor.py:830} INFO - Processing file /opt/airflow/dags/check_version.py for tasks to queue
[2025-07-19T14:18:14.009+0000] {logging_mixin.py:188} INFO - [2025-07-19T14:18:14.009+0000] {dagbag.py:538} INFO - Filling up the DagBag from /opt/airflow/dags/check_version.py
[2025-07-19T14:18:14.034+0000] {processor.py:840} INFO - DAG(s) 'check_sklearn_version' retrieved from /opt/airflow/dags/check_version.py
[2025-07-19T14:18:14.062+0000] {logging_mixin.py:188} INFO - [2025-07-19T14:18:14.062+0000] {dag.py:3036} INFO - Sync 1 DAGs
[2025-07-19T14:18:14.076+0000] {logging_mixin.py:188} INFO - [2025-07-19T14:18:14.076+0000] {dag.py:3823} INFO - Setting next_dagrun for check_sklearn_version to None, run_after=None
[2025-07-19T14:18:14.106+0000] {processor.py:183} INFO - Processing /opt/airflow/dags/check_version.py took 0.103 seconds
[2025-07-19T14:18:44.732+0000] {processor.py:161} INFO - Started process (PID=6902) to work on /opt/airflow/dags/check_version.py
[2025-07-19T14:18:44.734+0000] {processor.py:830} INFO - Processing file /opt/airflow/dags/check_version.py for tasks to queue
[2025-07-19T14:18:44.735+0000] {logging_mixin.py:188} INFO - [2025-07-19T14:18:44.735+0000] {dagbag.py:538} INFO - Filling up the DagBag from /opt/airflow/dags/check_version.py
[2025-07-19T14:18:44.751+0000] {processor.py:840} INFO - DAG(s) 'check_sklearn_version' retrieved from /opt/airflow/dags/check_version.py
[2025-07-19T14:18:44.794+0000] {logging_mixin.py:188} INFO - [2025-07-19T14:18:44.793+0000] {dag.py:3036} INFO - Sync 1 DAGs
[2025-07-19T14:18:44.811+0000] {logging_mixin.py:188} INFO - [2025-07-19T14:18:44.810+0000] {dag.py:3823} INFO - Setting next_dagrun for check_sklearn_version to None, run_after=None
[2025-07-19T14:18:44.831+0000] {processor.py:183} INFO - Processing /opt/airflow/dags/check_version.py took 0.110 seconds
[2025-07-19T14:19:15.863+0000] {processor.py:161} INFO - Started process (PID=6937) to work on /opt/airflow/dags/check_version.py
[2025-07-19T14:19:15.864+0000] {processor.py:830} INFO - Processing file /opt/airflow/dags/check_version.py for tasks to queue
[2025-07-19T14:19:15.865+0000] {logging_mixin.py:188} INFO - [2025-07-19T14:19:15.865+0000] {dagbag.py:538} INFO - Filling up the DagBag from /opt/airflow/dags/check_version.py
[2025-07-19T14:19:15.924+0000] {processor.py:840} INFO - DAG(s) 'check_sklearn_version' retrieved from /opt/airflow/dags/check_version.py
[2025-07-19T14:19:15.953+0000] {logging_mixin.py:188} INFO - [2025-07-19T14:19:15.953+0000] {dag.py:3036} INFO - Sync 1 DAGs
[2025-07-19T14:19:15.966+0000] {logging_mixin.py:188} INFO - [2025-07-19T14:19:15.965+0000] {dag.py:3823} INFO - Setting next_dagrun for check_sklearn_version to None, run_after=None
[2025-07-19T14:19:15.989+0000] {processor.py:183} INFO - Processing /opt/airflow/dags/check_version.py took 0.130 seconds
[2025-07-19T14:19:46.851+0000] {processor.py:161} INFO - Started process (PID=6977) to work on /opt/airflow/dags/check_version.py
[2025-07-19T14:19:46.852+0000] {processor.py:830} INFO - Processing file /opt/airflow/dags/check_version.py for tasks to queue
[2025-07-19T14:19:46.853+0000] {logging_mixin.py:188} INFO - [2025-07-19T14:19:46.853+0000] {dagbag.py:538} INFO - Filling up the DagBag from /opt/airflow/dags/check_version.py
[2025-07-19T14:19:46.863+0000] {processor.py:840} INFO - DAG(s) 'check_sklearn_version' retrieved from /opt/airflow/dags/check_version.py
[2025-07-19T14:19:46.888+0000] {logging_mixin.py:188} INFO - [2025-07-19T14:19:46.888+0000] {dag.py:3036} INFO - Sync 1 DAGs
[2025-07-19T14:19:46.900+0000] {logging_mixin.py:188} INFO - [2025-07-19T14:19:46.900+0000] {dag.py:3823} INFO - Setting next_dagrun for check_sklearn_version to None, run_after=None
[2025-07-19T14:19:46.919+0000] {processor.py:183} INFO - Processing /opt/airflow/dags/check_version.py took 0.071 seconds
[2025-07-19T14:20:18.123+0000] {processor.py:161} INFO - Started process (PID=7012) to work on /opt/airflow/dags/check_version.py
[2025-07-19T14:20:18.124+0000] {processor.py:830} INFO - Processing file /opt/airflow/dags/check_version.py for tasks to queue
[2025-07-19T14:20:18.125+0000] {logging_mixin.py:188} INFO - [2025-07-19T14:20:18.125+0000] {dagbag.py:538} INFO - Filling up the DagBag from /opt/airflow/dags/check_version.py
[2025-07-19T14:20:18.137+0000] {processor.py:840} INFO - DAG(s) 'check_sklearn_version' retrieved from /opt/airflow/dags/check_version.py
[2025-07-19T14:20:18.162+0000] {logging_mixin.py:188} INFO - [2025-07-19T14:20:18.162+0000] {dag.py:3036} INFO - Sync 1 DAGs
[2025-07-19T14:20:18.176+0000] {logging_mixin.py:188} INFO - [2025-07-19T14:20:18.175+0000] {dag.py:3823} INFO - Setting next_dagrun for check_sklearn_version to None, run_after=None
[2025-07-19T14:20:18.195+0000] {processor.py:183} INFO - Processing /opt/airflow/dags/check_version.py took 0.077 seconds
[2025-07-19T14:20:52.008+0000] {processor.py:161} INFO - Started process (PID=7044) to work on /opt/airflow/dags/check_version.py
[2025-07-19T14:20:52.415+0000] {processor.py:830} INFO - Processing file /opt/airflow/dags/check_version.py for tasks to queue
[2025-07-19T14:20:52.416+0000] {logging_mixin.py:188} INFO - [2025-07-19T14:20:52.416+0000] {dagbag.py:538} INFO - Filling up the DagBag from /opt/airflow/dags/check_version.py
[2025-07-19T14:20:52.426+0000] {processor.py:840} INFO - DAG(s) 'check_sklearn_version' retrieved from /opt/airflow/dags/check_version.py
[2025-07-19T14:20:52.489+0000] {logging_mixin.py:188} INFO - [2025-07-19T14:20:52.489+0000] {dag.py:3036} INFO - Sync 1 DAGs
[2025-07-19T14:20:52.500+0000] {logging_mixin.py:188} INFO - [2025-07-19T14:20:52.500+0000] {dag.py:3823} INFO - Setting next_dagrun for check_sklearn_version to None, run_after=None
[2025-07-19T14:20:52.547+0000] {processor.py:183} INFO - Processing /opt/airflow/dags/check_version.py took 0.541 seconds
[2025-07-19T14:21:24.816+0000] {processor.py:161} INFO - Started process (PID=7089) to work on /opt/airflow/dags/check_version.py
[2025-07-19T14:21:24.817+0000] {processor.py:830} INFO - Processing file /opt/airflow/dags/check_version.py for tasks to queue
[2025-07-19T14:21:24.818+0000] {logging_mixin.py:188} INFO - [2025-07-19T14:21:24.818+0000] {dagbag.py:538} INFO - Filling up the DagBag from /opt/airflow/dags/check_version.py
[2025-07-19T14:21:24.927+0000] {processor.py:840} INFO - DAG(s) 'check_sklearn_version' retrieved from /opt/airflow/dags/check_version.py
[2025-07-19T14:21:24.953+0000] {logging_mixin.py:188} INFO - [2025-07-19T14:21:24.953+0000] {dag.py:3036} INFO - Sync 1 DAGs
[2025-07-19T14:21:24.969+0000] {logging_mixin.py:188} INFO - [2025-07-19T14:21:24.969+0000] {dag.py:3823} INFO - Setting next_dagrun for check_sklearn_version to None, run_after=None
[2025-07-19T14:21:24.989+0000] {processor.py:183} INFO - Processing /opt/airflow/dags/check_version.py took 0.177 seconds
[2025-07-19T14:21:56.124+0000] {processor.py:161} INFO - Started process (PID=7124) to work on /opt/airflow/dags/check_version.py
[2025-07-19T14:21:56.125+0000] {processor.py:830} INFO - Processing file /opt/airflow/dags/check_version.py for tasks to queue
[2025-07-19T14:21:56.126+0000] {logging_mixin.py:188} INFO - [2025-07-19T14:21:56.125+0000] {dagbag.py:538} INFO - Filling up the DagBag from /opt/airflow/dags/check_version.py
[2025-07-19T14:21:56.154+0000] {processor.py:840} INFO - DAG(s) 'check_sklearn_version' retrieved from /opt/airflow/dags/check_version.py
[2025-07-19T14:21:56.207+0000] {logging_mixin.py:188} INFO - [2025-07-19T14:21:56.207+0000] {dag.py:3036} INFO - Sync 1 DAGs
[2025-07-19T14:21:56.219+0000] {logging_mixin.py:188} INFO - [2025-07-19T14:21:56.219+0000] {dag.py:3823} INFO - Setting next_dagrun for check_sklearn_version to None, run_after=None
[2025-07-19T14:21:56.240+0000] {processor.py:183} INFO - Processing /opt/airflow/dags/check_version.py took 0.120 seconds
[2025-07-19T14:22:26.866+0000] {processor.py:161} INFO - Started process (PID=7159) to work on /opt/airflow/dags/check_version.py
[2025-07-19T14:22:26.867+0000] {processor.py:830} INFO - Processing file /opt/airflow/dags/check_version.py for tasks to queue
[2025-07-19T14:22:26.868+0000] {logging_mixin.py:188} INFO - [2025-07-19T14:22:26.868+0000] {dagbag.py:538} INFO - Filling up the DagBag from /opt/airflow/dags/check_version.py
[2025-07-19T14:22:26.878+0000] {processor.py:840} INFO - DAG(s) 'check_sklearn_version' retrieved from /opt/airflow/dags/check_version.py
[2025-07-19T14:22:26.922+0000] {logging_mixin.py:188} INFO - [2025-07-19T14:22:26.922+0000] {dag.py:3036} INFO - Sync 1 DAGs
[2025-07-19T14:22:26.934+0000] {logging_mixin.py:188} INFO - [2025-07-19T14:22:26.933+0000] {dag.py:3823} INFO - Setting next_dagrun for check_sklearn_version to None, run_after=None
[2025-07-19T14:22:26.951+0000] {processor.py:183} INFO - Processing /opt/airflow/dags/check_version.py took 0.087 seconds
[2025-07-19T14:22:57.102+0000] {processor.py:161} INFO - Started process (PID=7192) to work on /opt/airflow/dags/check_version.py
[2025-07-19T14:22:57.104+0000] {processor.py:830} INFO - Processing file /opt/airflow/dags/check_version.py for tasks to queue
[2025-07-19T14:22:57.105+0000] {logging_mixin.py:188} INFO - [2025-07-19T14:22:57.105+0000] {dagbag.py:538} INFO - Filling up the DagBag from /opt/airflow/dags/check_version.py
[2025-07-19T14:22:57.136+0000] {processor.py:840} INFO - DAG(s) 'check_sklearn_version' retrieved from /opt/airflow/dags/check_version.py
[2025-07-19T14:22:57.173+0000] {logging_mixin.py:188} INFO - [2025-07-19T14:22:57.172+0000] {dag.py:3036} INFO - Sync 1 DAGs
[2025-07-19T14:22:57.184+0000] {logging_mixin.py:188} INFO - [2025-07-19T14:22:57.183+0000] {dag.py:3823} INFO - Setting next_dagrun for check_sklearn_version to None, run_after=None
[2025-07-19T14:22:57.201+0000] {processor.py:183} INFO - Processing /opt/airflow/dags/check_version.py took 0.102 seconds
[2025-07-19T14:23:27.669+0000] {processor.py:161} INFO - Started process (PID=7227) to work on /opt/airflow/dags/check_version.py
[2025-07-19T14:23:27.670+0000] {processor.py:830} INFO - Processing file /opt/airflow/dags/check_version.py for tasks to queue
[2025-07-19T14:23:27.671+0000] {logging_mixin.py:188} INFO - [2025-07-19T14:23:27.670+0000] {dagbag.py:538} INFO - Filling up the DagBag from /opt/airflow/dags/check_version.py
[2025-07-19T14:23:27.682+0000] {processor.py:840} INFO - DAG(s) 'check_sklearn_version' retrieved from /opt/airflow/dags/check_version.py
[2025-07-19T14:23:27.704+0000] {logging_mixin.py:188} INFO - [2025-07-19T14:23:27.704+0000] {dag.py:3036} INFO - Sync 1 DAGs
[2025-07-19T14:23:27.715+0000] {logging_mixin.py:188} INFO - [2025-07-19T14:23:27.714+0000] {dag.py:3823} INFO - Setting next_dagrun for check_sklearn_version to None, run_after=None
[2025-07-19T14:23:27.732+0000] {processor.py:183} INFO - Processing /opt/airflow/dags/check_version.py took 0.066 seconds
[2025-07-19T14:23:58.478+0000] {processor.py:161} INFO - Started process (PID=7262) to work on /opt/airflow/dags/check_version.py
[2025-07-19T14:23:58.479+0000] {processor.py:830} INFO - Processing file /opt/airflow/dags/check_version.py for tasks to queue
[2025-07-19T14:23:58.480+0000] {logging_mixin.py:188} INFO - [2025-07-19T14:23:58.479+0000] {dagbag.py:538} INFO - Filling up the DagBag from /opt/airflow/dags/check_version.py
[2025-07-19T14:23:58.489+0000] {processor.py:840} INFO - DAG(s) 'check_sklearn_version' retrieved from /opt/airflow/dags/check_version.py
[2025-07-19T14:23:58.579+0000] {logging_mixin.py:188} INFO - [2025-07-19T14:23:58.579+0000] {dag.py:3036} INFO - Sync 1 DAGs
[2025-07-19T14:23:58.591+0000] {logging_mixin.py:188} INFO - [2025-07-19T14:23:58.591+0000] {dag.py:3823} INFO - Setting next_dagrun for check_sklearn_version to None, run_after=None
[2025-07-19T14:23:58.609+0000] {processor.py:183} INFO - Processing /opt/airflow/dags/check_version.py took 0.135 seconds
[2025-07-19T14:24:29.472+0000] {processor.py:161} INFO - Started process (PID=7292) to work on /opt/airflow/dags/check_version.py
[2025-07-19T14:24:29.473+0000] {processor.py:830} INFO - Processing file /opt/airflow/dags/check_version.py for tasks to queue
[2025-07-19T14:24:29.473+0000] {logging_mixin.py:188} INFO - [2025-07-19T14:24:29.473+0000] {dagbag.py:538} INFO - Filling up the DagBag from /opt/airflow/dags/check_version.py
[2025-07-19T14:24:29.483+0000] {processor.py:840} INFO - DAG(s) 'check_sklearn_version' retrieved from /opt/airflow/dags/check_version.py
[2025-07-19T14:24:29.506+0000] {logging_mixin.py:188} INFO - [2025-07-19T14:24:29.505+0000] {dag.py:3036} INFO - Sync 1 DAGs
[2025-07-19T14:24:29.517+0000] {logging_mixin.py:188} INFO - [2025-07-19T14:24:29.516+0000] {dag.py:3823} INFO - Setting next_dagrun for check_sklearn_version to None, run_after=None
[2025-07-19T14:24:29.533+0000] {processor.py:183} INFO - Processing /opt/airflow/dags/check_version.py took 0.065 seconds
[2025-07-19T14:25:18.771+0000] {processor.py:161} INFO - Started process (PID=7322) to work on /opt/airflow/dags/check_version.py
[2025-07-19T14:25:18.773+0000] {processor.py:830} INFO - Processing file /opt/airflow/dags/check_version.py for tasks to queue
[2025-07-19T14:25:18.774+0000] {logging_mixin.py:188} INFO - [2025-07-19T14:25:18.773+0000] {dagbag.py:538} INFO - Filling up the DagBag from /opt/airflow/dags/check_version.py
[2025-07-19T14:25:18.810+0000] {processor.py:840} INFO - DAG(s) 'check_sklearn_version' retrieved from /opt/airflow/dags/check_version.py
[2025-07-19T14:25:18.836+0000] {logging_mixin.py:188} INFO - [2025-07-19T14:25:18.836+0000] {dag.py:3036} INFO - Sync 1 DAGs
[2025-07-19T14:25:18.849+0000] {logging_mixin.py:188} INFO - [2025-07-19T14:25:18.849+0000] {dag.py:3823} INFO - Setting next_dagrun for check_sklearn_version to None, run_after=None
[2025-07-19T14:25:18.868+0000] {processor.py:183} INFO - Processing /opt/airflow/dags/check_version.py took 0.100 seconds
[2025-07-19T14:25:49.676+0000] {processor.py:161} INFO - Started process (PID=7370) to work on /opt/airflow/dags/check_version.py
[2025-07-19T14:25:49.677+0000] {processor.py:830} INFO - Processing file /opt/airflow/dags/check_version.py for tasks to queue
[2025-07-19T14:25:49.678+0000] {logging_mixin.py:188} INFO - [2025-07-19T14:25:49.678+0000] {dagbag.py:538} INFO - Filling up the DagBag from /opt/airflow/dags/check_version.py
[2025-07-19T14:25:49.688+0000] {processor.py:840} INFO - DAG(s) 'check_sklearn_version' retrieved from /opt/airflow/dags/check_version.py
[2025-07-19T14:25:49.713+0000] {logging_mixin.py:188} INFO - [2025-07-19T14:25:49.713+0000] {dag.py:3036} INFO - Sync 1 DAGs
[2025-07-19T14:25:49.726+0000] {logging_mixin.py:188} INFO - [2025-07-19T14:25:49.725+0000] {dag.py:3823} INFO - Setting next_dagrun for check_sklearn_version to None, run_after=None
[2025-07-19T14:25:49.742+0000] {processor.py:183} INFO - Processing /opt/airflow/dags/check_version.py took 0.070 seconds
[2025-07-19T14:26:20.449+0000] {processor.py:161} INFO - Started process (PID=7405) to work on /opt/airflow/dags/check_version.py
[2025-07-19T14:26:20.450+0000] {processor.py:830} INFO - Processing file /opt/airflow/dags/check_version.py for tasks to queue
[2025-07-19T14:26:20.451+0000] {logging_mixin.py:188} INFO - [2025-07-19T14:26:20.451+0000] {dagbag.py:538} INFO - Filling up the DagBag from /opt/airflow/dags/check_version.py
[2025-07-19T14:26:20.463+0000] {processor.py:840} INFO - DAG(s) 'check_sklearn_version' retrieved from /opt/airflow/dags/check_version.py
[2025-07-19T14:26:20.494+0000] {logging_mixin.py:188} INFO - [2025-07-19T14:26:20.494+0000] {dag.py:3036} INFO - Sync 1 DAGs
[2025-07-19T14:26:20.507+0000] {logging_mixin.py:188} INFO - [2025-07-19T14:26:20.506+0000] {dag.py:3823} INFO - Setting next_dagrun for check_sklearn_version to None, run_after=None
[2025-07-19T14:26:20.578+0000] {processor.py:183} INFO - Processing /opt/airflow/dags/check_version.py took 0.133 seconds
[2025-07-19T14:26:51.361+0000] {processor.py:161} INFO - Started process (PID=7442) to work on /opt/airflow/dags/check_version.py
[2025-07-19T14:26:51.362+0000] {processor.py:830} INFO - Processing file /opt/airflow/dags/check_version.py for tasks to queue
[2025-07-19T14:26:51.363+0000] {logging_mixin.py:188} INFO - [2025-07-19T14:26:51.363+0000] {dagbag.py:538} INFO - Filling up the DagBag from /opt/airflow/dags/check_version.py
[2025-07-19T14:26:51.372+0000] {processor.py:840} INFO - DAG(s) 'check_sklearn_version' retrieved from /opt/airflow/dags/check_version.py
[2025-07-19T14:26:51.396+0000] {logging_mixin.py:188} INFO - [2025-07-19T14:26:51.396+0000] {dag.py:3036} INFO - Sync 1 DAGs
[2025-07-19T14:26:51.407+0000] {logging_mixin.py:188} INFO - [2025-07-19T14:26:51.407+0000] {dag.py:3823} INFO - Setting next_dagrun for check_sklearn_version to None, run_after=None
[2025-07-19T14:26:51.424+0000] {processor.py:183} INFO - Processing /opt/airflow/dags/check_version.py took 0.066 seconds
[2025-07-19T14:27:51.468+0000] {processor.py:161} INFO - Started process (PID=7475) to work on /opt/airflow/dags/check_version.py
[2025-07-19T14:27:51.469+0000] {processor.py:830} INFO - Processing file /opt/airflow/dags/check_version.py for tasks to queue
[2025-07-19T14:27:51.471+0000] {logging_mixin.py:188} INFO - [2025-07-19T14:27:51.470+0000] {dagbag.py:538} INFO - Filling up the DagBag from /opt/airflow/dags/check_version.py
[2025-07-19T14:27:51.483+0000] {processor.py:840} INFO - DAG(s) 'check_sklearn_version' retrieved from /opt/airflow/dags/check_version.py
[2025-07-19T14:27:51.795+0000] {logging_mixin.py:188} INFO - [2025-07-19T14:27:51.794+0000] {dag.py:3036} INFO - Sync 1 DAGs
[2025-07-19T14:27:51.808+0000] {logging_mixin.py:188} INFO - [2025-07-19T14:27:51.807+0000] {dag.py:3823} INFO - Setting next_dagrun for check_sklearn_version to None, run_after=None
[2025-07-19T14:27:51.830+0000] {processor.py:183} INFO - Processing /opt/airflow/dags/check_version.py took 0.366 seconds
[2025-07-19T14:28:28.821+0000] {processor.py:161} INFO - Started process (PID=7510) to work on /opt/airflow/dags/check_version.py
[2025-07-19T14:28:28.822+0000] {processor.py:830} INFO - Processing file /opt/airflow/dags/check_version.py for tasks to queue
[2025-07-19T14:28:28.823+0000] {logging_mixin.py:188} INFO - [2025-07-19T14:28:28.823+0000] {dagbag.py:538} INFO - Filling up the DagBag from /opt/airflow/dags/check_version.py
[2025-07-19T14:28:28.832+0000] {processor.py:840} INFO - DAG(s) 'check_sklearn_version' retrieved from /opt/airflow/dags/check_version.py
[2025-07-19T14:28:28.974+0000] {logging_mixin.py:188} INFO - [2025-07-19T14:28:28.974+0000] {dag.py:3036} INFO - Sync 1 DAGs
[2025-07-19T14:28:31.153+0000] {logging_mixin.py:188} INFO - [2025-07-19T14:28:31.153+0000] {dag.py:3823} INFO - Setting next_dagrun for check_sklearn_version to None, run_after=None
[2025-07-19T14:28:34.710+0000] {processor.py:183} INFO - Processing /opt/airflow/dags/check_version.py took 5.891 seconds
[2025-07-19T14:29:05.127+0000] {processor.py:161} INFO - Started process (PID=7547) to work on /opt/airflow/dags/check_version.py
[2025-07-19T14:29:05.128+0000] {processor.py:830} INFO - Processing file /opt/airflow/dags/check_version.py for tasks to queue
[2025-07-19T14:29:05.129+0000] {logging_mixin.py:188} INFO - [2025-07-19T14:29:05.129+0000] {dagbag.py:538} INFO - Filling up the DagBag from /opt/airflow/dags/check_version.py
[2025-07-19T14:29:05.139+0000] {processor.py:840} INFO - DAG(s) 'check_sklearn_version' retrieved from /opt/airflow/dags/check_version.py
[2025-07-19T14:29:05.162+0000] {logging_mixin.py:188} INFO - [2025-07-19T14:29:05.162+0000] {dag.py:3036} INFO - Sync 1 DAGs
[2025-07-19T14:29:05.191+0000] {logging_mixin.py:188} INFO - [2025-07-19T14:29:05.190+0000] {dag.py:3823} INFO - Setting next_dagrun for check_sklearn_version to None, run_after=None
[2025-07-19T14:29:07.835+0000] {processor.py:183} INFO - Processing /opt/airflow/dags/check_version.py took 2.715 seconds
[2025-07-19T14:29:38.178+0000] {processor.py:161} INFO - Started process (PID=7582) to work on /opt/airflow/dags/check_version.py
[2025-07-19T14:29:38.179+0000] {processor.py:830} INFO - Processing file /opt/airflow/dags/check_version.py for tasks to queue
[2025-07-19T14:29:38.180+0000] {logging_mixin.py:188} INFO - [2025-07-19T14:29:38.180+0000] {dagbag.py:538} INFO - Filling up the DagBag from /opt/airflow/dags/check_version.py
[2025-07-19T14:29:38.189+0000] {processor.py:840} INFO - DAG(s) 'check_sklearn_version' retrieved from /opt/airflow/dags/check_version.py
[2025-07-19T14:29:38.219+0000] {logging_mixin.py:188} INFO - [2025-07-19T14:29:38.219+0000] {dag.py:3036} INFO - Sync 1 DAGs
[2025-07-19T14:29:38.231+0000] {logging_mixin.py:188} INFO - [2025-07-19T14:29:38.231+0000] {dag.py:3823} INFO - Setting next_dagrun for check_sklearn_version to None, run_after=None
[2025-07-19T14:29:38.404+0000] {processor.py:183} INFO - Processing /opt/airflow/dags/check_version.py took 0.228 seconds
[2025-07-19T14:30:08.530+0000] {processor.py:161} INFO - Started process (PID=7617) to work on /opt/airflow/dags/check_version.py
[2025-07-19T14:30:08.531+0000] {processor.py:830} INFO - Processing file /opt/airflow/dags/check_version.py for tasks to queue
[2025-07-19T14:30:08.532+0000] {logging_mixin.py:188} INFO - [2025-07-19T14:30:08.531+0000] {dagbag.py:538} INFO - Filling up the DagBag from /opt/airflow/dags/check_version.py
[2025-07-19T14:30:08.564+0000] {processor.py:840} INFO - DAG(s) 'check_sklearn_version' retrieved from /opt/airflow/dags/check_version.py
[2025-07-19T14:30:08.591+0000] {logging_mixin.py:188} INFO - [2025-07-19T14:30:08.591+0000] {dag.py:3036} INFO - Sync 1 DAGs
[2025-07-19T14:30:08.605+0000] {logging_mixin.py:188} INFO - [2025-07-19T14:30:08.604+0000] {dag.py:3823} INFO - Setting next_dagrun for check_sklearn_version to None, run_after=None
[2025-07-19T14:30:08.627+0000] {processor.py:183} INFO - Processing /opt/airflow/dags/check_version.py took 0.100 seconds
[2025-07-19T14:30:38.905+0000] {processor.py:161} INFO - Started process (PID=7652) to work on /opt/airflow/dags/check_version.py
[2025-07-19T14:30:38.906+0000] {processor.py:830} INFO - Processing file /opt/airflow/dags/check_version.py for tasks to queue
[2025-07-19T14:30:38.907+0000] {logging_mixin.py:188} INFO - [2025-07-19T14:30:38.907+0000] {dagbag.py:538} INFO - Filling up the DagBag from /opt/airflow/dags/check_version.py
[2025-07-19T14:30:38.916+0000] {processor.py:840} INFO - DAG(s) 'check_sklearn_version' retrieved from /opt/airflow/dags/check_version.py
[2025-07-19T14:30:38.940+0000] {logging_mixin.py:188} INFO - [2025-07-19T14:30:38.940+0000] {dag.py:3036} INFO - Sync 1 DAGs
[2025-07-19T14:30:38.951+0000] {logging_mixin.py:188} INFO - [2025-07-19T14:30:38.951+0000] {dag.py:3823} INFO - Setting next_dagrun for check_sklearn_version to None, run_after=None
[2025-07-19T14:30:38.970+0000] {processor.py:183} INFO - Processing /opt/airflow/dags/check_version.py took 0.067 seconds
[2025-07-19T14:31:09.849+0000] {processor.py:161} INFO - Started process (PID=7687) to work on /opt/airflow/dags/check_version.py
[2025-07-19T14:31:09.850+0000] {processor.py:830} INFO - Processing file /opt/airflow/dags/check_version.py for tasks to queue
[2025-07-19T14:31:09.851+0000] {logging_mixin.py:188} INFO - [2025-07-19T14:31:09.851+0000] {dagbag.py:538} INFO - Filling up the DagBag from /opt/airflow/dags/check_version.py
[2025-07-19T14:31:09.861+0000] {processor.py:840} INFO - DAG(s) 'check_sklearn_version' retrieved from /opt/airflow/dags/check_version.py
[2025-07-19T14:31:09.888+0000] {logging_mixin.py:188} INFO - [2025-07-19T14:31:09.888+0000] {dag.py:3036} INFO - Sync 1 DAGs
[2025-07-19T14:31:09.900+0000] {logging_mixin.py:188} INFO - [2025-07-19T14:31:09.900+0000] {dag.py:3823} INFO - Setting next_dagrun for check_sklearn_version to None, run_after=None
[2025-07-19T14:31:09.921+0000] {processor.py:183} INFO - Processing /opt/airflow/dags/check_version.py took 0.079 seconds
[2025-07-19T14:31:40.589+0000] {processor.py:161} INFO - Started process (PID=7722) to work on /opt/airflow/dags/check_version.py
[2025-07-19T14:31:40.590+0000] {processor.py:830} INFO - Processing file /opt/airflow/dags/check_version.py for tasks to queue
[2025-07-19T14:31:40.591+0000] {logging_mixin.py:188} INFO - [2025-07-19T14:31:40.591+0000] {dagbag.py:538} INFO - Filling up the DagBag from /opt/airflow/dags/check_version.py
[2025-07-19T14:31:40.600+0000] {processor.py:840} INFO - DAG(s) 'check_sklearn_version' retrieved from /opt/airflow/dags/check_version.py
[2025-07-19T14:31:40.622+0000] {logging_mixin.py:188} INFO - [2025-07-19T14:31:40.622+0000] {dag.py:3036} INFO - Sync 1 DAGs
[2025-07-19T14:31:40.633+0000] {logging_mixin.py:188} INFO - [2025-07-19T14:31:40.633+0000] {dag.py:3823} INFO - Setting next_dagrun for check_sklearn_version to None, run_after=None
[2025-07-19T14:31:40.654+0000] {processor.py:183} INFO - Processing /opt/airflow/dags/check_version.py took 0.067 seconds
[2025-07-19T14:32:11.270+0000] {processor.py:161} INFO - Started process (PID=7757) to work on /opt/airflow/dags/check_version.py
[2025-07-19T14:32:11.271+0000] {processor.py:830} INFO - Processing file /opt/airflow/dags/check_version.py for tasks to queue
[2025-07-19T14:32:11.272+0000] {logging_mixin.py:188} INFO - [2025-07-19T14:32:11.271+0000] {dagbag.py:538} INFO - Filling up the DagBag from /opt/airflow/dags/check_version.py
[2025-07-19T14:32:11.282+0000] {processor.py:840} INFO - DAG(s) 'check_sklearn_version' retrieved from /opt/airflow/dags/check_version.py
[2025-07-19T14:32:11.309+0000] {logging_mixin.py:188} INFO - [2025-07-19T14:32:11.309+0000] {dag.py:3036} INFO - Sync 1 DAGs
[2025-07-19T14:32:11.320+0000] {logging_mixin.py:188} INFO - [2025-07-19T14:32:11.320+0000] {dag.py:3823} INFO - Setting next_dagrun for check_sklearn_version to None, run_after=None
[2025-07-19T14:32:11.339+0000] {processor.py:183} INFO - Processing /opt/airflow/dags/check_version.py took 0.072 seconds
[2025-07-19T14:32:42.085+0000] {processor.py:161} INFO - Started process (PID=7792) to work on /opt/airflow/dags/check_version.py
[2025-07-19T14:32:42.086+0000] {processor.py:830} INFO - Processing file /opt/airflow/dags/check_version.py for tasks to queue
[2025-07-19T14:32:42.087+0000] {logging_mixin.py:188} INFO - [2025-07-19T14:32:42.087+0000] {dagbag.py:538} INFO - Filling up the DagBag from /opt/airflow/dags/check_version.py
[2025-07-19T14:32:42.097+0000] {processor.py:840} INFO - DAG(s) 'check_sklearn_version' retrieved from /opt/airflow/dags/check_version.py
[2025-07-19T14:32:42.118+0000] {logging_mixin.py:188} INFO - [2025-07-19T14:32:42.118+0000] {dag.py:3036} INFO - Sync 1 DAGs
[2025-07-19T14:32:42.129+0000] {logging_mixin.py:188} INFO - [2025-07-19T14:32:42.129+0000] {dag.py:3823} INFO - Setting next_dagrun for check_sklearn_version to None, run_after=None
[2025-07-19T14:32:42.151+0000] {processor.py:183} INFO - Processing /opt/airflow/dags/check_version.py took 0.068 seconds
[2025-07-19T14:33:12.792+0000] {processor.py:161} INFO - Started process (PID=7827) to work on /opt/airflow/dags/check_version.py
[2025-07-19T14:33:12.793+0000] {processor.py:830} INFO - Processing file /opt/airflow/dags/check_version.py for tasks to queue
[2025-07-19T14:33:12.794+0000] {logging_mixin.py:188} INFO - [2025-07-19T14:33:12.794+0000] {dagbag.py:538} INFO - Filling up the DagBag from /opt/airflow/dags/check_version.py
[2025-07-19T14:33:12.828+0000] {processor.py:840} INFO - DAG(s) 'check_sklearn_version' retrieved from /opt/airflow/dags/check_version.py
[2025-07-19T14:33:12.854+0000] {logging_mixin.py:188} INFO - [2025-07-19T14:33:12.853+0000] {dag.py:3036} INFO - Sync 1 DAGs
[2025-07-19T14:33:12.865+0000] {logging_mixin.py:188} INFO - [2025-07-19T14:33:12.865+0000] {dag.py:3823} INFO - Setting next_dagrun for check_sklearn_version to None, run_after=None
[2025-07-19T14:33:12.884+0000] {processor.py:183} INFO - Processing /opt/airflow/dags/check_version.py took 0.094 seconds
[2025-07-19T14:33:46.674+0000] {processor.py:161} INFO - Started process (PID=7862) to work on /opt/airflow/dags/check_version.py
[2025-07-19T14:33:46.675+0000] {processor.py:830} INFO - Processing file /opt/airflow/dags/check_version.py for tasks to queue
[2025-07-19T14:33:46.676+0000] {logging_mixin.py:188} INFO - [2025-07-19T14:33:46.676+0000] {dagbag.py:538} INFO - Filling up the DagBag from /opt/airflow/dags/check_version.py
[2025-07-19T14:33:46.691+0000] {processor.py:840} INFO - DAG(s) 'check_sklearn_version' retrieved from /opt/airflow/dags/check_version.py
[2025-07-19T14:33:46.722+0000] {logging_mixin.py:188} INFO - [2025-07-19T14:33:46.721+0000] {dag.py:3036} INFO - Sync 1 DAGs
[2025-07-19T14:33:46.735+0000] {logging_mixin.py:188} INFO - [2025-07-19T14:33:46.734+0000] {dag.py:3823} INFO - Setting next_dagrun for check_sklearn_version to None, run_after=None
[2025-07-19T14:33:46.761+0000] {processor.py:183} INFO - Processing /opt/airflow/dags/check_version.py took 0.132 seconds
[2025-07-19T14:34:17.186+0000] {processor.py:161} INFO - Started process (PID=7897) to work on /opt/airflow/dags/check_version.py
[2025-07-19T14:34:17.187+0000] {processor.py:830} INFO - Processing file /opt/airflow/dags/check_version.py for tasks to queue
[2025-07-19T14:34:17.188+0000] {logging_mixin.py:188} INFO - [2025-07-19T14:34:17.188+0000] {dagbag.py:538} INFO - Filling up the DagBag from /opt/airflow/dags/check_version.py
[2025-07-19T14:34:17.230+0000] {processor.py:840} INFO - DAG(s) 'check_sklearn_version' retrieved from /opt/airflow/dags/check_version.py
[2025-07-19T14:34:17.303+0000] {logging_mixin.py:188} INFO - [2025-07-19T14:34:17.303+0000] {dag.py:3036} INFO - Sync 1 DAGs
[2025-07-19T14:34:17.317+0000] {logging_mixin.py:188} INFO - [2025-07-19T14:34:17.316+0000] {dag.py:3823} INFO - Setting next_dagrun for check_sklearn_version to None, run_after=None
[2025-07-19T14:34:17.339+0000] {processor.py:183} INFO - Processing /opt/airflow/dags/check_version.py took 0.157 seconds
[2025-07-19T14:34:48.204+0000] {processor.py:161} INFO - Started process (PID=7932) to work on /opt/airflow/dags/check_version.py
[2025-07-19T14:34:48.205+0000] {processor.py:830} INFO - Processing file /opt/airflow/dags/check_version.py for tasks to queue
[2025-07-19T14:34:48.205+0000] {logging_mixin.py:188} INFO - [2025-07-19T14:34:48.205+0000] {dagbag.py:538} INFO - Filling up the DagBag from /opt/airflow/dags/check_version.py
[2025-07-19T14:34:48.216+0000] {processor.py:840} INFO - DAG(s) 'check_sklearn_version' retrieved from /opt/airflow/dags/check_version.py
[2025-07-19T14:34:48.281+0000] {logging_mixin.py:188} INFO - [2025-07-19T14:34:48.280+0000] {dag.py:3036} INFO - Sync 1 DAGs
[2025-07-19T14:34:48.294+0000] {logging_mixin.py:188} INFO - [2025-07-19T14:34:48.294+0000] {dag.py:3823} INFO - Setting next_dagrun for check_sklearn_version to None, run_after=None
[2025-07-19T14:34:48.314+0000] {processor.py:183} INFO - Processing /opt/airflow/dags/check_version.py took 0.113 seconds
[2025-07-19T14:37:42.894+0000] {processor.py:161} INFO - Started process (PID=7982) to work on /opt/airflow/dags/check_version.py
[2025-07-19T14:37:42.895+0000] {processor.py:830} INFO - Processing file /opt/airflow/dags/check_version.py for tasks to queue
[2025-07-19T14:37:42.896+0000] {logging_mixin.py:188} INFO - [2025-07-19T14:37:42.896+0000] {dagbag.py:538} INFO - Filling up the DagBag from /opt/airflow/dags/check_version.py
[2025-07-19T14:37:43.210+0000] {processor.py:840} INFO - DAG(s) 'check_sklearn_version' retrieved from /opt/airflow/dags/check_version.py
[2025-07-19T14:37:43.371+0000] {logging_mixin.py:188} INFO - [2025-07-19T14:37:43.370+0000] {dag.py:3036} INFO - Sync 1 DAGs
[2025-07-19T14:37:43.387+0000] {logging_mixin.py:188} INFO - [2025-07-19T14:37:43.387+0000] {dag.py:3823} INFO - Setting next_dagrun for check_sklearn_version to None, run_after=None
[2025-07-19T14:37:43.415+0000] {processor.py:183} INFO - Processing /opt/airflow/dags/check_version.py took 0.524 seconds
[2025-07-19T14:38:13.733+0000] {processor.py:161} INFO - Started process (PID=8012) to work on /opt/airflow/dags/check_version.py
[2025-07-19T14:38:13.734+0000] {processor.py:830} INFO - Processing file /opt/airflow/dags/check_version.py for tasks to queue
[2025-07-19T14:38:13.735+0000] {logging_mixin.py:188} INFO - [2025-07-19T14:38:13.735+0000] {dagbag.py:538} INFO - Filling up the DagBag from /opt/airflow/dags/check_version.py
[2025-07-19T14:38:13.747+0000] {processor.py:840} INFO - DAG(s) 'check_sklearn_version' retrieved from /opt/airflow/dags/check_version.py
[2025-07-19T14:38:13.830+0000] {logging_mixin.py:188} INFO - [2025-07-19T14:38:13.830+0000] {dag.py:3036} INFO - Sync 1 DAGs
[2025-07-19T14:38:13.844+0000] {logging_mixin.py:188} INFO - [2025-07-19T14:38:13.844+0000] {dag.py:3823} INFO - Setting next_dagrun for check_sklearn_version to None, run_after=None
[2025-07-19T14:38:13.868+0000] {processor.py:183} INFO - Processing /opt/airflow/dags/check_version.py took 0.138 seconds
[2025-07-19T14:38:49.482+0000] {processor.py:161} INFO - Started process (PID=8047) to work on /opt/airflow/dags/check_version.py
[2025-07-19T14:38:49.483+0000] {processor.py:830} INFO - Processing file /opt/airflow/dags/check_version.py for tasks to queue
[2025-07-19T14:38:49.484+0000] {logging_mixin.py:188} INFO - [2025-07-19T14:38:49.483+0000] {dagbag.py:538} INFO - Filling up the DagBag from /opt/airflow/dags/check_version.py
[2025-07-19T14:38:49.495+0000] {processor.py:840} INFO - DAG(s) 'check_sklearn_version' retrieved from /opt/airflow/dags/check_version.py
[2025-07-19T14:38:49.517+0000] {logging_mixin.py:188} INFO - [2025-07-19T14:38:49.517+0000] {dag.py:3036} INFO - Sync 1 DAGs
[2025-07-19T14:38:49.530+0000] {logging_mixin.py:188} INFO - [2025-07-19T14:38:49.529+0000] {dag.py:3823} INFO - Setting next_dagrun for check_sklearn_version to None, run_after=None
[2025-07-19T14:38:49.601+0000] {processor.py:183} INFO - Processing /opt/airflow/dags/check_version.py took 0.914 seconds
[2025-07-19T14:39:19.732+0000] {processor.py:161} INFO - Started process (PID=8112) to work on /opt/airflow/dags/check_version.py
[2025-07-19T14:39:19.733+0000] {processor.py:830} INFO - Processing file /opt/airflow/dags/check_version.py for tasks to queue
[2025-07-19T14:39:19.734+0000] {logging_mixin.py:188} INFO - [2025-07-19T14:39:19.734+0000] {dagbag.py:538} INFO - Filling up the DagBag from /opt/airflow/dags/check_version.py
[2025-07-19T14:39:19.755+0000] {processor.py:840} INFO - DAG(s) 'check_sklearn_version' retrieved from /opt/airflow/dags/check_version.py
[2025-07-19T14:39:19.780+0000] {logging_mixin.py:188} INFO - [2025-07-19T14:39:19.780+0000] {dag.py:3036} INFO - Sync 1 DAGs
[2025-07-19T14:39:19.793+0000] {logging_mixin.py:188} INFO - [2025-07-19T14:39:19.792+0000] {dag.py:3823} INFO - Setting next_dagrun for check_sklearn_version to None, run_after=None
[2025-07-19T14:39:19.812+0000] {processor.py:183} INFO - Processing /opt/airflow/dags/check_version.py took 0.083 seconds
[2025-07-19T14:39:50.236+0000] {processor.py:161} INFO - Started process (PID=8137) to work on /opt/airflow/dags/check_version.py
[2025-07-19T14:39:50.237+0000] {processor.py:830} INFO - Processing file /opt/airflow/dags/check_version.py for tasks to queue
[2025-07-19T14:39:50.238+0000] {logging_mixin.py:188} INFO - [2025-07-19T14:39:50.238+0000] {dagbag.py:538} INFO - Filling up the DagBag from /opt/airflow/dags/check_version.py
[2025-07-19T14:39:50.248+0000] {processor.py:840} INFO - DAG(s) 'check_sklearn_version' retrieved from /opt/airflow/dags/check_version.py
[2025-07-19T14:39:50.274+0000] {logging_mixin.py:188} INFO - [2025-07-19T14:39:50.274+0000] {dag.py:3036} INFO - Sync 1 DAGs
[2025-07-19T14:39:50.286+0000] {logging_mixin.py:188} INFO - [2025-07-19T14:39:50.285+0000] {dag.py:3823} INFO - Setting next_dagrun for check_sklearn_version to None, run_after=None
[2025-07-19T14:39:50.311+0000] {processor.py:183} INFO - Processing /opt/airflow/dags/check_version.py took 0.078 seconds
[2025-07-19T14:40:20.462+0000] {processor.py:161} INFO - Started process (PID=8172) to work on /opt/airflow/dags/check_version.py
[2025-07-19T14:40:20.463+0000] {processor.py:830} INFO - Processing file /opt/airflow/dags/check_version.py for tasks to queue
[2025-07-19T14:40:20.464+0000] {logging_mixin.py:188} INFO - [2025-07-19T14:40:20.464+0000] {dagbag.py:538} INFO - Filling up the DagBag from /opt/airflow/dags/check_version.py
[2025-07-19T14:40:20.475+0000] {processor.py:840} INFO - DAG(s) 'check_sklearn_version' retrieved from /opt/airflow/dags/check_version.py
[2025-07-19T14:40:20.504+0000] {logging_mixin.py:188} INFO - [2025-07-19T14:40:20.504+0000] {dag.py:3036} INFO - Sync 1 DAGs
[2025-07-19T14:40:20.518+0000] {logging_mixin.py:188} INFO - [2025-07-19T14:40:20.517+0000] {dag.py:3823} INFO - Setting next_dagrun for check_sklearn_version to None, run_after=None
[2025-07-19T14:40:20.540+0000] {processor.py:183} INFO - Processing /opt/airflow/dags/check_version.py took 0.081 seconds
[2025-07-19T14:40:52.069+0000] {processor.py:161} INFO - Started process (PID=8205) to work on /opt/airflow/dags/check_version.py
[2025-07-19T14:40:52.070+0000] {processor.py:830} INFO - Processing file /opt/airflow/dags/check_version.py for tasks to queue
[2025-07-19T14:40:52.071+0000] {logging_mixin.py:188} INFO - [2025-07-19T14:40:52.071+0000] {dagbag.py:538} INFO - Filling up the DagBag from /opt/airflow/dags/check_version.py
[2025-07-19T14:40:52.079+0000] {processor.py:840} INFO - DAG(s) 'check_sklearn_version' retrieved from /opt/airflow/dags/check_version.py
[2025-07-19T14:40:52.103+0000] {logging_mixin.py:188} INFO - [2025-07-19T14:40:52.103+0000] {dag.py:3036} INFO - Sync 1 DAGs
[2025-07-19T14:40:52.114+0000] {logging_mixin.py:188} INFO - [2025-07-19T14:40:52.114+0000] {dag.py:3823} INFO - Setting next_dagrun for check_sklearn_version to None, run_after=None
[2025-07-19T14:40:52.133+0000] {processor.py:183} INFO - Processing /opt/airflow/dags/check_version.py took 0.067 seconds
[2025-07-19T14:41:24.561+0000] {processor.py:161} INFO - Started process (PID=8230) to work on /opt/airflow/dags/check_version.py
[2025-07-19T14:41:24.562+0000] {processor.py:830} INFO - Processing file /opt/airflow/dags/check_version.py for tasks to queue
[2025-07-19T14:41:24.563+0000] {logging_mixin.py:188} INFO - [2025-07-19T14:41:24.563+0000] {dagbag.py:538} INFO - Filling up the DagBag from /opt/airflow/dags/check_version.py
[2025-07-19T14:41:24.572+0000] {processor.py:840} INFO - DAG(s) 'check_sklearn_version' retrieved from /opt/airflow/dags/check_version.py
[2025-07-19T14:41:24.595+0000] {logging_mixin.py:188} INFO - [2025-07-19T14:41:24.595+0000] {dag.py:3036} INFO - Sync 1 DAGs
[2025-07-19T14:41:24.606+0000] {logging_mixin.py:188} INFO - [2025-07-19T14:41:24.606+0000] {dag.py:3823} INFO - Setting next_dagrun for check_sklearn_version to None, run_after=None
[2025-07-19T14:41:26.201+0000] {processor.py:183} INFO - Processing /opt/airflow/dags/check_version.py took 1.643 seconds
[2025-07-19T14:41:57.364+0000] {processor.py:161} INFO - Started process (PID=8267) to work on /opt/airflow/dags/check_version.py
[2025-07-19T14:41:57.365+0000] {processor.py:830} INFO - Processing file /opt/airflow/dags/check_version.py for tasks to queue
[2025-07-19T14:41:57.366+0000] {logging_mixin.py:188} INFO - [2025-07-19T14:41:57.365+0000] {dagbag.py:538} INFO - Filling up the DagBag from /opt/airflow/dags/check_version.py
[2025-07-19T14:41:57.375+0000] {processor.py:840} INFO - DAG(s) 'check_sklearn_version' retrieved from /opt/airflow/dags/check_version.py
[2025-07-19T14:41:57.425+0000] {logging_mixin.py:188} INFO - [2025-07-19T14:41:57.424+0000] {dag.py:3036} INFO - Sync 1 DAGs
[2025-07-19T14:41:57.438+0000] {logging_mixin.py:188} INFO - [2025-07-19T14:41:57.437+0000] {dag.py:3823} INFO - Setting next_dagrun for check_sklearn_version to None, run_after=None
[2025-07-19T14:41:57.455+0000] {processor.py:183} INFO - Processing /opt/airflow/dags/check_version.py took 0.095 seconds
[2025-07-19T14:42:27.630+0000] {processor.py:161} INFO - Started process (PID=8302) to work on /opt/airflow/dags/check_version.py
[2025-07-19T14:42:27.631+0000] {processor.py:830} INFO - Processing file /opt/airflow/dags/check_version.py for tasks to queue
[2025-07-19T14:42:27.632+0000] {logging_mixin.py:188} INFO - [2025-07-19T14:42:27.632+0000] {dagbag.py:538} INFO - Filling up the DagBag from /opt/airflow/dags/check_version.py
[2025-07-19T14:42:27.655+0000] {processor.py:840} INFO - DAG(s) 'check_sklearn_version' retrieved from /opt/airflow/dags/check_version.py
[2025-07-19T14:42:28.337+0000] {logging_mixin.py:188} INFO - [2025-07-19T14:42:28.337+0000] {dag.py:3036} INFO - Sync 1 DAGs
[2025-07-19T14:42:28.403+0000] {logging_mixin.py:188} INFO - [2025-07-19T14:42:28.403+0000] {dag.py:3823} INFO - Setting next_dagrun for check_sklearn_version to None, run_after=None
[2025-07-19T14:42:28.426+0000] {processor.py:183} INFO - Processing /opt/airflow/dags/check_version.py took 0.799 seconds
[2025-07-19T14:42:59.120+0000] {processor.py:161} INFO - Started process (PID=8342) to work on /opt/airflow/dags/check_version.py
[2025-07-19T14:42:59.121+0000] {processor.py:830} INFO - Processing file /opt/airflow/dags/check_version.py for tasks to queue
[2025-07-19T14:42:59.122+0000] {logging_mixin.py:188} INFO - [2025-07-19T14:42:59.121+0000] {dagbag.py:538} INFO - Filling up the DagBag from /opt/airflow/dags/check_version.py
[2025-07-19T14:42:59.132+0000] {processor.py:840} INFO - DAG(s) 'check_sklearn_version' retrieved from /opt/airflow/dags/check_version.py
[2025-07-19T14:42:59.160+0000] {logging_mixin.py:188} INFO - [2025-07-19T14:42:59.160+0000] {dag.py:3036} INFO - Sync 1 DAGs
[2025-07-19T14:42:59.172+0000] {logging_mixin.py:188} INFO - [2025-07-19T14:42:59.172+0000] {dag.py:3823} INFO - Setting next_dagrun for check_sklearn_version to None, run_after=None
[2025-07-19T14:42:59.192+0000] {processor.py:183} INFO - Processing /opt/airflow/dags/check_version.py took 0.076 seconds
[2025-07-19T14:43:29.748+0000] {processor.py:161} INFO - Started process (PID=8377) to work on /opt/airflow/dags/check_version.py
[2025-07-19T14:43:29.748+0000] {processor.py:830} INFO - Processing file /opt/airflow/dags/check_version.py for tasks to queue
[2025-07-19T14:43:29.749+0000] {logging_mixin.py:188} INFO - [2025-07-19T14:43:29.749+0000] {dagbag.py:538} INFO - Filling up the DagBag from /opt/airflow/dags/check_version.py
[2025-07-19T14:43:29.758+0000] {processor.py:840} INFO - DAG(s) 'check_sklearn_version' retrieved from /opt/airflow/dags/check_version.py
[2025-07-19T14:43:29.784+0000] {logging_mixin.py:188} INFO - [2025-07-19T14:43:29.784+0000] {dag.py:3036} INFO - Sync 1 DAGs
[2025-07-19T14:43:29.797+0000] {logging_mixin.py:188} INFO - [2025-07-19T14:43:29.797+0000] {dag.py:3823} INFO - Setting next_dagrun for check_sklearn_version to None, run_after=None
[2025-07-19T14:43:29.816+0000] {processor.py:183} INFO - Processing /opt/airflow/dags/check_version.py took 0.071 seconds
[2025-07-19T14:44:00.483+0000] {processor.py:161} INFO - Started process (PID=8412) to work on /opt/airflow/dags/check_version.py
[2025-07-19T14:44:00.484+0000] {processor.py:830} INFO - Processing file /opt/airflow/dags/check_version.py for tasks to queue
[2025-07-19T14:44:00.485+0000] {logging_mixin.py:188} INFO - [2025-07-19T14:44:00.485+0000] {dagbag.py:538} INFO - Filling up the DagBag from /opt/airflow/dags/check_version.py
[2025-07-19T14:44:00.522+0000] {processor.py:840} INFO - DAG(s) 'check_sklearn_version' retrieved from /opt/airflow/dags/check_version.py
[2025-07-19T14:44:00.545+0000] {logging_mixin.py:188} INFO - [2025-07-19T14:44:00.545+0000] {dag.py:3036} INFO - Sync 1 DAGs
[2025-07-19T14:44:00.556+0000] {logging_mixin.py:188} INFO - [2025-07-19T14:44:00.556+0000] {dag.py:3823} INFO - Setting next_dagrun for check_sklearn_version to None, run_after=None
[2025-07-19T14:44:00.574+0000] {processor.py:183} INFO - Processing /opt/airflow/dags/check_version.py took 0.094 seconds
[2025-07-19T14:44:31.211+0000] {processor.py:161} INFO - Started process (PID=8447) to work on /opt/airflow/dags/check_version.py
[2025-07-19T14:44:31.212+0000] {processor.py:830} INFO - Processing file /opt/airflow/dags/check_version.py for tasks to queue
[2025-07-19T14:44:31.213+0000] {logging_mixin.py:188} INFO - [2025-07-19T14:44:31.212+0000] {dagbag.py:538} INFO - Filling up the DagBag from /opt/airflow/dags/check_version.py
[2025-07-19T14:44:31.223+0000] {processor.py:840} INFO - DAG(s) 'check_sklearn_version' retrieved from /opt/airflow/dags/check_version.py
[2025-07-19T14:44:31.246+0000] {logging_mixin.py:188} INFO - [2025-07-19T14:44:31.246+0000] {dag.py:3036} INFO - Sync 1 DAGs
[2025-07-19T14:44:31.257+0000] {logging_mixin.py:188} INFO - [2025-07-19T14:44:31.257+0000] {dag.py:3823} INFO - Setting next_dagrun for check_sklearn_version to None, run_after=None
[2025-07-19T14:44:31.278+0000] {processor.py:183} INFO - Processing /opt/airflow/dags/check_version.py took 0.071 seconds
[2025-07-19T14:45:01.667+0000] {processor.py:161} INFO - Started process (PID=8482) to work on /opt/airflow/dags/check_version.py
[2025-07-19T14:45:01.668+0000] {processor.py:830} INFO - Processing file /opt/airflow/dags/check_version.py for tasks to queue
[2025-07-19T14:45:01.669+0000] {logging_mixin.py:188} INFO - [2025-07-19T14:45:01.669+0000] {dagbag.py:538} INFO - Filling up the DagBag from /opt/airflow/dags/check_version.py
[2025-07-19T14:45:01.688+0000] {processor.py:840} INFO - DAG(s) 'check_sklearn_version' retrieved from /opt/airflow/dags/check_version.py
[2025-07-19T14:45:01.711+0000] {logging_mixin.py:188} INFO - [2025-07-19T14:45:01.710+0000] {dag.py:3036} INFO - Sync 1 DAGs
[2025-07-19T14:45:01.722+0000] {logging_mixin.py:188} INFO - [2025-07-19T14:45:01.722+0000] {dag.py:3823} INFO - Setting next_dagrun for check_sklearn_version to None, run_after=None
[2025-07-19T14:45:01.743+0000] {processor.py:183} INFO - Processing /opt/airflow/dags/check_version.py took 0.079 seconds
[2025-07-19T14:45:32.459+0000] {processor.py:161} INFO - Started process (PID=8517) to work on /opt/airflow/dags/check_version.py
[2025-07-19T14:45:32.461+0000] {processor.py:830} INFO - Processing file /opt/airflow/dags/check_version.py for tasks to queue
[2025-07-19T14:45:32.461+0000] {logging_mixin.py:188} INFO - [2025-07-19T14:45:32.461+0000] {dagbag.py:538} INFO - Filling up the DagBag from /opt/airflow/dags/check_version.py
[2025-07-19T14:45:32.471+0000] {processor.py:840} INFO - DAG(s) 'check_sklearn_version' retrieved from /opt/airflow/dags/check_version.py
[2025-07-19T14:45:32.493+0000] {logging_mixin.py:188} INFO - [2025-07-19T14:45:32.493+0000] {dag.py:3036} INFO - Sync 1 DAGs
[2025-07-19T14:45:32.504+0000] {logging_mixin.py:188} INFO - [2025-07-19T14:45:32.504+0000] {dag.py:3823} INFO - Setting next_dagrun for check_sklearn_version to None, run_after=None
[2025-07-19T14:45:32.525+0000] {processor.py:183} INFO - Processing /opt/airflow/dags/check_version.py took 0.068 seconds
[2025-07-19T14:46:03.102+0000] {processor.py:161} INFO - Started process (PID=8552) to work on /opt/airflow/dags/check_version.py
[2025-07-19T14:46:03.104+0000] {processor.py:830} INFO - Processing file /opt/airflow/dags/check_version.py for tasks to queue
[2025-07-19T14:46:03.105+0000] {logging_mixin.py:188} INFO - [2025-07-19T14:46:03.105+0000] {dagbag.py:538} INFO - Filling up the DagBag from /opt/airflow/dags/check_version.py
[2025-07-19T14:46:03.116+0000] {processor.py:840} INFO - DAG(s) 'check_sklearn_version' retrieved from /opt/airflow/dags/check_version.py
[2025-07-19T14:46:03.139+0000] {logging_mixin.py:188} INFO - [2025-07-19T14:46:03.139+0000] {dag.py:3036} INFO - Sync 1 DAGs
[2025-07-19T14:46:03.150+0000] {logging_mixin.py:188} INFO - [2025-07-19T14:46:03.150+0000] {dag.py:3823} INFO - Setting next_dagrun for check_sklearn_version to None, run_after=None
[2025-07-19T14:46:03.169+0000] {processor.py:183} INFO - Processing /opt/airflow/dags/check_version.py took 0.070 seconds
[2025-07-19T14:46:33.771+0000] {processor.py:161} INFO - Started process (PID=8587) to work on /opt/airflow/dags/check_version.py
[2025-07-19T14:46:33.772+0000] {processor.py:830} INFO - Processing file /opt/airflow/dags/check_version.py for tasks to queue
[2025-07-19T14:46:33.773+0000] {logging_mixin.py:188} INFO - [2025-07-19T14:46:33.772+0000] {dagbag.py:538} INFO - Filling up the DagBag from /opt/airflow/dags/check_version.py
[2025-07-19T14:46:33.783+0000] {processor.py:840} INFO - DAG(s) 'check_sklearn_version' retrieved from /opt/airflow/dags/check_version.py
[2025-07-19T14:46:33.806+0000] {logging_mixin.py:188} INFO - [2025-07-19T14:46:33.805+0000] {dag.py:3036} INFO - Sync 1 DAGs
[2025-07-19T14:46:33.817+0000] {logging_mixin.py:188} INFO - [2025-07-19T14:46:33.816+0000] {dag.py:3823} INFO - Setting next_dagrun for check_sklearn_version to None, run_after=None
[2025-07-19T14:46:33.835+0000] {processor.py:183} INFO - Processing /opt/airflow/dags/check_version.py took 0.068 seconds
[2025-07-19T14:47:04.319+0000] {processor.py:161} INFO - Started process (PID=8622) to work on /opt/airflow/dags/check_version.py
[2025-07-19T14:47:04.320+0000] {processor.py:830} INFO - Processing file /opt/airflow/dags/check_version.py for tasks to queue
[2025-07-19T14:47:04.320+0000] {logging_mixin.py:188} INFO - [2025-07-19T14:47:04.320+0000] {dagbag.py:538} INFO - Filling up the DagBag from /opt/airflow/dags/check_version.py
[2025-07-19T14:47:04.331+0000] {processor.py:840} INFO - DAG(s) 'check_sklearn_version' retrieved from /opt/airflow/dags/check_version.py
[2025-07-19T14:47:04.354+0000] {logging_mixin.py:188} INFO - [2025-07-19T14:47:04.354+0000] {dag.py:3036} INFO - Sync 1 DAGs
[2025-07-19T14:47:04.366+0000] {logging_mixin.py:188} INFO - [2025-07-19T14:47:04.365+0000] {dag.py:3823} INFO - Setting next_dagrun for check_sklearn_version to None, run_after=None
[2025-07-19T14:47:04.384+0000] {processor.py:183} INFO - Processing /opt/airflow/dags/check_version.py took 0.069 seconds
[2025-07-19T14:47:34.854+0000] {processor.py:161} INFO - Started process (PID=8657) to work on /opt/airflow/dags/check_version.py
[2025-07-19T14:47:34.855+0000] {processor.py:830} INFO - Processing file /opt/airflow/dags/check_version.py for tasks to queue
[2025-07-19T14:47:34.856+0000] {logging_mixin.py:188} INFO - [2025-07-19T14:47:34.856+0000] {dagbag.py:538} INFO - Filling up the DagBag from /opt/airflow/dags/check_version.py
[2025-07-19T14:47:34.887+0000] {processor.py:840} INFO - DAG(s) 'check_sklearn_version' retrieved from /opt/airflow/dags/check_version.py
[2025-07-19T14:47:34.910+0000] {logging_mixin.py:188} INFO - [2025-07-19T14:47:34.910+0000] {dag.py:3036} INFO - Sync 1 DAGs
[2025-07-19T14:47:34.921+0000] {logging_mixin.py:188} INFO - [2025-07-19T14:47:34.921+0000] {dag.py:3823} INFO - Setting next_dagrun for check_sklearn_version to None, run_after=None
[2025-07-19T14:47:34.939+0000] {processor.py:183} INFO - Processing /opt/airflow/dags/check_version.py took 0.088 seconds
[2025-07-19T14:48:05.564+0000] {processor.py:161} INFO - Started process (PID=8692) to work on /opt/airflow/dags/check_version.py
[2025-07-19T14:48:05.565+0000] {processor.py:830} INFO - Processing file /opt/airflow/dags/check_version.py for tasks to queue
[2025-07-19T14:48:05.566+0000] {logging_mixin.py:188} INFO - [2025-07-19T14:48:05.565+0000] {dagbag.py:538} INFO - Filling up the DagBag from /opt/airflow/dags/check_version.py
[2025-07-19T14:48:05.576+0000] {processor.py:840} INFO - DAG(s) 'check_sklearn_version' retrieved from /opt/airflow/dags/check_version.py
[2025-07-19T14:48:05.598+0000] {logging_mixin.py:188} INFO - [2025-07-19T14:48:05.598+0000] {dag.py:3036} INFO - Sync 1 DAGs
[2025-07-19T14:48:05.609+0000] {logging_mixin.py:188} INFO - [2025-07-19T14:48:05.609+0000] {dag.py:3823} INFO - Setting next_dagrun for check_sklearn_version to None, run_after=None
[2025-07-19T14:48:05.627+0000] {processor.py:183} INFO - Processing /opt/airflow/dags/check_version.py took 0.066 seconds
[2025-07-19T14:48:36.188+0000] {processor.py:161} INFO - Started process (PID=8727) to work on /opt/airflow/dags/check_version.py
[2025-07-19T14:48:36.189+0000] {processor.py:830} INFO - Processing file /opt/airflow/dags/check_version.py for tasks to queue
[2025-07-19T14:48:36.190+0000] {logging_mixin.py:188} INFO - [2025-07-19T14:48:36.190+0000] {dagbag.py:538} INFO - Filling up the DagBag from /opt/airflow/dags/check_version.py
[2025-07-19T14:48:36.199+0000] {processor.py:840} INFO - DAG(s) 'check_sklearn_version' retrieved from /opt/airflow/dags/check_version.py
[2025-07-19T14:48:36.221+0000] {logging_mixin.py:188} INFO - [2025-07-19T14:48:36.221+0000] {dag.py:3036} INFO - Sync 1 DAGs
[2025-07-19T14:48:36.233+0000] {logging_mixin.py:188} INFO - [2025-07-19T14:48:36.232+0000] {dag.py:3823} INFO - Setting next_dagrun for check_sklearn_version to None, run_after=None
[2025-07-19T14:48:36.263+0000] {processor.py:183} INFO - Processing /opt/airflow/dags/check_version.py took 0.078 seconds
[2025-07-19T14:49:06.731+0000] {processor.py:161} INFO - Started process (PID=8762) to work on /opt/airflow/dags/check_version.py
[2025-07-19T14:49:06.732+0000] {processor.py:830} INFO - Processing file /opt/airflow/dags/check_version.py for tasks to queue
[2025-07-19T14:49:06.733+0000] {logging_mixin.py:188} INFO - [2025-07-19T14:49:06.732+0000] {dagbag.py:538} INFO - Filling up the DagBag from /opt/airflow/dags/check_version.py
[2025-07-19T14:49:06.742+0000] {processor.py:840} INFO - DAG(s) 'check_sklearn_version' retrieved from /opt/airflow/dags/check_version.py
[2025-07-19T14:49:06.766+0000] {logging_mixin.py:188} INFO - [2025-07-19T14:49:06.765+0000] {dag.py:3036} INFO - Sync 1 DAGs
[2025-07-19T14:49:06.776+0000] {logging_mixin.py:188} INFO - [2025-07-19T14:49:06.776+0000] {dag.py:3823} INFO - Setting next_dagrun for check_sklearn_version to None, run_after=None
[2025-07-19T14:49:06.795+0000] {processor.py:183} INFO - Processing /opt/airflow/dags/check_version.py took 0.067 seconds
[2025-07-19T14:49:37.289+0000] {processor.py:161} INFO - Started process (PID=8797) to work on /opt/airflow/dags/check_version.py
[2025-07-19T14:49:37.290+0000] {processor.py:830} INFO - Processing file /opt/airflow/dags/check_version.py for tasks to queue
[2025-07-19T14:49:37.291+0000] {logging_mixin.py:188} INFO - [2025-07-19T14:49:37.291+0000] {dagbag.py:538} INFO - Filling up the DagBag from /opt/airflow/dags/check_version.py
[2025-07-19T14:49:37.301+0000] {processor.py:840} INFO - DAG(s) 'check_sklearn_version' retrieved from /opt/airflow/dags/check_version.py
[2025-07-19T14:49:37.324+0000] {logging_mixin.py:188} INFO - [2025-07-19T14:49:37.323+0000] {dag.py:3036} INFO - Sync 1 DAGs
[2025-07-19T14:49:37.336+0000] {logging_mixin.py:188} INFO - [2025-07-19T14:49:37.336+0000] {dag.py:3823} INFO - Setting next_dagrun for check_sklearn_version to None, run_after=None
[2025-07-19T14:49:37.357+0000] {processor.py:183} INFO - Processing /opt/airflow/dags/check_version.py took 0.071 seconds
[2025-07-19T14:50:07.847+0000] {processor.py:161} INFO - Started process (PID=8832) to work on /opt/airflow/dags/check_version.py
[2025-07-19T14:50:07.848+0000] {processor.py:830} INFO - Processing file /opt/airflow/dags/check_version.py for tasks to queue
[2025-07-19T14:50:07.849+0000] {logging_mixin.py:188} INFO - [2025-07-19T14:50:07.849+0000] {dagbag.py:538} INFO - Filling up the DagBag from /opt/airflow/dags/check_version.py
[2025-07-19T14:50:07.860+0000] {processor.py:840} INFO - DAG(s) 'check_sklearn_version' retrieved from /opt/airflow/dags/check_version.py
[2025-07-19T14:50:07.882+0000] {logging_mixin.py:188} INFO - [2025-07-19T14:50:07.882+0000] {dag.py:3036} INFO - Sync 1 DAGs
[2025-07-19T14:50:07.893+0000] {logging_mixin.py:188} INFO - [2025-07-19T14:50:07.893+0000] {dag.py:3823} INFO - Setting next_dagrun for check_sklearn_version to None, run_after=None
[2025-07-19T14:50:07.911+0000] {processor.py:183} INFO - Processing /opt/airflow/dags/check_version.py took 0.067 seconds
[2025-07-19T14:50:38.385+0000] {processor.py:161} INFO - Started process (PID=8867) to work on /opt/airflow/dags/check_version.py
[2025-07-19T14:50:38.386+0000] {processor.py:830} INFO - Processing file /opt/airflow/dags/check_version.py for tasks to queue
[2025-07-19T14:50:38.387+0000] {logging_mixin.py:188} INFO - [2025-07-19T14:50:38.386+0000] {dagbag.py:538} INFO - Filling up the DagBag from /opt/airflow/dags/check_version.py
[2025-07-19T14:50:38.396+0000] {processor.py:840} INFO - DAG(s) 'check_sklearn_version' retrieved from /opt/airflow/dags/check_version.py
[2025-07-19T14:50:38.421+0000] {logging_mixin.py:188} INFO - [2025-07-19T14:50:38.420+0000] {dag.py:3036} INFO - Sync 1 DAGs
[2025-07-19T14:50:38.434+0000] {logging_mixin.py:188} INFO - [2025-07-19T14:50:38.433+0000] {dag.py:3823} INFO - Setting next_dagrun for check_sklearn_version to None, run_after=None
[2025-07-19T14:50:38.454+0000] {processor.py:183} INFO - Processing /opt/airflow/dags/check_version.py took 0.073 seconds
[2025-07-19T14:51:09.036+0000] {processor.py:161} INFO - Started process (PID=8902) to work on /opt/airflow/dags/check_version.py
[2025-07-19T14:51:09.037+0000] {processor.py:830} INFO - Processing file /opt/airflow/dags/check_version.py for tasks to queue
[2025-07-19T14:51:09.038+0000] {logging_mixin.py:188} INFO - [2025-07-19T14:51:09.037+0000] {dagbag.py:538} INFO - Filling up the DagBag from /opt/airflow/dags/check_version.py
[2025-07-19T14:51:09.048+0000] {processor.py:840} INFO - DAG(s) 'check_sklearn_version' retrieved from /opt/airflow/dags/check_version.py
[2025-07-19T14:51:09.071+0000] {logging_mixin.py:188} INFO - [2025-07-19T14:51:09.070+0000] {dag.py:3036} INFO - Sync 1 DAGs
[2025-07-19T14:51:09.082+0000] {logging_mixin.py:188} INFO - [2025-07-19T14:51:09.082+0000] {dag.py:3823} INFO - Setting next_dagrun for check_sklearn_version to None, run_after=None
[2025-07-19T14:51:09.104+0000] {processor.py:183} INFO - Processing /opt/airflow/dags/check_version.py took 0.071 seconds
[2025-07-19T14:51:39.549+0000] {processor.py:161} INFO - Started process (PID=8937) to work on /opt/airflow/dags/check_version.py
[2025-07-19T14:51:39.550+0000] {processor.py:830} INFO - Processing file /opt/airflow/dags/check_version.py for tasks to queue
[2025-07-19T14:51:39.551+0000] {logging_mixin.py:188} INFO - [2025-07-19T14:51:39.551+0000] {dagbag.py:538} INFO - Filling up the DagBag from /opt/airflow/dags/check_version.py
[2025-07-19T14:51:39.560+0000] {processor.py:840} INFO - DAG(s) 'check_sklearn_version' retrieved from /opt/airflow/dags/check_version.py
[2025-07-19T14:51:39.584+0000] {logging_mixin.py:188} INFO - [2025-07-19T14:51:39.583+0000] {dag.py:3036} INFO - Sync 1 DAGs
[2025-07-19T14:51:39.594+0000] {logging_mixin.py:188} INFO - [2025-07-19T14:51:39.594+0000] {dag.py:3823} INFO - Setting next_dagrun for check_sklearn_version to None, run_after=None
[2025-07-19T14:51:39.612+0000] {processor.py:183} INFO - Processing /opt/airflow/dags/check_version.py took 0.066 seconds
[2025-07-19T14:52:11.733+0000] {processor.py:161} INFO - Started process (PID=8965) to work on /opt/airflow/dags/check_version.py
[2025-07-19T14:52:11.734+0000] {processor.py:830} INFO - Processing file /opt/airflow/dags/check_version.py for tasks to queue
[2025-07-19T14:52:11.735+0000] {logging_mixin.py:188} INFO - [2025-07-19T14:52:11.735+0000] {dagbag.py:538} INFO - Filling up the DagBag from /opt/airflow/dags/check_version.py
[2025-07-19T14:52:11.745+0000] {processor.py:840} INFO - DAG(s) 'check_sklearn_version' retrieved from /opt/airflow/dags/check_version.py
[2025-07-19T14:52:13.428+0000] {logging_mixin.py:188} INFO - [2025-07-19T14:52:13.428+0000] {dag.py:3036} INFO - Sync 1 DAGs
[2025-07-19T14:52:14.965+0000] {logging_mixin.py:188} INFO - [2025-07-19T14:52:14.964+0000] {dag.py:3823} INFO - Setting next_dagrun for check_sklearn_version to None, run_after=None
[2025-07-19T14:52:16.643+0000] {processor.py:183} INFO - Processing /opt/airflow/dags/check_version.py took 4.912 seconds
[2025-07-19T14:52:52.865+0000] {processor.py:161} INFO - Started process (PID=8990) to work on /opt/airflow/dags/check_version.py
[2025-07-19T14:52:52.866+0000] {processor.py:830} INFO - Processing file /opt/airflow/dags/check_version.py for tasks to queue
[2025-07-19T14:52:52.867+0000] {logging_mixin.py:188} INFO - [2025-07-19T14:52:52.866+0000] {dagbag.py:538} INFO - Filling up the DagBag from /opt/airflow/dags/check_version.py
[2025-07-19T14:52:52.877+0000] {processor.py:840} INFO - DAG(s) 'check_sklearn_version' retrieved from /opt/airflow/dags/check_version.py
[2025-07-19T14:52:52.898+0000] {logging_mixin.py:188} INFO - [2025-07-19T14:52:52.898+0000] {dag.py:3036} INFO - Sync 1 DAGs
[2025-07-19T14:52:52.909+0000] {logging_mixin.py:188} INFO - [2025-07-19T14:52:52.909+0000] {dag.py:3823} INFO - Setting next_dagrun for check_sklearn_version to None, run_after=None
[2025-07-19T14:52:52.927+0000] {processor.py:183} INFO - Processing /opt/airflow/dags/check_version.py took 0.066 seconds
[2025-07-19T14:53:23.564+0000] {processor.py:161} INFO - Started process (PID=9022) to work on /opt/airflow/dags/check_version.py
[2025-07-19T14:53:23.565+0000] {processor.py:830} INFO - Processing file /opt/airflow/dags/check_version.py for tasks to queue
[2025-07-19T14:53:23.566+0000] {logging_mixin.py:188} INFO - [2025-07-19T14:53:23.566+0000] {dagbag.py:538} INFO - Filling up the DagBag from /opt/airflow/dags/check_version.py
[2025-07-19T14:53:23.575+0000] {processor.py:840} INFO - DAG(s) 'check_sklearn_version' retrieved from /opt/airflow/dags/check_version.py
[2025-07-19T14:53:24.105+0000] {logging_mixin.py:188} INFO - [2025-07-19T14:53:24.072+0000] {dag.py:3036} INFO - Sync 1 DAGs
[2025-07-19T14:53:24.838+0000] {logging_mixin.py:188} INFO - [2025-07-19T14:53:24.838+0000] {dag.py:3823} INFO - Setting next_dagrun for check_sklearn_version to None, run_after=None
[2025-07-19T14:53:25.076+0000] {processor.py:183} INFO - Processing /opt/airflow/dags/check_version.py took 1.515 seconds
[2025-07-19T14:53:55.773+0000] {processor.py:161} INFO - Started process (PID=9057) to work on /opt/airflow/dags/check_version.py
[2025-07-19T14:53:55.774+0000] {processor.py:830} INFO - Processing file /opt/airflow/dags/check_version.py for tasks to queue
[2025-07-19T14:53:55.775+0000] {logging_mixin.py:188} INFO - [2025-07-19T14:53:55.775+0000] {dagbag.py:538} INFO - Filling up the DagBag from /opt/airflow/dags/check_version.py
[2025-07-19T14:53:55.785+0000] {processor.py:840} INFO - DAG(s) 'check_sklearn_version' retrieved from /opt/airflow/dags/check_version.py
[2025-07-19T14:53:55.813+0000] {logging_mixin.py:188} INFO - [2025-07-19T14:53:55.813+0000] {dag.py:3036} INFO - Sync 1 DAGs
[2025-07-19T14:53:55.826+0000] {logging_mixin.py:188} INFO - [2025-07-19T14:53:55.826+0000] {dag.py:3823} INFO - Setting next_dagrun for check_sklearn_version to None, run_after=None
[2025-07-19T14:53:55.843+0000] {processor.py:183} INFO - Processing /opt/airflow/dags/check_version.py took 0.073 seconds
[2025-07-19T14:54:26.647+0000] {processor.py:161} INFO - Started process (PID=9092) to work on /opt/airflow/dags/check_version.py
[2025-07-19T14:54:26.647+0000] {processor.py:830} INFO - Processing file /opt/airflow/dags/check_version.py for tasks to queue
[2025-07-19T14:54:26.648+0000] {logging_mixin.py:188} INFO - [2025-07-19T14:54:26.648+0000] {dagbag.py:538} INFO - Filling up the DagBag from /opt/airflow/dags/check_version.py
[2025-07-19T14:54:26.657+0000] {processor.py:840} INFO - DAG(s) 'check_sklearn_version' retrieved from /opt/airflow/dags/check_version.py
[2025-07-19T14:54:26.680+0000] {logging_mixin.py:188} INFO - [2025-07-19T14:54:26.679+0000] {dag.py:3036} INFO - Sync 1 DAGs
[2025-07-19T14:54:26.692+0000] {logging_mixin.py:188} INFO - [2025-07-19T14:54:26.691+0000] {dag.py:3823} INFO - Setting next_dagrun for check_sklearn_version to None, run_after=None
[2025-07-19T14:54:26.715+0000] {processor.py:183} INFO - Processing /opt/airflow/dags/check_version.py took 0.071 seconds
[2025-07-19T14:54:57.359+0000] {processor.py:161} INFO - Started process (PID=9127) to work on /opt/airflow/dags/check_version.py
[2025-07-19T14:54:57.360+0000] {processor.py:830} INFO - Processing file /opt/airflow/dags/check_version.py for tasks to queue
[2025-07-19T14:54:57.361+0000] {logging_mixin.py:188} INFO - [2025-07-19T14:54:57.361+0000] {dagbag.py:538} INFO - Filling up the DagBag from /opt/airflow/dags/check_version.py
[2025-07-19T14:54:57.372+0000] {processor.py:840} INFO - DAG(s) 'check_sklearn_version' retrieved from /opt/airflow/dags/check_version.py
[2025-07-19T14:54:57.397+0000] {logging_mixin.py:188} INFO - [2025-07-19T14:54:57.397+0000] {dag.py:3036} INFO - Sync 1 DAGs
[2025-07-19T14:54:57.409+0000] {logging_mixin.py:188} INFO - [2025-07-19T14:54:57.409+0000] {dag.py:3823} INFO - Setting next_dagrun for check_sklearn_version to None, run_after=None
[2025-07-19T14:54:57.428+0000] {processor.py:183} INFO - Processing /opt/airflow/dags/check_version.py took 0.073 seconds
[2025-07-19T14:55:27.960+0000] {processor.py:161} INFO - Started process (PID=9162) to work on /opt/airflow/dags/check_version.py
[2025-07-19T14:55:27.961+0000] {processor.py:830} INFO - Processing file /opt/airflow/dags/check_version.py for tasks to queue
[2025-07-19T14:55:27.961+0000] {logging_mixin.py:188} INFO - [2025-07-19T14:55:27.961+0000] {dagbag.py:538} INFO - Filling up the DagBag from /opt/airflow/dags/check_version.py
[2025-07-19T14:55:27.971+0000] {processor.py:840} INFO - DAG(s) 'check_sklearn_version' retrieved from /opt/airflow/dags/check_version.py
[2025-07-19T14:55:27.995+0000] {logging_mixin.py:188} INFO - [2025-07-19T14:55:27.994+0000] {dag.py:3036} INFO - Sync 1 DAGs
[2025-07-19T14:55:28.005+0000] {logging_mixin.py:188} INFO - [2025-07-19T14:55:28.005+0000] {dag.py:3823} INFO - Setting next_dagrun for check_sklearn_version to None, run_after=None
[2025-07-19T14:55:28.031+0000] {processor.py:183} INFO - Processing /opt/airflow/dags/check_version.py took 0.074 seconds
[2025-07-19T14:55:58.806+0000] {processor.py:161} INFO - Started process (PID=9197) to work on /opt/airflow/dags/check_version.py
[2025-07-19T14:55:58.807+0000] {processor.py:830} INFO - Processing file /opt/airflow/dags/check_version.py for tasks to queue
[2025-07-19T14:55:58.808+0000] {logging_mixin.py:188} INFO - [2025-07-19T14:55:58.808+0000] {dagbag.py:538} INFO - Filling up the DagBag from /opt/airflow/dags/check_version.py
[2025-07-19T14:55:58.817+0000] {processor.py:840} INFO - DAG(s) 'check_sklearn_version' retrieved from /opt/airflow/dags/check_version.py
[2025-07-19T14:55:58.842+0000] {logging_mixin.py:188} INFO - [2025-07-19T14:55:58.841+0000] {dag.py:3036} INFO - Sync 1 DAGs
[2025-07-19T14:55:58.854+0000] {logging_mixin.py:188} INFO - [2025-07-19T14:55:58.853+0000] {dag.py:3823} INFO - Setting next_dagrun for check_sklearn_version to None, run_after=None
[2025-07-19T14:55:58.871+0000] {processor.py:183} INFO - Processing /opt/airflow/dags/check_version.py took 0.069 seconds
[2025-07-19T14:56:29.410+0000] {processor.py:161} INFO - Started process (PID=9232) to work on /opt/airflow/dags/check_version.py
[2025-07-19T14:56:29.411+0000] {processor.py:830} INFO - Processing file /opt/airflow/dags/check_version.py for tasks to queue
[2025-07-19T14:56:29.411+0000] {logging_mixin.py:188} INFO - [2025-07-19T14:56:29.411+0000] {dagbag.py:538} INFO - Filling up the DagBag from /opt/airflow/dags/check_version.py
[2025-07-19T14:56:29.421+0000] {processor.py:840} INFO - DAG(s) 'check_sklearn_version' retrieved from /opt/airflow/dags/check_version.py
[2025-07-19T14:56:29.443+0000] {logging_mixin.py:188} INFO - [2025-07-19T14:56:29.443+0000] {dag.py:3036} INFO - Sync 1 DAGs
[2025-07-19T14:56:29.454+0000] {logging_mixin.py:188} INFO - [2025-07-19T14:56:29.454+0000] {dag.py:3823} INFO - Setting next_dagrun for check_sklearn_version to None, run_after=None
[2025-07-19T14:56:29.474+0000] {processor.py:183} INFO - Processing /opt/airflow/dags/check_version.py took 0.067 seconds
[2025-07-19T14:56:59.990+0000] {processor.py:161} INFO - Started process (PID=9267) to work on /opt/airflow/dags/check_version.py
[2025-07-19T14:56:59.991+0000] {processor.py:830} INFO - Processing file /opt/airflow/dags/check_version.py for tasks to queue
[2025-07-19T14:56:59.992+0000] {logging_mixin.py:188} INFO - [2025-07-19T14:56:59.991+0000] {dagbag.py:538} INFO - Filling up the DagBag from /opt/airflow/dags/check_version.py
[2025-07-19T14:57:00.000+0000] {processor.py:840} INFO - DAG(s) 'check_sklearn_version' retrieved from /opt/airflow/dags/check_version.py
[2025-07-19T14:57:00.027+0000] {logging_mixin.py:188} INFO - [2025-07-19T14:57:00.027+0000] {dag.py:3036} INFO - Sync 1 DAGs
[2025-07-19T14:57:00.038+0000] {logging_mixin.py:188} INFO - [2025-07-19T14:57:00.038+0000] {dag.py:3823} INFO - Setting next_dagrun for check_sklearn_version to None, run_after=None
[2025-07-19T14:57:00.057+0000] {processor.py:183} INFO - Processing /opt/airflow/dags/check_version.py took 0.070 seconds
[2025-07-19T14:57:30.597+0000] {processor.py:161} INFO - Started process (PID=9302) to work on /opt/airflow/dags/check_version.py
[2025-07-19T14:57:30.598+0000] {processor.py:830} INFO - Processing file /opt/airflow/dags/check_version.py for tasks to queue
[2025-07-19T14:57:30.599+0000] {logging_mixin.py:188} INFO - [2025-07-19T14:57:30.599+0000] {dagbag.py:538} INFO - Filling up the DagBag from /opt/airflow/dags/check_version.py
[2025-07-19T14:57:30.608+0000] {processor.py:840} INFO - DAG(s) 'check_sklearn_version' retrieved from /opt/airflow/dags/check_version.py
[2025-07-19T14:57:30.632+0000] {logging_mixin.py:188} INFO - [2025-07-19T14:57:30.631+0000] {dag.py:3036} INFO - Sync 1 DAGs
[2025-07-19T14:57:30.643+0000] {logging_mixin.py:188} INFO - [2025-07-19T14:57:30.643+0000] {dag.py:3823} INFO - Setting next_dagrun for check_sklearn_version to None, run_after=None
[2025-07-19T14:57:30.662+0000] {processor.py:183} INFO - Processing /opt/airflow/dags/check_version.py took 0.068 seconds
[2025-07-19T14:58:01.307+0000] {processor.py:161} INFO - Started process (PID=9337) to work on /opt/airflow/dags/check_version.py
[2025-07-19T14:58:01.308+0000] {processor.py:830} INFO - Processing file /opt/airflow/dags/check_version.py for tasks to queue
[2025-07-19T14:58:01.309+0000] {logging_mixin.py:188} INFO - [2025-07-19T14:58:01.309+0000] {dagbag.py:538} INFO - Filling up the DagBag from /opt/airflow/dags/check_version.py
[2025-07-19T14:58:01.318+0000] {processor.py:840} INFO - DAG(s) 'check_sklearn_version' retrieved from /opt/airflow/dags/check_version.py
[2025-07-19T14:58:01.341+0000] {logging_mixin.py:188} INFO - [2025-07-19T14:58:01.341+0000] {dag.py:3036} INFO - Sync 1 DAGs
[2025-07-19T14:58:01.353+0000] {logging_mixin.py:188} INFO - [2025-07-19T14:58:01.353+0000] {dag.py:3823} INFO - Setting next_dagrun for check_sklearn_version to None, run_after=None
[2025-07-19T14:58:01.371+0000] {processor.py:183} INFO - Processing /opt/airflow/dags/check_version.py took 0.067 seconds
[2025-07-19T14:58:31.867+0000] {processor.py:161} INFO - Started process (PID=9372) to work on /opt/airflow/dags/check_version.py
[2025-07-19T14:58:31.868+0000] {processor.py:830} INFO - Processing file /opt/airflow/dags/check_version.py for tasks to queue
[2025-07-19T14:58:31.869+0000] {logging_mixin.py:188} INFO - [2025-07-19T14:58:31.869+0000] {dagbag.py:538} INFO - Filling up the DagBag from /opt/airflow/dags/check_version.py
[2025-07-19T14:58:31.878+0000] {processor.py:840} INFO - DAG(s) 'check_sklearn_version' retrieved from /opt/airflow/dags/check_version.py
[2025-07-19T14:58:31.903+0000] {logging_mixin.py:188} INFO - [2025-07-19T14:58:31.902+0000] {dag.py:3036} INFO - Sync 1 DAGs
[2025-07-19T14:58:31.913+0000] {logging_mixin.py:188} INFO - [2025-07-19T14:58:31.913+0000] {dag.py:3823} INFO - Setting next_dagrun for check_sklearn_version to None, run_after=None
[2025-07-19T14:58:31.931+0000] {processor.py:183} INFO - Processing /opt/airflow/dags/check_version.py took 0.067 seconds
[2025-07-19T14:59:02.455+0000] {processor.py:161} INFO - Started process (PID=9407) to work on /opt/airflow/dags/check_version.py
[2025-07-19T14:59:02.456+0000] {processor.py:830} INFO - Processing file /opt/airflow/dags/check_version.py for tasks to queue
[2025-07-19T14:59:02.457+0000] {logging_mixin.py:188} INFO - [2025-07-19T14:59:02.457+0000] {dagbag.py:538} INFO - Filling up the DagBag from /opt/airflow/dags/check_version.py
[2025-07-19T14:59:02.466+0000] {processor.py:840} INFO - DAG(s) 'check_sklearn_version' retrieved from /opt/airflow/dags/check_version.py
[2025-07-19T14:59:02.491+0000] {logging_mixin.py:188} INFO - [2025-07-19T14:59:02.491+0000] {dag.py:3036} INFO - Sync 1 DAGs
[2025-07-19T14:59:02.502+0000] {logging_mixin.py:188} INFO - [2025-07-19T14:59:02.501+0000] {dag.py:3823} INFO - Setting next_dagrun for check_sklearn_version to None, run_after=None
[2025-07-19T14:59:02.520+0000] {processor.py:183} INFO - Processing /opt/airflow/dags/check_version.py took 0.068 seconds
[2025-07-19T14:59:33.025+0000] {processor.py:161} INFO - Started process (PID=9442) to work on /opt/airflow/dags/check_version.py
[2025-07-19T14:59:33.026+0000] {processor.py:830} INFO - Processing file /opt/airflow/dags/check_version.py for tasks to queue
[2025-07-19T14:59:33.026+0000] {logging_mixin.py:188} INFO - [2025-07-19T14:59:33.026+0000] {dagbag.py:538} INFO - Filling up the DagBag from /opt/airflow/dags/check_version.py
[2025-07-19T14:59:33.035+0000] {processor.py:840} INFO - DAG(s) 'check_sklearn_version' retrieved from /opt/airflow/dags/check_version.py
[2025-07-19T14:59:33.059+0000] {logging_mixin.py:188} INFO - [2025-07-19T14:59:33.059+0000] {dag.py:3036} INFO - Sync 1 DAGs
[2025-07-19T14:59:33.070+0000] {logging_mixin.py:188} INFO - [2025-07-19T14:59:33.070+0000] {dag.py:3823} INFO - Setting next_dagrun for check_sklearn_version to None, run_after=None
[2025-07-19T14:59:33.090+0000] {processor.py:183} INFO - Processing /opt/airflow/dags/check_version.py took 0.069 seconds
[2025-07-19T15:00:03.594+0000] {processor.py:161} INFO - Started process (PID=9477) to work on /opt/airflow/dags/check_version.py
[2025-07-19T15:00:03.595+0000] {processor.py:830} INFO - Processing file /opt/airflow/dags/check_version.py for tasks to queue
[2025-07-19T15:00:03.596+0000] {logging_mixin.py:188} INFO - [2025-07-19T15:00:03.596+0000] {dagbag.py:538} INFO - Filling up the DagBag from /opt/airflow/dags/check_version.py
[2025-07-19T15:00:03.605+0000] {processor.py:840} INFO - DAG(s) 'check_sklearn_version' retrieved from /opt/airflow/dags/check_version.py
[2025-07-19T15:00:03.628+0000] {logging_mixin.py:188} INFO - [2025-07-19T15:00:03.628+0000] {dag.py:3036} INFO - Sync 1 DAGs
[2025-07-19T15:00:03.639+0000] {logging_mixin.py:188} INFO - [2025-07-19T15:00:03.638+0000] {dag.py:3823} INFO - Setting next_dagrun for check_sklearn_version to None, run_after=None
[2025-07-19T15:00:03.658+0000] {processor.py:183} INFO - Processing /opt/airflow/dags/check_version.py took 0.067 seconds
[2025-07-19T15:00:34.153+0000] {processor.py:161} INFO - Started process (PID=9512) to work on /opt/airflow/dags/check_version.py
[2025-07-19T15:00:34.154+0000] {processor.py:830} INFO - Processing file /opt/airflow/dags/check_version.py for tasks to queue
[2025-07-19T15:00:34.155+0000] {logging_mixin.py:188} INFO - [2025-07-19T15:00:34.155+0000] {dagbag.py:538} INFO - Filling up the DagBag from /opt/airflow/dags/check_version.py
[2025-07-19T15:00:34.165+0000] {processor.py:840} INFO - DAG(s) 'check_sklearn_version' retrieved from /opt/airflow/dags/check_version.py
[2025-07-19T15:00:34.187+0000] {logging_mixin.py:188} INFO - [2025-07-19T15:00:34.187+0000] {dag.py:3036} INFO - Sync 1 DAGs
[2025-07-19T15:00:34.199+0000] {logging_mixin.py:188} INFO - [2025-07-19T15:00:34.199+0000] {dag.py:3823} INFO - Setting next_dagrun for check_sklearn_version to None, run_after=None
[2025-07-19T15:00:34.219+0000] {processor.py:183} INFO - Processing /opt/airflow/dags/check_version.py took 0.069 seconds
[2025-07-19T15:01:04.713+0000] {processor.py:161} INFO - Started process (PID=9547) to work on /opt/airflow/dags/check_version.py
[2025-07-19T15:01:04.715+0000] {processor.py:830} INFO - Processing file /opt/airflow/dags/check_version.py for tasks to queue
[2025-07-19T15:01:04.718+0000] {logging_mixin.py:188} INFO - [2025-07-19T15:01:04.717+0000] {dagbag.py:538} INFO - Filling up the DagBag from /opt/airflow/dags/check_version.py
[2025-07-19T15:01:04.731+0000] {processor.py:840} INFO - DAG(s) 'check_sklearn_version' retrieved from /opt/airflow/dags/check_version.py
[2025-07-19T15:01:04.761+0000] {logging_mixin.py:188} INFO - [2025-07-19T15:01:04.760+0000] {dag.py:3036} INFO - Sync 1 DAGs
[2025-07-19T15:01:04.774+0000] {logging_mixin.py:188} INFO - [2025-07-19T15:01:04.774+0000] {dag.py:3823} INFO - Setting next_dagrun for check_sklearn_version to None, run_after=None
[2025-07-19T15:01:04.793+0000] {processor.py:183} INFO - Processing /opt/airflow/dags/check_version.py took 0.090 seconds
[2025-07-19T15:01:35.268+0000] {processor.py:161} INFO - Started process (PID=9582) to work on /opt/airflow/dags/check_version.py
[2025-07-19T15:01:35.269+0000] {processor.py:830} INFO - Processing file /opt/airflow/dags/check_version.py for tasks to queue
[2025-07-19T15:01:35.270+0000] {logging_mixin.py:188} INFO - [2025-07-19T15:01:35.270+0000] {dagbag.py:538} INFO - Filling up the DagBag from /opt/airflow/dags/check_version.py
[2025-07-19T15:01:35.280+0000] {processor.py:840} INFO - DAG(s) 'check_sklearn_version' retrieved from /opt/airflow/dags/check_version.py
[2025-07-19T15:01:35.303+0000] {logging_mixin.py:188} INFO - [2025-07-19T15:01:35.302+0000] {dag.py:3036} INFO - Sync 1 DAGs
[2025-07-19T15:01:35.313+0000] {logging_mixin.py:188} INFO - [2025-07-19T15:01:35.313+0000] {dag.py:3823} INFO - Setting next_dagrun for check_sklearn_version to None, run_after=None
[2025-07-19T15:01:35.334+0000] {processor.py:183} INFO - Processing /opt/airflow/dags/check_version.py took 0.069 seconds
[2025-07-19T15:02:05.877+0000] {processor.py:161} INFO - Started process (PID=9617) to work on /opt/airflow/dags/check_version.py
[2025-07-19T15:02:05.878+0000] {processor.py:830} INFO - Processing file /opt/airflow/dags/check_version.py for tasks to queue
[2025-07-19T15:02:05.879+0000] {logging_mixin.py:188} INFO - [2025-07-19T15:02:05.878+0000] {dagbag.py:538} INFO - Filling up the DagBag from /opt/airflow/dags/check_version.py
[2025-07-19T15:02:05.887+0000] {processor.py:840} INFO - DAG(s) 'check_sklearn_version' retrieved from /opt/airflow/dags/check_version.py
[2025-07-19T15:02:05.911+0000] {logging_mixin.py:188} INFO - [2025-07-19T15:02:05.911+0000] {dag.py:3036} INFO - Sync 1 DAGs
[2025-07-19T15:02:05.924+0000] {logging_mixin.py:188} INFO - [2025-07-19T15:02:05.923+0000] {dag.py:3823} INFO - Setting next_dagrun for check_sklearn_version to None, run_after=None
[2025-07-19T15:02:05.943+0000] {processor.py:183} INFO - Processing /opt/airflow/dags/check_version.py took 0.068 seconds
[2025-07-19T15:02:36.435+0000] {processor.py:161} INFO - Started process (PID=9652) to work on /opt/airflow/dags/check_version.py
[2025-07-19T15:02:36.436+0000] {processor.py:830} INFO - Processing file /opt/airflow/dags/check_version.py for tasks to queue
[2025-07-19T15:02:36.437+0000] {logging_mixin.py:188} INFO - [2025-07-19T15:02:36.437+0000] {dagbag.py:538} INFO - Filling up the DagBag from /opt/airflow/dags/check_version.py
[2025-07-19T15:02:36.446+0000] {processor.py:840} INFO - DAG(s) 'check_sklearn_version' retrieved from /opt/airflow/dags/check_version.py
[2025-07-19T15:02:36.469+0000] {logging_mixin.py:188} INFO - [2025-07-19T15:02:36.469+0000] {dag.py:3036} INFO - Sync 1 DAGs
[2025-07-19T15:02:36.481+0000] {logging_mixin.py:188} INFO - [2025-07-19T15:02:36.480+0000] {dag.py:3823} INFO - Setting next_dagrun for check_sklearn_version to None, run_after=None
[2025-07-19T15:02:36.499+0000] {processor.py:183} INFO - Processing /opt/airflow/dags/check_version.py took 0.067 seconds
[2025-07-19T15:03:07.180+0000] {processor.py:161} INFO - Started process (PID=9687) to work on /opt/airflow/dags/check_version.py
[2025-07-19T15:03:07.181+0000] {processor.py:830} INFO - Processing file /opt/airflow/dags/check_version.py for tasks to queue
[2025-07-19T15:03:07.181+0000] {logging_mixin.py:188} INFO - [2025-07-19T15:03:07.181+0000] {dagbag.py:538} INFO - Filling up the DagBag from /opt/airflow/dags/check_version.py
[2025-07-19T15:03:07.192+0000] {processor.py:840} INFO - DAG(s) 'check_sklearn_version' retrieved from /opt/airflow/dags/check_version.py
[2025-07-19T15:03:07.215+0000] {logging_mixin.py:188} INFO - [2025-07-19T15:03:07.215+0000] {dag.py:3036} INFO - Sync 1 DAGs
[2025-07-19T15:03:07.226+0000] {logging_mixin.py:188} INFO - [2025-07-19T15:03:07.226+0000] {dag.py:3823} INFO - Setting next_dagrun for check_sklearn_version to None, run_after=None
[2025-07-19T15:03:07.245+0000] {processor.py:183} INFO - Processing /opt/airflow/dags/check_version.py took 0.068 seconds
[2025-07-19T15:03:37.740+0000] {processor.py:161} INFO - Started process (PID=9722) to work on /opt/airflow/dags/check_version.py
[2025-07-19T15:03:37.741+0000] {processor.py:830} INFO - Processing file /opt/airflow/dags/check_version.py for tasks to queue
[2025-07-19T15:03:37.742+0000] {logging_mixin.py:188} INFO - [2025-07-19T15:03:37.742+0000] {dagbag.py:538} INFO - Filling up the DagBag from /opt/airflow/dags/check_version.py
[2025-07-19T15:03:37.751+0000] {processor.py:840} INFO - DAG(s) 'check_sklearn_version' retrieved from /opt/airflow/dags/check_version.py
[2025-07-19T15:03:37.774+0000] {logging_mixin.py:188} INFO - [2025-07-19T15:03:37.773+0000] {dag.py:3036} INFO - Sync 1 DAGs
[2025-07-19T15:03:37.787+0000] {logging_mixin.py:188} INFO - [2025-07-19T15:03:37.787+0000] {dag.py:3823} INFO - Setting next_dagrun for check_sklearn_version to None, run_after=None
[2025-07-19T15:03:37.805+0000] {processor.py:183} INFO - Processing /opt/airflow/dags/check_version.py took 0.067 seconds
[2025-07-19T15:04:08.289+0000] {processor.py:161} INFO - Started process (PID=9757) to work on /opt/airflow/dags/check_version.py
[2025-07-19T15:04:08.290+0000] {processor.py:830} INFO - Processing file /opt/airflow/dags/check_version.py for tasks to queue
[2025-07-19T15:04:08.290+0000] {logging_mixin.py:188} INFO - [2025-07-19T15:04:08.290+0000] {dagbag.py:538} INFO - Filling up the DagBag from /opt/airflow/dags/check_version.py
[2025-07-19T15:04:08.300+0000] {processor.py:840} INFO - DAG(s) 'check_sklearn_version' retrieved from /opt/airflow/dags/check_version.py
[2025-07-19T15:04:08.321+0000] {logging_mixin.py:188} INFO - [2025-07-19T15:04:08.321+0000] {dag.py:3036} INFO - Sync 1 DAGs
[2025-07-19T15:04:08.332+0000] {logging_mixin.py:188} INFO - [2025-07-19T15:04:08.331+0000] {dag.py:3823} INFO - Setting next_dagrun for check_sklearn_version to None, run_after=None
[2025-07-19T15:04:08.351+0000] {processor.py:183} INFO - Processing /opt/airflow/dags/check_version.py took 0.065 seconds
[2025-07-19T15:04:38.918+0000] {processor.py:161} INFO - Started process (PID=9792) to work on /opt/airflow/dags/check_version.py
[2025-07-19T15:04:38.919+0000] {processor.py:830} INFO - Processing file /opt/airflow/dags/check_version.py for tasks to queue
[2025-07-19T15:04:38.920+0000] {logging_mixin.py:188} INFO - [2025-07-19T15:04:38.920+0000] {dagbag.py:538} INFO - Filling up the DagBag from /opt/airflow/dags/check_version.py
[2025-07-19T15:04:38.929+0000] {processor.py:840} INFO - DAG(s) 'check_sklearn_version' retrieved from /opt/airflow/dags/check_version.py
[2025-07-19T15:04:38.951+0000] {logging_mixin.py:188} INFO - [2025-07-19T15:04:38.951+0000] {dag.py:3036} INFO - Sync 1 DAGs
[2025-07-19T15:04:38.962+0000] {logging_mixin.py:188} INFO - [2025-07-19T15:04:38.962+0000] {dag.py:3823} INFO - Setting next_dagrun for check_sklearn_version to None, run_after=None
[2025-07-19T15:04:38.981+0000] {processor.py:183} INFO - Processing /opt/airflow/dags/check_version.py took 0.066 seconds
[2025-07-19T15:05:09.493+0000] {processor.py:161} INFO - Started process (PID=9827) to work on /opt/airflow/dags/check_version.py
[2025-07-19T15:05:09.494+0000] {processor.py:830} INFO - Processing file /opt/airflow/dags/check_version.py for tasks to queue
[2025-07-19T15:05:09.495+0000] {logging_mixin.py:188} INFO - [2025-07-19T15:05:09.494+0000] {dagbag.py:538} INFO - Filling up the DagBag from /opt/airflow/dags/check_version.py
[2025-07-19T15:05:09.506+0000] {processor.py:840} INFO - DAG(s) 'check_sklearn_version' retrieved from /opt/airflow/dags/check_version.py
[2025-07-19T15:05:09.529+0000] {logging_mixin.py:188} INFO - [2025-07-19T15:05:09.529+0000] {dag.py:3036} INFO - Sync 1 DAGs
[2025-07-19T15:05:09.540+0000] {logging_mixin.py:188} INFO - [2025-07-19T15:05:09.540+0000] {dag.py:3823} INFO - Setting next_dagrun for check_sklearn_version to None, run_after=None
[2025-07-19T15:05:09.560+0000] {processor.py:183} INFO - Processing /opt/airflow/dags/check_version.py took 0.070 seconds
[2025-07-19T15:05:40.057+0000] {processor.py:161} INFO - Started process (PID=9862) to work on /opt/airflow/dags/check_version.py
[2025-07-19T15:05:40.058+0000] {processor.py:830} INFO - Processing file /opt/airflow/dags/check_version.py for tasks to queue
[2025-07-19T15:05:40.059+0000] {logging_mixin.py:188} INFO - [2025-07-19T15:05:40.058+0000] {dagbag.py:538} INFO - Filling up the DagBag from /opt/airflow/dags/check_version.py
[2025-07-19T15:05:40.069+0000] {processor.py:840} INFO - DAG(s) 'check_sklearn_version' retrieved from /opt/airflow/dags/check_version.py
[2025-07-19T15:05:40.091+0000] {logging_mixin.py:188} INFO - [2025-07-19T15:05:40.091+0000] {dag.py:3036} INFO - Sync 1 DAGs
[2025-07-19T15:05:40.104+0000] {logging_mixin.py:188} INFO - [2025-07-19T15:05:40.103+0000] {dag.py:3823} INFO - Setting next_dagrun for check_sklearn_version to None, run_after=None
[2025-07-19T15:05:40.121+0000] {processor.py:183} INFO - Processing /opt/airflow/dags/check_version.py took 0.067 seconds
[2025-07-19T15:06:10.613+0000] {processor.py:161} INFO - Started process (PID=9897) to work on /opt/airflow/dags/check_version.py
[2025-07-19T15:06:10.614+0000] {processor.py:830} INFO - Processing file /opt/airflow/dags/check_version.py for tasks to queue
[2025-07-19T15:06:10.615+0000] {logging_mixin.py:188} INFO - [2025-07-19T15:06:10.614+0000] {dagbag.py:538} INFO - Filling up the DagBag from /opt/airflow/dags/check_version.py
[2025-07-19T15:06:10.624+0000] {processor.py:840} INFO - DAG(s) 'check_sklearn_version' retrieved from /opt/airflow/dags/check_version.py
[2025-07-19T15:06:10.645+0000] {logging_mixin.py:188} INFO - [2025-07-19T15:06:10.645+0000] {dag.py:3036} INFO - Sync 1 DAGs
[2025-07-19T15:06:10.656+0000] {logging_mixin.py:188} INFO - [2025-07-19T15:06:10.656+0000] {dag.py:3823} INFO - Setting next_dagrun for check_sklearn_version to None, run_after=None
[2025-07-19T15:06:10.674+0000] {processor.py:183} INFO - Processing /opt/airflow/dags/check_version.py took 0.063 seconds
[2025-07-19T15:06:41.161+0000] {processor.py:161} INFO - Started process (PID=9932) to work on /opt/airflow/dags/check_version.py
[2025-07-19T15:06:41.162+0000] {processor.py:830} INFO - Processing file /opt/airflow/dags/check_version.py for tasks to queue
[2025-07-19T15:06:41.163+0000] {logging_mixin.py:188} INFO - [2025-07-19T15:06:41.162+0000] {dagbag.py:538} INFO - Filling up the DagBag from /opt/airflow/dags/check_version.py
[2025-07-19T15:06:41.477+0000] {processor.py:840} INFO - DAG(s) 'check_sklearn_version' retrieved from /opt/airflow/dags/check_version.py
[2025-07-19T15:06:41.500+0000] {logging_mixin.py:188} INFO - [2025-07-19T15:06:41.500+0000] {dag.py:3036} INFO - Sync 1 DAGs
[2025-07-19T15:06:41.511+0000] {logging_mixin.py:188} INFO - [2025-07-19T15:06:41.510+0000] {dag.py:3823} INFO - Setting next_dagrun for check_sklearn_version to None, run_after=None
[2025-07-19T15:06:41.530+0000] {processor.py:183} INFO - Processing /opt/airflow/dags/check_version.py took 0.373 seconds
[2025-07-19T15:07:11.634+0000] {processor.py:161} INFO - Started process (PID=9967) to work on /opt/airflow/dags/check_version.py
[2025-07-19T15:07:11.635+0000] {processor.py:830} INFO - Processing file /opt/airflow/dags/check_version.py for tasks to queue
[2025-07-19T15:07:11.635+0000] {logging_mixin.py:188} INFO - [2025-07-19T15:07:11.635+0000] {dagbag.py:538} INFO - Filling up the DagBag from /opt/airflow/dags/check_version.py
[2025-07-19T15:07:11.645+0000] {processor.py:840} INFO - DAG(s) 'check_sklearn_version' retrieved from /opt/airflow/dags/check_version.py
[2025-07-19T15:07:11.668+0000] {logging_mixin.py:188} INFO - [2025-07-19T15:07:11.667+0000] {dag.py:3036} INFO - Sync 1 DAGs
[2025-07-19T15:07:11.678+0000] {logging_mixin.py:188} INFO - [2025-07-19T15:07:11.678+0000] {dag.py:3823} INFO - Setting next_dagrun for check_sklearn_version to None, run_after=None
[2025-07-19T15:07:11.696+0000] {processor.py:183} INFO - Processing /opt/airflow/dags/check_version.py took 0.065 seconds
[2025-07-19T15:07:42.272+0000] {processor.py:161} INFO - Started process (PID=10002) to work on /opt/airflow/dags/check_version.py
[2025-07-19T15:07:42.273+0000] {processor.py:830} INFO - Processing file /opt/airflow/dags/check_version.py for tasks to queue
[2025-07-19T15:07:42.274+0000] {logging_mixin.py:188} INFO - [2025-07-19T15:07:42.273+0000] {dagbag.py:538} INFO - Filling up the DagBag from /opt/airflow/dags/check_version.py
[2025-07-19T15:07:42.283+0000] {processor.py:840} INFO - DAG(s) 'check_sklearn_version' retrieved from /opt/airflow/dags/check_version.py
[2025-07-19T15:07:42.305+0000] {logging_mixin.py:188} INFO - [2025-07-19T15:07:42.305+0000] {dag.py:3036} INFO - Sync 1 DAGs
[2025-07-19T15:07:42.316+0000] {logging_mixin.py:188} INFO - [2025-07-19T15:07:42.316+0000] {dag.py:3823} INFO - Setting next_dagrun for check_sklearn_version to None, run_after=None
[2025-07-19T15:07:42.335+0000] {processor.py:183} INFO - Processing /opt/airflow/dags/check_version.py took 0.066 seconds
[2025-07-19T15:08:12.991+0000] {processor.py:161} INFO - Started process (PID=10037) to work on /opt/airflow/dags/check_version.py
[2025-07-19T15:08:12.992+0000] {processor.py:830} INFO - Processing file /opt/airflow/dags/check_version.py for tasks to queue
[2025-07-19T15:08:12.993+0000] {logging_mixin.py:188} INFO - [2025-07-19T15:08:12.992+0000] {dagbag.py:538} INFO - Filling up the DagBag from /opt/airflow/dags/check_version.py
[2025-07-19T15:08:13.003+0000] {processor.py:840} INFO - DAG(s) 'check_sklearn_version' retrieved from /opt/airflow/dags/check_version.py
[2025-07-19T15:08:13.029+0000] {logging_mixin.py:188} INFO - [2025-07-19T15:08:13.029+0000] {dag.py:3036} INFO - Sync 1 DAGs
[2025-07-19T15:08:13.040+0000] {logging_mixin.py:188} INFO - [2025-07-19T15:08:13.040+0000] {dag.py:3823} INFO - Setting next_dagrun for check_sklearn_version to None, run_after=None
[2025-07-19T15:08:13.061+0000] {processor.py:183} INFO - Processing /opt/airflow/dags/check_version.py took 0.074 seconds
[2025-07-19T15:08:43.529+0000] {processor.py:161} INFO - Started process (PID=10072) to work on /opt/airflow/dags/check_version.py
[2025-07-19T15:08:43.530+0000] {processor.py:830} INFO - Processing file /opt/airflow/dags/check_version.py for tasks to queue
[2025-07-19T15:08:43.531+0000] {logging_mixin.py:188} INFO - [2025-07-19T15:08:43.531+0000] {dagbag.py:538} INFO - Filling up the DagBag from /opt/airflow/dags/check_version.py
[2025-07-19T15:08:43.545+0000] {processor.py:840} INFO - DAG(s) 'check_sklearn_version' retrieved from /opt/airflow/dags/check_version.py
[2025-07-19T15:08:43.568+0000] {logging_mixin.py:188} INFO - [2025-07-19T15:08:43.567+0000] {dag.py:3036} INFO - Sync 1 DAGs
[2025-07-19T15:08:43.578+0000] {logging_mixin.py:188} INFO - [2025-07-19T15:08:43.578+0000] {dag.py:3823} INFO - Setting next_dagrun for check_sklearn_version to None, run_after=None
[2025-07-19T15:08:43.600+0000] {processor.py:183} INFO - Processing /opt/airflow/dags/check_version.py took 0.075 seconds
[2025-07-19T15:09:14.309+0000] {processor.py:161} INFO - Started process (PID=10105) to work on /opt/airflow/dags/check_version.py
[2025-07-19T15:09:14.310+0000] {processor.py:830} INFO - Processing file /opt/airflow/dags/check_version.py for tasks to queue
[2025-07-19T15:09:14.311+0000] {logging_mixin.py:188} INFO - [2025-07-19T15:09:14.311+0000] {dagbag.py:538} INFO - Filling up the DagBag from /opt/airflow/dags/check_version.py
[2025-07-19T15:09:14.320+0000] {processor.py:840} INFO - DAG(s) 'check_sklearn_version' retrieved from /opt/airflow/dags/check_version.py
[2025-07-19T15:09:14.343+0000] {logging_mixin.py:188} INFO - [2025-07-19T15:09:14.343+0000] {dag.py:3036} INFO - Sync 1 DAGs
[2025-07-19T15:09:14.354+0000] {logging_mixin.py:188} INFO - [2025-07-19T15:09:14.354+0000] {dag.py:3823} INFO - Setting next_dagrun for check_sklearn_version to None, run_after=None
[2025-07-19T15:09:14.374+0000] {processor.py:183} INFO - Processing /opt/airflow/dags/check_version.py took 0.069 seconds
[2025-07-19T15:24:07.248+0000] {processor.py:161} INFO - Started process (PID=10117) to work on /opt/airflow/dags/check_version.py
[2025-07-19T15:24:07.249+0000] {processor.py:830} INFO - Processing file /opt/airflow/dags/check_version.py for tasks to queue
[2025-07-19T15:24:07.251+0000] {logging_mixin.py:188} INFO - [2025-07-19T15:24:07.250+0000] {dagbag.py:538} INFO - Filling up the DagBag from /opt/airflow/dags/check_version.py
[2025-07-19T15:24:07.264+0000] {processor.py:840} INFO - DAG(s) 'check_sklearn_version' retrieved from /opt/airflow/dags/check_version.py
[2025-07-19T15:24:07.291+0000] {logging_mixin.py:188} INFO - [2025-07-19T15:24:07.290+0000] {dag.py:3036} INFO - Sync 1 DAGs
[2025-07-19T15:24:07.308+0000] {logging_mixin.py:188} INFO - [2025-07-19T15:24:07.307+0000] {dag.py:3823} INFO - Setting next_dagrun for check_sklearn_version to None, run_after=None
[2025-07-19T15:24:07.758+0000] {processor.py:183} INFO - Processing /opt/airflow/dags/check_version.py took 0.521 seconds
[2025-07-19T15:25:11.799+0000] {processor.py:161} INFO - Started process (PID=10152) to work on /opt/airflow/dags/check_version.py
[2025-07-19T15:25:15.863+0000] {processor.py:830} INFO - Processing file /opt/airflow/dags/check_version.py for tasks to queue
[2025-07-19T15:25:21.340+0000] {logging_mixin.py:188} INFO - [2025-07-19T15:25:20.169+0000] {dagbag.py:538} INFO - Filling up the DagBag from /opt/airflow/dags/check_version.py
[2025-07-19T15:27:34.367+0000] {processor.py:161} INFO - Started process (PID=10179) to work on /opt/airflow/dags/check_version.py
[2025-07-19T15:27:34.373+0000] {processor.py:830} INFO - Processing file /opt/airflow/dags/check_version.py for tasks to queue
[2025-07-19T15:27:34.375+0000] {logging_mixin.py:188} INFO - [2025-07-19T15:27:34.374+0000] {dagbag.py:538} INFO - Filling up the DagBag from /opt/airflow/dags/check_version.py
[2025-07-19T15:27:56.991+0000] {processor.py:840} INFO - DAG(s) 'check_sklearn_version' retrieved from /opt/airflow/dags/check_version.py
[2025-07-19T15:29:26.957+0000] {processor.py:161} INFO - Started process (PID=10208) to work on /opt/airflow/dags/check_version.py
[2025-07-19T15:29:26.958+0000] {processor.py:830} INFO - Processing file /opt/airflow/dags/check_version.py for tasks to queue
[2025-07-19T15:29:26.959+0000] {logging_mixin.py:188} INFO - [2025-07-19T15:29:26.959+0000] {dagbag.py:538} INFO - Filling up the DagBag from /opt/airflow/dags/check_version.py
[2025-07-19T15:29:26.969+0000] {processor.py:840} INFO - DAG(s) 'check_sklearn_version' retrieved from /opt/airflow/dags/check_version.py
[2025-07-19T15:31:27.308+0000] {processor.py:161} INFO - Started process (PID=10235) to work on /opt/airflow/dags/check_version.py
[2025-07-19T15:31:27.375+0000] {processor.py:830} INFO - Processing file /opt/airflow/dags/check_version.py for tasks to queue
[2025-07-19T15:31:27.494+0000] {logging_mixin.py:188} INFO - [2025-07-19T15:31:27.493+0000] {dagbag.py:538} INFO - Filling up the DagBag from /opt/airflow/dags/check_version.py
[2025-07-19T15:31:29.227+0000] {processor.py:840} INFO - DAG(s) 'check_sklearn_version' retrieved from /opt/airflow/dags/check_version.py
[2025-07-19T15:37:03.686+0000] {processor.py:161} INFO - Started process (PID=10257) to work on /opt/airflow/dags/check_version.py
[2025-07-19T15:37:03.688+0000] {processor.py:830} INFO - Processing file /opt/airflow/dags/check_version.py for tasks to queue
[2025-07-19T15:37:03.689+0000] {logging_mixin.py:188} INFO - [2025-07-19T15:37:03.688+0000] {dagbag.py:538} INFO - Filling up the DagBag from /opt/airflow/dags/check_version.py
[2025-07-19T15:37:03.885+0000] {processor.py:840} INFO - DAG(s) 'check_sklearn_version' retrieved from /opt/airflow/dags/check_version.py
[2025-07-19T15:37:04.562+0000] {logging_mixin.py:188} INFO - [2025-07-19T15:37:04.562+0000] {dag.py:3036} INFO - Sync 1 DAGs
[2025-07-19T15:37:04.572+0000] {logging_mixin.py:188} INFO - [2025-07-19T15:37:04.572+0000] {dag.py:3823} INFO - Setting next_dagrun for check_sklearn_version to None, run_after=None
[2025-07-19T15:37:04.594+0000] {processor.py:183} INFO - Processing /opt/airflow/dags/check_version.py took 0.911 seconds
[2025-07-19T15:37:35.390+0000] {processor.py:161} INFO - Started process (PID=10289) to work on /opt/airflow/dags/check_version.py
[2025-07-19T15:37:35.391+0000] {processor.py:830} INFO - Processing file /opt/airflow/dags/check_version.py for tasks to queue
[2025-07-19T15:37:35.392+0000] {logging_mixin.py:188} INFO - [2025-07-19T15:37:35.391+0000] {dagbag.py:538} INFO - Filling up the DagBag from /opt/airflow/dags/check_version.py
[2025-07-19T15:37:35.402+0000] {processor.py:840} INFO - DAG(s) 'check_sklearn_version' retrieved from /opt/airflow/dags/check_version.py
[2025-07-19T15:37:35.488+0000] {logging_mixin.py:188} INFO - [2025-07-19T15:37:35.487+0000] {dag.py:3036} INFO - Sync 1 DAGs
[2025-07-19T15:37:35.500+0000] {logging_mixin.py:188} INFO - [2025-07-19T15:37:35.500+0000] {dag.py:3823} INFO - Setting next_dagrun for check_sklearn_version to None, run_after=None
[2025-07-19T15:37:35.562+0000] {processor.py:183} INFO - Processing /opt/airflow/dags/check_version.py took 0.176 seconds
[2025-07-19T15:38:05.828+0000] {processor.py:161} INFO - Started process (PID=10324) to work on /opt/airflow/dags/check_version.py
[2025-07-19T15:38:05.829+0000] {processor.py:830} INFO - Processing file /opt/airflow/dags/check_version.py for tasks to queue
[2025-07-19T15:38:05.831+0000] {logging_mixin.py:188} INFO - [2025-07-19T15:38:05.830+0000] {dagbag.py:538} INFO - Filling up the DagBag from /opt/airflow/dags/check_version.py
[2025-07-19T15:38:05.841+0000] {processor.py:840} INFO - DAG(s) 'check_sklearn_version' retrieved from /opt/airflow/dags/check_version.py
[2025-07-19T15:38:05.871+0000] {logging_mixin.py:188} INFO - [2025-07-19T15:38:05.870+0000] {dag.py:3036} INFO - Sync 1 DAGs
[2025-07-19T15:38:05.885+0000] {logging_mixin.py:188} INFO - [2025-07-19T15:38:05.885+0000] {dag.py:3823} INFO - Setting next_dagrun for check_sklearn_version to None, run_after=None
[2025-07-19T15:38:05.967+0000] {processor.py:183} INFO - Processing /opt/airflow/dags/check_version.py took 0.141 seconds
[2025-07-19T15:38:36.578+0000] {processor.py:161} INFO - Started process (PID=10354) to work on /opt/airflow/dags/check_version.py
[2025-07-19T15:38:36.579+0000] {processor.py:830} INFO - Processing file /opt/airflow/dags/check_version.py for tasks to queue
[2025-07-19T15:38:36.580+0000] {logging_mixin.py:188} INFO - [2025-07-19T15:38:36.580+0000] {dagbag.py:538} INFO - Filling up the DagBag from /opt/airflow/dags/check_version.py
[2025-07-19T15:38:36.591+0000] {processor.py:840} INFO - DAG(s) 'check_sklearn_version' retrieved from /opt/airflow/dags/check_version.py
[2025-07-19T15:38:36.647+0000] {logging_mixin.py:188} INFO - [2025-07-19T15:38:36.647+0000] {dag.py:3036} INFO - Sync 1 DAGs
[2025-07-19T15:38:36.670+0000] {logging_mixin.py:188} INFO - [2025-07-19T15:38:36.670+0000] {dag.py:3823} INFO - Setting next_dagrun for check_sklearn_version to None, run_after=None
[2025-07-19T15:38:36.823+0000] {processor.py:183} INFO - Processing /opt/airflow/dags/check_version.py took 0.249 seconds
[2025-07-19T15:39:07.652+0000] {processor.py:161} INFO - Started process (PID=10389) to work on /opt/airflow/dags/check_version.py
[2025-07-19T15:39:07.653+0000] {processor.py:830} INFO - Processing file /opt/airflow/dags/check_version.py for tasks to queue
[2025-07-19T15:39:07.654+0000] {logging_mixin.py:188} INFO - [2025-07-19T15:39:07.654+0000] {dagbag.py:538} INFO - Filling up the DagBag from /opt/airflow/dags/check_version.py
[2025-07-19T15:39:07.663+0000] {processor.py:840} INFO - DAG(s) 'check_sklearn_version' retrieved from /opt/airflow/dags/check_version.py
[2025-07-19T15:39:07.710+0000] {logging_mixin.py:188} INFO - [2025-07-19T15:39:07.709+0000] {dag.py:3036} INFO - Sync 1 DAGs
[2025-07-19T15:39:07.722+0000] {logging_mixin.py:188} INFO - [2025-07-19T15:39:07.722+0000] {dag.py:3823} INFO - Setting next_dagrun for check_sklearn_version to None, run_after=None
[2025-07-19T15:39:07.743+0000] {processor.py:183} INFO - Processing /opt/airflow/dags/check_version.py took 0.095 seconds
[2025-07-19T15:39:38.751+0000] {processor.py:161} INFO - Started process (PID=10424) to work on /opt/airflow/dags/check_version.py
[2025-07-19T15:39:38.752+0000] {processor.py:830} INFO - Processing file /opt/airflow/dags/check_version.py for tasks to queue
[2025-07-19T15:39:38.753+0000] {logging_mixin.py:188} INFO - [2025-07-19T15:39:38.753+0000] {dagbag.py:538} INFO - Filling up the DagBag from /opt/airflow/dags/check_version.py
[2025-07-19T15:39:38.764+0000] {processor.py:840} INFO - DAG(s) 'check_sklearn_version' retrieved from /opt/airflow/dags/check_version.py
[2025-07-19T15:39:38.824+0000] {logging_mixin.py:188} INFO - [2025-07-19T15:39:38.824+0000] {dag.py:3036} INFO - Sync 1 DAGs
[2025-07-19T15:39:38.836+0000] {logging_mixin.py:188} INFO - [2025-07-19T15:39:38.835+0000] {dag.py:3823} INFO - Setting next_dagrun for check_sklearn_version to None, run_after=None
[2025-07-19T15:39:38.934+0000] {processor.py:183} INFO - Processing /opt/airflow/dags/check_version.py took 0.191 seconds
[2025-07-19T15:40:09.673+0000] {processor.py:161} INFO - Started process (PID=10461) to work on /opt/airflow/dags/check_version.py
[2025-07-19T15:40:09.674+0000] {processor.py:830} INFO - Processing file /opt/airflow/dags/check_version.py for tasks to queue
[2025-07-19T15:40:09.675+0000] {logging_mixin.py:188} INFO - [2025-07-19T15:40:09.675+0000] {dagbag.py:538} INFO - Filling up the DagBag from /opt/airflow/dags/check_version.py
[2025-07-19T15:40:09.685+0000] {processor.py:840} INFO - DAG(s) 'check_sklearn_version' retrieved from /opt/airflow/dags/check_version.py
[2025-07-19T15:40:09.766+0000] {logging_mixin.py:188} INFO - [2025-07-19T15:40:09.766+0000] {dag.py:3036} INFO - Sync 1 DAGs
[2025-07-19T15:40:09.778+0000] {logging_mixin.py:188} INFO - [2025-07-19T15:40:09.777+0000] {dag.py:3823} INFO - Setting next_dagrun for check_sklearn_version to None, run_after=None
[2025-07-19T15:40:09.909+0000] {processor.py:183} INFO - Processing /opt/airflow/dags/check_version.py took 0.239 seconds
[2025-07-19T15:40:40.158+0000] {processor.py:161} INFO - Started process (PID=10504) to work on /opt/airflow/dags/check_version.py
[2025-07-19T15:40:40.159+0000] {processor.py:830} INFO - Processing file /opt/airflow/dags/check_version.py for tasks to queue
[2025-07-19T15:40:40.160+0000] {logging_mixin.py:188} INFO - [2025-07-19T15:40:40.160+0000] {dagbag.py:538} INFO - Filling up the DagBag from /opt/airflow/dags/check_version.py
[2025-07-19T15:40:40.169+0000] {processor.py:840} INFO - DAG(s) 'check_sklearn_version' retrieved from /opt/airflow/dags/check_version.py
[2025-07-19T15:40:40.194+0000] {logging_mixin.py:188} INFO - [2025-07-19T15:40:40.194+0000] {dag.py:3036} INFO - Sync 1 DAGs
[2025-07-19T15:40:40.206+0000] {logging_mixin.py:188} INFO - [2025-07-19T15:40:40.206+0000] {dag.py:3823} INFO - Setting next_dagrun for check_sklearn_version to None, run_after=None
[2025-07-19T15:40:40.285+0000] {processor.py:183} INFO - Processing /opt/airflow/dags/check_version.py took 0.130 seconds
[2025-07-19T15:41:15.795+0000] {processor.py:161} INFO - Started process (PID=10537) to work on /opt/airflow/dags/check_version.py
[2025-07-19T15:41:15.795+0000] {processor.py:830} INFO - Processing file /opt/airflow/dags/check_version.py for tasks to queue
[2025-07-19T15:41:15.796+0000] {logging_mixin.py:188} INFO - [2025-07-19T15:41:15.796+0000] {dagbag.py:538} INFO - Filling up the DagBag from /opt/airflow/dags/check_version.py
[2025-07-19T15:41:15.806+0000] {processor.py:840} INFO - DAG(s) 'check_sklearn_version' retrieved from /opt/airflow/dags/check_version.py
[2025-07-19T15:41:23.765+0000] {logging_mixin.py:188} INFO - [2025-07-19T15:41:23.765+0000] {dag.py:3036} INFO - Sync 1 DAGs
[2025-07-19T15:41:25.726+0000] {logging_mixin.py:188} INFO - [2025-07-19T15:41:25.726+0000] {dag.py:3823} INFO - Setting next_dagrun for check_sklearn_version to None, run_after=None
[2025-07-19T15:41:25.747+0000] {processor.py:183} INFO - Processing /opt/airflow/dags/check_version.py took 9.955 seconds
[2025-07-19T15:41:56.109+0000] {processor.py:161} INFO - Started process (PID=10574) to work on /opt/airflow/dags/check_version.py
[2025-07-19T15:41:56.110+0000] {processor.py:830} INFO - Processing file /opt/airflow/dags/check_version.py for tasks to queue
[2025-07-19T15:41:56.111+0000] {logging_mixin.py:188} INFO - [2025-07-19T15:41:56.111+0000] {dagbag.py:538} INFO - Filling up the DagBag from /opt/airflow/dags/check_version.py
[2025-07-19T15:41:56.121+0000] {processor.py:840} INFO - DAG(s) 'check_sklearn_version' retrieved from /opt/airflow/dags/check_version.py
[2025-07-19T15:41:56.268+0000] {logging_mixin.py:188} INFO - [2025-07-19T15:41:56.268+0000] {dag.py:3036} INFO - Sync 1 DAGs
[2025-07-19T15:41:56.288+0000] {logging_mixin.py:188} INFO - [2025-07-19T15:41:56.287+0000] {dag.py:3823} INFO - Setting next_dagrun for check_sklearn_version to None, run_after=None
[2025-07-19T15:41:56.489+0000] {processor.py:183} INFO - Processing /opt/airflow/dags/check_version.py took 0.383 seconds
[2025-07-19T15:42:26.830+0000] {processor.py:161} INFO - Started process (PID=10657) to work on /opt/airflow/dags/check_version.py
[2025-07-19T15:42:26.831+0000] {processor.py:830} INFO - Processing file /opt/airflow/dags/check_version.py for tasks to queue
[2025-07-19T15:42:26.832+0000] {logging_mixin.py:188} INFO - [2025-07-19T15:42:26.832+0000] {dagbag.py:538} INFO - Filling up the DagBag from /opt/airflow/dags/check_version.py
[2025-07-19T15:42:26.843+0000] {processor.py:840} INFO - DAG(s) 'check_sklearn_version' retrieved from /opt/airflow/dags/check_version.py
[2025-07-19T15:42:26.871+0000] {logging_mixin.py:188} INFO - [2025-07-19T15:42:26.870+0000] {dag.py:3036} INFO - Sync 1 DAGs
[2025-07-19T15:42:26.884+0000] {logging_mixin.py:188} INFO - [2025-07-19T15:42:26.884+0000] {dag.py:3823} INFO - Setting next_dagrun for check_sklearn_version to None, run_after=None
[2025-07-19T15:42:26.939+0000] {processor.py:183} INFO - Processing /opt/airflow/dags/check_version.py took 0.113 seconds
[2025-07-19T15:43:04.905+0000] {processor.py:161} INFO - Started process (PID=11014) to work on /opt/airflow/dags/check_version.py
[2025-07-19T15:43:04.925+0000] {processor.py:830} INFO - Processing file /opt/airflow/dags/check_version.py for tasks to queue
[2025-07-19T15:43:04.972+0000] {logging_mixin.py:188} INFO - [2025-07-19T15:43:04.928+0000] {dagbag.py:538} INFO - Filling up the DagBag from /opt/airflow/dags/check_version.py
[2025-07-19T15:43:07.249+0000] {processor.py:840} INFO - DAG(s) 'check_sklearn_version' retrieved from /opt/airflow/dags/check_version.py
[2025-07-19T15:43:10.198+0000] {logging_mixin.py:188} INFO - [2025-07-19T15:43:10.197+0000] {dag.py:3036} INFO - Sync 1 DAGs
[2025-07-19T15:43:10.498+0000] {logging_mixin.py:188} INFO - [2025-07-19T15:43:10.498+0000] {dag.py:3823} INFO - Setting next_dagrun for check_sklearn_version to None, run_after=None
[2025-07-19T15:43:11.089+0000] {processor.py:183} INFO - Processing /opt/airflow/dags/check_version.py took 6.239 seconds
[2025-07-19T15:43:41.908+0000] {processor.py:161} INFO - Started process (PID=11357) to work on /opt/airflow/dags/check_version.py
[2025-07-19T15:43:41.918+0000] {processor.py:830} INFO - Processing file /opt/airflow/dags/check_version.py for tasks to queue
[2025-07-19T15:43:41.920+0000] {logging_mixin.py:188} INFO - [2025-07-19T15:43:41.919+0000] {dagbag.py:538} INFO - Filling up the DagBag from /opt/airflow/dags/check_version.py
[2025-07-19T15:43:42.011+0000] {processor.py:840} INFO - DAG(s) 'check_sklearn_version' retrieved from /opt/airflow/dags/check_version.py
[2025-07-19T15:43:42.147+0000] {logging_mixin.py:188} INFO - [2025-07-19T15:43:42.147+0000] {dag.py:3036} INFO - Sync 1 DAGs
[2025-07-19T15:43:42.187+0000] {logging_mixin.py:188} INFO - [2025-07-19T15:43:42.186+0000] {dag.py:3823} INFO - Setting next_dagrun for check_sklearn_version to None, run_after=None
[2025-07-19T15:43:42.329+0000] {processor.py:183} INFO - Processing /opt/airflow/dags/check_version.py took 0.428 seconds
[2025-07-19T15:44:13.123+0000] {processor.py:161} INFO - Started process (PID=12283) to work on /opt/airflow/dags/check_version.py
[2025-07-19T15:44:13.153+0000] {processor.py:830} INFO - Processing file /opt/airflow/dags/check_version.py for tasks to queue
[2025-07-19T15:44:13.159+0000] {logging_mixin.py:188} INFO - [2025-07-19T15:44:13.159+0000] {dagbag.py:538} INFO - Filling up the DagBag from /opt/airflow/dags/check_version.py
[2025-07-19T15:44:13.299+0000] {processor.py:840} INFO - DAG(s) 'check_sklearn_version' retrieved from /opt/airflow/dags/check_version.py
[2025-07-19T15:44:13.831+0000] {logging_mixin.py:188} INFO - [2025-07-19T15:44:13.831+0000] {dag.py:3036} INFO - Sync 1 DAGs
[2025-07-19T15:44:13.965+0000] {logging_mixin.py:188} INFO - [2025-07-19T15:44:13.965+0000] {dag.py:3823} INFO - Setting next_dagrun for check_sklearn_version to None, run_after=None
[2025-07-19T15:44:14.203+0000] {processor.py:183} INFO - Processing /opt/airflow/dags/check_version.py took 1.107 seconds
[2025-07-19T15:44:44.483+0000] {processor.py:161} INFO - Started process (PID=12679) to work on /opt/airflow/dags/check_version.py
[2025-07-19T15:44:44.487+0000] {processor.py:830} INFO - Processing file /opt/airflow/dags/check_version.py for tasks to queue
[2025-07-19T15:44:44.489+0000] {logging_mixin.py:188} INFO - [2025-07-19T15:44:44.488+0000] {dagbag.py:538} INFO - Filling up the DagBag from /opt/airflow/dags/check_version.py
[2025-07-19T15:44:44.530+0000] {processor.py:840} INFO - DAG(s) 'check_sklearn_version' retrieved from /opt/airflow/dags/check_version.py
[2025-07-19T15:44:44.687+0000] {logging_mixin.py:188} INFO - [2025-07-19T15:44:44.686+0000] {dag.py:3036} INFO - Sync 1 DAGs
[2025-07-19T15:44:44.804+0000] {logging_mixin.py:188} INFO - [2025-07-19T15:44:44.803+0000] {dag.py:3823} INFO - Setting next_dagrun for check_sklearn_version to None, run_after=None
[2025-07-19T15:44:45.087+0000] {processor.py:183} INFO - Processing /opt/airflow/dags/check_version.py took 0.609 seconds
[2025-07-19T15:45:15.965+0000] {processor.py:161} INFO - Started process (PID=13094) to work on /opt/airflow/dags/check_version.py
[2025-07-19T15:45:15.968+0000] {processor.py:830} INFO - Processing file /opt/airflow/dags/check_version.py for tasks to queue
[2025-07-19T15:45:15.971+0000] {logging_mixin.py:188} INFO - [2025-07-19T15:45:15.969+0000] {dagbag.py:538} INFO - Filling up the DagBag from /opt/airflow/dags/check_version.py
[2025-07-19T15:45:15.998+0000] {processor.py:840} INFO - DAG(s) 'check_sklearn_version' retrieved from /opt/airflow/dags/check_version.py
[2025-07-19T15:45:16.074+0000] {logging_mixin.py:188} INFO - [2025-07-19T15:45:16.073+0000] {dag.py:3036} INFO - Sync 1 DAGs
[2025-07-19T15:45:16.125+0000] {logging_mixin.py:188} INFO - [2025-07-19T15:45:16.125+0000] {dag.py:3823} INFO - Setting next_dagrun for check_sklearn_version to None, run_after=None
[2025-07-19T15:45:16.189+0000] {processor.py:183} INFO - Processing /opt/airflow/dags/check_version.py took 0.229 seconds
[2025-07-19T15:45:46.718+0000] {processor.py:161} INFO - Started process (PID=13129) to work on /opt/airflow/dags/check_version.py
[2025-07-19T15:45:46.720+0000] {processor.py:830} INFO - Processing file /opt/airflow/dags/check_version.py for tasks to queue
[2025-07-19T15:45:46.722+0000] {logging_mixin.py:188} INFO - [2025-07-19T15:45:46.721+0000] {dagbag.py:538} INFO - Filling up the DagBag from /opt/airflow/dags/check_version.py
[2025-07-19T15:45:46.760+0000] {processor.py:840} INFO - DAG(s) 'check_sklearn_version' retrieved from /opt/airflow/dags/check_version.py
[2025-07-19T15:45:46.803+0000] {logging_mixin.py:188} INFO - [2025-07-19T15:45:46.802+0000] {dag.py:3036} INFO - Sync 1 DAGs
[2025-07-19T15:45:46.827+0000] {logging_mixin.py:188} INFO - [2025-07-19T15:45:46.827+0000] {dag.py:3823} INFO - Setting next_dagrun for check_sklearn_version to None, run_after=None
[2025-07-19T15:45:46.932+0000] {processor.py:183} INFO - Processing /opt/airflow/dags/check_version.py took 0.220 seconds
[2025-07-19T16:02:39.010+0000] {processor.py:161} INFO - Started process (PID=13164) to work on /opt/airflow/dags/check_version.py
[2025-07-19T16:02:41.487+0000] {processor.py:830} INFO - Processing file /opt/airflow/dags/check_version.py for tasks to queue
[2025-07-19T16:02:53.835+0000] {logging_mixin.py:188} INFO - [2025-07-19T16:02:47.381+0000] {dagbag.py:538} INFO - Filling up the DagBag from /opt/airflow/dags/check_version.py
[2025-07-19T16:03:41.364+0000] {processor.py:840} INFO - DAG(s) 'check_sklearn_version' retrieved from /opt/airflow/dags/check_version.py
