[2025-07-19T14:07:23.841+0000] {processor.py:161} INFO - Started process (PID=6114) to work on /opt/airflow/dags/conplete_mlops.py
[2025-07-19T14:07:23.842+0000] {processor.py:830} INFO - Processing file /opt/airflow/dags/conplete_mlops.py for tasks to queue
[2025-07-19T14:07:23.844+0000] {logging_mixin.py:188} INFO - [2025-07-19T14:07:23.843+0000] {dagbag.py:538} INFO - Filling up the DagBag from /opt/airflow/dags/conplete_mlops.py
[2025-07-19T14:07:23.986+0000] {logging_mixin.py:188} INFO - [2025-07-19T14:07:23.888+0000] {dagbag.py:445} ERROR - Failed to bag_dag: /opt/airflow/dags/conplete_mlops.py
Traceback (most recent call last):
  File "/home/airflow/.local/lib/python3.8/site-packages/airflow/models/dagbag.py", line 441, in _process_modules
    self.bag_dag(dag=dag, root_dag=dag)
  File "/home/airflow/.local/lib/python3.8/site-packages/airflow/models/dagbag.py", line 460, in bag_dag
    self._bag_dag(dag=dag, root_dag=root_dag, recursive=True)
  File "/home/airflow/.local/lib/python3.8/site-packages/airflow/models/dagbag.py", line 468, in _bag_dag
    check_cycle(dag)  # throws if a task cycle is found
  File "/home/airflow/.local/lib/python3.8/site-packages/airflow/utils/dag_cycle_tester.py", line 79, in check_cycle
    child_to_check = _check_adjacent_tasks(current_task_id, task)
  File "/home/airflow/.local/lib/python3.8/site-packages/airflow/utils/dag_cycle_tester.py", line 65, in _check_adjacent_tasks
    raise AirflowDagCycleException(msg)
airflow.exceptions.AirflowDagCycleException: Cycle detected in DAG: mlops_pipeline_Complete. Faulty task: raise_event_drift_flag_if_needed
[2025-07-19T14:07:23.987+0000] {processor.py:842} WARNING - No viable dags retrieved from /opt/airflow/dags/conplete_mlops.py
[2025-07-19T14:07:24.008+0000] {processor.py:183} INFO - Processing /opt/airflow/dags/conplete_mlops.py took 0.170 seconds
[2025-07-19T14:07:54.788+0000] {processor.py:161} INFO - Started process (PID=6149) to work on /opt/airflow/dags/conplete_mlops.py
[2025-07-19T14:07:54.790+0000] {processor.py:830} INFO - Processing file /opt/airflow/dags/conplete_mlops.py for tasks to queue
[2025-07-19T14:07:54.792+0000] {logging_mixin.py:188} INFO - [2025-07-19T14:07:54.792+0000] {dagbag.py:538} INFO - Filling up the DagBag from /opt/airflow/dags/conplete_mlops.py
[2025-07-19T14:07:54.871+0000] {logging_mixin.py:188} INFO - [2025-07-19T14:07:54.871+0000] {dagbag.py:445} ERROR - Failed to bag_dag: /opt/airflow/dags/conplete_mlops.py
Traceback (most recent call last):
  File "/home/airflow/.local/lib/python3.8/site-packages/airflow/models/dagbag.py", line 441, in _process_modules
    self.bag_dag(dag=dag, root_dag=dag)
  File "/home/airflow/.local/lib/python3.8/site-packages/airflow/models/dagbag.py", line 460, in bag_dag
    self._bag_dag(dag=dag, root_dag=root_dag, recursive=True)
  File "/home/airflow/.local/lib/python3.8/site-packages/airflow/models/dagbag.py", line 468, in _bag_dag
    check_cycle(dag)  # throws if a task cycle is found
  File "/home/airflow/.local/lib/python3.8/site-packages/airflow/utils/dag_cycle_tester.py", line 79, in check_cycle
    child_to_check = _check_adjacent_tasks(current_task_id, task)
  File "/home/airflow/.local/lib/python3.8/site-packages/airflow/utils/dag_cycle_tester.py", line 65, in _check_adjacent_tasks
    raise AirflowDagCycleException(msg)
airflow.exceptions.AirflowDagCycleException: Cycle detected in DAG: mlops_pipeline_Complete. Faulty task: raise_event_drift_flag_if_needed
[2025-07-19T14:07:54.872+0000] {processor.py:842} WARNING - No viable dags retrieved from /opt/airflow/dags/conplete_mlops.py
[2025-07-19T14:07:54.946+0000] {processor.py:183} INFO - Processing /opt/airflow/dags/conplete_mlops.py took 0.161 seconds
[2025-07-19T14:08:25.144+0000] {processor.py:161} INFO - Started process (PID=6184) to work on /opt/airflow/dags/conplete_mlops.py
[2025-07-19T14:08:25.145+0000] {processor.py:830} INFO - Processing file /opt/airflow/dags/conplete_mlops.py for tasks to queue
[2025-07-19T14:08:25.146+0000] {logging_mixin.py:188} INFO - [2025-07-19T14:08:25.145+0000] {dagbag.py:538} INFO - Filling up the DagBag from /opt/airflow/dags/conplete_mlops.py
[2025-07-19T14:08:25.264+0000] {logging_mixin.py:188} INFO - [2025-07-19T14:08:25.263+0000] {dagbag.py:445} ERROR - Failed to bag_dag: /opt/airflow/dags/conplete_mlops.py
Traceback (most recent call last):
  File "/home/airflow/.local/lib/python3.8/site-packages/airflow/models/dagbag.py", line 441, in _process_modules
    self.bag_dag(dag=dag, root_dag=dag)
  File "/home/airflow/.local/lib/python3.8/site-packages/airflow/models/dagbag.py", line 460, in bag_dag
    self._bag_dag(dag=dag, root_dag=root_dag, recursive=True)
  File "/home/airflow/.local/lib/python3.8/site-packages/airflow/models/dagbag.py", line 468, in _bag_dag
    check_cycle(dag)  # throws if a task cycle is found
  File "/home/airflow/.local/lib/python3.8/site-packages/airflow/utils/dag_cycle_tester.py", line 79, in check_cycle
    child_to_check = _check_adjacent_tasks(current_task_id, task)
  File "/home/airflow/.local/lib/python3.8/site-packages/airflow/utils/dag_cycle_tester.py", line 65, in _check_adjacent_tasks
    raise AirflowDagCycleException(msg)
airflow.exceptions.AirflowDagCycleException: Cycle detected in DAG: mlops_pipeline_Complete. Faulty task: raise_event_drift_flag_if_needed
[2025-07-19T14:08:25.265+0000] {processor.py:842} WARNING - No viable dags retrieved from /opt/airflow/dags/conplete_mlops.py
[2025-07-19T14:08:25.283+0000] {processor.py:183} INFO - Processing /opt/airflow/dags/conplete_mlops.py took 0.142 seconds
[2025-07-19T14:08:57.357+0000] {processor.py:161} INFO - Started process (PID=6219) to work on /opt/airflow/dags/conplete_mlops.py
[2025-07-19T14:08:57.359+0000] {processor.py:830} INFO - Processing file /opt/airflow/dags/conplete_mlops.py for tasks to queue
[2025-07-19T14:08:57.361+0000] {logging_mixin.py:188} INFO - [2025-07-19T14:08:57.360+0000] {dagbag.py:538} INFO - Filling up the DagBag from /opt/airflow/dags/conplete_mlops.py
[2025-07-19T14:08:57.376+0000] {logging_mixin.py:188} INFO - [2025-07-19T14:08:57.375+0000] {dagbag.py:445} ERROR - Failed to bag_dag: /opt/airflow/dags/conplete_mlops.py
Traceback (most recent call last):
  File "/home/airflow/.local/lib/python3.8/site-packages/airflow/models/dagbag.py", line 441, in _process_modules
    self.bag_dag(dag=dag, root_dag=dag)
  File "/home/airflow/.local/lib/python3.8/site-packages/airflow/models/dagbag.py", line 460, in bag_dag
    self._bag_dag(dag=dag, root_dag=root_dag, recursive=True)
  File "/home/airflow/.local/lib/python3.8/site-packages/airflow/models/dagbag.py", line 468, in _bag_dag
    check_cycle(dag)  # throws if a task cycle is found
  File "/home/airflow/.local/lib/python3.8/site-packages/airflow/utils/dag_cycle_tester.py", line 79, in check_cycle
    child_to_check = _check_adjacent_tasks(current_task_id, task)
  File "/home/airflow/.local/lib/python3.8/site-packages/airflow/utils/dag_cycle_tester.py", line 65, in _check_adjacent_tasks
    raise AirflowDagCycleException(msg)
airflow.exceptions.AirflowDagCycleException: Cycle detected in DAG: mlops_pipeline_Complete. Faulty task: raise_event_drift_flag_if_needed
[2025-07-19T14:08:57.376+0000] {processor.py:842} WARNING - No viable dags retrieved from /opt/airflow/dags/conplete_mlops.py
[2025-07-19T14:08:57.543+0000] {processor.py:183} INFO - Processing /opt/airflow/dags/conplete_mlops.py took 0.189 seconds
[2025-07-19T14:09:24.797+0000] {processor.py:161} INFO - Started process (PID=6254) to work on /opt/airflow/dags/conplete_mlops.py
[2025-07-19T14:09:24.798+0000] {processor.py:830} INFO - Processing file /opt/airflow/dags/conplete_mlops.py for tasks to queue
[2025-07-19T14:09:24.799+0000] {logging_mixin.py:188} INFO - [2025-07-19T14:09:24.799+0000] {dagbag.py:538} INFO - Filling up the DagBag from /opt/airflow/dags/conplete_mlops.py
[2025-07-19T14:09:24.902+0000] {logging_mixin.py:188} INFO - [2025-07-19T14:09:24.901+0000] {dagbag.py:445} ERROR - Failed to bag_dag: /opt/airflow/dags/conplete_mlops.py
Traceback (most recent call last):
  File "/home/airflow/.local/lib/python3.8/site-packages/airflow/models/dagbag.py", line 441, in _process_modules
    self.bag_dag(dag=dag, root_dag=dag)
  File "/home/airflow/.local/lib/python3.8/site-packages/airflow/models/dagbag.py", line 460, in bag_dag
    self._bag_dag(dag=dag, root_dag=root_dag, recursive=True)
  File "/home/airflow/.local/lib/python3.8/site-packages/airflow/models/dagbag.py", line 468, in _bag_dag
    check_cycle(dag)  # throws if a task cycle is found
  File "/home/airflow/.local/lib/python3.8/site-packages/airflow/utils/dag_cycle_tester.py", line 79, in check_cycle
    child_to_check = _check_adjacent_tasks(current_task_id, task)
  File "/home/airflow/.local/lib/python3.8/site-packages/airflow/utils/dag_cycle_tester.py", line 65, in _check_adjacent_tasks
    raise AirflowDagCycleException(msg)
airflow.exceptions.AirflowDagCycleException: Cycle detected in DAG: mlops_pipeline_Complete. Faulty task: raise_event_drift_flag_if_needed
[2025-07-19T14:09:24.903+0000] {processor.py:842} WARNING - No viable dags retrieved from /opt/airflow/dags/conplete_mlops.py
[2025-07-19T14:09:24.928+0000] {processor.py:183} INFO - Processing /opt/airflow/dags/conplete_mlops.py took 0.134 seconds
[2025-07-19T14:09:55.480+0000] {processor.py:161} INFO - Started process (PID=6289) to work on /opt/airflow/dags/conplete_mlops.py
[2025-07-19T14:09:55.481+0000] {processor.py:830} INFO - Processing file /opt/airflow/dags/conplete_mlops.py for tasks to queue
[2025-07-19T14:09:55.482+0000] {logging_mixin.py:188} INFO - [2025-07-19T14:09:55.482+0000] {dagbag.py:538} INFO - Filling up the DagBag from /opt/airflow/dags/conplete_mlops.py
[2025-07-19T14:09:55.508+0000] {logging_mixin.py:188} INFO - [2025-07-19T14:09:55.507+0000] {dagbag.py:445} ERROR - Failed to bag_dag: /opt/airflow/dags/conplete_mlops.py
Traceback (most recent call last):
  File "/home/airflow/.local/lib/python3.8/site-packages/airflow/models/dagbag.py", line 441, in _process_modules
    self.bag_dag(dag=dag, root_dag=dag)
  File "/home/airflow/.local/lib/python3.8/site-packages/airflow/models/dagbag.py", line 460, in bag_dag
    self._bag_dag(dag=dag, root_dag=root_dag, recursive=True)
  File "/home/airflow/.local/lib/python3.8/site-packages/airflow/models/dagbag.py", line 468, in _bag_dag
    check_cycle(dag)  # throws if a task cycle is found
  File "/home/airflow/.local/lib/python3.8/site-packages/airflow/utils/dag_cycle_tester.py", line 79, in check_cycle
    child_to_check = _check_adjacent_tasks(current_task_id, task)
  File "/home/airflow/.local/lib/python3.8/site-packages/airflow/utils/dag_cycle_tester.py", line 65, in _check_adjacent_tasks
    raise AirflowDagCycleException(msg)
airflow.exceptions.AirflowDagCycleException: Cycle detected in DAG: mlops_pipeline_Complete. Faulty task: raise_event_drift_flag_if_needed
[2025-07-19T14:09:55.509+0000] {processor.py:842} WARNING - No viable dags retrieved from /opt/airflow/dags/conplete_mlops.py
[2025-07-19T14:09:55.777+0000] {processor.py:183} INFO - Processing /opt/airflow/dags/conplete_mlops.py took 0.300 seconds
[2025-07-19T14:10:25.878+0000] {processor.py:161} INFO - Started process (PID=6324) to work on /opt/airflow/dags/conplete_mlops.py
[2025-07-19T14:10:25.879+0000] {processor.py:830} INFO - Processing file /opt/airflow/dags/conplete_mlops.py for tasks to queue
[2025-07-19T14:10:25.880+0000] {logging_mixin.py:188} INFO - [2025-07-19T14:10:25.880+0000] {dagbag.py:538} INFO - Filling up the DagBag from /opt/airflow/dags/conplete_mlops.py
[2025-07-19T14:10:25.965+0000] {logging_mixin.py:188} INFO - [2025-07-19T14:10:25.964+0000] {dagbag.py:445} ERROR - Failed to bag_dag: /opt/airflow/dags/conplete_mlops.py
Traceback (most recent call last):
  File "/home/airflow/.local/lib/python3.8/site-packages/airflow/models/dagbag.py", line 441, in _process_modules
    self.bag_dag(dag=dag, root_dag=dag)
  File "/home/airflow/.local/lib/python3.8/site-packages/airflow/models/dagbag.py", line 460, in bag_dag
    self._bag_dag(dag=dag, root_dag=root_dag, recursive=True)
  File "/home/airflow/.local/lib/python3.8/site-packages/airflow/models/dagbag.py", line 468, in _bag_dag
    check_cycle(dag)  # throws if a task cycle is found
  File "/home/airflow/.local/lib/python3.8/site-packages/airflow/utils/dag_cycle_tester.py", line 79, in check_cycle
    child_to_check = _check_adjacent_tasks(current_task_id, task)
  File "/home/airflow/.local/lib/python3.8/site-packages/airflow/utils/dag_cycle_tester.py", line 65, in _check_adjacent_tasks
    raise AirflowDagCycleException(msg)
airflow.exceptions.AirflowDagCycleException: Cycle detected in DAG: mlops_pipeline_Complete. Faulty task: raise_event_drift_flag_if_needed
[2025-07-19T14:10:25.965+0000] {processor.py:842} WARNING - No viable dags retrieved from /opt/airflow/dags/conplete_mlops.py
[2025-07-19T14:10:26.035+0000] {processor.py:183} INFO - Processing /opt/airflow/dags/conplete_mlops.py took 0.161 seconds
[2025-07-19T14:10:56.748+0000] {processor.py:161} INFO - Started process (PID=6359) to work on /opt/airflow/dags/conplete_mlops.py
[2025-07-19T14:10:56.749+0000] {processor.py:830} INFO - Processing file /opt/airflow/dags/conplete_mlops.py for tasks to queue
[2025-07-19T14:10:56.751+0000] {logging_mixin.py:188} INFO - [2025-07-19T14:10:56.750+0000] {dagbag.py:538} INFO - Filling up the DagBag from /opt/airflow/dags/conplete_mlops.py
[2025-07-19T14:10:56.846+0000] {logging_mixin.py:188} INFO - [2025-07-19T14:10:56.845+0000] {dagbag.py:445} ERROR - Failed to bag_dag: /opt/airflow/dags/conplete_mlops.py
Traceback (most recent call last):
  File "/home/airflow/.local/lib/python3.8/site-packages/airflow/models/dagbag.py", line 441, in _process_modules
    self.bag_dag(dag=dag, root_dag=dag)
  File "/home/airflow/.local/lib/python3.8/site-packages/airflow/models/dagbag.py", line 460, in bag_dag
    self._bag_dag(dag=dag, root_dag=root_dag, recursive=True)
  File "/home/airflow/.local/lib/python3.8/site-packages/airflow/models/dagbag.py", line 468, in _bag_dag
    check_cycle(dag)  # throws if a task cycle is found
  File "/home/airflow/.local/lib/python3.8/site-packages/airflow/utils/dag_cycle_tester.py", line 79, in check_cycle
    child_to_check = _check_adjacent_tasks(current_task_id, task)
  File "/home/airflow/.local/lib/python3.8/site-packages/airflow/utils/dag_cycle_tester.py", line 65, in _check_adjacent_tasks
    raise AirflowDagCycleException(msg)
airflow.exceptions.AirflowDagCycleException: Cycle detected in DAG: mlops_pipeline_Complete. Faulty task: raise_event_drift_flag_if_needed
[2025-07-19T14:10:56.846+0000] {processor.py:842} WARNING - No viable dags retrieved from /opt/airflow/dags/conplete_mlops.py
[2025-07-19T14:10:56.867+0000] {processor.py:183} INFO - Processing /opt/airflow/dags/conplete_mlops.py took 0.122 seconds
[2025-07-19T14:11:23.753+0000] {processor.py:161} INFO - Started process (PID=6394) to work on /opt/airflow/dags/conplete_mlops.py
[2025-07-19T14:11:23.754+0000] {processor.py:830} INFO - Processing file /opt/airflow/dags/conplete_mlops.py for tasks to queue
[2025-07-19T14:11:23.756+0000] {logging_mixin.py:188} INFO - [2025-07-19T14:11:23.755+0000] {dagbag.py:538} INFO - Filling up the DagBag from /opt/airflow/dags/conplete_mlops.py
[2025-07-19T14:11:23.815+0000] {processor.py:840} INFO - DAG(s) 'mlops_pipeline_complete' retrieved from /opt/airflow/dags/conplete_mlops.py
[2025-07-19T14:11:31.409+0000] {logging_mixin.py:188} INFO - [2025-07-19T14:11:24.547+0000] {override.py:1769} INFO - Created Permission View: can read on DAG:mlops_pipeline_complete
[2025-07-19T14:11:31.421+0000] {logging_mixin.py:188} INFO - [2025-07-19T14:11:31.420+0000] {override.py:1769} INFO - Created Permission View: can edit on DAG:mlops_pipeline_complete
[2025-07-19T14:11:31.428+0000] {logging_mixin.py:188} INFO - [2025-07-19T14:11:31.428+0000] {override.py:1769} INFO - Created Permission View: can delete on DAG:mlops_pipeline_complete
[2025-07-19T14:11:31.429+0000] {logging_mixin.py:188} INFO - [2025-07-19T14:11:31.429+0000] {dag.py:3036} INFO - Sync 1 DAGs
[2025-07-19T14:11:32.377+0000] {logging_mixin.py:188} INFO - [2025-07-19T14:11:32.376+0000] {dag.py:3058} INFO - Creating ORM DAG for mlops_pipeline_complete
[2025-07-19T14:11:32.378+0000] {logging_mixin.py:188} INFO - [2025-07-19T14:11:32.377+0000] {dag.py:3823} INFO - Setting next_dagrun for mlops_pipeline_complete to None, run_after=None
[2025-07-19T14:11:32.691+0000] {processor.py:183} INFO - Processing /opt/airflow/dags/conplete_mlops.py took 8.943 seconds
[2025-07-19T14:11:58.695+0000] {processor.py:161} INFO - Started process (PID=6429) to work on /opt/airflow/dags/conplete_mlops.py
[2025-07-19T14:11:58.696+0000] {processor.py:830} INFO - Processing file /opt/airflow/dags/conplete_mlops.py for tasks to queue
[2025-07-19T14:11:58.697+0000] {logging_mixin.py:188} INFO - [2025-07-19T14:11:58.697+0000] {dagbag.py:538} INFO - Filling up the DagBag from /opt/airflow/dags/conplete_mlops.py
[2025-07-19T14:11:58.806+0000] {logging_mixin.py:188} INFO - [2025-07-19T14:11:58.805+0000] {dagbag.py:445} ERROR - Failed to bag_dag: /opt/airflow/dags/conplete_mlops.py
Traceback (most recent call last):
  File "/home/airflow/.local/lib/python3.8/site-packages/airflow/models/dagbag.py", line 441, in _process_modules
    self.bag_dag(dag=dag, root_dag=dag)
  File "/home/airflow/.local/lib/python3.8/site-packages/airflow/models/dagbag.py", line 460, in bag_dag
    self._bag_dag(dag=dag, root_dag=root_dag, recursive=True)
  File "/home/airflow/.local/lib/python3.8/site-packages/airflow/models/dagbag.py", line 468, in _bag_dag
    check_cycle(dag)  # throws if a task cycle is found
  File "/home/airflow/.local/lib/python3.8/site-packages/airflow/utils/dag_cycle_tester.py", line 79, in check_cycle
    child_to_check = _check_adjacent_tasks(current_task_id, task)
  File "/home/airflow/.local/lib/python3.8/site-packages/airflow/utils/dag_cycle_tester.py", line 65, in _check_adjacent_tasks
    raise AirflowDagCycleException(msg)
airflow.exceptions.AirflowDagCycleException: Cycle detected in DAG: mlops_pipeline_Complete. Faulty task: raise_event_drift_flag_if_needed
[2025-07-19T14:11:58.807+0000] {processor.py:842} WARNING - No viable dags retrieved from /opt/airflow/dags/conplete_mlops.py
[2025-07-19T14:11:58.868+0000] {processor.py:183} INFO - Processing /opt/airflow/dags/conplete_mlops.py took 0.176 seconds
[2025-07-19T14:12:03.081+0000] {processor.py:161} INFO - Started process (PID=6434) to work on /opt/airflow/dags/conplete_mlops.py
[2025-07-19T14:12:03.082+0000] {processor.py:830} INFO - Processing file /opt/airflow/dags/conplete_mlops.py for tasks to queue
[2025-07-19T14:12:03.084+0000] {logging_mixin.py:188} INFO - [2025-07-19T14:12:03.083+0000] {dagbag.py:538} INFO - Filling up the DagBag from /opt/airflow/dags/conplete_mlops.py
[2025-07-19T14:12:03.177+0000] {logging_mixin.py:188} INFO - [2025-07-19T14:12:03.176+0000] {dagbag.py:445} ERROR - Failed to bag_dag: /opt/airflow/dags/conplete_mlops.py
Traceback (most recent call last):
  File "/home/airflow/.local/lib/python3.8/site-packages/airflow/models/dagbag.py", line 441, in _process_modules
    self.bag_dag(dag=dag, root_dag=dag)
  File "/home/airflow/.local/lib/python3.8/site-packages/airflow/models/dagbag.py", line 460, in bag_dag
    self._bag_dag(dag=dag, root_dag=root_dag, recursive=True)
  File "/home/airflow/.local/lib/python3.8/site-packages/airflow/models/dagbag.py", line 468, in _bag_dag
    check_cycle(dag)  # throws if a task cycle is found
  File "/home/airflow/.local/lib/python3.8/site-packages/airflow/utils/dag_cycle_tester.py", line 79, in check_cycle
    child_to_check = _check_adjacent_tasks(current_task_id, task)
  File "/home/airflow/.local/lib/python3.8/site-packages/airflow/utils/dag_cycle_tester.py", line 65, in _check_adjacent_tasks
    raise AirflowDagCycleException(msg)
airflow.exceptions.AirflowDagCycleException: Cycle detected in DAG: mlops_pipeline_. Faulty task: raise_event_drift_flag_if_needed
[2025-07-19T14:12:03.178+0000] {processor.py:842} WARNING - No viable dags retrieved from /opt/airflow/dags/conplete_mlops.py
[2025-07-19T14:12:03.194+0000] {processor.py:183} INFO - Processing /opt/airflow/dags/conplete_mlops.py took 0.116 seconds
[2025-07-19T14:12:21.864+0000] {processor.py:161} INFO - Started process (PID=6469) to work on /opt/airflow/dags/conplete_mlops.py
[2025-07-19T14:12:21.866+0000] {processor.py:830} INFO - Processing file /opt/airflow/dags/conplete_mlops.py for tasks to queue
[2025-07-19T14:12:21.867+0000] {logging_mixin.py:188} INFO - [2025-07-19T14:12:21.867+0000] {dagbag.py:538} INFO - Filling up the DagBag from /opt/airflow/dags/conplete_mlops.py
[2025-07-19T14:12:21.976+0000] {processor.py:840} INFO - DAG(s) 'mlops_pipeline_complete' retrieved from /opt/airflow/dags/conplete_mlops.py
[2025-07-19T14:12:22.090+0000] {logging_mixin.py:188} INFO - [2025-07-19T14:12:22.090+0000] {dag.py:3036} INFO - Sync 1 DAGs
[2025-07-19T14:12:22.105+0000] {logging_mixin.py:188} INFO - [2025-07-19T14:12:22.105+0000] {dag.py:3823} INFO - Setting next_dagrun for mlops_pipeline_complete to None, run_after=None
[2025-07-19T14:12:22.185+0000] {processor.py:183} INFO - Processing /opt/airflow/dags/conplete_mlops.py took 0.325 seconds
[2025-07-19T14:12:52.302+0000] {processor.py:161} INFO - Started process (PID=6504) to work on /opt/airflow/dags/conplete_mlops.py
[2025-07-19T14:12:52.303+0000] {processor.py:830} INFO - Processing file /opt/airflow/dags/conplete_mlops.py for tasks to queue
[2025-07-19T14:12:52.304+0000] {logging_mixin.py:188} INFO - [2025-07-19T14:12:52.303+0000] {dagbag.py:538} INFO - Filling up the DagBag from /opt/airflow/dags/conplete_mlops.py
[2025-07-19T14:12:52.316+0000] {processor.py:840} INFO - DAG(s) 'mlops_pipeline_complete' retrieved from /opt/airflow/dags/conplete_mlops.py
[2025-07-19T14:12:52.344+0000] {logging_mixin.py:188} INFO - [2025-07-19T14:12:52.343+0000] {dag.py:3036} INFO - Sync 1 DAGs
[2025-07-19T14:12:52.356+0000] {logging_mixin.py:188} INFO - [2025-07-19T14:12:52.356+0000] {dag.py:3823} INFO - Setting next_dagrun for mlops_pipeline_complete to None, run_after=None
[2025-07-19T14:12:52.375+0000] {processor.py:183} INFO - Processing /opt/airflow/dags/conplete_mlops.py took 0.076 seconds
[2025-07-19T14:13:23.555+0000] {processor.py:161} INFO - Started process (PID=6539) to work on /opt/airflow/dags/conplete_mlops.py
[2025-07-19T14:13:23.556+0000] {processor.py:830} INFO - Processing file /opt/airflow/dags/conplete_mlops.py for tasks to queue
[2025-07-19T14:13:23.557+0000] {logging_mixin.py:188} INFO - [2025-07-19T14:13:23.556+0000] {dagbag.py:538} INFO - Filling up the DagBag from /opt/airflow/dags/conplete_mlops.py
[2025-07-19T14:13:23.625+0000] {processor.py:840} INFO - DAG(s) 'mlops_pipeline_complete' retrieved from /opt/airflow/dags/conplete_mlops.py
[2025-07-19T14:13:23.654+0000] {logging_mixin.py:188} INFO - [2025-07-19T14:13:23.654+0000] {dag.py:3036} INFO - Sync 1 DAGs
[2025-07-19T14:13:23.665+0000] {logging_mixin.py:188} INFO - [2025-07-19T14:13:23.665+0000] {dag.py:3823} INFO - Setting next_dagrun for mlops_pipeline_complete to None, run_after=None
[2025-07-19T14:13:23.685+0000] {processor.py:183} INFO - Processing /opt/airflow/dags/conplete_mlops.py took 0.133 seconds
[2025-07-19T14:13:53.892+0000] {processor.py:161} INFO - Started process (PID=6574) to work on /opt/airflow/dags/conplete_mlops.py
[2025-07-19T14:13:53.894+0000] {processor.py:830} INFO - Processing file /opt/airflow/dags/conplete_mlops.py for tasks to queue
[2025-07-19T14:13:53.896+0000] {logging_mixin.py:188} INFO - [2025-07-19T14:13:53.895+0000] {dagbag.py:538} INFO - Filling up the DagBag from /opt/airflow/dags/conplete_mlops.py
[2025-07-19T14:13:53.910+0000] {processor.py:840} INFO - DAG(s) 'mlops_pipeline_complete' retrieved from /opt/airflow/dags/conplete_mlops.py
[2025-07-19T14:13:53.944+0000] {logging_mixin.py:188} INFO - [2025-07-19T14:13:53.944+0000] {dag.py:3036} INFO - Sync 1 DAGs
[2025-07-19T14:13:53.966+0000] {logging_mixin.py:188} INFO - [2025-07-19T14:13:53.966+0000] {dag.py:3823} INFO - Setting next_dagrun for mlops_pipeline_complete to None, run_after=None
[2025-07-19T14:13:53.994+0000] {processor.py:183} INFO - Processing /opt/airflow/dags/conplete_mlops.py took 0.105 seconds
[2025-07-19T14:14:24.862+0000] {processor.py:161} INFO - Started process (PID=6609) to work on /opt/airflow/dags/conplete_mlops.py
[2025-07-19T14:14:24.863+0000] {processor.py:830} INFO - Processing file /opt/airflow/dags/conplete_mlops.py for tasks to queue
[2025-07-19T14:14:24.864+0000] {logging_mixin.py:188} INFO - [2025-07-19T14:14:24.864+0000] {dagbag.py:538} INFO - Filling up the DagBag from /opt/airflow/dags/conplete_mlops.py
[2025-07-19T14:14:24.882+0000] {processor.py:840} INFO - DAG(s) 'mlops_pipeline_complete' retrieved from /opt/airflow/dags/conplete_mlops.py
[2025-07-19T14:14:24.918+0000] {logging_mixin.py:188} INFO - [2025-07-19T14:14:24.917+0000] {dag.py:3036} INFO - Sync 1 DAGs
[2025-07-19T14:14:24.935+0000] {logging_mixin.py:188} INFO - [2025-07-19T14:14:24.935+0000] {dag.py:3823} INFO - Setting next_dagrun for mlops_pipeline_complete to None, run_after=None
[2025-07-19T14:14:24.962+0000] {processor.py:183} INFO - Processing /opt/airflow/dags/conplete_mlops.py took 0.104 seconds
[2025-07-19T14:14:55.744+0000] {processor.py:161} INFO - Started process (PID=6644) to work on /opt/airflow/dags/conplete_mlops.py
[2025-07-19T14:14:55.745+0000] {processor.py:830} INFO - Processing file /opt/airflow/dags/conplete_mlops.py for tasks to queue
[2025-07-19T14:14:55.746+0000] {logging_mixin.py:188} INFO - [2025-07-19T14:14:55.746+0000] {dagbag.py:538} INFO - Filling up the DagBag from /opt/airflow/dags/conplete_mlops.py
[2025-07-19T14:14:55.802+0000] {processor.py:840} INFO - DAG(s) 'mlops_pipeline_complete' retrieved from /opt/airflow/dags/conplete_mlops.py
[2025-07-19T14:14:55.834+0000] {logging_mixin.py:188} INFO - [2025-07-19T14:14:55.833+0000] {dag.py:3036} INFO - Sync 1 DAGs
[2025-07-19T14:14:55.849+0000] {logging_mixin.py:188} INFO - [2025-07-19T14:14:55.849+0000] {dag.py:3823} INFO - Setting next_dagrun for mlops_pipeline_complete to None, run_after=None
[2025-07-19T14:14:55.871+0000] {processor.py:183} INFO - Processing /opt/airflow/dags/conplete_mlops.py took 0.131 seconds
[2025-07-19T14:15:26.488+0000] {processor.py:161} INFO - Started process (PID=6679) to work on /opt/airflow/dags/conplete_mlops.py
[2025-07-19T14:15:26.489+0000] {processor.py:830} INFO - Processing file /opt/airflow/dags/conplete_mlops.py for tasks to queue
[2025-07-19T14:15:26.490+0000] {logging_mixin.py:188} INFO - [2025-07-19T14:15:26.489+0000] {dagbag.py:538} INFO - Filling up the DagBag from /opt/airflow/dags/conplete_mlops.py
[2025-07-19T14:15:26.530+0000] {processor.py:840} INFO - DAG(s) 'mlops_pipeline_complete' retrieved from /opt/airflow/dags/conplete_mlops.py
[2025-07-19T14:15:26.557+0000] {logging_mixin.py:188} INFO - [2025-07-19T14:15:26.557+0000] {dag.py:3036} INFO - Sync 1 DAGs
[2025-07-19T14:15:26.569+0000] {logging_mixin.py:188} INFO - [2025-07-19T14:15:26.569+0000] {dag.py:3823} INFO - Setting next_dagrun for mlops_pipeline_complete to None, run_after=None
[2025-07-19T14:15:26.589+0000] {processor.py:183} INFO - Processing /opt/airflow/dags/conplete_mlops.py took 0.104 seconds
[2025-07-19T14:15:57.240+0000] {processor.py:161} INFO - Started process (PID=6714) to work on /opt/airflow/dags/conplete_mlops.py
[2025-07-19T14:15:57.241+0000] {processor.py:830} INFO - Processing file /opt/airflow/dags/conplete_mlops.py for tasks to queue
[2025-07-19T14:15:57.243+0000] {logging_mixin.py:188} INFO - [2025-07-19T14:15:57.242+0000] {dagbag.py:538} INFO - Filling up the DagBag from /opt/airflow/dags/conplete_mlops.py
[2025-07-19T14:15:57.295+0000] {processor.py:840} INFO - DAG(s) 'mlops_pipeline_complete' retrieved from /opt/airflow/dags/conplete_mlops.py
[2025-07-19T14:15:57.335+0000] {logging_mixin.py:188} INFO - [2025-07-19T14:15:57.334+0000] {dag.py:3036} INFO - Sync 1 DAGs
[2025-07-19T14:15:57.348+0000] {logging_mixin.py:188} INFO - [2025-07-19T14:15:57.348+0000] {dag.py:3823} INFO - Setting next_dagrun for mlops_pipeline_complete to None, run_after=None
[2025-07-19T14:15:57.372+0000] {processor.py:183} INFO - Processing /opt/airflow/dags/conplete_mlops.py took 0.134 seconds
[2025-07-19T14:16:28.006+0000] {processor.py:161} INFO - Started process (PID=6749) to work on /opt/airflow/dags/conplete_mlops.py
[2025-07-19T14:16:28.007+0000] {processor.py:830} INFO - Processing file /opt/airflow/dags/conplete_mlops.py for tasks to queue
[2025-07-19T14:16:28.008+0000] {logging_mixin.py:188} INFO - [2025-07-19T14:16:28.008+0000] {dagbag.py:538} INFO - Filling up the DagBag from /opt/airflow/dags/conplete_mlops.py
[2025-07-19T14:16:28.022+0000] {processor.py:840} INFO - DAG(s) 'mlops_pipeline_complete' retrieved from /opt/airflow/dags/conplete_mlops.py
[2025-07-19T14:16:28.077+0000] {logging_mixin.py:188} INFO - [2025-07-19T14:16:28.077+0000] {dag.py:3036} INFO - Sync 1 DAGs
[2025-07-19T14:16:28.091+0000] {logging_mixin.py:188} INFO - [2025-07-19T14:16:28.091+0000] {dag.py:3823} INFO - Setting next_dagrun for mlops_pipeline_complete to None, run_after=None
[2025-07-19T14:16:28.111+0000] {processor.py:183} INFO - Processing /opt/airflow/dags/conplete_mlops.py took 0.109 seconds
[2025-07-19T14:16:58.642+0000] {processor.py:161} INFO - Started process (PID=6784) to work on /opt/airflow/dags/conplete_mlops.py
[2025-07-19T14:16:58.643+0000] {processor.py:830} INFO - Processing file /opt/airflow/dags/conplete_mlops.py for tasks to queue
[2025-07-19T14:16:58.644+0000] {logging_mixin.py:188} INFO - [2025-07-19T14:16:58.643+0000] {dagbag.py:538} INFO - Filling up the DagBag from /opt/airflow/dags/conplete_mlops.py
[2025-07-19T14:16:58.682+0000] {processor.py:840} INFO - DAG(s) 'mlops_pipeline_complete' retrieved from /opt/airflow/dags/conplete_mlops.py
[2025-07-19T14:16:58.712+0000] {logging_mixin.py:188} INFO - [2025-07-19T14:16:58.712+0000] {dag.py:3036} INFO - Sync 1 DAGs
[2025-07-19T14:16:58.723+0000] {logging_mixin.py:188} INFO - [2025-07-19T14:16:58.723+0000] {dag.py:3823} INFO - Setting next_dagrun for mlops_pipeline_complete to None, run_after=None
[2025-07-19T14:16:58.744+0000] {processor.py:183} INFO - Processing /opt/airflow/dags/conplete_mlops.py took 0.105 seconds
[2025-07-19T14:17:29.106+0000] {processor.py:161} INFO - Started process (PID=6819) to work on /opt/airflow/dags/conplete_mlops.py
[2025-07-19T14:17:29.107+0000] {processor.py:830} INFO - Processing file /opt/airflow/dags/conplete_mlops.py for tasks to queue
[2025-07-19T14:17:29.108+0000] {logging_mixin.py:188} INFO - [2025-07-19T14:17:29.108+0000] {dagbag.py:538} INFO - Filling up the DagBag from /opt/airflow/dags/conplete_mlops.py
[2025-07-19T14:17:29.124+0000] {processor.py:840} INFO - DAG(s) 'mlops_pipeline_complete' retrieved from /opt/airflow/dags/conplete_mlops.py
[2025-07-19T14:17:29.151+0000] {logging_mixin.py:188} INFO - [2025-07-19T14:17:29.151+0000] {dag.py:3036} INFO - Sync 1 DAGs
[2025-07-19T14:17:29.163+0000] {logging_mixin.py:188} INFO - [2025-07-19T14:17:29.163+0000] {dag.py:3823} INFO - Setting next_dagrun for mlops_pipeline_complete to None, run_after=None
[2025-07-19T14:17:29.182+0000] {processor.py:183} INFO - Processing /opt/airflow/dags/conplete_mlops.py took 0.079 seconds
[2025-07-19T14:17:59.626+0000] {processor.py:161} INFO - Started process (PID=6854) to work on /opt/airflow/dags/conplete_mlops.py
[2025-07-19T14:17:59.627+0000] {processor.py:830} INFO - Processing file /opt/airflow/dags/conplete_mlops.py for tasks to queue
[2025-07-19T14:17:59.628+0000] {logging_mixin.py:188} INFO - [2025-07-19T14:17:59.628+0000] {dagbag.py:538} INFO - Filling up the DagBag from /opt/airflow/dags/conplete_mlops.py
[2025-07-19T14:17:59.665+0000] {processor.py:840} INFO - DAG(s) 'mlops_pipeline_complete' retrieved from /opt/airflow/dags/conplete_mlops.py
[2025-07-19T14:17:59.697+0000] {logging_mixin.py:188} INFO - [2025-07-19T14:17:59.697+0000] {dag.py:3036} INFO - Sync 1 DAGs
[2025-07-19T14:17:59.710+0000] {logging_mixin.py:188} INFO - [2025-07-19T14:17:59.709+0000] {dag.py:3823} INFO - Setting next_dagrun for mlops_pipeline_complete to None, run_after=None
[2025-07-19T14:17:59.732+0000] {processor.py:183} INFO - Processing /opt/airflow/dags/conplete_mlops.py took 0.110 seconds
[2025-07-19T14:18:30.318+0000] {processor.py:161} INFO - Started process (PID=6889) to work on /opt/airflow/dags/conplete_mlops.py
[2025-07-19T14:18:30.319+0000] {processor.py:830} INFO - Processing file /opt/airflow/dags/conplete_mlops.py for tasks to queue
[2025-07-19T14:18:30.337+0000] {logging_mixin.py:188} INFO - [2025-07-19T14:18:30.336+0000] {dagbag.py:538} INFO - Filling up the DagBag from /opt/airflow/dags/conplete_mlops.py
[2025-07-19T14:18:30.374+0000] {processor.py:840} INFO - DAG(s) 'mlops_pipeline_complete' retrieved from /opt/airflow/dags/conplete_mlops.py
[2025-07-19T14:18:30.404+0000] {logging_mixin.py:188} INFO - [2025-07-19T14:18:30.404+0000] {dag.py:3036} INFO - Sync 1 DAGs
[2025-07-19T14:18:30.419+0000] {logging_mixin.py:188} INFO - [2025-07-19T14:18:30.419+0000] {dag.py:3823} INFO - Setting next_dagrun for mlops_pipeline_complete to None, run_after=None
[2025-07-19T14:18:30.441+0000] {processor.py:183} INFO - Processing /opt/airflow/dags/conplete_mlops.py took 0.126 seconds
[2025-07-19T14:19:01.233+0000] {processor.py:161} INFO - Started process (PID=6924) to work on /opt/airflow/dags/conplete_mlops.py
[2025-07-19T14:19:01.234+0000] {processor.py:830} INFO - Processing file /opt/airflow/dags/conplete_mlops.py for tasks to queue
[2025-07-19T14:19:01.236+0000] {logging_mixin.py:188} INFO - [2025-07-19T14:19:01.236+0000] {dagbag.py:538} INFO - Filling up the DagBag from /opt/airflow/dags/conplete_mlops.py
[2025-07-19T14:19:01.265+0000] {processor.py:840} INFO - DAG(s) 'mlops_pipeline_complete' retrieved from /opt/airflow/dags/conplete_mlops.py
[2025-07-19T14:19:01.302+0000] {logging_mixin.py:188} INFO - [2025-07-19T14:19:01.301+0000] {dag.py:3036} INFO - Sync 1 DAGs
[2025-07-19T14:19:01.317+0000] {logging_mixin.py:188} INFO - [2025-07-19T14:19:01.317+0000] {dag.py:3823} INFO - Setting next_dagrun for mlops_pipeline_complete to None, run_after=None
[2025-07-19T14:19:01.343+0000] {processor.py:183} INFO - Processing /opt/airflow/dags/conplete_mlops.py took 0.115 seconds
[2025-07-19T14:19:31.445+0000] {processor.py:161} INFO - Started process (PID=6959) to work on /opt/airflow/dags/conplete_mlops.py
[2025-07-19T14:19:31.446+0000] {processor.py:830} INFO - Processing file /opt/airflow/dags/conplete_mlops.py for tasks to queue
[2025-07-19T14:19:31.447+0000] {logging_mixin.py:188} INFO - [2025-07-19T14:19:31.447+0000] {dagbag.py:538} INFO - Filling up the DagBag from /opt/airflow/dags/conplete_mlops.py
[2025-07-19T14:19:31.468+0000] {processor.py:840} INFO - DAG(s) 'mlops_pipeline_complete' retrieved from /opt/airflow/dags/conplete_mlops.py
[2025-07-19T14:19:31.498+0000] {logging_mixin.py:188} INFO - [2025-07-19T14:19:31.498+0000] {dag.py:3036} INFO - Sync 1 DAGs
[2025-07-19T14:19:31.511+0000] {logging_mixin.py:188} INFO - [2025-07-19T14:19:31.511+0000] {dag.py:3823} INFO - Setting next_dagrun for mlops_pipeline_complete to None, run_after=None
[2025-07-19T14:19:31.532+0000] {processor.py:183} INFO - Processing /opt/airflow/dags/conplete_mlops.py took 0.090 seconds
[2025-07-19T14:20:02.322+0000] {processor.py:161} INFO - Started process (PID=6994) to work on /opt/airflow/dags/conplete_mlops.py
[2025-07-19T14:20:02.323+0000] {processor.py:830} INFO - Processing file /opt/airflow/dags/conplete_mlops.py for tasks to queue
[2025-07-19T14:20:02.324+0000] {logging_mixin.py:188} INFO - [2025-07-19T14:20:02.324+0000] {dagbag.py:538} INFO - Filling up the DagBag from /opt/airflow/dags/conplete_mlops.py
[2025-07-19T14:20:02.336+0000] {processor.py:840} INFO - DAG(s) 'mlops_pipeline_complete' retrieved from /opt/airflow/dags/conplete_mlops.py
[2025-07-19T14:20:02.365+0000] {logging_mixin.py:188} INFO - [2025-07-19T14:20:02.365+0000] {dag.py:3036} INFO - Sync 1 DAGs
[2025-07-19T14:20:02.378+0000] {logging_mixin.py:188} INFO - [2025-07-19T14:20:02.378+0000] {dag.py:3823} INFO - Setting next_dagrun for mlops_pipeline_complete to None, run_after=None
[2025-07-19T14:20:02.649+0000] {processor.py:183} INFO - Processing /opt/airflow/dags/conplete_mlops.py took 0.330 seconds
[2025-07-19T14:20:32.984+0000] {processor.py:161} INFO - Started process (PID=7029) to work on /opt/airflow/dags/conplete_mlops.py
[2025-07-19T14:20:32.985+0000] {processor.py:830} INFO - Processing file /opt/airflow/dags/conplete_mlops.py for tasks to queue
[2025-07-19T14:20:32.986+0000] {logging_mixin.py:188} INFO - [2025-07-19T14:20:32.986+0000] {dagbag.py:538} INFO - Filling up the DagBag from /opt/airflow/dags/conplete_mlops.py
[2025-07-19T14:20:32.998+0000] {processor.py:840} INFO - DAG(s) 'mlops_pipeline_complete' retrieved from /opt/airflow/dags/conplete_mlops.py
[2025-07-19T14:20:33.030+0000] {logging_mixin.py:188} INFO - [2025-07-19T14:20:33.030+0000] {dag.py:3036} INFO - Sync 1 DAGs
[2025-07-19T14:20:33.042+0000] {logging_mixin.py:188} INFO - [2025-07-19T14:20:33.042+0000] {dag.py:3823} INFO - Setting next_dagrun for mlops_pipeline_complete to None, run_after=None
[2025-07-19T14:20:33.064+0000] {processor.py:183} INFO - Processing /opt/airflow/dags/conplete_mlops.py took 0.083 seconds
[2025-07-19T14:21:03.263+0000] {processor.py:161} INFO - Started process (PID=7062) to work on /opt/airflow/dags/conplete_mlops.py
[2025-07-19T14:21:03.264+0000] {processor.py:830} INFO - Processing file /opt/airflow/dags/conplete_mlops.py for tasks to queue
[2025-07-19T14:21:03.264+0000] {logging_mixin.py:188} INFO - [2025-07-19T14:21:03.264+0000] {dagbag.py:538} INFO - Filling up the DagBag from /opt/airflow/dags/conplete_mlops.py
[2025-07-19T14:21:03.290+0000] {processor.py:840} INFO - DAG(s) 'mlops_pipeline_complete' retrieved from /opt/airflow/dags/conplete_mlops.py
[2025-07-19T14:21:03.500+0000] {logging_mixin.py:188} INFO - [2025-07-19T14:21:03.499+0000] {dag.py:3036} INFO - Sync 1 DAGs
[2025-07-19T14:21:03.528+0000] {logging_mixin.py:188} INFO - [2025-07-19T14:21:03.527+0000] {dag.py:3823} INFO - Setting next_dagrun for mlops_pipeline_complete to None, run_after=None
[2025-07-19T14:21:03.816+0000] {processor.py:183} INFO - Processing /opt/airflow/dags/conplete_mlops.py took 0.556 seconds
[2025-07-19T14:21:34.277+0000] {processor.py:161} INFO - Started process (PID=7094) to work on /opt/airflow/dags/conplete_mlops.py
[2025-07-19T14:21:34.278+0000] {processor.py:830} INFO - Processing file /opt/airflow/dags/conplete_mlops.py for tasks to queue
[2025-07-19T14:21:34.279+0000] {logging_mixin.py:188} INFO - [2025-07-19T14:21:34.279+0000] {dagbag.py:538} INFO - Filling up the DagBag from /opt/airflow/dags/conplete_mlops.py
[2025-07-19T14:21:34.367+0000] {processor.py:840} INFO - DAG(s) 'mlops_pipeline_complete' retrieved from /opt/airflow/dags/conplete_mlops.py
[2025-07-19T14:21:34.452+0000] {logging_mixin.py:188} INFO - [2025-07-19T14:21:34.451+0000] {dag.py:3036} INFO - Sync 1 DAGs
[2025-07-19T14:21:34.465+0000] {logging_mixin.py:188} INFO - [2025-07-19T14:21:34.465+0000] {dag.py:3823} INFO - Setting next_dagrun for mlops_pipeline_complete to None, run_after=None
[2025-07-19T14:21:34.708+0000] {processor.py:183} INFO - Processing /opt/airflow/dags/conplete_mlops.py took 0.434 seconds
[2025-07-19T14:22:08.120+0000] {processor.py:161} INFO - Started process (PID=7129) to work on /opt/airflow/dags/conplete_mlops.py
[2025-07-19T14:22:08.121+0000] {processor.py:830} INFO - Processing file /opt/airflow/dags/conplete_mlops.py for tasks to queue
[2025-07-19T14:22:08.122+0000] {logging_mixin.py:188} INFO - [2025-07-19T14:22:08.122+0000] {dagbag.py:538} INFO - Filling up the DagBag from /opt/airflow/dags/conplete_mlops.py
[2025-07-19T14:22:08.332+0000] {processor.py:840} INFO - DAG(s) 'mlops_pipeline_complete' retrieved from /opt/airflow/dags/conplete_mlops.py
[2025-07-19T14:22:08.493+0000] {logging_mixin.py:188} INFO - [2025-07-19T14:22:08.493+0000] {dag.py:3036} INFO - Sync 1 DAGs
[2025-07-19T14:22:08.505+0000] {logging_mixin.py:188} INFO - [2025-07-19T14:22:08.505+0000] {dag.py:3823} INFO - Setting next_dagrun for mlops_pipeline_complete to None, run_after=None
[2025-07-19T14:22:08.736+0000] {processor.py:183} INFO - Processing /opt/airflow/dags/conplete_mlops.py took 0.618 seconds
[2025-07-19T14:22:39.225+0000] {processor.py:161} INFO - Started process (PID=7164) to work on /opt/airflow/dags/conplete_mlops.py
[2025-07-19T14:22:39.226+0000] {processor.py:830} INFO - Processing file /opt/airflow/dags/conplete_mlops.py for tasks to queue
[2025-07-19T14:22:39.227+0000] {logging_mixin.py:188} INFO - [2025-07-19T14:22:39.227+0000] {dagbag.py:538} INFO - Filling up the DagBag from /opt/airflow/dags/conplete_mlops.py
[2025-07-19T14:22:39.268+0000] {processor.py:840} INFO - DAG(s) 'mlops_pipeline_complete' retrieved from /opt/airflow/dags/conplete_mlops.py
[2025-07-19T14:22:39.432+0000] {logging_mixin.py:188} INFO - [2025-07-19T14:22:39.431+0000] {dag.py:3036} INFO - Sync 1 DAGs
[2025-07-19T14:22:39.450+0000] {logging_mixin.py:188} INFO - [2025-07-19T14:22:39.449+0000] {dag.py:3823} INFO - Setting next_dagrun for mlops_pipeline_complete to None, run_after=None
[2025-07-19T14:22:39.472+0000] {processor.py:183} INFO - Processing /opt/airflow/dags/conplete_mlops.py took 0.250 seconds
[2025-07-19T14:23:10.229+0000] {processor.py:161} INFO - Started process (PID=7199) to work on /opt/airflow/dags/conplete_mlops.py
[2025-07-19T14:23:10.244+0000] {processor.py:830} INFO - Processing file /opt/airflow/dags/conplete_mlops.py for tasks to queue
[2025-07-19T14:23:10.245+0000] {logging_mixin.py:188} INFO - [2025-07-19T14:23:10.245+0000] {dagbag.py:538} INFO - Filling up the DagBag from /opt/airflow/dags/conplete_mlops.py
[2025-07-19T14:23:10.260+0000] {processor.py:840} INFO - DAG(s) 'mlops_pipeline_complete' retrieved from /opt/airflow/dags/conplete_mlops.py
[2025-07-19T14:23:10.287+0000] {logging_mixin.py:188} INFO - [2025-07-19T14:23:10.287+0000] {dag.py:3036} INFO - Sync 1 DAGs
[2025-07-19T14:23:10.298+0000] {logging_mixin.py:188} INFO - [2025-07-19T14:23:10.298+0000] {dag.py:3823} INFO - Setting next_dagrun for mlops_pipeline_complete to None, run_after=None
[2025-07-19T14:23:10.316+0000] {processor.py:183} INFO - Processing /opt/airflow/dags/conplete_mlops.py took 0.090 seconds
[2025-07-19T14:23:40.861+0000] {processor.py:161} INFO - Started process (PID=7234) to work on /opt/airflow/dags/conplete_mlops.py
[2025-07-19T14:23:40.862+0000] {processor.py:830} INFO - Processing file /opt/airflow/dags/conplete_mlops.py for tasks to queue
[2025-07-19T14:23:40.863+0000] {logging_mixin.py:188} INFO - [2025-07-19T14:23:40.863+0000] {dagbag.py:538} INFO - Filling up the DagBag from /opt/airflow/dags/conplete_mlops.py
[2025-07-19T14:23:40.875+0000] {processor.py:840} INFO - DAG(s) 'mlops_pipeline_complete' retrieved from /opt/airflow/dags/conplete_mlops.py
[2025-07-19T14:23:40.934+0000] {logging_mixin.py:188} INFO - [2025-07-19T14:23:40.934+0000] {dag.py:3036} INFO - Sync 1 DAGs
[2025-07-19T14:23:40.947+0000] {logging_mixin.py:188} INFO - [2025-07-19T14:23:40.947+0000] {dag.py:3823} INFO - Setting next_dagrun for mlops_pipeline_complete to None, run_after=None
[2025-07-19T14:23:40.967+0000] {processor.py:183} INFO - Processing /opt/airflow/dags/conplete_mlops.py took 0.109 seconds
[2025-07-19T14:24:11.657+0000] {processor.py:161} INFO - Started process (PID=7267) to work on /opt/airflow/dags/conplete_mlops.py
[2025-07-19T14:24:11.658+0000] {processor.py:830} INFO - Processing file /opt/airflow/dags/conplete_mlops.py for tasks to queue
[2025-07-19T14:24:11.659+0000] {logging_mixin.py:188} INFO - [2025-07-19T14:24:11.659+0000] {dagbag.py:538} INFO - Filling up the DagBag from /opt/airflow/dags/conplete_mlops.py
[2025-07-19T14:24:11.671+0000] {processor.py:840} INFO - DAG(s) 'mlops_pipeline_complete' retrieved from /opt/airflow/dags/conplete_mlops.py
[2025-07-19T14:24:11.697+0000] {logging_mixin.py:188} INFO - [2025-07-19T14:24:11.696+0000] {dag.py:3036} INFO - Sync 1 DAGs
[2025-07-19T14:24:11.710+0000] {logging_mixin.py:188} INFO - [2025-07-19T14:24:11.710+0000] {dag.py:3823} INFO - Setting next_dagrun for mlops_pipeline_complete to None, run_after=None
[2025-07-19T14:24:11.780+0000] {processor.py:183} INFO - Processing /opt/airflow/dags/conplete_mlops.py took 0.125 seconds
[2025-07-19T14:24:42.591+0000] {processor.py:161} INFO - Started process (PID=7297) to work on /opt/airflow/dags/conplete_mlops.py
[2025-07-19T14:24:42.592+0000] {processor.py:830} INFO - Processing file /opt/airflow/dags/conplete_mlops.py for tasks to queue
[2025-07-19T14:24:42.593+0000] {logging_mixin.py:188} INFO - [2025-07-19T14:24:42.593+0000] {dagbag.py:538} INFO - Filling up the DagBag from /opt/airflow/dags/conplete_mlops.py
[2025-07-19T14:24:42.607+0000] {processor.py:840} INFO - DAG(s) 'mlops_pipeline_complete' retrieved from /opt/airflow/dags/conplete_mlops.py
[2025-07-19T14:24:42.701+0000] {logging_mixin.py:188} INFO - [2025-07-19T14:24:42.701+0000] {dag.py:3036} INFO - Sync 1 DAGs
[2025-07-19T14:24:42.714+0000] {logging_mixin.py:188} INFO - [2025-07-19T14:24:42.714+0000] {dag.py:3823} INFO - Setting next_dagrun for mlops_pipeline_complete to None, run_after=None
[2025-07-19T14:24:42.734+0000] {processor.py:183} INFO - Processing /opt/airflow/dags/conplete_mlops.py took 0.147 seconds
[2025-07-19T14:25:18.910+0000] {processor.py:161} INFO - Started process (PID=7327) to work on /opt/airflow/dags/conplete_mlops.py
[2025-07-19T14:25:18.912+0000] {processor.py:830} INFO - Processing file /opt/airflow/dags/conplete_mlops.py for tasks to queue
[2025-07-19T14:25:18.913+0000] {logging_mixin.py:188} INFO - [2025-07-19T14:25:18.912+0000] {dagbag.py:538} INFO - Filling up the DagBag from /opt/airflow/dags/conplete_mlops.py
[2025-07-19T14:25:18.963+0000] {processor.py:840} INFO - DAG(s) 'mlops_pipeline_complete' retrieved from /opt/airflow/dags/conplete_mlops.py
[2025-07-19T14:25:18.994+0000] {logging_mixin.py:188} INFO - [2025-07-19T14:25:18.993+0000] {dag.py:3036} INFO - Sync 1 DAGs
[2025-07-19T14:25:19.011+0000] {logging_mixin.py:188} INFO - [2025-07-19T14:25:19.011+0000] {dag.py:3823} INFO - Setting next_dagrun for mlops_pipeline_complete to None, run_after=None
[2025-07-19T14:25:19.037+0000] {processor.py:183} INFO - Processing /opt/airflow/dags/conplete_mlops.py took 0.130 seconds
[2025-07-19T14:25:49.337+0000] {processor.py:161} INFO - Started process (PID=7347) to work on /opt/airflow/dags/conplete_mlops.py
[2025-07-19T14:25:49.338+0000] {processor.py:830} INFO - Processing file /opt/airflow/dags/conplete_mlops.py for tasks to queue
[2025-07-19T14:25:49.340+0000] {logging_mixin.py:188} INFO - [2025-07-19T14:25:49.339+0000] {dagbag.py:538} INFO - Filling up the DagBag from /opt/airflow/dags/conplete_mlops.py
[2025-07-19T14:25:49.353+0000] {processor.py:840} INFO - DAG(s) 'mlops_pipeline_complete' retrieved from /opt/airflow/dags/conplete_mlops.py
[2025-07-19T14:25:49.382+0000] {logging_mixin.py:188} INFO - [2025-07-19T14:25:49.382+0000] {dag.py:3036} INFO - Sync 1 DAGs
[2025-07-19T14:25:49.394+0000] {logging_mixin.py:188} INFO - [2025-07-19T14:25:49.394+0000] {dag.py:3823} INFO - Setting next_dagrun for mlops_pipeline_complete to None, run_after=None
[2025-07-19T14:25:49.415+0000] {processor.py:183} INFO - Processing /opt/airflow/dags/conplete_mlops.py took 0.081 seconds
[2025-07-19T14:26:20.064+0000] {processor.py:161} INFO - Started process (PID=7382) to work on /opt/airflow/dags/conplete_mlops.py
[2025-07-19T14:26:20.066+0000] {processor.py:830} INFO - Processing file /opt/airflow/dags/conplete_mlops.py for tasks to queue
[2025-07-19T14:26:20.067+0000] {logging_mixin.py:188} INFO - [2025-07-19T14:26:20.067+0000] {dagbag.py:538} INFO - Filling up the DagBag from /opt/airflow/dags/conplete_mlops.py
[2025-07-19T14:26:20.082+0000] {processor.py:840} INFO - DAG(s) 'mlops_pipeline_complete' retrieved from /opt/airflow/dags/conplete_mlops.py
[2025-07-19T14:26:20.115+0000] {logging_mixin.py:188} INFO - [2025-07-19T14:26:20.115+0000] {dag.py:3036} INFO - Sync 1 DAGs
[2025-07-19T14:26:20.130+0000] {logging_mixin.py:188} INFO - [2025-07-19T14:26:20.130+0000] {dag.py:3823} INFO - Setting next_dagrun for mlops_pipeline_complete to None, run_after=None
[2025-07-19T14:26:20.155+0000] {processor.py:183} INFO - Processing /opt/airflow/dags/conplete_mlops.py took 0.095 seconds
[2025-07-19T14:26:50.869+0000] {processor.py:161} INFO - Started process (PID=7417) to work on /opt/airflow/dags/conplete_mlops.py
[2025-07-19T14:26:50.870+0000] {processor.py:830} INFO - Processing file /opt/airflow/dags/conplete_mlops.py for tasks to queue
[2025-07-19T14:26:50.871+0000] {logging_mixin.py:188} INFO - [2025-07-19T14:26:50.871+0000] {dagbag.py:538} INFO - Filling up the DagBag from /opt/airflow/dags/conplete_mlops.py
[2025-07-19T14:26:50.892+0000] {processor.py:840} INFO - DAG(s) 'mlops_pipeline_complete' retrieved from /opt/airflow/dags/conplete_mlops.py
[2025-07-19T14:26:50.919+0000] {logging_mixin.py:188} INFO - [2025-07-19T14:26:50.919+0000] {dag.py:3036} INFO - Sync 1 DAGs
[2025-07-19T14:26:50.931+0000] {logging_mixin.py:188} INFO - [2025-07-19T14:26:50.930+0000] {dag.py:3823} INFO - Setting next_dagrun for mlops_pipeline_complete to None, run_after=None
[2025-07-19T14:26:50.954+0000] {processor.py:183} INFO - Processing /opt/airflow/dags/conplete_mlops.py took 0.088 seconds
[2025-07-19T14:27:33.194+0000] {processor.py:161} INFO - Started process (PID=7452) to work on /opt/airflow/dags/conplete_mlops.py
[2025-07-19T14:27:33.644+0000] {processor.py:830} INFO - Processing file /opt/airflow/dags/conplete_mlops.py for tasks to queue
[2025-07-19T14:27:33.924+0000] {logging_mixin.py:188} INFO - [2025-07-19T14:27:33.861+0000] {dagbag.py:538} INFO - Filling up the DagBag from /opt/airflow/dags/conplete_mlops.py
[2025-07-19T14:27:37.183+0000] {processor.py:840} INFO - DAG(s) 'mlops_pipeline_complete' retrieved from /opt/airflow/dags/conplete_mlops.py
[2025-07-19T14:27:37.723+0000] {logging_mixin.py:188} INFO - [2025-07-19T14:27:37.722+0000] {dag.py:3036} INFO - Sync 1 DAGs
[2025-07-19T14:27:37.736+0000] {logging_mixin.py:188} INFO - [2025-07-19T14:27:37.736+0000] {dag.py:3823} INFO - Setting next_dagrun for mlops_pipeline_complete to None, run_after=None
[2025-07-19T14:27:38.879+0000] {processor.py:183} INFO - Processing /opt/airflow/dags/conplete_mlops.py took 12.632 seconds
[2025-07-19T14:28:10.026+0000] {processor.py:161} INFO - Started process (PID=7492) to work on /opt/airflow/dags/conplete_mlops.py
[2025-07-19T14:28:10.027+0000] {processor.py:830} INFO - Processing file /opt/airflow/dags/conplete_mlops.py for tasks to queue
[2025-07-19T14:28:10.028+0000] {logging_mixin.py:188} INFO - [2025-07-19T14:28:10.028+0000] {dagbag.py:538} INFO - Filling up the DagBag from /opt/airflow/dags/conplete_mlops.py
[2025-07-19T14:28:10.041+0000] {processor.py:840} INFO - DAG(s) 'mlops_pipeline_complete' retrieved from /opt/airflow/dags/conplete_mlops.py
[2025-07-19T14:28:10.066+0000] {logging_mixin.py:188} INFO - [2025-07-19T14:28:10.066+0000] {dag.py:3036} INFO - Sync 1 DAGs
[2025-07-19T14:28:10.077+0000] {logging_mixin.py:188} INFO - [2025-07-19T14:28:10.077+0000] {dag.py:3823} INFO - Setting next_dagrun for mlops_pipeline_complete to None, run_after=None
[2025-07-19T14:28:10.098+0000] {processor.py:183} INFO - Processing /opt/airflow/dags/conplete_mlops.py took 0.076 seconds
[2025-07-19T14:28:40.366+0000] {processor.py:161} INFO - Started process (PID=7527) to work on /opt/airflow/dags/conplete_mlops.py
[2025-07-19T14:28:40.367+0000] {processor.py:830} INFO - Processing file /opt/airflow/dags/conplete_mlops.py for tasks to queue
[2025-07-19T14:28:40.368+0000] {logging_mixin.py:188} INFO - [2025-07-19T14:28:40.367+0000] {dagbag.py:538} INFO - Filling up the DagBag from /opt/airflow/dags/conplete_mlops.py
[2025-07-19T14:28:40.385+0000] {processor.py:840} INFO - DAG(s) 'mlops_pipeline_complete' retrieved from /opt/airflow/dags/conplete_mlops.py
[2025-07-19T14:28:40.410+0000] {logging_mixin.py:188} INFO - [2025-07-19T14:28:40.410+0000] {dag.py:3036} INFO - Sync 1 DAGs
[2025-07-19T14:28:41.352+0000] {logging_mixin.py:188} INFO - [2025-07-19T14:28:41.351+0000] {dag.py:3823} INFO - Setting next_dagrun for mlops_pipeline_complete to None, run_after=None
[2025-07-19T14:28:41.565+0000] {processor.py:183} INFO - Processing /opt/airflow/dags/conplete_mlops.py took 1.202 seconds
[2025-07-19T14:29:12.267+0000] {processor.py:161} INFO - Started process (PID=7562) to work on /opt/airflow/dags/conplete_mlops.py
[2025-07-19T14:29:12.268+0000] {processor.py:830} INFO - Processing file /opt/airflow/dags/conplete_mlops.py for tasks to queue
[2025-07-19T14:29:12.269+0000] {logging_mixin.py:188} INFO - [2025-07-19T14:29:12.268+0000] {dagbag.py:538} INFO - Filling up the DagBag from /opt/airflow/dags/conplete_mlops.py
[2025-07-19T14:29:12.281+0000] {processor.py:840} INFO - DAG(s) 'mlops_pipeline_complete' retrieved from /opt/airflow/dags/conplete_mlops.py
[2025-07-19T14:29:12.526+0000] {logging_mixin.py:188} INFO - [2025-07-19T14:29:12.525+0000] {dag.py:3036} INFO - Sync 1 DAGs
[2025-07-19T14:29:12.537+0000] {logging_mixin.py:188} INFO - [2025-07-19T14:29:12.536+0000] {dag.py:3823} INFO - Setting next_dagrun for mlops_pipeline_complete to None, run_after=None
[2025-07-19T14:29:12.554+0000] {processor.py:183} INFO - Processing /opt/airflow/dags/conplete_mlops.py took 0.290 seconds
[2025-07-19T14:29:48.905+0000] {processor.py:161} INFO - Started process (PID=7595) to work on /opt/airflow/dags/conplete_mlops.py
[2025-07-19T14:29:48.907+0000] {processor.py:830} INFO - Processing file /opt/airflow/dags/conplete_mlops.py for tasks to queue
[2025-07-19T14:29:48.908+0000] {logging_mixin.py:188} INFO - [2025-07-19T14:29:48.907+0000] {dagbag.py:538} INFO - Filling up the DagBag from /opt/airflow/dags/conplete_mlops.py
[2025-07-19T14:29:48.926+0000] {processor.py:840} INFO - DAG(s) 'mlops_pipeline_complete' retrieved from /opt/airflow/dags/conplete_mlops.py
[2025-07-19T14:29:49.001+0000] {logging_mixin.py:188} INFO - [2025-07-19T14:29:49.000+0000] {dag.py:3036} INFO - Sync 1 DAGs
[2025-07-19T14:29:49.014+0000] {logging_mixin.py:188} INFO - [2025-07-19T14:29:49.014+0000] {dag.py:3823} INFO - Setting next_dagrun for mlops_pipeline_complete to None, run_after=None
[2025-07-19T14:29:49.039+0000] {processor.py:183} INFO - Processing /opt/airflow/dags/conplete_mlops.py took 0.138 seconds
[2025-07-19T14:30:19.667+0000] {processor.py:161} INFO - Started process (PID=7622) to work on /opt/airflow/dags/conplete_mlops.py
[2025-07-19T14:30:19.669+0000] {processor.py:830} INFO - Processing file /opt/airflow/dags/conplete_mlops.py for tasks to queue
[2025-07-19T14:30:19.670+0000] {logging_mixin.py:188} INFO - [2025-07-19T14:30:19.670+0000] {dagbag.py:538} INFO - Filling up the DagBag from /opt/airflow/dags/conplete_mlops.py
[2025-07-19T14:30:19.684+0000] {processor.py:840} INFO - DAG(s) 'mlops_pipeline_complete' retrieved from /opt/airflow/dags/conplete_mlops.py
[2025-07-19T14:30:19.731+0000] {logging_mixin.py:188} INFO - [2025-07-19T14:30:19.731+0000] {dag.py:3036} INFO - Sync 1 DAGs
[2025-07-19T14:30:20.107+0000] {logging_mixin.py:188} INFO - [2025-07-19T14:30:20.106+0000] {dag.py:3823} INFO - Setting next_dagrun for mlops_pipeline_complete to None, run_after=None
[2025-07-19T14:30:20.139+0000] {processor.py:183} INFO - Processing /opt/airflow/dags/conplete_mlops.py took 0.476 seconds
[2025-07-19T14:30:51.056+0000] {processor.py:161} INFO - Started process (PID=7657) to work on /opt/airflow/dags/conplete_mlops.py
[2025-07-19T14:30:51.057+0000] {processor.py:830} INFO - Processing file /opt/airflow/dags/conplete_mlops.py for tasks to queue
[2025-07-19T14:30:51.058+0000] {logging_mixin.py:188} INFO - [2025-07-19T14:30:51.058+0000] {dagbag.py:538} INFO - Filling up the DagBag from /opt/airflow/dags/conplete_mlops.py
[2025-07-19T14:30:51.069+0000] {processor.py:840} INFO - DAG(s) 'mlops_pipeline_complete' retrieved from /opt/airflow/dags/conplete_mlops.py
[2025-07-19T14:30:51.099+0000] {logging_mixin.py:188} INFO - [2025-07-19T14:30:51.098+0000] {dag.py:3036} INFO - Sync 1 DAGs
[2025-07-19T14:30:51.111+0000] {logging_mixin.py:188} INFO - [2025-07-19T14:30:51.110+0000] {dag.py:3823} INFO - Setting next_dagrun for mlops_pipeline_complete to None, run_after=None
[2025-07-19T14:30:51.131+0000] {processor.py:183} INFO - Processing /opt/airflow/dags/conplete_mlops.py took 0.077 seconds
[2025-07-19T14:31:21.999+0000] {processor.py:161} INFO - Started process (PID=7692) to work on /opt/airflow/dags/conplete_mlops.py
[2025-07-19T14:31:22.000+0000] {processor.py:830} INFO - Processing file /opt/airflow/dags/conplete_mlops.py for tasks to queue
[2025-07-19T14:31:22.001+0000] {logging_mixin.py:188} INFO - [2025-07-19T14:31:22.001+0000] {dagbag.py:538} INFO - Filling up the DagBag from /opt/airflow/dags/conplete_mlops.py
[2025-07-19T14:31:22.031+0000] {processor.py:840} INFO - DAG(s) 'mlops_pipeline_complete' retrieved from /opt/airflow/dags/conplete_mlops.py
[2025-07-19T14:31:22.072+0000] {logging_mixin.py:188} INFO - [2025-07-19T14:31:22.072+0000] {dag.py:3036} INFO - Sync 1 DAGs
[2025-07-19T14:31:22.085+0000] {logging_mixin.py:188} INFO - [2025-07-19T14:31:22.085+0000] {dag.py:3823} INFO - Setting next_dagrun for mlops_pipeline_complete to None, run_after=None
[2025-07-19T14:31:22.107+0000] {processor.py:183} INFO - Processing /opt/airflow/dags/conplete_mlops.py took 0.111 seconds
[2025-07-19T14:31:52.729+0000] {processor.py:161} INFO - Started process (PID=7727) to work on /opt/airflow/dags/conplete_mlops.py
[2025-07-19T14:31:52.731+0000] {processor.py:830} INFO - Processing file /opt/airflow/dags/conplete_mlops.py for tasks to queue
[2025-07-19T14:31:52.732+0000] {logging_mixin.py:188} INFO - [2025-07-19T14:31:52.732+0000] {dagbag.py:538} INFO - Filling up the DagBag from /opt/airflow/dags/conplete_mlops.py
[2025-07-19T14:31:52.746+0000] {processor.py:840} INFO - DAG(s) 'mlops_pipeline_complete' retrieved from /opt/airflow/dags/conplete_mlops.py
[2025-07-19T14:31:52.778+0000] {logging_mixin.py:188} INFO - [2025-07-19T14:31:52.778+0000] {dag.py:3036} INFO - Sync 1 DAGs
[2025-07-19T14:31:52.791+0000] {logging_mixin.py:188} INFO - [2025-07-19T14:31:52.791+0000] {dag.py:3823} INFO - Setting next_dagrun for mlops_pipeline_complete to None, run_after=None
[2025-07-19T14:31:52.811+0000] {processor.py:183} INFO - Processing /opt/airflow/dags/conplete_mlops.py took 0.085 seconds
[2025-07-19T14:32:23.422+0000] {processor.py:161} INFO - Started process (PID=7762) to work on /opt/airflow/dags/conplete_mlops.py
[2025-07-19T14:32:23.423+0000] {processor.py:830} INFO - Processing file /opt/airflow/dags/conplete_mlops.py for tasks to queue
[2025-07-19T14:32:23.424+0000] {logging_mixin.py:188} INFO - [2025-07-19T14:32:23.424+0000] {dagbag.py:538} INFO - Filling up the DagBag from /opt/airflow/dags/conplete_mlops.py
[2025-07-19T14:32:23.435+0000] {processor.py:840} INFO - DAG(s) 'mlops_pipeline_complete' retrieved from /opt/airflow/dags/conplete_mlops.py
[2025-07-19T14:32:23.465+0000] {logging_mixin.py:188} INFO - [2025-07-19T14:32:23.464+0000] {dag.py:3036} INFO - Sync 1 DAGs
[2025-07-19T14:32:23.477+0000] {logging_mixin.py:188} INFO - [2025-07-19T14:32:23.477+0000] {dag.py:3823} INFO - Setting next_dagrun for mlops_pipeline_complete to None, run_after=None
[2025-07-19T14:32:23.496+0000] {processor.py:183} INFO - Processing /opt/airflow/dags/conplete_mlops.py took 0.077 seconds
[2025-07-19T14:32:54.232+0000] {processor.py:161} INFO - Started process (PID=7797) to work on /opt/airflow/dags/conplete_mlops.py
[2025-07-19T14:32:54.233+0000] {processor.py:830} INFO - Processing file /opt/airflow/dags/conplete_mlops.py for tasks to queue
[2025-07-19T14:32:54.234+0000] {logging_mixin.py:188} INFO - [2025-07-19T14:32:54.234+0000] {dagbag.py:538} INFO - Filling up the DagBag from /opt/airflow/dags/conplete_mlops.py
[2025-07-19T14:32:54.248+0000] {processor.py:840} INFO - DAG(s) 'mlops_pipeline_complete' retrieved from /opt/airflow/dags/conplete_mlops.py
[2025-07-19T14:32:54.274+0000] {logging_mixin.py:188} INFO - [2025-07-19T14:32:54.274+0000] {dag.py:3036} INFO - Sync 1 DAGs
[2025-07-19T14:32:54.285+0000] {logging_mixin.py:188} INFO - [2025-07-19T14:32:54.285+0000] {dag.py:3823} INFO - Setting next_dagrun for mlops_pipeline_complete to None, run_after=None
[2025-07-19T14:32:54.306+0000] {processor.py:183} INFO - Processing /opt/airflow/dags/conplete_mlops.py took 0.077 seconds
[2025-07-19T14:33:24.975+0000] {processor.py:161} INFO - Started process (PID=7832) to work on /opt/airflow/dags/conplete_mlops.py
[2025-07-19T14:33:24.976+0000] {processor.py:830} INFO - Processing file /opt/airflow/dags/conplete_mlops.py for tasks to queue
[2025-07-19T14:33:24.976+0000] {logging_mixin.py:188} INFO - [2025-07-19T14:33:24.976+0000] {dagbag.py:538} INFO - Filling up the DagBag from /opt/airflow/dags/conplete_mlops.py
[2025-07-19T14:33:25.008+0000] {processor.py:840} INFO - DAG(s) 'mlops_pipeline_complete' retrieved from /opt/airflow/dags/conplete_mlops.py
[2025-07-19T14:33:25.035+0000] {logging_mixin.py:188} INFO - [2025-07-19T14:33:25.035+0000] {dag.py:3036} INFO - Sync 1 DAGs
[2025-07-19T14:33:25.047+0000] {logging_mixin.py:188} INFO - [2025-07-19T14:33:25.047+0000] {dag.py:3823} INFO - Setting next_dagrun for mlops_pipeline_complete to None, run_after=None
[2025-07-19T14:33:25.070+0000] {processor.py:183} INFO - Processing /opt/airflow/dags/conplete_mlops.py took 0.098 seconds
[2025-07-19T14:33:56.210+0000] {processor.py:161} INFO - Started process (PID=7867) to work on /opt/airflow/dags/conplete_mlops.py
[2025-07-19T14:33:56.211+0000] {processor.py:830} INFO - Processing file /opt/airflow/dags/conplete_mlops.py for tasks to queue
[2025-07-19T14:33:56.212+0000] {logging_mixin.py:188} INFO - [2025-07-19T14:33:56.211+0000] {dagbag.py:538} INFO - Filling up the DagBag from /opt/airflow/dags/conplete_mlops.py
[2025-07-19T14:33:56.241+0000] {processor.py:840} INFO - DAG(s) 'mlops_pipeline_complete' retrieved from /opt/airflow/dags/conplete_mlops.py
[2025-07-19T14:33:56.269+0000] {logging_mixin.py:188} INFO - [2025-07-19T14:33:56.269+0000] {dag.py:3036} INFO - Sync 1 DAGs
[2025-07-19T14:33:56.280+0000] {logging_mixin.py:188} INFO - [2025-07-19T14:33:56.280+0000] {dag.py:3823} INFO - Setting next_dagrun for mlops_pipeline_complete to None, run_after=None
[2025-07-19T14:33:56.442+0000] {processor.py:183} INFO - Processing /opt/airflow/dags/conplete_mlops.py took 0.235 seconds
[2025-07-19T14:34:26.718+0000] {processor.py:161} INFO - Started process (PID=7907) to work on /opt/airflow/dags/conplete_mlops.py
[2025-07-19T14:34:26.719+0000] {processor.py:830} INFO - Processing file /opt/airflow/dags/conplete_mlops.py for tasks to queue
[2025-07-19T14:34:26.720+0000] {logging_mixin.py:188} INFO - [2025-07-19T14:34:26.719+0000] {dagbag.py:538} INFO - Filling up the DagBag from /opt/airflow/dags/conplete_mlops.py
[2025-07-19T14:34:26.732+0000] {processor.py:840} INFO - DAG(s) 'mlops_pipeline_complete' retrieved from /opt/airflow/dags/conplete_mlops.py
[2025-07-19T14:34:26.767+0000] {logging_mixin.py:188} INFO - [2025-07-19T14:34:26.767+0000] {dag.py:3036} INFO - Sync 1 DAGs
[2025-07-19T14:34:26.778+0000] {logging_mixin.py:188} INFO - [2025-07-19T14:34:26.778+0000] {dag.py:3823} INFO - Setting next_dagrun for mlops_pipeline_complete to None, run_after=None
[2025-07-19T14:34:26.866+0000] {processor.py:183} INFO - Processing /opt/airflow/dags/conplete_mlops.py took 0.151 seconds
[2025-07-19T14:34:57.239+0000] {processor.py:161} INFO - Started process (PID=7942) to work on /opt/airflow/dags/conplete_mlops.py
[2025-07-19T14:34:57.240+0000] {processor.py:830} INFO - Processing file /opt/airflow/dags/conplete_mlops.py for tasks to queue
[2025-07-19T14:34:57.241+0000] {logging_mixin.py:188} INFO - [2025-07-19T14:34:57.241+0000] {dagbag.py:538} INFO - Filling up the DagBag from /opt/airflow/dags/conplete_mlops.py
[2025-07-19T14:34:57.254+0000] {processor.py:840} INFO - DAG(s) 'mlops_pipeline_complete' retrieved from /opt/airflow/dags/conplete_mlops.py
[2025-07-19T14:34:57.284+0000] {logging_mixin.py:188} INFO - [2025-07-19T14:34:57.284+0000] {dag.py:3036} INFO - Sync 1 DAGs
[2025-07-19T14:34:57.297+0000] {logging_mixin.py:188} INFO - [2025-07-19T14:34:57.297+0000] {dag.py:3823} INFO - Setting next_dagrun for mlops_pipeline_complete to None, run_after=None
[2025-07-19T14:34:57.319+0000] {processor.py:183} INFO - Processing /opt/airflow/dags/conplete_mlops.py took 0.083 seconds
[2025-07-19T14:37:42.907+0000] {processor.py:161} INFO - Started process (PID=7985) to work on /opt/airflow/dags/conplete_mlops.py
[2025-07-19T14:37:42.908+0000] {processor.py:830} INFO - Processing file /opt/airflow/dags/conplete_mlops.py for tasks to queue
[2025-07-19T14:37:42.909+0000] {logging_mixin.py:188} INFO - [2025-07-19T14:37:42.908+0000] {dagbag.py:538} INFO - Filling up the DagBag from /opt/airflow/dags/conplete_mlops.py
[2025-07-19T14:37:43.194+0000] {processor.py:840} INFO - DAG(s) 'mlops_pipeline_complete' retrieved from /opt/airflow/dags/conplete_mlops.py
[2025-07-19T14:37:43.375+0000] {logging_mixin.py:188} INFO - [2025-07-19T14:37:43.375+0000] {dag.py:3036} INFO - Sync 1 DAGs
[2025-07-19T14:37:43.391+0000] {logging_mixin.py:188} INFO - [2025-07-19T14:37:43.391+0000] {dag.py:3823} INFO - Setting next_dagrun for mlops_pipeline_complete to None, run_after=None
[2025-07-19T14:37:43.416+0000] {processor.py:183} INFO - Processing /opt/airflow/dags/conplete_mlops.py took 0.513 seconds
[2025-07-19T14:38:13.733+0000] {processor.py:161} INFO - Started process (PID=8015) to work on /opt/airflow/dags/conplete_mlops.py
[2025-07-19T14:38:13.734+0000] {processor.py:830} INFO - Processing file /opt/airflow/dags/conplete_mlops.py for tasks to queue
[2025-07-19T14:38:13.735+0000] {logging_mixin.py:188} INFO - [2025-07-19T14:38:13.735+0000] {dagbag.py:538} INFO - Filling up the DagBag from /opt/airflow/dags/conplete_mlops.py
[2025-07-19T14:38:13.750+0000] {processor.py:840} INFO - DAG(s) 'mlops_pipeline_complete' retrieved from /opt/airflow/dags/conplete_mlops.py
[2025-07-19T14:38:13.785+0000] {logging_mixin.py:188} INFO - [2025-07-19T14:38:13.784+0000] {dag.py:3036} INFO - Sync 1 DAGs
[2025-07-19T14:38:13.798+0000] {logging_mixin.py:188} INFO - [2025-07-19T14:38:13.798+0000] {dag.py:3823} INFO - Setting next_dagrun for mlops_pipeline_complete to None, run_after=None
[2025-07-19T14:38:13.823+0000] {processor.py:183} INFO - Processing /opt/airflow/dags/conplete_mlops.py took 0.093 seconds
[2025-07-19T14:38:45.841+0000] {processor.py:161} INFO - Started process (PID=8048) to work on /opt/airflow/dags/conplete_mlops.py
[2025-07-19T14:38:45.842+0000] {processor.py:830} INFO - Processing file /opt/airflow/dags/conplete_mlops.py for tasks to queue
[2025-07-19T14:38:45.843+0000] {logging_mixin.py:188} INFO - [2025-07-19T14:38:45.843+0000] {dagbag.py:538} INFO - Filling up the DagBag from /opt/airflow/dags/conplete_mlops.py
[2025-07-19T14:38:45.857+0000] {processor.py:840} INFO - DAG(s) 'mlops_pipeline_complete' retrieved from /opt/airflow/dags/conplete_mlops.py
[2025-07-19T14:38:45.884+0000] {logging_mixin.py:188} INFO - [2025-07-19T14:38:45.883+0000] {dag.py:3036} INFO - Sync 1 DAGs
[2025-07-19T14:38:45.897+0000] {logging_mixin.py:188} INFO - [2025-07-19T14:38:45.897+0000] {dag.py:3823} INFO - Setting next_dagrun for mlops_pipeline_complete to None, run_after=None
[2025-07-19T14:38:45.917+0000] {processor.py:183} INFO - Processing /opt/airflow/dags/conplete_mlops.py took 0.080 seconds
[2025-07-19T14:39:16.915+0000] {processor.py:161} INFO - Started process (PID=8082) to work on /opt/airflow/dags/conplete_mlops.py
[2025-07-19T14:39:16.916+0000] {processor.py:830} INFO - Processing file /opt/airflow/dags/conplete_mlops.py for tasks to queue
[2025-07-19T14:39:16.917+0000] {logging_mixin.py:188} INFO - [2025-07-19T14:39:16.917+0000] {dagbag.py:538} INFO - Filling up the DagBag from /opt/airflow/dags/conplete_mlops.py
[2025-07-19T14:39:16.988+0000] {processor.py:840} INFO - DAG(s) 'mlops_pipeline_complete' retrieved from /opt/airflow/dags/conplete_mlops.py
[2025-07-19T14:39:17.017+0000] {logging_mixin.py:188} INFO - [2025-07-19T14:39:17.016+0000] {dag.py:3036} INFO - Sync 1 DAGs
[2025-07-19T14:39:17.032+0000] {logging_mixin.py:188} INFO - [2025-07-19T14:39:17.032+0000] {dag.py:3823} INFO - Setting next_dagrun for mlops_pipeline_complete to None, run_after=None
[2025-07-19T14:39:17.053+0000] {processor.py:183} INFO - Processing /opt/airflow/dags/conplete_mlops.py took 0.141 seconds
[2025-07-19T14:39:47.527+0000] {processor.py:161} INFO - Started process (PID=8117) to work on /opt/airflow/dags/conplete_mlops.py
[2025-07-19T14:39:47.528+0000] {processor.py:830} INFO - Processing file /opt/airflow/dags/conplete_mlops.py for tasks to queue
[2025-07-19T14:39:47.529+0000] {logging_mixin.py:188} INFO - [2025-07-19T14:39:47.529+0000] {dagbag.py:538} INFO - Filling up the DagBag from /opt/airflow/dags/conplete_mlops.py
[2025-07-19T14:39:47.546+0000] {processor.py:840} INFO - DAG(s) 'mlops_pipeline_complete' retrieved from /opt/airflow/dags/conplete_mlops.py
[2025-07-19T14:39:47.591+0000] {logging_mixin.py:188} INFO - [2025-07-19T14:39:47.590+0000] {dag.py:3036} INFO - Sync 1 DAGs
[2025-07-19T14:39:47.602+0000] {logging_mixin.py:188} INFO - [2025-07-19T14:39:47.601+0000] {dag.py:3823} INFO - Setting next_dagrun for mlops_pipeline_complete to None, run_after=None
[2025-07-19T14:39:47.721+0000] {processor.py:183} INFO - Processing /opt/airflow/dags/conplete_mlops.py took 0.198 seconds
[2025-07-19T14:40:18.560+0000] {processor.py:161} INFO - Started process (PID=8152) to work on /opt/airflow/dags/conplete_mlops.py
[2025-07-19T14:40:18.561+0000] {processor.py:830} INFO - Processing file /opt/airflow/dags/conplete_mlops.py for tasks to queue
[2025-07-19T14:40:18.563+0000] {logging_mixin.py:188} INFO - [2025-07-19T14:40:18.562+0000] {dagbag.py:538} INFO - Filling up the DagBag from /opt/airflow/dags/conplete_mlops.py
[2025-07-19T14:40:18.585+0000] {processor.py:840} INFO - DAG(s) 'mlops_pipeline_complete' retrieved from /opt/airflow/dags/conplete_mlops.py
[2025-07-19T14:40:18.653+0000] {logging_mixin.py:188} INFO - [2025-07-19T14:40:18.652+0000] {dag.py:3036} INFO - Sync 1 DAGs
[2025-07-19T14:40:18.669+0000] {logging_mixin.py:188} INFO - [2025-07-19T14:40:18.669+0000] {dag.py:3823} INFO - Setting next_dagrun for mlops_pipeline_complete to None, run_after=None
[2025-07-19T14:40:18.693+0000] {processor.py:183} INFO - Processing /opt/airflow/dags/conplete_mlops.py took 0.137 seconds
[2025-07-19T14:40:49.368+0000] {processor.py:161} INFO - Started process (PID=8187) to work on /opt/airflow/dags/conplete_mlops.py
[2025-07-19T14:40:49.369+0000] {processor.py:830} INFO - Processing file /opt/airflow/dags/conplete_mlops.py for tasks to queue
[2025-07-19T14:40:49.370+0000] {logging_mixin.py:188} INFO - [2025-07-19T14:40:49.370+0000] {dagbag.py:538} INFO - Filling up the DagBag from /opt/airflow/dags/conplete_mlops.py
[2025-07-19T14:40:49.409+0000] {processor.py:840} INFO - DAG(s) 'mlops_pipeline_complete' retrieved from /opt/airflow/dags/conplete_mlops.py
[2025-07-19T14:40:49.447+0000] {logging_mixin.py:188} INFO - [2025-07-19T14:40:49.447+0000] {dag.py:3036} INFO - Sync 1 DAGs
[2025-07-19T14:40:49.459+0000] {logging_mixin.py:188} INFO - [2025-07-19T14:40:49.459+0000] {dag.py:3823} INFO - Setting next_dagrun for mlops_pipeline_complete to None, run_after=None
[2025-07-19T14:40:49.510+0000] {processor.py:183} INFO - Processing /opt/airflow/dags/conplete_mlops.py took 0.146 seconds
[2025-07-19T14:41:21.975+0000] {processor.py:161} INFO - Started process (PID=8222) to work on /opt/airflow/dags/conplete_mlops.py
[2025-07-19T14:41:21.976+0000] {processor.py:830} INFO - Processing file /opt/airflow/dags/conplete_mlops.py for tasks to queue
[2025-07-19T14:41:21.977+0000] {logging_mixin.py:188} INFO - [2025-07-19T14:41:21.977+0000] {dagbag.py:538} INFO - Filling up the DagBag from /opt/airflow/dags/conplete_mlops.py
[2025-07-19T14:41:23.517+0000] {processor.py:840} INFO - DAG(s) 'mlops_pipeline_complete' retrieved from /opt/airflow/dags/conplete_mlops.py
[2025-07-19T14:41:23.562+0000] {logging_mixin.py:188} INFO - [2025-07-19T14:41:23.562+0000] {dag.py:3036} INFO - Sync 1 DAGs
[2025-07-19T14:41:23.573+0000] {logging_mixin.py:188} INFO - [2025-07-19T14:41:23.573+0000] {dag.py:3823} INFO - Setting next_dagrun for mlops_pipeline_complete to None, run_after=None
[2025-07-19T14:41:25.982+0000] {processor.py:183} INFO - Processing /opt/airflow/dags/conplete_mlops.py took 4.009 seconds
[2025-07-19T14:41:56.408+0000] {processor.py:161} INFO - Started process (PID=8262) to work on /opt/airflow/dags/conplete_mlops.py
[2025-07-19T14:41:56.409+0000] {processor.py:830} INFO - Processing file /opt/airflow/dags/conplete_mlops.py for tasks to queue
[2025-07-19T14:41:56.410+0000] {logging_mixin.py:188} INFO - [2025-07-19T14:41:56.410+0000] {dagbag.py:538} INFO - Filling up the DagBag from /opt/airflow/dags/conplete_mlops.py
[2025-07-19T14:41:56.498+0000] {processor.py:840} INFO - DAG(s) 'mlops_pipeline_complete' retrieved from /opt/airflow/dags/conplete_mlops.py
[2025-07-19T14:41:56.540+0000] {logging_mixin.py:188} INFO - [2025-07-19T14:41:56.539+0000] {dag.py:3036} INFO - Sync 1 DAGs
[2025-07-19T14:41:56.551+0000] {logging_mixin.py:188} INFO - [2025-07-19T14:41:56.551+0000] {dag.py:3823} INFO - Setting next_dagrun for mlops_pipeline_complete to None, run_after=None
[2025-07-19T14:41:56.571+0000] {processor.py:183} INFO - Processing /opt/airflow/dags/conplete_mlops.py took 0.166 seconds
[2025-07-19T14:42:26.711+0000] {processor.py:161} INFO - Started process (PID=8297) to work on /opt/airflow/dags/conplete_mlops.py
[2025-07-19T14:42:26.712+0000] {processor.py:830} INFO - Processing file /opt/airflow/dags/conplete_mlops.py for tasks to queue
[2025-07-19T14:42:26.713+0000] {logging_mixin.py:188} INFO - [2025-07-19T14:42:26.713+0000] {dagbag.py:538} INFO - Filling up the DagBag from /opt/airflow/dags/conplete_mlops.py
[2025-07-19T14:42:26.729+0000] {processor.py:840} INFO - DAG(s) 'mlops_pipeline_complete' retrieved from /opt/airflow/dags/conplete_mlops.py
[2025-07-19T14:42:26.766+0000] {logging_mixin.py:188} INFO - [2025-07-19T14:42:26.765+0000] {dag.py:3036} INFO - Sync 1 DAGs
[2025-07-19T14:42:26.778+0000] {logging_mixin.py:188} INFO - [2025-07-19T14:42:26.778+0000] {dag.py:3823} INFO - Setting next_dagrun for mlops_pipeline_complete to None, run_after=None
[2025-07-19T14:42:26.799+0000] {processor.py:183} INFO - Processing /opt/airflow/dags/conplete_mlops.py took 0.093 seconds
[2025-07-19T14:42:57.138+0000] {processor.py:161} INFO - Started process (PID=8332) to work on /opt/airflow/dags/conplete_mlops.py
[2025-07-19T14:42:57.139+0000] {processor.py:830} INFO - Processing file /opt/airflow/dags/conplete_mlops.py for tasks to queue
[2025-07-19T14:42:57.140+0000] {logging_mixin.py:188} INFO - [2025-07-19T14:42:57.140+0000] {dagbag.py:538} INFO - Filling up the DagBag from /opt/airflow/dags/conplete_mlops.py
[2025-07-19T14:42:57.152+0000] {processor.py:840} INFO - DAG(s) 'mlops_pipeline_complete' retrieved from /opt/airflow/dags/conplete_mlops.py
[2025-07-19T14:42:57.179+0000] {logging_mixin.py:188} INFO - [2025-07-19T14:42:57.179+0000] {dag.py:3036} INFO - Sync 1 DAGs
[2025-07-19T14:42:57.190+0000] {logging_mixin.py:188} INFO - [2025-07-19T14:42:57.190+0000] {dag.py:3823} INFO - Setting next_dagrun for mlops_pipeline_complete to None, run_after=None
[2025-07-19T14:42:57.208+0000] {processor.py:183} INFO - Processing /opt/airflow/dags/conplete_mlops.py took 0.074 seconds
[2025-07-19T14:43:27.581+0000] {processor.py:161} INFO - Started process (PID=8367) to work on /opt/airflow/dags/conplete_mlops.py
[2025-07-19T14:43:27.582+0000] {processor.py:830} INFO - Processing file /opt/airflow/dags/conplete_mlops.py for tasks to queue
[2025-07-19T14:43:27.583+0000] {logging_mixin.py:188} INFO - [2025-07-19T14:43:27.583+0000] {dagbag.py:538} INFO - Filling up the DagBag from /opt/airflow/dags/conplete_mlops.py
[2025-07-19T14:43:27.596+0000] {processor.py:840} INFO - DAG(s) 'mlops_pipeline_complete' retrieved from /opt/airflow/dags/conplete_mlops.py
[2025-07-19T14:43:27.623+0000] {logging_mixin.py:188} INFO - [2025-07-19T14:43:27.623+0000] {dag.py:3036} INFO - Sync 1 DAGs
[2025-07-19T14:43:27.635+0000] {logging_mixin.py:188} INFO - [2025-07-19T14:43:27.635+0000] {dag.py:3823} INFO - Setting next_dagrun for mlops_pipeline_complete to None, run_after=None
[2025-07-19T14:43:27.654+0000] {processor.py:183} INFO - Processing /opt/airflow/dags/conplete_mlops.py took 0.076 seconds
[2025-07-19T14:43:58.316+0000] {processor.py:161} INFO - Started process (PID=8402) to work on /opt/airflow/dags/conplete_mlops.py
[2025-07-19T14:43:58.317+0000] {processor.py:830} INFO - Processing file /opt/airflow/dags/conplete_mlops.py for tasks to queue
[2025-07-19T14:43:58.318+0000] {logging_mixin.py:188} INFO - [2025-07-19T14:43:58.318+0000] {dagbag.py:538} INFO - Filling up the DagBag from /opt/airflow/dags/conplete_mlops.py
[2025-07-19T14:43:58.377+0000] {processor.py:840} INFO - DAG(s) 'mlops_pipeline_complete' retrieved from /opt/airflow/dags/conplete_mlops.py
[2025-07-19T14:43:58.402+0000] {logging_mixin.py:188} INFO - [2025-07-19T14:43:58.402+0000] {dag.py:3036} INFO - Sync 1 DAGs
[2025-07-19T14:43:58.413+0000] {logging_mixin.py:188} INFO - [2025-07-19T14:43:58.413+0000] {dag.py:3823} INFO - Setting next_dagrun for mlops_pipeline_complete to None, run_after=None
[2025-07-19T14:43:58.433+0000] {processor.py:183} INFO - Processing /opt/airflow/dags/conplete_mlops.py took 0.119 seconds
[2025-07-19T14:44:29.001+0000] {processor.py:161} INFO - Started process (PID=8437) to work on /opt/airflow/dags/conplete_mlops.py
[2025-07-19T14:44:29.002+0000] {processor.py:830} INFO - Processing file /opt/airflow/dags/conplete_mlops.py for tasks to queue
[2025-07-19T14:44:29.003+0000] {logging_mixin.py:188} INFO - [2025-07-19T14:44:29.003+0000] {dagbag.py:538} INFO - Filling up the DagBag from /opt/airflow/dags/conplete_mlops.py
[2025-07-19T14:44:29.072+0000] {processor.py:840} INFO - DAG(s) 'mlops_pipeline_complete' retrieved from /opt/airflow/dags/conplete_mlops.py
[2025-07-19T14:44:29.100+0000] {logging_mixin.py:188} INFO - [2025-07-19T14:44:29.100+0000] {dag.py:3036} INFO - Sync 1 DAGs
[2025-07-19T14:44:29.111+0000] {logging_mixin.py:188} INFO - [2025-07-19T14:44:29.110+0000] {dag.py:3823} INFO - Setting next_dagrun for mlops_pipeline_complete to None, run_after=None
[2025-07-19T14:44:29.129+0000] {processor.py:183} INFO - Processing /opt/airflow/dags/conplete_mlops.py took 0.131 seconds
[2025-07-19T14:44:59.638+0000] {processor.py:161} INFO - Started process (PID=8472) to work on /opt/airflow/dags/conplete_mlops.py
[2025-07-19T14:44:59.639+0000] {processor.py:830} INFO - Processing file /opt/airflow/dags/conplete_mlops.py for tasks to queue
[2025-07-19T14:44:59.640+0000] {logging_mixin.py:188} INFO - [2025-07-19T14:44:59.640+0000] {dagbag.py:538} INFO - Filling up the DagBag from /opt/airflow/dags/conplete_mlops.py
[2025-07-19T14:44:59.658+0000] {processor.py:840} INFO - DAG(s) 'mlops_pipeline_complete' retrieved from /opt/airflow/dags/conplete_mlops.py
[2025-07-19T14:44:59.686+0000] {logging_mixin.py:188} INFO - [2025-07-19T14:44:59.686+0000] {dag.py:3036} INFO - Sync 1 DAGs
[2025-07-19T14:44:59.698+0000] {logging_mixin.py:188} INFO - [2025-07-19T14:44:59.698+0000] {dag.py:3823} INFO - Setting next_dagrun for mlops_pipeline_complete to None, run_after=None
[2025-07-19T14:44:59.715+0000] {processor.py:183} INFO - Processing /opt/airflow/dags/conplete_mlops.py took 0.080 seconds
[2025-07-19T14:45:30.290+0000] {processor.py:161} INFO - Started process (PID=8507) to work on /opt/airflow/dags/conplete_mlops.py
[2025-07-19T14:45:30.291+0000] {processor.py:830} INFO - Processing file /opt/airflow/dags/conplete_mlops.py for tasks to queue
[2025-07-19T14:45:30.292+0000] {logging_mixin.py:188} INFO - [2025-07-19T14:45:30.292+0000] {dagbag.py:538} INFO - Filling up the DagBag from /opt/airflow/dags/conplete_mlops.py
[2025-07-19T14:45:30.304+0000] {processor.py:840} INFO - DAG(s) 'mlops_pipeline_complete' retrieved from /opt/airflow/dags/conplete_mlops.py
[2025-07-19T14:45:30.332+0000] {logging_mixin.py:188} INFO - [2025-07-19T14:45:30.331+0000] {dag.py:3036} INFO - Sync 1 DAGs
[2025-07-19T14:45:30.343+0000] {logging_mixin.py:188} INFO - [2025-07-19T14:45:30.342+0000] {dag.py:3823} INFO - Setting next_dagrun for mlops_pipeline_complete to None, run_after=None
[2025-07-19T14:45:30.362+0000] {processor.py:183} INFO - Processing /opt/airflow/dags/conplete_mlops.py took 0.075 seconds
[2025-07-19T14:46:00.971+0000] {processor.py:161} INFO - Started process (PID=8542) to work on /opt/airflow/dags/conplete_mlops.py
[2025-07-19T14:46:00.973+0000] {processor.py:830} INFO - Processing file /opt/airflow/dags/conplete_mlops.py for tasks to queue
[2025-07-19T14:46:00.974+0000] {logging_mixin.py:188} INFO - [2025-07-19T14:46:00.973+0000] {dagbag.py:538} INFO - Filling up the DagBag from /opt/airflow/dags/conplete_mlops.py
[2025-07-19T14:46:00.987+0000] {processor.py:840} INFO - DAG(s) 'mlops_pipeline_complete' retrieved from /opt/airflow/dags/conplete_mlops.py
[2025-07-19T14:46:01.017+0000] {logging_mixin.py:188} INFO - [2025-07-19T14:46:01.017+0000] {dag.py:3036} INFO - Sync 1 DAGs
[2025-07-19T14:46:01.030+0000] {logging_mixin.py:188} INFO - [2025-07-19T14:46:01.030+0000] {dag.py:3823} INFO - Setting next_dagrun for mlops_pipeline_complete to None, run_after=None
[2025-07-19T14:46:01.051+0000] {processor.py:183} INFO - Processing /opt/airflow/dags/conplete_mlops.py took 0.084 seconds
[2025-07-19T14:46:31.622+0000] {processor.py:161} INFO - Started process (PID=8577) to work on /opt/airflow/dags/conplete_mlops.py
[2025-07-19T14:46:31.623+0000] {processor.py:830} INFO - Processing file /opt/airflow/dags/conplete_mlops.py for tasks to queue
[2025-07-19T14:46:31.624+0000] {logging_mixin.py:188} INFO - [2025-07-19T14:46:31.624+0000] {dagbag.py:538} INFO - Filling up the DagBag from /opt/airflow/dags/conplete_mlops.py
[2025-07-19T14:46:31.651+0000] {processor.py:840} INFO - DAG(s) 'mlops_pipeline_complete' retrieved from /opt/airflow/dags/conplete_mlops.py
[2025-07-19T14:46:31.680+0000] {logging_mixin.py:188} INFO - [2025-07-19T14:46:31.679+0000] {dag.py:3036} INFO - Sync 1 DAGs
[2025-07-19T14:46:31.691+0000] {logging_mixin.py:188} INFO - [2025-07-19T14:46:31.691+0000] {dag.py:3823} INFO - Setting next_dagrun for mlops_pipeline_complete to None, run_after=None
[2025-07-19T14:46:31.710+0000] {processor.py:183} INFO - Processing /opt/airflow/dags/conplete_mlops.py took 0.090 seconds
[2025-07-19T14:47:02.166+0000] {processor.py:161} INFO - Started process (PID=8612) to work on /opt/airflow/dags/conplete_mlops.py
[2025-07-19T14:47:02.167+0000] {processor.py:830} INFO - Processing file /opt/airflow/dags/conplete_mlops.py for tasks to queue
[2025-07-19T14:47:02.168+0000] {logging_mixin.py:188} INFO - [2025-07-19T14:47:02.167+0000] {dagbag.py:538} INFO - Filling up the DagBag from /opt/airflow/dags/conplete_mlops.py
[2025-07-19T14:47:02.179+0000] {processor.py:840} INFO - DAG(s) 'mlops_pipeline_complete' retrieved from /opt/airflow/dags/conplete_mlops.py
[2025-07-19T14:47:02.215+0000] {logging_mixin.py:188} INFO - [2025-07-19T14:47:02.215+0000] {dag.py:3036} INFO - Sync 1 DAGs
[2025-07-19T14:47:02.229+0000] {logging_mixin.py:188} INFO - [2025-07-19T14:47:02.228+0000] {dag.py:3823} INFO - Setting next_dagrun for mlops_pipeline_complete to None, run_after=None
[2025-07-19T14:47:02.249+0000] {processor.py:183} INFO - Processing /opt/airflow/dags/conplete_mlops.py took 0.087 seconds
[2025-07-19T14:47:32.789+0000] {processor.py:161} INFO - Started process (PID=8647) to work on /opt/airflow/dags/conplete_mlops.py
[2025-07-19T14:47:32.790+0000] {processor.py:830} INFO - Processing file /opt/airflow/dags/conplete_mlops.py for tasks to queue
[2025-07-19T14:47:32.791+0000] {logging_mixin.py:188} INFO - [2025-07-19T14:47:32.791+0000] {dagbag.py:538} INFO - Filling up the DagBag from /opt/airflow/dags/conplete_mlops.py
[2025-07-19T14:47:32.822+0000] {processor.py:840} INFO - DAG(s) 'mlops_pipeline_complete' retrieved from /opt/airflow/dags/conplete_mlops.py
[2025-07-19T14:47:32.879+0000] {logging_mixin.py:188} INFO - [2025-07-19T14:47:32.879+0000] {dag.py:3036} INFO - Sync 1 DAGs
[2025-07-19T14:47:32.891+0000] {logging_mixin.py:188} INFO - [2025-07-19T14:47:32.891+0000] {dag.py:3823} INFO - Setting next_dagrun for mlops_pipeline_complete to None, run_after=None
[2025-07-19T14:47:32.913+0000] {processor.py:183} INFO - Processing /opt/airflow/dags/conplete_mlops.py took 0.127 seconds
[2025-07-19T14:48:03.442+0000] {processor.py:161} INFO - Started process (PID=8682) to work on /opt/airflow/dags/conplete_mlops.py
[2025-07-19T14:48:03.443+0000] {processor.py:830} INFO - Processing file /opt/airflow/dags/conplete_mlops.py for tasks to queue
[2025-07-19T14:48:03.444+0000] {logging_mixin.py:188} INFO - [2025-07-19T14:48:03.444+0000] {dagbag.py:538} INFO - Filling up the DagBag from /opt/airflow/dags/conplete_mlops.py
[2025-07-19T14:48:03.456+0000] {processor.py:840} INFO - DAG(s) 'mlops_pipeline_complete' retrieved from /opt/airflow/dags/conplete_mlops.py
[2025-07-19T14:48:03.482+0000] {logging_mixin.py:188} INFO - [2025-07-19T14:48:03.482+0000] {dag.py:3036} INFO - Sync 1 DAGs
[2025-07-19T14:48:03.494+0000] {logging_mixin.py:188} INFO - [2025-07-19T14:48:03.494+0000] {dag.py:3823} INFO - Setting next_dagrun for mlops_pipeline_complete to None, run_after=None
[2025-07-19T14:48:03.513+0000] {processor.py:183} INFO - Processing /opt/airflow/dags/conplete_mlops.py took 0.074 seconds
[2025-07-19T14:48:34.030+0000] {processor.py:161} INFO - Started process (PID=8717) to work on /opt/airflow/dags/conplete_mlops.py
[2025-07-19T14:48:34.031+0000] {processor.py:830} INFO - Processing file /opt/airflow/dags/conplete_mlops.py for tasks to queue
[2025-07-19T14:48:34.032+0000] {logging_mixin.py:188} INFO - [2025-07-19T14:48:34.032+0000] {dagbag.py:538} INFO - Filling up the DagBag from /opt/airflow/dags/conplete_mlops.py
[2025-07-19T14:48:34.045+0000] {processor.py:840} INFO - DAG(s) 'mlops_pipeline_complete' retrieved from /opt/airflow/dags/conplete_mlops.py
[2025-07-19T14:48:34.075+0000] {logging_mixin.py:188} INFO - [2025-07-19T14:48:34.075+0000] {dag.py:3036} INFO - Sync 1 DAGs
[2025-07-19T14:48:34.088+0000] {logging_mixin.py:188} INFO - [2025-07-19T14:48:34.088+0000] {dag.py:3823} INFO - Setting next_dagrun for mlops_pipeline_complete to None, run_after=None
[2025-07-19T14:48:34.108+0000] {processor.py:183} INFO - Processing /opt/airflow/dags/conplete_mlops.py took 0.081 seconds
[2025-07-19T14:49:04.724+0000] {processor.py:161} INFO - Started process (PID=8752) to work on /opt/airflow/dags/conplete_mlops.py
[2025-07-19T14:49:04.725+0000] {processor.py:830} INFO - Processing file /opt/airflow/dags/conplete_mlops.py for tasks to queue
[2025-07-19T14:49:04.726+0000] {logging_mixin.py:188} INFO - [2025-07-19T14:49:04.726+0000] {dagbag.py:538} INFO - Filling up the DagBag from /opt/airflow/dags/conplete_mlops.py
[2025-07-19T14:49:04.738+0000] {processor.py:840} INFO - DAG(s) 'mlops_pipeline_complete' retrieved from /opt/airflow/dags/conplete_mlops.py
[2025-07-19T14:49:04.764+0000] {logging_mixin.py:188} INFO - [2025-07-19T14:49:04.763+0000] {dag.py:3036} INFO - Sync 1 DAGs
[2025-07-19T14:49:04.775+0000] {logging_mixin.py:188} INFO - [2025-07-19T14:49:04.774+0000] {dag.py:3823} INFO - Setting next_dagrun for mlops_pipeline_complete to None, run_after=None
[2025-07-19T14:49:04.793+0000] {processor.py:183} INFO - Processing /opt/airflow/dags/conplete_mlops.py took 0.072 seconds
[2025-07-19T14:49:35.169+0000] {processor.py:161} INFO - Started process (PID=8787) to work on /opt/airflow/dags/conplete_mlops.py
[2025-07-19T14:49:35.170+0000] {processor.py:830} INFO - Processing file /opt/airflow/dags/conplete_mlops.py for tasks to queue
[2025-07-19T14:49:35.171+0000] {logging_mixin.py:188} INFO - [2025-07-19T14:49:35.170+0000] {dagbag.py:538} INFO - Filling up the DagBag from /opt/airflow/dags/conplete_mlops.py
[2025-07-19T14:49:35.183+0000] {processor.py:840} INFO - DAG(s) 'mlops_pipeline_complete' retrieved from /opt/airflow/dags/conplete_mlops.py
[2025-07-19T14:49:35.209+0000] {logging_mixin.py:188} INFO - [2025-07-19T14:49:35.209+0000] {dag.py:3036} INFO - Sync 1 DAGs
[2025-07-19T14:49:35.221+0000] {logging_mixin.py:188} INFO - [2025-07-19T14:49:35.221+0000] {dag.py:3823} INFO - Setting next_dagrun for mlops_pipeline_complete to None, run_after=None
[2025-07-19T14:49:35.237+0000] {processor.py:183} INFO - Processing /opt/airflow/dags/conplete_mlops.py took 0.072 seconds
[2025-07-19T14:50:05.729+0000] {processor.py:161} INFO - Started process (PID=8822) to work on /opt/airflow/dags/conplete_mlops.py
[2025-07-19T14:50:05.730+0000] {processor.py:830} INFO - Processing file /opt/airflow/dags/conplete_mlops.py for tasks to queue
[2025-07-19T14:50:05.730+0000] {logging_mixin.py:188} INFO - [2025-07-19T14:50:05.730+0000] {dagbag.py:538} INFO - Filling up the DagBag from /opt/airflow/dags/conplete_mlops.py
[2025-07-19T14:50:05.742+0000] {processor.py:840} INFO - DAG(s) 'mlops_pipeline_complete' retrieved from /opt/airflow/dags/conplete_mlops.py
[2025-07-19T14:50:05.768+0000] {logging_mixin.py:188} INFO - [2025-07-19T14:50:05.767+0000] {dag.py:3036} INFO - Sync 1 DAGs
[2025-07-19T14:50:05.778+0000] {logging_mixin.py:188} INFO - [2025-07-19T14:50:05.778+0000] {dag.py:3823} INFO - Setting next_dagrun for mlops_pipeline_complete to None, run_after=None
[2025-07-19T14:50:05.797+0000] {processor.py:183} INFO - Processing /opt/airflow/dags/conplete_mlops.py took 0.071 seconds
[2025-07-19T14:50:36.356+0000] {processor.py:161} INFO - Started process (PID=8857) to work on /opt/airflow/dags/conplete_mlops.py
[2025-07-19T14:50:36.357+0000] {processor.py:830} INFO - Processing file /opt/airflow/dags/conplete_mlops.py for tasks to queue
[2025-07-19T14:50:36.358+0000] {logging_mixin.py:188} INFO - [2025-07-19T14:50:36.357+0000] {dagbag.py:538} INFO - Filling up the DagBag from /opt/airflow/dags/conplete_mlops.py
[2025-07-19T14:50:36.371+0000] {processor.py:840} INFO - DAG(s) 'mlops_pipeline_complete' retrieved from /opt/airflow/dags/conplete_mlops.py
[2025-07-19T14:50:36.399+0000] {logging_mixin.py:188} INFO - [2025-07-19T14:50:36.399+0000] {dag.py:3036} INFO - Sync 1 DAGs
[2025-07-19T14:50:36.410+0000] {logging_mixin.py:188} INFO - [2025-07-19T14:50:36.410+0000] {dag.py:3823} INFO - Setting next_dagrun for mlops_pipeline_complete to None, run_after=None
[2025-07-19T14:50:36.431+0000] {processor.py:183} INFO - Processing /opt/airflow/dags/conplete_mlops.py took 0.079 seconds
[2025-07-19T14:51:06.898+0000] {processor.py:161} INFO - Started process (PID=8892) to work on /opt/airflow/dags/conplete_mlops.py
[2025-07-19T14:51:06.898+0000] {processor.py:830} INFO - Processing file /opt/airflow/dags/conplete_mlops.py for tasks to queue
[2025-07-19T14:51:06.899+0000] {logging_mixin.py:188} INFO - [2025-07-19T14:51:06.899+0000] {dagbag.py:538} INFO - Filling up the DagBag from /opt/airflow/dags/conplete_mlops.py
[2025-07-19T14:51:06.929+0000] {processor.py:840} INFO - DAG(s) 'mlops_pipeline_complete' retrieved from /opt/airflow/dags/conplete_mlops.py
[2025-07-19T14:51:06.956+0000] {logging_mixin.py:188} INFO - [2025-07-19T14:51:06.956+0000] {dag.py:3036} INFO - Sync 1 DAGs
[2025-07-19T14:51:06.967+0000] {logging_mixin.py:188} INFO - [2025-07-19T14:51:06.967+0000] {dag.py:3823} INFO - Setting next_dagrun for mlops_pipeline_complete to None, run_after=None
[2025-07-19T14:51:06.984+0000] {processor.py:183} INFO - Processing /opt/airflow/dags/conplete_mlops.py took 0.089 seconds
[2025-07-19T14:51:37.415+0000] {processor.py:161} INFO - Started process (PID=8927) to work on /opt/airflow/dags/conplete_mlops.py
[2025-07-19T14:51:37.416+0000] {processor.py:830} INFO - Processing file /opt/airflow/dags/conplete_mlops.py for tasks to queue
[2025-07-19T14:51:37.417+0000] {logging_mixin.py:188} INFO - [2025-07-19T14:51:37.416+0000] {dagbag.py:538} INFO - Filling up the DagBag from /opt/airflow/dags/conplete_mlops.py
[2025-07-19T14:51:37.430+0000] {processor.py:840} INFO - DAG(s) 'mlops_pipeline_complete' retrieved from /opt/airflow/dags/conplete_mlops.py
[2025-07-19T14:51:37.461+0000] {logging_mixin.py:188} INFO - [2025-07-19T14:51:37.461+0000] {dag.py:3036} INFO - Sync 1 DAGs
[2025-07-19T14:51:37.473+0000] {logging_mixin.py:188} INFO - [2025-07-19T14:51:37.473+0000] {dag.py:3823} INFO - Setting next_dagrun for mlops_pipeline_complete to None, run_after=None
[2025-07-19T14:51:37.494+0000] {processor.py:183} INFO - Processing /opt/airflow/dags/conplete_mlops.py took 0.083 seconds
[2025-07-19T14:52:13.837+0000] {processor.py:161} INFO - Started process (PID=8960) to work on /opt/airflow/dags/conplete_mlops.py
[2025-07-19T14:52:13.838+0000] {processor.py:830} INFO - Processing file /opt/airflow/dags/conplete_mlops.py for tasks to queue
[2025-07-19T14:52:13.839+0000] {logging_mixin.py:188} INFO - [2025-07-19T14:52:13.839+0000] {dagbag.py:538} INFO - Filling up the DagBag from /opt/airflow/dags/conplete_mlops.py
[2025-07-19T14:52:15.725+0000] {processor.py:840} INFO - DAG(s) 'mlops_pipeline_complete' retrieved from /opt/airflow/dags/conplete_mlops.py
[2025-07-19T14:52:21.030+0000] {logging_mixin.py:188} INFO - [2025-07-19T14:52:21.030+0000] {dag.py:3036} INFO - Sync 1 DAGs
[2025-07-19T14:52:22.505+0000] {logging_mixin.py:188} INFO - [2025-07-19T14:52:22.505+0000] {dag.py:3823} INFO - Setting next_dagrun for mlops_pipeline_complete to None, run_after=None
[2025-07-19T14:52:23.572+0000] {processor.py:183} INFO - Processing /opt/airflow/dags/conplete_mlops.py took 10.543 seconds
[2025-07-19T14:52:53.846+0000] {processor.py:161} INFO - Started process (PID=9000) to work on /opt/airflow/dags/conplete_mlops.py
[2025-07-19T14:52:54.035+0000] {processor.py:830} INFO - Processing file /opt/airflow/dags/conplete_mlops.py for tasks to queue
[2025-07-19T14:52:54.140+0000] {logging_mixin.py:188} INFO - [2025-07-19T14:52:54.140+0000] {dagbag.py:538} INFO - Filling up the DagBag from /opt/airflow/dags/conplete_mlops.py
[2025-07-19T14:52:54.184+0000] {processor.py:840} INFO - DAG(s) 'mlops_pipeline_complete' retrieved from /opt/airflow/dags/conplete_mlops.py
[2025-07-19T14:52:54.213+0000] {logging_mixin.py:188} INFO - [2025-07-19T14:52:54.213+0000] {dag.py:3036} INFO - Sync 1 DAGs
[2025-07-19T14:52:54.227+0000] {logging_mixin.py:188} INFO - [2025-07-19T14:52:54.226+0000] {dag.py:3823} INFO - Setting next_dagrun for mlops_pipeline_complete to None, run_after=None
[2025-07-19T14:52:54.704+0000] {processor.py:183} INFO - Processing /opt/airflow/dags/conplete_mlops.py took 0.862 seconds
[2025-07-19T14:53:25.633+0000] {processor.py:161} INFO - Started process (PID=9030) to work on /opt/airflow/dags/conplete_mlops.py
[2025-07-19T14:53:25.634+0000] {processor.py:830} INFO - Processing file /opt/airflow/dags/conplete_mlops.py for tasks to queue
[2025-07-19T14:53:25.635+0000] {logging_mixin.py:188} INFO - [2025-07-19T14:53:25.634+0000] {dagbag.py:538} INFO - Filling up the DagBag from /opt/airflow/dags/conplete_mlops.py
[2025-07-19T14:53:25.665+0000] {processor.py:840} INFO - DAG(s) 'mlops_pipeline_complete' retrieved from /opt/airflow/dags/conplete_mlops.py
[2025-07-19T14:53:26.275+0000] {logging_mixin.py:188} INFO - [2025-07-19T14:53:26.274+0000] {dag.py:3036} INFO - Sync 1 DAGs
[2025-07-19T14:53:26.297+0000] {logging_mixin.py:188} INFO - [2025-07-19T14:53:26.297+0000] {dag.py:3823} INFO - Setting next_dagrun for mlops_pipeline_complete to None, run_after=None
[2025-07-19T14:53:26.323+0000] {processor.py:183} INFO - Processing /opt/airflow/dags/conplete_mlops.py took 0.693 seconds
[2025-07-19T14:53:56.769+0000] {processor.py:161} INFO - Started process (PID=9062) to work on /opt/airflow/dags/conplete_mlops.py
[2025-07-19T14:53:56.770+0000] {processor.py:830} INFO - Processing file /opt/airflow/dags/conplete_mlops.py for tasks to queue
[2025-07-19T14:53:56.771+0000] {logging_mixin.py:188} INFO - [2025-07-19T14:53:56.771+0000] {dagbag.py:538} INFO - Filling up the DagBag from /opt/airflow/dags/conplete_mlops.py
[2025-07-19T14:53:56.784+0000] {processor.py:840} INFO - DAG(s) 'mlops_pipeline_complete' retrieved from /opt/airflow/dags/conplete_mlops.py
[2025-07-19T14:53:57.447+0000] {logging_mixin.py:188} INFO - [2025-07-19T14:53:57.447+0000] {dag.py:3036} INFO - Sync 1 DAGs
[2025-07-19T14:53:59.615+0000] {logging_mixin.py:188} INFO - [2025-07-19T14:53:59.615+0000] {dag.py:3823} INFO - Setting next_dagrun for mlops_pipeline_complete to None, run_after=None
[2025-07-19T14:54:01.222+0000] {processor.py:183} INFO - Processing /opt/airflow/dags/conplete_mlops.py took 4.456 seconds
[2025-07-19T14:54:31.720+0000] {processor.py:161} INFO - Started process (PID=9097) to work on /opt/airflow/dags/conplete_mlops.py
[2025-07-19T14:54:31.721+0000] {processor.py:830} INFO - Processing file /opt/airflow/dags/conplete_mlops.py for tasks to queue
[2025-07-19T14:54:31.722+0000] {logging_mixin.py:188} INFO - [2025-07-19T14:54:31.722+0000] {dagbag.py:538} INFO - Filling up the DagBag from /opt/airflow/dags/conplete_mlops.py
[2025-07-19T14:54:31.738+0000] {processor.py:840} INFO - DAG(s) 'mlops_pipeline_complete' retrieved from /opt/airflow/dags/conplete_mlops.py
[2025-07-19T14:54:31.768+0000] {logging_mixin.py:188} INFO - [2025-07-19T14:54:31.768+0000] {dag.py:3036} INFO - Sync 1 DAGs
[2025-07-19T14:54:31.779+0000] {logging_mixin.py:188} INFO - [2025-07-19T14:54:31.779+0000] {dag.py:3823} INFO - Setting next_dagrun for mlops_pipeline_complete to None, run_after=None
[2025-07-19T14:54:31.797+0000] {processor.py:183} INFO - Processing /opt/airflow/dags/conplete_mlops.py took 0.080 seconds
[2025-07-19T14:55:02.438+0000] {processor.py:161} INFO - Started process (PID=9132) to work on /opt/airflow/dags/conplete_mlops.py
[2025-07-19T14:55:02.439+0000] {processor.py:830} INFO - Processing file /opt/airflow/dags/conplete_mlops.py for tasks to queue
[2025-07-19T14:55:02.440+0000] {logging_mixin.py:188} INFO - [2025-07-19T14:55:02.440+0000] {dagbag.py:538} INFO - Filling up the DagBag from /opt/airflow/dags/conplete_mlops.py
[2025-07-19T14:55:02.454+0000] {processor.py:840} INFO - DAG(s) 'mlops_pipeline_complete' retrieved from /opt/airflow/dags/conplete_mlops.py
[2025-07-19T14:55:02.483+0000] {logging_mixin.py:188} INFO - [2025-07-19T14:55:02.483+0000] {dag.py:3036} INFO - Sync 1 DAGs
[2025-07-19T14:55:02.495+0000] {logging_mixin.py:188} INFO - [2025-07-19T14:55:02.494+0000] {dag.py:3823} INFO - Setting next_dagrun for mlops_pipeline_complete to None, run_after=None
[2025-07-19T14:55:02.515+0000] {processor.py:183} INFO - Processing /opt/airflow/dags/conplete_mlops.py took 0.081 seconds
[2025-07-19T14:55:33.055+0000] {processor.py:161} INFO - Started process (PID=9167) to work on /opt/airflow/dags/conplete_mlops.py
[2025-07-19T14:55:33.056+0000] {processor.py:830} INFO - Processing file /opt/airflow/dags/conplete_mlops.py for tasks to queue
[2025-07-19T14:55:33.057+0000] {logging_mixin.py:188} INFO - [2025-07-19T14:55:33.056+0000] {dagbag.py:538} INFO - Filling up the DagBag from /opt/airflow/dags/conplete_mlops.py
[2025-07-19T14:55:33.069+0000] {processor.py:840} INFO - DAG(s) 'mlops_pipeline_complete' retrieved from /opt/airflow/dags/conplete_mlops.py
[2025-07-19T14:55:33.095+0000] {logging_mixin.py:188} INFO - [2025-07-19T14:55:33.095+0000] {dag.py:3036} INFO - Sync 1 DAGs
[2025-07-19T14:55:33.106+0000] {logging_mixin.py:188} INFO - [2025-07-19T14:55:33.106+0000] {dag.py:3823} INFO - Setting next_dagrun for mlops_pipeline_complete to None, run_after=None
[2025-07-19T14:55:33.125+0000] {processor.py:183} INFO - Processing /opt/airflow/dags/conplete_mlops.py took 0.073 seconds
[2025-07-19T14:56:03.891+0000] {processor.py:161} INFO - Started process (PID=9202) to work on /opt/airflow/dags/conplete_mlops.py
[2025-07-19T14:56:03.892+0000] {processor.py:830} INFO - Processing file /opt/airflow/dags/conplete_mlops.py for tasks to queue
[2025-07-19T14:56:03.893+0000] {logging_mixin.py:188} INFO - [2025-07-19T14:56:03.893+0000] {dagbag.py:538} INFO - Filling up the DagBag from /opt/airflow/dags/conplete_mlops.py
[2025-07-19T14:56:03.905+0000] {processor.py:840} INFO - DAG(s) 'mlops_pipeline_complete' retrieved from /opt/airflow/dags/conplete_mlops.py
[2025-07-19T14:56:03.948+0000] {logging_mixin.py:188} INFO - [2025-07-19T14:56:03.948+0000] {dag.py:3036} INFO - Sync 1 DAGs
[2025-07-19T14:56:03.962+0000] {logging_mixin.py:188} INFO - [2025-07-19T14:56:03.962+0000] {dag.py:3823} INFO - Setting next_dagrun for mlops_pipeline_complete to None, run_after=None
[2025-07-19T14:56:03.983+0000] {processor.py:183} INFO - Processing /opt/airflow/dags/conplete_mlops.py took 0.095 seconds
[2025-07-19T14:56:34.520+0000] {processor.py:161} INFO - Started process (PID=9237) to work on /opt/airflow/dags/conplete_mlops.py
[2025-07-19T14:56:34.521+0000] {processor.py:830} INFO - Processing file /opt/airflow/dags/conplete_mlops.py for tasks to queue
[2025-07-19T14:56:34.522+0000] {logging_mixin.py:188} INFO - [2025-07-19T14:56:34.522+0000] {dagbag.py:538} INFO - Filling up the DagBag from /opt/airflow/dags/conplete_mlops.py
[2025-07-19T14:56:34.535+0000] {processor.py:840} INFO - DAG(s) 'mlops_pipeline_complete' retrieved from /opt/airflow/dags/conplete_mlops.py
[2025-07-19T14:56:34.559+0000] {logging_mixin.py:188} INFO - [2025-07-19T14:56:34.559+0000] {dag.py:3036} INFO - Sync 1 DAGs
[2025-07-19T14:56:34.569+0000] {logging_mixin.py:188} INFO - [2025-07-19T14:56:34.569+0000] {dag.py:3823} INFO - Setting next_dagrun for mlops_pipeline_complete to None, run_after=None
[2025-07-19T14:56:34.589+0000] {processor.py:183} INFO - Processing /opt/airflow/dags/conplete_mlops.py took 0.072 seconds
[2025-07-19T14:57:05.108+0000] {processor.py:161} INFO - Started process (PID=9272) to work on /opt/airflow/dags/conplete_mlops.py
[2025-07-19T14:57:05.109+0000] {processor.py:830} INFO - Processing file /opt/airflow/dags/conplete_mlops.py for tasks to queue
[2025-07-19T14:57:05.110+0000] {logging_mixin.py:188} INFO - [2025-07-19T14:57:05.109+0000] {dagbag.py:538} INFO - Filling up the DagBag from /opt/airflow/dags/conplete_mlops.py
[2025-07-19T14:57:05.122+0000] {processor.py:840} INFO - DAG(s) 'mlops_pipeline_complete' retrieved from /opt/airflow/dags/conplete_mlops.py
[2025-07-19T14:57:05.147+0000] {logging_mixin.py:188} INFO - [2025-07-19T14:57:05.147+0000] {dag.py:3036} INFO - Sync 1 DAGs
[2025-07-19T14:57:05.157+0000] {logging_mixin.py:188} INFO - [2025-07-19T14:57:05.157+0000] {dag.py:3823} INFO - Setting next_dagrun for mlops_pipeline_complete to None, run_after=None
[2025-07-19T14:57:05.175+0000] {processor.py:183} INFO - Processing /opt/airflow/dags/conplete_mlops.py took 0.070 seconds
[2025-07-19T14:57:35.682+0000] {processor.py:161} INFO - Started process (PID=9307) to work on /opt/airflow/dags/conplete_mlops.py
[2025-07-19T14:57:35.683+0000] {processor.py:830} INFO - Processing file /opt/airflow/dags/conplete_mlops.py for tasks to queue
[2025-07-19T14:57:35.684+0000] {logging_mixin.py:188} INFO - [2025-07-19T14:57:35.683+0000] {dagbag.py:538} INFO - Filling up the DagBag from /opt/airflow/dags/conplete_mlops.py
[2025-07-19T14:57:35.696+0000] {processor.py:840} INFO - DAG(s) 'mlops_pipeline_complete' retrieved from /opt/airflow/dags/conplete_mlops.py
[2025-07-19T14:57:35.721+0000] {logging_mixin.py:188} INFO - [2025-07-19T14:57:35.721+0000] {dag.py:3036} INFO - Sync 1 DAGs
[2025-07-19T14:57:35.733+0000] {logging_mixin.py:188} INFO - [2025-07-19T14:57:35.733+0000] {dag.py:3823} INFO - Setting next_dagrun for mlops_pipeline_complete to None, run_after=None
[2025-07-19T14:57:35.752+0000] {processor.py:183} INFO - Processing /opt/airflow/dags/conplete_mlops.py took 0.073 seconds
[2025-07-19T14:58:06.415+0000] {processor.py:161} INFO - Started process (PID=9342) to work on /opt/airflow/dags/conplete_mlops.py
[2025-07-19T14:58:06.416+0000] {processor.py:830} INFO - Processing file /opt/airflow/dags/conplete_mlops.py for tasks to queue
[2025-07-19T14:58:06.417+0000] {logging_mixin.py:188} INFO - [2025-07-19T14:58:06.416+0000] {dagbag.py:538} INFO - Filling up the DagBag from /opt/airflow/dags/conplete_mlops.py
[2025-07-19T14:58:06.429+0000] {processor.py:840} INFO - DAG(s) 'mlops_pipeline_complete' retrieved from /opt/airflow/dags/conplete_mlops.py
[2025-07-19T14:58:06.453+0000] {logging_mixin.py:188} INFO - [2025-07-19T14:58:06.453+0000] {dag.py:3036} INFO - Sync 1 DAGs
[2025-07-19T14:58:06.464+0000] {logging_mixin.py:188} INFO - [2025-07-19T14:58:06.464+0000] {dag.py:3823} INFO - Setting next_dagrun for mlops_pipeline_complete to None, run_after=None
[2025-07-19T14:58:06.482+0000] {processor.py:183} INFO - Processing /opt/airflow/dags/conplete_mlops.py took 0.071 seconds
[2025-07-19T14:58:36.991+0000] {processor.py:161} INFO - Started process (PID=9377) to work on /opt/airflow/dags/conplete_mlops.py
[2025-07-19T14:58:36.992+0000] {processor.py:830} INFO - Processing file /opt/airflow/dags/conplete_mlops.py for tasks to queue
[2025-07-19T14:58:36.992+0000] {logging_mixin.py:188} INFO - [2025-07-19T14:58:36.992+0000] {dagbag.py:538} INFO - Filling up the DagBag from /opt/airflow/dags/conplete_mlops.py
[2025-07-19T14:58:37.020+0000] {processor.py:840} INFO - DAG(s) 'mlops_pipeline_complete' retrieved from /opt/airflow/dags/conplete_mlops.py
[2025-07-19T14:58:37.048+0000] {logging_mixin.py:188} INFO - [2025-07-19T14:58:37.047+0000] {dag.py:3036} INFO - Sync 1 DAGs
[2025-07-19T14:58:37.060+0000] {logging_mixin.py:188} INFO - [2025-07-19T14:58:37.060+0000] {dag.py:3823} INFO - Setting next_dagrun for mlops_pipeline_complete to None, run_after=None
[2025-07-19T14:58:37.077+0000] {processor.py:183} INFO - Processing /opt/airflow/dags/conplete_mlops.py took 0.089 seconds
[2025-07-19T14:59:07.549+0000] {processor.py:161} INFO - Started process (PID=9412) to work on /opt/airflow/dags/conplete_mlops.py
[2025-07-19T14:59:07.550+0000] {processor.py:830} INFO - Processing file /opt/airflow/dags/conplete_mlops.py for tasks to queue
[2025-07-19T14:59:07.551+0000] {logging_mixin.py:188} INFO - [2025-07-19T14:59:07.551+0000] {dagbag.py:538} INFO - Filling up the DagBag from /opt/airflow/dags/conplete_mlops.py
[2025-07-19T14:59:07.563+0000] {processor.py:840} INFO - DAG(s) 'mlops_pipeline_complete' retrieved from /opt/airflow/dags/conplete_mlops.py
[2025-07-19T14:59:07.590+0000] {logging_mixin.py:188} INFO - [2025-07-19T14:59:07.589+0000] {dag.py:3036} INFO - Sync 1 DAGs
[2025-07-19T14:59:07.601+0000] {logging_mixin.py:188} INFO - [2025-07-19T14:59:07.600+0000] {dag.py:3823} INFO - Setting next_dagrun for mlops_pipeline_complete to None, run_after=None
[2025-07-19T14:59:07.620+0000] {processor.py:183} INFO - Processing /opt/airflow/dags/conplete_mlops.py took 0.074 seconds
[2025-07-19T14:59:38.149+0000] {processor.py:161} INFO - Started process (PID=9447) to work on /opt/airflow/dags/conplete_mlops.py
[2025-07-19T14:59:38.150+0000] {processor.py:830} INFO - Processing file /opt/airflow/dags/conplete_mlops.py for tasks to queue
[2025-07-19T14:59:38.151+0000] {logging_mixin.py:188} INFO - [2025-07-19T14:59:38.151+0000] {dagbag.py:538} INFO - Filling up the DagBag from /opt/airflow/dags/conplete_mlops.py
[2025-07-19T14:59:38.163+0000] {processor.py:840} INFO - DAG(s) 'mlops_pipeline_complete' retrieved from /opt/airflow/dags/conplete_mlops.py
[2025-07-19T14:59:38.188+0000] {logging_mixin.py:188} INFO - [2025-07-19T14:59:38.188+0000] {dag.py:3036} INFO - Sync 1 DAGs
[2025-07-19T14:59:38.198+0000] {logging_mixin.py:188} INFO - [2025-07-19T14:59:38.198+0000] {dag.py:3823} INFO - Setting next_dagrun for mlops_pipeline_complete to None, run_after=None
[2025-07-19T14:59:38.217+0000] {processor.py:183} INFO - Processing /opt/airflow/dags/conplete_mlops.py took 0.070 seconds
[2025-07-19T15:00:08.723+0000] {processor.py:161} INFO - Started process (PID=9482) to work on /opt/airflow/dags/conplete_mlops.py
[2025-07-19T15:00:08.724+0000] {processor.py:830} INFO - Processing file /opt/airflow/dags/conplete_mlops.py for tasks to queue
[2025-07-19T15:00:08.725+0000] {logging_mixin.py:188} INFO - [2025-07-19T15:00:08.725+0000] {dagbag.py:538} INFO - Filling up the DagBag from /opt/airflow/dags/conplete_mlops.py
[2025-07-19T15:00:08.735+0000] {processor.py:840} INFO - DAG(s) 'mlops_pipeline_complete' retrieved from /opt/airflow/dags/conplete_mlops.py
[2025-07-19T15:00:08.760+0000] {logging_mixin.py:188} INFO - [2025-07-19T15:00:08.760+0000] {dag.py:3036} INFO - Sync 1 DAGs
[2025-07-19T15:00:08.773+0000] {logging_mixin.py:188} INFO - [2025-07-19T15:00:08.772+0000] {dag.py:3823} INFO - Setting next_dagrun for mlops_pipeline_complete to None, run_after=None
[2025-07-19T15:00:08.789+0000] {processor.py:183} INFO - Processing /opt/airflow/dags/conplete_mlops.py took 0.069 seconds
[2025-07-19T15:00:39.257+0000] {processor.py:161} INFO - Started process (PID=9517) to work on /opt/airflow/dags/conplete_mlops.py
[2025-07-19T15:00:39.258+0000] {processor.py:830} INFO - Processing file /opt/airflow/dags/conplete_mlops.py for tasks to queue
[2025-07-19T15:00:39.258+0000] {logging_mixin.py:188} INFO - [2025-07-19T15:00:39.258+0000] {dagbag.py:538} INFO - Filling up the DagBag from /opt/airflow/dags/conplete_mlops.py
[2025-07-19T15:00:39.272+0000] {processor.py:840} INFO - DAG(s) 'mlops_pipeline_complete' retrieved from /opt/airflow/dags/conplete_mlops.py
[2025-07-19T15:00:39.297+0000] {logging_mixin.py:188} INFO - [2025-07-19T15:00:39.296+0000] {dag.py:3036} INFO - Sync 1 DAGs
[2025-07-19T15:00:39.308+0000] {logging_mixin.py:188} INFO - [2025-07-19T15:00:39.308+0000] {dag.py:3823} INFO - Setting next_dagrun for mlops_pipeline_complete to None, run_after=None
[2025-07-19T15:00:39.326+0000] {processor.py:183} INFO - Processing /opt/airflow/dags/conplete_mlops.py took 0.072 seconds
[2025-07-19T15:01:09.794+0000] {processor.py:161} INFO - Started process (PID=9552) to work on /opt/airflow/dags/conplete_mlops.py
[2025-07-19T15:01:09.795+0000] {processor.py:830} INFO - Processing file /opt/airflow/dags/conplete_mlops.py for tasks to queue
[2025-07-19T15:01:09.796+0000] {logging_mixin.py:188} INFO - [2025-07-19T15:01:09.796+0000] {dagbag.py:538} INFO - Filling up the DagBag from /opt/airflow/dags/conplete_mlops.py
[2025-07-19T15:01:09.808+0000] {processor.py:840} INFO - DAG(s) 'mlops_pipeline_complete' retrieved from /opt/airflow/dags/conplete_mlops.py
[2025-07-19T15:01:09.833+0000] {logging_mixin.py:188} INFO - [2025-07-19T15:01:09.833+0000] {dag.py:3036} INFO - Sync 1 DAGs
[2025-07-19T15:01:09.845+0000] {logging_mixin.py:188} INFO - [2025-07-19T15:01:09.845+0000] {dag.py:3823} INFO - Setting next_dagrun for mlops_pipeline_complete to None, run_after=None
[2025-07-19T15:01:09.863+0000] {processor.py:183} INFO - Processing /opt/airflow/dags/conplete_mlops.py took 0.072 seconds
[2025-07-19T15:01:40.399+0000] {processor.py:161} INFO - Started process (PID=9587) to work on /opt/airflow/dags/conplete_mlops.py
[2025-07-19T15:01:40.399+0000] {processor.py:830} INFO - Processing file /opt/airflow/dags/conplete_mlops.py for tasks to queue
[2025-07-19T15:01:40.400+0000] {logging_mixin.py:188} INFO - [2025-07-19T15:01:40.400+0000] {dagbag.py:538} INFO - Filling up the DagBag from /opt/airflow/dags/conplete_mlops.py
[2025-07-19T15:01:40.411+0000] {processor.py:840} INFO - DAG(s) 'mlops_pipeline_complete' retrieved from /opt/airflow/dags/conplete_mlops.py
[2025-07-19T15:01:40.435+0000] {logging_mixin.py:188} INFO - [2025-07-19T15:01:40.435+0000] {dag.py:3036} INFO - Sync 1 DAGs
[2025-07-19T15:01:40.446+0000] {logging_mixin.py:188} INFO - [2025-07-19T15:01:40.445+0000] {dag.py:3823} INFO - Setting next_dagrun for mlops_pipeline_complete to None, run_after=None
[2025-07-19T15:01:40.464+0000] {processor.py:183} INFO - Processing /opt/airflow/dags/conplete_mlops.py took 0.068 seconds
[2025-07-19T15:02:10.938+0000] {processor.py:161} INFO - Started process (PID=9622) to work on /opt/airflow/dags/conplete_mlops.py
[2025-07-19T15:02:10.939+0000] {processor.py:830} INFO - Processing file /opt/airflow/dags/conplete_mlops.py for tasks to queue
[2025-07-19T15:02:10.940+0000] {logging_mixin.py:188} INFO - [2025-07-19T15:02:10.940+0000] {dagbag.py:538} INFO - Filling up the DagBag from /opt/airflow/dags/conplete_mlops.py
[2025-07-19T15:02:10.952+0000] {processor.py:840} INFO - DAG(s) 'mlops_pipeline_complete' retrieved from /opt/airflow/dags/conplete_mlops.py
[2025-07-19T15:02:10.977+0000] {logging_mixin.py:188} INFO - [2025-07-19T15:02:10.977+0000] {dag.py:3036} INFO - Sync 1 DAGs
[2025-07-19T15:02:10.988+0000] {logging_mixin.py:188} INFO - [2025-07-19T15:02:10.988+0000] {dag.py:3823} INFO - Setting next_dagrun for mlops_pipeline_complete to None, run_after=None
[2025-07-19T15:02:11.007+0000] {processor.py:183} INFO - Processing /opt/airflow/dags/conplete_mlops.py took 0.071 seconds
[2025-07-19T15:02:41.634+0000] {processor.py:161} INFO - Started process (PID=9657) to work on /opt/airflow/dags/conplete_mlops.py
[2025-07-19T15:02:41.635+0000] {processor.py:830} INFO - Processing file /opt/airflow/dags/conplete_mlops.py for tasks to queue
[2025-07-19T15:02:41.636+0000] {logging_mixin.py:188} INFO - [2025-07-19T15:02:41.635+0000] {dagbag.py:538} INFO - Filling up the DagBag from /opt/airflow/dags/conplete_mlops.py
[2025-07-19T15:02:41.647+0000] {processor.py:840} INFO - DAG(s) 'mlops_pipeline_complete' retrieved from /opt/airflow/dags/conplete_mlops.py
[2025-07-19T15:02:41.680+0000] {logging_mixin.py:188} INFO - [2025-07-19T15:02:41.680+0000] {dag.py:3036} INFO - Sync 1 DAGs
[2025-07-19T15:02:41.691+0000] {logging_mixin.py:188} INFO - [2025-07-19T15:02:41.690+0000] {dag.py:3823} INFO - Setting next_dagrun for mlops_pipeline_complete to None, run_after=None
[2025-07-19T15:02:41.711+0000] {processor.py:183} INFO - Processing /opt/airflow/dags/conplete_mlops.py took 0.080 seconds
[2025-07-19T15:03:12.228+0000] {processor.py:161} INFO - Started process (PID=9692) to work on /opt/airflow/dags/conplete_mlops.py
[2025-07-19T15:03:12.229+0000] {processor.py:830} INFO - Processing file /opt/airflow/dags/conplete_mlops.py for tasks to queue
[2025-07-19T15:03:12.230+0000] {logging_mixin.py:188} INFO - [2025-07-19T15:03:12.230+0000] {dagbag.py:538} INFO - Filling up the DagBag from /opt/airflow/dags/conplete_mlops.py
[2025-07-19T15:03:12.243+0000] {processor.py:840} INFO - DAG(s) 'mlops_pipeline_complete' retrieved from /opt/airflow/dags/conplete_mlops.py
[2025-07-19T15:03:12.269+0000] {logging_mixin.py:188} INFO - [2025-07-19T15:03:12.269+0000] {dag.py:3036} INFO - Sync 1 DAGs
[2025-07-19T15:03:12.280+0000] {logging_mixin.py:188} INFO - [2025-07-19T15:03:12.279+0000] {dag.py:3823} INFO - Setting next_dagrun for mlops_pipeline_complete to None, run_after=None
[2025-07-19T15:03:12.299+0000] {processor.py:183} INFO - Processing /opt/airflow/dags/conplete_mlops.py took 0.074 seconds
[2025-07-19T15:03:42.849+0000] {processor.py:161} INFO - Started process (PID=9727) to work on /opt/airflow/dags/conplete_mlops.py
[2025-07-19T15:03:42.850+0000] {processor.py:830} INFO - Processing file /opt/airflow/dags/conplete_mlops.py for tasks to queue
[2025-07-19T15:03:42.851+0000] {logging_mixin.py:188} INFO - [2025-07-19T15:03:42.851+0000] {dagbag.py:538} INFO - Filling up the DagBag from /opt/airflow/dags/conplete_mlops.py
[2025-07-19T15:03:42.863+0000] {processor.py:840} INFO - DAG(s) 'mlops_pipeline_complete' retrieved from /opt/airflow/dags/conplete_mlops.py
[2025-07-19T15:03:42.888+0000] {logging_mixin.py:188} INFO - [2025-07-19T15:03:42.887+0000] {dag.py:3036} INFO - Sync 1 DAGs
[2025-07-19T15:03:42.899+0000] {logging_mixin.py:188} INFO - [2025-07-19T15:03:42.899+0000] {dag.py:3823} INFO - Setting next_dagrun for mlops_pipeline_complete to None, run_after=None
[2025-07-19T15:03:42.919+0000] {processor.py:183} INFO - Processing /opt/airflow/dags/conplete_mlops.py took 0.073 seconds
[2025-07-19T15:04:13.352+0000] {processor.py:161} INFO - Started process (PID=9762) to work on /opt/airflow/dags/conplete_mlops.py
[2025-07-19T15:04:13.353+0000] {processor.py:830} INFO - Processing file /opt/airflow/dags/conplete_mlops.py for tasks to queue
[2025-07-19T15:04:13.354+0000] {logging_mixin.py:188} INFO - [2025-07-19T15:04:13.354+0000] {dagbag.py:538} INFO - Filling up the DagBag from /opt/airflow/dags/conplete_mlops.py
[2025-07-19T15:04:13.365+0000] {processor.py:840} INFO - DAG(s) 'mlops_pipeline_complete' retrieved from /opt/airflow/dags/conplete_mlops.py
[2025-07-19T15:04:13.391+0000] {logging_mixin.py:188} INFO - [2025-07-19T15:04:13.391+0000] {dag.py:3036} INFO - Sync 1 DAGs
[2025-07-19T15:04:13.402+0000] {logging_mixin.py:188} INFO - [2025-07-19T15:04:13.402+0000] {dag.py:3823} INFO - Setting next_dagrun for mlops_pipeline_complete to None, run_after=None
[2025-07-19T15:04:13.418+0000] {processor.py:183} INFO - Processing /opt/airflow/dags/conplete_mlops.py took 0.069 seconds
[2025-07-19T15:04:43.976+0000] {processor.py:161} INFO - Started process (PID=9797) to work on /opt/airflow/dags/conplete_mlops.py
[2025-07-19T15:04:43.977+0000] {processor.py:830} INFO - Processing file /opt/airflow/dags/conplete_mlops.py for tasks to queue
[2025-07-19T15:04:43.978+0000] {logging_mixin.py:188} INFO - [2025-07-19T15:04:43.977+0000] {dagbag.py:538} INFO - Filling up the DagBag from /opt/airflow/dags/conplete_mlops.py
[2025-07-19T15:04:43.991+0000] {processor.py:840} INFO - DAG(s) 'mlops_pipeline_complete' retrieved from /opt/airflow/dags/conplete_mlops.py
[2025-07-19T15:04:44.023+0000] {logging_mixin.py:188} INFO - [2025-07-19T15:04:44.023+0000] {dag.py:3036} INFO - Sync 1 DAGs
[2025-07-19T15:04:44.036+0000] {logging_mixin.py:188} INFO - [2025-07-19T15:04:44.035+0000] {dag.py:3823} INFO - Setting next_dagrun for mlops_pipeline_complete to None, run_after=None
[2025-07-19T15:04:44.053+0000] {processor.py:183} INFO - Processing /opt/airflow/dags/conplete_mlops.py took 0.080 seconds
[2025-07-19T15:05:14.616+0000] {processor.py:161} INFO - Started process (PID=9832) to work on /opt/airflow/dags/conplete_mlops.py
[2025-07-19T15:05:14.617+0000] {processor.py:830} INFO - Processing file /opt/airflow/dags/conplete_mlops.py for tasks to queue
[2025-07-19T15:05:14.618+0000] {logging_mixin.py:188} INFO - [2025-07-19T15:05:14.618+0000] {dagbag.py:538} INFO - Filling up the DagBag from /opt/airflow/dags/conplete_mlops.py
[2025-07-19T15:05:14.630+0000] {processor.py:840} INFO - DAG(s) 'mlops_pipeline_complete' retrieved from /opt/airflow/dags/conplete_mlops.py
[2025-07-19T15:05:14.656+0000] {logging_mixin.py:188} INFO - [2025-07-19T15:05:14.656+0000] {dag.py:3036} INFO - Sync 1 DAGs
[2025-07-19T15:05:14.668+0000] {logging_mixin.py:188} INFO - [2025-07-19T15:05:14.667+0000] {dag.py:3823} INFO - Setting next_dagrun for mlops_pipeline_complete to None, run_after=None
[2025-07-19T15:05:14.685+0000] {processor.py:183} INFO - Processing /opt/airflow/dags/conplete_mlops.py took 0.071 seconds
[2025-07-19T15:05:45.165+0000] {processor.py:161} INFO - Started process (PID=9867) to work on /opt/airflow/dags/conplete_mlops.py
[2025-07-19T15:05:45.166+0000] {processor.py:830} INFO - Processing file /opt/airflow/dags/conplete_mlops.py for tasks to queue
[2025-07-19T15:05:45.167+0000] {logging_mixin.py:188} INFO - [2025-07-19T15:05:45.166+0000] {dagbag.py:538} INFO - Filling up the DagBag from /opt/airflow/dags/conplete_mlops.py
[2025-07-19T15:05:45.179+0000] {processor.py:840} INFO - DAG(s) 'mlops_pipeline_complete' retrieved from /opt/airflow/dags/conplete_mlops.py
[2025-07-19T15:05:45.203+0000] {logging_mixin.py:188} INFO - [2025-07-19T15:05:45.203+0000] {dag.py:3036} INFO - Sync 1 DAGs
[2025-07-19T15:05:45.214+0000] {logging_mixin.py:188} INFO - [2025-07-19T15:05:45.214+0000] {dag.py:3823} INFO - Setting next_dagrun for mlops_pipeline_complete to None, run_after=None
[2025-07-19T15:05:45.234+0000] {processor.py:183} INFO - Processing /opt/airflow/dags/conplete_mlops.py took 0.073 seconds
[2025-07-19T15:06:15.668+0000] {processor.py:161} INFO - Started process (PID=9902) to work on /opt/airflow/dags/conplete_mlops.py
[2025-07-19T15:06:15.669+0000] {processor.py:830} INFO - Processing file /opt/airflow/dags/conplete_mlops.py for tasks to queue
[2025-07-19T15:06:15.670+0000] {logging_mixin.py:188} INFO - [2025-07-19T15:06:15.670+0000] {dagbag.py:538} INFO - Filling up the DagBag from /opt/airflow/dags/conplete_mlops.py
[2025-07-19T15:06:15.682+0000] {processor.py:840} INFO - DAG(s) 'mlops_pipeline_complete' retrieved from /opt/airflow/dags/conplete_mlops.py
[2025-07-19T15:06:15.708+0000] {logging_mixin.py:188} INFO - [2025-07-19T15:06:15.707+0000] {dag.py:3036} INFO - Sync 1 DAGs
[2025-07-19T15:06:15.718+0000] {logging_mixin.py:188} INFO - [2025-07-19T15:06:15.718+0000] {dag.py:3823} INFO - Setting next_dagrun for mlops_pipeline_complete to None, run_after=None
[2025-07-19T15:06:15.738+0000] {processor.py:183} INFO - Processing /opt/airflow/dags/conplete_mlops.py took 0.072 seconds
[2025-07-19T15:06:46.285+0000] {processor.py:161} INFO - Started process (PID=9937) to work on /opt/airflow/dags/conplete_mlops.py
[2025-07-19T15:06:46.286+0000] {processor.py:830} INFO - Processing file /opt/airflow/dags/conplete_mlops.py for tasks to queue
[2025-07-19T15:06:46.287+0000] {logging_mixin.py:188} INFO - [2025-07-19T15:06:46.286+0000] {dagbag.py:538} INFO - Filling up the DagBag from /opt/airflow/dags/conplete_mlops.py
[2025-07-19T15:06:46.299+0000] {processor.py:840} INFO - DAG(s) 'mlops_pipeline_complete' retrieved from /opt/airflow/dags/conplete_mlops.py
[2025-07-19T15:06:46.327+0000] {logging_mixin.py:188} INFO - [2025-07-19T15:06:46.326+0000] {dag.py:3036} INFO - Sync 1 DAGs
[2025-07-19T15:06:46.340+0000] {logging_mixin.py:188} INFO - [2025-07-19T15:06:46.340+0000] {dag.py:3823} INFO - Setting next_dagrun for mlops_pipeline_complete to None, run_after=None
[2025-07-19T15:06:46.361+0000] {processor.py:183} INFO - Processing /opt/airflow/dags/conplete_mlops.py took 0.079 seconds
[2025-07-19T15:07:16.754+0000] {processor.py:161} INFO - Started process (PID=9972) to work on /opt/airflow/dags/conplete_mlops.py
[2025-07-19T15:07:16.755+0000] {processor.py:830} INFO - Processing file /opt/airflow/dags/conplete_mlops.py for tasks to queue
[2025-07-19T15:07:16.756+0000] {logging_mixin.py:188} INFO - [2025-07-19T15:07:16.756+0000] {dagbag.py:538} INFO - Filling up the DagBag from /opt/airflow/dags/conplete_mlops.py
[2025-07-19T15:07:16.768+0000] {processor.py:840} INFO - DAG(s) 'mlops_pipeline_complete' retrieved from /opt/airflow/dags/conplete_mlops.py
[2025-07-19T15:07:16.793+0000] {logging_mixin.py:188} INFO - [2025-07-19T15:07:16.793+0000] {dag.py:3036} INFO - Sync 1 DAGs
[2025-07-19T15:07:16.803+0000] {logging_mixin.py:188} INFO - [2025-07-19T15:07:16.803+0000] {dag.py:3823} INFO - Setting next_dagrun for mlops_pipeline_complete to None, run_after=None
[2025-07-19T15:07:16.823+0000] {processor.py:183} INFO - Processing /opt/airflow/dags/conplete_mlops.py took 0.071 seconds
[2025-07-19T15:07:47.408+0000] {processor.py:161} INFO - Started process (PID=10007) to work on /opt/airflow/dags/conplete_mlops.py
[2025-07-19T15:07:47.409+0000] {processor.py:830} INFO - Processing file /opt/airflow/dags/conplete_mlops.py for tasks to queue
[2025-07-19T15:07:47.410+0000] {logging_mixin.py:188} INFO - [2025-07-19T15:07:47.409+0000] {dagbag.py:538} INFO - Filling up the DagBag from /opt/airflow/dags/conplete_mlops.py
[2025-07-19T15:07:47.421+0000] {processor.py:840} INFO - DAG(s) 'mlops_pipeline_complete' retrieved from /opt/airflow/dags/conplete_mlops.py
[2025-07-19T15:07:47.445+0000] {logging_mixin.py:188} INFO - [2025-07-19T15:07:47.445+0000] {dag.py:3036} INFO - Sync 1 DAGs
[2025-07-19T15:07:47.456+0000] {logging_mixin.py:188} INFO - [2025-07-19T15:07:47.455+0000] {dag.py:3823} INFO - Setting next_dagrun for mlops_pipeline_complete to None, run_after=None
[2025-07-19T15:07:47.474+0000] {processor.py:183} INFO - Processing /opt/airflow/dags/conplete_mlops.py took 0.069 seconds
[2025-07-19T15:08:18.051+0000] {processor.py:161} INFO - Started process (PID=10042) to work on /opt/airflow/dags/conplete_mlops.py
[2025-07-19T15:08:18.052+0000] {processor.py:830} INFO - Processing file /opt/airflow/dags/conplete_mlops.py for tasks to queue
[2025-07-19T15:08:18.053+0000] {logging_mixin.py:188} INFO - [2025-07-19T15:08:18.053+0000] {dagbag.py:538} INFO - Filling up the DagBag from /opt/airflow/dags/conplete_mlops.py
[2025-07-19T15:08:18.065+0000] {processor.py:840} INFO - DAG(s) 'mlops_pipeline_complete' retrieved from /opt/airflow/dags/conplete_mlops.py
[2025-07-19T15:08:18.091+0000] {logging_mixin.py:188} INFO - [2025-07-19T15:08:18.091+0000] {dag.py:3036} INFO - Sync 1 DAGs
[2025-07-19T15:08:18.103+0000] {logging_mixin.py:188} INFO - [2025-07-19T15:08:18.102+0000] {dag.py:3823} INFO - Setting next_dagrun for mlops_pipeline_complete to None, run_after=None
[2025-07-19T15:08:18.119+0000] {processor.py:183} INFO - Processing /opt/airflow/dags/conplete_mlops.py took 0.071 seconds
[2025-07-19T15:08:48.616+0000] {processor.py:161} INFO - Started process (PID=10077) to work on /opt/airflow/dags/conplete_mlops.py
[2025-07-19T15:08:48.617+0000] {processor.py:830} INFO - Processing file /opt/airflow/dags/conplete_mlops.py for tasks to queue
[2025-07-19T15:08:48.617+0000] {logging_mixin.py:188} INFO - [2025-07-19T15:08:48.617+0000] {dagbag.py:538} INFO - Filling up the DagBag from /opt/airflow/dags/conplete_mlops.py
[2025-07-19T15:08:48.631+0000] {processor.py:840} INFO - DAG(s) 'mlops_pipeline_complete' retrieved from /opt/airflow/dags/conplete_mlops.py
[2025-07-19T15:08:48.658+0000] {logging_mixin.py:188} INFO - [2025-07-19T15:08:48.657+0000] {dag.py:3036} INFO - Sync 1 DAGs
[2025-07-19T15:08:48.668+0000] {logging_mixin.py:188} INFO - [2025-07-19T15:08:48.668+0000] {dag.py:3823} INFO - Setting next_dagrun for mlops_pipeline_complete to None, run_after=None
[2025-07-19T15:08:48.687+0000] {processor.py:183} INFO - Processing /opt/airflow/dags/conplete_mlops.py took 0.074 seconds
[2025-07-19T15:09:19.523+0000] {processor.py:161} INFO - Started process (PID=10112) to work on /opt/airflow/dags/conplete_mlops.py
[2025-07-19T15:09:19.524+0000] {processor.py:830} INFO - Processing file /opt/airflow/dags/conplete_mlops.py for tasks to queue
[2025-07-19T15:09:19.525+0000] {logging_mixin.py:188} INFO - [2025-07-19T15:09:19.525+0000] {dagbag.py:538} INFO - Filling up the DagBag from /opt/airflow/dags/conplete_mlops.py
[2025-07-19T15:09:19.537+0000] {processor.py:840} INFO - DAG(s) 'mlops_pipeline_complete' retrieved from /opt/airflow/dags/conplete_mlops.py
[2025-07-19T15:09:19.584+0000] {logging_mixin.py:188} INFO - [2025-07-19T15:09:19.584+0000] {dag.py:3036} INFO - Sync 1 DAGs
[2025-07-19T15:09:19.594+0000] {logging_mixin.py:188} INFO - [2025-07-19T15:09:19.594+0000] {dag.py:3823} INFO - Setting next_dagrun for mlops_pipeline_complete to None, run_after=None
[2025-07-19T15:09:19.613+0000] {processor.py:183} INFO - Processing /opt/airflow/dags/conplete_mlops.py took 0.092 seconds
[2025-07-19T15:24:07.280+0000] {processor.py:161} INFO - Started process (PID=10120) to work on /opt/airflow/dags/conplete_mlops.py
[2025-07-19T15:24:07.281+0000] {processor.py:830} INFO - Processing file /opt/airflow/dags/conplete_mlops.py for tasks to queue
[2025-07-19T15:24:07.282+0000] {logging_mixin.py:188} INFO - [2025-07-19T15:24:07.282+0000] {dagbag.py:538} INFO - Filling up the DagBag from /opt/airflow/dags/conplete_mlops.py
[2025-07-19T15:24:07.295+0000] {processor.py:840} INFO - DAG(s) 'mlops_pipeline_complete' retrieved from /opt/airflow/dags/conplete_mlops.py
[2025-07-19T15:24:07.333+0000] {logging_mixin.py:188} INFO - [2025-07-19T15:24:07.333+0000] {dag.py:3036} INFO - Sync 1 DAGs
[2025-07-19T15:24:07.346+0000] {logging_mixin.py:188} INFO - [2025-07-19T15:24:07.346+0000] {dag.py:3823} INFO - Setting next_dagrun for mlops_pipeline_complete to None, run_after=None
[2025-07-19T15:24:07.759+0000] {processor.py:183} INFO - Processing /opt/airflow/dags/conplete_mlops.py took 0.482 seconds
[2025-07-19T15:25:16.483+0000] {processor.py:161} INFO - Started process (PID=10156) to work on /opt/airflow/dags/conplete_mlops.py
[2025-07-19T15:25:19.963+0000] {processor.py:830} INFO - Processing file /opt/airflow/dags/conplete_mlops.py for tasks to queue
[2025-07-19T15:25:25.436+0000] {logging_mixin.py:188} INFO - [2025-07-19T15:25:25.435+0000] {dagbag.py:538} INFO - Filling up the DagBag from /opt/airflow/dags/conplete_mlops.py
[2025-07-19T15:25:40.412+0000] {processor.py:840} INFO - DAG(s) 'mlops_pipeline_complete' retrieved from /opt/airflow/dags/conplete_mlops.py
[2025-07-19T15:27:42.831+0000] {processor.py:161} INFO - Started process (PID=10184) to work on /opt/airflow/dags/conplete_mlops.py
[2025-07-19T15:27:42.832+0000] {processor.py:830} INFO - Processing file /opt/airflow/dags/conplete_mlops.py for tasks to queue
[2025-07-19T15:27:42.833+0000] {logging_mixin.py:188} INFO - [2025-07-19T15:27:42.833+0000] {dagbag.py:538} INFO - Filling up the DagBag from /opt/airflow/dags/conplete_mlops.py
[2025-07-19T15:27:42.847+0000] {processor.py:840} INFO - DAG(s) 'mlops_pipeline_complete' retrieved from /opt/airflow/dags/conplete_mlops.py
[2025-07-19T15:29:26.970+0000] {processor.py:161} INFO - Started process (PID=10211) to work on /opt/airflow/dags/conplete_mlops.py
[2025-07-19T15:29:26.971+0000] {processor.py:830} INFO - Processing file /opt/airflow/dags/conplete_mlops.py for tasks to queue
[2025-07-19T15:29:26.973+0000] {logging_mixin.py:188} INFO - [2025-07-19T15:29:26.972+0000] {dagbag.py:538} INFO - Filling up the DagBag from /opt/airflow/dags/conplete_mlops.py
[2025-07-19T15:29:26.986+0000] {processor.py:840} INFO - DAG(s) 'mlops_pipeline_complete' retrieved from /opt/airflow/dags/conplete_mlops.py
[2025-07-19T15:32:11.341+0000] {processor.py:161} INFO - Started process (PID=10238) to work on /opt/airflow/dags/conplete_mlops.py
[2025-07-19T15:32:11.376+0000] {processor.py:830} INFO - Processing file /opt/airflow/dags/conplete_mlops.py for tasks to queue
[2025-07-19T15:32:11.384+0000] {logging_mixin.py:188} INFO - [2025-07-19T15:32:11.383+0000] {dagbag.py:538} INFO - Filling up the DagBag from /opt/airflow/dags/conplete_mlops.py
[2025-07-19T15:32:21.412+0000] {processor.py:840} INFO - DAG(s) 'mlops_pipeline_complete' retrieved from /opt/airflow/dags/conplete_mlops.py
[2025-07-19T15:37:05.476+0000] {processor.py:161} INFO - Started process (PID=10262) to work on /opt/airflow/dags/conplete_mlops.py
[2025-07-19T15:37:05.477+0000] {processor.py:830} INFO - Processing file /opt/airflow/dags/conplete_mlops.py for tasks to queue
[2025-07-19T15:37:05.478+0000] {logging_mixin.py:188} INFO - [2025-07-19T15:37:05.478+0000] {dagbag.py:538} INFO - Filling up the DagBag from /opt/airflow/dags/conplete_mlops.py
[2025-07-19T15:37:05.524+0000] {processor.py:840} INFO - DAG(s) 'mlops_pipeline_complete' retrieved from /opt/airflow/dags/conplete_mlops.py
[2025-07-19T15:37:05.680+0000] {logging_mixin.py:188} INFO - [2025-07-19T15:37:05.680+0000] {dag.py:3036} INFO - Sync 1 DAGs
[2025-07-19T15:37:05.690+0000] {logging_mixin.py:188} INFO - [2025-07-19T15:37:05.690+0000] {dag.py:3823} INFO - Setting next_dagrun for mlops_pipeline_complete to None, run_after=None
[2025-07-19T15:37:05.963+0000] {processor.py:183} INFO - Processing /opt/airflow/dags/conplete_mlops.py took 0.490 seconds
[2025-07-19T15:37:36.745+0000] {processor.py:161} INFO - Started process (PID=10294) to work on /opt/airflow/dags/conplete_mlops.py
[2025-07-19T15:37:36.746+0000] {processor.py:830} INFO - Processing file /opt/airflow/dags/conplete_mlops.py for tasks to queue
[2025-07-19T15:37:36.747+0000] {logging_mixin.py:188} INFO - [2025-07-19T15:37:36.747+0000] {dagbag.py:538} INFO - Filling up the DagBag from /opt/airflow/dags/conplete_mlops.py
[2025-07-19T15:37:36.759+0000] {processor.py:840} INFO - DAG(s) 'mlops_pipeline_complete' retrieved from /opt/airflow/dags/conplete_mlops.py
[2025-07-19T15:37:36.862+0000] {logging_mixin.py:188} INFO - [2025-07-19T15:37:36.861+0000] {dag.py:3036} INFO - Sync 1 DAGs
[2025-07-19T15:37:36.876+0000] {logging_mixin.py:188} INFO - [2025-07-19T15:37:36.876+0000] {dag.py:3823} INFO - Setting next_dagrun for mlops_pipeline_complete to None, run_after=None
[2025-07-19T15:37:36.948+0000] {processor.py:183} INFO - Processing /opt/airflow/dags/conplete_mlops.py took 0.206 seconds
[2025-07-19T15:38:08.028+0000] {processor.py:161} INFO - Started process (PID=10329) to work on /opt/airflow/dags/conplete_mlops.py
[2025-07-19T15:38:08.029+0000] {processor.py:830} INFO - Processing file /opt/airflow/dags/conplete_mlops.py for tasks to queue
[2025-07-19T15:38:08.030+0000] {logging_mixin.py:188} INFO - [2025-07-19T15:38:08.030+0000] {dagbag.py:538} INFO - Filling up the DagBag from /opt/airflow/dags/conplete_mlops.py
[2025-07-19T15:38:08.045+0000] {processor.py:840} INFO - DAG(s) 'mlops_pipeline_complete' retrieved from /opt/airflow/dags/conplete_mlops.py
[2025-07-19T15:38:08.120+0000] {logging_mixin.py:188} INFO - [2025-07-19T15:38:08.120+0000] {dag.py:3036} INFO - Sync 1 DAGs
[2025-07-19T15:38:08.135+0000] {logging_mixin.py:188} INFO - [2025-07-19T15:38:08.134+0000] {dag.py:3823} INFO - Setting next_dagrun for mlops_pipeline_complete to None, run_after=None
[2025-07-19T15:38:08.155+0000] {processor.py:183} INFO - Processing /opt/airflow/dags/conplete_mlops.py took 0.130 seconds
[2025-07-19T15:38:38.779+0000] {processor.py:161} INFO - Started process (PID=10364) to work on /opt/airflow/dags/conplete_mlops.py
[2025-07-19T15:38:38.781+0000] {processor.py:830} INFO - Processing file /opt/airflow/dags/conplete_mlops.py for tasks to queue
[2025-07-19T15:38:38.782+0000] {logging_mixin.py:188} INFO - [2025-07-19T15:38:38.781+0000] {dagbag.py:538} INFO - Filling up the DagBag from /opt/airflow/dags/conplete_mlops.py
[2025-07-19T15:38:38.795+0000] {processor.py:840} INFO - DAG(s) 'mlops_pipeline_complete' retrieved from /opt/airflow/dags/conplete_mlops.py
[2025-07-19T15:38:38.852+0000] {logging_mixin.py:188} INFO - [2025-07-19T15:38:38.851+0000] {dag.py:3036} INFO - Sync 1 DAGs
[2025-07-19T15:38:38.864+0000] {logging_mixin.py:188} INFO - [2025-07-19T15:38:38.864+0000] {dag.py:3823} INFO - Setting next_dagrun for mlops_pipeline_complete to None, run_after=None
[2025-07-19T15:38:38.886+0000] {processor.py:183} INFO - Processing /opt/airflow/dags/conplete_mlops.py took 0.110 seconds
[2025-07-19T15:39:09.182+0000] {processor.py:161} INFO - Started process (PID=10399) to work on /opt/airflow/dags/conplete_mlops.py
[2025-07-19T15:39:09.185+0000] {processor.py:830} INFO - Processing file /opt/airflow/dags/conplete_mlops.py for tasks to queue
[2025-07-19T15:39:09.186+0000] {logging_mixin.py:188} INFO - [2025-07-19T15:39:09.186+0000] {dagbag.py:538} INFO - Filling up the DagBag from /opt/airflow/dags/conplete_mlops.py
[2025-07-19T15:39:09.202+0000] {processor.py:840} INFO - DAG(s) 'mlops_pipeline_complete' retrieved from /opt/airflow/dags/conplete_mlops.py
[2025-07-19T15:39:09.249+0000] {logging_mixin.py:188} INFO - [2025-07-19T15:39:09.249+0000] {dag.py:3036} INFO - Sync 1 DAGs
[2025-07-19T15:39:09.262+0000] {logging_mixin.py:188} INFO - [2025-07-19T15:39:09.262+0000] {dag.py:3823} INFO - Setting next_dagrun for mlops_pipeline_complete to None, run_after=None
[2025-07-19T15:39:09.283+0000] {processor.py:183} INFO - Processing /opt/airflow/dags/conplete_mlops.py took 0.109 seconds
[2025-07-19T15:39:40.000+0000] {processor.py:161} INFO - Started process (PID=10434) to work on /opt/airflow/dags/conplete_mlops.py
[2025-07-19T15:39:40.001+0000] {processor.py:830} INFO - Processing file /opt/airflow/dags/conplete_mlops.py for tasks to queue
[2025-07-19T15:39:40.002+0000] {logging_mixin.py:188} INFO - [2025-07-19T15:39:40.002+0000] {dagbag.py:538} INFO - Filling up the DagBag from /opt/airflow/dags/conplete_mlops.py
[2025-07-19T15:39:40.015+0000] {processor.py:840} INFO - DAG(s) 'mlops_pipeline_complete' retrieved from /opt/airflow/dags/conplete_mlops.py
[2025-07-19T15:39:40.045+0000] {logging_mixin.py:188} INFO - [2025-07-19T15:39:40.045+0000] {dag.py:3036} INFO - Sync 1 DAGs
[2025-07-19T15:39:40.058+0000] {logging_mixin.py:188} INFO - [2025-07-19T15:39:40.058+0000] {dag.py:3823} INFO - Setting next_dagrun for mlops_pipeline_complete to None, run_after=None
[2025-07-19T15:39:40.102+0000] {processor.py:183} INFO - Processing /opt/airflow/dags/conplete_mlops.py took 0.106 seconds
[2025-07-19T15:40:10.890+0000] {processor.py:161} INFO - Started process (PID=10474) to work on /opt/airflow/dags/conplete_mlops.py
[2025-07-19T15:40:10.892+0000] {processor.py:830} INFO - Processing file /opt/airflow/dags/conplete_mlops.py for tasks to queue
[2025-07-19T15:40:10.893+0000] {logging_mixin.py:188} INFO - [2025-07-19T15:40:10.892+0000] {dagbag.py:538} INFO - Filling up the DagBag from /opt/airflow/dags/conplete_mlops.py
[2025-07-19T15:40:10.903+0000] {processor.py:840} INFO - DAG(s) 'mlops_pipeline_complete' retrieved from /opt/airflow/dags/conplete_mlops.py
[2025-07-19T15:40:10.930+0000] {logging_mixin.py:188} INFO - [2025-07-19T15:40:10.930+0000] {dag.py:3036} INFO - Sync 1 DAGs
[2025-07-19T15:40:10.942+0000] {logging_mixin.py:188} INFO - [2025-07-19T15:40:10.941+0000] {dag.py:3823} INFO - Setting next_dagrun for mlops_pipeline_complete to None, run_after=None
[2025-07-19T15:40:10.993+0000] {processor.py:183} INFO - Processing /opt/airflow/dags/conplete_mlops.py took 0.106 seconds
[2025-07-19T15:40:41.233+0000] {processor.py:161} INFO - Started process (PID=10509) to work on /opt/airflow/dags/conplete_mlops.py
[2025-07-19T15:40:41.234+0000] {processor.py:830} INFO - Processing file /opt/airflow/dags/conplete_mlops.py for tasks to queue
[2025-07-19T15:40:41.235+0000] {logging_mixin.py:188} INFO - [2025-07-19T15:40:41.235+0000] {dagbag.py:538} INFO - Filling up the DagBag from /opt/airflow/dags/conplete_mlops.py
[2025-07-19T15:40:41.246+0000] {processor.py:840} INFO - DAG(s) 'mlops_pipeline_complete' retrieved from /opt/airflow/dags/conplete_mlops.py
[2025-07-19T15:40:41.280+0000] {logging_mixin.py:188} INFO - [2025-07-19T15:40:41.280+0000] {dag.py:3036} INFO - Sync 1 DAGs
[2025-07-19T15:40:41.293+0000] {logging_mixin.py:188} INFO - [2025-07-19T15:40:41.293+0000] {dag.py:3823} INFO - Setting next_dagrun for mlops_pipeline_complete to None, run_after=None
[2025-07-19T15:40:41.336+0000] {processor.py:183} INFO - Processing /opt/airflow/dags/conplete_mlops.py took 0.107 seconds
[2025-07-19T15:41:25.834+0000] {processor.py:161} INFO - Started process (PID=10542) to work on /opt/airflow/dags/conplete_mlops.py
[2025-07-19T15:41:25.835+0000] {processor.py:830} INFO - Processing file /opt/airflow/dags/conplete_mlops.py for tasks to queue
[2025-07-19T15:41:25.836+0000] {logging_mixin.py:188} INFO - [2025-07-19T15:41:25.835+0000] {dagbag.py:538} INFO - Filling up the DagBag from /opt/airflow/dags/conplete_mlops.py
[2025-07-19T15:41:25.848+0000] {processor.py:840} INFO - DAG(s) 'mlops_pipeline_complete' retrieved from /opt/airflow/dags/conplete_mlops.py
[2025-07-19T15:41:26.150+0000] {logging_mixin.py:188} INFO - [2025-07-19T15:41:26.150+0000] {dag.py:3036} INFO - Sync 1 DAGs
[2025-07-19T15:41:26.215+0000] {logging_mixin.py:188} INFO - [2025-07-19T15:41:26.215+0000] {dag.py:3823} INFO - Setting next_dagrun for mlops_pipeline_complete to None, run_after=None
[2025-07-19T15:41:26.417+0000] {processor.py:183} INFO - Processing /opt/airflow/dags/conplete_mlops.py took 0.586 seconds
[2025-07-19T15:41:56.948+0000] {processor.py:161} INFO - Started process (PID=10579) to work on /opt/airflow/dags/conplete_mlops.py
[2025-07-19T15:41:56.949+0000] {processor.py:830} INFO - Processing file /opt/airflow/dags/conplete_mlops.py for tasks to queue
[2025-07-19T15:41:56.949+0000] {logging_mixin.py:188} INFO - [2025-07-19T15:41:56.949+0000] {dagbag.py:538} INFO - Filling up the DagBag from /opt/airflow/dags/conplete_mlops.py
[2025-07-19T15:41:57.020+0000] {processor.py:840} INFO - DAG(s) 'mlops_pipeline_complete' retrieved from /opt/airflow/dags/conplete_mlops.py
[2025-07-19T15:41:57.292+0000] {logging_mixin.py:188} INFO - [2025-07-19T15:41:57.291+0000] {dag.py:3036} INFO - Sync 1 DAGs
[2025-07-19T15:41:57.386+0000] {logging_mixin.py:188} INFO - [2025-07-19T15:41:57.386+0000] {dag.py:3823} INFO - Setting next_dagrun for mlops_pipeline_complete to None, run_after=None
[2025-07-19T15:41:57.633+0000] {processor.py:183} INFO - Processing /opt/airflow/dags/conplete_mlops.py took 0.689 seconds
[2025-07-19T15:42:27.858+0000] {processor.py:161} INFO - Started process (PID=10662) to work on /opt/airflow/dags/conplete_mlops.py
[2025-07-19T15:42:27.859+0000] {processor.py:830} INFO - Processing file /opt/airflow/dags/conplete_mlops.py for tasks to queue
[2025-07-19T15:42:27.860+0000] {logging_mixin.py:188} INFO - [2025-07-19T15:42:27.860+0000] {dagbag.py:538} INFO - Filling up the DagBag from /opt/airflow/dags/conplete_mlops.py
[2025-07-19T15:42:27.875+0000] {processor.py:840} INFO - DAG(s) 'mlops_pipeline_complete' retrieved from /opt/airflow/dags/conplete_mlops.py
[2025-07-19T15:42:27.909+0000] {logging_mixin.py:188} INFO - [2025-07-19T15:42:27.908+0000] {dag.py:3036} INFO - Sync 1 DAGs
[2025-07-19T15:42:27.923+0000] {logging_mixin.py:188} INFO - [2025-07-19T15:42:27.923+0000] {dag.py:3823} INFO - Setting next_dagrun for mlops_pipeline_complete to None, run_after=None
[2025-07-19T15:42:27.944+0000] {processor.py:183} INFO - Processing /opt/airflow/dags/conplete_mlops.py took 0.090 seconds
[2025-07-19T15:43:04.913+0000] {processor.py:161} INFO - Started process (PID=11015) to work on /opt/airflow/dags/conplete_mlops.py
[2025-07-19T15:43:04.939+0000] {processor.py:830} INFO - Processing file /opt/airflow/dags/conplete_mlops.py for tasks to queue
[2025-07-19T15:43:04.947+0000] {logging_mixin.py:188} INFO - [2025-07-19T15:43:04.943+0000] {dagbag.py:538} INFO - Filling up the DagBag from /opt/airflow/dags/conplete_mlops.py
[2025-07-19T15:43:06.058+0000] {processor.py:840} INFO - DAG(s) 'mlops_pipeline_complete' retrieved from /opt/airflow/dags/conplete_mlops.py
[2025-07-19T15:43:10.535+0000] {logging_mixin.py:188} INFO - [2025-07-19T15:43:10.534+0000] {dag.py:3036} INFO - Sync 1 DAGs
[2025-07-19T15:43:10.790+0000] {logging_mixin.py:188} INFO - [2025-07-19T15:43:10.752+0000] {dag.py:3823} INFO - Setting next_dagrun for mlops_pipeline_complete to None, run_after=None
[2025-07-19T15:43:11.167+0000] {processor.py:183} INFO - Processing /opt/airflow/dags/conplete_mlops.py took 6.336 seconds
[2025-07-19T15:43:42.012+0000] {processor.py:161} INFO - Started process (PID=11368) to work on /opt/airflow/dags/conplete_mlops.py
[2025-07-19T15:43:42.016+0000] {processor.py:830} INFO - Processing file /opt/airflow/dags/conplete_mlops.py for tasks to queue
[2025-07-19T15:43:42.037+0000] {logging_mixin.py:188} INFO - [2025-07-19T15:43:42.037+0000] {dagbag.py:538} INFO - Filling up the DagBag from /opt/airflow/dags/conplete_mlops.py
[2025-07-19T15:43:42.211+0000] {processor.py:840} INFO - DAG(s) 'mlops_pipeline_complete' retrieved from /opt/airflow/dags/conplete_mlops.py
[2025-07-19T15:43:42.474+0000] {logging_mixin.py:188} INFO - [2025-07-19T15:43:42.474+0000] {dag.py:3036} INFO - Sync 1 DAGs
[2025-07-19T15:43:42.553+0000] {logging_mixin.py:188} INFO - [2025-07-19T15:43:42.552+0000] {dag.py:3823} INFO - Setting next_dagrun for mlops_pipeline_complete to None, run_after=None
[2025-07-19T15:43:42.718+0000] {processor.py:183} INFO - Processing /opt/airflow/dags/conplete_mlops.py took 0.761 seconds
[2025-07-19T15:44:13.923+0000] {processor.py:161} INFO - Started process (PID=12308) to work on /opt/airflow/dags/conplete_mlops.py
[2025-07-19T15:44:13.934+0000] {processor.py:830} INFO - Processing file /opt/airflow/dags/conplete_mlops.py for tasks to queue
[2025-07-19T15:44:13.945+0000] {logging_mixin.py:188} INFO - [2025-07-19T15:44:13.944+0000] {dagbag.py:538} INFO - Filling up the DagBag from /opt/airflow/dags/conplete_mlops.py
[2025-07-19T15:44:14.332+0000] {processor.py:840} INFO - DAG(s) 'mlops_pipeline_complete' retrieved from /opt/airflow/dags/conplete_mlops.py
[2025-07-19T15:44:14.535+0000] {logging_mixin.py:188} INFO - [2025-07-19T15:44:14.534+0000] {dag.py:3036} INFO - Sync 1 DAGs
[2025-07-19T15:44:14.715+0000] {logging_mixin.py:188} INFO - [2025-07-19T15:44:14.715+0000] {dag.py:3823} INFO - Setting next_dagrun for mlops_pipeline_complete to None, run_after=None
[2025-07-19T15:44:14.892+0000] {processor.py:183} INFO - Processing /opt/airflow/dags/conplete_mlops.py took 1.032 seconds
[2025-07-19T15:44:46.383+0000] {processor.py:161} INFO - Started process (PID=12805) to work on /opt/airflow/dags/conplete_mlops.py
[2025-07-19T15:44:46.385+0000] {processor.py:830} INFO - Processing file /opt/airflow/dags/conplete_mlops.py for tasks to queue
[2025-07-19T15:44:46.390+0000] {logging_mixin.py:188} INFO - [2025-07-19T15:44:46.389+0000] {dagbag.py:538} INFO - Filling up the DagBag from /opt/airflow/dags/conplete_mlops.py
[2025-07-19T15:44:46.610+0000] {processor.py:840} INFO - DAG(s) 'mlops_pipeline_complete' retrieved from /opt/airflow/dags/conplete_mlops.py
[2025-07-19T15:44:46.788+0000] {logging_mixin.py:188} INFO - [2025-07-19T15:44:46.788+0000] {dag.py:3036} INFO - Sync 1 DAGs
[2025-07-19T15:44:47.079+0000] {logging_mixin.py:188} INFO - [2025-07-19T15:44:47.078+0000] {dag.py:3823} INFO - Setting next_dagrun for mlops_pipeline_complete to None, run_after=None
[2025-07-19T15:44:47.307+0000] {processor.py:183} INFO - Processing /opt/airflow/dags/conplete_mlops.py took 0.929 seconds
[2025-07-19T15:45:18.189+0000] {processor.py:161} INFO - Started process (PID=13099) to work on /opt/airflow/dags/conplete_mlops.py
[2025-07-19T15:45:18.191+0000] {processor.py:830} INFO - Processing file /opt/airflow/dags/conplete_mlops.py for tasks to queue
[2025-07-19T15:45:18.203+0000] {logging_mixin.py:188} INFO - [2025-07-19T15:45:18.202+0000] {dagbag.py:538} INFO - Filling up the DagBag from /opt/airflow/dags/conplete_mlops.py
[2025-07-19T15:45:18.223+0000] {processor.py:840} INFO - DAG(s) 'mlops_pipeline_complete' retrieved from /opt/airflow/dags/conplete_mlops.py
[2025-07-19T15:45:18.292+0000] {logging_mixin.py:188} INFO - [2025-07-19T15:45:18.292+0000] {dag.py:3036} INFO - Sync 1 DAGs
[2025-07-19T15:45:18.319+0000] {logging_mixin.py:188} INFO - [2025-07-19T15:45:18.318+0000] {dag.py:3823} INFO - Setting next_dagrun for mlops_pipeline_complete to None, run_after=None
[2025-07-19T15:45:18.395+0000] {processor.py:183} INFO - Processing /opt/airflow/dags/conplete_mlops.py took 0.212 seconds
[2025-07-19T15:45:48.780+0000] {processor.py:161} INFO - Started process (PID=13134) to work on /opt/airflow/dags/conplete_mlops.py
[2025-07-19T15:45:48.782+0000] {processor.py:830} INFO - Processing file /opt/airflow/dags/conplete_mlops.py for tasks to queue
[2025-07-19T15:45:48.784+0000] {logging_mixin.py:188} INFO - [2025-07-19T15:45:48.783+0000] {dagbag.py:538} INFO - Filling up the DagBag from /opt/airflow/dags/conplete_mlops.py
[2025-07-19T15:45:48.825+0000] {processor.py:840} INFO - DAG(s) 'mlops_pipeline_complete' retrieved from /opt/airflow/dags/conplete_mlops.py
[2025-07-19T15:45:48.899+0000] {logging_mixin.py:188} INFO - [2025-07-19T15:45:48.898+0000] {dag.py:3036} INFO - Sync 1 DAGs
[2025-07-19T15:45:48.931+0000] {logging_mixin.py:188} INFO - [2025-07-19T15:45:48.929+0000] {dag.py:3823} INFO - Setting next_dagrun for mlops_pipeline_complete to None, run_after=None
[2025-07-19T15:45:49.022+0000] {processor.py:183} INFO - Processing /opt/airflow/dags/conplete_mlops.py took 0.248 seconds
