[2025-07-19T04:48:57.457+0000] {processor.py:153} INFO - Started process (PID=1118) to work on /opt/airflow/dags/eda_airflow.py
[2025-07-19T04:48:57.600+0000] {processor.py:743} INFO - Processing file /opt/airflow/dags/eda_airflow.py for tasks to queue
[2025-07-19T04:48:57.613+0000] {logging_mixin.py:137} INFO - [2025-07-19T04:48:57.613+0000] {dagbag.py:532} INFO - Filling up the DagBag from /opt/airflow/dags/eda_airflow.py
[2025-07-19T04:49:01.263+0000] {processor.py:753} INFO - DAG(s) dict_keys(['run_eda_script_fixed']) retrieved from /opt/airflow/dags/eda_airflow.py
[2025-07-19T04:49:20.800+0000] {logging_mixin.py:137} INFO - [2025-07-19T04:49:20.800+0000] {dag.py:2705} INFO - Sync 1 DAGs
[2025-07-19T04:49:30.533+0000] {logging_mixin.py:137} INFO - [2025-07-19T04:49:30.532+0000] {dag.py:3452} INFO - Setting next_dagrun for run_eda_script_fixed to None, run_after=None
[2025-07-19T04:49:33.216+0000] {processor.py:175} INFO - Processing /opt/airflow/dags/eda_airflow.py took 37.193 seconds
[2025-07-19T04:50:07.463+0000] {processor.py:153} INFO - Started process (PID=1124) to work on /opt/airflow/dags/eda_airflow.py
[2025-07-19T04:50:07.464+0000] {processor.py:743} INFO - Processing file /opt/airflow/dags/eda_airflow.py for tasks to queue
[2025-07-19T04:50:07.465+0000] {logging_mixin.py:137} INFO - [2025-07-19T04:50:07.465+0000] {dagbag.py:532} INFO - Filling up the DagBag from /opt/airflow/dags/eda_airflow.py
[2025-07-19T04:50:07.676+0000] {processor.py:753} INFO - DAG(s) dict_keys(['run_eda_script_fixed']) retrieved from /opt/airflow/dags/eda_airflow.py
[2025-07-19T04:50:09.379+0000] {logging_mixin.py:137} INFO - [2025-07-19T04:50:09.379+0000] {dag.py:2705} INFO - Sync 1 DAGs
[2025-07-19T04:50:10.100+0000] {logging_mixin.py:137} INFO - [2025-07-19T04:50:10.100+0000] {dag.py:3452} INFO - Setting next_dagrun for run_eda_script_fixed to None, run_after=None
[2025-07-19T04:50:10.157+0000] {processor.py:175} INFO - Processing /opt/airflow/dags/eda_airflow.py took 2.698 seconds
[2025-07-19T04:50:41.806+0000] {processor.py:153} INFO - Started process (PID=1129) to work on /opt/airflow/dags/eda_airflow.py
[2025-07-19T04:50:41.812+0000] {processor.py:743} INFO - Processing file /opt/airflow/dags/eda_airflow.py for tasks to queue
[2025-07-19T04:50:41.869+0000] {logging_mixin.py:137} INFO - [2025-07-19T04:50:41.868+0000] {dagbag.py:532} INFO - Filling up the DagBag from /opt/airflow/dags/eda_airflow.py
[2025-07-19T04:50:42.199+0000] {processor.py:753} INFO - DAG(s) dict_keys(['run_eda_script_fixed']) retrieved from /opt/airflow/dags/eda_airflow.py
[2025-07-19T04:50:42.549+0000] {logging_mixin.py:137} INFO - [2025-07-19T04:50:42.548+0000] {dag.py:2705} INFO - Sync 1 DAGs
[2025-07-19T04:50:45.418+0000] {logging_mixin.py:137} INFO - [2025-07-19T04:50:45.417+0000] {dag.py:3452} INFO - Setting next_dagrun for run_eda_script_fixed to None, run_after=None
[2025-07-19T04:51:08.051+0000] {processor.py:175} INFO - Processing /opt/airflow/dags/eda_airflow.py took 26.473 seconds
[2025-07-19T04:51:42.257+0000] {processor.py:153} INFO - Started process (PID=1134) to work on /opt/airflow/dags/eda_airflow.py
[2025-07-19T04:51:42.262+0000] {processor.py:743} INFO - Processing file /opt/airflow/dags/eda_airflow.py for tasks to queue
[2025-07-19T04:51:42.265+0000] {logging_mixin.py:137} INFO - [2025-07-19T04:51:42.265+0000] {dagbag.py:532} INFO - Filling up the DagBag from /opt/airflow/dags/eda_airflow.py
[2025-07-19T04:51:42.339+0000] {processor.py:753} INFO - DAG(s) dict_keys(['run_eda_script_fixed']) retrieved from /opt/airflow/dags/eda_airflow.py
[2025-07-19T04:51:42.394+0000] {logging_mixin.py:137} INFO - [2025-07-19T04:51:42.394+0000] {dag.py:2705} INFO - Sync 1 DAGs
[2025-07-19T04:51:42.420+0000] {logging_mixin.py:137} INFO - [2025-07-19T04:51:42.420+0000] {dag.py:3452} INFO - Setting next_dagrun for run_eda_script_fixed to None, run_after=None
[2025-07-19T04:51:42.444+0000] {processor.py:175} INFO - Processing /opt/airflow/dags/eda_airflow.py took 0.214 seconds
[2025-07-19T04:52:13.196+0000] {processor.py:153} INFO - Started process (PID=1139) to work on /opt/airflow/dags/eda_airflow.py
[2025-07-19T04:52:13.197+0000] {processor.py:743} INFO - Processing file /opt/airflow/dags/eda_airflow.py for tasks to queue
[2025-07-19T04:52:13.198+0000] {logging_mixin.py:137} INFO - [2025-07-19T04:52:13.198+0000] {dagbag.py:532} INFO - Filling up the DagBag from /opt/airflow/dags/eda_airflow.py
[2025-07-19T04:52:13.286+0000] {processor.py:753} INFO - DAG(s) dict_keys(['run_eda_script_fixed']) retrieved from /opt/airflow/dags/eda_airflow.py
[2025-07-19T04:52:13.314+0000] {logging_mixin.py:137} INFO - [2025-07-19T04:52:13.313+0000] {dag.py:2705} INFO - Sync 1 DAGs
[2025-07-19T04:52:13.336+0000] {logging_mixin.py:137} INFO - [2025-07-19T04:52:13.336+0000] {dag.py:3452} INFO - Setting next_dagrun for run_eda_script_fixed to None, run_after=None
[2025-07-19T04:52:13.368+0000] {processor.py:175} INFO - Processing /opt/airflow/dags/eda_airflow.py took 0.178 seconds
[2025-07-19T04:52:44.571+0000] {processor.py:153} INFO - Started process (PID=1144) to work on /opt/airflow/dags/eda_airflow.py
[2025-07-19T04:52:44.576+0000] {processor.py:743} INFO - Processing file /opt/airflow/dags/eda_airflow.py for tasks to queue
[2025-07-19T04:52:44.579+0000] {logging_mixin.py:137} INFO - [2025-07-19T04:52:44.579+0000] {dagbag.py:532} INFO - Filling up the DagBag from /opt/airflow/dags/eda_airflow.py
[2025-07-19T04:52:44.765+0000] {processor.py:753} INFO - DAG(s) dict_keys(['run_eda_script_fixed']) retrieved from /opt/airflow/dags/eda_airflow.py
[2025-07-19T04:52:44.790+0000] {logging_mixin.py:137} INFO - [2025-07-19T04:52:44.790+0000] {dag.py:2705} INFO - Sync 1 DAGs
[2025-07-19T04:52:44.818+0000] {logging_mixin.py:137} INFO - [2025-07-19T04:52:44.818+0000] {dag.py:3452} INFO - Setting next_dagrun for run_eda_script_fixed to None, run_after=None
[2025-07-19T04:52:44.870+0000] {processor.py:175} INFO - Processing /opt/airflow/dags/eda_airflow.py took 0.315 seconds
[2025-07-19T04:53:15.741+0000] {processor.py:153} INFO - Started process (PID=1149) to work on /opt/airflow/dags/eda_airflow.py
[2025-07-19T04:53:15.863+0000] {processor.py:743} INFO - Processing file /opt/airflow/dags/eda_airflow.py for tasks to queue
[2025-07-19T04:53:15.994+0000] {logging_mixin.py:137} INFO - [2025-07-19T04:53:15.994+0000] {dagbag.py:532} INFO - Filling up the DagBag from /opt/airflow/dags/eda_airflow.py
[2025-07-19T04:53:16.271+0000] {processor.py:753} INFO - DAG(s) dict_keys(['run_eda_script_fixed']) retrieved from /opt/airflow/dags/eda_airflow.py
[2025-07-19T04:53:16.657+0000] {logging_mixin.py:137} INFO - [2025-07-19T04:53:16.656+0000] {dag.py:2705} INFO - Sync 1 DAGs
[2025-07-19T04:53:16.682+0000] {logging_mixin.py:137} INFO - [2025-07-19T04:53:16.681+0000] {dag.py:3452} INFO - Setting next_dagrun for run_eda_script_fixed to None, run_after=None
[2025-07-19T04:53:16.743+0000] {processor.py:175} INFO - Processing /opt/airflow/dags/eda_airflow.py took 1.005 seconds
[2025-07-19T04:53:47.562+0000] {processor.py:153} INFO - Started process (PID=1154) to work on /opt/airflow/dags/eda_airflow.py
[2025-07-19T04:53:47.563+0000] {processor.py:743} INFO - Processing file /opt/airflow/dags/eda_airflow.py for tasks to queue
[2025-07-19T04:53:47.577+0000] {logging_mixin.py:137} INFO - [2025-07-19T04:53:47.577+0000] {dagbag.py:532} INFO - Filling up the DagBag from /opt/airflow/dags/eda_airflow.py
[2025-07-19T04:53:47.736+0000] {processor.py:753} INFO - DAG(s) dict_keys(['run_eda_script_fixed']) retrieved from /opt/airflow/dags/eda_airflow.py
[2025-07-19T04:53:47.760+0000] {logging_mixin.py:137} INFO - [2025-07-19T04:53:47.760+0000] {dag.py:2705} INFO - Sync 1 DAGs
[2025-07-19T04:53:47.782+0000] {logging_mixin.py:137} INFO - [2025-07-19T04:53:47.782+0000] {dag.py:3452} INFO - Setting next_dagrun for run_eda_script_fixed to None, run_after=None
[2025-07-19T04:53:47.882+0000] {processor.py:175} INFO - Processing /opt/airflow/dags/eda_airflow.py took 0.325 seconds
[2025-07-19T04:54:18.215+0000] {processor.py:153} INFO - Started process (PID=1164) to work on /opt/airflow/dags/eda_airflow.py
[2025-07-19T04:54:18.216+0000] {processor.py:743} INFO - Processing file /opt/airflow/dags/eda_airflow.py for tasks to queue
[2025-07-19T04:54:18.217+0000] {logging_mixin.py:137} INFO - [2025-07-19T04:54:18.216+0000] {dagbag.py:532} INFO - Filling up the DagBag from /opt/airflow/dags/eda_airflow.py
[2025-07-19T04:54:18.352+0000] {processor.py:753} INFO - DAG(s) dict_keys(['run_eda_script_fixed']) retrieved from /opt/airflow/dags/eda_airflow.py
[2025-07-19T04:54:18.387+0000] {logging_mixin.py:137} INFO - [2025-07-19T04:54:18.387+0000] {dag.py:2705} INFO - Sync 1 DAGs
[2025-07-19T04:54:18.407+0000] {logging_mixin.py:137} INFO - [2025-07-19T04:54:18.407+0000] {dag.py:3452} INFO - Setting next_dagrun for run_eda_script_fixed to None, run_after=None
[2025-07-19T04:54:18.446+0000] {processor.py:175} INFO - Processing /opt/airflow/dags/eda_airflow.py took 0.237 seconds
[2025-07-19T04:54:49.434+0000] {processor.py:153} INFO - Started process (PID=1174) to work on /opt/airflow/dags/eda_airflow.py
[2025-07-19T04:54:49.435+0000] {processor.py:743} INFO - Processing file /opt/airflow/dags/eda_airflow.py for tasks to queue
[2025-07-19T04:54:49.436+0000] {logging_mixin.py:137} INFO - [2025-07-19T04:54:49.436+0000] {dagbag.py:532} INFO - Filling up the DagBag from /opt/airflow/dags/eda_airflow.py
[2025-07-19T04:54:49.526+0000] {processor.py:753} INFO - DAG(s) dict_keys(['run_eda_script_fixed']) retrieved from /opt/airflow/dags/eda_airflow.py
[2025-07-19T04:54:49.554+0000] {logging_mixin.py:137} INFO - [2025-07-19T04:54:49.554+0000] {dag.py:2705} INFO - Sync 1 DAGs
[2025-07-19T04:54:49.576+0000] {logging_mixin.py:137} INFO - [2025-07-19T04:54:49.576+0000] {dag.py:3452} INFO - Setting next_dagrun for run_eda_script_fixed to None, run_after=None
[2025-07-19T04:54:49.604+0000] {processor.py:175} INFO - Processing /opt/airflow/dags/eda_airflow.py took 0.172 seconds
[2025-07-19T04:55:20.607+0000] {processor.py:153} INFO - Started process (PID=1184) to work on /opt/airflow/dags/eda_airflow.py
[2025-07-19T04:55:20.608+0000] {processor.py:743} INFO - Processing file /opt/airflow/dags/eda_airflow.py for tasks to queue
[2025-07-19T04:55:20.609+0000] {logging_mixin.py:137} INFO - [2025-07-19T04:55:20.609+0000] {dagbag.py:532} INFO - Filling up the DagBag from /opt/airflow/dags/eda_airflow.py
[2025-07-19T04:55:20.645+0000] {processor.py:753} INFO - DAG(s) dict_keys(['run_eda_script_fixed']) retrieved from /opt/airflow/dags/eda_airflow.py
[2025-07-19T04:55:20.681+0000] {logging_mixin.py:137} INFO - [2025-07-19T04:55:20.681+0000] {dag.py:2705} INFO - Sync 1 DAGs
[2025-07-19T04:55:20.699+0000] {logging_mixin.py:137} INFO - [2025-07-19T04:55:20.699+0000] {dag.py:3452} INFO - Setting next_dagrun for run_eda_script_fixed to None, run_after=None
[2025-07-19T04:55:20.719+0000] {processor.py:175} INFO - Processing /opt/airflow/dags/eda_airflow.py took 0.115 seconds
[2025-07-19T04:56:00.200+0000] {processor.py:153} INFO - Started process (PID=1195) to work on /opt/airflow/dags/eda_airflow.py
[2025-07-19T04:56:00.201+0000] {processor.py:743} INFO - Processing file /opt/airflow/dags/eda_airflow.py for tasks to queue
[2025-07-19T04:56:00.201+0000] {logging_mixin.py:137} INFO - [2025-07-19T04:56:00.201+0000] {dagbag.py:532} INFO - Filling up the DagBag from /opt/airflow/dags/eda_airflow.py
[2025-07-19T04:56:01.870+0000] {processor.py:753} INFO - DAG(s) dict_keys(['run_eda_script_fixed']) retrieved from /opt/airflow/dags/eda_airflow.py
[2025-07-19T04:56:09.868+0000] {logging_mixin.py:137} INFO - [2025-07-19T04:56:09.868+0000] {dag.py:2705} INFO - Sync 1 DAGs
[2025-07-19T04:56:12.694+0000] {logging_mixin.py:137} INFO - [2025-07-19T04:56:12.694+0000] {dag.py:3452} INFO - Setting next_dagrun for run_eda_script_fixed to None, run_after=None
[2025-07-19T04:56:17.075+0000] {processor.py:175} INFO - Processing /opt/airflow/dags/eda_airflow.py took 16.878 seconds
[2025-07-19T04:56:48.285+0000] {processor.py:153} INFO - Started process (PID=1206) to work on /opt/airflow/dags/eda_airflow.py
[2025-07-19T04:56:48.287+0000] {processor.py:743} INFO - Processing file /opt/airflow/dags/eda_airflow.py for tasks to queue
[2025-07-19T04:56:48.288+0000] {logging_mixin.py:137} INFO - [2025-07-19T04:56:48.287+0000] {dagbag.py:532} INFO - Filling up the DagBag from /opt/airflow/dags/eda_airflow.py
[2025-07-19T04:56:48.792+0000] {processor.py:753} INFO - DAG(s) dict_keys(['run_eda_script_fixed']) retrieved from /opt/airflow/dags/eda_airflow.py
[2025-07-19T04:56:48.893+0000] {logging_mixin.py:137} INFO - [2025-07-19T04:56:48.892+0000] {dag.py:2705} INFO - Sync 1 DAGs
[2025-07-19T04:56:48.996+0000] {logging_mixin.py:137} INFO - [2025-07-19T04:56:48.996+0000] {dag.py:3452} INFO - Setting next_dagrun for run_eda_script_fixed to None, run_after=None
[2025-07-19T04:56:49.107+0000] {processor.py:175} INFO - Processing /opt/airflow/dags/eda_airflow.py took 0.830 seconds
[2025-07-19T04:57:19.259+0000] {processor.py:153} INFO - Started process (PID=1216) to work on /opt/airflow/dags/eda_airflow.py
[2025-07-19T04:57:19.260+0000] {processor.py:743} INFO - Processing file /opt/airflow/dags/eda_airflow.py for tasks to queue
[2025-07-19T04:57:19.299+0000] {logging_mixin.py:137} INFO - [2025-07-19T04:57:19.299+0000] {dagbag.py:532} INFO - Filling up the DagBag from /opt/airflow/dags/eda_airflow.py
[2025-07-19T04:57:19.419+0000] {processor.py:753} INFO - DAG(s) dict_keys(['run_eda_script_fixed']) retrieved from /opt/airflow/dags/eda_airflow.py
[2025-07-19T04:57:19.467+0000] {logging_mixin.py:137} INFO - [2025-07-19T04:57:19.467+0000] {dag.py:2705} INFO - Sync 1 DAGs
[2025-07-19T04:57:19.491+0000] {logging_mixin.py:137} INFO - [2025-07-19T04:57:19.491+0000] {dag.py:3452} INFO - Setting next_dagrun for run_eda_script_fixed to None, run_after=None
[2025-07-19T04:57:19.510+0000] {processor.py:175} INFO - Processing /opt/airflow/dags/eda_airflow.py took 0.255 seconds
[2025-07-19T04:57:50.172+0000] {processor.py:153} INFO - Started process (PID=1226) to work on /opt/airflow/dags/eda_airflow.py
[2025-07-19T04:57:50.178+0000] {processor.py:743} INFO - Processing file /opt/airflow/dags/eda_airflow.py for tasks to queue
[2025-07-19T04:57:50.183+0000] {logging_mixin.py:137} INFO - [2025-07-19T04:57:50.182+0000] {dagbag.py:532} INFO - Filling up the DagBag from /opt/airflow/dags/eda_airflow.py
[2025-07-19T04:57:50.254+0000] {processor.py:753} INFO - DAG(s) dict_keys(['run_eda_script_fixed']) retrieved from /opt/airflow/dags/eda_airflow.py
[2025-07-19T04:57:50.274+0000] {logging_mixin.py:137} INFO - [2025-07-19T04:57:50.274+0000] {dag.py:2705} INFO - Sync 1 DAGs
[2025-07-19T04:57:50.367+0000] {logging_mixin.py:137} INFO - [2025-07-19T04:57:50.366+0000] {dag.py:3452} INFO - Setting next_dagrun for run_eda_script_fixed to None, run_after=None
[2025-07-19T04:57:50.445+0000] {processor.py:175} INFO - Processing /opt/airflow/dags/eda_airflow.py took 0.290 seconds
[2025-07-19T04:58:21.358+0000] {processor.py:153} INFO - Started process (PID=1241) to work on /opt/airflow/dags/eda_airflow.py
[2025-07-19T04:58:21.359+0000] {processor.py:743} INFO - Processing file /opt/airflow/dags/eda_airflow.py for tasks to queue
[2025-07-19T04:58:21.360+0000] {logging_mixin.py:137} INFO - [2025-07-19T04:58:21.360+0000] {dagbag.py:532} INFO - Filling up the DagBag from /opt/airflow/dags/eda_airflow.py
[2025-07-19T04:58:21.577+0000] {processor.py:753} INFO - DAG(s) dict_keys(['run_eda_script_fixed']) retrieved from /opt/airflow/dags/eda_airflow.py
[2025-07-19T04:58:21.646+0000] {logging_mixin.py:137} INFO - [2025-07-19T04:58:21.645+0000] {dag.py:2705} INFO - Sync 1 DAGs
[2025-07-19T04:58:21.831+0000] {logging_mixin.py:137} INFO - [2025-07-19T04:58:21.830+0000] {dag.py:3452} INFO - Setting next_dagrun for run_eda_script_fixed to None, run_after=None
[2025-07-19T04:58:22.423+0000] {processor.py:175} INFO - Processing /opt/airflow/dags/eda_airflow.py took 1.067 seconds
[2025-07-19T04:58:56.618+0000] {processor.py:153} INFO - Started process (PID=1256) to work on /opt/airflow/dags/eda_airflow.py
[2025-07-19T04:58:57.561+0000] {processor.py:743} INFO - Processing file /opt/airflow/dags/eda_airflow.py for tasks to queue
[2025-07-19T04:58:58.132+0000] {logging_mixin.py:137} INFO - [2025-07-19T04:58:58.131+0000] {dagbag.py:532} INFO - Filling up the DagBag from /opt/airflow/dags/eda_airflow.py
[2025-07-19T04:59:02.829+0000] {processor.py:753} INFO - DAG(s) dict_keys(['run_eda_script_fixed']) retrieved from /opt/airflow/dags/eda_airflow.py
[2025-07-19T04:59:03.664+0000] {logging_mixin.py:137} INFO - [2025-07-19T04:59:03.663+0000] {dag.py:2705} INFO - Sync 1 DAGs
[2025-07-19T04:59:03.685+0000] {logging_mixin.py:137} INFO - [2025-07-19T04:59:03.684+0000] {dag.py:3452} INFO - Setting next_dagrun for run_eda_script_fixed to None, run_after=None
[2025-07-19T04:59:03.706+0000] {processor.py:175} INFO - Processing /opt/airflow/dags/eda_airflow.py took 8.956 seconds
[2025-07-19T04:59:33.984+0000] {processor.py:153} INFO - Started process (PID=1279) to work on /opt/airflow/dags/eda_airflow.py
[2025-07-19T04:59:33.985+0000] {processor.py:743} INFO - Processing file /opt/airflow/dags/eda_airflow.py for tasks to queue
[2025-07-19T04:59:33.986+0000] {logging_mixin.py:137} INFO - [2025-07-19T04:59:33.986+0000] {dagbag.py:532} INFO - Filling up the DagBag from /opt/airflow/dags/eda_airflow.py
[2025-07-19T04:59:34.124+0000] {processor.py:753} INFO - DAG(s) dict_keys(['run_eda_script_fixed']) retrieved from /opt/airflow/dags/eda_airflow.py
[2025-07-19T04:59:34.252+0000] {logging_mixin.py:137} INFO - [2025-07-19T04:59:34.252+0000] {dag.py:2705} INFO - Sync 1 DAGs
[2025-07-19T04:59:34.271+0000] {logging_mixin.py:137} INFO - [2025-07-19T04:59:34.271+0000] {dag.py:3452} INFO - Setting next_dagrun for run_eda_script_fixed to None, run_after=None
[2025-07-19T04:59:34.303+0000] {processor.py:175} INFO - Processing /opt/airflow/dags/eda_airflow.py took 0.323 seconds
[2025-07-19T05:00:04.597+0000] {processor.py:153} INFO - Started process (PID=1294) to work on /opt/airflow/dags/eda_airflow.py
[2025-07-19T05:00:04.598+0000] {processor.py:743} INFO - Processing file /opt/airflow/dags/eda_airflow.py for tasks to queue
[2025-07-19T05:00:04.598+0000] {logging_mixin.py:137} INFO - [2025-07-19T05:00:04.598+0000] {dagbag.py:532} INFO - Filling up the DagBag from /opt/airflow/dags/eda_airflow.py
[2025-07-19T05:00:04.669+0000] {processor.py:753} INFO - DAG(s) dict_keys(['run_eda_script_fixed']) retrieved from /opt/airflow/dags/eda_airflow.py
[2025-07-19T05:00:04.706+0000] {logging_mixin.py:137} INFO - [2025-07-19T05:00:04.706+0000] {dag.py:2705} INFO - Sync 1 DAGs
[2025-07-19T05:00:04.725+0000] {logging_mixin.py:137} INFO - [2025-07-19T05:00:04.725+0000] {dag.py:3452} INFO - Setting next_dagrun for run_eda_script_fixed to None, run_after=None
[2025-07-19T05:00:04.746+0000] {processor.py:175} INFO - Processing /opt/airflow/dags/eda_airflow.py took 0.156 seconds
[2025-07-19T05:00:35.946+0000] {processor.py:153} INFO - Started process (PID=1316) to work on /opt/airflow/dags/eda_airflow.py
[2025-07-19T05:00:35.946+0000] {processor.py:743} INFO - Processing file /opt/airflow/dags/eda_airflow.py for tasks to queue
[2025-07-19T05:00:35.947+0000] {logging_mixin.py:137} INFO - [2025-07-19T05:00:35.947+0000] {dagbag.py:532} INFO - Filling up the DagBag from /opt/airflow/dags/eda_airflow.py
[2025-07-19T05:00:35.980+0000] {processor.py:753} INFO - DAG(s) dict_keys(['run_eda_script_fixed']) retrieved from /opt/airflow/dags/eda_airflow.py
[2025-07-19T05:00:36.017+0000] {logging_mixin.py:137} INFO - [2025-07-19T05:00:36.017+0000] {dag.py:2705} INFO - Sync 1 DAGs
[2025-07-19T05:00:36.038+0000] {logging_mixin.py:137} INFO - [2025-07-19T05:00:36.038+0000] {dag.py:3452} INFO - Setting next_dagrun for run_eda_script_fixed to None, run_after=None
[2025-07-19T05:00:36.058+0000] {processor.py:175} INFO - Processing /opt/airflow/dags/eda_airflow.py took 0.117 seconds
[2025-07-19T05:01:06.645+0000] {processor.py:153} INFO - Started process (PID=1329) to work on /opt/airflow/dags/eda_airflow.py
[2025-07-19T05:01:06.646+0000] {processor.py:743} INFO - Processing file /opt/airflow/dags/eda_airflow.py for tasks to queue
[2025-07-19T05:01:06.647+0000] {logging_mixin.py:137} INFO - [2025-07-19T05:01:06.646+0000] {dagbag.py:532} INFO - Filling up the DagBag from /opt/airflow/dags/eda_airflow.py
[2025-07-19T05:01:06.659+0000] {processor.py:753} INFO - DAG(s) dict_keys(['run_eda_script_fixed']) retrieved from /opt/airflow/dags/eda_airflow.py
[2025-07-19T05:01:06.677+0000] {logging_mixin.py:137} INFO - [2025-07-19T05:01:06.677+0000] {dag.py:2705} INFO - Sync 1 DAGs
[2025-07-19T05:01:06.694+0000] {logging_mixin.py:137} INFO - [2025-07-19T05:01:06.694+0000] {dag.py:3452} INFO - Setting next_dagrun for run_eda_script_fixed to None, run_after=None
[2025-07-19T05:01:06.711+0000] {processor.py:175} INFO - Processing /opt/airflow/dags/eda_airflow.py took 0.070 seconds
[2025-07-19T05:01:37.603+0000] {processor.py:153} INFO - Started process (PID=1356) to work on /opt/airflow/dags/eda_airflow.py
[2025-07-19T05:01:37.604+0000] {processor.py:743} INFO - Processing file /opt/airflow/dags/eda_airflow.py for tasks to queue
[2025-07-19T05:01:37.605+0000] {logging_mixin.py:137} INFO - [2025-07-19T05:01:37.604+0000] {dagbag.py:532} INFO - Filling up the DagBag from /opt/airflow/dags/eda_airflow.py
[2025-07-19T05:01:37.617+0000] {processor.py:753} INFO - DAG(s) dict_keys(['run_eda_script_fixed']) retrieved from /opt/airflow/dags/eda_airflow.py
[2025-07-19T05:01:37.639+0000] {logging_mixin.py:137} INFO - [2025-07-19T05:01:37.639+0000] {dag.py:2705} INFO - Sync 1 DAGs
[2025-07-19T05:01:37.659+0000] {logging_mixin.py:137} INFO - [2025-07-19T05:01:37.659+0000] {dag.py:3452} INFO - Setting next_dagrun for run_eda_script_fixed to None, run_after=None
[2025-07-19T05:01:37.687+0000] {processor.py:175} INFO - Processing /opt/airflow/dags/eda_airflow.py took 0.089 seconds
[2025-07-19T05:02:08.329+0000] {processor.py:153} INFO - Started process (PID=1371) to work on /opt/airflow/dags/eda_airflow.py
[2025-07-19T05:02:08.330+0000] {processor.py:743} INFO - Processing file /opt/airflow/dags/eda_airflow.py for tasks to queue
[2025-07-19T05:02:08.330+0000] {logging_mixin.py:137} INFO - [2025-07-19T05:02:08.330+0000] {dagbag.py:532} INFO - Filling up the DagBag from /opt/airflow/dags/eda_airflow.py
[2025-07-19T05:02:08.357+0000] {processor.py:753} INFO - DAG(s) dict_keys(['run_eda_script_fixed']) retrieved from /opt/airflow/dags/eda_airflow.py
[2025-07-19T05:02:08.377+0000] {logging_mixin.py:137} INFO - [2025-07-19T05:02:08.377+0000] {dag.py:2705} INFO - Sync 1 DAGs
[2025-07-19T05:02:08.396+0000] {logging_mixin.py:137} INFO - [2025-07-19T05:02:08.396+0000] {dag.py:3452} INFO - Setting next_dagrun for run_eda_script_fixed to None, run_after=None
[2025-07-19T05:02:08.464+0000] {processor.py:175} INFO - Processing /opt/airflow/dags/eda_airflow.py took 0.139 seconds
[2025-07-19T05:02:38.902+0000] {processor.py:153} INFO - Started process (PID=1384) to work on /opt/airflow/dags/eda_airflow.py
[2025-07-19T05:02:38.903+0000] {processor.py:743} INFO - Processing file /opt/airflow/dags/eda_airflow.py for tasks to queue
[2025-07-19T05:02:38.904+0000] {logging_mixin.py:137} INFO - [2025-07-19T05:02:38.904+0000] {dagbag.py:532} INFO - Filling up the DagBag from /opt/airflow/dags/eda_airflow.py
[2025-07-19T05:02:38.930+0000] {processor.py:753} INFO - DAG(s) dict_keys(['run_eda_script_fixed']) retrieved from /opt/airflow/dags/eda_airflow.py
[2025-07-19T05:02:38.948+0000] {logging_mixin.py:137} INFO - [2025-07-19T05:02:38.948+0000] {dag.py:2705} INFO - Sync 1 DAGs
[2025-07-19T05:02:38.966+0000] {logging_mixin.py:137} INFO - [2025-07-19T05:02:38.965+0000] {dag.py:3452} INFO - Setting next_dagrun for run_eda_script_fixed to None, run_after=None
[2025-07-19T05:02:38.986+0000] {processor.py:175} INFO - Processing /opt/airflow/dags/eda_airflow.py took 0.087 seconds
[2025-07-19T05:03:09.522+0000] {processor.py:153} INFO - Started process (PID=1399) to work on /opt/airflow/dags/eda_airflow.py
[2025-07-19T05:03:09.523+0000] {processor.py:743} INFO - Processing file /opt/airflow/dags/eda_airflow.py for tasks to queue
[2025-07-19T05:03:09.523+0000] {logging_mixin.py:137} INFO - [2025-07-19T05:03:09.523+0000] {dagbag.py:532} INFO - Filling up the DagBag from /opt/airflow/dags/eda_airflow.py
[2025-07-19T05:03:09.564+0000] {processor.py:753} INFO - DAG(s) dict_keys(['run_eda_script_fixed']) retrieved from /opt/airflow/dags/eda_airflow.py
[2025-07-19T05:03:09.582+0000] {logging_mixin.py:137} INFO - [2025-07-19T05:03:09.582+0000] {dag.py:2705} INFO - Sync 1 DAGs
[2025-07-19T05:03:09.599+0000] {logging_mixin.py:137} INFO - [2025-07-19T05:03:09.598+0000] {dag.py:3452} INFO - Setting next_dagrun for run_eda_script_fixed to None, run_after=None
[2025-07-19T05:03:09.635+0000] {processor.py:175} INFO - Processing /opt/airflow/dags/eda_airflow.py took 0.116 seconds
[2025-07-19T05:03:40.220+0000] {processor.py:153} INFO - Started process (PID=1416) to work on /opt/airflow/dags/eda_airflow.py
[2025-07-19T05:03:40.221+0000] {processor.py:743} INFO - Processing file /opt/airflow/dags/eda_airflow.py for tasks to queue
[2025-07-19T05:03:40.222+0000] {logging_mixin.py:137} INFO - [2025-07-19T05:03:40.222+0000] {dagbag.py:532} INFO - Filling up the DagBag from /opt/airflow/dags/eda_airflow.py
[2025-07-19T05:03:40.241+0000] {processor.py:753} INFO - DAG(s) dict_keys(['run_eda_script_fixed']) retrieved from /opt/airflow/dags/eda_airflow.py
[2025-07-19T05:03:40.259+0000] {logging_mixin.py:137} INFO - [2025-07-19T05:03:40.259+0000] {dag.py:2705} INFO - Sync 1 DAGs
[2025-07-19T05:03:40.275+0000] {logging_mixin.py:137} INFO - [2025-07-19T05:03:40.275+0000] {dag.py:3452} INFO - Setting next_dagrun for run_eda_script_fixed to None, run_after=None
[2025-07-19T05:03:40.295+0000] {processor.py:175} INFO - Processing /opt/airflow/dags/eda_airflow.py took 0.078 seconds
[2025-07-19T05:04:11.173+0000] {processor.py:153} INFO - Started process (PID=1431) to work on /opt/airflow/dags/eda_airflow.py
[2025-07-19T05:04:11.173+0000] {processor.py:743} INFO - Processing file /opt/airflow/dags/eda_airflow.py for tasks to queue
[2025-07-19T05:04:11.174+0000] {logging_mixin.py:137} INFO - [2025-07-19T05:04:11.174+0000] {dagbag.py:532} INFO - Filling up the DagBag from /opt/airflow/dags/eda_airflow.py
[2025-07-19T05:04:11.186+0000] {processor.py:753} INFO - DAG(s) dict_keys(['run_eda_script_fixed']) retrieved from /opt/airflow/dags/eda_airflow.py
[2025-07-19T05:04:11.204+0000] {logging_mixin.py:137} INFO - [2025-07-19T05:04:11.204+0000] {dag.py:2705} INFO - Sync 1 DAGs
[2025-07-19T05:04:11.221+0000] {logging_mixin.py:137} INFO - [2025-07-19T05:04:11.221+0000] {dag.py:3452} INFO - Setting next_dagrun for run_eda_script_fixed to None, run_after=None
[2025-07-19T05:04:11.239+0000] {processor.py:175} INFO - Processing /opt/airflow/dags/eda_airflow.py took 0.069 seconds
[2025-07-19T05:04:41.855+0000] {processor.py:153} INFO - Started process (PID=1446) to work on /opt/airflow/dags/eda_airflow.py
[2025-07-19T05:04:41.856+0000] {processor.py:743} INFO - Processing file /opt/airflow/dags/eda_airflow.py for tasks to queue
[2025-07-19T05:04:41.857+0000] {logging_mixin.py:137} INFO - [2025-07-19T05:04:41.857+0000] {dagbag.py:532} INFO - Filling up the DagBag from /opt/airflow/dags/eda_airflow.py
[2025-07-19T05:04:41.887+0000] {processor.py:753} INFO - DAG(s) dict_keys(['run_eda_script_fixed']) retrieved from /opt/airflow/dags/eda_airflow.py
[2025-07-19T05:04:41.912+0000] {logging_mixin.py:137} INFO - [2025-07-19T05:04:41.912+0000] {dag.py:2705} INFO - Sync 1 DAGs
[2025-07-19T05:04:41.935+0000] {logging_mixin.py:137} INFO - [2025-07-19T05:04:41.935+0000] {dag.py:3452} INFO - Setting next_dagrun for run_eda_script_fixed to None, run_after=None
[2025-07-19T05:04:41.957+0000] {processor.py:175} INFO - Processing /opt/airflow/dags/eda_airflow.py took 0.107 seconds
[2025-07-19T05:05:12.500+0000] {processor.py:153} INFO - Started process (PID=1459) to work on /opt/airflow/dags/eda_airflow.py
[2025-07-19T05:05:12.516+0000] {processor.py:743} INFO - Processing file /opt/airflow/dags/eda_airflow.py for tasks to queue
[2025-07-19T05:05:12.517+0000] {logging_mixin.py:137} INFO - [2025-07-19T05:05:12.516+0000] {dagbag.py:532} INFO - Filling up the DagBag from /opt/airflow/dags/eda_airflow.py
[2025-07-19T05:05:12.545+0000] {processor.py:753} INFO - DAG(s) dict_keys(['run_eda_script_fixed']) retrieved from /opt/airflow/dags/eda_airflow.py
[2025-07-19T05:05:12.564+0000] {logging_mixin.py:137} INFO - [2025-07-19T05:05:12.564+0000] {dag.py:2705} INFO - Sync 1 DAGs
[2025-07-19T05:05:12.581+0000] {logging_mixin.py:137} INFO - [2025-07-19T05:05:12.581+0000] {dag.py:3452} INFO - Setting next_dagrun for run_eda_script_fixed to None, run_after=None
[2025-07-19T05:05:12.599+0000] {processor.py:175} INFO - Processing /opt/airflow/dags/eda_airflow.py took 0.103 seconds
[2025-07-19T05:05:43.146+0000] {processor.py:153} INFO - Started process (PID=1476) to work on /opt/airflow/dags/eda_airflow.py
[2025-07-19T05:05:43.147+0000] {processor.py:743} INFO - Processing file /opt/airflow/dags/eda_airflow.py for tasks to queue
[2025-07-19T05:05:43.148+0000] {logging_mixin.py:137} INFO - [2025-07-19T05:05:43.148+0000] {dagbag.py:532} INFO - Filling up the DagBag from /opt/airflow/dags/eda_airflow.py
[2025-07-19T05:05:43.171+0000] {processor.py:753} INFO - DAG(s) dict_keys(['run_eda_script_fixed']) retrieved from /opt/airflow/dags/eda_airflow.py
[2025-07-19T05:05:43.192+0000] {logging_mixin.py:137} INFO - [2025-07-19T05:05:43.192+0000] {dag.py:2705} INFO - Sync 1 DAGs
[2025-07-19T05:05:43.212+0000] {logging_mixin.py:137} INFO - [2025-07-19T05:05:43.212+0000] {dag.py:3452} INFO - Setting next_dagrun for run_eda_script_fixed to None, run_after=None
[2025-07-19T05:05:43.229+0000] {processor.py:175} INFO - Processing /opt/airflow/dags/eda_airflow.py took 0.087 seconds
[2025-07-19T05:06:13.747+0000] {processor.py:153} INFO - Started process (PID=1491) to work on /opt/airflow/dags/eda_airflow.py
[2025-07-19T05:06:13.748+0000] {processor.py:743} INFO - Processing file /opt/airflow/dags/eda_airflow.py for tasks to queue
[2025-07-19T05:06:13.748+0000] {logging_mixin.py:137} INFO - [2025-07-19T05:06:13.748+0000] {dagbag.py:532} INFO - Filling up the DagBag from /opt/airflow/dags/eda_airflow.py
[2025-07-19T05:06:13.761+0000] {processor.py:753} INFO - DAG(s) dict_keys(['run_eda_script_fixed']) retrieved from /opt/airflow/dags/eda_airflow.py
[2025-07-19T05:06:13.781+0000] {logging_mixin.py:137} INFO - [2025-07-19T05:06:13.780+0000] {dag.py:2705} INFO - Sync 1 DAGs
[2025-07-19T05:06:13.799+0000] {logging_mixin.py:137} INFO - [2025-07-19T05:06:13.799+0000] {dag.py:3452} INFO - Setting next_dagrun for run_eda_script_fixed to None, run_after=None
[2025-07-19T05:06:13.817+0000] {processor.py:175} INFO - Processing /opt/airflow/dags/eda_airflow.py took 0.073 seconds
[2025-07-19T05:06:44.387+0000] {processor.py:153} INFO - Started process (PID=1506) to work on /opt/airflow/dags/eda_airflow.py
[2025-07-19T05:06:44.387+0000] {processor.py:743} INFO - Processing file /opt/airflow/dags/eda_airflow.py for tasks to queue
[2025-07-19T05:06:44.388+0000] {logging_mixin.py:137} INFO - [2025-07-19T05:06:44.388+0000] {dagbag.py:532} INFO - Filling up the DagBag from /opt/airflow/dags/eda_airflow.py
[2025-07-19T05:06:44.407+0000] {processor.py:753} INFO - DAG(s) dict_keys(['run_eda_script_fixed']) retrieved from /opt/airflow/dags/eda_airflow.py
[2025-07-19T05:06:44.438+0000] {logging_mixin.py:137} INFO - [2025-07-19T05:06:44.438+0000] {dag.py:2705} INFO - Sync 1 DAGs
[2025-07-19T05:06:44.455+0000] {logging_mixin.py:137} INFO - [2025-07-19T05:06:44.455+0000] {dag.py:3452} INFO - Setting next_dagrun for run_eda_script_fixed to None, run_after=None
[2025-07-19T05:06:44.474+0000] {processor.py:175} INFO - Processing /opt/airflow/dags/eda_airflow.py took 0.090 seconds
[2025-07-19T05:07:14.964+0000] {processor.py:153} INFO - Started process (PID=1521) to work on /opt/airflow/dags/eda_airflow.py
[2025-07-19T05:07:14.965+0000] {processor.py:743} INFO - Processing file /opt/airflow/dags/eda_airflow.py for tasks to queue
[2025-07-19T05:07:14.966+0000] {logging_mixin.py:137} INFO - [2025-07-19T05:07:14.966+0000] {dagbag.py:532} INFO - Filling up the DagBag from /opt/airflow/dags/eda_airflow.py
[2025-07-19T05:07:14.978+0000] {processor.py:753} INFO - DAG(s) dict_keys(['run_eda_script_fixed']) retrieved from /opt/airflow/dags/eda_airflow.py
[2025-07-19T05:07:14.997+0000] {logging_mixin.py:137} INFO - [2025-07-19T05:07:14.996+0000] {dag.py:2705} INFO - Sync 1 DAGs
[2025-07-19T05:07:15.015+0000] {logging_mixin.py:137} INFO - [2025-07-19T05:07:15.015+0000] {dag.py:3452} INFO - Setting next_dagrun for run_eda_script_fixed to None, run_after=None
[2025-07-19T05:07:15.039+0000] {processor.py:175} INFO - Processing /opt/airflow/dags/eda_airflow.py took 0.079 seconds
[2025-07-19T05:24:20.671+0000] {processor.py:161} INFO - Started process (PID=177) to work on /opt/airflow/dags/eda_airflow.py
[2025-07-19T05:24:20.673+0000] {processor.py:830} INFO - Processing file /opt/airflow/dags/eda_airflow.py for tasks to queue
[2025-07-19T05:24:20.676+0000] {logging_mixin.py:188} INFO - [2025-07-19T05:24:20.675+0000] {dagbag.py:538} INFO - Filling up the DagBag from /opt/airflow/dags/eda_airflow.py
[2025-07-19T05:24:20.713+0000] {processor.py:840} INFO - DAG(s) 'run_eda_script_fixed' retrieved from /opt/airflow/dags/eda_airflow.py
[2025-07-19T05:24:20.732+0000] {logging_mixin.py:188} INFO - [2025-07-19T05:24:20.732+0000] {dag.py:3036} INFO - Sync 1 DAGs
[2025-07-19T05:24:20.754+0000] {logging_mixin.py:188} INFO - [2025-07-19T05:24:20.753+0000] {dag.py:3823} INFO - Setting next_dagrun for run_eda_script_fixed to None, run_after=None
[2025-07-19T05:24:20.787+0000] {processor.py:183} INFO - Processing /opt/airflow/dags/eda_airflow.py took 0.121 seconds
[2025-07-19T05:24:51.853+0000] {processor.py:161} INFO - Started process (PID=192) to work on /opt/airflow/dags/eda_airflow.py
[2025-07-19T05:24:51.855+0000] {processor.py:830} INFO - Processing file /opt/airflow/dags/eda_airflow.py for tasks to queue
[2025-07-19T05:24:51.858+0000] {logging_mixin.py:188} INFO - [2025-07-19T05:24:51.856+0000] {dagbag.py:538} INFO - Filling up the DagBag from /opt/airflow/dags/eda_airflow.py
[2025-07-19T05:24:51.899+0000] {processor.py:840} INFO - DAG(s) 'run_eda_script_fixed' retrieved from /opt/airflow/dags/eda_airflow.py
[2025-07-19T05:24:52.062+0000] {logging_mixin.py:188} INFO - [2025-07-19T05:24:52.061+0000] {dag.py:3036} INFO - Sync 1 DAGs
[2025-07-19T05:24:52.078+0000] {logging_mixin.py:188} INFO - [2025-07-19T05:24:52.077+0000] {dag.py:3823} INFO - Setting next_dagrun for run_eda_script_fixed to None, run_after=None
[2025-07-19T05:24:52.112+0000] {processor.py:183} INFO - Processing /opt/airflow/dags/eda_airflow.py took 0.264 seconds
[2025-07-19T05:25:36.945+0000] {processor.py:161} INFO - Started process (PID=206) to work on /opt/airflow/dags/eda_airflow.py
[2025-07-19T05:25:36.947+0000] {processor.py:830} INFO - Processing file /opt/airflow/dags/eda_airflow.py for tasks to queue
[2025-07-19T05:25:36.949+0000] {logging_mixin.py:188} INFO - [2025-07-19T05:25:36.948+0000] {dagbag.py:538} INFO - Filling up the DagBag from /opt/airflow/dags/eda_airflow.py
[2025-07-19T05:25:36.989+0000] {processor.py:840} INFO - DAG(s) 'run_eda_script_fixed' retrieved from /opt/airflow/dags/eda_airflow.py
[2025-07-19T05:25:37.121+0000] {logging_mixin.py:188} INFO - [2025-07-19T05:25:37.120+0000] {dag.py:3036} INFO - Sync 1 DAGs
[2025-07-19T05:25:37.203+0000] {logging_mixin.py:188} INFO - [2025-07-19T05:25:37.203+0000] {dag.py:3823} INFO - Setting next_dagrun for run_eda_script_fixed to None, run_after=None
[2025-07-19T05:25:37.487+0000] {processor.py:183} INFO - Processing /opt/airflow/dags/eda_airflow.py took 0.548 seconds
[2025-07-19T05:26:09.879+0000] {processor.py:161} INFO - Started process (PID=216) to work on /opt/airflow/dags/eda_airflow.py
[2025-07-19T05:26:10.238+0000] {processor.py:830} INFO - Processing file /opt/airflow/dags/eda_airflow.py for tasks to queue
[2025-07-19T05:26:10.399+0000] {logging_mixin.py:188} INFO - [2025-07-19T05:26:10.265+0000] {dagbag.py:538} INFO - Filling up the DagBag from /opt/airflow/dags/eda_airflow.py
[2025-07-19T05:26:15.917+0000] {processor.py:840} INFO - DAG(s) 'run_eda_script_fixed' retrieved from /opt/airflow/dags/eda_airflow.py
[2025-07-19T05:26:20.205+0000] {logging_mixin.py:188} INFO - [2025-07-19T05:26:20.205+0000] {dag.py:3036} INFO - Sync 1 DAGs
[2025-07-19T05:26:22.805+0000] {logging_mixin.py:188} INFO - [2025-07-19T05:26:22.805+0000] {dag.py:3823} INFO - Setting next_dagrun for run_eda_script_fixed to None, run_after=None
[2025-07-19T05:26:23.291+0000] {processor.py:183} INFO - Processing /opt/airflow/dags/eda_airflow.py took 15.391 seconds
[2025-07-19T05:26:53.419+0000] {processor.py:161} INFO - Started process (PID=230) to work on /opt/airflow/dags/eda_airflow.py
[2025-07-19T05:26:53.421+0000] {processor.py:830} INFO - Processing file /opt/airflow/dags/eda_airflow.py for tasks to queue
[2025-07-19T05:26:53.423+0000] {logging_mixin.py:188} INFO - [2025-07-19T05:26:53.422+0000] {dagbag.py:538} INFO - Filling up the DagBag from /opt/airflow/dags/eda_airflow.py
[2025-07-19T05:26:53.458+0000] {processor.py:840} INFO - DAG(s) 'run_eda_script_fixed' retrieved from /opt/airflow/dags/eda_airflow.py
[2025-07-19T05:26:53.632+0000] {logging_mixin.py:188} INFO - [2025-07-19T05:26:53.632+0000] {dag.py:3036} INFO - Sync 1 DAGs
[2025-07-19T05:26:53.704+0000] {logging_mixin.py:188} INFO - [2025-07-19T05:26:53.703+0000] {dag.py:3823} INFO - Setting next_dagrun for run_eda_script_fixed to None, run_after=None
[2025-07-19T05:26:53.733+0000] {processor.py:183} INFO - Processing /opt/airflow/dags/eda_airflow.py took 0.319 seconds
[2025-07-19T05:27:24.102+0000] {processor.py:161} INFO - Started process (PID=245) to work on /opt/airflow/dags/eda_airflow.py
[2025-07-19T05:27:24.104+0000] {processor.py:830} INFO - Processing file /opt/airflow/dags/eda_airflow.py for tasks to queue
[2025-07-19T05:27:24.106+0000] {logging_mixin.py:188} INFO - [2025-07-19T05:27:24.105+0000] {dagbag.py:538} INFO - Filling up the DagBag from /opt/airflow/dags/eda_airflow.py
[2025-07-19T05:27:24.144+0000] {processor.py:840} INFO - DAG(s) 'run_eda_script_fixed' retrieved from /opt/airflow/dags/eda_airflow.py
[2025-07-19T05:27:24.188+0000] {logging_mixin.py:188} INFO - [2025-07-19T05:27:24.187+0000] {dag.py:3036} INFO - Sync 1 DAGs
[2025-07-19T05:27:24.206+0000] {logging_mixin.py:188} INFO - [2025-07-19T05:27:24.205+0000] {dag.py:3823} INFO - Setting next_dagrun for run_eda_script_fixed to None, run_after=None
[2025-07-19T05:27:24.236+0000] {processor.py:183} INFO - Processing /opt/airflow/dags/eda_airflow.py took 0.139 seconds
[2025-07-19T05:27:54.931+0000] {processor.py:161} INFO - Started process (PID=260) to work on /opt/airflow/dags/eda_airflow.py
[2025-07-19T05:27:54.932+0000] {processor.py:830} INFO - Processing file /opt/airflow/dags/eda_airflow.py for tasks to queue
[2025-07-19T05:27:54.934+0000] {logging_mixin.py:188} INFO - [2025-07-19T05:27:54.934+0000] {dagbag.py:538} INFO - Filling up the DagBag from /opt/airflow/dags/eda_airflow.py
[2025-07-19T05:27:54.966+0000] {processor.py:840} INFO - DAG(s) 'run_eda_script_fixed' retrieved from /opt/airflow/dags/eda_airflow.py
[2025-07-19T05:27:54.995+0000] {logging_mixin.py:188} INFO - [2025-07-19T05:27:54.995+0000] {dag.py:3036} INFO - Sync 1 DAGs
[2025-07-19T05:27:55.014+0000] {logging_mixin.py:188} INFO - [2025-07-19T05:27:55.013+0000] {dag.py:3823} INFO - Setting next_dagrun for run_eda_script_fixed to None, run_after=None
[2025-07-19T05:27:55.042+0000] {processor.py:183} INFO - Processing /opt/airflow/dags/eda_airflow.py took 0.115 seconds
[2025-07-19T05:28:25.629+0000] {processor.py:161} INFO - Started process (PID=275) to work on /opt/airflow/dags/eda_airflow.py
[2025-07-19T05:28:25.631+0000] {processor.py:830} INFO - Processing file /opt/airflow/dags/eda_airflow.py for tasks to queue
[2025-07-19T05:28:25.633+0000] {logging_mixin.py:188} INFO - [2025-07-19T05:28:25.632+0000] {dagbag.py:538} INFO - Filling up the DagBag from /opt/airflow/dags/eda_airflow.py
[2025-07-19T05:28:25.668+0000] {processor.py:840} INFO - DAG(s) 'run_eda_script_fixed' retrieved from /opt/airflow/dags/eda_airflow.py
[2025-07-19T05:28:25.705+0000] {logging_mixin.py:188} INFO - [2025-07-19T05:28:25.704+0000] {dag.py:3036} INFO - Sync 1 DAGs
[2025-07-19T05:28:25.724+0000] {logging_mixin.py:188} INFO - [2025-07-19T05:28:25.724+0000] {dag.py:3823} INFO - Setting next_dagrun for run_eda_script_fixed to None, run_after=None
[2025-07-19T05:28:25.759+0000] {processor.py:183} INFO - Processing /opt/airflow/dags/eda_airflow.py took 0.135 seconds
[2025-07-19T05:28:56.400+0000] {processor.py:161} INFO - Started process (PID=293) to work on /opt/airflow/dags/eda_airflow.py
[2025-07-19T05:28:56.402+0000] {processor.py:830} INFO - Processing file /opt/airflow/dags/eda_airflow.py for tasks to queue
[2025-07-19T05:28:56.403+0000] {logging_mixin.py:188} INFO - [2025-07-19T05:28:56.402+0000] {dagbag.py:538} INFO - Filling up the DagBag from /opt/airflow/dags/eda_airflow.py
[2025-07-19T05:28:56.434+0000] {processor.py:840} INFO - DAG(s) 'run_eda_script_fixed' retrieved from /opt/airflow/dags/eda_airflow.py
[2025-07-19T05:28:56.467+0000] {logging_mixin.py:188} INFO - [2025-07-19T05:28:56.466+0000] {dag.py:3036} INFO - Sync 1 DAGs
[2025-07-19T05:28:56.484+0000] {logging_mixin.py:188} INFO - [2025-07-19T05:28:56.484+0000] {dag.py:3823} INFO - Setting next_dagrun for run_eda_script_fixed to None, run_after=None
[2025-07-19T05:28:56.513+0000] {processor.py:183} INFO - Processing /opt/airflow/dags/eda_airflow.py took 0.116 seconds
[2025-07-19T05:29:27.411+0000] {processor.py:161} INFO - Started process (PID=308) to work on /opt/airflow/dags/eda_airflow.py
[2025-07-19T05:29:27.413+0000] {processor.py:830} INFO - Processing file /opt/airflow/dags/eda_airflow.py for tasks to queue
[2025-07-19T05:29:27.414+0000] {logging_mixin.py:188} INFO - [2025-07-19T05:29:27.414+0000] {dagbag.py:538} INFO - Filling up the DagBag from /opt/airflow/dags/eda_airflow.py
[2025-07-19T05:29:27.450+0000] {processor.py:840} INFO - DAG(s) 'run_eda_script_fixed' retrieved from /opt/airflow/dags/eda_airflow.py
[2025-07-19T05:29:27.492+0000] {logging_mixin.py:188} INFO - [2025-07-19T05:29:27.491+0000] {dag.py:3036} INFO - Sync 1 DAGs
[2025-07-19T05:29:27.524+0000] {logging_mixin.py:188} INFO - [2025-07-19T05:29:27.523+0000] {dag.py:3823} INFO - Setting next_dagrun for run_eda_script_fixed to None, run_after=None
[2025-07-19T05:29:27.585+0000] {processor.py:183} INFO - Processing /opt/airflow/dags/eda_airflow.py took 0.178 seconds
[2025-07-19T05:29:58.129+0000] {processor.py:161} INFO - Started process (PID=323) to work on /opt/airflow/dags/eda_airflow.py
[2025-07-19T05:29:58.130+0000] {processor.py:830} INFO - Processing file /opt/airflow/dags/eda_airflow.py for tasks to queue
[2025-07-19T05:29:58.132+0000] {logging_mixin.py:188} INFO - [2025-07-19T05:29:58.131+0000] {dagbag.py:538} INFO - Filling up the DagBag from /opt/airflow/dags/eda_airflow.py
[2025-07-19T05:29:58.176+0000] {processor.py:840} INFO - DAG(s) 'run_eda_script_fixed' retrieved from /opt/airflow/dags/eda_airflow.py
[2025-07-19T05:29:58.217+0000] {logging_mixin.py:188} INFO - [2025-07-19T05:29:58.216+0000] {dag.py:3036} INFO - Sync 1 DAGs
[2025-07-19T05:29:58.235+0000] {logging_mixin.py:188} INFO - [2025-07-19T05:29:58.235+0000] {dag.py:3823} INFO - Setting next_dagrun for run_eda_script_fixed to None, run_after=None
[2025-07-19T05:29:58.268+0000] {processor.py:183} INFO - Processing /opt/airflow/dags/eda_airflow.py took 0.146 seconds
[2025-07-19T05:30:28.873+0000] {processor.py:161} INFO - Started process (PID=338) to work on /opt/airflow/dags/eda_airflow.py
[2025-07-19T05:30:28.874+0000] {processor.py:830} INFO - Processing file /opt/airflow/dags/eda_airflow.py for tasks to queue
[2025-07-19T05:30:28.875+0000] {logging_mixin.py:188} INFO - [2025-07-19T05:30:28.875+0000] {dagbag.py:538} INFO - Filling up the DagBag from /opt/airflow/dags/eda_airflow.py
[2025-07-19T05:30:28.909+0000] {processor.py:840} INFO - DAG(s) 'run_eda_script_fixed' retrieved from /opt/airflow/dags/eda_airflow.py
[2025-07-19T05:30:28.945+0000] {logging_mixin.py:188} INFO - [2025-07-19T05:30:28.945+0000] {dag.py:3036} INFO - Sync 1 DAGs
[2025-07-19T05:30:28.961+0000] {logging_mixin.py:188} INFO - [2025-07-19T05:30:28.960+0000] {dag.py:3823} INFO - Setting next_dagrun for run_eda_script_fixed to None, run_after=None
[2025-07-19T05:30:28.987+0000] {processor.py:183} INFO - Processing /opt/airflow/dags/eda_airflow.py took 0.119 seconds
[2025-07-19T05:30:59.481+0000] {processor.py:161} INFO - Started process (PID=356) to work on /opt/airflow/dags/eda_airflow.py
[2025-07-19T05:30:59.484+0000] {processor.py:830} INFO - Processing file /opt/airflow/dags/eda_airflow.py for tasks to queue
[2025-07-19T05:30:59.486+0000] {logging_mixin.py:188} INFO - [2025-07-19T05:30:59.485+0000] {dagbag.py:538} INFO - Filling up the DagBag from /opt/airflow/dags/eda_airflow.py
[2025-07-19T05:30:59.527+0000] {processor.py:840} INFO - DAG(s) 'run_eda_script_fixed' retrieved from /opt/airflow/dags/eda_airflow.py
[2025-07-19T05:30:59.614+0000] {logging_mixin.py:188} INFO - [2025-07-19T05:30:59.614+0000] {dag.py:3036} INFO - Sync 1 DAGs
[2025-07-19T05:30:59.638+0000] {logging_mixin.py:188} INFO - [2025-07-19T05:30:59.637+0000] {dag.py:3823} INFO - Setting next_dagrun for run_eda_script_fixed to None, run_after=None
[2025-07-19T05:30:59.673+0000] {processor.py:183} INFO - Processing /opt/airflow/dags/eda_airflow.py took 0.196 seconds
[2025-07-19T05:31:34.230+0000] {processor.py:161} INFO - Started process (PID=371) to work on /opt/airflow/dags/eda_airflow.py
[2025-07-19T05:31:34.251+0000] {processor.py:830} INFO - Processing file /opt/airflow/dags/eda_airflow.py for tasks to queue
[2025-07-19T05:31:34.257+0000] {logging_mixin.py:188} INFO - [2025-07-19T05:31:34.255+0000] {dagbag.py:538} INFO - Filling up the DagBag from /opt/airflow/dags/eda_airflow.py
[2025-07-19T05:31:37.121+0000] {processor.py:840} INFO - DAG(s) 'run_eda_script_fixed' retrieved from /opt/airflow/dags/eda_airflow.py
[2025-07-19T05:31:46.085+0000] {logging_mixin.py:188} INFO - [2025-07-19T05:31:45.979+0000] {dag.py:3036} INFO - Sync 1 DAGs
[2025-07-19T05:31:47.893+0000] {logging_mixin.py:188} INFO - [2025-07-19T05:31:47.893+0000] {dag.py:3823} INFO - Setting next_dagrun for run_eda_script_fixed to None, run_after=None
[2025-07-19T05:31:48.065+0000] {processor.py:183} INFO - Processing /opt/airflow/dags/eda_airflow.py took 16.616 seconds
[2025-07-19T05:32:19.271+0000] {processor.py:161} INFO - Started process (PID=387) to work on /opt/airflow/dags/eda_airflow.py
[2025-07-19T05:32:19.273+0000] {processor.py:830} INFO - Processing file /opt/airflow/dags/eda_airflow.py for tasks to queue
[2025-07-19T05:32:19.274+0000] {logging_mixin.py:188} INFO - [2025-07-19T05:32:19.274+0000] {dagbag.py:538} INFO - Filling up the DagBag from /opt/airflow/dags/eda_airflow.py
[2025-07-19T05:32:26.805+0000] {processor.py:840} INFO - DAG(s) 'run_eda_script_fixed' retrieved from /opt/airflow/dags/eda_airflow.py
[2025-07-19T05:32:41.556+0000] {logging_mixin.py:188} INFO - [2025-07-19T05:32:41.555+0000] {dag.py:3036} INFO - Sync 1 DAGs
[2025-07-19T05:32:56.020+0000] {logging_mixin.py:188} INFO - [2025-07-19T05:32:56.019+0000] {dag.py:3823} INFO - Setting next_dagrun for run_eda_script_fixed to None, run_after=None
[2025-07-19T05:33:09.920+0000] {processor.py:183} INFO - Processing /opt/airflow/dags/eda_airflow.py took 50.832 seconds
[2025-07-19T05:35:45.603+0000] {processor.py:161} INFO - Started process (PID=420) to work on /opt/airflow/dags/eda_airflow.py
[2025-07-19T05:35:45.604+0000] {processor.py:830} INFO - Processing file /opt/airflow/dags/eda_airflow.py for tasks to queue
[2025-07-19T05:35:45.606+0000] {logging_mixin.py:188} INFO - [2025-07-19T05:35:45.605+0000] {dagbag.py:538} INFO - Filling up the DagBag from /opt/airflow/dags/eda_airflow.py
[2025-07-19T05:35:45.636+0000] {processor.py:840} INFO - DAG(s) 'run_eda_script_fixed' retrieved from /opt/airflow/dags/eda_airflow.py
[2025-07-19T05:35:46.018+0000] {logging_mixin.py:188} INFO - [2025-07-19T05:35:46.017+0000] {dag.py:3036} INFO - Sync 1 DAGs
[2025-07-19T05:35:48.959+0000] {logging_mixin.py:188} INFO - [2025-07-19T05:35:48.958+0000] {dag.py:3823} INFO - Setting next_dagrun for run_eda_script_fixed to None, run_after=None
[2025-07-19T05:35:53.156+0000] {processor.py:183} INFO - Processing /opt/airflow/dags/eda_airflow.py took 7.624 seconds
[2025-07-19T05:36:23.597+0000] {processor.py:161} INFO - Started process (PID=443) to work on /opt/airflow/dags/eda_airflow.py
[2025-07-19T05:36:23.599+0000] {processor.py:830} INFO - Processing file /opt/airflow/dags/eda_airflow.py for tasks to queue
[2025-07-19T05:36:23.601+0000] {logging_mixin.py:188} INFO - [2025-07-19T05:36:23.600+0000] {dagbag.py:538} INFO - Filling up the DagBag from /opt/airflow/dags/eda_airflow.py
[2025-07-19T05:36:23.632+0000] {processor.py:840} INFO - DAG(s) 'run_eda_script_fixed' retrieved from /opt/airflow/dags/eda_airflow.py
[2025-07-19T05:36:23.681+0000] {logging_mixin.py:188} INFO - [2025-07-19T05:36:23.681+0000] {dag.py:3036} INFO - Sync 1 DAGs
[2025-07-19T05:36:23.697+0000] {logging_mixin.py:188} INFO - [2025-07-19T05:36:23.697+0000] {dag.py:3823} INFO - Setting next_dagrun for run_eda_script_fixed to None, run_after=None
[2025-07-19T05:36:23.734+0000] {processor.py:183} INFO - Processing /opt/airflow/dags/eda_airflow.py took 0.146 seconds
[2025-07-19T05:36:54.520+0000] {processor.py:161} INFO - Started process (PID=463) to work on /opt/airflow/dags/eda_airflow.py
[2025-07-19T05:36:54.522+0000] {processor.py:830} INFO - Processing file /opt/airflow/dags/eda_airflow.py for tasks to queue
[2025-07-19T05:36:54.523+0000] {logging_mixin.py:188} INFO - [2025-07-19T05:36:54.523+0000] {dagbag.py:538} INFO - Filling up the DagBag from /opt/airflow/dags/eda_airflow.py
[2025-07-19T05:36:54.553+0000] {processor.py:840} INFO - DAG(s) 'run_eda_script_fixed' retrieved from /opt/airflow/dags/eda_airflow.py
[2025-07-19T05:36:54.614+0000] {logging_mixin.py:188} INFO - [2025-07-19T05:36:54.614+0000] {dag.py:3036} INFO - Sync 1 DAGs
[2025-07-19T05:36:54.643+0000] {logging_mixin.py:188} INFO - [2025-07-19T05:36:54.643+0000] {dag.py:3823} INFO - Setting next_dagrun for run_eda_script_fixed to None, run_after=None
[2025-07-19T05:36:54.681+0000] {processor.py:183} INFO - Processing /opt/airflow/dags/eda_airflow.py took 0.166 seconds
[2025-07-19T05:37:25.319+0000] {processor.py:161} INFO - Started process (PID=483) to work on /opt/airflow/dags/eda_airflow.py
[2025-07-19T05:37:25.324+0000] {processor.py:830} INFO - Processing file /opt/airflow/dags/eda_airflow.py for tasks to queue
[2025-07-19T05:37:25.328+0000] {logging_mixin.py:188} INFO - [2025-07-19T05:37:25.326+0000] {dagbag.py:538} INFO - Filling up the DagBag from /opt/airflow/dags/eda_airflow.py
[2025-07-19T05:37:25.364+0000] {processor.py:840} INFO - DAG(s) 'run_eda_script_fixed' retrieved from /opt/airflow/dags/eda_airflow.py
[2025-07-19T05:37:25.417+0000] {logging_mixin.py:188} INFO - [2025-07-19T05:37:25.416+0000] {dag.py:3036} INFO - Sync 1 DAGs
[2025-07-19T05:37:25.435+0000] {logging_mixin.py:188} INFO - [2025-07-19T05:37:25.434+0000] {dag.py:3823} INFO - Setting next_dagrun for run_eda_script_fixed to None, run_after=None
[2025-07-19T05:37:25.469+0000] {processor.py:183} INFO - Processing /opt/airflow/dags/eda_airflow.py took 0.162 seconds
[2025-07-19T05:37:55.755+0000] {processor.py:161} INFO - Started process (PID=503) to work on /opt/airflow/dags/eda_airflow.py
[2025-07-19T05:37:55.757+0000] {processor.py:830} INFO - Processing file /opt/airflow/dags/eda_airflow.py for tasks to queue
[2025-07-19T05:37:55.758+0000] {logging_mixin.py:188} INFO - [2025-07-19T05:37:55.758+0000] {dagbag.py:538} INFO - Filling up the DagBag from /opt/airflow/dags/eda_airflow.py
[2025-07-19T05:37:55.787+0000] {processor.py:840} INFO - DAG(s) 'run_eda_script_fixed' retrieved from /opt/airflow/dags/eda_airflow.py
[2025-07-19T05:37:55.827+0000] {logging_mixin.py:188} INFO - [2025-07-19T05:37:55.827+0000] {dag.py:3036} INFO - Sync 1 DAGs
[2025-07-19T05:37:55.844+0000] {logging_mixin.py:188} INFO - [2025-07-19T05:37:55.844+0000] {dag.py:3823} INFO - Setting next_dagrun for run_eda_script_fixed to None, run_after=None
[2025-07-19T05:37:55.878+0000] {processor.py:183} INFO - Processing /opt/airflow/dags/eda_airflow.py took 0.128 seconds
[2025-07-19T05:38:26.136+0000] {processor.py:161} INFO - Started process (PID=531) to work on /opt/airflow/dags/eda_airflow.py
[2025-07-19T05:38:26.138+0000] {processor.py:830} INFO - Processing file /opt/airflow/dags/eda_airflow.py for tasks to queue
[2025-07-19T05:38:26.139+0000] {logging_mixin.py:188} INFO - [2025-07-19T05:38:26.139+0000] {dagbag.py:538} INFO - Filling up the DagBag from /opt/airflow/dags/eda_airflow.py
[2025-07-19T05:38:26.170+0000] {processor.py:840} INFO - DAG(s) 'run_eda_script_fixed' retrieved from /opt/airflow/dags/eda_airflow.py
[2025-07-19T05:38:26.209+0000] {logging_mixin.py:188} INFO - [2025-07-19T05:38:26.209+0000] {dag.py:3036} INFO - Sync 1 DAGs
[2025-07-19T05:38:26.229+0000] {logging_mixin.py:188} INFO - [2025-07-19T05:38:26.228+0000] {dag.py:3823} INFO - Setting next_dagrun for run_eda_script_fixed to None, run_after=None
[2025-07-19T05:38:26.405+0000] {processor.py:183} INFO - Processing /opt/airflow/dags/eda_airflow.py took 0.273 seconds
[2025-07-19T05:38:57.136+0000] {processor.py:161} INFO - Started process (PID=554) to work on /opt/airflow/dags/eda_airflow.py
[2025-07-19T05:38:57.138+0000] {processor.py:830} INFO - Processing file /opt/airflow/dags/eda_airflow.py for tasks to queue
[2025-07-19T05:38:57.140+0000] {logging_mixin.py:188} INFO - [2025-07-19T05:38:57.139+0000] {dagbag.py:538} INFO - Filling up the DagBag from /opt/airflow/dags/eda_airflow.py
[2025-07-19T05:38:57.174+0000] {processor.py:840} INFO - DAG(s) 'run_eda_script_fixed' retrieved from /opt/airflow/dags/eda_airflow.py
[2025-07-19T05:38:57.221+0000] {logging_mixin.py:188} INFO - [2025-07-19T05:38:57.220+0000] {dag.py:3036} INFO - Sync 1 DAGs
[2025-07-19T05:38:57.239+0000] {logging_mixin.py:188} INFO - [2025-07-19T05:38:57.239+0000] {dag.py:3823} INFO - Setting next_dagrun for run_eda_script_fixed to None, run_after=None
[2025-07-19T05:38:57.275+0000] {processor.py:183} INFO - Processing /opt/airflow/dags/eda_airflow.py took 0.145 seconds
[2025-07-19T05:39:28.134+0000] {processor.py:161} INFO - Started process (PID=579) to work on /opt/airflow/dags/eda_airflow.py
[2025-07-19T05:39:28.135+0000] {processor.py:830} INFO - Processing file /opt/airflow/dags/eda_airflow.py for tasks to queue
[2025-07-19T05:39:28.137+0000] {logging_mixin.py:188} INFO - [2025-07-19T05:39:28.137+0000] {dagbag.py:538} INFO - Filling up the DagBag from /opt/airflow/dags/eda_airflow.py
[2025-07-19T05:39:28.166+0000] {processor.py:840} INFO - DAG(s) 'run_eda_script_fixed' retrieved from /opt/airflow/dags/eda_airflow.py
[2025-07-19T05:39:28.203+0000] {logging_mixin.py:188} INFO - [2025-07-19T05:39:28.203+0000] {dag.py:3036} INFO - Sync 1 DAGs
[2025-07-19T05:39:28.222+0000] {logging_mixin.py:188} INFO - [2025-07-19T05:39:28.222+0000] {dag.py:3823} INFO - Setting next_dagrun for run_eda_script_fixed to None, run_after=None
[2025-07-19T05:39:28.253+0000] {processor.py:183} INFO - Processing /opt/airflow/dags/eda_airflow.py took 0.124 seconds
[2025-07-19T05:39:58.436+0000] {processor.py:161} INFO - Started process (PID=599) to work on /opt/airflow/dags/eda_airflow.py
[2025-07-19T05:39:58.438+0000] {processor.py:830} INFO - Processing file /opt/airflow/dags/eda_airflow.py for tasks to queue
[2025-07-19T05:39:58.440+0000] {logging_mixin.py:188} INFO - [2025-07-19T05:39:58.439+0000] {dagbag.py:538} INFO - Filling up the DagBag from /opt/airflow/dags/eda_airflow.py
[2025-07-19T05:39:58.474+0000] {processor.py:840} INFO - DAG(s) 'run_eda_script_fixed' retrieved from /opt/airflow/dags/eda_airflow.py
[2025-07-19T05:39:58.525+0000] {logging_mixin.py:188} INFO - [2025-07-19T05:39:58.525+0000] {dag.py:3036} INFO - Sync 1 DAGs
[2025-07-19T05:39:58.550+0000] {logging_mixin.py:188} INFO - [2025-07-19T05:39:58.549+0000] {dag.py:3823} INFO - Setting next_dagrun for run_eda_script_fixed to None, run_after=None
[2025-07-19T05:39:58.577+0000] {processor.py:183} INFO - Processing /opt/airflow/dags/eda_airflow.py took 0.146 seconds
[2025-07-19T05:40:29.252+0000] {processor.py:161} INFO - Started process (PID=619) to work on /opt/airflow/dags/eda_airflow.py
[2025-07-19T05:40:29.259+0000] {processor.py:830} INFO - Processing file /opt/airflow/dags/eda_airflow.py for tasks to queue
[2025-07-19T05:40:29.262+0000] {logging_mixin.py:188} INFO - [2025-07-19T05:40:29.261+0000] {dagbag.py:538} INFO - Filling up the DagBag from /opt/airflow/dags/eda_airflow.py
[2025-07-19T05:40:29.296+0000] {processor.py:840} INFO - DAG(s) 'run_eda_script_fixed' retrieved from /opt/airflow/dags/eda_airflow.py
[2025-07-19T05:40:29.359+0000] {logging_mixin.py:188} INFO - [2025-07-19T05:40:29.358+0000] {dag.py:3036} INFO - Sync 1 DAGs
[2025-07-19T05:40:29.378+0000] {logging_mixin.py:188} INFO - [2025-07-19T05:40:29.378+0000] {dag.py:3823} INFO - Setting next_dagrun for run_eda_script_fixed to None, run_after=None
[2025-07-19T05:40:29.420+0000] {processor.py:183} INFO - Processing /opt/airflow/dags/eda_airflow.py took 0.181 seconds
[2025-07-19T05:40:59.693+0000] {processor.py:161} INFO - Started process (PID=644) to work on /opt/airflow/dags/eda_airflow.py
[2025-07-19T05:40:59.695+0000] {processor.py:830} INFO - Processing file /opt/airflow/dags/eda_airflow.py for tasks to queue
[2025-07-19T05:40:59.697+0000] {logging_mixin.py:188} INFO - [2025-07-19T05:40:59.696+0000] {dagbag.py:538} INFO - Filling up the DagBag from /opt/airflow/dags/eda_airflow.py
[2025-07-19T05:40:59.728+0000] {processor.py:840} INFO - DAG(s) 'run_eda_script_fixed' retrieved from /opt/airflow/dags/eda_airflow.py
[2025-07-19T05:40:59.768+0000] {logging_mixin.py:188} INFO - [2025-07-19T05:40:59.767+0000] {dag.py:3036} INFO - Sync 1 DAGs
[2025-07-19T05:40:59.783+0000] {logging_mixin.py:188} INFO - [2025-07-19T05:40:59.783+0000] {dag.py:3823} INFO - Setting next_dagrun for run_eda_script_fixed to None, run_after=None
[2025-07-19T05:40:59.809+0000] {processor.py:183} INFO - Processing /opt/airflow/dags/eda_airflow.py took 0.120 seconds
[2025-07-19T05:41:30.682+0000] {processor.py:161} INFO - Started process (PID=669) to work on /opt/airflow/dags/eda_airflow.py
[2025-07-19T05:41:30.684+0000] {processor.py:830} INFO - Processing file /opt/airflow/dags/eda_airflow.py for tasks to queue
[2025-07-19T05:41:30.686+0000] {logging_mixin.py:188} INFO - [2025-07-19T05:41:30.685+0000] {dagbag.py:538} INFO - Filling up the DagBag from /opt/airflow/dags/eda_airflow.py
[2025-07-19T05:41:30.717+0000] {processor.py:840} INFO - DAG(s) 'run_eda_script_fixed' retrieved from /opt/airflow/dags/eda_airflow.py
[2025-07-19T05:41:30.757+0000] {logging_mixin.py:188} INFO - [2025-07-19T05:41:30.757+0000] {dag.py:3036} INFO - Sync 1 DAGs
[2025-07-19T05:41:30.774+0000] {logging_mixin.py:188} INFO - [2025-07-19T05:41:30.774+0000] {dag.py:3823} INFO - Setting next_dagrun for run_eda_script_fixed to None, run_after=None
[2025-07-19T05:41:30.806+0000] {processor.py:183} INFO - Processing /opt/airflow/dags/eda_airflow.py took 0.129 seconds
[2025-07-19T05:42:01.575+0000] {processor.py:161} INFO - Started process (PID=689) to work on /opt/airflow/dags/eda_airflow.py
[2025-07-19T05:42:01.577+0000] {processor.py:830} INFO - Processing file /opt/airflow/dags/eda_airflow.py for tasks to queue
[2025-07-19T05:42:01.578+0000] {logging_mixin.py:188} INFO - [2025-07-19T05:42:01.578+0000] {dagbag.py:538} INFO - Filling up the DagBag from /opt/airflow/dags/eda_airflow.py
[2025-07-19T05:42:01.610+0000] {processor.py:840} INFO - DAG(s) 'run_eda_script_fixed' retrieved from /opt/airflow/dags/eda_airflow.py
[2025-07-19T05:42:01.647+0000] {logging_mixin.py:188} INFO - [2025-07-19T05:42:01.647+0000] {dag.py:3036} INFO - Sync 1 DAGs
[2025-07-19T05:42:01.664+0000] {logging_mixin.py:188} INFO - [2025-07-19T05:42:01.664+0000] {dag.py:3823} INFO - Setting next_dagrun for run_eda_script_fixed to None, run_after=None
[2025-07-19T05:42:01.696+0000] {processor.py:183} INFO - Processing /opt/airflow/dags/eda_airflow.py took 0.126 seconds
[2025-07-19T05:42:32.494+0000] {processor.py:161} INFO - Started process (PID=709) to work on /opt/airflow/dags/eda_airflow.py
[2025-07-19T05:42:32.496+0000] {processor.py:830} INFO - Processing file /opt/airflow/dags/eda_airflow.py for tasks to queue
[2025-07-19T05:42:32.498+0000] {logging_mixin.py:188} INFO - [2025-07-19T05:42:32.497+0000] {dagbag.py:538} INFO - Filling up the DagBag from /opt/airflow/dags/eda_airflow.py
[2025-07-19T05:42:32.532+0000] {processor.py:840} INFO - DAG(s) 'run_eda_script_fixed' retrieved from /opt/airflow/dags/eda_airflow.py
[2025-07-19T05:42:32.571+0000] {logging_mixin.py:188} INFO - [2025-07-19T05:42:32.571+0000] {dag.py:3036} INFO - Sync 1 DAGs
[2025-07-19T05:42:32.589+0000] {logging_mixin.py:188} INFO - [2025-07-19T05:42:32.589+0000] {dag.py:3823} INFO - Setting next_dagrun for run_eda_script_fixed to None, run_after=None
[2025-07-19T05:42:32.620+0000] {processor.py:183} INFO - Processing /opt/airflow/dags/eda_airflow.py took 0.131 seconds
[2025-07-19T05:43:03.349+0000] {processor.py:161} INFO - Started process (PID=729) to work on /opt/airflow/dags/eda_airflow.py
[2025-07-19T05:43:03.350+0000] {processor.py:830} INFO - Processing file /opt/airflow/dags/eda_airflow.py for tasks to queue
[2025-07-19T05:43:03.352+0000] {logging_mixin.py:188} INFO - [2025-07-19T05:43:03.351+0000] {dagbag.py:538} INFO - Filling up the DagBag from /opt/airflow/dags/eda_airflow.py
[2025-07-19T05:43:03.376+0000] {processor.py:840} INFO - DAG(s) 'run_eda_script_fixed' retrieved from /opt/airflow/dags/eda_airflow.py
[2025-07-19T05:43:03.413+0000] {logging_mixin.py:188} INFO - [2025-07-19T05:43:03.412+0000] {dag.py:3036} INFO - Sync 1 DAGs
[2025-07-19T05:43:03.431+0000] {logging_mixin.py:188} INFO - [2025-07-19T05:43:03.430+0000] {dag.py:3823} INFO - Setting next_dagrun for run_eda_script_fixed to None, run_after=None
[2025-07-19T05:43:03.466+0000] {processor.py:183} INFO - Processing /opt/airflow/dags/eda_airflow.py took 0.122 seconds
[2025-07-19T05:43:34.301+0000] {processor.py:161} INFO - Started process (PID=749) to work on /opt/airflow/dags/eda_airflow.py
[2025-07-19T05:43:34.302+0000] {processor.py:830} INFO - Processing file /opt/airflow/dags/eda_airflow.py for tasks to queue
[2025-07-19T05:43:34.304+0000] {logging_mixin.py:188} INFO - [2025-07-19T05:43:34.303+0000] {dagbag.py:538} INFO - Filling up the DagBag from /opt/airflow/dags/eda_airflow.py
[2025-07-19T05:43:34.356+0000] {processor.py:840} INFO - DAG(s) 'run_eda_script_fixed' retrieved from /opt/airflow/dags/eda_airflow.py
[2025-07-19T05:43:34.411+0000] {logging_mixin.py:188} INFO - [2025-07-19T05:43:34.411+0000] {dag.py:3036} INFO - Sync 1 DAGs
[2025-07-19T05:43:34.429+0000] {logging_mixin.py:188} INFO - [2025-07-19T05:43:34.429+0000] {dag.py:3823} INFO - Setting next_dagrun for run_eda_script_fixed to None, run_after=None
[2025-07-19T05:43:34.459+0000] {processor.py:183} INFO - Processing /opt/airflow/dags/eda_airflow.py took 0.162 seconds
[2025-07-19T05:44:04.891+0000] {processor.py:161} INFO - Started process (PID=769) to work on /opt/airflow/dags/eda_airflow.py
[2025-07-19T05:44:04.897+0000] {processor.py:830} INFO - Processing file /opt/airflow/dags/eda_airflow.py for tasks to queue
[2025-07-19T05:44:04.900+0000] {logging_mixin.py:188} INFO - [2025-07-19T05:44:04.899+0000] {dagbag.py:538} INFO - Filling up the DagBag from /opt/airflow/dags/eda_airflow.py
[2025-07-19T05:44:05.060+0000] {processor.py:840} INFO - DAG(s) 'run_eda_script_fixed' retrieved from /opt/airflow/dags/eda_airflow.py
[2025-07-19T05:44:05.129+0000] {logging_mixin.py:188} INFO - [2025-07-19T05:44:05.128+0000] {dag.py:3036} INFO - Sync 1 DAGs
[2025-07-19T05:44:05.165+0000] {logging_mixin.py:188} INFO - [2025-07-19T05:44:05.164+0000] {dag.py:3823} INFO - Setting next_dagrun for run_eda_script_fixed to None, run_after=None
[2025-07-19T05:44:05.224+0000] {processor.py:183} INFO - Processing /opt/airflow/dags/eda_airflow.py took 0.342 seconds
[2025-07-19T05:44:35.485+0000] {processor.py:161} INFO - Started process (PID=793) to work on /opt/airflow/dags/eda_airflow.py
[2025-07-19T05:44:35.488+0000] {processor.py:830} INFO - Processing file /opt/airflow/dags/eda_airflow.py for tasks to queue
[2025-07-19T05:44:35.489+0000] {logging_mixin.py:188} INFO - [2025-07-19T05:44:35.489+0000] {dagbag.py:538} INFO - Filling up the DagBag from /opt/airflow/dags/eda_airflow.py
[2025-07-19T05:44:35.522+0000] {processor.py:840} INFO - DAG(s) 'run_eda_script_fixed' retrieved from /opt/airflow/dags/eda_airflow.py
[2025-07-19T05:44:35.569+0000] {logging_mixin.py:188} INFO - [2025-07-19T05:44:35.568+0000] {dag.py:3036} INFO - Sync 1 DAGs
[2025-07-19T05:44:35.589+0000] {logging_mixin.py:188} INFO - [2025-07-19T05:44:35.588+0000] {dag.py:3823} INFO - Setting next_dagrun for run_eda_script_fixed to None, run_after=None
[2025-07-19T05:44:35.621+0000] {processor.py:183} INFO - Processing /opt/airflow/dags/eda_airflow.py took 0.143 seconds
[2025-07-19T05:45:06.066+0000] {processor.py:161} INFO - Started process (PID=811) to work on /opt/airflow/dags/eda_airflow.py
[2025-07-19T05:45:06.070+0000] {processor.py:830} INFO - Processing file /opt/airflow/dags/eda_airflow.py for tasks to queue
[2025-07-19T05:45:06.073+0000] {logging_mixin.py:188} INFO - [2025-07-19T05:45:06.072+0000] {dagbag.py:538} INFO - Filling up the DagBag from /opt/airflow/dags/eda_airflow.py
[2025-07-19T05:45:06.191+0000] {processor.py:840} INFO - DAG(s) 'run_eda_script_fixed' retrieved from /opt/airflow/dags/eda_airflow.py
[2025-07-19T05:45:06.286+0000] {logging_mixin.py:188} INFO - [2025-07-19T05:45:06.285+0000] {dag.py:3036} INFO - Sync 1 DAGs
[2025-07-19T05:45:06.318+0000] {logging_mixin.py:188} INFO - [2025-07-19T05:45:06.317+0000] {dag.py:3823} INFO - Setting next_dagrun for run_eda_script_fixed to None, run_after=None
[2025-07-19T05:45:06.361+0000] {processor.py:183} INFO - Processing /opt/airflow/dags/eda_airflow.py took 0.305 seconds
[2025-07-19T05:45:37.145+0000] {processor.py:161} INFO - Started process (PID=831) to work on /opt/airflow/dags/eda_airflow.py
[2025-07-19T05:45:37.147+0000] {processor.py:830} INFO - Processing file /opt/airflow/dags/eda_airflow.py for tasks to queue
[2025-07-19T05:45:37.171+0000] {logging_mixin.py:188} INFO - [2025-07-19T05:45:37.170+0000] {dagbag.py:538} INFO - Filling up the DagBag from /opt/airflow/dags/eda_airflow.py
[2025-07-19T05:45:37.554+0000] {processor.py:840} INFO - DAG(s) 'run_eda_script_fixed' retrieved from /opt/airflow/dags/eda_airflow.py
[2025-07-19T05:45:37.661+0000] {logging_mixin.py:188} INFO - [2025-07-19T05:45:37.660+0000] {dag.py:3036} INFO - Sync 1 DAGs
[2025-07-19T05:45:37.690+0000] {logging_mixin.py:188} INFO - [2025-07-19T05:45:37.690+0000] {dag.py:3823} INFO - Setting next_dagrun for run_eda_script_fixed to None, run_after=None
[2025-07-19T05:45:37.717+0000] {processor.py:183} INFO - Processing /opt/airflow/dags/eda_airflow.py took 0.580 seconds
[2025-07-19T05:46:07.960+0000] {processor.py:161} INFO - Started process (PID=848) to work on /opt/airflow/dags/eda_airflow.py
[2025-07-19T05:46:07.962+0000] {processor.py:830} INFO - Processing file /opt/airflow/dags/eda_airflow.py for tasks to queue
[2025-07-19T05:46:07.963+0000] {logging_mixin.py:188} INFO - [2025-07-19T05:46:07.962+0000] {dagbag.py:538} INFO - Filling up the DagBag from /opt/airflow/dags/eda_airflow.py
[2025-07-19T05:46:08.127+0000] {processor.py:840} INFO - DAG(s) 'run_eda_script_fixed' retrieved from /opt/airflow/dags/eda_airflow.py
[2025-07-19T05:46:08.166+0000] {logging_mixin.py:188} INFO - [2025-07-19T05:46:08.165+0000] {dag.py:3036} INFO - Sync 1 DAGs
[2025-07-19T05:46:08.191+0000] {logging_mixin.py:188} INFO - [2025-07-19T05:46:08.190+0000] {dag.py:3823} INFO - Setting next_dagrun for run_eda_script_fixed to None, run_after=None
[2025-07-19T05:46:08.220+0000] {processor.py:183} INFO - Processing /opt/airflow/dags/eda_airflow.py took 0.263 seconds
[2025-07-19T05:46:38.736+0000] {processor.py:161} INFO - Started process (PID=868) to work on /opt/airflow/dags/eda_airflow.py
[2025-07-19T05:46:38.741+0000] {processor.py:830} INFO - Processing file /opt/airflow/dags/eda_airflow.py for tasks to queue
[2025-07-19T05:46:38.744+0000] {logging_mixin.py:188} INFO - [2025-07-19T05:46:38.743+0000] {dagbag.py:538} INFO - Filling up the DagBag from /opt/airflow/dags/eda_airflow.py
[2025-07-19T05:46:39.170+0000] {processor.py:840} INFO - DAG(s) 'run_eda_script_fixed' retrieved from /opt/airflow/dags/eda_airflow.py
[2025-07-19T05:46:39.228+0000] {logging_mixin.py:188} INFO - [2025-07-19T05:46:39.227+0000] {dag.py:3036} INFO - Sync 1 DAGs
[2025-07-19T05:46:39.287+0000] {logging_mixin.py:188} INFO - [2025-07-19T05:46:39.287+0000] {dag.py:3823} INFO - Setting next_dagrun for run_eda_script_fixed to None, run_after=None
[2025-07-19T05:46:39.512+0000] {processor.py:183} INFO - Processing /opt/airflow/dags/eda_airflow.py took 0.797 seconds
[2025-07-19T05:47:09.949+0000] {processor.py:161} INFO - Started process (PID=888) to work on /opt/airflow/dags/eda_airflow.py
[2025-07-19T05:47:09.953+0000] {processor.py:830} INFO - Processing file /opt/airflow/dags/eda_airflow.py for tasks to queue
[2025-07-19T05:47:09.956+0000] {logging_mixin.py:188} INFO - [2025-07-19T05:47:09.955+0000] {dagbag.py:538} INFO - Filling up the DagBag from /opt/airflow/dags/eda_airflow.py
[2025-07-19T05:47:10.012+0000] {processor.py:840} INFO - DAG(s) 'run_eda_script_fixed' retrieved from /opt/airflow/dags/eda_airflow.py
[2025-07-19T05:47:10.081+0000] {logging_mixin.py:188} INFO - [2025-07-19T05:47:10.080+0000] {dag.py:3036} INFO - Sync 1 DAGs
[2025-07-19T05:47:10.101+0000] {logging_mixin.py:188} INFO - [2025-07-19T05:47:10.101+0000] {dag.py:3823} INFO - Setting next_dagrun for run_eda_script_fixed to None, run_after=None
[2025-07-19T05:47:10.131+0000] {processor.py:183} INFO - Processing /opt/airflow/dags/eda_airflow.py took 0.188 seconds
[2025-07-19T05:47:40.854+0000] {processor.py:161} INFO - Started process (PID=911) to work on /opt/airflow/dags/eda_airflow.py
[2025-07-19T05:47:40.855+0000] {processor.py:830} INFO - Processing file /opt/airflow/dags/eda_airflow.py for tasks to queue
[2025-07-19T05:47:40.857+0000] {logging_mixin.py:188} INFO - [2025-07-19T05:47:40.856+0000] {dagbag.py:538} INFO - Filling up the DagBag from /opt/airflow/dags/eda_airflow.py
[2025-07-19T05:47:40.899+0000] {processor.py:840} INFO - DAG(s) 'run_eda_script_fixed' retrieved from /opt/airflow/dags/eda_airflow.py
[2025-07-19T05:47:40.969+0000] {logging_mixin.py:188} INFO - [2025-07-19T05:47:40.969+0000] {dag.py:3036} INFO - Sync 1 DAGs
[2025-07-19T05:47:41.016+0000] {logging_mixin.py:188} INFO - [2025-07-19T05:47:41.016+0000] {dag.py:3823} INFO - Setting next_dagrun for run_eda_script_fixed to None, run_after=None
[2025-07-19T05:47:41.077+0000] {processor.py:183} INFO - Processing /opt/airflow/dags/eda_airflow.py took 0.228 seconds
[2025-07-19T05:48:11.854+0000] {processor.py:161} INFO - Started process (PID=935) to work on /opt/airflow/dags/eda_airflow.py
[2025-07-19T05:48:11.855+0000] {processor.py:830} INFO - Processing file /opt/airflow/dags/eda_airflow.py for tasks to queue
[2025-07-19T05:48:11.857+0000] {logging_mixin.py:188} INFO - [2025-07-19T05:48:11.856+0000] {dagbag.py:538} INFO - Filling up the DagBag from /opt/airflow/dags/eda_airflow.py
[2025-07-19T05:48:12.029+0000] {processor.py:840} INFO - DAG(s) 'run_eda_script_fixed' retrieved from /opt/airflow/dags/eda_airflow.py
[2025-07-19T05:48:12.054+0000] {logging_mixin.py:188} INFO - [2025-07-19T05:48:12.054+0000] {dag.py:3036} INFO - Sync 1 DAGs
[2025-07-19T05:48:12.066+0000] {logging_mixin.py:188} INFO - [2025-07-19T05:48:12.066+0000] {dag.py:3823} INFO - Setting next_dagrun for run_eda_script_fixed to None, run_after=None
[2025-07-19T05:48:12.173+0000] {processor.py:183} INFO - Processing /opt/airflow/dags/eda_airflow.py took 0.322 seconds
[2025-07-19T05:48:43.018+0000] {processor.py:161} INFO - Started process (PID=955) to work on /opt/airflow/dags/eda_airflow.py
[2025-07-19T05:48:43.020+0000] {processor.py:830} INFO - Processing file /opt/airflow/dags/eda_airflow.py for tasks to queue
[2025-07-19T05:48:43.021+0000] {logging_mixin.py:188} INFO - [2025-07-19T05:48:43.020+0000] {dagbag.py:538} INFO - Filling up the DagBag from /opt/airflow/dags/eda_airflow.py
[2025-07-19T05:48:43.112+0000] {processor.py:840} INFO - DAG(s) 'run_eda_script_fixed' retrieved from /opt/airflow/dags/eda_airflow.py
[2025-07-19T05:48:43.227+0000] {logging_mixin.py:188} INFO - [2025-07-19T05:48:43.227+0000] {dag.py:3036} INFO - Sync 1 DAGs
[2025-07-19T05:48:43.270+0000] {logging_mixin.py:188} INFO - [2025-07-19T05:48:43.269+0000] {dag.py:3823} INFO - Setting next_dagrun for run_eda_script_fixed to None, run_after=None
[2025-07-19T05:48:43.395+0000] {processor.py:183} INFO - Processing /opt/airflow/dags/eda_airflow.py took 0.380 seconds
[2025-07-19T05:49:13.552+0000] {processor.py:161} INFO - Started process (PID=975) to work on /opt/airflow/dags/eda_airflow.py
[2025-07-19T05:49:13.569+0000] {processor.py:830} INFO - Processing file /opt/airflow/dags/eda_airflow.py for tasks to queue
[2025-07-19T05:49:13.570+0000] {logging_mixin.py:188} INFO - [2025-07-19T05:49:13.570+0000] {dagbag.py:538} INFO - Filling up the DagBag from /opt/airflow/dags/eda_airflow.py
[2025-07-19T05:49:13.611+0000] {processor.py:840} INFO - DAG(s) 'run_eda_script_fixed' retrieved from /opt/airflow/dags/eda_airflow.py
[2025-07-19T05:49:13.640+0000] {logging_mixin.py:188} INFO - [2025-07-19T05:49:13.639+0000] {dag.py:3036} INFO - Sync 1 DAGs
[2025-07-19T05:49:13.655+0000] {logging_mixin.py:188} INFO - [2025-07-19T05:49:13.655+0000] {dag.py:3823} INFO - Setting next_dagrun for run_eda_script_fixed to None, run_after=None
[2025-07-19T05:49:13.680+0000] {processor.py:183} INFO - Processing /opt/airflow/dags/eda_airflow.py took 0.133 seconds
[2025-07-19T05:49:44.408+0000] {processor.py:161} INFO - Started process (PID=995) to work on /opt/airflow/dags/eda_airflow.py
[2025-07-19T05:49:44.409+0000] {processor.py:830} INFO - Processing file /opt/airflow/dags/eda_airflow.py for tasks to queue
[2025-07-19T05:49:44.410+0000] {logging_mixin.py:188} INFO - [2025-07-19T05:49:44.410+0000] {dagbag.py:538} INFO - Filling up the DagBag from /opt/airflow/dags/eda_airflow.py
[2025-07-19T05:49:44.445+0000] {processor.py:840} INFO - DAG(s) 'run_eda_script_fixed' retrieved from /opt/airflow/dags/eda_airflow.py
[2025-07-19T05:49:44.485+0000] {logging_mixin.py:188} INFO - [2025-07-19T05:49:44.485+0000] {dag.py:3036} INFO - Sync 1 DAGs
[2025-07-19T05:49:44.503+0000] {logging_mixin.py:188} INFO - [2025-07-19T05:49:44.502+0000] {dag.py:3823} INFO - Setting next_dagrun for run_eda_script_fixed to None, run_after=None
[2025-07-19T05:49:44.528+0000] {processor.py:183} INFO - Processing /opt/airflow/dags/eda_airflow.py took 0.123 seconds
[2025-07-19T05:50:15.193+0000] {processor.py:161} INFO - Started process (PID=1022) to work on /opt/airflow/dags/eda_airflow.py
[2025-07-19T05:50:15.194+0000] {processor.py:830} INFO - Processing file /opt/airflow/dags/eda_airflow.py for tasks to queue
[2025-07-19T05:50:15.194+0000] {logging_mixin.py:188} INFO - [2025-07-19T05:50:15.194+0000] {dagbag.py:538} INFO - Filling up the DagBag from /opt/airflow/dags/eda_airflow.py
[2025-07-19T05:50:15.266+0000] {processor.py:840} INFO - DAG(s) 'run_eda_script_fixed' retrieved from /opt/airflow/dags/eda_airflow.py
[2025-07-19T05:50:15.294+0000] {logging_mixin.py:188} INFO - [2025-07-19T05:50:15.293+0000] {dag.py:3036} INFO - Sync 1 DAGs
[2025-07-19T05:50:15.307+0000] {logging_mixin.py:188} INFO - [2025-07-19T05:50:15.306+0000] {dag.py:3823} INFO - Setting next_dagrun for run_eda_script_fixed to None, run_after=None
[2025-07-19T05:50:15.324+0000] {processor.py:183} INFO - Processing /opt/airflow/dags/eda_airflow.py took 0.134 seconds
[2025-07-19T05:50:45.960+0000] {processor.py:161} INFO - Started process (PID=1044) to work on /opt/airflow/dags/eda_airflow.py
[2025-07-19T05:50:45.973+0000] {processor.py:830} INFO - Processing file /opt/airflow/dags/eda_airflow.py for tasks to queue
[2025-07-19T05:50:45.974+0000] {logging_mixin.py:188} INFO - [2025-07-19T05:50:45.974+0000] {dagbag.py:538} INFO - Filling up the DagBag from /opt/airflow/dags/eda_airflow.py
[2025-07-19T05:50:46.014+0000] {processor.py:840} INFO - DAG(s) 'run_eda_script_fixed' retrieved from /opt/airflow/dags/eda_airflow.py
[2025-07-19T05:50:46.041+0000] {logging_mixin.py:188} INFO - [2025-07-19T05:50:46.041+0000] {dag.py:3036} INFO - Sync 1 DAGs
[2025-07-19T05:50:46.055+0000] {logging_mixin.py:188} INFO - [2025-07-19T05:50:46.055+0000] {dag.py:3823} INFO - Setting next_dagrun for run_eda_script_fixed to None, run_after=None
[2025-07-19T05:50:46.077+0000] {processor.py:183} INFO - Processing /opt/airflow/dags/eda_airflow.py took 0.119 seconds
[2025-07-19T05:51:16.390+0000] {processor.py:161} INFO - Started process (PID=1084) to work on /opt/airflow/dags/eda_airflow.py
[2025-07-19T05:51:16.392+0000] {processor.py:830} INFO - Processing file /opt/airflow/dags/eda_airflow.py for tasks to queue
[2025-07-19T05:51:16.394+0000] {logging_mixin.py:188} INFO - [2025-07-19T05:51:16.393+0000] {dagbag.py:538} INFO - Filling up the DagBag from /opt/airflow/dags/eda_airflow.py
[2025-07-19T05:51:16.406+0000] {processor.py:840} INFO - DAG(s) 'run_eda_script_fixed' retrieved from /opt/airflow/dags/eda_airflow.py
[2025-07-19T05:51:16.492+0000] {logging_mixin.py:188} INFO - [2025-07-19T05:51:16.492+0000] {dag.py:3036} INFO - Sync 1 DAGs
[2025-07-19T05:51:16.505+0000] {logging_mixin.py:188} INFO - [2025-07-19T05:51:16.505+0000] {dag.py:3823} INFO - Setting next_dagrun for run_eda_script_fixed to None, run_after=None
[2025-07-19T05:51:16.541+0000] {processor.py:183} INFO - Processing /opt/airflow/dags/eda_airflow.py took 0.154 seconds
[2025-07-19T05:51:47.485+0000] {processor.py:161} INFO - Started process (PID=1106) to work on /opt/airflow/dags/eda_airflow.py
[2025-07-19T05:51:47.521+0000] {processor.py:830} INFO - Processing file /opt/airflow/dags/eda_airflow.py for tasks to queue
[2025-07-19T05:51:47.524+0000] {logging_mixin.py:188} INFO - [2025-07-19T05:51:47.523+0000] {dagbag.py:538} INFO - Filling up the DagBag from /opt/airflow/dags/eda_airflow.py
[2025-07-19T05:51:47.625+0000] {processor.py:840} INFO - DAG(s) 'run_eda_script_fixed' retrieved from /opt/airflow/dags/eda_airflow.py
[2025-07-19T05:51:47.727+0000] {logging_mixin.py:188} INFO - [2025-07-19T05:51:47.727+0000] {dag.py:3036} INFO - Sync 1 DAGs
[2025-07-19T05:51:47.748+0000] {logging_mixin.py:188} INFO - [2025-07-19T05:51:47.747+0000] {dag.py:3823} INFO - Setting next_dagrun for run_eda_script_fixed to None, run_after=None
[2025-07-19T05:51:47.800+0000] {processor.py:183} INFO - Processing /opt/airflow/dags/eda_airflow.py took 0.322 seconds
[2025-07-19T05:52:43.118+0000] {processor.py:161} INFO - Started process (PID=1126) to work on /opt/airflow/dags/eda_airflow.py
[2025-07-19T05:52:43.132+0000] {processor.py:830} INFO - Processing file /opt/airflow/dags/eda_airflow.py for tasks to queue
[2025-07-19T05:52:43.134+0000] {logging_mixin.py:188} INFO - [2025-07-19T05:52:43.134+0000] {dagbag.py:538} INFO - Filling up the DagBag from /opt/airflow/dags/eda_airflow.py
[2025-07-19T05:52:53.044+0000] {processor.py:840} INFO - DAG(s) 'run_eda_script_fixed' retrieved from /opt/airflow/dags/eda_airflow.py
[2025-07-19T05:53:09.891+0000] {logging_mixin.py:188} INFO - [2025-07-19T05:53:09.890+0000] {dag.py:3036} INFO - Sync 1 DAGs
[2025-07-19T05:53:11.984+0000] {logging_mixin.py:188} INFO - [2025-07-19T05:53:11.983+0000] {dag.py:3823} INFO - Setting next_dagrun for run_eda_script_fixed to None, run_after=None
[2025-07-19T05:53:14.239+0000] {processor.py:183} INFO - Processing /opt/airflow/dags/eda_airflow.py took 31.131 seconds
[2025-07-19T05:54:42.225+0000] {processor.py:161} INFO - Started process (PID=1146) to work on /opt/airflow/dags/eda_airflow.py
[2025-07-19T05:54:55.794+0000] {processor.py:830} INFO - Processing file /opt/airflow/dags/eda_airflow.py for tasks to queue
[2025-07-19T05:54:58.775+0000] {logging_mixin.py:188} INFO - [2025-07-19T05:54:58.586+0000] {dagbag.py:538} INFO - Filling up the DagBag from /opt/airflow/dags/eda_airflow.py
[2025-07-19T05:55:03.937+0000] {processor.py:840} INFO - DAG(s) 'run_eda_script_fixed' retrieved from /opt/airflow/dags/eda_airflow.py
[2025-07-19T05:55:05.871+0000] {logging_mixin.py:188} INFO - [2025-07-19T05:55:05.871+0000] {dag.py:3036} INFO - Sync 1 DAGs
[2025-07-19T05:55:06.314+0000] {logging_mixin.py:188} INFO - [2025-07-19T05:55:06.313+0000] {dag.py:3823} INFO - Setting next_dagrun for run_eda_script_fixed to None, run_after=None
[2025-07-19T05:55:06.849+0000] {processor.py:183} INFO - Processing /opt/airflow/dags/eda_airflow.py took 42.971 seconds
[2025-07-19T05:56:06.504+0000] {processor.py:161} INFO - Started process (PID=1164) to work on /opt/airflow/dags/eda_airflow.py
[2025-07-19T05:56:06.506+0000] {processor.py:830} INFO - Processing file /opt/airflow/dags/eda_airflow.py for tasks to queue
[2025-07-19T05:56:06.509+0000] {logging_mixin.py:188} INFO - [2025-07-19T05:56:06.508+0000] {dagbag.py:538} INFO - Filling up the DagBag from /opt/airflow/dags/eda_airflow.py
[2025-07-19T05:56:07.358+0000] {processor.py:840} INFO - DAG(s) 'run_eda_script_fixed' retrieved from /opt/airflow/dags/eda_airflow.py
[2025-07-19T05:56:18.374+0000] {logging_mixin.py:188} INFO - [2025-07-19T05:56:18.373+0000] {dag.py:3036} INFO - Sync 1 DAGs
[2025-07-19T05:56:18.495+0000] {logging_mixin.py:188} INFO - [2025-07-19T05:56:18.494+0000] {dag.py:3823} INFO - Setting next_dagrun for run_eda_script_fixed to None, run_after=None
[2025-07-19T05:56:24.459+0000] {processor.py:183} INFO - Processing /opt/airflow/dags/eda_airflow.py took 17.991 seconds
[2025-07-19T05:56:59.020+0000] {processor.py:161} INFO - Started process (PID=1181) to work on /opt/airflow/dags/eda_airflow.py
[2025-07-19T05:56:59.022+0000] {processor.py:830} INFO - Processing file /opt/airflow/dags/eda_airflow.py for tasks to queue
[2025-07-19T05:56:59.024+0000] {logging_mixin.py:188} INFO - [2025-07-19T05:56:59.023+0000] {dagbag.py:538} INFO - Filling up the DagBag from /opt/airflow/dags/eda_airflow.py
[2025-07-19T05:56:59.119+0000] {processor.py:840} INFO - DAG(s) 'run_eda_script_fixed' retrieved from /opt/airflow/dags/eda_airflow.py
[2025-07-19T05:56:59.903+0000] {logging_mixin.py:188} INFO - [2025-07-19T05:56:59.884+0000] {dag.py:3036} INFO - Sync 1 DAGs
[2025-07-19T05:57:00.182+0000] {logging_mixin.py:188} INFO - [2025-07-19T05:57:00.182+0000] {dag.py:3823} INFO - Setting next_dagrun for run_eda_script_fixed to None, run_after=None
[2025-07-19T05:57:00.230+0000] {processor.py:183} INFO - Processing /opt/airflow/dags/eda_airflow.py took 1.217 seconds
[2025-07-19T05:57:32.623+0000] {processor.py:161} INFO - Started process (PID=1204) to work on /opt/airflow/dags/eda_airflow.py
[2025-07-19T05:57:32.645+0000] {processor.py:830} INFO - Processing file /opt/airflow/dags/eda_airflow.py for tasks to queue
[2025-07-19T05:57:32.647+0000] {logging_mixin.py:188} INFO - [2025-07-19T05:57:32.646+0000] {dagbag.py:538} INFO - Filling up the DagBag from /opt/airflow/dags/eda_airflow.py
[2025-07-19T05:57:34.039+0000] {processor.py:840} INFO - DAG(s) 'run_eda_script_fixed' retrieved from /opt/airflow/dags/eda_airflow.py
[2025-07-19T05:57:34.108+0000] {logging_mixin.py:188} INFO - [2025-07-19T05:57:34.108+0000] {dag.py:3036} INFO - Sync 1 DAGs
[2025-07-19T05:57:34.234+0000] {logging_mixin.py:188} INFO - [2025-07-19T05:57:34.234+0000] {dag.py:3823} INFO - Setting next_dagrun for run_eda_script_fixed to None, run_after=None
[2025-07-19T05:57:34.604+0000] {processor.py:183} INFO - Processing /opt/airflow/dags/eda_airflow.py took 2.514 seconds
[2025-07-19T05:58:31.546+0000] {processor.py:161} INFO - Started process (PID=1224) to work on /opt/airflow/dags/eda_airflow.py
[2025-07-19T05:58:31.548+0000] {processor.py:830} INFO - Processing file /opt/airflow/dags/eda_airflow.py for tasks to queue
[2025-07-19T05:58:31.551+0000] {logging_mixin.py:188} INFO - [2025-07-19T05:58:31.550+0000] {dagbag.py:538} INFO - Filling up the DagBag from /opt/airflow/dags/eda_airflow.py
[2025-07-19T05:58:31.918+0000] {processor.py:840} INFO - DAG(s) 'run_eda_script_fixed' retrieved from /opt/airflow/dags/eda_airflow.py
[2025-07-19T05:58:35.680+0000] {logging_mixin.py:188} INFO - [2025-07-19T05:58:35.680+0000] {dag.py:3036} INFO - Sync 1 DAGs
[2025-07-19T05:58:51.399+0000] {logging_mixin.py:188} INFO - [2025-07-19T05:58:51.398+0000] {dag.py:3823} INFO - Setting next_dagrun for run_eda_script_fixed to None, run_after=None
[2025-07-19T05:58:53.839+0000] {processor.py:183} INFO - Processing /opt/airflow/dags/eda_airflow.py took 22.309 seconds
[2025-07-19T05:59:58.347+0000] {processor.py:161} INFO - Started process (PID=1254) to work on /opt/airflow/dags/eda_airflow.py
[2025-07-19T05:59:58.350+0000] {processor.py:830} INFO - Processing file /opt/airflow/dags/eda_airflow.py for tasks to queue
[2025-07-19T05:59:58.353+0000] {logging_mixin.py:188} INFO - [2025-07-19T05:59:58.352+0000] {dagbag.py:538} INFO - Filling up the DagBag from /opt/airflow/dags/eda_airflow.py
[2025-07-19T05:59:59.643+0000] {processor.py:840} INFO - DAG(s) 'run_eda_script_fixed' retrieved from /opt/airflow/dags/eda_airflow.py
[2025-07-19T05:59:59.753+0000] {logging_mixin.py:188} INFO - [2025-07-19T05:59:59.753+0000] {dag.py:3036} INFO - Sync 1 DAGs
[2025-07-19T05:59:59.911+0000] {logging_mixin.py:188} INFO - [2025-07-19T05:59:59.911+0000] {dag.py:3823} INFO - Setting next_dagrun for run_eda_script_fixed to None, run_after=None
[2025-07-19T06:00:29.228+0000] {processor.py:183} INFO - Processing /opt/airflow/dags/eda_airflow.py took 30.928 seconds
[2025-07-19T06:01:50.453+0000] {processor.py:161} INFO - Started process (PID=1274) to work on /opt/airflow/dags/eda_airflow.py
[2025-07-19T06:01:50.454+0000] {processor.py:830} INFO - Processing file /opt/airflow/dags/eda_airflow.py for tasks to queue
[2025-07-19T06:01:50.456+0000] {logging_mixin.py:188} INFO - [2025-07-19T06:01:50.456+0000] {dagbag.py:538} INFO - Filling up the DagBag from /opt/airflow/dags/eda_airflow.py
[2025-07-19T06:01:50.553+0000] {processor.py:840} INFO - DAG(s) 'run_eda_script_fixed' retrieved from /opt/airflow/dags/eda_airflow.py
[2025-07-19T06:02:04.793+0000] {logging_mixin.py:188} INFO - [2025-07-19T06:02:04.792+0000] {dag.py:3036} INFO - Sync 1 DAGs
[2025-07-19T06:02:04.816+0000] {logging_mixin.py:188} INFO - [2025-07-19T06:02:04.816+0000] {dag.py:3823} INFO - Setting next_dagrun for run_eda_script_fixed to None, run_after=None
[2025-07-19T06:02:05.112+0000] {processor.py:183} INFO - Processing /opt/airflow/dags/eda_airflow.py took 14.747 seconds
[2025-07-19T06:02:43.170+0000] {processor.py:161} INFO - Started process (PID=1294) to work on /opt/airflow/dags/eda_airflow.py
[2025-07-19T06:02:43.234+0000] {processor.py:830} INFO - Processing file /opt/airflow/dags/eda_airflow.py for tasks to queue
[2025-07-19T06:02:43.289+0000] {logging_mixin.py:188} INFO - [2025-07-19T06:02:43.288+0000] {dagbag.py:538} INFO - Filling up the DagBag from /opt/airflow/dags/eda_airflow.py
[2025-07-19T06:02:43.481+0000] {processor.py:840} INFO - DAG(s) 'run_eda_script_fixed' retrieved from /opt/airflow/dags/eda_airflow.py
[2025-07-19T06:02:43.555+0000] {logging_mixin.py:188} INFO - [2025-07-19T06:02:43.554+0000] {dag.py:3036} INFO - Sync 1 DAGs
[2025-07-19T06:02:43.576+0000] {logging_mixin.py:188} INFO - [2025-07-19T06:02:43.575+0000] {dag.py:3823} INFO - Setting next_dagrun for run_eda_script_fixed to None, run_after=None
[2025-07-19T06:02:43.788+0000] {processor.py:183} INFO - Processing /opt/airflow/dags/eda_airflow.py took 1.603 seconds
[2025-07-19T06:03:19.437+0000] {processor.py:161} INFO - Started process (PID=1311) to work on /opt/airflow/dags/eda_airflow.py
[2025-07-19T06:03:19.440+0000] {processor.py:830} INFO - Processing file /opt/airflow/dags/eda_airflow.py for tasks to queue
[2025-07-19T06:03:19.442+0000] {logging_mixin.py:188} INFO - [2025-07-19T06:03:19.442+0000] {dagbag.py:538} INFO - Filling up the DagBag from /opt/airflow/dags/eda_airflow.py
[2025-07-19T06:03:19.763+0000] {processor.py:840} INFO - DAG(s) 'run_eda_script_fixed' retrieved from /opt/airflow/dags/eda_airflow.py
[2025-07-19T06:03:24.506+0000] {logging_mixin.py:188} INFO - [2025-07-19T06:03:24.506+0000] {dag.py:3036} INFO - Sync 1 DAGs
[2025-07-19T06:03:24.653+0000] {logging_mixin.py:188} INFO - [2025-07-19T06:03:24.653+0000] {dag.py:3823} INFO - Setting next_dagrun for run_eda_script_fixed to None, run_after=None
[2025-07-19T06:03:30.747+0000] {processor.py:183} INFO - Processing /opt/airflow/dags/eda_airflow.py took 14.726 seconds
[2025-07-19T06:04:02.617+0000] {processor.py:161} INFO - Started process (PID=1336) to work on /opt/airflow/dags/eda_airflow.py
[2025-07-19T06:04:02.618+0000] {processor.py:830} INFO - Processing file /opt/airflow/dags/eda_airflow.py for tasks to queue
[2025-07-19T06:04:02.620+0000] {logging_mixin.py:188} INFO - [2025-07-19T06:04:02.620+0000] {dagbag.py:538} INFO - Filling up the DagBag from /opt/airflow/dags/eda_airflow.py
[2025-07-19T06:04:02.740+0000] {processor.py:840} INFO - DAG(s) 'run_eda_script_fixed' retrieved from /opt/airflow/dags/eda_airflow.py
[2025-07-19T06:04:02.844+0000] {logging_mixin.py:188} INFO - [2025-07-19T06:04:02.844+0000] {dag.py:3036} INFO - Sync 1 DAGs
[2025-07-19T06:04:02.871+0000] {logging_mixin.py:188} INFO - [2025-07-19T06:04:02.871+0000] {dag.py:3823} INFO - Setting next_dagrun for run_eda_script_fixed to None, run_after=None
[2025-07-19T06:04:02.914+0000] {processor.py:183} INFO - Processing /opt/airflow/dags/eda_airflow.py took 0.303 seconds
[2025-07-19T06:04:33.451+0000] {processor.py:161} INFO - Started process (PID=1359) to work on /opt/airflow/dags/eda_airflow.py
[2025-07-19T06:04:33.453+0000] {processor.py:830} INFO - Processing file /opt/airflow/dags/eda_airflow.py for tasks to queue
[2025-07-19T06:04:33.455+0000] {logging_mixin.py:188} INFO - [2025-07-19T06:04:33.454+0000] {dagbag.py:538} INFO - Filling up the DagBag from /opt/airflow/dags/eda_airflow.py
[2025-07-19T06:04:33.517+0000] {processor.py:840} INFO - DAG(s) 'run_eda_script_fixed' retrieved from /opt/airflow/dags/eda_airflow.py
[2025-07-19T06:04:33.575+0000] {logging_mixin.py:188} INFO - [2025-07-19T06:04:33.574+0000] {dag.py:3036} INFO - Sync 1 DAGs
[2025-07-19T06:04:33.599+0000] {logging_mixin.py:188} INFO - [2025-07-19T06:04:33.599+0000] {dag.py:3823} INFO - Setting next_dagrun for run_eda_script_fixed to None, run_after=None
[2025-07-19T06:04:33.637+0000] {processor.py:183} INFO - Processing /opt/airflow/dags/eda_airflow.py took 0.191 seconds
[2025-07-19T06:05:03.845+0000] {processor.py:161} INFO - Started process (PID=1379) to work on /opt/airflow/dags/eda_airflow.py
[2025-07-19T06:05:03.846+0000] {processor.py:830} INFO - Processing file /opt/airflow/dags/eda_airflow.py for tasks to queue
[2025-07-19T06:05:03.848+0000] {logging_mixin.py:188} INFO - [2025-07-19T06:05:03.847+0000] {dagbag.py:538} INFO - Filling up the DagBag from /opt/airflow/dags/eda_airflow.py
[2025-07-19T06:05:03.881+0000] {processor.py:840} INFO - DAG(s) 'run_eda_script_fixed' retrieved from /opt/airflow/dags/eda_airflow.py
[2025-07-19T06:05:05.615+0000] {logging_mixin.py:188} INFO - [2025-07-19T06:05:05.614+0000] {dag.py:3036} INFO - Sync 1 DAGs
[2025-07-19T06:05:05.649+0000] {logging_mixin.py:188} INFO - [2025-07-19T06:05:05.649+0000] {dag.py:3823} INFO - Setting next_dagrun for run_eda_script_fixed to None, run_after=None
[2025-07-19T06:05:05.965+0000] {processor.py:183} INFO - Processing /opt/airflow/dags/eda_airflow.py took 2.125 seconds
[2025-07-19T06:05:36.318+0000] {processor.py:161} INFO - Started process (PID=1400) to work on /opt/airflow/dags/eda_airflow.py
[2025-07-19T06:05:36.320+0000] {processor.py:830} INFO - Processing file /opt/airflow/dags/eda_airflow.py for tasks to queue
[2025-07-19T06:05:36.322+0000] {logging_mixin.py:188} INFO - [2025-07-19T06:05:36.321+0000] {dagbag.py:538} INFO - Filling up the DagBag from /opt/airflow/dags/eda_airflow.py
[2025-07-19T06:05:36.437+0000] {processor.py:840} INFO - DAG(s) 'run_eda_script_fixed' retrieved from /opt/airflow/dags/eda_airflow.py
[2025-07-19T06:05:36.477+0000] {logging_mixin.py:188} INFO - [2025-07-19T06:05:36.477+0000] {dag.py:3036} INFO - Sync 1 DAGs
[2025-07-19T06:05:36.517+0000] {logging_mixin.py:188} INFO - [2025-07-19T06:05:36.516+0000] {dag.py:3823} INFO - Setting next_dagrun for run_eda_script_fixed to None, run_after=None
[2025-07-19T06:05:36.549+0000] {processor.py:183} INFO - Processing /opt/airflow/dags/eda_airflow.py took 0.235 seconds
[2025-07-19T06:06:07.233+0000] {processor.py:161} INFO - Started process (PID=1423) to work on /opt/airflow/dags/eda_airflow.py
[2025-07-19T06:06:07.235+0000] {processor.py:830} INFO - Processing file /opt/airflow/dags/eda_airflow.py for tasks to queue
[2025-07-19T06:06:07.237+0000] {logging_mixin.py:188} INFO - [2025-07-19T06:06:07.236+0000] {dagbag.py:538} INFO - Filling up the DagBag from /opt/airflow/dags/eda_airflow.py
[2025-07-19T06:06:07.373+0000] {processor.py:840} INFO - DAG(s) 'run_eda_script_fixed' retrieved from /opt/airflow/dags/eda_airflow.py
[2025-07-19T06:06:07.534+0000] {logging_mixin.py:188} INFO - [2025-07-19T06:06:07.534+0000] {dag.py:3036} INFO - Sync 1 DAGs
[2025-07-19T06:06:07.555+0000] {logging_mixin.py:188} INFO - [2025-07-19T06:06:07.555+0000] {dag.py:3823} INFO - Setting next_dagrun for run_eda_script_fixed to None, run_after=None
[2025-07-19T06:06:07.624+0000] {processor.py:183} INFO - Processing /opt/airflow/dags/eda_airflow.py took 0.397 seconds
[2025-07-19T06:06:37.860+0000] {processor.py:161} INFO - Started process (PID=1445) to work on /opt/airflow/dags/eda_airflow.py
[2025-07-19T06:06:37.863+0000] {processor.py:830} INFO - Processing file /opt/airflow/dags/eda_airflow.py for tasks to queue
[2025-07-19T06:06:37.865+0000] {logging_mixin.py:188} INFO - [2025-07-19T06:06:37.864+0000] {dagbag.py:538} INFO - Filling up the DagBag from /opt/airflow/dags/eda_airflow.py
[2025-07-19T06:06:37.901+0000] {processor.py:840} INFO - DAG(s) 'run_eda_script_fixed' retrieved from /opt/airflow/dags/eda_airflow.py
[2025-07-19T06:06:38.667+0000] {logging_mixin.py:188} INFO - [2025-07-19T06:06:38.666+0000] {dag.py:3036} INFO - Sync 1 DAGs
[2025-07-19T06:06:38.790+0000] {logging_mixin.py:188} INFO - [2025-07-19T06:06:38.789+0000] {dag.py:3823} INFO - Setting next_dagrun for run_eda_script_fixed to None, run_after=None
[2025-07-19T06:06:38.832+0000] {processor.py:183} INFO - Processing /opt/airflow/dags/eda_airflow.py took 0.976 seconds
[2025-07-19T06:07:19.836+0000] {processor.py:161} INFO - Started process (PID=1466) to work on /opt/airflow/dags/eda_airflow.py
[2025-07-19T06:07:22.850+0000] {processor.py:830} INFO - Processing file /opt/airflow/dags/eda_airflow.py for tasks to queue
[2025-07-19T06:07:24.635+0000] {logging_mixin.py:188} INFO - [2025-07-19T06:07:23.778+0000] {dagbag.py:538} INFO - Filling up the DagBag from /opt/airflow/dags/eda_airflow.py
[2025-07-19T06:07:33.131+0000] {processor.py:840} INFO - DAG(s) 'run_eda_script_fixed' retrieved from /opt/airflow/dags/eda_airflow.py
[2025-07-19T06:07:42.724+0000] {logging_mixin.py:188} INFO - [2025-07-19T06:07:42.724+0000] {dag.py:3036} INFO - Sync 1 DAGs
[2025-07-19T06:07:43.500+0000] {logging_mixin.py:188} INFO - [2025-07-19T06:07:43.499+0000] {dag.py:3823} INFO - Setting next_dagrun for run_eda_script_fixed to None, run_after=None
[2025-07-19T06:07:46.991+0000] {processor.py:183} INFO - Processing /opt/airflow/dags/eda_airflow.py took 30.105 seconds
[2025-07-19T06:08:26.574+0000] {processor.py:161} INFO - Started process (PID=1490) to work on /opt/airflow/dags/eda_airflow.py
[2025-07-19T06:08:26.576+0000] {processor.py:830} INFO - Processing file /opt/airflow/dags/eda_airflow.py for tasks to queue
[2025-07-19T06:08:26.578+0000] {logging_mixin.py:188} INFO - [2025-07-19T06:08:26.577+0000] {dagbag.py:538} INFO - Filling up the DagBag from /opt/airflow/dags/eda_airflow.py
[2025-07-19T06:08:26.608+0000] {processor.py:840} INFO - DAG(s) 'run_eda_script_fixed' retrieved from /opt/airflow/dags/eda_airflow.py
[2025-07-19T06:08:26.821+0000] {logging_mixin.py:188} INFO - [2025-07-19T06:08:26.821+0000] {dag.py:3036} INFO - Sync 1 DAGs
[2025-07-19T06:08:27.101+0000] {logging_mixin.py:188} INFO - [2025-07-19T06:08:27.101+0000] {dag.py:3823} INFO - Setting next_dagrun for run_eda_script_fixed to None, run_after=None
[2025-07-19T06:08:27.134+0000] {processor.py:183} INFO - Processing /opt/airflow/dags/eda_airflow.py took 0.565 seconds
[2025-07-19T06:10:30.295+0000] {processor.py:161} INFO - Started process (PID=1508) to work on /opt/airflow/dags/eda_airflow.py
[2025-07-19T06:10:30.347+0000] {processor.py:830} INFO - Processing file /opt/airflow/dags/eda_airflow.py for tasks to queue
[2025-07-19T06:10:30.348+0000] {logging_mixin.py:188} INFO - [2025-07-19T06:10:30.348+0000] {dagbag.py:538} INFO - Filling up the DagBag from /opt/airflow/dags/eda_airflow.py
[2025-07-19T06:10:30.649+0000] {processor.py:840} INFO - DAG(s) 'run_eda_script_fixed' retrieved from /opt/airflow/dags/eda_airflow.py
[2025-07-19T06:10:35.165+0000] {logging_mixin.py:188} INFO - [2025-07-19T06:10:35.165+0000] {dag.py:3036} INFO - Sync 1 DAGs
[2025-07-19T06:10:35.624+0000] {logging_mixin.py:188} INFO - [2025-07-19T06:10:35.624+0000] {dag.py:3823} INFO - Setting next_dagrun for run_eda_script_fixed to None, run_after=None
[2025-07-19T06:10:37.446+0000] {processor.py:183} INFO - Processing /opt/airflow/dags/eda_airflow.py took 7.157 seconds
[2025-07-19T06:12:31.474+0000] {processor.py:161} INFO - Started process (PID=1526) to work on /opt/airflow/dags/eda_airflow.py
[2025-07-19T06:12:31.519+0000] {processor.py:830} INFO - Processing file /opt/airflow/dags/eda_airflow.py for tasks to queue
[2025-07-19T06:12:31.521+0000] {logging_mixin.py:188} INFO - [2025-07-19T06:12:31.521+0000] {dagbag.py:538} INFO - Filling up the DagBag from /opt/airflow/dags/eda_airflow.py
[2025-07-19T06:12:31.546+0000] {processor.py:840} INFO - DAG(s) 'run_eda_script_fixed' retrieved from /opt/airflow/dags/eda_airflow.py
[2025-07-19T06:12:35.242+0000] {logging_mixin.py:188} INFO - [2025-07-19T06:12:35.242+0000] {dag.py:3036} INFO - Sync 1 DAGs
[2025-07-19T06:12:40.884+0000] {logging_mixin.py:188} INFO - [2025-07-19T06:12:40.884+0000] {dag.py:3823} INFO - Setting next_dagrun for run_eda_script_fixed to None, run_after=None
[2025-07-19T06:12:41.511+0000] {processor.py:183} INFO - Processing /opt/airflow/dags/eda_airflow.py took 10.044 seconds
[2025-07-19T06:14:28.458+0000] {processor.py:161} INFO - Started process (PID=1548) to work on /opt/airflow/dags/eda_airflow.py
[2025-07-19T06:14:28.689+0000] {processor.py:830} INFO - Processing file /opt/airflow/dags/eda_airflow.py for tasks to queue
[2025-07-19T06:14:29.087+0000] {logging_mixin.py:188} INFO - [2025-07-19T06:14:29.087+0000] {dagbag.py:538} INFO - Filling up the DagBag from /opt/airflow/dags/eda_airflow.py
[2025-07-19T06:14:35.122+0000] {processor.py:840} INFO - DAG(s) 'run_eda_script_fixed' retrieved from /opt/airflow/dags/eda_airflow.py
[2025-07-19T06:14:36.289+0000] {logging_mixin.py:188} INFO - [2025-07-19T06:14:36.289+0000] {dag.py:3036} INFO - Sync 1 DAGs
[2025-07-19T06:14:47.534+0000] {logging_mixin.py:188} INFO - [2025-07-19T06:14:47.534+0000] {dag.py:3823} INFO - Setting next_dagrun for run_eda_script_fixed to None, run_after=None
[2025-07-19T06:14:48.605+0000] {processor.py:183} INFO - Processing /opt/airflow/dags/eda_airflow.py took 28.913 seconds
[2025-07-19T06:15:19.394+0000] {processor.py:161} INFO - Started process (PID=1582) to work on /opt/airflow/dags/eda_airflow.py
[2025-07-19T06:15:19.395+0000] {processor.py:830} INFO - Processing file /opt/airflow/dags/eda_airflow.py for tasks to queue
[2025-07-19T06:15:19.397+0000] {logging_mixin.py:188} INFO - [2025-07-19T06:15:19.396+0000] {dagbag.py:538} INFO - Filling up the DagBag from /opt/airflow/dags/eda_airflow.py
[2025-07-19T06:15:19.408+0000] {processor.py:840} INFO - DAG(s) 'run_eda_script_fixed' retrieved from /opt/airflow/dags/eda_airflow.py
[2025-07-19T06:15:19.435+0000] {logging_mixin.py:188} INFO - [2025-07-19T06:15:19.434+0000] {dag.py:3036} INFO - Sync 1 DAGs
[2025-07-19T06:15:19.448+0000] {logging_mixin.py:188} INFO - [2025-07-19T06:15:19.447+0000] {dag.py:3823} INFO - Setting next_dagrun for run_eda_script_fixed to None, run_after=None
[2025-07-19T06:15:19.472+0000] {processor.py:183} INFO - Processing /opt/airflow/dags/eda_airflow.py took 0.084 seconds
[2025-07-19T06:15:50.184+0000] {processor.py:161} INFO - Started process (PID=1605) to work on /opt/airflow/dags/eda_airflow.py
[2025-07-19T06:15:50.185+0000] {processor.py:830} INFO - Processing file /opt/airflow/dags/eda_airflow.py for tasks to queue
[2025-07-19T06:15:50.186+0000] {logging_mixin.py:188} INFO - [2025-07-19T06:15:50.185+0000] {dagbag.py:538} INFO - Filling up the DagBag from /opt/airflow/dags/eda_airflow.py
[2025-07-19T06:15:50.194+0000] {processor.py:840} INFO - DAG(s) 'run_eda_script_fixed' retrieved from /opt/airflow/dags/eda_airflow.py
[2025-07-19T06:15:50.227+0000] {logging_mixin.py:188} INFO - [2025-07-19T06:15:50.226+0000] {dag.py:3036} INFO - Sync 1 DAGs
[2025-07-19T06:15:50.248+0000] {logging_mixin.py:188} INFO - [2025-07-19T06:15:50.248+0000] {dag.py:3823} INFO - Setting next_dagrun for run_eda_script_fixed to None, run_after=None
[2025-07-19T06:15:50.271+0000] {processor.py:183} INFO - Processing /opt/airflow/dags/eda_airflow.py took 0.091 seconds
[2025-07-19T06:16:44.725+0000] {processor.py:161} INFO - Started process (PID=1628) to work on /opt/airflow/dags/eda_airflow.py
[2025-07-19T06:16:44.726+0000] {processor.py:830} INFO - Processing file /opt/airflow/dags/eda_airflow.py for tasks to queue
[2025-07-19T06:16:44.727+0000] {logging_mixin.py:188} INFO - [2025-07-19T06:16:44.727+0000] {dagbag.py:538} INFO - Filling up the DagBag from /opt/airflow/dags/eda_airflow.py
[2025-07-19T06:16:44.788+0000] {processor.py:840} INFO - DAG(s) 'run_eda_script_fixed' retrieved from /opt/airflow/dags/eda_airflow.py
[2025-07-19T06:16:44.814+0000] {logging_mixin.py:188} INFO - [2025-07-19T06:16:44.814+0000] {dag.py:3036} INFO - Sync 1 DAGs
[2025-07-19T06:16:44.826+0000] {logging_mixin.py:188} INFO - [2025-07-19T06:16:44.825+0000] {dag.py:3823} INFO - Setting next_dagrun for run_eda_script_fixed to None, run_after=None
[2025-07-19T06:16:44.850+0000] {processor.py:183} INFO - Processing /opt/airflow/dags/eda_airflow.py took 0.128 seconds
[2025-07-19T06:17:15.084+0000] {processor.py:161} INFO - Started process (PID=1654) to work on /opt/airflow/dags/eda_airflow.py
[2025-07-19T06:17:15.085+0000] {processor.py:830} INFO - Processing file /opt/airflow/dags/eda_airflow.py for tasks to queue
[2025-07-19T06:17:15.086+0000] {logging_mixin.py:188} INFO - [2025-07-19T06:17:15.086+0000] {dagbag.py:538} INFO - Filling up the DagBag from /opt/airflow/dags/eda_airflow.py
[2025-07-19T06:17:15.163+0000] {processor.py:840} INFO - DAG(s) 'run_eda_script_fixed' retrieved from /opt/airflow/dags/eda_airflow.py
[2025-07-19T06:17:15.193+0000] {logging_mixin.py:188} INFO - [2025-07-19T06:17:15.193+0000] {dag.py:3036} INFO - Sync 1 DAGs
[2025-07-19T06:17:15.208+0000] {logging_mixin.py:188} INFO - [2025-07-19T06:17:15.208+0000] {dag.py:3823} INFO - Setting next_dagrun for run_eda_script_fixed to None, run_after=None
[2025-07-19T06:17:15.232+0000] {processor.py:183} INFO - Processing /opt/airflow/dags/eda_airflow.py took 0.152 seconds
[2025-07-19T06:17:45.656+0000] {processor.py:161} INFO - Started process (PID=1694) to work on /opt/airflow/dags/eda_airflow.py
[2025-07-19T06:17:45.657+0000] {processor.py:830} INFO - Processing file /opt/airflow/dags/eda_airflow.py for tasks to queue
[2025-07-19T06:17:45.658+0000] {logging_mixin.py:188} INFO - [2025-07-19T06:17:45.658+0000] {dagbag.py:538} INFO - Filling up the DagBag from /opt/airflow/dags/eda_airflow.py
[2025-07-19T06:17:45.696+0000] {processor.py:840} INFO - DAG(s) 'run_eda_script_fixed' retrieved from /opt/airflow/dags/eda_airflow.py
[2025-07-19T06:17:45.761+0000] {logging_mixin.py:188} INFO - [2025-07-19T06:17:45.760+0000] {dag.py:3036} INFO - Sync 1 DAGs
[2025-07-19T06:17:45.957+0000] {logging_mixin.py:188} INFO - [2025-07-19T06:17:45.957+0000] {dag.py:3823} INFO - Setting next_dagrun for run_eda_script_fixed to None, run_after=None
[2025-07-19T06:17:46.069+0000] {processor.py:183} INFO - Processing /opt/airflow/dags/eda_airflow.py took 0.416 seconds
[2025-07-19T06:19:03.867+0000] {processor.py:161} INFO - Started process (PID=1721) to work on /opt/airflow/dags/eda_airflow.py
[2025-07-19T06:19:03.868+0000] {processor.py:830} INFO - Processing file /opt/airflow/dags/eda_airflow.py for tasks to queue
[2025-07-19T06:19:03.869+0000] {logging_mixin.py:188} INFO - [2025-07-19T06:19:03.869+0000] {dagbag.py:538} INFO - Filling up the DagBag from /opt/airflow/dags/eda_airflow.py
[2025-07-19T06:19:03.880+0000] {processor.py:840} INFO - DAG(s) 'run_eda_script_fixed' retrieved from /opt/airflow/dags/eda_airflow.py
[2025-07-19T06:19:03.904+0000] {logging_mixin.py:188} INFO - [2025-07-19T06:19:03.904+0000] {dag.py:3036} INFO - Sync 1 DAGs
[2025-07-19T06:19:04.974+0000] {logging_mixin.py:188} INFO - [2025-07-19T06:19:04.974+0000] {dag.py:3823} INFO - Setting next_dagrun for run_eda_script_fixed to None, run_after=None
[2025-07-19T06:19:06.521+0000] {processor.py:183} INFO - Processing /opt/airflow/dags/eda_airflow.py took 2.657 seconds
[2025-07-19T06:19:55.535+0000] {processor.py:161} INFO - Started process (PID=1743) to work on /opt/airflow/dags/eda_airflow.py
[2025-07-19T06:19:55.537+0000] {processor.py:830} INFO - Processing file /opt/airflow/dags/eda_airflow.py for tasks to queue
[2025-07-19T06:19:55.538+0000] {logging_mixin.py:188} INFO - [2025-07-19T06:19:55.537+0000] {dagbag.py:538} INFO - Filling up the DagBag from /opt/airflow/dags/eda_airflow.py
[2025-07-19T06:19:56.156+0000] {processor.py:840} INFO - DAG(s) 'run_eda_script_fixed' retrieved from /opt/airflow/dags/eda_airflow.py
[2025-07-19T06:19:59.949+0000] {logging_mixin.py:188} INFO - [2025-07-19T06:19:59.948+0000] {dag.py:3036} INFO - Sync 1 DAGs
[2025-07-19T06:19:59.961+0000] {logging_mixin.py:188} INFO - [2025-07-19T06:19:59.960+0000] {dag.py:3823} INFO - Setting next_dagrun for run_eda_script_fixed to None, run_after=None
[2025-07-19T06:20:00.136+0000] {processor.py:183} INFO - Processing /opt/airflow/dags/eda_airflow.py took 4.592 seconds
[2025-07-19T06:20:31.301+0000] {processor.py:161} INFO - Started process (PID=1765) to work on /opt/airflow/dags/eda_airflow.py
[2025-07-19T06:20:31.302+0000] {processor.py:830} INFO - Processing file /opt/airflow/dags/eda_airflow.py for tasks to queue
[2025-07-19T06:20:31.304+0000] {logging_mixin.py:188} INFO - [2025-07-19T06:20:31.303+0000] {dagbag.py:538} INFO - Filling up the DagBag from /opt/airflow/dags/eda_airflow.py
[2025-07-19T06:20:31.323+0000] {processor.py:840} INFO - DAG(s) 'run_eda_script_fixed' retrieved from /opt/airflow/dags/eda_airflow.py
[2025-07-19T06:20:31.354+0000] {logging_mixin.py:188} INFO - [2025-07-19T06:20:31.354+0000] {dag.py:3036} INFO - Sync 1 DAGs
[2025-07-19T06:20:31.366+0000] {logging_mixin.py:188} INFO - [2025-07-19T06:20:31.366+0000] {dag.py:3823} INFO - Setting next_dagrun for run_eda_script_fixed to None, run_after=None
[2025-07-19T06:20:31.385+0000] {processor.py:183} INFO - Processing /opt/airflow/dags/eda_airflow.py took 0.092 seconds
[2025-07-19T06:21:02.318+0000] {processor.py:161} INFO - Started process (PID=1785) to work on /opt/airflow/dags/eda_airflow.py
[2025-07-19T06:21:02.319+0000] {processor.py:830} INFO - Processing file /opt/airflow/dags/eda_airflow.py for tasks to queue
[2025-07-19T06:21:02.319+0000] {logging_mixin.py:188} INFO - [2025-07-19T06:21:02.319+0000] {dagbag.py:538} INFO - Filling up the DagBag from /opt/airflow/dags/eda_airflow.py
[2025-07-19T06:21:02.382+0000] {processor.py:840} INFO - DAG(s) 'run_eda_script_fixed' retrieved from /opt/airflow/dags/eda_airflow.py
[2025-07-19T06:21:02.404+0000] {logging_mixin.py:188} INFO - [2025-07-19T06:21:02.404+0000] {dag.py:3036} INFO - Sync 1 DAGs
[2025-07-19T06:21:02.414+0000] {logging_mixin.py:188} INFO - [2025-07-19T06:21:02.414+0000] {dag.py:3823} INFO - Setting next_dagrun for run_eda_script_fixed to None, run_after=None
[2025-07-19T06:21:02.431+0000] {processor.py:183} INFO - Processing /opt/airflow/dags/eda_airflow.py took 0.116 seconds
[2025-07-19T06:21:33.066+0000] {processor.py:161} INFO - Started process (PID=1805) to work on /opt/airflow/dags/eda_airflow.py
[2025-07-19T06:21:33.067+0000] {processor.py:830} INFO - Processing file /opt/airflow/dags/eda_airflow.py for tasks to queue
[2025-07-19T06:21:33.068+0000] {logging_mixin.py:188} INFO - [2025-07-19T06:21:33.068+0000] {dagbag.py:538} INFO - Filling up the DagBag from /opt/airflow/dags/eda_airflow.py
[2025-07-19T06:21:33.126+0000] {processor.py:840} INFO - DAG(s) 'run_eda_script_fixed' retrieved from /opt/airflow/dags/eda_airflow.py
[2025-07-19T06:21:33.418+0000] {logging_mixin.py:188} INFO - [2025-07-19T06:21:33.418+0000] {dag.py:3036} INFO - Sync 1 DAGs
[2025-07-19T06:21:33.570+0000] {logging_mixin.py:188} INFO - [2025-07-19T06:21:33.570+0000] {dag.py:3823} INFO - Setting next_dagrun for run_eda_script_fixed to None, run_after=None
[2025-07-19T06:21:33.638+0000] {processor.py:183} INFO - Processing /opt/airflow/dags/eda_airflow.py took 0.575 seconds
[2025-07-19T06:22:04.595+0000] {processor.py:161} INFO - Started process (PID=1827) to work on /opt/airflow/dags/eda_airflow.py
[2025-07-19T06:22:04.596+0000] {processor.py:830} INFO - Processing file /opt/airflow/dags/eda_airflow.py for tasks to queue
[2025-07-19T06:22:04.597+0000] {logging_mixin.py:188} INFO - [2025-07-19T06:22:04.597+0000] {dagbag.py:538} INFO - Filling up the DagBag from /opt/airflow/dags/eda_airflow.py
[2025-07-19T06:22:04.719+0000] {processor.py:840} INFO - DAG(s) 'run_eda_script_fixed' retrieved from /opt/airflow/dags/eda_airflow.py
[2025-07-19T06:22:04.744+0000] {logging_mixin.py:188} INFO - [2025-07-19T06:22:04.743+0000] {dag.py:3036} INFO - Sync 1 DAGs
[2025-07-19T06:22:04.756+0000] {logging_mixin.py:188} INFO - [2025-07-19T06:22:04.756+0000] {dag.py:3823} INFO - Setting next_dagrun for run_eda_script_fixed to None, run_after=None
[2025-07-19T06:22:04.775+0000] {processor.py:183} INFO - Processing /opt/airflow/dags/eda_airflow.py took 0.183 seconds
[2025-07-19T06:22:35.149+0000] {processor.py:161} INFO - Started process (PID=1863) to work on /opt/airflow/dags/eda_airflow.py
[2025-07-19T06:22:35.150+0000] {processor.py:830} INFO - Processing file /opt/airflow/dags/eda_airflow.py for tasks to queue
[2025-07-19T06:22:35.151+0000] {logging_mixin.py:188} INFO - [2025-07-19T06:22:35.151+0000] {dagbag.py:538} INFO - Filling up the DagBag from /opt/airflow/dags/eda_airflow.py
[2025-07-19T06:22:35.225+0000] {processor.py:840} INFO - DAG(s) 'run_eda_script_fixed' retrieved from /opt/airflow/dags/eda_airflow.py
[2025-07-19T06:22:35.251+0000] {logging_mixin.py:188} INFO - [2025-07-19T06:22:35.251+0000] {dag.py:3036} INFO - Sync 1 DAGs
[2025-07-19T06:22:35.263+0000] {logging_mixin.py:188} INFO - [2025-07-19T06:22:35.263+0000] {dag.py:3823} INFO - Setting next_dagrun for run_eda_script_fixed to None, run_after=None
[2025-07-19T06:22:35.285+0000] {processor.py:183} INFO - Processing /opt/airflow/dags/eda_airflow.py took 0.139 seconds
[2025-07-19T06:23:05.772+0000] {processor.py:161} INFO - Started process (PID=1883) to work on /opt/airflow/dags/eda_airflow.py
[2025-07-19T06:23:05.773+0000] {processor.py:830} INFO - Processing file /opt/airflow/dags/eda_airflow.py for tasks to queue
[2025-07-19T06:23:05.774+0000] {logging_mixin.py:188} INFO - [2025-07-19T06:23:05.774+0000] {dagbag.py:538} INFO - Filling up the DagBag from /opt/airflow/dags/eda_airflow.py
[2025-07-19T06:23:05.785+0000] {processor.py:840} INFO - DAG(s) 'run_eda_script_fixed' retrieved from /opt/airflow/dags/eda_airflow.py
[2025-07-19T06:23:05.809+0000] {logging_mixin.py:188} INFO - [2025-07-19T06:23:05.809+0000] {dag.py:3036} INFO - Sync 1 DAGs
[2025-07-19T06:23:05.820+0000] {logging_mixin.py:188} INFO - [2025-07-19T06:23:05.820+0000] {dag.py:3823} INFO - Setting next_dagrun for run_eda_script_fixed to None, run_after=None
[2025-07-19T06:23:05.838+0000] {processor.py:183} INFO - Processing /opt/airflow/dags/eda_airflow.py took 0.071 seconds
[2025-07-19T06:23:36.263+0000] {processor.py:161} INFO - Started process (PID=1903) to work on /opt/airflow/dags/eda_airflow.py
[2025-07-19T06:23:36.264+0000] {processor.py:830} INFO - Processing file /opt/airflow/dags/eda_airflow.py for tasks to queue
[2025-07-19T06:23:36.265+0000] {logging_mixin.py:188} INFO - [2025-07-19T06:23:36.264+0000] {dagbag.py:538} INFO - Filling up the DagBag from /opt/airflow/dags/eda_airflow.py
[2025-07-19T06:23:36.275+0000] {processor.py:840} INFO - DAG(s) 'run_eda_script_fixed' retrieved from /opt/airflow/dags/eda_airflow.py
[2025-07-19T06:23:36.302+0000] {logging_mixin.py:188} INFO - [2025-07-19T06:23:36.302+0000] {dag.py:3036} INFO - Sync 1 DAGs
[2025-07-19T06:23:36.314+0000] {logging_mixin.py:188} INFO - [2025-07-19T06:23:36.313+0000] {dag.py:3823} INFO - Setting next_dagrun for run_eda_script_fixed to None, run_after=None
[2025-07-19T06:23:36.333+0000] {processor.py:183} INFO - Processing /opt/airflow/dags/eda_airflow.py took 0.074 seconds
[2025-07-19T06:24:07.199+0000] {processor.py:161} INFO - Started process (PID=1933) to work on /opt/airflow/dags/eda_airflow.py
[2025-07-19T06:24:07.201+0000] {processor.py:830} INFO - Processing file /opt/airflow/dags/eda_airflow.py for tasks to queue
[2025-07-19T06:24:07.202+0000] {logging_mixin.py:188} INFO - [2025-07-19T06:24:07.201+0000] {dagbag.py:538} INFO - Filling up the DagBag from /opt/airflow/dags/eda_airflow.py
[2025-07-19T06:24:07.211+0000] {processor.py:840} INFO - DAG(s) 'run_eda_script_fixed' retrieved from /opt/airflow/dags/eda_airflow.py
[2025-07-19T06:24:07.241+0000] {logging_mixin.py:188} INFO - [2025-07-19T06:24:07.240+0000] {dag.py:3036} INFO - Sync 1 DAGs
[2025-07-19T06:24:07.252+0000] {logging_mixin.py:188} INFO - [2025-07-19T06:24:07.251+0000] {dag.py:3823} INFO - Setting next_dagrun for run_eda_script_fixed to None, run_after=None
[2025-07-19T06:24:07.273+0000] {processor.py:183} INFO - Processing /opt/airflow/dags/eda_airflow.py took 0.078 seconds
[2025-07-19T06:24:37.901+0000] {processor.py:161} INFO - Started process (PID=1972) to work on /opt/airflow/dags/eda_airflow.py
[2025-07-19T06:24:37.902+0000] {processor.py:830} INFO - Processing file /opt/airflow/dags/eda_airflow.py for tasks to queue
[2025-07-19T06:24:37.903+0000] {logging_mixin.py:188} INFO - [2025-07-19T06:24:37.903+0000] {dagbag.py:538} INFO - Filling up the DagBag from /opt/airflow/dags/eda_airflow.py
[2025-07-19T06:24:37.913+0000] {processor.py:840} INFO - DAG(s) 'run_eda_script_fixed' retrieved from /opt/airflow/dags/eda_airflow.py
[2025-07-19T06:24:37.957+0000] {logging_mixin.py:188} INFO - [2025-07-19T06:24:37.957+0000] {dag.py:3036} INFO - Sync 1 DAGs
[2025-07-19T06:24:37.992+0000] {logging_mixin.py:188} INFO - [2025-07-19T06:24:37.991+0000] {dag.py:3823} INFO - Setting next_dagrun for run_eda_script_fixed to None, run_after=None
[2025-07-19T06:24:38.028+0000] {processor.py:183} INFO - Processing /opt/airflow/dags/eda_airflow.py took 0.130 seconds
[2025-07-19T06:25:08.308+0000] {processor.py:161} INFO - Started process (PID=1992) to work on /opt/airflow/dags/eda_airflow.py
[2025-07-19T06:25:08.309+0000] {processor.py:830} INFO - Processing file /opt/airflow/dags/eda_airflow.py for tasks to queue
[2025-07-19T06:25:08.309+0000] {logging_mixin.py:188} INFO - [2025-07-19T06:25:08.309+0000] {dagbag.py:538} INFO - Filling up the DagBag from /opt/airflow/dags/eda_airflow.py
[2025-07-19T06:25:08.320+0000] {processor.py:840} INFO - DAG(s) 'run_eda_script_fixed' retrieved from /opt/airflow/dags/eda_airflow.py
[2025-07-19T06:25:08.346+0000] {logging_mixin.py:188} INFO - [2025-07-19T06:25:08.345+0000] {dag.py:3036} INFO - Sync 1 DAGs
[2025-07-19T06:25:08.357+0000] {logging_mixin.py:188} INFO - [2025-07-19T06:25:08.357+0000] {dag.py:3823} INFO - Setting next_dagrun for run_eda_script_fixed to None, run_after=None
[2025-07-19T06:25:08.376+0000] {processor.py:183} INFO - Processing /opt/airflow/dags/eda_airflow.py took 0.072 seconds
[2025-07-19T06:25:38.834+0000] {processor.py:161} INFO - Started process (PID=2012) to work on /opt/airflow/dags/eda_airflow.py
[2025-07-19T06:25:38.835+0000] {processor.py:830} INFO - Processing file /opt/airflow/dags/eda_airflow.py for tasks to queue
[2025-07-19T06:25:38.836+0000] {logging_mixin.py:188} INFO - [2025-07-19T06:25:38.836+0000] {dagbag.py:538} INFO - Filling up the DagBag from /opt/airflow/dags/eda_airflow.py
[2025-07-19T06:25:38.873+0000] {processor.py:840} INFO - DAG(s) 'run_eda_script_fixed' retrieved from /opt/airflow/dags/eda_airflow.py
[2025-07-19T06:25:38.904+0000] {logging_mixin.py:188} INFO - [2025-07-19T06:25:38.904+0000] {dag.py:3036} INFO - Sync 1 DAGs
[2025-07-19T06:25:38.918+0000] {logging_mixin.py:188} INFO - [2025-07-19T06:25:38.918+0000] {dag.py:3823} INFO - Setting next_dagrun for run_eda_script_fixed to None, run_after=None
[2025-07-19T06:25:38.938+0000] {processor.py:183} INFO - Processing /opt/airflow/dags/eda_airflow.py took 0.107 seconds
[2025-07-19T06:26:09.378+0000] {processor.py:161} INFO - Started process (PID=2042) to work on /opt/airflow/dags/eda_airflow.py
[2025-07-19T06:26:09.379+0000] {processor.py:830} INFO - Processing file /opt/airflow/dags/eda_airflow.py for tasks to queue
[2025-07-19T06:26:09.380+0000] {logging_mixin.py:188} INFO - [2025-07-19T06:26:09.379+0000] {dagbag.py:538} INFO - Filling up the DagBag from /opt/airflow/dags/eda_airflow.py
[2025-07-19T06:26:09.403+0000] {processor.py:840} INFO - DAG(s) 'run_eda_script_fixed' retrieved from /opt/airflow/dags/eda_airflow.py
[2025-07-19T06:26:09.427+0000] {logging_mixin.py:188} INFO - [2025-07-19T06:26:09.427+0000] {dag.py:3036} INFO - Sync 1 DAGs
[2025-07-19T06:26:09.438+0000] {logging_mixin.py:188} INFO - [2025-07-19T06:26:09.438+0000] {dag.py:3823} INFO - Setting next_dagrun for run_eda_script_fixed to None, run_after=None
[2025-07-19T06:26:09.458+0000] {processor.py:183} INFO - Processing /opt/airflow/dags/eda_airflow.py took 0.084 seconds
[2025-07-19T06:26:39.769+0000] {processor.py:161} INFO - Started process (PID=2062) to work on /opt/airflow/dags/eda_airflow.py
[2025-07-19T06:26:39.770+0000] {processor.py:830} INFO - Processing file /opt/airflow/dags/eda_airflow.py for tasks to queue
[2025-07-19T06:26:39.771+0000] {logging_mixin.py:188} INFO - [2025-07-19T06:26:39.771+0000] {dagbag.py:538} INFO - Filling up the DagBag from /opt/airflow/dags/eda_airflow.py
[2025-07-19T06:26:39.781+0000] {processor.py:840} INFO - DAG(s) 'run_eda_script_fixed' retrieved from /opt/airflow/dags/eda_airflow.py
[2025-07-19T06:26:39.809+0000] {logging_mixin.py:188} INFO - [2025-07-19T06:26:39.809+0000] {dag.py:3036} INFO - Sync 1 DAGs
[2025-07-19T06:26:39.823+0000] {logging_mixin.py:188} INFO - [2025-07-19T06:26:39.823+0000] {dag.py:3823} INFO - Setting next_dagrun for run_eda_script_fixed to None, run_after=None
[2025-07-19T06:26:39.846+0000] {processor.py:183} INFO - Processing /opt/airflow/dags/eda_airflow.py took 0.081 seconds
[2025-07-19T06:27:10.437+0000] {processor.py:161} INFO - Started process (PID=2082) to work on /opt/airflow/dags/eda_airflow.py
[2025-07-19T06:27:10.438+0000] {processor.py:830} INFO - Processing file /opt/airflow/dags/eda_airflow.py for tasks to queue
[2025-07-19T06:27:10.439+0000] {logging_mixin.py:188} INFO - [2025-07-19T06:27:10.438+0000] {dagbag.py:538} INFO - Filling up the DagBag from /opt/airflow/dags/eda_airflow.py
[2025-07-19T06:27:10.448+0000] {processor.py:840} INFO - DAG(s) 'run_eda_script_fixed' retrieved from /opt/airflow/dags/eda_airflow.py
[2025-07-19T06:27:10.473+0000] {logging_mixin.py:188} INFO - [2025-07-19T06:27:10.473+0000] {dag.py:3036} INFO - Sync 1 DAGs
[2025-07-19T06:27:10.484+0000] {logging_mixin.py:188} INFO - [2025-07-19T06:27:10.484+0000] {dag.py:3823} INFO - Setting next_dagrun for run_eda_script_fixed to None, run_after=None
[2025-07-19T06:27:10.504+0000] {processor.py:183} INFO - Processing /opt/airflow/dags/eda_airflow.py took 0.071 seconds
[2025-07-19T06:27:41.227+0000] {processor.py:161} INFO - Started process (PID=2112) to work on /opt/airflow/dags/eda_airflow.py
[2025-07-19T06:27:41.228+0000] {processor.py:830} INFO - Processing file /opt/airflow/dags/eda_airflow.py for tasks to queue
[2025-07-19T06:27:41.229+0000] {logging_mixin.py:188} INFO - [2025-07-19T06:27:41.229+0000] {dagbag.py:538} INFO - Filling up the DagBag from /opt/airflow/dags/eda_airflow.py
[2025-07-19T06:27:41.239+0000] {processor.py:840} INFO - DAG(s) 'run_eda_script_fixed' retrieved from /opt/airflow/dags/eda_airflow.py
[2025-07-19T06:27:41.267+0000] {logging_mixin.py:188} INFO - [2025-07-19T06:27:41.267+0000] {dag.py:3036} INFO - Sync 1 DAGs
[2025-07-19T06:27:41.278+0000] {logging_mixin.py:188} INFO - [2025-07-19T06:27:41.278+0000] {dag.py:3823} INFO - Setting next_dagrun for run_eda_script_fixed to None, run_after=None
[2025-07-19T06:27:41.299+0000] {processor.py:183} INFO - Processing /opt/airflow/dags/eda_airflow.py took 0.075 seconds
[2025-07-19T06:28:11.786+0000] {processor.py:161} INFO - Started process (PID=2132) to work on /opt/airflow/dags/eda_airflow.py
[2025-07-19T06:28:11.788+0000] {processor.py:830} INFO - Processing file /opt/airflow/dags/eda_airflow.py for tasks to queue
[2025-07-19T06:28:11.791+0000] {logging_mixin.py:188} INFO - [2025-07-19T06:28:11.789+0000] {dagbag.py:538} INFO - Filling up the DagBag from /opt/airflow/dags/eda_airflow.py
[2025-07-19T06:28:11.826+0000] {processor.py:840} INFO - DAG(s) 'run_eda_script_fixed' retrieved from /opt/airflow/dags/eda_airflow.py
[2025-07-19T06:28:11.857+0000] {logging_mixin.py:188} INFO - [2025-07-19T06:28:11.857+0000] {dag.py:3036} INFO - Sync 1 DAGs
[2025-07-19T06:28:11.871+0000] {logging_mixin.py:188} INFO - [2025-07-19T06:28:11.871+0000] {dag.py:3823} INFO - Setting next_dagrun for run_eda_script_fixed to None, run_after=None
[2025-07-19T06:28:11.894+0000] {processor.py:183} INFO - Processing /opt/airflow/dags/eda_airflow.py took 0.112 seconds
[2025-07-19T06:28:42.760+0000] {processor.py:161} INFO - Started process (PID=2168) to work on /opt/airflow/dags/eda_airflow.py
[2025-07-19T06:28:42.762+0000] {processor.py:830} INFO - Processing file /opt/airflow/dags/eda_airflow.py for tasks to queue
[2025-07-19T06:28:42.764+0000] {logging_mixin.py:188} INFO - [2025-07-19T06:28:42.764+0000] {dagbag.py:538} INFO - Filling up the DagBag from /opt/airflow/dags/eda_airflow.py
[2025-07-19T06:28:42.775+0000] {processor.py:840} INFO - DAG(s) 'run_eda_script_fixed' retrieved from /opt/airflow/dags/eda_airflow.py
[2025-07-19T06:28:42.802+0000] {logging_mixin.py:188} INFO - [2025-07-19T06:28:42.801+0000] {dag.py:3036} INFO - Sync 1 DAGs
[2025-07-19T06:28:42.815+0000] {logging_mixin.py:188} INFO - [2025-07-19T06:28:42.815+0000] {dag.py:3823} INFO - Setting next_dagrun for run_eda_script_fixed to None, run_after=None
[2025-07-19T06:28:42.838+0000] {processor.py:183} INFO - Processing /opt/airflow/dags/eda_airflow.py took 0.082 seconds
[2025-07-19T06:29:13.252+0000] {processor.py:161} INFO - Started process (PID=2188) to work on /opt/airflow/dags/eda_airflow.py
[2025-07-19T06:29:13.253+0000] {processor.py:830} INFO - Processing file /opt/airflow/dags/eda_airflow.py for tasks to queue
[2025-07-19T06:29:13.254+0000] {logging_mixin.py:188} INFO - [2025-07-19T06:29:13.254+0000] {dagbag.py:538} INFO - Filling up the DagBag from /opt/airflow/dags/eda_airflow.py
[2025-07-19T06:29:13.264+0000] {processor.py:840} INFO - DAG(s) 'run_eda_script_fixed' retrieved from /opt/airflow/dags/eda_airflow.py
[2025-07-19T06:29:13.288+0000] {logging_mixin.py:188} INFO - [2025-07-19T06:29:13.288+0000] {dag.py:3036} INFO - Sync 1 DAGs
[2025-07-19T06:29:13.299+0000] {logging_mixin.py:188} INFO - [2025-07-19T06:29:13.299+0000] {dag.py:3823} INFO - Setting next_dagrun for run_eda_script_fixed to None, run_after=None
[2025-07-19T06:29:13.319+0000] {processor.py:183} INFO - Processing /opt/airflow/dags/eda_airflow.py took 0.070 seconds
[2025-07-19T06:29:44.609+0000] {processor.py:161} INFO - Started process (PID=2219) to work on /opt/airflow/dags/eda_airflow.py
[2025-07-19T06:29:44.610+0000] {processor.py:830} INFO - Processing file /opt/airflow/dags/eda_airflow.py for tasks to queue
[2025-07-19T06:29:44.611+0000] {logging_mixin.py:188} INFO - [2025-07-19T06:29:44.610+0000] {dagbag.py:538} INFO - Filling up the DagBag from /opt/airflow/dags/eda_airflow.py
[2025-07-19T06:29:44.652+0000] {processor.py:840} INFO - DAG(s) 'run_eda_script_fixed' retrieved from /opt/airflow/dags/eda_airflow.py
[2025-07-19T06:29:44.681+0000] {logging_mixin.py:188} INFO - [2025-07-19T06:29:44.680+0000] {dag.py:3036} INFO - Sync 1 DAGs
[2025-07-19T06:29:44.693+0000] {logging_mixin.py:188} INFO - [2025-07-19T06:29:44.692+0000] {dag.py:3823} INFO - Setting next_dagrun for run_eda_script_fixed to None, run_after=None
[2025-07-19T06:29:44.718+0000] {processor.py:183} INFO - Processing /opt/airflow/dags/eda_airflow.py took 0.113 seconds
[2025-07-19T06:30:17.419+0000] {processor.py:161} INFO - Started process (PID=2246) to work on /opt/airflow/dags/eda_airflow.py
[2025-07-19T06:30:17.421+0000] {processor.py:830} INFO - Processing file /opt/airflow/dags/eda_airflow.py for tasks to queue
[2025-07-19T06:30:17.422+0000] {logging_mixin.py:188} INFO - [2025-07-19T06:30:17.421+0000] {dagbag.py:538} INFO - Filling up the DagBag from /opt/airflow/dags/eda_airflow.py
[2025-07-19T06:30:17.432+0000] {processor.py:840} INFO - DAG(s) 'run_eda_script_fixed' retrieved from /opt/airflow/dags/eda_airflow.py
[2025-07-19T06:30:18.014+0000] {logging_mixin.py:188} INFO - [2025-07-19T06:30:18.014+0000] {dag.py:3036} INFO - Sync 1 DAGs
[2025-07-19T06:30:18.043+0000] {logging_mixin.py:188} INFO - [2025-07-19T06:30:18.043+0000] {dag.py:3823} INFO - Setting next_dagrun for run_eda_script_fixed to None, run_after=None
[2025-07-19T06:30:18.061+0000] {processor.py:183} INFO - Processing /opt/airflow/dags/eda_airflow.py took 0.645 seconds
[2025-07-19T06:30:51.921+0000] {processor.py:161} INFO - Started process (PID=2266) to work on /opt/airflow/dags/eda_airflow.py
[2025-07-19T06:30:51.923+0000] {processor.py:830} INFO - Processing file /opt/airflow/dags/eda_airflow.py for tasks to queue
[2025-07-19T06:30:51.923+0000] {logging_mixin.py:188} INFO - [2025-07-19T06:30:51.923+0000] {dagbag.py:538} INFO - Filling up the DagBag from /opt/airflow/dags/eda_airflow.py
[2025-07-19T06:30:51.935+0000] {processor.py:840} INFO - DAG(s) 'run_eda_script_fixed' retrieved from /opt/airflow/dags/eda_airflow.py
[2025-07-19T06:30:53.309+0000] {logging_mixin.py:188} INFO - [2025-07-19T06:30:53.309+0000] {dag.py:3036} INFO - Sync 1 DAGs
[2025-07-19T06:30:53.497+0000] {logging_mixin.py:188} INFO - [2025-07-19T06:30:53.497+0000] {dag.py:3823} INFO - Setting next_dagrun for run_eda_script_fixed to None, run_after=None
[2025-07-19T06:30:54.312+0000] {processor.py:183} INFO - Processing /opt/airflow/dags/eda_airflow.py took 2.394 seconds
[2025-07-19T06:31:24.778+0000] {processor.py:161} INFO - Started process (PID=2286) to work on /opt/airflow/dags/eda_airflow.py
[2025-07-19T06:31:24.779+0000] {processor.py:830} INFO - Processing file /opt/airflow/dags/eda_airflow.py for tasks to queue
[2025-07-19T06:31:24.780+0000] {logging_mixin.py:188} INFO - [2025-07-19T06:31:24.780+0000] {dagbag.py:538} INFO - Filling up the DagBag from /opt/airflow/dags/eda_airflow.py
[2025-07-19T06:31:24.790+0000] {processor.py:840} INFO - DAG(s) 'run_eda_script_fixed' retrieved from /opt/airflow/dags/eda_airflow.py
[2025-07-19T06:31:24.837+0000] {logging_mixin.py:188} INFO - [2025-07-19T06:31:24.837+0000] {dag.py:3036} INFO - Sync 1 DAGs
[2025-07-19T06:31:24.906+0000] {logging_mixin.py:188} INFO - [2025-07-19T06:31:24.906+0000] {dag.py:3823} INFO - Setting next_dagrun for run_eda_script_fixed to None, run_after=None
[2025-07-19T06:31:24.963+0000] {processor.py:183} INFO - Processing /opt/airflow/dags/eda_airflow.py took 0.189 seconds
[2025-07-19T06:31:55.867+0000] {processor.py:161} INFO - Started process (PID=2316) to work on /opt/airflow/dags/eda_airflow.py
[2025-07-19T06:31:55.868+0000] {processor.py:830} INFO - Processing file /opt/airflow/dags/eda_airflow.py for tasks to queue
[2025-07-19T06:31:55.870+0000] {logging_mixin.py:188} INFO - [2025-07-19T06:31:55.869+0000] {dagbag.py:538} INFO - Filling up the DagBag from /opt/airflow/dags/eda_airflow.py
[2025-07-19T06:31:55.884+0000] {processor.py:840} INFO - DAG(s) 'run_eda_script_fixed' retrieved from /opt/airflow/dags/eda_airflow.py
[2025-07-19T06:31:55.919+0000] {logging_mixin.py:188} INFO - [2025-07-19T06:31:55.919+0000] {dag.py:3036} INFO - Sync 1 DAGs
[2025-07-19T06:31:55.936+0000] {logging_mixin.py:188} INFO - [2025-07-19T06:31:55.935+0000] {dag.py:3823} INFO - Setting next_dagrun for run_eda_script_fixed to None, run_after=None
[2025-07-19T06:31:55.970+0000] {processor.py:183} INFO - Processing /opt/airflow/dags/eda_airflow.py took 0.108 seconds
[2025-07-19T06:32:26.682+0000] {processor.py:161} INFO - Started process (PID=2346) to work on /opt/airflow/dags/eda_airflow.py
[2025-07-19T06:32:26.683+0000] {processor.py:830} INFO - Processing file /opt/airflow/dags/eda_airflow.py for tasks to queue
[2025-07-19T06:32:26.684+0000] {logging_mixin.py:188} INFO - [2025-07-19T06:32:26.684+0000] {dagbag.py:538} INFO - Filling up the DagBag from /opt/airflow/dags/eda_airflow.py
[2025-07-19T06:32:26.726+0000] {processor.py:840} INFO - DAG(s) 'run_eda_script_fixed' retrieved from /opt/airflow/dags/eda_airflow.py
[2025-07-19T06:32:26.755+0000] {logging_mixin.py:188} INFO - [2025-07-19T06:32:26.754+0000] {dag.py:3036} INFO - Sync 1 DAGs
[2025-07-19T06:32:26.769+0000] {logging_mixin.py:188} INFO - [2025-07-19T06:32:26.769+0000] {dag.py:3823} INFO - Setting next_dagrun for run_eda_script_fixed to None, run_after=None
[2025-07-19T06:32:26.813+0000] {processor.py:183} INFO - Processing /opt/airflow/dags/eda_airflow.py took 0.135 seconds
[2025-07-19T06:32:57.389+0000] {processor.py:161} INFO - Started process (PID=2366) to work on /opt/airflow/dags/eda_airflow.py
[2025-07-19T06:32:57.392+0000] {processor.py:830} INFO - Processing file /opt/airflow/dags/eda_airflow.py for tasks to queue
[2025-07-19T06:32:57.394+0000] {logging_mixin.py:188} INFO - [2025-07-19T06:32:57.393+0000] {dagbag.py:538} INFO - Filling up the DagBag from /opt/airflow/dags/eda_airflow.py
[2025-07-19T06:32:57.416+0000] {processor.py:840} INFO - DAG(s) 'run_eda_script_fixed' retrieved from /opt/airflow/dags/eda_airflow.py
[2025-07-19T06:32:57.458+0000] {logging_mixin.py:188} INFO - [2025-07-19T06:32:57.458+0000] {dag.py:3036} INFO - Sync 1 DAGs
[2025-07-19T06:32:57.472+0000] {logging_mixin.py:188} INFO - [2025-07-19T06:32:57.472+0000] {dag.py:3823} INFO - Setting next_dagrun for run_eda_script_fixed to None, run_after=None
[2025-07-19T06:32:57.492+0000] {processor.py:183} INFO - Processing /opt/airflow/dags/eda_airflow.py took 0.112 seconds
[2025-07-19T06:33:27.884+0000] {processor.py:161} INFO - Started process (PID=2390) to work on /opt/airflow/dags/eda_airflow.py
[2025-07-19T06:33:27.885+0000] {processor.py:830} INFO - Processing file /opt/airflow/dags/eda_airflow.py for tasks to queue
[2025-07-19T06:33:27.886+0000] {logging_mixin.py:188} INFO - [2025-07-19T06:33:27.886+0000] {dagbag.py:538} INFO - Filling up the DagBag from /opt/airflow/dags/eda_airflow.py
[2025-07-19T06:33:27.922+0000] {processor.py:840} INFO - DAG(s) 'run_eda_script_fixed' retrieved from /opt/airflow/dags/eda_airflow.py
[2025-07-19T06:33:27.962+0000] {logging_mixin.py:188} INFO - [2025-07-19T06:33:27.961+0000] {dag.py:3036} INFO - Sync 1 DAGs
[2025-07-19T06:33:27.974+0000] {logging_mixin.py:188} INFO - [2025-07-19T06:33:27.974+0000] {dag.py:3823} INFO - Setting next_dagrun for run_eda_script_fixed to None, run_after=None
[2025-07-19T06:33:27.996+0000] {processor.py:183} INFO - Processing /opt/airflow/dags/eda_airflow.py took 0.115 seconds
[2025-07-19T06:33:58.303+0000] {processor.py:161} INFO - Started process (PID=2415) to work on /opt/airflow/dags/eda_airflow.py
[2025-07-19T06:33:58.304+0000] {processor.py:830} INFO - Processing file /opt/airflow/dags/eda_airflow.py for tasks to queue
[2025-07-19T06:33:58.305+0000] {logging_mixin.py:188} INFO - [2025-07-19T06:33:58.305+0000] {dagbag.py:538} INFO - Filling up the DagBag from /opt/airflow/dags/eda_airflow.py
[2025-07-19T06:33:58.318+0000] {processor.py:840} INFO - DAG(s) 'run_eda_script_fixed' retrieved from /opt/airflow/dags/eda_airflow.py
[2025-07-19T06:33:58.347+0000] {logging_mixin.py:188} INFO - [2025-07-19T06:33:58.346+0000] {dag.py:3036} INFO - Sync 1 DAGs
[2025-07-19T06:33:58.363+0000] {logging_mixin.py:188} INFO - [2025-07-19T06:33:58.362+0000] {dag.py:3823} INFO - Setting next_dagrun for run_eda_script_fixed to None, run_after=None
[2025-07-19T06:33:58.389+0000] {processor.py:183} INFO - Processing /opt/airflow/dags/eda_airflow.py took 0.089 seconds
[2025-07-19T06:34:28.806+0000] {processor.py:161} INFO - Started process (PID=2446) to work on /opt/airflow/dags/eda_airflow.py
[2025-07-19T06:34:28.826+0000] {processor.py:830} INFO - Processing file /opt/airflow/dags/eda_airflow.py for tasks to queue
[2025-07-19T06:34:28.843+0000] {logging_mixin.py:188} INFO - [2025-07-19T06:34:28.843+0000] {dagbag.py:538} INFO - Filling up the DagBag from /opt/airflow/dags/eda_airflow.py
[2025-07-19T06:34:28.854+0000] {processor.py:840} INFO - DAG(s) 'run_eda_script_fixed' retrieved from /opt/airflow/dags/eda_airflow.py
[2025-07-19T06:34:28.878+0000] {logging_mixin.py:188} INFO - [2025-07-19T06:34:28.878+0000] {dag.py:3036} INFO - Sync 1 DAGs
[2025-07-19T06:34:28.891+0000] {logging_mixin.py:188} INFO - [2025-07-19T06:34:28.891+0000] {dag.py:3823} INFO - Setting next_dagrun for run_eda_script_fixed to None, run_after=None
[2025-07-19T06:34:28.916+0000] {processor.py:183} INFO - Processing /opt/airflow/dags/eda_airflow.py took 0.113 seconds
[2025-07-19T06:34:59.297+0000] {processor.py:161} INFO - Started process (PID=2466) to work on /opt/airflow/dags/eda_airflow.py
[2025-07-19T06:34:59.298+0000] {processor.py:830} INFO - Processing file /opt/airflow/dags/eda_airflow.py for tasks to queue
[2025-07-19T06:34:59.299+0000] {logging_mixin.py:188} INFO - [2025-07-19T06:34:59.298+0000] {dagbag.py:538} INFO - Filling up the DagBag from /opt/airflow/dags/eda_airflow.py
[2025-07-19T06:34:59.370+0000] {processor.py:840} INFO - DAG(s) 'run_eda_script_fixed' retrieved from /opt/airflow/dags/eda_airflow.py
[2025-07-19T06:34:59.402+0000] {logging_mixin.py:188} INFO - [2025-07-19T06:34:59.402+0000] {dag.py:3036} INFO - Sync 1 DAGs
[2025-07-19T06:34:59.456+0000] {logging_mixin.py:188} INFO - [2025-07-19T06:34:59.456+0000] {dag.py:3823} INFO - Setting next_dagrun for run_eda_script_fixed to None, run_after=None
[2025-07-19T06:34:59.480+0000] {processor.py:183} INFO - Processing /opt/airflow/dags/eda_airflow.py took 0.187 seconds
[2025-07-19T06:35:29.992+0000] {processor.py:161} INFO - Started process (PID=2485) to work on /opt/airflow/dags/eda_airflow.py
[2025-07-19T06:35:29.993+0000] {processor.py:830} INFO - Processing file /opt/airflow/dags/eda_airflow.py for tasks to queue
[2025-07-19T06:35:29.994+0000] {logging_mixin.py:188} INFO - [2025-07-19T06:35:29.994+0000] {dagbag.py:538} INFO - Filling up the DagBag from /opt/airflow/dags/eda_airflow.py
[2025-07-19T06:35:30.007+0000] {processor.py:840} INFO - DAG(s) 'run_eda_script_fixed' retrieved from /opt/airflow/dags/eda_airflow.py
[2025-07-19T06:35:30.042+0000] {logging_mixin.py:188} INFO - [2025-07-19T06:35:30.042+0000] {dag.py:3036} INFO - Sync 1 DAGs
[2025-07-19T06:35:30.055+0000] {logging_mixin.py:188} INFO - [2025-07-19T06:35:30.055+0000] {dag.py:3823} INFO - Setting next_dagrun for run_eda_script_fixed to None, run_after=None
[2025-07-19T06:35:30.082+0000] {processor.py:183} INFO - Processing /opt/airflow/dags/eda_airflow.py took 0.097 seconds
[2025-07-19T06:36:00.381+0000] {processor.py:161} INFO - Started process (PID=2510) to work on /opt/airflow/dags/eda_airflow.py
[2025-07-19T06:36:00.382+0000] {processor.py:830} INFO - Processing file /opt/airflow/dags/eda_airflow.py for tasks to queue
[2025-07-19T06:36:00.383+0000] {logging_mixin.py:188} INFO - [2025-07-19T06:36:00.382+0000] {dagbag.py:538} INFO - Filling up the DagBag from /opt/airflow/dags/eda_airflow.py
[2025-07-19T06:36:00.417+0000] {processor.py:840} INFO - DAG(s) 'run_eda_script_fixed' retrieved from /opt/airflow/dags/eda_airflow.py
[2025-07-19T06:36:00.447+0000] {logging_mixin.py:188} INFO - [2025-07-19T06:36:00.447+0000] {dag.py:3036} INFO - Sync 1 DAGs
[2025-07-19T06:36:00.463+0000] {logging_mixin.py:188} INFO - [2025-07-19T06:36:00.463+0000] {dag.py:3823} INFO - Setting next_dagrun for run_eda_script_fixed to None, run_after=None
[2025-07-19T06:36:00.485+0000] {processor.py:183} INFO - Processing /opt/airflow/dags/eda_airflow.py took 0.108 seconds
[2025-07-19T06:36:30.902+0000] {processor.py:161} INFO - Started process (PID=2530) to work on /opt/airflow/dags/eda_airflow.py
[2025-07-19T06:36:30.903+0000] {processor.py:830} INFO - Processing file /opt/airflow/dags/eda_airflow.py for tasks to queue
[2025-07-19T06:36:30.904+0000] {logging_mixin.py:188} INFO - [2025-07-19T06:36:30.904+0000] {dagbag.py:538} INFO - Filling up the DagBag from /opt/airflow/dags/eda_airflow.py
[2025-07-19T06:36:30.915+0000] {processor.py:840} INFO - DAG(s) 'run_eda_script_fixed' retrieved from /opt/airflow/dags/eda_airflow.py
[2025-07-19T06:36:30.940+0000] {logging_mixin.py:188} INFO - [2025-07-19T06:36:30.939+0000] {dag.py:3036} INFO - Sync 1 DAGs
[2025-07-19T06:36:30.951+0000] {logging_mixin.py:188} INFO - [2025-07-19T06:36:30.951+0000] {dag.py:3823} INFO - Setting next_dagrun for run_eda_script_fixed to None, run_after=None
[2025-07-19T06:36:30.975+0000] {processor.py:183} INFO - Processing /opt/airflow/dags/eda_airflow.py took 0.077 seconds
[2025-07-19T06:37:01.329+0000] {processor.py:161} INFO - Started process (PID=2560) to work on /opt/airflow/dags/eda_airflow.py
[2025-07-19T06:37:01.330+0000] {processor.py:830} INFO - Processing file /opt/airflow/dags/eda_airflow.py for tasks to queue
[2025-07-19T06:37:01.331+0000] {logging_mixin.py:188} INFO - [2025-07-19T06:37:01.331+0000] {dagbag.py:538} INFO - Filling up the DagBag from /opt/airflow/dags/eda_airflow.py
[2025-07-19T06:37:01.342+0000] {processor.py:840} INFO - DAG(s) 'run_eda_script_fixed' retrieved from /opt/airflow/dags/eda_airflow.py
[2025-07-19T06:37:01.369+0000] {logging_mixin.py:188} INFO - [2025-07-19T06:37:01.369+0000] {dag.py:3036} INFO - Sync 1 DAGs
[2025-07-19T06:37:01.382+0000] {logging_mixin.py:188} INFO - [2025-07-19T06:37:01.381+0000] {dag.py:3823} INFO - Setting next_dagrun for run_eda_script_fixed to None, run_after=None
[2025-07-19T06:37:01.457+0000] {processor.py:183} INFO - Processing /opt/airflow/dags/eda_airflow.py took 0.132 seconds
[2025-07-19T06:37:32.195+0000] {processor.py:161} INFO - Started process (PID=2580) to work on /opt/airflow/dags/eda_airflow.py
[2025-07-19T06:37:32.196+0000] {processor.py:830} INFO - Processing file /opt/airflow/dags/eda_airflow.py for tasks to queue
[2025-07-19T06:37:32.197+0000] {logging_mixin.py:188} INFO - [2025-07-19T06:37:32.197+0000] {dagbag.py:538} INFO - Filling up the DagBag from /opt/airflow/dags/eda_airflow.py
[2025-07-19T06:37:32.209+0000] {processor.py:840} INFO - DAG(s) 'run_eda_script_fixed' retrieved from /opt/airflow/dags/eda_airflow.py
[2025-07-19T06:37:32.234+0000] {logging_mixin.py:188} INFO - [2025-07-19T06:37:32.234+0000] {dag.py:3036} INFO - Sync 1 DAGs
[2025-07-19T06:37:32.245+0000] {logging_mixin.py:188} INFO - [2025-07-19T06:37:32.245+0000] {dag.py:3823} INFO - Setting next_dagrun for run_eda_script_fixed to None, run_after=None
[2025-07-19T06:37:32.266+0000] {processor.py:183} INFO - Processing /opt/airflow/dags/eda_airflow.py took 0.075 seconds
[2025-07-19T06:38:02.648+0000] {processor.py:161} INFO - Started process (PID=2600) to work on /opt/airflow/dags/eda_airflow.py
[2025-07-19T06:38:02.649+0000] {processor.py:830} INFO - Processing file /opt/airflow/dags/eda_airflow.py for tasks to queue
[2025-07-19T06:38:02.650+0000] {logging_mixin.py:188} INFO - [2025-07-19T06:38:02.649+0000] {dagbag.py:538} INFO - Filling up the DagBag from /opt/airflow/dags/eda_airflow.py
[2025-07-19T06:38:02.659+0000] {processor.py:840} INFO - DAG(s) 'run_eda_script_fixed' retrieved from /opt/airflow/dags/eda_airflow.py
[2025-07-19T06:38:02.683+0000] {logging_mixin.py:188} INFO - [2025-07-19T06:38:02.683+0000] {dag.py:3036} INFO - Sync 1 DAGs
[2025-07-19T06:38:02.694+0000] {logging_mixin.py:188} INFO - [2025-07-19T06:38:02.694+0000] {dag.py:3823} INFO - Setting next_dagrun for run_eda_script_fixed to None, run_after=None
[2025-07-19T06:38:02.725+0000] {processor.py:183} INFO - Processing /opt/airflow/dags/eda_airflow.py took 0.081 seconds
[2025-07-19T06:38:33.008+0000] {processor.py:161} INFO - Started process (PID=2620) to work on /opt/airflow/dags/eda_airflow.py
[2025-07-19T06:38:33.009+0000] {processor.py:830} INFO - Processing file /opt/airflow/dags/eda_airflow.py for tasks to queue
[2025-07-19T06:38:33.009+0000] {logging_mixin.py:188} INFO - [2025-07-19T06:38:33.009+0000] {dagbag.py:538} INFO - Filling up the DagBag from /opt/airflow/dags/eda_airflow.py
[2025-07-19T06:38:33.020+0000] {processor.py:840} INFO - DAG(s) 'run_eda_script_fixed' retrieved from /opt/airflow/dags/eda_airflow.py
[2025-07-19T06:38:33.048+0000] {logging_mixin.py:188} INFO - [2025-07-19T06:38:33.048+0000] {dag.py:3036} INFO - Sync 1 DAGs
[2025-07-19T06:38:33.060+0000] {logging_mixin.py:188} INFO - [2025-07-19T06:38:33.060+0000] {dag.py:3823} INFO - Setting next_dagrun for run_eda_script_fixed to None, run_after=None
[2025-07-19T06:38:33.098+0000] {processor.py:183} INFO - Processing /opt/airflow/dags/eda_airflow.py took 0.094 seconds
[2025-07-19T06:39:03.505+0000] {processor.py:161} INFO - Started process (PID=2653) to work on /opt/airflow/dags/eda_airflow.py
[2025-07-19T06:39:03.508+0000] {processor.py:830} INFO - Processing file /opt/airflow/dags/eda_airflow.py for tasks to queue
[2025-07-19T06:39:03.509+0000] {logging_mixin.py:188} INFO - [2025-07-19T06:39:03.509+0000] {dagbag.py:538} INFO - Filling up the DagBag from /opt/airflow/dags/eda_airflow.py
[2025-07-19T06:39:03.524+0000] {processor.py:840} INFO - DAG(s) 'run_eda_script_fixed' retrieved from /opt/airflow/dags/eda_airflow.py
[2025-07-19T06:39:03.599+0000] {logging_mixin.py:188} INFO - [2025-07-19T06:39:03.599+0000] {dag.py:3036} INFO - Sync 1 DAGs
[2025-07-19T06:39:03.616+0000] {logging_mixin.py:188} INFO - [2025-07-19T06:39:03.615+0000] {dag.py:3823} INFO - Setting next_dagrun for run_eda_script_fixed to None, run_after=None
[2025-07-19T06:39:03.645+0000] {processor.py:183} INFO - Processing /opt/airflow/dags/eda_airflow.py took 0.146 seconds
[2025-07-19T06:39:34.000+0000] {processor.py:161} INFO - Started process (PID=2680) to work on /opt/airflow/dags/eda_airflow.py
[2025-07-19T06:39:34.075+0000] {processor.py:830} INFO - Processing file /opt/airflow/dags/eda_airflow.py for tasks to queue
[2025-07-19T06:39:34.077+0000] {logging_mixin.py:188} INFO - [2025-07-19T06:39:34.077+0000] {dagbag.py:538} INFO - Filling up the DagBag from /opt/airflow/dags/eda_airflow.py
[2025-07-19T06:39:34.091+0000] {processor.py:840} INFO - DAG(s) 'run_eda_script_fixed' retrieved from /opt/airflow/dags/eda_airflow.py
[2025-07-19T06:39:34.117+0000] {logging_mixin.py:188} INFO - [2025-07-19T06:39:34.116+0000] {dag.py:3036} INFO - Sync 1 DAGs
[2025-07-19T06:39:34.128+0000] {logging_mixin.py:188} INFO - [2025-07-19T06:39:34.128+0000] {dag.py:3823} INFO - Setting next_dagrun for run_eda_script_fixed to None, run_after=None
[2025-07-19T06:39:34.150+0000] {processor.py:183} INFO - Processing /opt/airflow/dags/eda_airflow.py took 0.153 seconds
[2025-07-19T06:40:04.558+0000] {processor.py:161} INFO - Started process (PID=2700) to work on /opt/airflow/dags/eda_airflow.py
[2025-07-19T06:40:04.559+0000] {processor.py:830} INFO - Processing file /opt/airflow/dags/eda_airflow.py for tasks to queue
[2025-07-19T06:40:04.561+0000] {logging_mixin.py:188} INFO - [2025-07-19T06:40:04.560+0000] {dagbag.py:538} INFO - Filling up the DagBag from /opt/airflow/dags/eda_airflow.py
[2025-07-19T06:40:04.709+0000] {processor.py:840} INFO - DAG(s) 'run_eda_script_fixed' retrieved from /opt/airflow/dags/eda_airflow.py
[2025-07-19T06:40:04.737+0000] {logging_mixin.py:188} INFO - [2025-07-19T06:40:04.736+0000] {dag.py:3036} INFO - Sync 1 DAGs
[2025-07-19T06:40:04.749+0000] {logging_mixin.py:188} INFO - [2025-07-19T06:40:04.749+0000] {dag.py:3823} INFO - Setting next_dagrun for run_eda_script_fixed to None, run_after=None
[2025-07-19T06:40:04.768+0000] {processor.py:183} INFO - Processing /opt/airflow/dags/eda_airflow.py took 0.215 seconds
[2025-07-19T06:40:35.069+0000] {processor.py:161} INFO - Started process (PID=2720) to work on /opt/airflow/dags/eda_airflow.py
[2025-07-19T06:40:35.071+0000] {processor.py:830} INFO - Processing file /opt/airflow/dags/eda_airflow.py for tasks to queue
[2025-07-19T06:40:35.072+0000] {logging_mixin.py:188} INFO - [2025-07-19T06:40:35.072+0000] {dagbag.py:538} INFO - Filling up the DagBag from /opt/airflow/dags/eda_airflow.py
[2025-07-19T06:40:35.087+0000] {processor.py:840} INFO - DAG(s) 'run_eda_script_fixed' retrieved from /opt/airflow/dags/eda_airflow.py
[2025-07-19T06:40:35.126+0000] {logging_mixin.py:188} INFO - [2025-07-19T06:40:35.125+0000] {dag.py:3036} INFO - Sync 1 DAGs
[2025-07-19T06:40:35.139+0000] {logging_mixin.py:188} INFO - [2025-07-19T06:40:35.138+0000] {dag.py:3823} INFO - Setting next_dagrun for run_eda_script_fixed to None, run_after=None
[2025-07-19T06:40:35.163+0000] {processor.py:183} INFO - Processing /opt/airflow/dags/eda_airflow.py took 0.098 seconds
[2025-07-19T06:41:05.627+0000] {processor.py:161} INFO - Started process (PID=2735) to work on /opt/airflow/dags/eda_airflow.py
[2025-07-19T06:41:05.750+0000] {processor.py:830} INFO - Processing file /opt/airflow/dags/eda_airflow.py for tasks to queue
[2025-07-19T06:41:05.759+0000] {logging_mixin.py:188} INFO - [2025-07-19T06:41:05.758+0000] {dagbag.py:538} INFO - Filling up the DagBag from /opt/airflow/dags/eda_airflow.py
[2025-07-19T06:41:05.795+0000] {processor.py:840} INFO - DAG(s) 'run_eda_script_fixed' retrieved from /opt/airflow/dags/eda_airflow.py
[2025-07-19T06:41:05.827+0000] {logging_mixin.py:188} INFO - [2025-07-19T06:41:05.826+0000] {dag.py:3036} INFO - Sync 1 DAGs
[2025-07-19T06:41:05.842+0000] {logging_mixin.py:188} INFO - [2025-07-19T06:41:05.842+0000] {dag.py:3823} INFO - Setting next_dagrun for run_eda_script_fixed to None, run_after=None
[2025-07-19T06:41:05.865+0000] {processor.py:183} INFO - Processing /opt/airflow/dags/eda_airflow.py took 0.242 seconds
[2025-07-19T06:41:36.908+0000] {processor.py:161} INFO - Started process (PID=2750) to work on /opt/airflow/dags/eda_airflow.py
[2025-07-19T06:41:36.909+0000] {processor.py:830} INFO - Processing file /opt/airflow/dags/eda_airflow.py for tasks to queue
[2025-07-19T06:41:36.910+0000] {logging_mixin.py:188} INFO - [2025-07-19T06:41:36.910+0000] {dagbag.py:538} INFO - Filling up the DagBag from /opt/airflow/dags/eda_airflow.py
[2025-07-19T06:41:36.923+0000] {processor.py:840} INFO - DAG(s) 'run_eda_script_fixed' retrieved from /opt/airflow/dags/eda_airflow.py
[2025-07-19T06:41:37.129+0000] {logging_mixin.py:188} INFO - [2025-07-19T06:41:37.129+0000] {dag.py:3036} INFO - Sync 1 DAGs
[2025-07-19T06:41:37.144+0000] {logging_mixin.py:188} INFO - [2025-07-19T06:41:37.144+0000] {dag.py:3823} INFO - Setting next_dagrun for run_eda_script_fixed to None, run_after=None
[2025-07-19T06:41:37.167+0000] {processor.py:183} INFO - Processing /opt/airflow/dags/eda_airflow.py took 0.262 seconds
[2025-07-19T06:42:08.006+0000] {processor.py:161} INFO - Started process (PID=2765) to work on /opt/airflow/dags/eda_airflow.py
[2025-07-19T06:42:08.007+0000] {processor.py:830} INFO - Processing file /opt/airflow/dags/eda_airflow.py for tasks to queue
[2025-07-19T06:42:08.064+0000] {logging_mixin.py:188} INFO - [2025-07-19T06:42:08.064+0000] {dagbag.py:538} INFO - Filling up the DagBag from /opt/airflow/dags/eda_airflow.py
[2025-07-19T06:42:08.356+0000] {processor.py:840} INFO - DAG(s) 'run_eda_script_fixed' retrieved from /opt/airflow/dags/eda_airflow.py
[2025-07-19T06:42:08.401+0000] {logging_mixin.py:188} INFO - [2025-07-19T06:42:08.400+0000] {dag.py:3036} INFO - Sync 1 DAGs
[2025-07-19T06:42:08.423+0000] {logging_mixin.py:188} INFO - [2025-07-19T06:42:08.423+0000] {dag.py:3823} INFO - Setting next_dagrun for run_eda_script_fixed to None, run_after=None
[2025-07-19T06:42:08.449+0000] {processor.py:183} INFO - Processing /opt/airflow/dags/eda_airflow.py took 0.448 seconds
[2025-07-19T06:42:39.604+0000] {processor.py:161} INFO - Started process (PID=2782) to work on /opt/airflow/dags/eda_airflow.py
[2025-07-19T06:42:39.641+0000] {processor.py:830} INFO - Processing file /opt/airflow/dags/eda_airflow.py for tasks to queue
[2025-07-19T06:42:39.642+0000] {logging_mixin.py:188} INFO - [2025-07-19T06:42:39.642+0000] {dagbag.py:538} INFO - Filling up the DagBag from /opt/airflow/dags/eda_airflow.py
[2025-07-19T06:42:40.217+0000] {processor.py:840} INFO - DAG(s) 'run_eda_script_fixed' retrieved from /opt/airflow/dags/eda_airflow.py
[2025-07-19T06:42:40.245+0000] {logging_mixin.py:188} INFO - [2025-07-19T06:42:40.245+0000] {dag.py:3036} INFO - Sync 1 DAGs
[2025-07-19T06:42:40.258+0000] {logging_mixin.py:188} INFO - [2025-07-19T06:42:40.257+0000] {dag.py:3823} INFO - Setting next_dagrun for run_eda_script_fixed to None, run_after=None
[2025-07-19T06:42:40.329+0000] {processor.py:183} INFO - Processing /opt/airflow/dags/eda_airflow.py took 0.729 seconds
[2025-07-19T06:43:11.441+0000] {processor.py:161} INFO - Started process (PID=2797) to work on /opt/airflow/dags/eda_airflow.py
[2025-07-19T06:43:11.442+0000] {processor.py:830} INFO - Processing file /opt/airflow/dags/eda_airflow.py for tasks to queue
[2025-07-19T06:43:11.443+0000] {logging_mixin.py:188} INFO - [2025-07-19T06:43:11.443+0000] {dagbag.py:538} INFO - Filling up the DagBag from /opt/airflow/dags/eda_airflow.py
[2025-07-19T06:43:11.529+0000] {processor.py:840} INFO - DAG(s) 'run_eda_script_fixed' retrieved from /opt/airflow/dags/eda_airflow.py
[2025-07-19T06:43:11.558+0000] {logging_mixin.py:188} INFO - [2025-07-19T06:43:11.558+0000] {dag.py:3036} INFO - Sync 1 DAGs
[2025-07-19T06:43:11.570+0000] {logging_mixin.py:188} INFO - [2025-07-19T06:43:11.570+0000] {dag.py:3823} INFO - Setting next_dagrun for run_eda_script_fixed to None, run_after=None
[2025-07-19T06:43:11.595+0000] {processor.py:183} INFO - Processing /opt/airflow/dags/eda_airflow.py took 0.158 seconds
[2025-07-19T06:43:42.689+0000] {processor.py:161} INFO - Started process (PID=2812) to work on /opt/airflow/dags/eda_airflow.py
[2025-07-19T06:43:42.690+0000] {processor.py:830} INFO - Processing file /opt/airflow/dags/eda_airflow.py for tasks to queue
[2025-07-19T06:43:42.691+0000] {logging_mixin.py:188} INFO - [2025-07-19T06:43:42.691+0000] {dagbag.py:538} INFO - Filling up the DagBag from /opt/airflow/dags/eda_airflow.py
[2025-07-19T06:43:43.228+0000] {processor.py:840} INFO - DAG(s) 'run_eda_script_fixed' retrieved from /opt/airflow/dags/eda_airflow.py
[2025-07-19T06:43:43.374+0000] {logging_mixin.py:188} INFO - [2025-07-19T06:43:43.373+0000] {dag.py:3036} INFO - Sync 1 DAGs
[2025-07-19T06:43:43.386+0000] {logging_mixin.py:188} INFO - [2025-07-19T06:43:43.386+0000] {dag.py:3823} INFO - Setting next_dagrun for run_eda_script_fixed to None, run_after=None
[2025-07-19T06:43:43.407+0000] {processor.py:183} INFO - Processing /opt/airflow/dags/eda_airflow.py took 0.725 seconds
[2025-07-19T06:44:14.302+0000] {processor.py:161} INFO - Started process (PID=2827) to work on /opt/airflow/dags/eda_airflow.py
[2025-07-19T06:44:14.303+0000] {processor.py:830} INFO - Processing file /opt/airflow/dags/eda_airflow.py for tasks to queue
[2025-07-19T06:44:14.304+0000] {logging_mixin.py:188} INFO - [2025-07-19T06:44:14.304+0000] {dagbag.py:538} INFO - Filling up the DagBag from /opt/airflow/dags/eda_airflow.py
[2025-07-19T06:44:14.579+0000] {processor.py:840} INFO - DAG(s) 'run_eda_script_fixed' retrieved from /opt/airflow/dags/eda_airflow.py
[2025-07-19T06:44:14.637+0000] {logging_mixin.py:188} INFO - [2025-07-19T06:44:14.637+0000] {dag.py:3036} INFO - Sync 1 DAGs
[2025-07-19T06:44:14.648+0000] {logging_mixin.py:188} INFO - [2025-07-19T06:44:14.648+0000] {dag.py:3823} INFO - Setting next_dagrun for run_eda_script_fixed to None, run_after=None
[2025-07-19T06:44:14.836+0000] {processor.py:183} INFO - Processing /opt/airflow/dags/eda_airflow.py took 0.538 seconds
[2025-07-19T06:44:45.198+0000] {processor.py:161} INFO - Started process (PID=2843) to work on /opt/airflow/dags/eda_airflow.py
[2025-07-19T06:44:45.199+0000] {processor.py:830} INFO - Processing file /opt/airflow/dags/eda_airflow.py for tasks to queue
[2025-07-19T06:44:45.200+0000] {logging_mixin.py:188} INFO - [2025-07-19T06:44:45.200+0000] {dagbag.py:538} INFO - Filling up the DagBag from /opt/airflow/dags/eda_airflow.py
[2025-07-19T06:44:45.250+0000] {processor.py:840} INFO - DAG(s) 'run_eda_script_fixed' retrieved from /opt/airflow/dags/eda_airflow.py
[2025-07-19T06:44:45.336+0000] {logging_mixin.py:188} INFO - [2025-07-19T06:44:45.335+0000] {dag.py:3036} INFO - Sync 1 DAGs
[2025-07-19T06:44:45.515+0000] {logging_mixin.py:188} INFO - [2025-07-19T06:44:45.514+0000] {dag.py:3823} INFO - Setting next_dagrun for run_eda_script_fixed to None, run_after=None
[2025-07-19T06:44:45.545+0000] {processor.py:183} INFO - Processing /opt/airflow/dags/eda_airflow.py took 0.350 seconds
[2025-07-19T06:45:16.039+0000] {processor.py:161} INFO - Started process (PID=2867) to work on /opt/airflow/dags/eda_airflow.py
[2025-07-19T06:45:16.040+0000] {processor.py:830} INFO - Processing file /opt/airflow/dags/eda_airflow.py for tasks to queue
[2025-07-19T06:45:16.040+0000] {logging_mixin.py:188} INFO - [2025-07-19T06:45:16.040+0000] {dagbag.py:538} INFO - Filling up the DagBag from /opt/airflow/dags/eda_airflow.py
[2025-07-19T06:45:16.268+0000] {processor.py:840} INFO - DAG(s) 'run_eda_script_fixed' retrieved from /opt/airflow/dags/eda_airflow.py
[2025-07-19T06:45:16.293+0000] {logging_mixin.py:188} INFO - [2025-07-19T06:45:16.293+0000] {dag.py:3036} INFO - Sync 1 DAGs
[2025-07-19T06:45:16.306+0000] {logging_mixin.py:188} INFO - [2025-07-19T06:45:16.306+0000] {dag.py:3823} INFO - Setting next_dagrun for run_eda_script_fixed to None, run_after=None
[2025-07-19T06:45:16.327+0000] {processor.py:183} INFO - Processing /opt/airflow/dags/eda_airflow.py took 0.291 seconds
[2025-07-19T06:45:47.610+0000] {processor.py:161} INFO - Started process (PID=2885) to work on /opt/airflow/dags/eda_airflow.py
[2025-07-19T06:45:47.611+0000] {processor.py:830} INFO - Processing file /opt/airflow/dags/eda_airflow.py for tasks to queue
[2025-07-19T06:45:47.612+0000] {logging_mixin.py:188} INFO - [2025-07-19T06:45:47.612+0000] {dagbag.py:538} INFO - Filling up the DagBag from /opt/airflow/dags/eda_airflow.py
[2025-07-19T06:45:48.227+0000] {processor.py:840} INFO - DAG(s) 'run_eda_script_fixed' retrieved from /opt/airflow/dags/eda_airflow.py
[2025-07-19T06:45:48.255+0000] {logging_mixin.py:188} INFO - [2025-07-19T06:45:48.255+0000] {dag.py:3036} INFO - Sync 1 DAGs
[2025-07-19T06:45:48.267+0000] {logging_mixin.py:188} INFO - [2025-07-19T06:45:48.267+0000] {dag.py:3823} INFO - Setting next_dagrun for run_eda_script_fixed to None, run_after=None
[2025-07-19T06:45:48.289+0000] {processor.py:183} INFO - Processing /opt/airflow/dags/eda_airflow.py took 0.681 seconds
[2025-07-19T06:46:19.743+0000] {processor.py:161} INFO - Started process (PID=2900) to work on /opt/airflow/dags/eda_airflow.py
[2025-07-19T06:46:19.744+0000] {processor.py:830} INFO - Processing file /opt/airflow/dags/eda_airflow.py for tasks to queue
[2025-07-19T06:46:19.745+0000] {logging_mixin.py:188} INFO - [2025-07-19T06:46:19.744+0000] {dagbag.py:538} INFO - Filling up the DagBag from /opt/airflow/dags/eda_airflow.py
[2025-07-19T06:46:20.068+0000] {processor.py:840} INFO - DAG(s) 'run_eda_script_fixed' retrieved from /opt/airflow/dags/eda_airflow.py
[2025-07-19T06:46:20.106+0000] {logging_mixin.py:188} INFO - [2025-07-19T06:46:20.106+0000] {dag.py:3036} INFO - Sync 1 DAGs
[2025-07-19T06:46:20.118+0000] {logging_mixin.py:188} INFO - [2025-07-19T06:46:20.118+0000] {dag.py:3823} INFO - Setting next_dagrun for run_eda_script_fixed to None, run_after=None
[2025-07-19T06:46:20.170+0000] {processor.py:183} INFO - Processing /opt/airflow/dags/eda_airflow.py took 0.430 seconds
[2025-07-19T06:46:51.161+0000] {processor.py:161} INFO - Started process (PID=2920) to work on /opt/airflow/dags/eda_airflow.py
[2025-07-19T06:46:51.162+0000] {processor.py:830} INFO - Processing file /opt/airflow/dags/eda_airflow.py for tasks to queue
[2025-07-19T06:46:51.163+0000] {logging_mixin.py:188} INFO - [2025-07-19T06:46:51.162+0000] {dagbag.py:538} INFO - Filling up the DagBag from /opt/airflow/dags/eda_airflow.py
[2025-07-19T06:46:51.414+0000] {processor.py:840} INFO - DAG(s) 'run_eda_script_fixed' retrieved from /opt/airflow/dags/eda_airflow.py
[2025-07-19T06:46:51.438+0000] {logging_mixin.py:188} INFO - [2025-07-19T06:46:51.438+0000] {dag.py:3036} INFO - Sync 1 DAGs
[2025-07-19T06:46:51.450+0000] {logging_mixin.py:188} INFO - [2025-07-19T06:46:51.449+0000] {dag.py:3823} INFO - Setting next_dagrun for run_eda_script_fixed to None, run_after=None
[2025-07-19T06:46:51.757+0000] {processor.py:183} INFO - Processing /opt/airflow/dags/eda_airflow.py took 0.599 seconds
[2025-07-19T06:47:22.480+0000] {processor.py:161} INFO - Started process (PID=2938) to work on /opt/airflow/dags/eda_airflow.py
[2025-07-19T06:47:22.482+0000] {processor.py:830} INFO - Processing file /opt/airflow/dags/eda_airflow.py for tasks to queue
[2025-07-19T06:47:22.483+0000] {logging_mixin.py:188} INFO - [2025-07-19T06:47:22.482+0000] {dagbag.py:538} INFO - Filling up the DagBag from /opt/airflow/dags/eda_airflow.py
[2025-07-19T06:47:23.212+0000] {processor.py:840} INFO - DAG(s) 'run_eda_script_fixed' retrieved from /opt/airflow/dags/eda_airflow.py
[2025-07-19T06:47:23.237+0000] {logging_mixin.py:188} INFO - [2025-07-19T06:47:23.237+0000] {dag.py:3036} INFO - Sync 1 DAGs
[2025-07-19T06:47:23.248+0000] {logging_mixin.py:188} INFO - [2025-07-19T06:47:23.248+0000] {dag.py:3823} INFO - Setting next_dagrun for run_eda_script_fixed to None, run_after=None
[2025-07-19T06:47:23.609+0000] {processor.py:183} INFO - Processing /opt/airflow/dags/eda_airflow.py took 1.132 seconds
[2025-07-19T06:49:52.881+0000] {processor.py:161} INFO - Started process (PID=2974) to work on /opt/airflow/dags/eda_airflow.py
[2025-07-19T06:49:52.944+0000] {processor.py:830} INFO - Processing file /opt/airflow/dags/eda_airflow.py for tasks to queue
[2025-07-19T06:49:52.945+0000] {logging_mixin.py:188} INFO - [2025-07-19T06:49:52.945+0000] {dagbag.py:538} INFO - Filling up the DagBag from /opt/airflow/dags/eda_airflow.py
[2025-07-19T06:49:53.500+0000] {processor.py:840} INFO - DAG(s) 'run_eda_script_fixed' retrieved from /opt/airflow/dags/eda_airflow.py
[2025-07-19T06:49:56.455+0000] {logging_mixin.py:188} INFO - [2025-07-19T06:49:56.455+0000] {dag.py:3036} INFO - Sync 1 DAGs
[2025-07-19T06:50:02.714+0000] {logging_mixin.py:188} INFO - [2025-07-19T06:50:02.714+0000] {dag.py:3823} INFO - Setting next_dagrun for run_eda_script_fixed to None, run_after=None
[2025-07-19T06:50:14.128+0000] {processor.py:183} INFO - Processing /opt/airflow/dags/eda_airflow.py took 21.121 seconds
[2025-07-19T06:54:33.672+0000] {processor.py:161} INFO - Started process (PID=2996) to work on /opt/airflow/dags/eda_airflow.py
[2025-07-19T06:54:33.674+0000] {processor.py:830} INFO - Processing file /opt/airflow/dags/eda_airflow.py for tasks to queue
[2025-07-19T06:54:33.677+0000] {logging_mixin.py:188} INFO - [2025-07-19T06:54:33.676+0000] {dagbag.py:538} INFO - Filling up the DagBag from /opt/airflow/dags/eda_airflow.py
[2025-07-19T06:54:34.124+0000] {processor.py:840} INFO - DAG(s) 'run_eda_script_fixed' retrieved from /opt/airflow/dags/eda_airflow.py
[2025-07-19T06:54:34.154+0000] {logging_mixin.py:188} INFO - [2025-07-19T06:54:34.154+0000] {dag.py:3036} INFO - Sync 1 DAGs
[2025-07-19T06:54:34.168+0000] {logging_mixin.py:188} INFO - [2025-07-19T06:54:34.168+0000] {dag.py:3823} INFO - Setting next_dagrun for run_eda_script_fixed to None, run_after=None
[2025-07-19T06:54:34.666+0000] {processor.py:183} INFO - Processing /opt/airflow/dags/eda_airflow.py took 0.998 seconds
[2025-07-19T06:55:57.561+0000] {processor.py:161} INFO - Started process (PID=3010) to work on /opt/airflow/dags/eda_airflow.py
[2025-07-19T06:55:57.562+0000] {processor.py:830} INFO - Processing file /opt/airflow/dags/eda_airflow.py for tasks to queue
[2025-07-19T06:55:57.563+0000] {logging_mixin.py:188} INFO - [2025-07-19T06:55:57.563+0000] {dagbag.py:538} INFO - Filling up the DagBag from /opt/airflow/dags/eda_airflow.py
[2025-07-19T06:55:57.913+0000] {processor.py:840} INFO - DAG(s) 'run_eda_script_fixed' retrieved from /opt/airflow/dags/eda_airflow.py
[2025-07-19T06:55:58.007+0000] {logging_mixin.py:188} INFO - [2025-07-19T06:55:58.007+0000] {dag.py:3036} INFO - Sync 1 DAGs
[2025-07-19T06:55:58.020+0000] {logging_mixin.py:188} INFO - [2025-07-19T06:55:58.019+0000] {dag.py:3823} INFO - Setting next_dagrun for run_eda_script_fixed to None, run_after=None
[2025-07-19T06:55:58.144+0000] {processor.py:183} INFO - Processing /opt/airflow/dags/eda_airflow.py took 0.587 seconds
[2025-07-19T06:56:28.789+0000] {processor.py:161} INFO - Started process (PID=3027) to work on /opt/airflow/dags/eda_airflow.py
[2025-07-19T06:56:28.790+0000] {processor.py:830} INFO - Processing file /opt/airflow/dags/eda_airflow.py for tasks to queue
[2025-07-19T06:56:28.791+0000] {logging_mixin.py:188} INFO - [2025-07-19T06:56:28.790+0000] {dagbag.py:538} INFO - Filling up the DagBag from /opt/airflow/dags/eda_airflow.py
[2025-07-19T06:56:28.986+0000] {processor.py:840} INFO - DAG(s) 'run_eda_script_fixed' retrieved from /opt/airflow/dags/eda_airflow.py
[2025-07-19T06:56:29.011+0000] {logging_mixin.py:188} INFO - [2025-07-19T06:56:29.011+0000] {dag.py:3036} INFO - Sync 1 DAGs
[2025-07-19T06:56:29.023+0000] {logging_mixin.py:188} INFO - [2025-07-19T06:56:29.022+0000] {dag.py:3823} INFO - Setting next_dagrun for run_eda_script_fixed to None, run_after=None
[2025-07-19T06:56:29.081+0000] {processor.py:183} INFO - Processing /opt/airflow/dags/eda_airflow.py took 0.295 seconds
[2025-07-19T06:57:50.342+0000] {processor.py:161} INFO - Started process (PID=3051) to work on /opt/airflow/dags/eda_airflow.py
[2025-07-19T06:57:50.344+0000] {processor.py:830} INFO - Processing file /opt/airflow/dags/eda_airflow.py for tasks to queue
[2025-07-19T06:57:50.359+0000] {logging_mixin.py:188} INFO - [2025-07-19T06:57:50.345+0000] {dagbag.py:538} INFO - Filling up the DagBag from /opt/airflow/dags/eda_airflow.py
[2025-07-19T06:57:51.367+0000] {processor.py:840} INFO - DAG(s) 'run_eda_script_fixed' retrieved from /opt/airflow/dags/eda_airflow.py
[2025-07-19T06:58:02.689+0000] {logging_mixin.py:188} INFO - [2025-07-19T06:58:02.689+0000] {dag.py:3036} INFO - Sync 1 DAGs
[2025-07-19T06:58:17.009+0000] {logging_mixin.py:188} INFO - [2025-07-19T06:58:17.009+0000] {dag.py:3823} INFO - Setting next_dagrun for run_eda_script_fixed to None, run_after=None
[2025-07-19T06:58:24.321+0000] {processor.py:183} INFO - Processing /opt/airflow/dags/eda_airflow.py took 34.203 seconds
[2025-07-19T06:58:57.320+0000] {processor.py:161} INFO - Started process (PID=3081) to work on /opt/airflow/dags/eda_airflow.py
[2025-07-19T06:58:57.321+0000] {processor.py:830} INFO - Processing file /opt/airflow/dags/eda_airflow.py for tasks to queue
[2025-07-19T06:58:57.322+0000] {logging_mixin.py:188} INFO - [2025-07-19T06:58:57.322+0000] {dagbag.py:538} INFO - Filling up the DagBag from /opt/airflow/dags/eda_airflow.py
[2025-07-19T06:58:57.626+0000] {processor.py:840} INFO - DAG(s) 'run_eda_script_fixed' retrieved from /opt/airflow/dags/eda_airflow.py
[2025-07-19T06:58:57.652+0000] {logging_mixin.py:188} INFO - [2025-07-19T06:58:57.651+0000] {dag.py:3036} INFO - Sync 1 DAGs
[2025-07-19T06:58:57.664+0000] {logging_mixin.py:188} INFO - [2025-07-19T06:58:57.664+0000] {dag.py:3823} INFO - Setting next_dagrun for run_eda_script_fixed to None, run_after=None
[2025-07-19T06:58:57.742+0000] {processor.py:183} INFO - Processing /opt/airflow/dags/eda_airflow.py took 0.425 seconds
[2025-07-19T06:59:28.202+0000] {processor.py:161} INFO - Started process (PID=3101) to work on /opt/airflow/dags/eda_airflow.py
[2025-07-19T06:59:28.203+0000] {processor.py:830} INFO - Processing file /opt/airflow/dags/eda_airflow.py for tasks to queue
[2025-07-19T06:59:28.204+0000] {logging_mixin.py:188} INFO - [2025-07-19T06:59:28.204+0000] {dagbag.py:538} INFO - Filling up the DagBag from /opt/airflow/dags/eda_airflow.py
[2025-07-19T06:59:28.483+0000] {processor.py:840} INFO - DAG(s) 'run_eda_script_fixed' retrieved from /opt/airflow/dags/eda_airflow.py
[2025-07-19T06:59:28.510+0000] {logging_mixin.py:188} INFO - [2025-07-19T06:59:28.510+0000] {dag.py:3036} INFO - Sync 1 DAGs
[2025-07-19T06:59:28.522+0000] {logging_mixin.py:188} INFO - [2025-07-19T06:59:28.522+0000] {dag.py:3823} INFO - Setting next_dagrun for run_eda_script_fixed to None, run_after=None
[2025-07-19T06:59:28.611+0000] {processor.py:183} INFO - Processing /opt/airflow/dags/eda_airflow.py took 0.413 seconds
[2025-07-19T06:59:59.641+0000] {processor.py:161} INFO - Started process (PID=3121) to work on /opt/airflow/dags/eda_airflow.py
[2025-07-19T06:59:59.903+0000] {processor.py:830} INFO - Processing file /opt/airflow/dags/eda_airflow.py for tasks to queue
[2025-07-19T06:59:59.904+0000] {logging_mixin.py:188} INFO - [2025-07-19T06:59:59.904+0000] {dagbag.py:538} INFO - Filling up the DagBag from /opt/airflow/dags/eda_airflow.py
[2025-07-19T07:00:00.131+0000] {processor.py:840} INFO - DAG(s) 'run_eda_script_fixed' retrieved from /opt/airflow/dags/eda_airflow.py
[2025-07-19T07:00:00.157+0000] {logging_mixin.py:188} INFO - [2025-07-19T07:00:00.157+0000] {dag.py:3036} INFO - Sync 1 DAGs
[2025-07-19T07:00:00.169+0000] {logging_mixin.py:188} INFO - [2025-07-19T07:00:00.168+0000] {dag.py:3823} INFO - Setting next_dagrun for run_eda_script_fixed to None, run_after=None
[2025-07-19T07:00:00.235+0000] {processor.py:183} INFO - Processing /opt/airflow/dags/eda_airflow.py took 0.597 seconds
[2025-07-19T07:00:30.903+0000] {processor.py:161} INFO - Started process (PID=3142) to work on /opt/airflow/dags/eda_airflow.py
[2025-07-19T07:00:30.904+0000] {processor.py:830} INFO - Processing file /opt/airflow/dags/eda_airflow.py for tasks to queue
[2025-07-19T07:00:30.906+0000] {logging_mixin.py:188} INFO - [2025-07-19T07:00:30.905+0000] {dagbag.py:538} INFO - Filling up the DagBag from /opt/airflow/dags/eda_airflow.py
[2025-07-19T07:00:31.186+0000] {processor.py:840} INFO - DAG(s) 'run_eda_script_fixed' retrieved from /opt/airflow/dags/eda_airflow.py
[2025-07-19T07:00:31.211+0000] {logging_mixin.py:188} INFO - [2025-07-19T07:00:31.211+0000] {dag.py:3036} INFO - Sync 1 DAGs
[2025-07-19T07:00:31.222+0000] {logging_mixin.py:188} INFO - [2025-07-19T07:00:31.222+0000] {dag.py:3823} INFO - Setting next_dagrun for run_eda_script_fixed to None, run_after=None
[2025-07-19T07:00:31.262+0000] {processor.py:183} INFO - Processing /opt/airflow/dags/eda_airflow.py took 0.361 seconds
[2025-07-19T07:01:01.883+0000] {processor.py:161} INFO - Started process (PID=3164) to work on /opt/airflow/dags/eda_airflow.py
[2025-07-19T07:01:01.884+0000] {processor.py:830} INFO - Processing file /opt/airflow/dags/eda_airflow.py for tasks to queue
[2025-07-19T07:01:01.885+0000] {logging_mixin.py:188} INFO - [2025-07-19T07:01:01.885+0000] {dagbag.py:538} INFO - Filling up the DagBag from /opt/airflow/dags/eda_airflow.py
[2025-07-19T07:01:01.983+0000] {processor.py:840} INFO - DAG(s) 'run_eda_script_fixed' retrieved from /opt/airflow/dags/eda_airflow.py
[2025-07-19T07:01:02.516+0000] {logging_mixin.py:188} INFO - [2025-07-19T07:01:02.516+0000] {dag.py:3036} INFO - Sync 1 DAGs
[2025-07-19T07:01:02.530+0000] {logging_mixin.py:188} INFO - [2025-07-19T07:01:02.529+0000] {dag.py:3823} INFO - Setting next_dagrun for run_eda_script_fixed to None, run_after=None
[2025-07-19T07:01:02.654+0000] {processor.py:183} INFO - Processing /opt/airflow/dags/eda_airflow.py took 0.774 seconds
[2025-07-19T07:01:33.675+0000] {processor.py:161} INFO - Started process (PID=3196) to work on /opt/airflow/dags/eda_airflow.py
[2025-07-19T07:01:33.677+0000] {processor.py:830} INFO - Processing file /opt/airflow/dags/eda_airflow.py for tasks to queue
[2025-07-19T07:01:33.679+0000] {logging_mixin.py:188} INFO - [2025-07-19T07:01:33.678+0000] {dagbag.py:538} INFO - Filling up the DagBag from /opt/airflow/dags/eda_airflow.py
[2025-07-19T07:01:33.772+0000] {processor.py:840} INFO - DAG(s) 'run_eda_script_fixed' retrieved from /opt/airflow/dags/eda_airflow.py
[2025-07-19T07:01:33.799+0000] {logging_mixin.py:188} INFO - [2025-07-19T07:01:33.798+0000] {dag.py:3036} INFO - Sync 1 DAGs
[2025-07-19T07:01:33.810+0000] {logging_mixin.py:188} INFO - [2025-07-19T07:01:33.810+0000] {dag.py:3823} INFO - Setting next_dagrun for run_eda_script_fixed to None, run_after=None
[2025-07-19T07:01:33.830+0000] {processor.py:183} INFO - Processing /opt/airflow/dags/eda_airflow.py took 0.165 seconds
[2025-07-19T07:02:05.232+0000] {processor.py:161} INFO - Started process (PID=3216) to work on /opt/airflow/dags/eda_airflow.py
[2025-07-19T07:02:05.234+0000] {processor.py:830} INFO - Processing file /opt/airflow/dags/eda_airflow.py for tasks to queue
[2025-07-19T07:02:05.237+0000] {logging_mixin.py:188} INFO - [2025-07-19T07:02:05.236+0000] {dagbag.py:538} INFO - Filling up the DagBag from /opt/airflow/dags/eda_airflow.py
[2025-07-19T07:02:05.301+0000] {processor.py:840} INFO - DAG(s) 'run_eda_script_fixed' retrieved from /opt/airflow/dags/eda_airflow.py
[2025-07-19T07:02:05.393+0000] {logging_mixin.py:188} INFO - [2025-07-19T07:02:05.393+0000] {dag.py:3036} INFO - Sync 1 DAGs
[2025-07-19T07:02:05.478+0000] {logging_mixin.py:188} INFO - [2025-07-19T07:02:05.478+0000] {dag.py:3823} INFO - Setting next_dagrun for run_eda_script_fixed to None, run_after=None
[2025-07-19T07:02:05.503+0000] {processor.py:183} INFO - Processing /opt/airflow/dags/eda_airflow.py took 0.274 seconds
[2025-07-19T07:02:35.846+0000] {processor.py:161} INFO - Started process (PID=3246) to work on /opt/airflow/dags/eda_airflow.py
[2025-07-19T07:02:35.847+0000] {processor.py:830} INFO - Processing file /opt/airflow/dags/eda_airflow.py for tasks to queue
[2025-07-19T07:02:35.848+0000] {logging_mixin.py:188} INFO - [2025-07-19T07:02:35.848+0000] {dagbag.py:538} INFO - Filling up the DagBag from /opt/airflow/dags/eda_airflow.py
[2025-07-19T07:02:36.083+0000] {processor.py:840} INFO - DAG(s) 'run_eda_script_fixed' retrieved from /opt/airflow/dags/eda_airflow.py
[2025-07-19T07:02:36.110+0000] {logging_mixin.py:188} INFO - [2025-07-19T07:02:36.110+0000] {dag.py:3036} INFO - Sync 1 DAGs
[2025-07-19T07:02:36.121+0000] {logging_mixin.py:188} INFO - [2025-07-19T07:02:36.121+0000] {dag.py:3823} INFO - Setting next_dagrun for run_eda_script_fixed to None, run_after=None
[2025-07-19T07:02:36.140+0000] {processor.py:183} INFO - Processing /opt/airflow/dags/eda_airflow.py took 0.304 seconds
[2025-07-19T07:03:06.455+0000] {processor.py:161} INFO - Started process (PID=3266) to work on /opt/airflow/dags/eda_airflow.py
[2025-07-19T07:03:06.456+0000] {processor.py:830} INFO - Processing file /opt/airflow/dags/eda_airflow.py for tasks to queue
[2025-07-19T07:03:06.457+0000] {logging_mixin.py:188} INFO - [2025-07-19T07:03:06.457+0000] {dagbag.py:538} INFO - Filling up the DagBag from /opt/airflow/dags/eda_airflow.py
[2025-07-19T07:03:06.515+0000] {processor.py:840} INFO - DAG(s) 'run_eda_script_fixed' retrieved from /opt/airflow/dags/eda_airflow.py
[2025-07-19T07:03:06.543+0000] {logging_mixin.py:188} INFO - [2025-07-19T07:03:06.543+0000] {dag.py:3036} INFO - Sync 1 DAGs
[2025-07-19T07:03:06.555+0000] {logging_mixin.py:188} INFO - [2025-07-19T07:03:06.555+0000] {dag.py:3823} INFO - Setting next_dagrun for run_eda_script_fixed to None, run_after=None
[2025-07-19T07:03:06.578+0000] {processor.py:183} INFO - Processing /opt/airflow/dags/eda_airflow.py took 0.128 seconds
[2025-07-19T07:03:37.165+0000] {processor.py:161} INFO - Started process (PID=3286) to work on /opt/airflow/dags/eda_airflow.py
[2025-07-19T07:03:37.166+0000] {processor.py:830} INFO - Processing file /opt/airflow/dags/eda_airflow.py for tasks to queue
[2025-07-19T07:03:37.168+0000] {logging_mixin.py:188} INFO - [2025-07-19T07:03:37.168+0000] {dagbag.py:538} INFO - Filling up the DagBag from /opt/airflow/dags/eda_airflow.py
[2025-07-19T07:03:37.363+0000] {processor.py:840} INFO - DAG(s) 'run_eda_script_fixed' retrieved from /opt/airflow/dags/eda_airflow.py
[2025-07-19T07:03:37.391+0000] {logging_mixin.py:188} INFO - [2025-07-19T07:03:37.390+0000] {dag.py:3036} INFO - Sync 1 DAGs
[2025-07-19T07:03:37.404+0000] {logging_mixin.py:188} INFO - [2025-07-19T07:03:37.404+0000] {dag.py:3823} INFO - Setting next_dagrun for run_eda_script_fixed to None, run_after=None
[2025-07-19T07:03:37.426+0000] {processor.py:183} INFO - Processing /opt/airflow/dags/eda_airflow.py took 0.265 seconds
[2025-07-19T07:04:07.690+0000] {processor.py:161} INFO - Started process (PID=3307) to work on /opt/airflow/dags/eda_airflow.py
[2025-07-19T07:04:07.691+0000] {processor.py:830} INFO - Processing file /opt/airflow/dags/eda_airflow.py for tasks to queue
[2025-07-19T07:04:07.692+0000] {logging_mixin.py:188} INFO - [2025-07-19T07:04:07.692+0000] {dagbag.py:538} INFO - Filling up the DagBag from /opt/airflow/dags/eda_airflow.py
[2025-07-19T07:04:07.758+0000] {processor.py:840} INFO - DAG(s) 'run_eda_script_fixed' retrieved from /opt/airflow/dags/eda_airflow.py
[2025-07-19T07:04:07.857+0000] {logging_mixin.py:188} INFO - [2025-07-19T07:04:07.857+0000] {dag.py:3036} INFO - Sync 1 DAGs
[2025-07-19T07:04:07.868+0000] {logging_mixin.py:188} INFO - [2025-07-19T07:04:07.868+0000] {dag.py:3823} INFO - Setting next_dagrun for run_eda_script_fixed to None, run_after=None
[2025-07-19T07:04:07.922+0000] {processor.py:183} INFO - Processing /opt/airflow/dags/eda_airflow.py took 0.235 seconds
[2025-07-19T07:05:21.453+0000] {processor.py:161} INFO - Started process (PID=3326) to work on /opt/airflow/dags/eda_airflow.py
[2025-07-19T07:05:21.454+0000] {processor.py:830} INFO - Processing file /opt/airflow/dags/eda_airflow.py for tasks to queue
[2025-07-19T07:05:21.455+0000] {logging_mixin.py:188} INFO - [2025-07-19T07:05:21.454+0000] {dagbag.py:538} INFO - Filling up the DagBag from /opt/airflow/dags/eda_airflow.py
[2025-07-19T07:05:21.465+0000] {processor.py:840} INFO - DAG(s) 'run_eda_script_fixed' retrieved from /opt/airflow/dags/eda_airflow.py
[2025-07-19T07:05:33.649+0000] {logging_mixin.py:188} INFO - [2025-07-19T07:05:33.648+0000] {dag.py:3036} INFO - Sync 1 DAGs
[2025-07-19T07:05:33.667+0000] {logging_mixin.py:188} INFO - [2025-07-19T07:05:33.667+0000] {dag.py:3823} INFO - Setting next_dagrun for run_eda_script_fixed to None, run_after=None
[2025-07-19T07:05:33.811+0000] {processor.py:183} INFO - Processing /opt/airflow/dags/eda_airflow.py took 12.361 seconds
[2025-07-19T07:06:37.283+0000] {processor.py:161} INFO - Started process (PID=3348) to work on /opt/airflow/dags/eda_airflow.py
[2025-07-19T07:06:37.969+0000] {processor.py:830} INFO - Processing file /opt/airflow/dags/eda_airflow.py for tasks to queue
[2025-07-19T07:06:38.002+0000] {logging_mixin.py:188} INFO - [2025-07-19T07:06:38.002+0000] {dagbag.py:538} INFO - Filling up the DagBag from /opt/airflow/dags/eda_airflow.py
[2025-07-19T07:06:39.734+0000] {processor.py:840} INFO - DAG(s) 'run_eda_script_fixed' retrieved from /opt/airflow/dags/eda_airflow.py
[2025-07-19T07:06:41.122+0000] {logging_mixin.py:188} INFO - [2025-07-19T07:06:41.122+0000] {dag.py:3036} INFO - Sync 1 DAGs
[2025-07-19T07:06:41.223+0000] {logging_mixin.py:188} INFO - [2025-07-19T07:06:41.223+0000] {dag.py:3823} INFO - Setting next_dagrun for run_eda_script_fixed to None, run_after=None
[2025-07-19T07:06:41.637+0000] {processor.py:183} INFO - Processing /opt/airflow/dags/eda_airflow.py took 6.232 seconds
[2025-07-19T07:07:12.415+0000] {processor.py:161} INFO - Started process (PID=3380) to work on /opt/airflow/dags/eda_airflow.py
[2025-07-19T07:07:12.416+0000] {processor.py:830} INFO - Processing file /opt/airflow/dags/eda_airflow.py for tasks to queue
[2025-07-19T07:07:12.417+0000] {logging_mixin.py:188} INFO - [2025-07-19T07:07:12.417+0000] {dagbag.py:538} INFO - Filling up the DagBag from /opt/airflow/dags/eda_airflow.py
[2025-07-19T07:07:12.604+0000] {processor.py:840} INFO - DAG(s) 'run_eda_script_fixed' retrieved from /opt/airflow/dags/eda_airflow.py
[2025-07-19T07:07:12.711+0000] {logging_mixin.py:188} INFO - [2025-07-19T07:07:12.711+0000] {dag.py:3036} INFO - Sync 1 DAGs
[2025-07-19T07:07:12.820+0000] {logging_mixin.py:188} INFO - [2025-07-19T07:07:12.820+0000] {dag.py:3823} INFO - Setting next_dagrun for run_eda_script_fixed to None, run_after=None
[2025-07-19T07:07:12.939+0000] {processor.py:183} INFO - Processing /opt/airflow/dags/eda_airflow.py took 0.527 seconds
[2025-07-19T07:07:43.502+0000] {processor.py:161} INFO - Started process (PID=3403) to work on /opt/airflow/dags/eda_airflow.py
[2025-07-19T07:07:43.503+0000] {processor.py:830} INFO - Processing file /opt/airflow/dags/eda_airflow.py for tasks to queue
[2025-07-19T07:07:43.504+0000] {logging_mixin.py:188} INFO - [2025-07-19T07:07:43.504+0000] {dagbag.py:538} INFO - Filling up the DagBag from /opt/airflow/dags/eda_airflow.py
[2025-07-19T07:07:43.514+0000] {processor.py:840} INFO - DAG(s) 'run_eda_script_fixed' retrieved from /opt/airflow/dags/eda_airflow.py
[2025-07-19T07:07:43.543+0000] {logging_mixin.py:188} INFO - [2025-07-19T07:07:43.543+0000] {dag.py:3036} INFO - Sync 1 DAGs
[2025-07-19T07:07:43.556+0000] {logging_mixin.py:188} INFO - [2025-07-19T07:07:43.555+0000] {dag.py:3823} INFO - Setting next_dagrun for run_eda_script_fixed to None, run_after=None
[2025-07-19T07:07:43.575+0000] {processor.py:183} INFO - Processing /opt/airflow/dags/eda_airflow.py took 0.076 seconds
[2025-07-19T07:08:14.255+0000] {processor.py:161} INFO - Started process (PID=3423) to work on /opt/airflow/dags/eda_airflow.py
[2025-07-19T07:08:14.257+0000] {processor.py:830} INFO - Processing file /opt/airflow/dags/eda_airflow.py for tasks to queue
[2025-07-19T07:08:14.258+0000] {logging_mixin.py:188} INFO - [2025-07-19T07:08:14.258+0000] {dagbag.py:538} INFO - Filling up the DagBag from /opt/airflow/dags/eda_airflow.py
[2025-07-19T07:08:14.270+0000] {processor.py:840} INFO - DAG(s) 'run_eda_script_fixed' retrieved from /opt/airflow/dags/eda_airflow.py
[2025-07-19T07:08:14.302+0000] {logging_mixin.py:188} INFO - [2025-07-19T07:08:14.301+0000] {dag.py:3036} INFO - Sync 1 DAGs
[2025-07-19T07:08:14.317+0000] {logging_mixin.py:188} INFO - [2025-07-19T07:08:14.317+0000] {dag.py:3823} INFO - Setting next_dagrun for run_eda_script_fixed to None, run_after=None
[2025-07-19T07:08:14.341+0000] {processor.py:183} INFO - Processing /opt/airflow/dags/eda_airflow.py took 0.088 seconds
[2025-07-19T07:08:44.715+0000] {processor.py:161} INFO - Started process (PID=3454) to work on /opt/airflow/dags/eda_airflow.py
[2025-07-19T07:08:44.716+0000] {processor.py:830} INFO - Processing file /opt/airflow/dags/eda_airflow.py for tasks to queue
[2025-07-19T07:08:44.717+0000] {logging_mixin.py:188} INFO - [2025-07-19T07:08:44.716+0000] {dagbag.py:538} INFO - Filling up the DagBag from /opt/airflow/dags/eda_airflow.py
[2025-07-19T07:08:44.727+0000] {processor.py:840} INFO - DAG(s) 'run_eda_script_fixed' retrieved from /opt/airflow/dags/eda_airflow.py
[2025-07-19T07:08:44.839+0000] {logging_mixin.py:188} INFO - [2025-07-19T07:08:44.838+0000] {dag.py:3036} INFO - Sync 1 DAGs
[2025-07-19T07:08:44.853+0000] {logging_mixin.py:188} INFO - [2025-07-19T07:08:44.853+0000] {dag.py:3823} INFO - Setting next_dagrun for run_eda_script_fixed to None, run_after=None
[2025-07-19T07:08:44.876+0000] {processor.py:183} INFO - Processing /opt/airflow/dags/eda_airflow.py took 0.164 seconds
[2025-07-19T07:09:15.973+0000] {processor.py:161} INFO - Started process (PID=3479) to work on /opt/airflow/dags/eda_airflow.py
[2025-07-19T07:09:15.974+0000] {processor.py:830} INFO - Processing file /opt/airflow/dags/eda_airflow.py for tasks to queue
[2025-07-19T07:09:15.975+0000] {logging_mixin.py:188} INFO - [2025-07-19T07:09:15.975+0000] {dagbag.py:538} INFO - Filling up the DagBag from /opt/airflow/dags/eda_airflow.py
[2025-07-19T07:09:16.034+0000] {processor.py:840} INFO - DAG(s) 'run_eda_script_fixed' retrieved from /opt/airflow/dags/eda_airflow.py
[2025-07-19T07:09:16.060+0000] {logging_mixin.py:188} INFO - [2025-07-19T07:09:16.059+0000] {dag.py:3036} INFO - Sync 1 DAGs
[2025-07-19T07:09:16.071+0000] {logging_mixin.py:188} INFO - [2025-07-19T07:09:16.071+0000] {dag.py:3823} INFO - Setting next_dagrun for run_eda_script_fixed to None, run_after=None
[2025-07-19T07:09:16.092+0000] {processor.py:183} INFO - Processing /opt/airflow/dags/eda_airflow.py took 0.122 seconds
[2025-07-19T07:09:46.855+0000] {processor.py:161} INFO - Started process (PID=3501) to work on /opt/airflow/dags/eda_airflow.py
[2025-07-19T07:09:46.856+0000] {processor.py:830} INFO - Processing file /opt/airflow/dags/eda_airflow.py for tasks to queue
[2025-07-19T07:09:46.858+0000] {logging_mixin.py:188} INFO - [2025-07-19T07:09:46.857+0000] {dagbag.py:538} INFO - Filling up the DagBag from /opt/airflow/dags/eda_airflow.py
[2025-07-19T07:09:46.868+0000] {processor.py:840} INFO - DAG(s) 'run_eda_script_fixed' retrieved from /opt/airflow/dags/eda_airflow.py
[2025-07-19T07:09:46.897+0000] {logging_mixin.py:188} INFO - [2025-07-19T07:09:46.897+0000] {dag.py:3036} INFO - Sync 1 DAGs
[2025-07-19T07:09:46.910+0000] {logging_mixin.py:188} INFO - [2025-07-19T07:09:46.910+0000] {dag.py:3823} INFO - Setting next_dagrun for run_eda_script_fixed to None, run_after=None
[2025-07-19T07:09:46.932+0000] {processor.py:183} INFO - Processing /opt/airflow/dags/eda_airflow.py took 0.081 seconds
[2025-07-19T07:10:18.404+0000] {processor.py:161} INFO - Started process (PID=3521) to work on /opt/airflow/dags/eda_airflow.py
[2025-07-19T07:10:18.405+0000] {processor.py:830} INFO - Processing file /opt/airflow/dags/eda_airflow.py for tasks to queue
[2025-07-19T07:10:18.406+0000] {logging_mixin.py:188} INFO - [2025-07-19T07:10:18.405+0000] {dagbag.py:538} INFO - Filling up the DagBag from /opt/airflow/dags/eda_airflow.py
[2025-07-19T07:10:18.966+0000] {processor.py:840} INFO - DAG(s) 'run_eda_script_fixed' retrieved from /opt/airflow/dags/eda_airflow.py
[2025-07-19T07:10:18.990+0000] {logging_mixin.py:188} INFO - [2025-07-19T07:10:18.990+0000] {dag.py:3036} INFO - Sync 1 DAGs
[2025-07-19T07:10:19.001+0000] {logging_mixin.py:188} INFO - [2025-07-19T07:10:19.001+0000] {dag.py:3823} INFO - Setting next_dagrun for run_eda_script_fixed to None, run_after=None
[2025-07-19T07:10:20.365+0000] {processor.py:183} INFO - Processing /opt/airflow/dags/eda_airflow.py took 1.964 seconds
[2025-07-19T07:10:50.728+0000] {processor.py:161} INFO - Started process (PID=3541) to work on /opt/airflow/dags/eda_airflow.py
[2025-07-19T07:10:50.729+0000] {processor.py:830} INFO - Processing file /opt/airflow/dags/eda_airflow.py for tasks to queue
[2025-07-19T07:10:50.730+0000] {logging_mixin.py:188} INFO - [2025-07-19T07:10:50.730+0000] {dagbag.py:538} INFO - Filling up the DagBag from /opt/airflow/dags/eda_airflow.py
[2025-07-19T07:10:50.962+0000] {processor.py:840} INFO - DAG(s) 'run_eda_script_fixed' retrieved from /opt/airflow/dags/eda_airflow.py
[2025-07-19T07:10:51.034+0000] {logging_mixin.py:188} INFO - [2025-07-19T07:10:51.034+0000] {dag.py:3036} INFO - Sync 1 DAGs
[2025-07-19T07:10:51.162+0000] {logging_mixin.py:188} INFO - [2025-07-19T07:10:51.162+0000] {dag.py:3823} INFO - Setting next_dagrun for run_eda_script_fixed to None, run_after=None
[2025-07-19T07:10:51.189+0000] {processor.py:183} INFO - Processing /opt/airflow/dags/eda_airflow.py took 0.464 seconds
[2025-07-19T07:11:21.300+0000] {processor.py:161} INFO - Started process (PID=3561) to work on /opt/airflow/dags/eda_airflow.py
[2025-07-19T07:11:21.301+0000] {processor.py:830} INFO - Processing file /opt/airflow/dags/eda_airflow.py for tasks to queue
[2025-07-19T07:11:21.302+0000] {logging_mixin.py:188} INFO - [2025-07-19T07:11:21.302+0000] {dagbag.py:538} INFO - Filling up the DagBag from /opt/airflow/dags/eda_airflow.py
[2025-07-19T07:11:21.365+0000] {processor.py:840} INFO - DAG(s) 'run_eda_script_fixed' retrieved from /opt/airflow/dags/eda_airflow.py
[2025-07-19T07:11:21.390+0000] {logging_mixin.py:188} INFO - [2025-07-19T07:11:21.390+0000] {dag.py:3036} INFO - Sync 1 DAGs
[2025-07-19T07:11:21.420+0000] {logging_mixin.py:188} INFO - [2025-07-19T07:11:21.420+0000] {dag.py:3823} INFO - Setting next_dagrun for run_eda_script_fixed to None, run_after=None
[2025-07-19T07:11:21.439+0000] {processor.py:183} INFO - Processing /opt/airflow/dags/eda_airflow.py took 0.141 seconds
[2025-07-19T07:11:52.196+0000] {processor.py:161} INFO - Started process (PID=3579) to work on /opt/airflow/dags/eda_airflow.py
[2025-07-19T07:11:52.254+0000] {processor.py:830} INFO - Processing file /opt/airflow/dags/eda_airflow.py for tasks to queue
[2025-07-19T07:11:52.255+0000] {logging_mixin.py:188} INFO - [2025-07-19T07:11:52.255+0000] {dagbag.py:538} INFO - Filling up the DagBag from /opt/airflow/dags/eda_airflow.py
[2025-07-19T07:11:52.292+0000] {processor.py:840} INFO - DAG(s) 'run_eda_script_fixed' retrieved from /opt/airflow/dags/eda_airflow.py
[2025-07-19T07:11:52.322+0000] {logging_mixin.py:188} INFO - [2025-07-19T07:11:52.322+0000] {dag.py:3036} INFO - Sync 1 DAGs
[2025-07-19T07:11:52.334+0000] {logging_mixin.py:188} INFO - [2025-07-19T07:11:52.334+0000] {dag.py:3823} INFO - Setting next_dagrun for run_eda_script_fixed to None, run_after=None
[2025-07-19T07:11:52.411+0000] {processor.py:183} INFO - Processing /opt/airflow/dags/eda_airflow.py took 0.264 seconds
[2025-07-19T07:12:23.617+0000] {processor.py:161} INFO - Started process (PID=3601) to work on /opt/airflow/dags/eda_airflow.py
[2025-07-19T07:12:23.618+0000] {processor.py:830} INFO - Processing file /opt/airflow/dags/eda_airflow.py for tasks to queue
[2025-07-19T07:12:23.619+0000] {logging_mixin.py:188} INFO - [2025-07-19T07:12:23.619+0000] {dagbag.py:538} INFO - Filling up the DagBag from /opt/airflow/dags/eda_airflow.py
[2025-07-19T07:12:23.628+0000] {processor.py:840} INFO - DAG(s) 'run_eda_script_fixed' retrieved from /opt/airflow/dags/eda_airflow.py
[2025-07-19T07:12:23.924+0000] {logging_mixin.py:188} INFO - [2025-07-19T07:12:23.924+0000] {dag.py:3036} INFO - Sync 1 DAGs
[2025-07-19T07:12:23.934+0000] {logging_mixin.py:188} INFO - [2025-07-19T07:12:23.934+0000] {dag.py:3823} INFO - Setting next_dagrun for run_eda_script_fixed to None, run_after=None
[2025-07-19T07:12:23.954+0000] {processor.py:183} INFO - Processing /opt/airflow/dags/eda_airflow.py took 0.339 seconds
[2025-07-19T07:12:54.205+0000] {processor.py:161} INFO - Started process (PID=3619) to work on /opt/airflow/dags/eda_airflow.py
[2025-07-19T07:12:54.263+0000] {processor.py:830} INFO - Processing file /opt/airflow/dags/eda_airflow.py for tasks to queue
[2025-07-19T07:12:54.267+0000] {logging_mixin.py:188} INFO - [2025-07-19T07:12:54.266+0000] {dagbag.py:538} INFO - Filling up the DagBag from /opt/airflow/dags/eda_airflow.py
[2025-07-19T07:12:54.288+0000] {processor.py:840} INFO - DAG(s) 'run_eda_script_fixed' retrieved from /opt/airflow/dags/eda_airflow.py
[2025-07-19T07:12:54.337+0000] {logging_mixin.py:188} INFO - [2025-07-19T07:12:54.336+0000] {dag.py:3036} INFO - Sync 1 DAGs
[2025-07-19T07:12:54.358+0000] {logging_mixin.py:188} INFO - [2025-07-19T07:12:54.358+0000] {dag.py:3823} INFO - Setting next_dagrun for run_eda_script_fixed to None, run_after=None
[2025-07-19T07:12:54.385+0000] {processor.py:183} INFO - Processing /opt/airflow/dags/eda_airflow.py took 0.194 seconds
[2025-07-19T07:13:25.123+0000] {processor.py:161} INFO - Started process (PID=3639) to work on /opt/airflow/dags/eda_airflow.py
[2025-07-19T07:13:25.131+0000] {processor.py:830} INFO - Processing file /opt/airflow/dags/eda_airflow.py for tasks to queue
[2025-07-19T07:13:25.146+0000] {logging_mixin.py:188} INFO - [2025-07-19T07:13:25.145+0000] {dagbag.py:538} INFO - Filling up the DagBag from /opt/airflow/dags/eda_airflow.py
[2025-07-19T07:13:25.236+0000] {processor.py:840} INFO - DAG(s) 'run_eda_script_fixed' retrieved from /opt/airflow/dags/eda_airflow.py
[2025-07-19T07:13:25.264+0000] {logging_mixin.py:188} INFO - [2025-07-19T07:13:25.264+0000] {dag.py:3036} INFO - Sync 1 DAGs
[2025-07-19T07:13:25.275+0000] {logging_mixin.py:188} INFO - [2025-07-19T07:13:25.275+0000] {dag.py:3823} INFO - Setting next_dagrun for run_eda_script_fixed to None, run_after=None
[2025-07-19T07:13:25.294+0000] {processor.py:183} INFO - Processing /opt/airflow/dags/eda_airflow.py took 0.174 seconds
[2025-07-19T07:13:56.472+0000] {processor.py:161} INFO - Started process (PID=3661) to work on /opt/airflow/dags/eda_airflow.py
[2025-07-19T07:13:56.473+0000] {processor.py:830} INFO - Processing file /opt/airflow/dags/eda_airflow.py for tasks to queue
[2025-07-19T07:13:56.474+0000] {logging_mixin.py:188} INFO - [2025-07-19T07:13:56.473+0000] {dagbag.py:538} INFO - Filling up the DagBag from /opt/airflow/dags/eda_airflow.py
[2025-07-19T07:13:56.522+0000] {processor.py:840} INFO - DAG(s) 'run_eda_script_fixed' retrieved from /opt/airflow/dags/eda_airflow.py
[2025-07-19T07:13:56.546+0000] {logging_mixin.py:188} INFO - [2025-07-19T07:13:56.545+0000] {dag.py:3036} INFO - Sync 1 DAGs
[2025-07-19T07:13:56.557+0000] {logging_mixin.py:188} INFO - [2025-07-19T07:13:56.557+0000] {dag.py:3823} INFO - Setting next_dagrun for run_eda_script_fixed to None, run_after=None
[2025-07-19T07:13:56.578+0000] {processor.py:183} INFO - Processing /opt/airflow/dags/eda_airflow.py took 0.109 seconds
[2025-07-19T07:14:26.852+0000] {processor.py:161} INFO - Started process (PID=3680) to work on /opt/airflow/dags/eda_airflow.py
[2025-07-19T07:14:26.853+0000] {processor.py:830} INFO - Processing file /opt/airflow/dags/eda_airflow.py for tasks to queue
[2025-07-19T07:14:26.854+0000] {logging_mixin.py:188} INFO - [2025-07-19T07:14:26.854+0000] {dagbag.py:538} INFO - Filling up the DagBag from /opt/airflow/dags/eda_airflow.py
[2025-07-19T07:14:26.900+0000] {processor.py:840} INFO - DAG(s) 'run_eda_script_fixed' retrieved from /opt/airflow/dags/eda_airflow.py
[2025-07-19T07:14:26.927+0000] {logging_mixin.py:188} INFO - [2025-07-19T07:14:26.926+0000] {dag.py:3036} INFO - Sync 1 DAGs
[2025-07-19T07:14:26.939+0000] {logging_mixin.py:188} INFO - [2025-07-19T07:14:26.939+0000] {dag.py:3823} INFO - Setting next_dagrun for run_eda_script_fixed to None, run_after=None
[2025-07-19T07:14:26.969+0000] {processor.py:183} INFO - Processing /opt/airflow/dags/eda_airflow.py took 0.120 seconds
[2025-07-19T07:14:57.259+0000] {processor.py:161} INFO - Started process (PID=3702) to work on /opt/airflow/dags/eda_airflow.py
[2025-07-19T07:14:57.260+0000] {processor.py:830} INFO - Processing file /opt/airflow/dags/eda_airflow.py for tasks to queue
[2025-07-19T07:14:57.261+0000] {logging_mixin.py:188} INFO - [2025-07-19T07:14:57.261+0000] {dagbag.py:538} INFO - Filling up the DagBag from /opt/airflow/dags/eda_airflow.py
[2025-07-19T07:14:57.302+0000] {processor.py:840} INFO - DAG(s) 'run_eda_script_fixed' retrieved from /opt/airflow/dags/eda_airflow.py
[2025-07-19T07:14:57.334+0000] {logging_mixin.py:188} INFO - [2025-07-19T07:14:57.334+0000] {dag.py:3036} INFO - Sync 1 DAGs
[2025-07-19T07:14:57.348+0000] {logging_mixin.py:188} INFO - [2025-07-19T07:14:57.348+0000] {dag.py:3823} INFO - Setting next_dagrun for run_eda_script_fixed to None, run_after=None
[2025-07-19T07:14:57.370+0000] {processor.py:183} INFO - Processing /opt/airflow/dags/eda_airflow.py took 0.114 seconds
[2025-07-19T07:15:28.175+0000] {processor.py:161} INFO - Started process (PID=3722) to work on /opt/airflow/dags/eda_airflow.py
[2025-07-19T07:15:28.214+0000] {processor.py:830} INFO - Processing file /opt/airflow/dags/eda_airflow.py for tasks to queue
[2025-07-19T07:15:28.216+0000] {logging_mixin.py:188} INFO - [2025-07-19T07:15:28.216+0000] {dagbag.py:538} INFO - Filling up the DagBag from /opt/airflow/dags/eda_airflow.py
[2025-07-19T07:15:28.228+0000] {processor.py:840} INFO - DAG(s) 'run_eda_script_fixed' retrieved from /opt/airflow/dags/eda_airflow.py
[2025-07-19T07:15:28.371+0000] {logging_mixin.py:188} INFO - [2025-07-19T07:15:28.371+0000] {dag.py:3036} INFO - Sync 1 DAGs
[2025-07-19T07:15:28.385+0000] {logging_mixin.py:188} INFO - [2025-07-19T07:15:28.384+0000] {dag.py:3823} INFO - Setting next_dagrun for run_eda_script_fixed to None, run_after=None
[2025-07-19T07:15:28.406+0000] {processor.py:183} INFO - Processing /opt/airflow/dags/eda_airflow.py took 0.236 seconds
[2025-07-19T07:15:58.892+0000] {processor.py:161} INFO - Started process (PID=3742) to work on /opt/airflow/dags/eda_airflow.py
[2025-07-19T07:15:58.893+0000] {processor.py:830} INFO - Processing file /opt/airflow/dags/eda_airflow.py for tasks to queue
[2025-07-19T07:15:58.894+0000] {logging_mixin.py:188} INFO - [2025-07-19T07:15:58.894+0000] {dagbag.py:538} INFO - Filling up the DagBag from /opt/airflow/dags/eda_airflow.py
[2025-07-19T07:15:58.905+0000] {processor.py:840} INFO - DAG(s) 'run_eda_script_fixed' retrieved from /opt/airflow/dags/eda_airflow.py
[2025-07-19T07:15:58.932+0000] {logging_mixin.py:188} INFO - [2025-07-19T07:15:58.932+0000] {dag.py:3036} INFO - Sync 1 DAGs
[2025-07-19T07:15:58.948+0000] {logging_mixin.py:188} INFO - [2025-07-19T07:15:58.947+0000] {dag.py:3823} INFO - Setting next_dagrun for run_eda_script_fixed to None, run_after=None
[2025-07-19T07:15:58.973+0000] {processor.py:183} INFO - Processing /opt/airflow/dags/eda_airflow.py took 0.087 seconds
[2025-07-19T07:16:29.479+0000] {processor.py:161} INFO - Started process (PID=3762) to work on /opt/airflow/dags/eda_airflow.py
[2025-07-19T07:16:29.480+0000] {processor.py:830} INFO - Processing file /opt/airflow/dags/eda_airflow.py for tasks to queue
[2025-07-19T07:16:29.481+0000] {logging_mixin.py:188} INFO - [2025-07-19T07:16:29.480+0000] {dagbag.py:538} INFO - Filling up the DagBag from /opt/airflow/dags/eda_airflow.py
[2025-07-19T07:16:29.531+0000] {processor.py:840} INFO - DAG(s) 'run_eda_script_fixed' retrieved from /opt/airflow/dags/eda_airflow.py
[2025-07-19T07:16:29.563+0000] {logging_mixin.py:188} INFO - [2025-07-19T07:16:29.563+0000] {dag.py:3036} INFO - Sync 1 DAGs
[2025-07-19T07:16:29.598+0000] {logging_mixin.py:188} INFO - [2025-07-19T07:16:29.598+0000] {dag.py:3823} INFO - Setting next_dagrun for run_eda_script_fixed to None, run_after=None
[2025-07-19T07:16:29.618+0000] {processor.py:183} INFO - Processing /opt/airflow/dags/eda_airflow.py took 0.143 seconds
[2025-07-19T07:17:00.012+0000] {processor.py:161} INFO - Started process (PID=3785) to work on /opt/airflow/dags/eda_airflow.py
[2025-07-19T07:17:00.013+0000] {processor.py:830} INFO - Processing file /opt/airflow/dags/eda_airflow.py for tasks to queue
[2025-07-19T07:17:00.016+0000] {logging_mixin.py:188} INFO - [2025-07-19T07:17:00.015+0000] {dagbag.py:538} INFO - Filling up the DagBag from /opt/airflow/dags/eda_airflow.py
[2025-07-19T07:17:00.151+0000] {processor.py:840} INFO - DAG(s) 'run_eda_script_fixed' retrieved from /opt/airflow/dags/eda_airflow.py
[2025-07-19T07:17:00.206+0000] {logging_mixin.py:188} INFO - [2025-07-19T07:17:00.205+0000] {dag.py:3036} INFO - Sync 1 DAGs
[2025-07-19T07:17:00.229+0000] {logging_mixin.py:188} INFO - [2025-07-19T07:17:00.228+0000] {dag.py:3823} INFO - Setting next_dagrun for run_eda_script_fixed to None, run_after=None
[2025-07-19T07:17:00.319+0000] {processor.py:183} INFO - Processing /opt/airflow/dags/eda_airflow.py took 0.312 seconds
[2025-07-19T07:17:30.433+0000] {processor.py:161} INFO - Started process (PID=3803) to work on /opt/airflow/dags/eda_airflow.py
[2025-07-19T07:17:30.442+0000] {processor.py:830} INFO - Processing file /opt/airflow/dags/eda_airflow.py for tasks to queue
[2025-07-19T07:17:30.443+0000] {logging_mixin.py:188} INFO - [2025-07-19T07:17:30.443+0000] {dagbag.py:538} INFO - Filling up the DagBag from /opt/airflow/dags/eda_airflow.py
[2025-07-19T07:17:30.494+0000] {processor.py:840} INFO - DAG(s) 'run_eda_script_fixed' retrieved from /opt/airflow/dags/eda_airflow.py
[2025-07-19T07:17:30.525+0000] {logging_mixin.py:188} INFO - [2025-07-19T07:17:30.524+0000] {dag.py:3036} INFO - Sync 1 DAGs
[2025-07-19T07:17:30.540+0000] {logging_mixin.py:188} INFO - [2025-07-19T07:17:30.540+0000] {dag.py:3823} INFO - Setting next_dagrun for run_eda_script_fixed to None, run_after=None
[2025-07-19T07:17:30.586+0000] {processor.py:183} INFO - Processing /opt/airflow/dags/eda_airflow.py took 0.157 seconds
[2025-07-19T07:18:00.707+0000] {processor.py:161} INFO - Started process (PID=3823) to work on /opt/airflow/dags/eda_airflow.py
[2025-07-19T07:18:00.709+0000] {processor.py:830} INFO - Processing file /opt/airflow/dags/eda_airflow.py for tasks to queue
[2025-07-19T07:18:00.711+0000] {logging_mixin.py:188} INFO - [2025-07-19T07:18:00.711+0000] {dagbag.py:538} INFO - Filling up the DagBag from /opt/airflow/dags/eda_airflow.py
[2025-07-19T07:18:00.721+0000] {processor.py:840} INFO - DAG(s) 'run_eda_script_fixed' retrieved from /opt/airflow/dags/eda_airflow.py
[2025-07-19T07:18:00.749+0000] {logging_mixin.py:188} INFO - [2025-07-19T07:18:00.749+0000] {dag.py:3036} INFO - Sync 1 DAGs
[2025-07-19T07:18:00.762+0000] {logging_mixin.py:188} INFO - [2025-07-19T07:18:00.761+0000] {dag.py:3823} INFO - Setting next_dagrun for run_eda_script_fixed to None, run_after=None
[2025-07-19T07:18:00.785+0000] {processor.py:183} INFO - Processing /opt/airflow/dags/eda_airflow.py took 0.081 seconds
[2025-07-19T07:18:30.934+0000] {processor.py:161} INFO - Started process (PID=3840) to work on /opt/airflow/dags/eda_airflow.py
[2025-07-19T07:18:30.935+0000] {processor.py:830} INFO - Processing file /opt/airflow/dags/eda_airflow.py for tasks to queue
[2025-07-19T07:18:30.936+0000] {logging_mixin.py:188} INFO - [2025-07-19T07:18:30.935+0000] {dagbag.py:538} INFO - Filling up the DagBag from /opt/airflow/dags/eda_airflow.py
[2025-07-19T07:18:30.970+0000] {processor.py:840} INFO - DAG(s) 'run_eda_script_fixed' retrieved from /opt/airflow/dags/eda_airflow.py
[2025-07-19T07:18:31.049+0000] {logging_mixin.py:188} INFO - [2025-07-19T07:18:31.048+0000] {dag.py:3036} INFO - Sync 1 DAGs
[2025-07-19T07:18:31.066+0000] {logging_mixin.py:188} INFO - [2025-07-19T07:18:31.066+0000] {dag.py:3823} INFO - Setting next_dagrun for run_eda_script_fixed to None, run_after=None
[2025-07-19T07:18:31.104+0000] {processor.py:183} INFO - Processing /opt/airflow/dags/eda_airflow.py took 0.174 seconds
[2025-07-19T07:19:01.572+0000] {processor.py:161} INFO - Started process (PID=3866) to work on /opt/airflow/dags/eda_airflow.py
[2025-07-19T07:19:01.573+0000] {processor.py:830} INFO - Processing file /opt/airflow/dags/eda_airflow.py for tasks to queue
[2025-07-19T07:19:01.574+0000] {logging_mixin.py:188} INFO - [2025-07-19T07:19:01.574+0000] {dagbag.py:538} INFO - Filling up the DagBag from /opt/airflow/dags/eda_airflow.py
[2025-07-19T07:19:01.586+0000] {processor.py:840} INFO - DAG(s) 'run_eda_script_fixed' retrieved from /opt/airflow/dags/eda_airflow.py
[2025-07-19T07:19:01.612+0000] {logging_mixin.py:188} INFO - [2025-07-19T07:19:01.612+0000] {dag.py:3036} INFO - Sync 1 DAGs
[2025-07-19T07:19:01.623+0000] {logging_mixin.py:188} INFO - [2025-07-19T07:19:01.623+0000] {dag.py:3823} INFO - Setting next_dagrun for run_eda_script_fixed to None, run_after=None
[2025-07-19T07:19:01.718+0000] {processor.py:183} INFO - Processing /opt/airflow/dags/eda_airflow.py took 0.149 seconds
[2025-07-19T07:19:32.102+0000] {processor.py:161} INFO - Started process (PID=3888) to work on /opt/airflow/dags/eda_airflow.py
[2025-07-19T07:19:32.103+0000] {processor.py:830} INFO - Processing file /opt/airflow/dags/eda_airflow.py for tasks to queue
[2025-07-19T07:19:32.104+0000] {logging_mixin.py:188} INFO - [2025-07-19T07:19:32.104+0000] {dagbag.py:538} INFO - Filling up the DagBag from /opt/airflow/dags/eda_airflow.py
[2025-07-19T07:19:32.113+0000] {processor.py:840} INFO - DAG(s) 'run_eda_script_fixed' retrieved from /opt/airflow/dags/eda_airflow.py
[2025-07-19T07:19:32.196+0000] {logging_mixin.py:188} INFO - [2025-07-19T07:19:32.196+0000] {dag.py:3036} INFO - Sync 1 DAGs
[2025-07-19T07:19:32.209+0000] {logging_mixin.py:188} INFO - [2025-07-19T07:19:32.209+0000] {dag.py:3823} INFO - Setting next_dagrun for run_eda_script_fixed to None, run_after=None
[2025-07-19T07:19:32.230+0000] {processor.py:183} INFO - Processing /opt/airflow/dags/eda_airflow.py took 0.131 seconds
[2025-07-19T07:20:02.382+0000] {processor.py:161} INFO - Started process (PID=3908) to work on /opt/airflow/dags/eda_airflow.py
[2025-07-19T07:20:02.383+0000] {processor.py:830} INFO - Processing file /opt/airflow/dags/eda_airflow.py for tasks to queue
[2025-07-19T07:20:02.384+0000] {logging_mixin.py:188} INFO - [2025-07-19T07:20:02.384+0000] {dagbag.py:538} INFO - Filling up the DagBag from /opt/airflow/dags/eda_airflow.py
[2025-07-19T07:20:02.406+0000] {processor.py:840} INFO - DAG(s) 'run_eda_script_fixed' retrieved from /opt/airflow/dags/eda_airflow.py
[2025-07-19T07:20:02.438+0000] {logging_mixin.py:188} INFO - [2025-07-19T07:20:02.438+0000] {dag.py:3036} INFO - Sync 1 DAGs
[2025-07-19T07:20:02.456+0000] {logging_mixin.py:188} INFO - [2025-07-19T07:20:02.455+0000] {dag.py:3823} INFO - Setting next_dagrun for run_eda_script_fixed to None, run_after=None
[2025-07-19T07:20:02.479+0000] {processor.py:183} INFO - Processing /opt/airflow/dags/eda_airflow.py took 0.101 seconds
[2025-07-19T07:20:32.651+0000] {processor.py:161} INFO - Started process (PID=3928) to work on /opt/airflow/dags/eda_airflow.py
[2025-07-19T07:20:32.652+0000] {processor.py:830} INFO - Processing file /opt/airflow/dags/eda_airflow.py for tasks to queue
[2025-07-19T07:20:32.653+0000] {logging_mixin.py:188} INFO - [2025-07-19T07:20:32.652+0000] {dagbag.py:538} INFO - Filling up the DagBag from /opt/airflow/dags/eda_airflow.py
[2025-07-19T07:20:32.690+0000] {processor.py:840} INFO - DAG(s) 'run_eda_script_fixed' retrieved from /opt/airflow/dags/eda_airflow.py
[2025-07-19T07:20:32.714+0000] {logging_mixin.py:188} INFO - [2025-07-19T07:20:32.714+0000] {dag.py:3036} INFO - Sync 1 DAGs
[2025-07-19T07:20:32.726+0000] {logging_mixin.py:188} INFO - [2025-07-19T07:20:32.726+0000] {dag.py:3823} INFO - Setting next_dagrun for run_eda_script_fixed to None, run_after=None
[2025-07-19T07:20:32.748+0000] {processor.py:183} INFO - Processing /opt/airflow/dags/eda_airflow.py took 0.100 seconds
[2025-07-19T07:21:03.296+0000] {processor.py:161} INFO - Started process (PID=3946) to work on /opt/airflow/dags/eda_airflow.py
[2025-07-19T07:21:03.297+0000] {processor.py:830} INFO - Processing file /opt/airflow/dags/eda_airflow.py for tasks to queue
[2025-07-19T07:21:03.299+0000] {logging_mixin.py:188} INFO - [2025-07-19T07:21:03.298+0000] {dagbag.py:538} INFO - Filling up the DagBag from /opt/airflow/dags/eda_airflow.py
[2025-07-19T07:21:03.310+0000] {processor.py:840} INFO - DAG(s) 'run_eda_script_fixed' retrieved from /opt/airflow/dags/eda_airflow.py
[2025-07-19T07:21:03.340+0000] {logging_mixin.py:188} INFO - [2025-07-19T07:21:03.340+0000] {dag.py:3036} INFO - Sync 1 DAGs
[2025-07-19T07:21:03.354+0000] {logging_mixin.py:188} INFO - [2025-07-19T07:21:03.354+0000] {dag.py:3823} INFO - Setting next_dagrun for run_eda_script_fixed to None, run_after=None
[2025-07-19T07:21:03.390+0000] {processor.py:183} INFO - Processing /opt/airflow/dags/eda_airflow.py took 0.097 seconds
[2025-07-19T07:21:33.822+0000] {processor.py:161} INFO - Started process (PID=3968) to work on /opt/airflow/dags/eda_airflow.py
[2025-07-19T07:21:33.824+0000] {processor.py:830} INFO - Processing file /opt/airflow/dags/eda_airflow.py for tasks to queue
[2025-07-19T07:21:33.825+0000] {logging_mixin.py:188} INFO - [2025-07-19T07:21:33.824+0000] {dagbag.py:538} INFO - Filling up the DagBag from /opt/airflow/dags/eda_airflow.py
[2025-07-19T07:21:33.875+0000] {processor.py:840} INFO - DAG(s) 'run_eda_script_fixed' retrieved from /opt/airflow/dags/eda_airflow.py
[2025-07-19T07:21:33.903+0000] {logging_mixin.py:188} INFO - [2025-07-19T07:21:33.902+0000] {dag.py:3036} INFO - Sync 1 DAGs
[2025-07-19T07:21:33.915+0000] {logging_mixin.py:188} INFO - [2025-07-19T07:21:33.915+0000] {dag.py:3823} INFO - Setting next_dagrun for run_eda_script_fixed to None, run_after=None
[2025-07-19T07:21:33.988+0000] {processor.py:183} INFO - Processing /opt/airflow/dags/eda_airflow.py took 0.169 seconds
[2025-07-19T07:22:04.847+0000] {processor.py:161} INFO - Started process (PID=3998) to work on /opt/airflow/dags/eda_airflow.py
[2025-07-19T07:22:04.848+0000] {processor.py:830} INFO - Processing file /opt/airflow/dags/eda_airflow.py for tasks to queue
[2025-07-19T07:22:04.849+0000] {logging_mixin.py:188} INFO - [2025-07-19T07:22:04.849+0000] {dagbag.py:538} INFO - Filling up the DagBag from /opt/airflow/dags/eda_airflow.py
[2025-07-19T07:22:04.918+0000] {processor.py:840} INFO - DAG(s) 'run_eda_script_fixed' retrieved from /opt/airflow/dags/eda_airflow.py
[2025-07-19T07:22:04.969+0000] {logging_mixin.py:188} INFO - [2025-07-19T07:22:04.968+0000] {dag.py:3036} INFO - Sync 1 DAGs
[2025-07-19T07:22:04.980+0000] {logging_mixin.py:188} INFO - [2025-07-19T07:22:04.979+0000] {dag.py:3823} INFO - Setting next_dagrun for run_eda_script_fixed to None, run_after=None
[2025-07-19T07:22:05.002+0000] {processor.py:183} INFO - Processing /opt/airflow/dags/eda_airflow.py took 0.158 seconds
[2025-07-19T07:22:35.645+0000] {processor.py:161} INFO - Started process (PID=4027) to work on /opt/airflow/dags/eda_airflow.py
[2025-07-19T07:22:35.646+0000] {processor.py:830} INFO - Processing file /opt/airflow/dags/eda_airflow.py for tasks to queue
[2025-07-19T07:22:35.647+0000] {logging_mixin.py:188} INFO - [2025-07-19T07:22:35.647+0000] {dagbag.py:538} INFO - Filling up the DagBag from /opt/airflow/dags/eda_airflow.py
[2025-07-19T07:22:35.659+0000] {processor.py:840} INFO - DAG(s) 'run_eda_script_fixed' retrieved from /opt/airflow/dags/eda_airflow.py
[2025-07-19T07:22:35.703+0000] {logging_mixin.py:188} INFO - [2025-07-19T07:22:35.703+0000] {dag.py:3036} INFO - Sync 1 DAGs
[2025-07-19T07:22:35.717+0000] {logging_mixin.py:188} INFO - [2025-07-19T07:22:35.716+0000] {dag.py:3823} INFO - Setting next_dagrun for run_eda_script_fixed to None, run_after=None
[2025-07-19T07:22:35.790+0000] {processor.py:183} INFO - Processing /opt/airflow/dags/eda_airflow.py took 0.148 seconds
[2025-07-19T07:23:06.663+0000] {processor.py:161} INFO - Started process (PID=4047) to work on /opt/airflow/dags/eda_airflow.py
[2025-07-19T07:23:06.664+0000] {processor.py:830} INFO - Processing file /opt/airflow/dags/eda_airflow.py for tasks to queue
[2025-07-19T07:23:06.665+0000] {logging_mixin.py:188} INFO - [2025-07-19T07:23:06.665+0000] {dagbag.py:538} INFO - Filling up the DagBag from /opt/airflow/dags/eda_airflow.py
[2025-07-19T07:23:06.744+0000] {processor.py:840} INFO - DAG(s) 'run_eda_script_fixed' retrieved from /opt/airflow/dags/eda_airflow.py
[2025-07-19T07:23:06.772+0000] {logging_mixin.py:188} INFO - [2025-07-19T07:23:06.771+0000] {dag.py:3036} INFO - Sync 1 DAGs
[2025-07-19T07:23:06.783+0000] {logging_mixin.py:188} INFO - [2025-07-19T07:23:06.783+0000] {dag.py:3823} INFO - Setting next_dagrun for run_eda_script_fixed to None, run_after=None
[2025-07-19T07:23:06.802+0000] {processor.py:183} INFO - Processing /opt/airflow/dags/eda_airflow.py took 0.142 seconds
[2025-07-19T07:23:37.314+0000] {processor.py:161} INFO - Started process (PID=4070) to work on /opt/airflow/dags/eda_airflow.py
[2025-07-19T07:23:37.315+0000] {processor.py:830} INFO - Processing file /opt/airflow/dags/eda_airflow.py for tasks to queue
[2025-07-19T07:23:37.316+0000] {logging_mixin.py:188} INFO - [2025-07-19T07:23:37.315+0000] {dagbag.py:538} INFO - Filling up the DagBag from /opt/airflow/dags/eda_airflow.py
[2025-07-19T07:23:37.327+0000] {processor.py:840} INFO - DAG(s) 'run_eda_script_fixed' retrieved from /opt/airflow/dags/eda_airflow.py
[2025-07-19T07:23:37.351+0000] {logging_mixin.py:188} INFO - [2025-07-19T07:23:37.351+0000] {dag.py:3036} INFO - Sync 1 DAGs
[2025-07-19T07:23:37.367+0000] {logging_mixin.py:188} INFO - [2025-07-19T07:23:37.367+0000] {dag.py:3823} INFO - Setting next_dagrun for run_eda_script_fixed to None, run_after=None
[2025-07-19T07:23:37.388+0000] {processor.py:183} INFO - Processing /opt/airflow/dags/eda_airflow.py took 0.078 seconds
[2025-07-19T07:24:07.967+0000] {processor.py:161} INFO - Started process (PID=4090) to work on /opt/airflow/dags/eda_airflow.py
[2025-07-19T07:24:07.968+0000] {processor.py:830} INFO - Processing file /opt/airflow/dags/eda_airflow.py for tasks to queue
[2025-07-19T07:24:07.969+0000] {logging_mixin.py:188} INFO - [2025-07-19T07:24:07.969+0000] {dagbag.py:538} INFO - Filling up the DagBag from /opt/airflow/dags/eda_airflow.py
[2025-07-19T07:24:07.980+0000] {processor.py:840} INFO - DAG(s) 'run_eda_script_fixed' retrieved from /opt/airflow/dags/eda_airflow.py
[2025-07-19T07:24:08.020+0000] {logging_mixin.py:188} INFO - [2025-07-19T07:24:08.020+0000] {dag.py:3036} INFO - Sync 1 DAGs
[2025-07-19T07:24:08.031+0000] {logging_mixin.py:188} INFO - [2025-07-19T07:24:08.031+0000] {dag.py:3823} INFO - Setting next_dagrun for run_eda_script_fixed to None, run_after=None
[2025-07-19T07:24:08.050+0000] {processor.py:183} INFO - Processing /opt/airflow/dags/eda_airflow.py took 0.085 seconds
[2025-07-19T07:24:38.812+0000] {processor.py:161} INFO - Started process (PID=4110) to work on /opt/airflow/dags/eda_airflow.py
[2025-07-19T07:24:38.813+0000] {processor.py:830} INFO - Processing file /opt/airflow/dags/eda_airflow.py for tasks to queue
[2025-07-19T07:24:38.813+0000] {logging_mixin.py:188} INFO - [2025-07-19T07:24:38.813+0000] {dagbag.py:538} INFO - Filling up the DagBag from /opt/airflow/dags/eda_airflow.py
[2025-07-19T07:24:38.870+0000] {processor.py:840} INFO - DAG(s) 'run_eda_script_fixed' retrieved from /opt/airflow/dags/eda_airflow.py
[2025-07-19T07:24:38.894+0000] {logging_mixin.py:188} INFO - [2025-07-19T07:24:38.894+0000] {dag.py:3036} INFO - Sync 1 DAGs
[2025-07-19T07:24:38.905+0000] {logging_mixin.py:188} INFO - [2025-07-19T07:24:38.905+0000] {dag.py:3823} INFO - Setting next_dagrun for run_eda_script_fixed to None, run_after=None
[2025-07-19T07:24:38.926+0000] {processor.py:183} INFO - Processing /opt/airflow/dags/eda_airflow.py took 0.118 seconds
[2025-07-19T07:25:09.559+0000] {processor.py:161} INFO - Started process (PID=4130) to work on /opt/airflow/dags/eda_airflow.py
[2025-07-19T07:25:09.560+0000] {processor.py:830} INFO - Processing file /opt/airflow/dags/eda_airflow.py for tasks to queue
[2025-07-19T07:25:09.560+0000] {logging_mixin.py:188} INFO - [2025-07-19T07:25:09.560+0000] {dagbag.py:538} INFO - Filling up the DagBag from /opt/airflow/dags/eda_airflow.py
[2025-07-19T07:25:09.570+0000] {processor.py:840} INFO - DAG(s) 'run_eda_script_fixed' retrieved from /opt/airflow/dags/eda_airflow.py
[2025-07-19T07:25:09.595+0000] {logging_mixin.py:188} INFO - [2025-07-19T07:25:09.595+0000] {dag.py:3036} INFO - Sync 1 DAGs
[2025-07-19T07:25:09.608+0000] {logging_mixin.py:188} INFO - [2025-07-19T07:25:09.608+0000] {dag.py:3823} INFO - Setting next_dagrun for run_eda_script_fixed to None, run_after=None
[2025-07-19T07:25:09.629+0000] {processor.py:183} INFO - Processing /opt/airflow/dags/eda_airflow.py took 0.073 seconds
[2025-07-19T07:25:40.215+0000] {processor.py:161} INFO - Started process (PID=4153) to work on /opt/airflow/dags/eda_airflow.py
[2025-07-19T07:25:40.216+0000] {processor.py:830} INFO - Processing file /opt/airflow/dags/eda_airflow.py for tasks to queue
[2025-07-19T07:25:40.217+0000] {logging_mixin.py:188} INFO - [2025-07-19T07:25:40.217+0000] {dagbag.py:538} INFO - Filling up the DagBag from /opt/airflow/dags/eda_airflow.py
[2025-07-19T07:25:40.250+0000] {processor.py:840} INFO - DAG(s) 'run_eda_script_fixed' retrieved from /opt/airflow/dags/eda_airflow.py
[2025-07-19T07:25:40.277+0000] {logging_mixin.py:188} INFO - [2025-07-19T07:25:40.276+0000] {dag.py:3036} INFO - Sync 1 DAGs
[2025-07-19T07:25:40.288+0000] {logging_mixin.py:188} INFO - [2025-07-19T07:25:40.288+0000] {dag.py:3823} INFO - Setting next_dagrun for run_eda_script_fixed to None, run_after=None
[2025-07-19T07:25:40.306+0000] {processor.py:183} INFO - Processing /opt/airflow/dags/eda_airflow.py took 0.095 seconds
[2025-07-19T07:26:10.722+0000] {processor.py:161} INFO - Started process (PID=4173) to work on /opt/airflow/dags/eda_airflow.py
[2025-07-19T07:26:10.723+0000] {processor.py:830} INFO - Processing file /opt/airflow/dags/eda_airflow.py for tasks to queue
[2025-07-19T07:26:10.724+0000] {logging_mixin.py:188} INFO - [2025-07-19T07:26:10.724+0000] {dagbag.py:538} INFO - Filling up the DagBag from /opt/airflow/dags/eda_airflow.py
[2025-07-19T07:26:10.762+0000] {processor.py:840} INFO - DAG(s) 'run_eda_script_fixed' retrieved from /opt/airflow/dags/eda_airflow.py
[2025-07-19T07:26:10.789+0000] {logging_mixin.py:188} INFO - [2025-07-19T07:26:10.789+0000] {dag.py:3036} INFO - Sync 1 DAGs
[2025-07-19T07:26:10.803+0000] {logging_mixin.py:188} INFO - [2025-07-19T07:26:10.802+0000] {dag.py:3823} INFO - Setting next_dagrun for run_eda_script_fixed to None, run_after=None
[2025-07-19T07:26:10.826+0000] {processor.py:183} INFO - Processing /opt/airflow/dags/eda_airflow.py took 0.108 seconds
[2025-07-19T07:26:41.361+0000] {processor.py:161} INFO - Started process (PID=4193) to work on /opt/airflow/dags/eda_airflow.py
[2025-07-19T07:26:41.362+0000] {processor.py:830} INFO - Processing file /opt/airflow/dags/eda_airflow.py for tasks to queue
[2025-07-19T07:26:41.363+0000] {logging_mixin.py:188} INFO - [2025-07-19T07:26:41.363+0000] {dagbag.py:538} INFO - Filling up the DagBag from /opt/airflow/dags/eda_airflow.py
[2025-07-19T07:26:41.405+0000] {processor.py:840} INFO - DAG(s) 'run_eda_script_fixed' retrieved from /opt/airflow/dags/eda_airflow.py
[2025-07-19T07:26:41.430+0000] {logging_mixin.py:188} INFO - [2025-07-19T07:26:41.430+0000] {dag.py:3036} INFO - Sync 1 DAGs
[2025-07-19T07:26:41.443+0000] {logging_mixin.py:188} INFO - [2025-07-19T07:26:41.443+0000] {dag.py:3823} INFO - Setting next_dagrun for run_eda_script_fixed to None, run_after=None
[2025-07-19T07:26:41.464+0000] {processor.py:183} INFO - Processing /opt/airflow/dags/eda_airflow.py took 0.107 seconds
[2025-07-19T07:27:11.999+0000] {processor.py:161} INFO - Started process (PID=4213) to work on /opt/airflow/dags/eda_airflow.py
[2025-07-19T07:27:12.000+0000] {processor.py:830} INFO - Processing file /opt/airflow/dags/eda_airflow.py for tasks to queue
[2025-07-19T07:27:12.003+0000] {logging_mixin.py:188} INFO - [2025-07-19T07:27:12.002+0000] {dagbag.py:538} INFO - Filling up the DagBag from /opt/airflow/dags/eda_airflow.py
[2025-07-19T07:27:12.114+0000] {processor.py:840} INFO - DAG(s) 'run_eda_script_fixed' retrieved from /opt/airflow/dags/eda_airflow.py
[2025-07-19T07:27:12.179+0000] {logging_mixin.py:188} INFO - [2025-07-19T07:27:12.178+0000] {dag.py:3036} INFO - Sync 1 DAGs
[2025-07-19T07:27:12.194+0000] {logging_mixin.py:188} INFO - [2025-07-19T07:27:12.194+0000] {dag.py:3823} INFO - Setting next_dagrun for run_eda_script_fixed to None, run_after=None
[2025-07-19T07:27:12.222+0000] {processor.py:183} INFO - Processing /opt/airflow/dags/eda_airflow.py took 0.227 seconds
[2025-07-19T07:27:42.327+0000] {processor.py:161} INFO - Started process (PID=4252) to work on /opt/airflow/dags/eda_airflow.py
[2025-07-19T07:27:42.328+0000] {processor.py:830} INFO - Processing file /opt/airflow/dags/eda_airflow.py for tasks to queue
[2025-07-19T07:27:42.329+0000] {logging_mixin.py:188} INFO - [2025-07-19T07:27:42.329+0000] {dagbag.py:538} INFO - Filling up the DagBag from /opt/airflow/dags/eda_airflow.py
[2025-07-19T07:27:42.351+0000] {processor.py:840} INFO - DAG(s) 'run_eda_script_fixed' retrieved from /opt/airflow/dags/eda_airflow.py
[2025-07-19T07:27:42.383+0000] {logging_mixin.py:188} INFO - [2025-07-19T07:27:42.382+0000] {dag.py:3036} INFO - Sync 1 DAGs
[2025-07-19T07:27:42.397+0000] {logging_mixin.py:188} INFO - [2025-07-19T07:27:42.397+0000] {dag.py:3823} INFO - Setting next_dagrun for run_eda_script_fixed to None, run_after=None
[2025-07-19T07:27:42.448+0000] {processor.py:183} INFO - Processing /opt/airflow/dags/eda_airflow.py took 0.124 seconds
[2025-07-19T07:28:12.941+0000] {processor.py:161} INFO - Started process (PID=4272) to work on /opt/airflow/dags/eda_airflow.py
[2025-07-19T07:28:12.942+0000] {processor.py:830} INFO - Processing file /opt/airflow/dags/eda_airflow.py for tasks to queue
[2025-07-19T07:28:12.943+0000] {logging_mixin.py:188} INFO - [2025-07-19T07:28:12.943+0000] {dagbag.py:538} INFO - Filling up the DagBag from /opt/airflow/dags/eda_airflow.py
[2025-07-19T07:28:12.984+0000] {processor.py:840} INFO - DAG(s) 'run_eda_script_fixed' retrieved from /opt/airflow/dags/eda_airflow.py
[2025-07-19T07:28:13.014+0000] {logging_mixin.py:188} INFO - [2025-07-19T07:28:13.014+0000] {dag.py:3036} INFO - Sync 1 DAGs
[2025-07-19T07:28:13.026+0000] {logging_mixin.py:188} INFO - [2025-07-19T07:28:13.026+0000] {dag.py:3823} INFO - Setting next_dagrun for run_eda_script_fixed to None, run_after=None
[2025-07-19T07:28:13.056+0000] {processor.py:183} INFO - Processing /opt/airflow/dags/eda_airflow.py took 0.118 seconds
[2025-07-19T07:28:43.512+0000] {processor.py:161} INFO - Started process (PID=4292) to work on /opt/airflow/dags/eda_airflow.py
[2025-07-19T07:28:43.513+0000] {processor.py:830} INFO - Processing file /opt/airflow/dags/eda_airflow.py for tasks to queue
[2025-07-19T07:28:43.514+0000] {logging_mixin.py:188} INFO - [2025-07-19T07:28:43.514+0000] {dagbag.py:538} INFO - Filling up the DagBag from /opt/airflow/dags/eda_airflow.py
[2025-07-19T07:28:43.530+0000] {processor.py:840} INFO - DAG(s) 'run_eda_script_fixed' retrieved from /opt/airflow/dags/eda_airflow.py
[2025-07-19T07:28:43.554+0000] {logging_mixin.py:188} INFO - [2025-07-19T07:28:43.554+0000] {dag.py:3036} INFO - Sync 1 DAGs
[2025-07-19T07:28:43.565+0000] {logging_mixin.py:188} INFO - [2025-07-19T07:28:43.565+0000] {dag.py:3823} INFO - Setting next_dagrun for run_eda_script_fixed to None, run_after=None
[2025-07-19T07:28:43.588+0000] {processor.py:183} INFO - Processing /opt/airflow/dags/eda_airflow.py took 0.078 seconds
[2025-07-19T07:29:13.961+0000] {processor.py:161} INFO - Started process (PID=4312) to work on /opt/airflow/dags/eda_airflow.py
[2025-07-19T07:29:13.962+0000] {processor.py:830} INFO - Processing file /opt/airflow/dags/eda_airflow.py for tasks to queue
[2025-07-19T07:29:13.964+0000] {logging_mixin.py:188} INFO - [2025-07-19T07:29:13.963+0000] {dagbag.py:538} INFO - Filling up the DagBag from /opt/airflow/dags/eda_airflow.py
[2025-07-19T07:29:13.977+0000] {processor.py:840} INFO - DAG(s) 'run_eda_script_fixed' retrieved from /opt/airflow/dags/eda_airflow.py
[2025-07-19T07:29:14.007+0000] {logging_mixin.py:188} INFO - [2025-07-19T07:29:14.007+0000] {dag.py:3036} INFO - Sync 1 DAGs
[2025-07-19T07:29:14.019+0000] {logging_mixin.py:188} INFO - [2025-07-19T07:29:14.019+0000] {dag.py:3823} INFO - Setting next_dagrun for run_eda_script_fixed to None, run_after=None
[2025-07-19T07:29:14.039+0000] {processor.py:183} INFO - Processing /opt/airflow/dags/eda_airflow.py took 0.083 seconds
[2025-07-19T07:29:44.516+0000] {processor.py:161} INFO - Started process (PID=4332) to work on /opt/airflow/dags/eda_airflow.py
[2025-07-19T07:29:44.517+0000] {processor.py:830} INFO - Processing file /opt/airflow/dags/eda_airflow.py for tasks to queue
[2025-07-19T07:29:44.519+0000] {logging_mixin.py:188} INFO - [2025-07-19T07:29:44.518+0000] {dagbag.py:538} INFO - Filling up the DagBag from /opt/airflow/dags/eda_airflow.py
[2025-07-19T07:29:44.529+0000] {processor.py:840} INFO - DAG(s) 'run_eda_script_fixed' retrieved from /opt/airflow/dags/eda_airflow.py
[2025-07-19T07:29:44.557+0000] {logging_mixin.py:188} INFO - [2025-07-19T07:29:44.557+0000] {dag.py:3036} INFO - Sync 1 DAGs
[2025-07-19T07:29:44.569+0000] {logging_mixin.py:188} INFO - [2025-07-19T07:29:44.569+0000] {dag.py:3823} INFO - Setting next_dagrun for run_eda_script_fixed to None, run_after=None
[2025-07-19T07:29:44.590+0000] {processor.py:183} INFO - Processing /opt/airflow/dags/eda_airflow.py took 0.077 seconds
[2025-07-19T07:30:14.958+0000] {processor.py:161} INFO - Started process (PID=4352) to work on /opt/airflow/dags/eda_airflow.py
[2025-07-19T07:30:14.959+0000] {processor.py:830} INFO - Processing file /opt/airflow/dags/eda_airflow.py for tasks to queue
[2025-07-19T07:30:14.960+0000] {logging_mixin.py:188} INFO - [2025-07-19T07:30:14.960+0000] {dagbag.py:538} INFO - Filling up the DagBag from /opt/airflow/dags/eda_airflow.py
[2025-07-19T07:30:14.971+0000] {processor.py:840} INFO - DAG(s) 'run_eda_script_fixed' retrieved from /opt/airflow/dags/eda_airflow.py
[2025-07-19T07:30:14.997+0000] {logging_mixin.py:188} INFO - [2025-07-19T07:30:14.997+0000] {dag.py:3036} INFO - Sync 1 DAGs
[2025-07-19T07:30:15.010+0000] {logging_mixin.py:188} INFO - [2025-07-19T07:30:15.010+0000] {dag.py:3823} INFO - Setting next_dagrun for run_eda_script_fixed to None, run_after=None
[2025-07-19T07:30:15.031+0000] {processor.py:183} INFO - Processing /opt/airflow/dags/eda_airflow.py took 0.076 seconds
[2025-07-19T07:30:45.689+0000] {processor.py:161} INFO - Started process (PID=4372) to work on /opt/airflow/dags/eda_airflow.py
[2025-07-19T07:30:45.690+0000] {processor.py:830} INFO - Processing file /opt/airflow/dags/eda_airflow.py for tasks to queue
[2025-07-19T07:30:45.691+0000] {logging_mixin.py:188} INFO - [2025-07-19T07:30:45.691+0000] {dagbag.py:538} INFO - Filling up the DagBag from /opt/airflow/dags/eda_airflow.py
[2025-07-19T07:30:45.702+0000] {processor.py:840} INFO - DAG(s) 'run_eda_script_fixed' retrieved from /opt/airflow/dags/eda_airflow.py
[2025-07-19T07:30:45.724+0000] {logging_mixin.py:188} INFO - [2025-07-19T07:30:45.724+0000] {dag.py:3036} INFO - Sync 1 DAGs
[2025-07-19T07:30:45.736+0000] {logging_mixin.py:188} INFO - [2025-07-19T07:30:45.735+0000] {dag.py:3823} INFO - Setting next_dagrun for run_eda_script_fixed to None, run_after=None
[2025-07-19T07:30:45.756+0000] {processor.py:183} INFO - Processing /opt/airflow/dags/eda_airflow.py took 0.070 seconds
[2025-07-19T07:31:16.310+0000] {processor.py:161} INFO - Started process (PID=4392) to work on /opt/airflow/dags/eda_airflow.py
[2025-07-19T07:31:16.311+0000] {processor.py:830} INFO - Processing file /opt/airflow/dags/eda_airflow.py for tasks to queue
[2025-07-19T07:31:16.312+0000] {logging_mixin.py:188} INFO - [2025-07-19T07:31:16.311+0000] {dagbag.py:538} INFO - Filling up the DagBag from /opt/airflow/dags/eda_airflow.py
[2025-07-19T07:31:16.338+0000] {processor.py:840} INFO - DAG(s) 'run_eda_script_fixed' retrieved from /opt/airflow/dags/eda_airflow.py
[2025-07-19T07:31:16.365+0000] {logging_mixin.py:188} INFO - [2025-07-19T07:31:16.365+0000] {dag.py:3036} INFO - Sync 1 DAGs
[2025-07-19T07:31:16.378+0000] {logging_mixin.py:188} INFO - [2025-07-19T07:31:16.377+0000] {dag.py:3823} INFO - Setting next_dagrun for run_eda_script_fixed to None, run_after=None
[2025-07-19T07:31:16.398+0000] {processor.py:183} INFO - Processing /opt/airflow/dags/eda_airflow.py took 0.092 seconds
[2025-07-19T07:31:46.781+0000] {processor.py:161} INFO - Started process (PID=4412) to work on /opt/airflow/dags/eda_airflow.py
[2025-07-19T07:31:46.782+0000] {processor.py:830} INFO - Processing file /opt/airflow/dags/eda_airflow.py for tasks to queue
[2025-07-19T07:31:46.783+0000] {logging_mixin.py:188} INFO - [2025-07-19T07:31:46.782+0000] {dagbag.py:538} INFO - Filling up the DagBag from /opt/airflow/dags/eda_airflow.py
[2025-07-19T07:31:46.817+0000] {processor.py:840} INFO - DAG(s) 'run_eda_script_fixed' retrieved from /opt/airflow/dags/eda_airflow.py
[2025-07-19T07:31:46.843+0000] {logging_mixin.py:188} INFO - [2025-07-19T07:31:46.843+0000] {dag.py:3036} INFO - Sync 1 DAGs
[2025-07-19T07:31:46.854+0000] {logging_mixin.py:188} INFO - [2025-07-19T07:31:46.854+0000] {dag.py:3823} INFO - Setting next_dagrun for run_eda_script_fixed to None, run_after=None
[2025-07-19T07:31:46.880+0000] {processor.py:183} INFO - Processing /opt/airflow/dags/eda_airflow.py took 0.102 seconds
[2025-07-19T07:32:17.509+0000] {processor.py:161} INFO - Started process (PID=4435) to work on /opt/airflow/dags/eda_airflow.py
[2025-07-19T07:32:17.510+0000] {processor.py:830} INFO - Processing file /opt/airflow/dags/eda_airflow.py for tasks to queue
[2025-07-19T07:32:17.511+0000] {logging_mixin.py:188} INFO - [2025-07-19T07:32:17.511+0000] {dagbag.py:538} INFO - Filling up the DagBag from /opt/airflow/dags/eda_airflow.py
[2025-07-19T07:32:17.522+0000] {processor.py:840} INFO - DAG(s) 'run_eda_script_fixed' retrieved from /opt/airflow/dags/eda_airflow.py
[2025-07-19T07:32:17.545+0000] {logging_mixin.py:188} INFO - [2025-07-19T07:32:17.545+0000] {dag.py:3036} INFO - Sync 1 DAGs
[2025-07-19T07:32:17.556+0000] {logging_mixin.py:188} INFO - [2025-07-19T07:32:17.556+0000] {dag.py:3823} INFO - Setting next_dagrun for run_eda_script_fixed to None, run_after=None
[2025-07-19T07:32:17.574+0000] {processor.py:183} INFO - Processing /opt/airflow/dags/eda_airflow.py took 0.068 seconds
[2025-07-19T07:32:47.965+0000] {processor.py:161} INFO - Started process (PID=4455) to work on /opt/airflow/dags/eda_airflow.py
[2025-07-19T07:32:47.966+0000] {processor.py:830} INFO - Processing file /opt/airflow/dags/eda_airflow.py for tasks to queue
[2025-07-19T07:32:47.967+0000] {logging_mixin.py:188} INFO - [2025-07-19T07:32:47.967+0000] {dagbag.py:538} INFO - Filling up the DagBag from /opt/airflow/dags/eda_airflow.py
[2025-07-19T07:32:47.979+0000] {processor.py:840} INFO - DAG(s) 'run_eda_script_fixed' retrieved from /opt/airflow/dags/eda_airflow.py
[2025-07-19T07:32:48.004+0000] {logging_mixin.py:188} INFO - [2025-07-19T07:32:48.004+0000] {dag.py:3036} INFO - Sync 1 DAGs
[2025-07-19T07:32:48.016+0000] {logging_mixin.py:188} INFO - [2025-07-19T07:32:48.016+0000] {dag.py:3823} INFO - Setting next_dagrun for run_eda_script_fixed to None, run_after=None
[2025-07-19T07:32:48.039+0000] {processor.py:183} INFO - Processing /opt/airflow/dags/eda_airflow.py took 0.079 seconds
[2025-07-19T07:33:08.269+0000] {processor.py:161} INFO - Started process (PID=4460) to work on /opt/airflow/dags/eda_airflow.py
[2025-07-19T07:33:08.270+0000] {processor.py:830} INFO - Processing file /opt/airflow/dags/eda_airflow.py for tasks to queue
[2025-07-19T07:33:08.271+0000] {logging_mixin.py:188} INFO - [2025-07-19T07:33:08.271+0000] {dagbag.py:538} INFO - Filling up the DagBag from /opt/airflow/dags/eda_airflow.py
[2025-07-19T07:33:08.311+0000] {processor.py:840} INFO - DAG(s) 'run_eda_script_fixed' retrieved from /opt/airflow/dags/eda_airflow.py
[2025-07-19T07:33:08.527+0000] {logging_mixin.py:188} INFO - [2025-07-19T07:33:08.527+0000] {dag.py:3036} INFO - Sync 1 DAGs
[2025-07-19T07:33:08.540+0000] {logging_mixin.py:188} INFO - [2025-07-19T07:33:08.539+0000] {dag.py:3823} INFO - Setting next_dagrun for run_eda_script_fixed to None, run_after=None
[2025-07-19T07:33:08.569+0000] {processor.py:183} INFO - Processing /opt/airflow/dags/eda_airflow.py took 0.303 seconds
[2025-07-19T07:33:15.714+0000] {processor.py:161} INFO - Started process (PID=4475) to work on /opt/airflow/dags/eda_airflow.py
[2025-07-19T07:33:15.715+0000] {processor.py:830} INFO - Processing file /opt/airflow/dags/eda_airflow.py for tasks to queue
[2025-07-19T07:33:15.716+0000] {logging_mixin.py:188} INFO - [2025-07-19T07:33:15.716+0000] {dagbag.py:538} INFO - Filling up the DagBag from /opt/airflow/dags/eda_airflow.py
[2025-07-19T07:33:15.762+0000] {processor.py:840} INFO - DAG(s) 'run_eda_script_fixed' retrieved from /opt/airflow/dags/eda_airflow.py
[2025-07-19T07:33:15.773+0000] {logging_mixin.py:188} INFO - [2025-07-19T07:33:15.773+0000] {dag.py:3036} INFO - Sync 1 DAGs
[2025-07-19T07:33:15.786+0000] {logging_mixin.py:188} INFO - [2025-07-19T07:33:15.786+0000] {dag.py:3823} INFO - Setting next_dagrun for run_eda_script_fixed to None, run_after=None
[2025-07-19T07:33:15.809+0000] {processor.py:183} INFO - Processing /opt/airflow/dags/eda_airflow.py took 0.099 seconds
[2025-07-19T07:33:19.960+0000] {processor.py:161} INFO - Started process (PID=4485) to work on /opt/airflow/dags/eda_airflow.py
[2025-07-19T07:33:19.962+0000] {processor.py:830} INFO - Processing file /opt/airflow/dags/eda_airflow.py for tasks to queue
[2025-07-19T07:33:19.963+0000] {logging_mixin.py:188} INFO - [2025-07-19T07:33:19.963+0000] {dagbag.py:538} INFO - Filling up the DagBag from /opt/airflow/dags/eda_airflow.py
[2025-07-19T07:33:20.069+0000] {processor.py:840} INFO - DAG(s) 'run_eda_script_fixedddddddddddddd' retrieved from /opt/airflow/dags/eda_airflow.py
[2025-07-19T07:33:20.916+0000] {logging_mixin.py:188} INFO - [2025-07-19T07:33:20.274+0000] {override.py:1769} INFO - Created Permission View: can read on DAG:run_eda_script_fixedddddddddddddd
[2025-07-19T07:33:20.928+0000] {logging_mixin.py:188} INFO - [2025-07-19T07:33:20.928+0000] {override.py:1769} INFO - Created Permission View: can edit on DAG:run_eda_script_fixedddddddddddddd
[2025-07-19T07:33:20.938+0000] {logging_mixin.py:188} INFO - [2025-07-19T07:33:20.938+0000] {override.py:1769} INFO - Created Permission View: can delete on DAG:run_eda_script_fixedddddddddddddd
[2025-07-19T07:33:20.939+0000] {logging_mixin.py:188} INFO - [2025-07-19T07:33:20.939+0000] {dag.py:3036} INFO - Sync 1 DAGs
[2025-07-19T07:33:20.978+0000] {logging_mixin.py:188} INFO - [2025-07-19T07:33:20.978+0000] {dag.py:3058} INFO - Creating ORM DAG for run_eda_script_fixedddddddddddddd
[2025-07-19T07:33:20.979+0000] {logging_mixin.py:188} INFO - [2025-07-19T07:33:20.979+0000] {dag.py:3823} INFO - Setting next_dagrun for run_eda_script_fixedddddddddddddd to None, run_after=None
[2025-07-19T07:33:21.154+0000] {processor.py:183} INFO - Processing /opt/airflow/dags/eda_airflow.py took 1.197 seconds
[2025-07-19T07:33:52.091+0000] {processor.py:161} INFO - Started process (PID=4508) to work on /opt/airflow/dags/eda_airflow.py
[2025-07-19T07:33:52.092+0000] {processor.py:830} INFO - Processing file /opt/airflow/dags/eda_airflow.py for tasks to queue
[2025-07-19T07:33:52.093+0000] {logging_mixin.py:188} INFO - [2025-07-19T07:33:52.093+0000] {dagbag.py:538} INFO - Filling up the DagBag from /opt/airflow/dags/eda_airflow.py
[2025-07-19T07:33:52.125+0000] {processor.py:840} INFO - DAG(s) 'run_eda_script_fixedddddddddddddd' retrieved from /opt/airflow/dags/eda_airflow.py
[2025-07-19T07:33:52.151+0000] {logging_mixin.py:188} INFO - [2025-07-19T07:33:52.150+0000] {dag.py:3036} INFO - Sync 1 DAGs
[2025-07-19T07:33:52.164+0000] {logging_mixin.py:188} INFO - [2025-07-19T07:33:52.164+0000] {dag.py:3823} INFO - Setting next_dagrun for run_eda_script_fixedddddddddddddd to None, run_after=None
[2025-07-19T07:33:52.186+0000] {processor.py:183} INFO - Processing /opt/airflow/dags/eda_airflow.py took 0.097 seconds
[2025-07-19T07:34:22.499+0000] {processor.py:161} INFO - Started process (PID=4528) to work on /opt/airflow/dags/eda_airflow.py
[2025-07-19T07:34:22.500+0000] {processor.py:830} INFO - Processing file /opt/airflow/dags/eda_airflow.py for tasks to queue
[2025-07-19T07:34:22.501+0000] {logging_mixin.py:188} INFO - [2025-07-19T07:34:22.501+0000] {dagbag.py:538} INFO - Filling up the DagBag from /opt/airflow/dags/eda_airflow.py
[2025-07-19T07:34:22.513+0000] {processor.py:840} INFO - DAG(s) 'run_eda_script_fixedddddddddddddd' retrieved from /opt/airflow/dags/eda_airflow.py
[2025-07-19T07:34:22.539+0000] {logging_mixin.py:188} INFO - [2025-07-19T07:34:22.539+0000] {dag.py:3036} INFO - Sync 1 DAGs
[2025-07-19T07:34:22.551+0000] {logging_mixin.py:188} INFO - [2025-07-19T07:34:22.551+0000] {dag.py:3823} INFO - Setting next_dagrun for run_eda_script_fixedddddddddddddd to None, run_after=None
[2025-07-19T07:34:22.578+0000] {processor.py:183} INFO - Processing /opt/airflow/dags/eda_airflow.py took 0.082 seconds
[2025-07-19T07:34:53.931+0000] {processor.py:161} INFO - Started process (PID=4554) to work on /opt/airflow/dags/eda_airflow.py
[2025-07-19T07:34:53.932+0000] {processor.py:830} INFO - Processing file /opt/airflow/dags/eda_airflow.py for tasks to queue
[2025-07-19T07:34:53.933+0000] {logging_mixin.py:188} INFO - [2025-07-19T07:34:53.933+0000] {dagbag.py:538} INFO - Filling up the DagBag from /opt/airflow/dags/eda_airflow.py
[2025-07-19T07:34:54.233+0000] {processor.py:840} INFO - DAG(s) 'run_eda_script_fixedddddddddddddd' retrieved from /opt/airflow/dags/eda_airflow.py
[2025-07-19T07:34:54.291+0000] {logging_mixin.py:188} INFO - [2025-07-19T07:34:54.290+0000] {dag.py:3036} INFO - Sync 1 DAGs
[2025-07-19T07:34:54.342+0000] {logging_mixin.py:188} INFO - [2025-07-19T07:34:54.342+0000] {dag.py:3823} INFO - Setting next_dagrun for run_eda_script_fixedddddddddddddd to None, run_after=None
[2025-07-19T07:34:54.390+0000] {processor.py:183} INFO - Processing /opt/airflow/dags/eda_airflow.py took 0.462 seconds
[2025-07-19T07:35:29.262+0000] {processor.py:161} INFO - Started process (PID=4581) to work on /opt/airflow/dags/eda_airflow.py
[2025-07-19T07:35:29.263+0000] {processor.py:830} INFO - Processing file /opt/airflow/dags/eda_airflow.py for tasks to queue
[2025-07-19T07:35:29.410+0000] {logging_mixin.py:188} INFO - [2025-07-19T07:35:29.410+0000] {dagbag.py:538} INFO - Filling up the DagBag from /opt/airflow/dags/eda_airflow.py
[2025-07-19T07:35:29.533+0000] {processor.py:840} INFO - DAG(s) 'run_eda_script_fixedddddddddddddd' retrieved from /opt/airflow/dags/eda_airflow.py
[2025-07-19T07:35:29.613+0000] {logging_mixin.py:188} INFO - [2025-07-19T07:35:29.612+0000] {dag.py:3036} INFO - Sync 1 DAGs
[2025-07-19T07:35:29.624+0000] {logging_mixin.py:188} INFO - [2025-07-19T07:35:29.624+0000] {dag.py:3823} INFO - Setting next_dagrun for run_eda_script_fixedddddddddddddd to None, run_after=None
[2025-07-19T07:35:29.662+0000] {processor.py:183} INFO - Processing /opt/airflow/dags/eda_airflow.py took 0.405 seconds
[2025-07-19T07:36:00.197+0000] {processor.py:161} INFO - Started process (PID=4601) to work on /opt/airflow/dags/eda_airflow.py
[2025-07-19T07:36:00.198+0000] {processor.py:830} INFO - Processing file /opt/airflow/dags/eda_airflow.py for tasks to queue
[2025-07-19T07:36:00.222+0000] {logging_mixin.py:188} INFO - [2025-07-19T07:36:00.222+0000] {dagbag.py:538} INFO - Filling up the DagBag from /opt/airflow/dags/eda_airflow.py
[2025-07-19T07:36:00.450+0000] {processor.py:840} INFO - DAG(s) 'run_eda_script_fixedddddddddddddd' retrieved from /opt/airflow/dags/eda_airflow.py
[2025-07-19T07:36:00.533+0000] {logging_mixin.py:188} INFO - [2025-07-19T07:36:00.533+0000] {dag.py:3036} INFO - Sync 1 DAGs
[2025-07-19T07:36:00.545+0000] {logging_mixin.py:188} INFO - [2025-07-19T07:36:00.545+0000] {dag.py:3823} INFO - Setting next_dagrun for run_eda_script_fixedddddddddddddd to None, run_after=None
[2025-07-19T07:36:00.567+0000] {processor.py:183} INFO - Processing /opt/airflow/dags/eda_airflow.py took 0.375 seconds
[2025-07-19T07:36:32.333+0000] {processor.py:161} INFO - Started process (PID=4637) to work on /opt/airflow/dags/eda_airflow.py
[2025-07-19T07:36:32.334+0000] {processor.py:830} INFO - Processing file /opt/airflow/dags/eda_airflow.py for tasks to queue
[2025-07-19T07:36:32.334+0000] {logging_mixin.py:188} INFO - [2025-07-19T07:36:32.334+0000] {dagbag.py:538} INFO - Filling up the DagBag from /opt/airflow/dags/eda_airflow.py
[2025-07-19T07:36:32.428+0000] {processor.py:840} INFO - DAG(s) 'run_eda_script_fixedddddddddddddd' retrieved from /opt/airflow/dags/eda_airflow.py
[2025-07-19T07:36:32.553+0000] {logging_mixin.py:188} INFO - [2025-07-19T07:36:32.553+0000] {dag.py:3036} INFO - Sync 1 DAGs
[2025-07-19T07:36:32.565+0000] {logging_mixin.py:188} INFO - [2025-07-19T07:36:32.564+0000] {dag.py:3823} INFO - Setting next_dagrun for run_eda_script_fixedddddddddddddd to None, run_after=None
[2025-07-19T07:36:32.582+0000] {processor.py:183} INFO - Processing /opt/airflow/dags/eda_airflow.py took 0.251 seconds
[2025-07-19T07:37:02.943+0000] {processor.py:161} INFO - Started process (PID=4659) to work on /opt/airflow/dags/eda_airflow.py
[2025-07-19T07:37:02.945+0000] {processor.py:830} INFO - Processing file /opt/airflow/dags/eda_airflow.py for tasks to queue
[2025-07-19T07:37:02.946+0000] {logging_mixin.py:188} INFO - [2025-07-19T07:37:02.946+0000] {dagbag.py:538} INFO - Filling up the DagBag from /opt/airflow/dags/eda_airflow.py
[2025-07-19T07:37:03.091+0000] {processor.py:840} INFO - DAG(s) 'run_eda_script_fixedddddddddddddd' retrieved from /opt/airflow/dags/eda_airflow.py
[2025-07-19T07:37:03.118+0000] {logging_mixin.py:188} INFO - [2025-07-19T07:37:03.118+0000] {dag.py:3036} INFO - Sync 1 DAGs
[2025-07-19T07:37:03.131+0000] {logging_mixin.py:188} INFO - [2025-07-19T07:37:03.130+0000] {dag.py:3823} INFO - Setting next_dagrun for run_eda_script_fixedddddddddddddd to None, run_after=None
[2025-07-19T07:37:03.158+0000] {processor.py:183} INFO - Processing /opt/airflow/dags/eda_airflow.py took 0.217 seconds
[2025-07-19T07:37:33.433+0000] {processor.py:161} INFO - Started process (PID=4683) to work on /opt/airflow/dags/eda_airflow.py
[2025-07-19T07:37:33.434+0000] {processor.py:830} INFO - Processing file /opt/airflow/dags/eda_airflow.py for tasks to queue
[2025-07-19T07:37:33.435+0000] {logging_mixin.py:188} INFO - [2025-07-19T07:37:33.434+0000] {dagbag.py:538} INFO - Filling up the DagBag from /opt/airflow/dags/eda_airflow.py
[2025-07-19T07:37:33.446+0000] {processor.py:840} INFO - DAG(s) 'run_eda_script_fixedddddddddddddd' retrieved from /opt/airflow/dags/eda_airflow.py
[2025-07-19T07:37:33.563+0000] {logging_mixin.py:188} INFO - [2025-07-19T07:37:33.562+0000] {dag.py:3036} INFO - Sync 1 DAGs
[2025-07-19T07:37:33.574+0000] {logging_mixin.py:188} INFO - [2025-07-19T07:37:33.574+0000] {dag.py:3823} INFO - Setting next_dagrun for run_eda_script_fixedddddddddddddd to None, run_after=None
[2025-07-19T07:37:33.597+0000] {processor.py:183} INFO - Processing /opt/airflow/dags/eda_airflow.py took 0.167 seconds
[2025-07-19T07:38:03.890+0000] {processor.py:161} INFO - Started process (PID=4703) to work on /opt/airflow/dags/eda_airflow.py
[2025-07-19T07:38:03.891+0000] {processor.py:830} INFO - Processing file /opt/airflow/dags/eda_airflow.py for tasks to queue
[2025-07-19T07:38:03.892+0000] {logging_mixin.py:188} INFO - [2025-07-19T07:38:03.891+0000] {dagbag.py:538} INFO - Filling up the DagBag from /opt/airflow/dags/eda_airflow.py
[2025-07-19T07:38:03.901+0000] {processor.py:840} INFO - DAG(s) 'run_eda_script_fixedddddddddddddd' retrieved from /opt/airflow/dags/eda_airflow.py
[2025-07-19T07:38:05.923+0000] {logging_mixin.py:188} INFO - [2025-07-19T07:38:05.922+0000] {dag.py:3036} INFO - Sync 1 DAGs
[2025-07-19T07:38:05.934+0000] {logging_mixin.py:188} INFO - [2025-07-19T07:38:05.933+0000] {dag.py:3823} INFO - Setting next_dagrun for run_eda_script_fixedddddddddddddd to None, run_after=None
[2025-07-19T07:38:05.953+0000] {processor.py:183} INFO - Processing /opt/airflow/dags/eda_airflow.py took 2.067 seconds
[2025-07-19T07:38:44.749+0000] {processor.py:161} INFO - Started process (PID=4723) to work on /opt/airflow/dags/eda_airflow.py
[2025-07-19T07:38:44.770+0000] {processor.py:830} INFO - Processing file /opt/airflow/dags/eda_airflow.py for tasks to queue
[2025-07-19T07:38:44.771+0000] {logging_mixin.py:188} INFO - [2025-07-19T07:38:44.771+0000] {dagbag.py:538} INFO - Filling up the DagBag from /opt/airflow/dags/eda_airflow.py
[2025-07-19T07:38:44.781+0000] {processor.py:840} INFO - DAG(s) 'run_eda_script_fixedddddddddddddd' retrieved from /opt/airflow/dags/eda_airflow.py
[2025-07-19T07:38:44.806+0000] {logging_mixin.py:188} INFO - [2025-07-19T07:38:44.806+0000] {dag.py:3036} INFO - Sync 1 DAGs
[2025-07-19T07:38:44.817+0000] {logging_mixin.py:188} INFO - [2025-07-19T07:38:44.817+0000] {dag.py:3823} INFO - Setting next_dagrun for run_eda_script_fixedddddddddddddd to None, run_after=None
[2025-07-19T07:38:44.875+0000] {processor.py:183} INFO - Processing /opt/airflow/dags/eda_airflow.py took 0.129 seconds
[2025-07-19T07:39:21.064+0000] {processor.py:161} INFO - Started process (PID=4736) to work on /opt/airflow/dags/eda_airflow.py
[2025-07-19T07:39:21.066+0000] {processor.py:830} INFO - Processing file /opt/airflow/dags/eda_airflow.py for tasks to queue
[2025-07-19T07:39:21.068+0000] {logging_mixin.py:188} INFO - [2025-07-19T07:39:21.067+0000] {dagbag.py:538} INFO - Filling up the DagBag from /opt/airflow/dags/eda_airflow.py
[2025-07-19T07:39:21.156+0000] {processor.py:840} INFO - DAG(s) 'run_eda_script_fixedddddddddddddd' retrieved from /opt/airflow/dags/eda_airflow.py
[2025-07-19T07:39:21.185+0000] {logging_mixin.py:188} INFO - [2025-07-19T07:39:21.185+0000] {dag.py:3036} INFO - Sync 1 DAGs
[2025-07-19T07:39:21.258+0000] {logging_mixin.py:188} INFO - [2025-07-19T07:39:21.257+0000] {dag.py:3823} INFO - Setting next_dagrun for run_eda_script_fixedddddddddddddd to None, run_after=None
[2025-07-19T07:39:22.318+0000] {processor.py:183} INFO - Processing /opt/airflow/dags/eda_airflow.py took 1.258 seconds
[2025-07-19T07:39:54.731+0000] {processor.py:161} INFO - Started process (PID=4763) to work on /opt/airflow/dags/eda_airflow.py
[2025-07-19T07:39:54.732+0000] {processor.py:830} INFO - Processing file /opt/airflow/dags/eda_airflow.py for tasks to queue
[2025-07-19T07:39:54.733+0000] {logging_mixin.py:188} INFO - [2025-07-19T07:39:54.733+0000] {dagbag.py:538} INFO - Filling up the DagBag from /opt/airflow/dags/eda_airflow.py
[2025-07-19T07:39:54.790+0000] {processor.py:840} INFO - DAG(s) 'run_eda_script_fixedddddddddddddd' retrieved from /opt/airflow/dags/eda_airflow.py
[2025-07-19T07:39:54.815+0000] {logging_mixin.py:188} INFO - [2025-07-19T07:39:54.815+0000] {dag.py:3036} INFO - Sync 1 DAGs
[2025-07-19T07:39:54.866+0000] {logging_mixin.py:188} INFO - [2025-07-19T07:39:54.865+0000] {dag.py:3823} INFO - Setting next_dagrun for run_eda_script_fixedddddddddddddd to None, run_after=None
[2025-07-19T07:39:55.110+0000] {processor.py:183} INFO - Processing /opt/airflow/dags/eda_airflow.py took 0.383 seconds
[2025-07-19T07:40:25.874+0000] {processor.py:161} INFO - Started process (PID=4783) to work on /opt/airflow/dags/eda_airflow.py
[2025-07-19T07:40:25.875+0000] {processor.py:830} INFO - Processing file /opt/airflow/dags/eda_airflow.py for tasks to queue
[2025-07-19T07:40:25.876+0000] {logging_mixin.py:188} INFO - [2025-07-19T07:40:25.876+0000] {dagbag.py:538} INFO - Filling up the DagBag from /opt/airflow/dags/eda_airflow.py
[2025-07-19T07:40:25.885+0000] {processor.py:840} INFO - DAG(s) 'run_eda_script_fixedddddddddddddd' retrieved from /opt/airflow/dags/eda_airflow.py
[2025-07-19T07:40:25.916+0000] {logging_mixin.py:188} INFO - [2025-07-19T07:40:25.915+0000] {dag.py:3036} INFO - Sync 1 DAGs
[2025-07-19T07:40:25.927+0000] {logging_mixin.py:188} INFO - [2025-07-19T07:40:25.926+0000] {dag.py:3823} INFO - Setting next_dagrun for run_eda_script_fixedddddddddddddd to None, run_after=None
[2025-07-19T07:40:26.071+0000] {processor.py:183} INFO - Processing /opt/airflow/dags/eda_airflow.py took 0.201 seconds
[2025-07-19T07:40:56.586+0000] {processor.py:161} INFO - Started process (PID=4803) to work on /opt/airflow/dags/eda_airflow.py
[2025-07-19T07:40:56.587+0000] {processor.py:830} INFO - Processing file /opt/airflow/dags/eda_airflow.py for tasks to queue
[2025-07-19T07:40:56.588+0000] {logging_mixin.py:188} INFO - [2025-07-19T07:40:56.588+0000] {dagbag.py:538} INFO - Filling up the DagBag from /opt/airflow/dags/eda_airflow.py
[2025-07-19T07:40:56.600+0000] {processor.py:840} INFO - DAG(s) 'run_eda_script_fixedddddddddddddd' retrieved from /opt/airflow/dags/eda_airflow.py
[2025-07-19T07:40:56.628+0000] {logging_mixin.py:188} INFO - [2025-07-19T07:40:56.628+0000] {dag.py:3036} INFO - Sync 1 DAGs
[2025-07-19T07:40:56.648+0000] {logging_mixin.py:188} INFO - [2025-07-19T07:40:56.648+0000] {dag.py:3823} INFO - Setting next_dagrun for run_eda_script_fixedddddddddddddd to None, run_after=None
[2025-07-19T07:40:56.806+0000] {processor.py:183} INFO - Processing /opt/airflow/dags/eda_airflow.py took 0.223 seconds
[2025-07-19T07:41:27.381+0000] {processor.py:161} INFO - Started process (PID=4823) to work on /opt/airflow/dags/eda_airflow.py
[2025-07-19T07:41:27.382+0000] {processor.py:830} INFO - Processing file /opt/airflow/dags/eda_airflow.py for tasks to queue
[2025-07-19T07:41:27.382+0000] {logging_mixin.py:188} INFO - [2025-07-19T07:41:27.382+0000] {dagbag.py:538} INFO - Filling up the DagBag from /opt/airflow/dags/eda_airflow.py
[2025-07-19T07:41:27.394+0000] {processor.py:840} INFO - DAG(s) 'run_eda_script_fixedddddddddddddd' retrieved from /opt/airflow/dags/eda_airflow.py
[2025-07-19T07:41:27.422+0000] {logging_mixin.py:188} INFO - [2025-07-19T07:41:27.421+0000] {dag.py:3036} INFO - Sync 1 DAGs
[2025-07-19T07:41:27.435+0000] {logging_mixin.py:188} INFO - [2025-07-19T07:41:27.435+0000] {dag.py:3823} INFO - Setting next_dagrun for run_eda_script_fixedddddddddddddd to None, run_after=None
[2025-07-19T07:41:27.492+0000] {processor.py:183} INFO - Processing /opt/airflow/dags/eda_airflow.py took 0.115 seconds
[2025-07-19T07:41:58.218+0000] {processor.py:161} INFO - Started process (PID=4843) to work on /opt/airflow/dags/eda_airflow.py
[2025-07-19T07:41:58.220+0000] {processor.py:830} INFO - Processing file /opt/airflow/dags/eda_airflow.py for tasks to queue
[2025-07-19T07:41:58.221+0000] {logging_mixin.py:188} INFO - [2025-07-19T07:41:58.221+0000] {dagbag.py:538} INFO - Filling up the DagBag from /opt/airflow/dags/eda_airflow.py
[2025-07-19T07:41:58.315+0000] {processor.py:840} INFO - DAG(s) 'run_eda_script_fixedddddddddddddd' retrieved from /opt/airflow/dags/eda_airflow.py
[2025-07-19T07:41:58.488+0000] {logging_mixin.py:188} INFO - [2025-07-19T07:41:58.488+0000] {dag.py:3036} INFO - Sync 1 DAGs
[2025-07-19T07:41:58.501+0000] {logging_mixin.py:188} INFO - [2025-07-19T07:41:58.501+0000] {dag.py:3823} INFO - Setting next_dagrun for run_eda_script_fixedddddddddddddd to None, run_after=None
[2025-07-19T07:41:58.530+0000] {processor.py:183} INFO - Processing /opt/airflow/dags/eda_airflow.py took 0.315 seconds
[2025-07-19T07:42:29.954+0000] {processor.py:161} INFO - Started process (PID=4863) to work on /opt/airflow/dags/eda_airflow.py
[2025-07-19T07:42:29.955+0000] {processor.py:830} INFO - Processing file /opt/airflow/dags/eda_airflow.py for tasks to queue
[2025-07-19T07:42:29.956+0000] {logging_mixin.py:188} INFO - [2025-07-19T07:42:29.956+0000] {dagbag.py:538} INFO - Filling up the DagBag from /opt/airflow/dags/eda_airflow.py
[2025-07-19T07:42:30.030+0000] {processor.py:840} INFO - DAG(s) 'run_eda_script_fixedddddddddddddd' retrieved from /opt/airflow/dags/eda_airflow.py
[2025-07-19T07:42:30.054+0000] {logging_mixin.py:188} INFO - [2025-07-19T07:42:30.054+0000] {dag.py:3036} INFO - Sync 1 DAGs
[2025-07-19T07:42:30.065+0000] {logging_mixin.py:188} INFO - [2025-07-19T07:42:30.065+0000] {dag.py:3823} INFO - Setting next_dagrun for run_eda_script_fixedddddddddddddd to None, run_after=None
[2025-07-19T07:42:30.619+0000] {processor.py:183} INFO - Processing /opt/airflow/dags/eda_airflow.py took 0.668 seconds
[2025-07-19T07:43:01.011+0000] {processor.py:161} INFO - Started process (PID=4883) to work on /opt/airflow/dags/eda_airflow.py
[2025-07-19T07:43:01.013+0000] {processor.py:830} INFO - Processing file /opt/airflow/dags/eda_airflow.py for tasks to queue
[2025-07-19T07:43:01.015+0000] {logging_mixin.py:188} INFO - [2025-07-19T07:43:01.015+0000] {dagbag.py:538} INFO - Filling up the DagBag from /opt/airflow/dags/eda_airflow.py
[2025-07-19T07:43:01.044+0000] {processor.py:840} INFO - DAG(s) 'run_eda_script_fixedddddddddddddd' retrieved from /opt/airflow/dags/eda_airflow.py
[2025-07-19T07:43:01.092+0000] {logging_mixin.py:188} INFO - [2025-07-19T07:43:01.091+0000] {dag.py:3036} INFO - Sync 1 DAGs
[2025-07-19T07:43:01.115+0000] {logging_mixin.py:188} INFO - [2025-07-19T07:43:01.114+0000] {dag.py:3823} INFO - Setting next_dagrun for run_eda_script_fixedddddddddddddd to None, run_after=None
[2025-07-19T07:43:01.156+0000] {processor.py:183} INFO - Processing /opt/airflow/dags/eda_airflow.py took 0.152 seconds
[2025-07-19T07:43:31.761+0000] {processor.py:161} INFO - Started process (PID=4893) to work on /opt/airflow/dags/eda_airflow.py
[2025-07-19T07:43:31.763+0000] {processor.py:830} INFO - Processing file /opt/airflow/dags/eda_airflow.py for tasks to queue
[2025-07-19T07:43:31.764+0000] {logging_mixin.py:188} INFO - [2025-07-19T07:43:31.764+0000] {dagbag.py:538} INFO - Filling up the DagBag from /opt/airflow/dags/eda_airflow.py
[2025-07-19T07:43:32.057+0000] {processor.py:840} INFO - DAG(s) 'run_eda_script_fixedddddddddddddd' retrieved from /opt/airflow/dags/eda_airflow.py
[2025-07-19T07:43:32.099+0000] {logging_mixin.py:188} INFO - [2025-07-19T07:43:32.099+0000] {dag.py:3036} INFO - Sync 1 DAGs
[2025-07-19T07:43:32.120+0000] {logging_mixin.py:188} INFO - [2025-07-19T07:43:32.119+0000] {dag.py:3823} INFO - Setting next_dagrun for run_eda_script_fixedddddddddddddd to None, run_after=None
[2025-07-19T07:43:32.341+0000] {processor.py:183} INFO - Processing /opt/airflow/dags/eda_airflow.py took 0.586 seconds
[2025-07-19T07:44:02.664+0000] {processor.py:161} INFO - Started process (PID=4983) to work on /opt/airflow/dags/eda_airflow.py
[2025-07-19T07:44:02.665+0000] {processor.py:830} INFO - Processing file /opt/airflow/dags/eda_airflow.py for tasks to queue
[2025-07-19T07:44:02.667+0000] {logging_mixin.py:188} INFO - [2025-07-19T07:44:02.667+0000] {dagbag.py:538} INFO - Filling up the DagBag from /opt/airflow/dags/eda_airflow.py
[2025-07-19T07:44:02.698+0000] {processor.py:840} INFO - DAG(s) 'run_eda_script_fixedddddddddddddd' retrieved from /opt/airflow/dags/eda_airflow.py
[2025-07-19T07:44:02.772+0000] {logging_mixin.py:188} INFO - [2025-07-19T07:44:02.772+0000] {dag.py:3036} INFO - Sync 1 DAGs
[2025-07-19T07:44:02.879+0000] {logging_mixin.py:188} INFO - [2025-07-19T07:44:02.879+0000] {dag.py:3823} INFO - Setting next_dagrun for run_eda_script_fixedddddddddddddd to None, run_after=None
[2025-07-19T07:44:03.043+0000] {processor.py:183} INFO - Processing /opt/airflow/dags/eda_airflow.py took 0.384 seconds
[2025-07-19T07:45:05.026+0000] {processor.py:161} INFO - Started process (PID=5050) to work on /opt/airflow/dags/eda_airflow.py
[2025-07-19T07:45:05.028+0000] {processor.py:830} INFO - Processing file /opt/airflow/dags/eda_airflow.py for tasks to queue
[2025-07-19T07:45:05.029+0000] {logging_mixin.py:188} INFO - [2025-07-19T07:45:05.029+0000] {dagbag.py:538} INFO - Filling up the DagBag from /opt/airflow/dags/eda_airflow.py
[2025-07-19T07:45:09.601+0000] {processor.py:840} INFO - DAG(s) 'run_eda_script_fixedddddddddddddd' retrieved from /opt/airflow/dags/eda_airflow.py
[2025-07-19T07:45:13.790+0000] {logging_mixin.py:188} INFO - [2025-07-19T07:45:13.789+0000] {dag.py:3036} INFO - Sync 1 DAGs
[2025-07-19T07:45:13.813+0000] {logging_mixin.py:188} INFO - [2025-07-19T07:45:13.813+0000] {dag.py:3823} INFO - Setting next_dagrun for run_eda_script_fixedddddddddddddd to None, run_after=None
[2025-07-19T07:45:13.852+0000] {processor.py:183} INFO - Processing /opt/airflow/dags/eda_airflow.py took 18.290 seconds
[2025-07-19T07:45:44.132+0000] {processor.py:161} INFO - Started process (PID=5093) to work on /opt/airflow/dags/eda_airflow.py
[2025-07-19T07:45:44.134+0000] {processor.py:830} INFO - Processing file /opt/airflow/dags/eda_airflow.py for tasks to queue
[2025-07-19T07:45:44.135+0000] {logging_mixin.py:188} INFO - [2025-07-19T07:45:44.135+0000] {dagbag.py:538} INFO - Filling up the DagBag from /opt/airflow/dags/eda_airflow.py
[2025-07-19T07:45:45.925+0000] {processor.py:840} INFO - DAG(s) 'run_eda_script_fixedddddddddddddd' retrieved from /opt/airflow/dags/eda_airflow.py
[2025-07-19T07:45:58.107+0000] {logging_mixin.py:188} INFO - [2025-07-19T07:45:58.106+0000] {dag.py:3036} INFO - Sync 1 DAGs
[2025-07-19T07:45:58.126+0000] {logging_mixin.py:188} INFO - [2025-07-19T07:45:58.126+0000] {dag.py:3823} INFO - Setting next_dagrun for run_eda_script_fixedddddddddddddd to None, run_after=None
[2025-07-19T07:45:58.297+0000] {processor.py:183} INFO - Processing /opt/airflow/dags/eda_airflow.py took 14.170 seconds
[2025-07-19T07:46:30.679+0000] {processor.py:161} INFO - Started process (PID=5138) to work on /opt/airflow/dags/eda_airflow.py
[2025-07-19T07:46:31.296+0000] {processor.py:830} INFO - Processing file /opt/airflow/dags/eda_airflow.py for tasks to queue
[2025-07-19T07:46:31.299+0000] {logging_mixin.py:188} INFO - [2025-07-19T07:46:31.299+0000] {dagbag.py:538} INFO - Filling up the DagBag from /opt/airflow/dags/eda_airflow.py
[2025-07-19T07:46:31.991+0000] {processor.py:840} INFO - DAG(s) 'run_eda_script_fixedddddddddddddd' retrieved from /opt/airflow/dags/eda_airflow.py
[2025-07-19T07:46:34.552+0000] {logging_mixin.py:188} INFO - [2025-07-19T07:46:34.552+0000] {dag.py:3036} INFO - Sync 1 DAGs
[2025-07-19T07:46:35.079+0000] {logging_mixin.py:188} INFO - [2025-07-19T07:46:35.078+0000] {dag.py:3823} INFO - Setting next_dagrun for run_eda_script_fixedddddddddddddd to None, run_after=None
[2025-07-19T07:46:41.530+0000] {processor.py:183} INFO - Processing /opt/airflow/dags/eda_airflow.py took 12.301 seconds
[2025-07-19T07:47:12.866+0000] {processor.py:161} INFO - Started process (PID=5158) to work on /opt/airflow/dags/eda_airflow.py
[2025-07-19T07:47:12.867+0000] {processor.py:830} INFO - Processing file /opt/airflow/dags/eda_airflow.py for tasks to queue
[2025-07-19T07:47:12.869+0000] {logging_mixin.py:188} INFO - [2025-07-19T07:47:12.868+0000] {dagbag.py:538} INFO - Filling up the DagBag from /opt/airflow/dags/eda_airflow.py
[2025-07-19T07:47:12.925+0000] {processor.py:840} INFO - DAG(s) 'run_eda_script_fixedddddddddddddd' retrieved from /opt/airflow/dags/eda_airflow.py
[2025-07-19T07:47:13.608+0000] {logging_mixin.py:188} INFO - [2025-07-19T07:47:13.608+0000] {dag.py:3036} INFO - Sync 1 DAGs
[2025-07-19T07:47:13.623+0000] {logging_mixin.py:188} INFO - [2025-07-19T07:47:13.623+0000] {dag.py:3823} INFO - Setting next_dagrun for run_eda_script_fixedddddddddddddd to None, run_after=None
[2025-07-19T07:47:13.658+0000] {processor.py:183} INFO - Processing /opt/airflow/dags/eda_airflow.py took 0.807 seconds
[2025-07-19T07:47:44.467+0000] {processor.py:161} INFO - Started process (PID=5178) to work on /opt/airflow/dags/eda_airflow.py
[2025-07-19T07:47:44.469+0000] {processor.py:830} INFO - Processing file /opt/airflow/dags/eda_airflow.py for tasks to queue
[2025-07-19T07:47:44.471+0000] {logging_mixin.py:188} INFO - [2025-07-19T07:47:44.470+0000] {dagbag.py:538} INFO - Filling up the DagBag from /opt/airflow/dags/eda_airflow.py
[2025-07-19T07:47:45.014+0000] {processor.py:840} INFO - DAG(s) 'run_eda_script_fixedddddddddddddd' retrieved from /opt/airflow/dags/eda_airflow.py
[2025-07-19T07:47:45.534+0000] {logging_mixin.py:188} INFO - [2025-07-19T07:47:45.533+0000] {dag.py:3036} INFO - Sync 1 DAGs
[2025-07-19T07:47:45.855+0000] {logging_mixin.py:188} INFO - [2025-07-19T07:47:45.855+0000] {dag.py:3823} INFO - Setting next_dagrun for run_eda_script_fixedddddddddddddd to None, run_after=None
[2025-07-19T07:47:46.105+0000] {processor.py:183} INFO - Processing /opt/airflow/dags/eda_airflow.py took 1.652 seconds
[2025-07-19T07:48:17.268+0000] {processor.py:161} INFO - Started process (PID=5198) to work on /opt/airflow/dags/eda_airflow.py
[2025-07-19T07:48:17.271+0000] {processor.py:830} INFO - Processing file /opt/airflow/dags/eda_airflow.py for tasks to queue
[2025-07-19T07:48:17.274+0000] {logging_mixin.py:188} INFO - [2025-07-19T07:48:17.273+0000] {dagbag.py:538} INFO - Filling up the DagBag from /opt/airflow/dags/eda_airflow.py
[2025-07-19T07:48:17.305+0000] {processor.py:840} INFO - DAG(s) 'run_eda_script_fixedddddddddddddd' retrieved from /opt/airflow/dags/eda_airflow.py
[2025-07-19T07:48:17.341+0000] {logging_mixin.py:188} INFO - [2025-07-19T07:48:17.340+0000] {dag.py:3036} INFO - Sync 1 DAGs
[2025-07-19T07:48:17.366+0000] {logging_mixin.py:188} INFO - [2025-07-19T07:48:17.366+0000] {dag.py:3823} INFO - Setting next_dagrun for run_eda_script_fixedddddddddddddd to None, run_after=None
[2025-07-19T07:48:17.393+0000] {processor.py:183} INFO - Processing /opt/airflow/dags/eda_airflow.py took 0.896 seconds
[2025-07-19T07:48:48.165+0000] {processor.py:161} INFO - Started process (PID=5218) to work on /opt/airflow/dags/eda_airflow.py
[2025-07-19T07:48:48.166+0000] {processor.py:830} INFO - Processing file /opt/airflow/dags/eda_airflow.py for tasks to queue
[2025-07-19T07:48:48.168+0000] {logging_mixin.py:188} INFO - [2025-07-19T07:48:48.168+0000] {dagbag.py:538} INFO - Filling up the DagBag from /opt/airflow/dags/eda_airflow.py
[2025-07-19T07:48:48.316+0000] {processor.py:840} INFO - DAG(s) 'run_eda_script_fixedddddddddddddd' retrieved from /opt/airflow/dags/eda_airflow.py
[2025-07-19T07:48:48.350+0000] {logging_mixin.py:188} INFO - [2025-07-19T07:48:48.350+0000] {dag.py:3036} INFO - Sync 1 DAGs
[2025-07-19T07:48:48.367+0000] {logging_mixin.py:188} INFO - [2025-07-19T07:48:48.367+0000] {dag.py:3823} INFO - Setting next_dagrun for run_eda_script_fixedddddddddddddd to None, run_after=None
[2025-07-19T07:48:48.393+0000] {processor.py:183} INFO - Processing /opt/airflow/dags/eda_airflow.py took 0.233 seconds
[2025-07-19T07:49:18.493+0000] {processor.py:161} INFO - Started process (PID=5308) to work on /opt/airflow/dags/eda_airflow.py
[2025-07-19T07:49:18.495+0000] {processor.py:830} INFO - Processing file /opt/airflow/dags/eda_airflow.py for tasks to queue
[2025-07-19T07:49:18.497+0000] {logging_mixin.py:188} INFO - [2025-07-19T07:49:18.496+0000] {dagbag.py:538} INFO - Filling up the DagBag from /opt/airflow/dags/eda_airflow.py
[2025-07-19T07:49:18.584+0000] {processor.py:840} INFO - DAG(s) 'run_eda_script_fixedddddddddddddd' retrieved from /opt/airflow/dags/eda_airflow.py
[2025-07-19T07:49:18.630+0000] {logging_mixin.py:188} INFO - [2025-07-19T07:49:18.629+0000] {dag.py:3036} INFO - Sync 1 DAGs
[2025-07-19T07:49:18.647+0000] {logging_mixin.py:188} INFO - [2025-07-19T07:49:18.647+0000] {dag.py:3823} INFO - Setting next_dagrun for run_eda_script_fixedddddddddddddd to None, run_after=None
[2025-07-19T07:49:18.718+0000] {processor.py:183} INFO - Processing /opt/airflow/dags/eda_airflow.py took 0.232 seconds
[2025-07-19T07:49:48.996+0000] {processor.py:161} INFO - Started process (PID=5335) to work on /opt/airflow/dags/eda_airflow.py
[2025-07-19T07:49:48.998+0000] {processor.py:830} INFO - Processing file /opt/airflow/dags/eda_airflow.py for tasks to queue
[2025-07-19T07:49:49.000+0000] {logging_mixin.py:188} INFO - [2025-07-19T07:49:48.999+0000] {dagbag.py:538} INFO - Filling up the DagBag from /opt/airflow/dags/eda_airflow.py
[2025-07-19T07:49:49.077+0000] {processor.py:840} INFO - DAG(s) 'run_eda_script_fixedddddddddddddd' retrieved from /opt/airflow/dags/eda_airflow.py
[2025-07-19T07:49:49.115+0000] {logging_mixin.py:188} INFO - [2025-07-19T07:49:49.115+0000] {dag.py:3036} INFO - Sync 1 DAGs
[2025-07-19T07:49:49.170+0000] {logging_mixin.py:188} INFO - [2025-07-19T07:49:49.170+0000] {dag.py:3823} INFO - Setting next_dagrun for run_eda_script_fixedddddddddddddd to None, run_after=None
[2025-07-19T07:49:49.237+0000] {processor.py:183} INFO - Processing /opt/airflow/dags/eda_airflow.py took 0.244 seconds
[2025-07-19T07:50:20.108+0000] {processor.py:161} INFO - Started process (PID=5355) to work on /opt/airflow/dags/eda_airflow.py
[2025-07-19T07:50:20.109+0000] {processor.py:830} INFO - Processing file /opt/airflow/dags/eda_airflow.py for tasks to queue
[2025-07-19T07:50:20.111+0000] {logging_mixin.py:188} INFO - [2025-07-19T07:50:20.110+0000] {dagbag.py:538} INFO - Filling up the DagBag from /opt/airflow/dags/eda_airflow.py
[2025-07-19T07:50:20.142+0000] {processor.py:840} INFO - DAG(s) 'run_eda_script_fixedddddddddddddd' retrieved from /opt/airflow/dags/eda_airflow.py
[2025-07-19T07:50:20.183+0000] {logging_mixin.py:188} INFO - [2025-07-19T07:50:20.183+0000] {dag.py:3036} INFO - Sync 1 DAGs
[2025-07-19T07:50:20.202+0000] {logging_mixin.py:188} INFO - [2025-07-19T07:50:20.202+0000] {dag.py:3823} INFO - Setting next_dagrun for run_eda_script_fixedddddddddddddd to None, run_after=None
[2025-07-19T07:50:20.227+0000] {processor.py:183} INFO - Processing /opt/airflow/dags/eda_airflow.py took 0.124 seconds
[2025-07-19T07:50:50.525+0000] {processor.py:161} INFO - Started process (PID=5375) to work on /opt/airflow/dags/eda_airflow.py
[2025-07-19T07:50:50.526+0000] {processor.py:830} INFO - Processing file /opt/airflow/dags/eda_airflow.py for tasks to queue
[2025-07-19T07:50:50.528+0000] {logging_mixin.py:188} INFO - [2025-07-19T07:50:50.527+0000] {dagbag.py:538} INFO - Filling up the DagBag from /opt/airflow/dags/eda_airflow.py
[2025-07-19T07:50:50.556+0000] {processor.py:840} INFO - DAG(s) 'run_eda_script_fixedddddddddddddd' retrieved from /opt/airflow/dags/eda_airflow.py
[2025-07-19T07:50:50.655+0000] {logging_mixin.py:188} INFO - [2025-07-19T07:50:50.654+0000] {dag.py:3036} INFO - Sync 1 DAGs
[2025-07-19T07:50:50.670+0000] {logging_mixin.py:188} INFO - [2025-07-19T07:50:50.670+0000] {dag.py:3823} INFO - Setting next_dagrun for run_eda_script_fixedddddddddddddd to None, run_after=None
[2025-07-19T07:50:50.699+0000] {processor.py:183} INFO - Processing /opt/airflow/dags/eda_airflow.py took 0.178 seconds
[2025-07-19T07:51:21.544+0000] {processor.py:161} INFO - Started process (PID=5395) to work on /opt/airflow/dags/eda_airflow.py
[2025-07-19T07:51:21.546+0000] {processor.py:830} INFO - Processing file /opt/airflow/dags/eda_airflow.py for tasks to queue
[2025-07-19T07:51:21.548+0000] {logging_mixin.py:188} INFO - [2025-07-19T07:51:21.547+0000] {dagbag.py:538} INFO - Filling up the DagBag from /opt/airflow/dags/eda_airflow.py
[2025-07-19T07:51:21.578+0000] {processor.py:840} INFO - DAG(s) 'run_eda_script_fixedddddddddddddd' retrieved from /opt/airflow/dags/eda_airflow.py
[2025-07-19T07:51:21.616+0000] {logging_mixin.py:188} INFO - [2025-07-19T07:51:21.616+0000] {dag.py:3036} INFO - Sync 1 DAGs
[2025-07-19T07:51:21.630+0000] {logging_mixin.py:188} INFO - [2025-07-19T07:51:21.630+0000] {dag.py:3823} INFO - Setting next_dagrun for run_eda_script_fixedddddddddddddd to None, run_after=None
[2025-07-19T07:51:21.657+0000] {processor.py:183} INFO - Processing /opt/airflow/dags/eda_airflow.py took 0.116 seconds
[2025-07-19T07:51:52.403+0000] {processor.py:161} INFO - Started process (PID=5415) to work on /opt/airflow/dags/eda_airflow.py
[2025-07-19T07:51:52.404+0000] {processor.py:830} INFO - Processing file /opt/airflow/dags/eda_airflow.py for tasks to queue
[2025-07-19T07:51:52.406+0000] {logging_mixin.py:188} INFO - [2025-07-19T07:51:52.406+0000] {dagbag.py:538} INFO - Filling up the DagBag from /opt/airflow/dags/eda_airflow.py
[2025-07-19T07:51:52.435+0000] {processor.py:840} INFO - DAG(s) 'run_eda_script_fixedddddddddddddd' retrieved from /opt/airflow/dags/eda_airflow.py
[2025-07-19T07:51:52.475+0000] {logging_mixin.py:188} INFO - [2025-07-19T07:51:52.475+0000] {dag.py:3036} INFO - Sync 1 DAGs
[2025-07-19T07:51:52.495+0000] {logging_mixin.py:188} INFO - [2025-07-19T07:51:52.494+0000] {dag.py:3823} INFO - Setting next_dagrun for run_eda_script_fixedddddddddddddd to None, run_after=None
[2025-07-19T07:51:52.522+0000] {processor.py:183} INFO - Processing /opt/airflow/dags/eda_airflow.py took 0.124 seconds
[2025-07-19T07:52:23.575+0000] {processor.py:161} INFO - Started process (PID=5435) to work on /opt/airflow/dags/eda_airflow.py
[2025-07-19T07:52:23.577+0000] {processor.py:830} INFO - Processing file /opt/airflow/dags/eda_airflow.py for tasks to queue
[2025-07-19T07:52:23.578+0000] {logging_mixin.py:188} INFO - [2025-07-19T07:52:23.578+0000] {dagbag.py:538} INFO - Filling up the DagBag from /opt/airflow/dags/eda_airflow.py
[2025-07-19T07:52:23.604+0000] {processor.py:840} INFO - DAG(s) 'run_eda_script_fixedddddddddddddd' retrieved from /opt/airflow/dags/eda_airflow.py
[2025-07-19T07:52:23.645+0000] {logging_mixin.py:188} INFO - [2025-07-19T07:52:23.645+0000] {dag.py:3036} INFO - Sync 1 DAGs
[2025-07-19T07:52:23.661+0000] {logging_mixin.py:188} INFO - [2025-07-19T07:52:23.661+0000] {dag.py:3823} INFO - Setting next_dagrun for run_eda_script_fixedddddddddddddd to None, run_after=None
[2025-07-19T07:52:23.691+0000] {processor.py:183} INFO - Processing /opt/airflow/dags/eda_airflow.py took 0.122 seconds
[2025-07-19T07:52:54.520+0000] {processor.py:161} INFO - Started process (PID=5455) to work on /opt/airflow/dags/eda_airflow.py
[2025-07-19T07:52:54.521+0000] {processor.py:830} INFO - Processing file /opt/airflow/dags/eda_airflow.py for tasks to queue
[2025-07-19T07:52:54.523+0000] {logging_mixin.py:188} INFO - [2025-07-19T07:52:54.523+0000] {dagbag.py:538} INFO - Filling up the DagBag from /opt/airflow/dags/eda_airflow.py
[2025-07-19T07:52:54.548+0000] {processor.py:840} INFO - DAG(s) 'run_eda_script_fixedddddddddddddd' retrieved from /opt/airflow/dags/eda_airflow.py
[2025-07-19T07:52:54.585+0000] {logging_mixin.py:188} INFO - [2025-07-19T07:52:54.585+0000] {dag.py:3036} INFO - Sync 1 DAGs
[2025-07-19T07:52:54.600+0000] {logging_mixin.py:188} INFO - [2025-07-19T07:52:54.599+0000] {dag.py:3823} INFO - Setting next_dagrun for run_eda_script_fixedddddddddddddd to None, run_after=None
[2025-07-19T07:52:54.628+0000] {processor.py:183} INFO - Processing /opt/airflow/dags/eda_airflow.py took 0.113 seconds
[2025-07-19T07:53:25.403+0000] {processor.py:161} INFO - Started process (PID=5475) to work on /opt/airflow/dags/eda_airflow.py
[2025-07-19T07:53:25.406+0000] {processor.py:830} INFO - Processing file /opt/airflow/dags/eda_airflow.py for tasks to queue
[2025-07-19T07:53:25.408+0000] {logging_mixin.py:188} INFO - [2025-07-19T07:53:25.407+0000] {dagbag.py:538} INFO - Filling up the DagBag from /opt/airflow/dags/eda_airflow.py
[2025-07-19T07:53:25.436+0000] {processor.py:840} INFO - DAG(s) 'run_eda_script_fixedddddddddddddd' retrieved from /opt/airflow/dags/eda_airflow.py
[2025-07-19T07:53:25.481+0000] {logging_mixin.py:188} INFO - [2025-07-19T07:53:25.480+0000] {dag.py:3036} INFO - Sync 1 DAGs
[2025-07-19T07:53:25.494+0000] {logging_mixin.py:188} INFO - [2025-07-19T07:53:25.494+0000] {dag.py:3823} INFO - Setting next_dagrun for run_eda_script_fixedddddddddddddd to None, run_after=None
[2025-07-19T07:53:25.525+0000] {processor.py:183} INFO - Processing /opt/airflow/dags/eda_airflow.py took 0.129 seconds
[2025-07-19T07:53:56.268+0000] {processor.py:161} INFO - Started process (PID=5495) to work on /opt/airflow/dags/eda_airflow.py
[2025-07-19T07:53:56.270+0000] {processor.py:830} INFO - Processing file /opt/airflow/dags/eda_airflow.py for tasks to queue
[2025-07-19T07:53:56.273+0000] {logging_mixin.py:188} INFO - [2025-07-19T07:53:56.272+0000] {dagbag.py:538} INFO - Filling up the DagBag from /opt/airflow/dags/eda_airflow.py
[2025-07-19T07:53:56.303+0000] {processor.py:840} INFO - DAG(s) 'run_eda_script_fixedddddddddddddd' retrieved from /opt/airflow/dags/eda_airflow.py
[2025-07-19T07:53:56.356+0000] {logging_mixin.py:188} INFO - [2025-07-19T07:53:56.356+0000] {dag.py:3036} INFO - Sync 1 DAGs
[2025-07-19T07:53:56.370+0000] {logging_mixin.py:188} INFO - [2025-07-19T07:53:56.370+0000] {dag.py:3823} INFO - Setting next_dagrun for run_eda_script_fixedddddddddddddd to None, run_after=None
[2025-07-19T07:53:56.396+0000] {processor.py:183} INFO - Processing /opt/airflow/dags/eda_airflow.py took 0.134 seconds
[2025-07-19T07:54:27.444+0000] {processor.py:161} INFO - Started process (PID=5525) to work on /opt/airflow/dags/eda_airflow.py
[2025-07-19T07:54:27.445+0000] {processor.py:830} INFO - Processing file /opt/airflow/dags/eda_airflow.py for tasks to queue
[2025-07-19T07:54:27.446+0000] {logging_mixin.py:188} INFO - [2025-07-19T07:54:27.446+0000] {dagbag.py:538} INFO - Filling up the DagBag from /opt/airflow/dags/eda_airflow.py
[2025-07-19T07:54:27.471+0000] {processor.py:840} INFO - DAG(s) 'run_eda_script_fixedddddddddddddd' retrieved from /opt/airflow/dags/eda_airflow.py
[2025-07-19T07:54:27.525+0000] {logging_mixin.py:188} INFO - [2025-07-19T07:54:27.524+0000] {dag.py:3036} INFO - Sync 1 DAGs
[2025-07-19T07:54:27.543+0000] {logging_mixin.py:188} INFO - [2025-07-19T07:54:27.543+0000] {dag.py:3823} INFO - Setting next_dagrun for run_eda_script_fixedddddddddddddd to None, run_after=None
[2025-07-19T07:54:27.577+0000] {processor.py:183} INFO - Processing /opt/airflow/dags/eda_airflow.py took 0.137 seconds
[2025-07-19T07:54:57.736+0000] {processor.py:161} INFO - Started process (PID=5545) to work on /opt/airflow/dags/eda_airflow.py
[2025-07-19T07:54:57.738+0000] {processor.py:830} INFO - Processing file /opt/airflow/dags/eda_airflow.py for tasks to queue
[2025-07-19T07:54:57.740+0000] {logging_mixin.py:188} INFO - [2025-07-19T07:54:57.739+0000] {dagbag.py:538} INFO - Filling up the DagBag from /opt/airflow/dags/eda_airflow.py
[2025-07-19T07:54:57.771+0000] {processor.py:840} INFO - DAG(s) 'run_eda_script_fixedddddddddddddd' retrieved from /opt/airflow/dags/eda_airflow.py
[2025-07-19T07:54:57.816+0000] {logging_mixin.py:188} INFO - [2025-07-19T07:54:57.816+0000] {dag.py:3036} INFO - Sync 1 DAGs
[2025-07-19T07:54:57.833+0000] {logging_mixin.py:188} INFO - [2025-07-19T07:54:57.832+0000] {dag.py:3823} INFO - Setting next_dagrun for run_eda_script_fixedddddddddddddd to None, run_after=None
[2025-07-19T07:54:57.861+0000] {processor.py:183} INFO - Processing /opt/airflow/dags/eda_airflow.py took 0.130 seconds
[2025-07-19T07:55:28.801+0000] {processor.py:161} INFO - Started process (PID=5565) to work on /opt/airflow/dags/eda_airflow.py
[2025-07-19T07:55:28.803+0000] {processor.py:830} INFO - Processing file /opt/airflow/dags/eda_airflow.py for tasks to queue
[2025-07-19T07:55:28.805+0000] {logging_mixin.py:188} INFO - [2025-07-19T07:55:28.804+0000] {dagbag.py:538} INFO - Filling up the DagBag from /opt/airflow/dags/eda_airflow.py
[2025-07-19T07:55:28.834+0000] {processor.py:840} INFO - DAG(s) 'run_eda_script_fixedddddddddddddd' retrieved from /opt/airflow/dags/eda_airflow.py
[2025-07-19T07:55:28.885+0000] {logging_mixin.py:188} INFO - [2025-07-19T07:55:28.885+0000] {dag.py:3036} INFO - Sync 1 DAGs
[2025-07-19T07:55:28.901+0000] {logging_mixin.py:188} INFO - [2025-07-19T07:55:28.900+0000] {dag.py:3823} INFO - Setting next_dagrun for run_eda_script_fixedddddddddddddd to None, run_after=None
[2025-07-19T07:55:28.929+0000] {processor.py:183} INFO - Processing /opt/airflow/dags/eda_airflow.py took 0.132 seconds
[2025-07-19T07:55:59.678+0000] {processor.py:161} INFO - Started process (PID=5585) to work on /opt/airflow/dags/eda_airflow.py
[2025-07-19T07:55:59.680+0000] {processor.py:830} INFO - Processing file /opt/airflow/dags/eda_airflow.py for tasks to queue
[2025-07-19T07:55:59.682+0000] {logging_mixin.py:188} INFO - [2025-07-19T07:55:59.681+0000] {dagbag.py:538} INFO - Filling up the DagBag from /opt/airflow/dags/eda_airflow.py
[2025-07-19T07:55:59.708+0000] {processor.py:840} INFO - DAG(s) 'run_eda_script_fixedddddddddddddd' retrieved from /opt/airflow/dags/eda_airflow.py
[2025-07-19T07:55:59.743+0000] {logging_mixin.py:188} INFO - [2025-07-19T07:55:59.743+0000] {dag.py:3036} INFO - Sync 1 DAGs
[2025-07-19T07:55:59.758+0000] {logging_mixin.py:188} INFO - [2025-07-19T07:55:59.757+0000] {dag.py:3823} INFO - Setting next_dagrun for run_eda_script_fixedddddddddddddd to None, run_after=None
[2025-07-19T07:55:59.789+0000] {processor.py:183} INFO - Processing /opt/airflow/dags/eda_airflow.py took 0.115 seconds
[2025-07-19T07:56:30.461+0000] {processor.py:161} INFO - Started process (PID=5605) to work on /opt/airflow/dags/eda_airflow.py
[2025-07-19T07:56:30.463+0000] {processor.py:830} INFO - Processing file /opt/airflow/dags/eda_airflow.py for tasks to queue
[2025-07-19T07:56:30.465+0000] {logging_mixin.py:188} INFO - [2025-07-19T07:56:30.464+0000] {dagbag.py:538} INFO - Filling up the DagBag from /opt/airflow/dags/eda_airflow.py
[2025-07-19T07:56:30.489+0000] {processor.py:840} INFO - DAG(s) 'run_eda_script_fixedddddddddddddd' retrieved from /opt/airflow/dags/eda_airflow.py
[2025-07-19T07:56:30.524+0000] {logging_mixin.py:188} INFO - [2025-07-19T07:56:30.523+0000] {dag.py:3036} INFO - Sync 1 DAGs
[2025-07-19T07:56:30.538+0000] {logging_mixin.py:188} INFO - [2025-07-19T07:56:30.538+0000] {dag.py:3823} INFO - Setting next_dagrun for run_eda_script_fixedddddddddddddd to None, run_after=None
[2025-07-19T07:56:30.565+0000] {processor.py:183} INFO - Processing /opt/airflow/dags/eda_airflow.py took 0.108 seconds
[2025-07-19T07:57:01.255+0000] {processor.py:161} INFO - Started process (PID=5625) to work on /opt/airflow/dags/eda_airflow.py
[2025-07-19T07:57:01.258+0000] {processor.py:830} INFO - Processing file /opt/airflow/dags/eda_airflow.py for tasks to queue
[2025-07-19T07:57:01.262+0000] {logging_mixin.py:188} INFO - [2025-07-19T07:57:01.261+0000] {dagbag.py:538} INFO - Filling up the DagBag from /opt/airflow/dags/eda_airflow.py
[2025-07-19T07:57:01.295+0000] {processor.py:840} INFO - DAG(s) 'run_eda_script_fixedddddddddddddd' retrieved from /opt/airflow/dags/eda_airflow.py
[2025-07-19T07:57:01.344+0000] {logging_mixin.py:188} INFO - [2025-07-19T07:57:01.344+0000] {dag.py:3036} INFO - Sync 1 DAGs
[2025-07-19T07:57:01.364+0000] {logging_mixin.py:188} INFO - [2025-07-19T07:57:01.364+0000] {dag.py:3823} INFO - Setting next_dagrun for run_eda_script_fixedddddddddddddd to None, run_after=None
[2025-07-19T07:57:01.414+0000] {processor.py:183} INFO - Processing /opt/airflow/dags/eda_airflow.py took 0.168 seconds
[2025-07-19T07:57:32.045+0000] {processor.py:161} INFO - Started process (PID=5645) to work on /opt/airflow/dags/eda_airflow.py
[2025-07-19T07:57:32.047+0000] {processor.py:830} INFO - Processing file /opt/airflow/dags/eda_airflow.py for tasks to queue
[2025-07-19T07:57:32.049+0000] {logging_mixin.py:188} INFO - [2025-07-19T07:57:32.048+0000] {dagbag.py:538} INFO - Filling up the DagBag from /opt/airflow/dags/eda_airflow.py
[2025-07-19T07:57:32.082+0000] {processor.py:840} INFO - DAG(s) 'run_eda_script_fixedddddddddddddd' retrieved from /opt/airflow/dags/eda_airflow.py
[2025-07-19T07:57:32.130+0000] {logging_mixin.py:188} INFO - [2025-07-19T07:57:32.130+0000] {dag.py:3036} INFO - Sync 1 DAGs
[2025-07-19T07:57:32.149+0000] {logging_mixin.py:188} INFO - [2025-07-19T07:57:32.149+0000] {dag.py:3823} INFO - Setting next_dagrun for run_eda_script_fixedddddddddddddd to None, run_after=None
[2025-07-19T07:57:32.185+0000] {processor.py:183} INFO - Processing /opt/airflow/dags/eda_airflow.py took 0.145 seconds
[2025-07-19T07:58:02.841+0000] {processor.py:161} INFO - Started process (PID=5665) to work on /opt/airflow/dags/eda_airflow.py
[2025-07-19T07:58:02.843+0000] {processor.py:830} INFO - Processing file /opt/airflow/dags/eda_airflow.py for tasks to queue
[2025-07-19T07:58:02.844+0000] {logging_mixin.py:188} INFO - [2025-07-19T07:58:02.844+0000] {dagbag.py:538} INFO - Filling up the DagBag from /opt/airflow/dags/eda_airflow.py
[2025-07-19T07:58:02.870+0000] {processor.py:840} INFO - DAG(s) 'run_eda_script_fixedddddddddddddd' retrieved from /opt/airflow/dags/eda_airflow.py
[2025-07-19T07:58:02.907+0000] {logging_mixin.py:188} INFO - [2025-07-19T07:58:02.907+0000] {dag.py:3036} INFO - Sync 1 DAGs
[2025-07-19T07:58:02.924+0000] {logging_mixin.py:188} INFO - [2025-07-19T07:58:02.924+0000] {dag.py:3823} INFO - Setting next_dagrun for run_eda_script_fixedddddddddddddd to None, run_after=None
[2025-07-19T07:58:02.962+0000] {processor.py:183} INFO - Processing /opt/airflow/dags/eda_airflow.py took 0.125 seconds
[2025-07-19T07:58:33.481+0000] {processor.py:161} INFO - Started process (PID=5685) to work on /opt/airflow/dags/eda_airflow.py
[2025-07-19T07:58:33.483+0000] {processor.py:830} INFO - Processing file /opt/airflow/dags/eda_airflow.py for tasks to queue
[2025-07-19T07:58:33.485+0000] {logging_mixin.py:188} INFO - [2025-07-19T07:58:33.484+0000] {dagbag.py:538} INFO - Filling up the DagBag from /opt/airflow/dags/eda_airflow.py
[2025-07-19T07:58:33.514+0000] {processor.py:840} INFO - DAG(s) 'run_eda_script_fixedddddddddddddd' retrieved from /opt/airflow/dags/eda_airflow.py
[2025-07-19T07:58:33.566+0000] {logging_mixin.py:188} INFO - [2025-07-19T07:58:33.566+0000] {dag.py:3036} INFO - Sync 1 DAGs
[2025-07-19T07:58:33.592+0000] {logging_mixin.py:188} INFO - [2025-07-19T07:58:33.592+0000] {dag.py:3823} INFO - Setting next_dagrun for run_eda_script_fixedddddddddddddd to None, run_after=None
[2025-07-19T07:58:33.621+0000] {processor.py:183} INFO - Processing /opt/airflow/dags/eda_airflow.py took 0.144 seconds
[2025-07-19T07:59:04.361+0000] {processor.py:161} INFO - Started process (PID=5705) to work on /opt/airflow/dags/eda_airflow.py
[2025-07-19T07:59:04.363+0000] {processor.py:830} INFO - Processing file /opt/airflow/dags/eda_airflow.py for tasks to queue
[2025-07-19T07:59:04.364+0000] {logging_mixin.py:188} INFO - [2025-07-19T07:59:04.364+0000] {dagbag.py:538} INFO - Filling up the DagBag from /opt/airflow/dags/eda_airflow.py
[2025-07-19T07:59:04.397+0000] {processor.py:840} INFO - DAG(s) 'run_eda_script_fixedddddddddddddd' retrieved from /opt/airflow/dags/eda_airflow.py
[2025-07-19T07:59:04.439+0000] {logging_mixin.py:188} INFO - [2025-07-19T07:59:04.439+0000] {dag.py:3036} INFO - Sync 1 DAGs
[2025-07-19T07:59:04.456+0000] {logging_mixin.py:188} INFO - [2025-07-19T07:59:04.456+0000] {dag.py:3823} INFO - Setting next_dagrun for run_eda_script_fixedddddddddddddd to None, run_after=None
[2025-07-19T07:59:04.506+0000] {processor.py:183} INFO - Processing /opt/airflow/dags/eda_airflow.py took 0.150 seconds
[2025-07-19T07:59:35.037+0000] {processor.py:161} INFO - Started process (PID=5725) to work on /opt/airflow/dags/eda_airflow.py
[2025-07-19T07:59:35.039+0000] {processor.py:830} INFO - Processing file /opt/airflow/dags/eda_airflow.py for tasks to queue
[2025-07-19T07:59:35.040+0000] {logging_mixin.py:188} INFO - [2025-07-19T07:59:35.040+0000] {dagbag.py:538} INFO - Filling up the DagBag from /opt/airflow/dags/eda_airflow.py
[2025-07-19T07:59:35.087+0000] {processor.py:840} INFO - DAG(s) 'run_eda_script_fixedddddddddddddd' retrieved from /opt/airflow/dags/eda_airflow.py
[2025-07-19T07:59:35.130+0000] {logging_mixin.py:188} INFO - [2025-07-19T07:59:35.129+0000] {dag.py:3036} INFO - Sync 1 DAGs
[2025-07-19T07:59:35.154+0000] {logging_mixin.py:188} INFO - [2025-07-19T07:59:35.154+0000] {dag.py:3823} INFO - Setting next_dagrun for run_eda_script_fixedddddddddddddd to None, run_after=None
[2025-07-19T07:59:35.182+0000] {processor.py:183} INFO - Processing /opt/airflow/dags/eda_airflow.py took 0.152 seconds
[2025-07-19T08:00:05.830+0000] {processor.py:161} INFO - Started process (PID=5745) to work on /opt/airflow/dags/eda_airflow.py
[2025-07-19T08:00:05.832+0000] {processor.py:830} INFO - Processing file /opt/airflow/dags/eda_airflow.py for tasks to queue
[2025-07-19T08:00:05.834+0000] {logging_mixin.py:188} INFO - [2025-07-19T08:00:05.833+0000] {dagbag.py:538} INFO - Filling up the DagBag from /opt/airflow/dags/eda_airflow.py
[2025-07-19T08:00:05.865+0000] {processor.py:840} INFO - DAG(s) 'run_eda_script_fixedddddddddddddd' retrieved from /opt/airflow/dags/eda_airflow.py
[2025-07-19T08:00:05.910+0000] {logging_mixin.py:188} INFO - [2025-07-19T08:00:05.910+0000] {dag.py:3036} INFO - Sync 1 DAGs
[2025-07-19T08:00:05.931+0000] {logging_mixin.py:188} INFO - [2025-07-19T08:00:05.931+0000] {dag.py:3823} INFO - Setting next_dagrun for run_eda_script_fixedddddddddddddd to None, run_after=None
[2025-07-19T08:00:05.968+0000] {processor.py:183} INFO - Processing /opt/airflow/dags/eda_airflow.py took 0.143 seconds
[2025-07-19T08:00:36.089+0000] {processor.py:161} INFO - Started process (PID=5765) to work on /opt/airflow/dags/eda_airflow.py
[2025-07-19T08:00:36.091+0000] {processor.py:830} INFO - Processing file /opt/airflow/dags/eda_airflow.py for tasks to queue
[2025-07-19T08:00:36.093+0000] {logging_mixin.py:188} INFO - [2025-07-19T08:00:36.092+0000] {dagbag.py:538} INFO - Filling up the DagBag from /opt/airflow/dags/eda_airflow.py
[2025-07-19T08:00:36.124+0000] {processor.py:840} INFO - DAG(s) 'run_eda_script_fixedddddddddddddd' retrieved from /opt/airflow/dags/eda_airflow.py
[2025-07-19T08:00:36.167+0000] {logging_mixin.py:188} INFO - [2025-07-19T08:00:36.167+0000] {dag.py:3036} INFO - Sync 1 DAGs
[2025-07-19T08:00:36.188+0000] {logging_mixin.py:188} INFO - [2025-07-19T08:00:36.187+0000] {dag.py:3823} INFO - Setting next_dagrun for run_eda_script_fixedddddddddddddd to None, run_after=None
[2025-07-19T08:00:36.220+0000] {processor.py:183} INFO - Processing /opt/airflow/dags/eda_airflow.py took 0.135 seconds
[2025-07-19T08:01:06.978+0000] {processor.py:161} INFO - Started process (PID=5785) to work on /opt/airflow/dags/eda_airflow.py
[2025-07-19T08:01:06.980+0000] {processor.py:830} INFO - Processing file /opt/airflow/dags/eda_airflow.py for tasks to queue
[2025-07-19T08:01:06.981+0000] {logging_mixin.py:188} INFO - [2025-07-19T08:01:06.981+0000] {dagbag.py:538} INFO - Filling up the DagBag from /opt/airflow/dags/eda_airflow.py
[2025-07-19T08:01:07.007+0000] {processor.py:840} INFO - DAG(s) 'run_eda_script_fixedddddddddddddd' retrieved from /opt/airflow/dags/eda_airflow.py
[2025-07-19T08:01:07.045+0000] {logging_mixin.py:188} INFO - [2025-07-19T08:01:07.045+0000] {dag.py:3036} INFO - Sync 1 DAGs
[2025-07-19T08:01:07.060+0000] {logging_mixin.py:188} INFO - [2025-07-19T08:01:07.059+0000] {dag.py:3823} INFO - Setting next_dagrun for run_eda_script_fixedddddddddddddd to None, run_after=None
[2025-07-19T08:01:07.087+0000] {processor.py:183} INFO - Processing /opt/airflow/dags/eda_airflow.py took 0.114 seconds
[2025-07-19T08:01:37.855+0000] {processor.py:161} INFO - Started process (PID=5805) to work on /opt/airflow/dags/eda_airflow.py
[2025-07-19T08:01:37.856+0000] {processor.py:830} INFO - Processing file /opt/airflow/dags/eda_airflow.py for tasks to queue
[2025-07-19T08:01:37.858+0000] {logging_mixin.py:188} INFO - [2025-07-19T08:01:37.858+0000] {dagbag.py:538} INFO - Filling up the DagBag from /opt/airflow/dags/eda_airflow.py
[2025-07-19T08:01:37.889+0000] {processor.py:840} INFO - DAG(s) 'run_eda_script_fixedddddddddddddd' retrieved from /opt/airflow/dags/eda_airflow.py
[2025-07-19T08:01:37.930+0000] {logging_mixin.py:188} INFO - [2025-07-19T08:01:37.929+0000] {dag.py:3036} INFO - Sync 1 DAGs
[2025-07-19T08:01:37.957+0000] {logging_mixin.py:188} INFO - [2025-07-19T08:01:37.956+0000] {dag.py:3823} INFO - Setting next_dagrun for run_eda_script_fixedddddddddddddd to None, run_after=None
[2025-07-19T08:01:37.990+0000] {processor.py:183} INFO - Processing /opt/airflow/dags/eda_airflow.py took 0.140 seconds
[2025-07-19T08:02:08.585+0000] {processor.py:161} INFO - Started process (PID=5825) to work on /opt/airflow/dags/eda_airflow.py
[2025-07-19T08:02:08.587+0000] {processor.py:830} INFO - Processing file /opt/airflow/dags/eda_airflow.py for tasks to queue
[2025-07-19T08:02:08.589+0000] {logging_mixin.py:188} INFO - [2025-07-19T08:02:08.588+0000] {dagbag.py:538} INFO - Filling up the DagBag from /opt/airflow/dags/eda_airflow.py
[2025-07-19T08:02:08.624+0000] {processor.py:840} INFO - DAG(s) 'run_eda_script_fixedddddddddddddd' retrieved from /opt/airflow/dags/eda_airflow.py
[2025-07-19T08:02:08.665+0000] {logging_mixin.py:188} INFO - [2025-07-19T08:02:08.665+0000] {dag.py:3036} INFO - Sync 1 DAGs
[2025-07-19T08:02:08.681+0000] {logging_mixin.py:188} INFO - [2025-07-19T08:02:08.681+0000] {dag.py:3823} INFO - Setting next_dagrun for run_eda_script_fixedddddddddddddd to None, run_after=None
[2025-07-19T08:02:08.713+0000] {processor.py:183} INFO - Processing /opt/airflow/dags/eda_airflow.py took 0.133 seconds
[2025-07-19T08:02:39.334+0000] {processor.py:161} INFO - Started process (PID=5845) to work on /opt/airflow/dags/eda_airflow.py
[2025-07-19T08:02:39.336+0000] {processor.py:830} INFO - Processing file /opt/airflow/dags/eda_airflow.py for tasks to queue
[2025-07-19T08:02:39.337+0000] {logging_mixin.py:188} INFO - [2025-07-19T08:02:39.337+0000] {dagbag.py:538} INFO - Filling up the DagBag from /opt/airflow/dags/eda_airflow.py
[2025-07-19T08:02:39.368+0000] {processor.py:840} INFO - DAG(s) 'run_eda_script_fixedddddddddddddd' retrieved from /opt/airflow/dags/eda_airflow.py
[2025-07-19T08:02:39.411+0000] {logging_mixin.py:188} INFO - [2025-07-19T08:02:39.411+0000] {dag.py:3036} INFO - Sync 1 DAGs
[2025-07-19T08:02:39.431+0000] {logging_mixin.py:188} INFO - [2025-07-19T08:02:39.431+0000] {dag.py:3823} INFO - Setting next_dagrun for run_eda_script_fixedddddddddddddd to None, run_after=None
[2025-07-19T08:02:39.463+0000] {processor.py:183} INFO - Processing /opt/airflow/dags/eda_airflow.py took 0.134 seconds
[2025-07-19T08:03:10.020+0000] {processor.py:161} INFO - Started process (PID=5865) to work on /opt/airflow/dags/eda_airflow.py
[2025-07-19T08:03:10.022+0000] {processor.py:830} INFO - Processing file /opt/airflow/dags/eda_airflow.py for tasks to queue
[2025-07-19T08:03:10.024+0000] {logging_mixin.py:188} INFO - [2025-07-19T08:03:10.024+0000] {dagbag.py:538} INFO - Filling up the DagBag from /opt/airflow/dags/eda_airflow.py
[2025-07-19T08:03:10.054+0000] {processor.py:840} INFO - DAG(s) 'run_eda_script_fixedddddddddddddd' retrieved from /opt/airflow/dags/eda_airflow.py
[2025-07-19T08:03:10.095+0000] {logging_mixin.py:188} INFO - [2025-07-19T08:03:10.095+0000] {dag.py:3036} INFO - Sync 1 DAGs
[2025-07-19T08:03:10.113+0000] {logging_mixin.py:188} INFO - [2025-07-19T08:03:10.113+0000] {dag.py:3823} INFO - Setting next_dagrun for run_eda_script_fixedddddddddddddd to None, run_after=None
[2025-07-19T08:03:14.716+0000] {processor.py:183} INFO - Processing /opt/airflow/dags/eda_airflow.py took 4.702 seconds
[2025-07-19T08:03:44.842+0000] {processor.py:161} INFO - Started process (PID=5885) to work on /opt/airflow/dags/eda_airflow.py
[2025-07-19T08:03:44.844+0000] {processor.py:830} INFO - Processing file /opt/airflow/dags/eda_airflow.py for tasks to queue
[2025-07-19T08:03:44.846+0000] {logging_mixin.py:188} INFO - [2025-07-19T08:03:44.846+0000] {dagbag.py:538} INFO - Filling up the DagBag from /opt/airflow/dags/eda_airflow.py
[2025-07-19T08:03:44.883+0000] {processor.py:840} INFO - DAG(s) 'run_eda_script_fixedddddddddddddd' retrieved from /opt/airflow/dags/eda_airflow.py
[2025-07-19T08:03:44.937+0000] {logging_mixin.py:188} INFO - [2025-07-19T08:03:44.936+0000] {dag.py:3036} INFO - Sync 1 DAGs
[2025-07-19T08:03:44.959+0000] {logging_mixin.py:188} INFO - [2025-07-19T08:03:44.958+0000] {dag.py:3823} INFO - Setting next_dagrun for run_eda_script_fixedddddddddddddd to None, run_after=None
[2025-07-19T08:03:44.995+0000] {processor.py:183} INFO - Processing /opt/airflow/dags/eda_airflow.py took 0.159 seconds
[2025-07-19T08:04:15.667+0000] {processor.py:161} INFO - Started process (PID=5905) to work on /opt/airflow/dags/eda_airflow.py
[2025-07-19T08:04:15.668+0000] {processor.py:830} INFO - Processing file /opt/airflow/dags/eda_airflow.py for tasks to queue
[2025-07-19T08:04:15.670+0000] {logging_mixin.py:188} INFO - [2025-07-19T08:04:15.670+0000] {dagbag.py:538} INFO - Filling up the DagBag from /opt/airflow/dags/eda_airflow.py
[2025-07-19T08:04:15.700+0000] {processor.py:840} INFO - DAG(s) 'run_eda_script_fixedddddddddddddd' retrieved from /opt/airflow/dags/eda_airflow.py
[2025-07-19T08:04:15.734+0000] {logging_mixin.py:188} INFO - [2025-07-19T08:04:15.734+0000] {dag.py:3036} INFO - Sync 1 DAGs
[2025-07-19T08:04:15.748+0000] {logging_mixin.py:188} INFO - [2025-07-19T08:04:15.748+0000] {dag.py:3823} INFO - Setting next_dagrun for run_eda_script_fixedddddddddddddd to None, run_after=None
[2025-07-19T08:04:15.773+0000] {processor.py:183} INFO - Processing /opt/airflow/dags/eda_airflow.py took 0.111 seconds
[2025-07-19T08:04:46.466+0000] {processor.py:161} INFO - Started process (PID=5925) to work on /opt/airflow/dags/eda_airflow.py
[2025-07-19T08:04:46.467+0000] {processor.py:830} INFO - Processing file /opt/airflow/dags/eda_airflow.py for tasks to queue
[2025-07-19T08:04:46.469+0000] {logging_mixin.py:188} INFO - [2025-07-19T08:04:46.468+0000] {dagbag.py:538} INFO - Filling up the DagBag from /opt/airflow/dags/eda_airflow.py
[2025-07-19T08:04:46.502+0000] {processor.py:840} INFO - DAG(s) 'run_eda_script_fixedddddddddddddd' retrieved from /opt/airflow/dags/eda_airflow.py
[2025-07-19T08:04:46.547+0000] {logging_mixin.py:188} INFO - [2025-07-19T08:04:46.547+0000] {dag.py:3036} INFO - Sync 1 DAGs
[2025-07-19T08:04:46.568+0000] {logging_mixin.py:188} INFO - [2025-07-19T08:04:46.567+0000] {dag.py:3823} INFO - Setting next_dagrun for run_eda_script_fixedddddddddddddd to None, run_after=None
[2025-07-19T08:04:46.603+0000] {processor.py:183} INFO - Processing /opt/airflow/dags/eda_airflow.py took 0.141 seconds
[2025-07-19T08:05:17.168+0000] {processor.py:161} INFO - Started process (PID=5948) to work on /opt/airflow/dags/eda_airflow.py
[2025-07-19T08:05:17.171+0000] {processor.py:830} INFO - Processing file /opt/airflow/dags/eda_airflow.py for tasks to queue
[2025-07-19T08:05:17.175+0000] {logging_mixin.py:188} INFO - [2025-07-19T08:05:17.174+0000] {dagbag.py:538} INFO - Filling up the DagBag from /opt/airflow/dags/eda_airflow.py
[2025-07-19T08:05:17.242+0000] {processor.py:840} INFO - DAG(s) 'run_eda_script_fixedddddddddddddd' retrieved from /opt/airflow/dags/eda_airflow.py
[2025-07-19T08:05:17.292+0000] {logging_mixin.py:188} INFO - [2025-07-19T08:05:17.291+0000] {dag.py:3036} INFO - Sync 1 DAGs
[2025-07-19T08:05:17.311+0000] {logging_mixin.py:188} INFO - [2025-07-19T08:05:17.310+0000] {dag.py:3823} INFO - Setting next_dagrun for run_eda_script_fixedddddddddddddd to None, run_after=None
[2025-07-19T08:05:17.344+0000] {processor.py:183} INFO - Processing /opt/airflow/dags/eda_airflow.py took 0.184 seconds
[2025-07-19T08:05:47.863+0000] {processor.py:161} INFO - Started process (PID=5970) to work on /opt/airflow/dags/eda_airflow.py
[2025-07-19T08:05:47.865+0000] {processor.py:830} INFO - Processing file /opt/airflow/dags/eda_airflow.py for tasks to queue
[2025-07-19T08:05:47.867+0000] {logging_mixin.py:188} INFO - [2025-07-19T08:05:47.866+0000] {dagbag.py:538} INFO - Filling up the DagBag from /opt/airflow/dags/eda_airflow.py
[2025-07-19T08:05:47.917+0000] {processor.py:840} INFO - DAG(s) 'run_eda_script_fixedddddddddddddd' retrieved from /opt/airflow/dags/eda_airflow.py
[2025-07-19T08:05:47.963+0000] {logging_mixin.py:188} INFO - [2025-07-19T08:05:47.962+0000] {dag.py:3036} INFO - Sync 1 DAGs
[2025-07-19T08:05:47.979+0000] {logging_mixin.py:188} INFO - [2025-07-19T08:05:47.979+0000] {dag.py:3823} INFO - Setting next_dagrun for run_eda_script_fixedddddddddddddd to None, run_after=None
[2025-07-19T08:05:48.015+0000] {processor.py:183} INFO - Processing /opt/airflow/dags/eda_airflow.py took 0.158 seconds
[2025-07-19T08:06:19.039+0000] {processor.py:161} INFO - Started process (PID=5990) to work on /opt/airflow/dags/eda_airflow.py
[2025-07-19T08:06:19.041+0000] {processor.py:830} INFO - Processing file /opt/airflow/dags/eda_airflow.py for tasks to queue
[2025-07-19T08:06:19.042+0000] {logging_mixin.py:188} INFO - [2025-07-19T08:06:19.042+0000] {dagbag.py:538} INFO - Filling up the DagBag from /opt/airflow/dags/eda_airflow.py
[2025-07-19T08:06:19.091+0000] {processor.py:840} INFO - DAG(s) 'run_eda_script_fixedddddddddddddd' retrieved from /opt/airflow/dags/eda_airflow.py
[2025-07-19T08:06:19.128+0000] {logging_mixin.py:188} INFO - [2025-07-19T08:06:19.127+0000] {dag.py:3036} INFO - Sync 1 DAGs
[2025-07-19T08:06:19.144+0000] {logging_mixin.py:188} INFO - [2025-07-19T08:06:19.143+0000] {dag.py:3823} INFO - Setting next_dagrun for run_eda_script_fixedddddddddddddd to None, run_after=None
[2025-07-19T08:06:19.174+0000] {processor.py:183} INFO - Processing /opt/airflow/dags/eda_airflow.py took 0.139 seconds
[2025-07-19T08:06:50.073+0000] {processor.py:161} INFO - Started process (PID=6010) to work on /opt/airflow/dags/eda_airflow.py
[2025-07-19T08:06:50.075+0000] {processor.py:830} INFO - Processing file /opt/airflow/dags/eda_airflow.py for tasks to queue
[2025-07-19T08:06:50.076+0000] {logging_mixin.py:188} INFO - [2025-07-19T08:06:50.076+0000] {dagbag.py:538} INFO - Filling up the DagBag from /opt/airflow/dags/eda_airflow.py
[2025-07-19T08:06:50.109+0000] {processor.py:840} INFO - DAG(s) 'run_eda_script_fixedddddddddddddd' retrieved from /opt/airflow/dags/eda_airflow.py
[2025-07-19T08:06:50.150+0000] {logging_mixin.py:188} INFO - [2025-07-19T08:06:50.150+0000] {dag.py:3036} INFO - Sync 1 DAGs
[2025-07-19T08:06:50.171+0000] {logging_mixin.py:188} INFO - [2025-07-19T08:06:50.170+0000] {dag.py:3823} INFO - Setting next_dagrun for run_eda_script_fixedddddddddddddd to None, run_after=None
[2025-07-19T08:06:50.205+0000] {processor.py:183} INFO - Processing /opt/airflow/dags/eda_airflow.py took 0.138 seconds
[2025-07-19T08:07:21.137+0000] {processor.py:161} INFO - Started process (PID=6030) to work on /opt/airflow/dags/eda_airflow.py
[2025-07-19T08:07:21.140+0000] {processor.py:830} INFO - Processing file /opt/airflow/dags/eda_airflow.py for tasks to queue
[2025-07-19T08:07:21.141+0000] {logging_mixin.py:188} INFO - [2025-07-19T08:07:21.141+0000] {dagbag.py:538} INFO - Filling up the DagBag from /opt/airflow/dags/eda_airflow.py
[2025-07-19T08:07:21.205+0000] {processor.py:840} INFO - DAG(s) 'run_eda_script_fixedddddddddddddd' retrieved from /opt/airflow/dags/eda_airflow.py
[2025-07-19T08:07:21.264+0000] {logging_mixin.py:188} INFO - [2025-07-19T08:07:21.264+0000] {dag.py:3036} INFO - Sync 1 DAGs
[2025-07-19T08:07:21.284+0000] {logging_mixin.py:188} INFO - [2025-07-19T08:07:21.283+0000] {dag.py:3823} INFO - Setting next_dagrun for run_eda_script_fixedddddddddddddd to None, run_after=None
[2025-07-19T08:07:21.328+0000] {processor.py:183} INFO - Processing /opt/airflow/dags/eda_airflow.py took 0.197 seconds
[2025-07-19T08:07:52.140+0000] {processor.py:161} INFO - Started process (PID=6050) to work on /opt/airflow/dags/eda_airflow.py
[2025-07-19T08:07:52.142+0000] {processor.py:830} INFO - Processing file /opt/airflow/dags/eda_airflow.py for tasks to queue
[2025-07-19T08:07:52.144+0000] {logging_mixin.py:188} INFO - [2025-07-19T08:07:52.144+0000] {dagbag.py:538} INFO - Filling up the DagBag from /opt/airflow/dags/eda_airflow.py
[2025-07-19T08:07:52.189+0000] {processor.py:840} INFO - DAG(s) 'run_eda_script_fixedddddddddddddd' retrieved from /opt/airflow/dags/eda_airflow.py
[2025-07-19T08:07:52.238+0000] {logging_mixin.py:188} INFO - [2025-07-19T08:07:52.237+0000] {dag.py:3036} INFO - Sync 1 DAGs
[2025-07-19T08:07:52.254+0000] {logging_mixin.py:188} INFO - [2025-07-19T08:07:52.254+0000] {dag.py:3823} INFO - Setting next_dagrun for run_eda_script_fixedddddddddddddd to None, run_after=None
[2025-07-19T08:07:52.296+0000] {processor.py:183} INFO - Processing /opt/airflow/dags/eda_airflow.py took 0.161 seconds
[2025-07-19T08:08:22.996+0000] {processor.py:161} INFO - Started process (PID=6070) to work on /opt/airflow/dags/eda_airflow.py
[2025-07-19T08:08:22.998+0000] {processor.py:830} INFO - Processing file /opt/airflow/dags/eda_airflow.py for tasks to queue
[2025-07-19T08:08:23.000+0000] {logging_mixin.py:188} INFO - [2025-07-19T08:08:22.999+0000] {dagbag.py:538} INFO - Filling up the DagBag from /opt/airflow/dags/eda_airflow.py
[2025-07-19T08:08:23.032+0000] {processor.py:840} INFO - DAG(s) 'run_eda_script_fixedddddddddddddd' retrieved from /opt/airflow/dags/eda_airflow.py
[2025-07-19T08:08:23.083+0000] {logging_mixin.py:188} INFO - [2025-07-19T08:08:23.082+0000] {dag.py:3036} INFO - Sync 1 DAGs
[2025-07-19T08:08:23.105+0000] {logging_mixin.py:188} INFO - [2025-07-19T08:08:23.105+0000] {dag.py:3823} INFO - Setting next_dagrun for run_eda_script_fixedddddddddddddd to None, run_after=None
[2025-07-19T08:08:23.150+0000] {processor.py:183} INFO - Processing /opt/airflow/dags/eda_airflow.py took 0.159 seconds
[2025-07-19T08:08:54.014+0000] {processor.py:161} INFO - Started process (PID=6090) to work on /opt/airflow/dags/eda_airflow.py
[2025-07-19T08:08:54.016+0000] {processor.py:830} INFO - Processing file /opt/airflow/dags/eda_airflow.py for tasks to queue
[2025-07-19T08:08:54.018+0000] {logging_mixin.py:188} INFO - [2025-07-19T08:08:54.017+0000] {dagbag.py:538} INFO - Filling up the DagBag from /opt/airflow/dags/eda_airflow.py
[2025-07-19T08:08:54.050+0000] {processor.py:840} INFO - DAG(s) 'run_eda_script_fixedddddddddddddd' retrieved from /opt/airflow/dags/eda_airflow.py
[2025-07-19T08:08:54.095+0000] {logging_mixin.py:188} INFO - [2025-07-19T08:08:54.094+0000] {dag.py:3036} INFO - Sync 1 DAGs
[2025-07-19T08:08:54.113+0000] {logging_mixin.py:188} INFO - [2025-07-19T08:08:54.113+0000] {dag.py:3823} INFO - Setting next_dagrun for run_eda_script_fixedddddddddddddd to None, run_after=None
[2025-07-19T08:08:54.141+0000] {processor.py:183} INFO - Processing /opt/airflow/dags/eda_airflow.py took 0.131 seconds
[2025-07-19T08:09:24.716+0000] {processor.py:161} INFO - Started process (PID=6110) to work on /opt/airflow/dags/eda_airflow.py
[2025-07-19T08:09:24.718+0000] {processor.py:830} INFO - Processing file /opt/airflow/dags/eda_airflow.py for tasks to queue
[2025-07-19T08:09:24.721+0000] {logging_mixin.py:188} INFO - [2025-07-19T08:09:24.720+0000] {dagbag.py:538} INFO - Filling up the DagBag from /opt/airflow/dags/eda_airflow.py
[2025-07-19T08:09:24.753+0000] {processor.py:840} INFO - DAG(s) 'run_eda_script_fixedddddddddddddd' retrieved from /opt/airflow/dags/eda_airflow.py
[2025-07-19T08:09:24.816+0000] {logging_mixin.py:188} INFO - [2025-07-19T08:09:24.815+0000] {dag.py:3036} INFO - Sync 1 DAGs
[2025-07-19T08:09:24.837+0000] {logging_mixin.py:188} INFO - [2025-07-19T08:09:24.836+0000] {dag.py:3823} INFO - Setting next_dagrun for run_eda_script_fixedddddddddddddd to None, run_after=None
[2025-07-19T08:09:24.866+0000] {processor.py:183} INFO - Processing /opt/airflow/dags/eda_airflow.py took 0.155 seconds
[2025-07-19T08:09:55.363+0000] {processor.py:161} INFO - Started process (PID=6130) to work on /opt/airflow/dags/eda_airflow.py
[2025-07-19T08:09:55.365+0000] {processor.py:830} INFO - Processing file /opt/airflow/dags/eda_airflow.py for tasks to queue
[2025-07-19T08:09:55.367+0000] {logging_mixin.py:188} INFO - [2025-07-19T08:09:55.366+0000] {dagbag.py:538} INFO - Filling up the DagBag from /opt/airflow/dags/eda_airflow.py
[2025-07-19T08:09:55.398+0000] {processor.py:840} INFO - DAG(s) 'run_eda_script_fixedddddddddddddd' retrieved from /opt/airflow/dags/eda_airflow.py
[2025-07-19T08:09:55.442+0000] {logging_mixin.py:188} INFO - [2025-07-19T08:09:55.442+0000] {dag.py:3036} INFO - Sync 1 DAGs
[2025-07-19T08:09:55.461+0000] {logging_mixin.py:188} INFO - [2025-07-19T08:09:55.461+0000] {dag.py:3823} INFO - Setting next_dagrun for run_eda_script_fixedddddddddddddd to None, run_after=None
[2025-07-19T08:09:55.501+0000] {processor.py:183} INFO - Processing /opt/airflow/dags/eda_airflow.py took 0.143 seconds
[2025-07-19T08:10:26.466+0000] {processor.py:161} INFO - Started process (PID=6150) to work on /opt/airflow/dags/eda_airflow.py
[2025-07-19T08:10:26.469+0000] {processor.py:830} INFO - Processing file /opt/airflow/dags/eda_airflow.py for tasks to queue
[2025-07-19T08:10:26.473+0000] {logging_mixin.py:188} INFO - [2025-07-19T08:10:26.472+0000] {dagbag.py:538} INFO - Filling up the DagBag from /opt/airflow/dags/eda_airflow.py
[2025-07-19T08:10:26.505+0000] {processor.py:840} INFO - DAG(s) 'run_eda_script_fixedddddddddddddd' retrieved from /opt/airflow/dags/eda_airflow.py
[2025-07-19T08:10:26.542+0000] {logging_mixin.py:188} INFO - [2025-07-19T08:10:26.542+0000] {dag.py:3036} INFO - Sync 1 DAGs
[2025-07-19T08:10:26.559+0000] {logging_mixin.py:188} INFO - [2025-07-19T08:10:26.558+0000] {dag.py:3823} INFO - Setting next_dagrun for run_eda_script_fixedddddddddddddd to None, run_after=None
[2025-07-19T08:10:26.592+0000] {processor.py:183} INFO - Processing /opt/airflow/dags/eda_airflow.py took 0.131 seconds
[2025-07-19T08:10:56.715+0000] {processor.py:161} INFO - Started process (PID=6170) to work on /opt/airflow/dags/eda_airflow.py
[2025-07-19T08:10:56.717+0000] {processor.py:830} INFO - Processing file /opt/airflow/dags/eda_airflow.py for tasks to queue
[2025-07-19T08:10:56.718+0000] {logging_mixin.py:188} INFO - [2025-07-19T08:10:56.718+0000] {dagbag.py:538} INFO - Filling up the DagBag from /opt/airflow/dags/eda_airflow.py
[2025-07-19T08:10:56.746+0000] {processor.py:840} INFO - DAG(s) 'run_eda_script_fixedddddddddddddd' retrieved from /opt/airflow/dags/eda_airflow.py
[2025-07-19T08:10:56.788+0000] {logging_mixin.py:188} INFO - [2025-07-19T08:10:56.788+0000] {dag.py:3036} INFO - Sync 1 DAGs
[2025-07-19T08:10:56.804+0000] {logging_mixin.py:188} INFO - [2025-07-19T08:10:56.803+0000] {dag.py:3823} INFO - Setting next_dagrun for run_eda_script_fixedddddddddddddd to None, run_after=None
[2025-07-19T08:10:56.834+0000] {processor.py:183} INFO - Processing /opt/airflow/dags/eda_airflow.py took 0.125 seconds
[2025-07-19T08:11:27.822+0000] {processor.py:161} INFO - Started process (PID=6193) to work on /opt/airflow/dags/eda_airflow.py
[2025-07-19T08:11:27.824+0000] {processor.py:830} INFO - Processing file /opt/airflow/dags/eda_airflow.py for tasks to queue
[2025-07-19T08:11:27.827+0000] {logging_mixin.py:188} INFO - [2025-07-19T08:11:27.826+0000] {dagbag.py:538} INFO - Filling up the DagBag from /opt/airflow/dags/eda_airflow.py
[2025-07-19T08:11:27.861+0000] {processor.py:840} INFO - DAG(s) 'run_eda_script_fixedddddddddddddd' retrieved from /opt/airflow/dags/eda_airflow.py
[2025-07-19T08:11:27.907+0000] {logging_mixin.py:188} INFO - [2025-07-19T08:11:27.907+0000] {dag.py:3036} INFO - Sync 1 DAGs
[2025-07-19T08:11:27.927+0000] {logging_mixin.py:188} INFO - [2025-07-19T08:11:27.927+0000] {dag.py:3823} INFO - Setting next_dagrun for run_eda_script_fixedddddddddddddd to None, run_after=None
[2025-07-19T08:11:28.212+0000] {processor.py:183} INFO - Processing /opt/airflow/dags/eda_airflow.py took 0.400 seconds
[2025-07-19T08:11:58.583+0000] {processor.py:161} INFO - Started process (PID=6215) to work on /opt/airflow/dags/eda_airflow.py
[2025-07-19T08:11:58.586+0000] {processor.py:830} INFO - Processing file /opt/airflow/dags/eda_airflow.py for tasks to queue
[2025-07-19T08:11:58.588+0000] {logging_mixin.py:188} INFO - [2025-07-19T08:11:58.587+0000] {dagbag.py:538} INFO - Filling up the DagBag from /opt/airflow/dags/eda_airflow.py
[2025-07-19T08:11:58.659+0000] {processor.py:840} INFO - DAG(s) 'run_eda_script_fixedddddddddddddd' retrieved from /opt/airflow/dags/eda_airflow.py
[2025-07-19T08:11:58.713+0000] {logging_mixin.py:188} INFO - [2025-07-19T08:11:58.713+0000] {dag.py:3036} INFO - Sync 1 DAGs
[2025-07-19T08:11:58.745+0000] {logging_mixin.py:188} INFO - [2025-07-19T08:11:58.744+0000] {dag.py:3823} INFO - Setting next_dagrun for run_eda_script_fixedddddddddddddd to None, run_after=None
[2025-07-19T08:11:58.783+0000] {processor.py:183} INFO - Processing /opt/airflow/dags/eda_airflow.py took 0.206 seconds
[2025-07-19T08:12:29.131+0000] {processor.py:161} INFO - Started process (PID=6235) to work on /opt/airflow/dags/eda_airflow.py
[2025-07-19T08:12:29.136+0000] {processor.py:830} INFO - Processing file /opt/airflow/dags/eda_airflow.py for tasks to queue
[2025-07-19T08:12:29.140+0000] {logging_mixin.py:188} INFO - [2025-07-19T08:12:29.139+0000] {dagbag.py:538} INFO - Filling up the DagBag from /opt/airflow/dags/eda_airflow.py
[2025-07-19T08:12:29.249+0000] {processor.py:840} INFO - DAG(s) 'run_eda_script_fixedddddddddddddd' retrieved from /opt/airflow/dags/eda_airflow.py
[2025-07-19T08:12:29.306+0000] {logging_mixin.py:188} INFO - [2025-07-19T08:12:29.305+0000] {dag.py:3036} INFO - Sync 1 DAGs
[2025-07-19T08:12:29.339+0000] {logging_mixin.py:188} INFO - [2025-07-19T08:12:29.338+0000] {dag.py:3823} INFO - Setting next_dagrun for run_eda_script_fixedddddddddddddd to None, run_after=None
[2025-07-19T08:12:29.390+0000] {processor.py:183} INFO - Processing /opt/airflow/dags/eda_airflow.py took 0.273 seconds
[2025-07-19T08:13:00.420+0000] {processor.py:161} INFO - Started process (PID=6255) to work on /opt/airflow/dags/eda_airflow.py
[2025-07-19T08:13:00.430+0000] {processor.py:830} INFO - Processing file /opt/airflow/dags/eda_airflow.py for tasks to queue
[2025-07-19T08:13:00.433+0000] {logging_mixin.py:188} INFO - [2025-07-19T08:13:00.432+0000] {dagbag.py:538} INFO - Filling up the DagBag from /opt/airflow/dags/eda_airflow.py
[2025-07-19T08:13:00.747+0000] {processor.py:840} INFO - DAG(s) 'run_eda_script_fixedddddddddddddd' retrieved from /opt/airflow/dags/eda_airflow.py
[2025-07-19T08:13:00.816+0000] {logging_mixin.py:188} INFO - [2025-07-19T08:13:00.816+0000] {dag.py:3036} INFO - Sync 1 DAGs
[2025-07-19T08:13:00.855+0000] {logging_mixin.py:188} INFO - [2025-07-19T08:13:00.854+0000] {dag.py:3823} INFO - Setting next_dagrun for run_eda_script_fixedddddddddddddd to None, run_after=None
[2025-07-19T08:13:00.904+0000] {processor.py:183} INFO - Processing /opt/airflow/dags/eda_airflow.py took 0.492 seconds
[2025-07-19T08:13:31.307+0000] {processor.py:161} INFO - Started process (PID=6275) to work on /opt/airflow/dags/eda_airflow.py
[2025-07-19T08:13:31.309+0000] {processor.py:830} INFO - Processing file /opt/airflow/dags/eda_airflow.py for tasks to queue
[2025-07-19T08:13:31.353+0000] {logging_mixin.py:188} INFO - [2025-07-19T08:13:31.352+0000] {dagbag.py:538} INFO - Filling up the DagBag from /opt/airflow/dags/eda_airflow.py
[2025-07-19T08:13:31.532+0000] {processor.py:840} INFO - DAG(s) 'run_eda_script_fixedddddddddddddd' retrieved from /opt/airflow/dags/eda_airflow.py
[2025-07-19T08:13:31.587+0000] {logging_mixin.py:188} INFO - [2025-07-19T08:13:31.587+0000] {dag.py:3036} INFO - Sync 1 DAGs
[2025-07-19T08:13:31.613+0000] {logging_mixin.py:188} INFO - [2025-07-19T08:13:31.612+0000] {dag.py:3823} INFO - Setting next_dagrun for run_eda_script_fixedddddddddddddd to None, run_after=None
[2025-07-19T08:13:31.662+0000] {processor.py:183} INFO - Processing /opt/airflow/dags/eda_airflow.py took 0.361 seconds
[2025-07-19T08:14:02.543+0000] {processor.py:161} INFO - Started process (PID=6295) to work on /opt/airflow/dags/eda_airflow.py
[2025-07-19T08:14:02.545+0000] {processor.py:830} INFO - Processing file /opt/airflow/dags/eda_airflow.py for tasks to queue
[2025-07-19T08:14:02.547+0000] {logging_mixin.py:188} INFO - [2025-07-19T08:14:02.546+0000] {dagbag.py:538} INFO - Filling up the DagBag from /opt/airflow/dags/eda_airflow.py
[2025-07-19T08:14:02.874+0000] {processor.py:840} INFO - DAG(s) 'run_eda_script_fixedddddddddddddd' retrieved from /opt/airflow/dags/eda_airflow.py
[2025-07-19T08:14:02.956+0000] {logging_mixin.py:188} INFO - [2025-07-19T08:14:02.955+0000] {dag.py:3036} INFO - Sync 1 DAGs
[2025-07-19T08:14:02.978+0000] {logging_mixin.py:188} INFO - [2025-07-19T08:14:02.978+0000] {dag.py:3823} INFO - Setting next_dagrun for run_eda_script_fixedddddddddddddd to None, run_after=None
[2025-07-19T08:14:03.073+0000] {processor.py:183} INFO - Processing /opt/airflow/dags/eda_airflow.py took 0.535 seconds
[2025-07-19T08:14:33.637+0000] {processor.py:161} INFO - Started process (PID=6315) to work on /opt/airflow/dags/eda_airflow.py
[2025-07-19T08:14:33.639+0000] {processor.py:830} INFO - Processing file /opt/airflow/dags/eda_airflow.py for tasks to queue
[2025-07-19T08:14:33.640+0000] {logging_mixin.py:188} INFO - [2025-07-19T08:14:33.640+0000] {dagbag.py:538} INFO - Filling up the DagBag from /opt/airflow/dags/eda_airflow.py
[2025-07-19T08:14:33.767+0000] {processor.py:840} INFO - DAG(s) 'run_eda_script_fixedddddddddddddd' retrieved from /opt/airflow/dags/eda_airflow.py
[2025-07-19T08:14:33.837+0000] {logging_mixin.py:188} INFO - [2025-07-19T08:14:33.837+0000] {dag.py:3036} INFO - Sync 1 DAGs
[2025-07-19T08:14:33.855+0000] {logging_mixin.py:188} INFO - [2025-07-19T08:14:33.855+0000] {dag.py:3823} INFO - Setting next_dagrun for run_eda_script_fixedddddddddddddd to None, run_after=None
[2025-07-19T08:15:21.508+0000] {processor.py:183} INFO - Processing /opt/airflow/dags/eda_airflow.py took 47.880 seconds
[2025-07-19T08:15:52.325+0000] {processor.py:161} INFO - Started process (PID=6350) to work on /opt/airflow/dags/eda_airflow.py
[2025-07-19T08:15:52.327+0000] {processor.py:830} INFO - Processing file /opt/airflow/dags/eda_airflow.py for tasks to queue
[2025-07-19T08:15:52.328+0000] {logging_mixin.py:188} INFO - [2025-07-19T08:15:52.328+0000] {dagbag.py:538} INFO - Filling up the DagBag from /opt/airflow/dags/eda_airflow.py
[2025-07-19T08:15:52.380+0000] {processor.py:840} INFO - DAG(s) 'run_eda_script_fixedddddddddddddd' retrieved from /opt/airflow/dags/eda_airflow.py
[2025-07-19T08:15:52.430+0000] {logging_mixin.py:188} INFO - [2025-07-19T08:15:52.430+0000] {dag.py:3036} INFO - Sync 1 DAGs
[2025-07-19T08:15:52.448+0000] {logging_mixin.py:188} INFO - [2025-07-19T08:15:52.447+0000] {dag.py:3823} INFO - Setting next_dagrun for run_eda_script_fixedddddddddddddd to None, run_after=None
[2025-07-19T08:15:52.479+0000] {processor.py:183} INFO - Processing /opt/airflow/dags/eda_airflow.py took 0.159 seconds
[2025-07-19T08:16:23.100+0000] {processor.py:161} INFO - Started process (PID=6370) to work on /opt/airflow/dags/eda_airflow.py
[2025-07-19T08:16:23.102+0000] {processor.py:830} INFO - Processing file /opt/airflow/dags/eda_airflow.py for tasks to queue
[2025-07-19T08:16:23.105+0000] {logging_mixin.py:188} INFO - [2025-07-19T08:16:23.104+0000] {dagbag.py:538} INFO - Filling up the DagBag from /opt/airflow/dags/eda_airflow.py
[2025-07-19T08:16:23.194+0000] {processor.py:840} INFO - DAG(s) 'run_eda_script_fixedddddddddddddd' retrieved from /opt/airflow/dags/eda_airflow.py
[2025-07-19T08:16:23.264+0000] {logging_mixin.py:188} INFO - [2025-07-19T08:16:23.264+0000] {dag.py:3036} INFO - Sync 1 DAGs
[2025-07-19T08:16:23.281+0000] {logging_mixin.py:188} INFO - [2025-07-19T08:16:23.281+0000] {dag.py:3823} INFO - Setting next_dagrun for run_eda_script_fixedddddddddddddd to None, run_after=None
[2025-07-19T08:16:23.315+0000] {processor.py:183} INFO - Processing /opt/airflow/dags/eda_airflow.py took 0.221 seconds
[2025-07-19T08:16:53.798+0000] {processor.py:161} INFO - Started process (PID=6390) to work on /opt/airflow/dags/eda_airflow.py
[2025-07-19T08:16:53.801+0000] {processor.py:830} INFO - Processing file /opt/airflow/dags/eda_airflow.py for tasks to queue
[2025-07-19T08:16:53.803+0000] {logging_mixin.py:188} INFO - [2025-07-19T08:16:53.803+0000] {dagbag.py:538} INFO - Filling up the DagBag from /opt/airflow/dags/eda_airflow.py
[2025-07-19T08:16:53.869+0000] {processor.py:840} INFO - DAG(s) 'run_eda_script_fixedddddddddddddd' retrieved from /opt/airflow/dags/eda_airflow.py
[2025-07-19T08:16:53.907+0000] {logging_mixin.py:188} INFO - [2025-07-19T08:16:53.907+0000] {dag.py:3036} INFO - Sync 1 DAGs
[2025-07-19T08:16:53.938+0000] {logging_mixin.py:188} INFO - [2025-07-19T08:16:53.938+0000] {dag.py:3823} INFO - Setting next_dagrun for run_eda_script_fixedddddddddddddd to None, run_after=None
[2025-07-19T08:16:53.986+0000] {processor.py:183} INFO - Processing /opt/airflow/dags/eda_airflow.py took 0.199 seconds
[2025-07-19T08:17:24.472+0000] {processor.py:161} INFO - Started process (PID=6410) to work on /opt/airflow/dags/eda_airflow.py
[2025-07-19T08:17:24.474+0000] {processor.py:830} INFO - Processing file /opt/airflow/dags/eda_airflow.py for tasks to queue
[2025-07-19T08:17:24.475+0000] {logging_mixin.py:188} INFO - [2025-07-19T08:17:24.475+0000] {dagbag.py:538} INFO - Filling up the DagBag from /opt/airflow/dags/eda_airflow.py
[2025-07-19T08:17:24.714+0000] {processor.py:840} INFO - DAG(s) 'run_eda_script_fixedddddddddddddd' retrieved from /opt/airflow/dags/eda_airflow.py
[2025-07-19T08:17:24.801+0000] {logging_mixin.py:188} INFO - [2025-07-19T08:17:24.800+0000] {dag.py:3036} INFO - Sync 1 DAGs
[2025-07-19T08:17:24.818+0000] {logging_mixin.py:188} INFO - [2025-07-19T08:17:24.818+0000] {dag.py:3823} INFO - Setting next_dagrun for run_eda_script_fixedddddddddddddd to None, run_after=None
[2025-07-19T08:17:25.043+0000] {processor.py:183} INFO - Processing /opt/airflow/dags/eda_airflow.py took 0.574 seconds
[2025-07-19T08:17:56.396+0000] {processor.py:161} INFO - Started process (PID=6430) to work on /opt/airflow/dags/eda_airflow.py
[2025-07-19T08:17:56.398+0000] {processor.py:830} INFO - Processing file /opt/airflow/dags/eda_airflow.py for tasks to queue
[2025-07-19T08:17:56.399+0000] {logging_mixin.py:188} INFO - [2025-07-19T08:17:56.399+0000] {dagbag.py:538} INFO - Filling up the DagBag from /opt/airflow/dags/eda_airflow.py
[2025-07-19T08:17:56.672+0000] {processor.py:840} INFO - DAG(s) 'run_eda_script_fixedddddddddddddd' retrieved from /opt/airflow/dags/eda_airflow.py
[2025-07-19T08:17:57.181+0000] {logging_mixin.py:188} INFO - [2025-07-19T08:17:57.180+0000] {dag.py:3036} INFO - Sync 1 DAGs
[2025-07-19T08:17:57.196+0000] {logging_mixin.py:188} INFO - [2025-07-19T08:17:57.196+0000] {dag.py:3823} INFO - Setting next_dagrun for run_eda_script_fixedddddddddddddd to None, run_after=None
[2025-07-19T08:17:57.284+0000] {processor.py:183} INFO - Processing /opt/airflow/dags/eda_airflow.py took 0.893 seconds
[2025-07-19T08:18:27.799+0000] {processor.py:161} INFO - Started process (PID=6450) to work on /opt/airflow/dags/eda_airflow.py
[2025-07-19T08:18:27.801+0000] {processor.py:830} INFO - Processing file /opt/airflow/dags/eda_airflow.py for tasks to queue
[2025-07-19T08:18:27.803+0000] {logging_mixin.py:188} INFO - [2025-07-19T08:18:27.803+0000] {dagbag.py:538} INFO - Filling up the DagBag from /opt/airflow/dags/eda_airflow.py
[2025-07-19T08:18:27.879+0000] {processor.py:840} INFO - DAG(s) 'run_eda_script_fixedddddddddddddd' retrieved from /opt/airflow/dags/eda_airflow.py
[2025-07-19T08:18:27.944+0000] {logging_mixin.py:188} INFO - [2025-07-19T08:18:27.943+0000] {dag.py:3036} INFO - Sync 1 DAGs
[2025-07-19T08:18:27.970+0000] {logging_mixin.py:188} INFO - [2025-07-19T08:18:27.970+0000] {dag.py:3823} INFO - Setting next_dagrun for run_eda_script_fixedddddddddddddd to None, run_after=None
[2025-07-19T08:18:28.004+0000] {processor.py:183} INFO - Processing /opt/airflow/dags/eda_airflow.py took 0.209 seconds
[2025-07-19T08:18:58.170+0000] {processor.py:161} INFO - Started process (PID=6470) to work on /opt/airflow/dags/eda_airflow.py
[2025-07-19T08:18:58.172+0000] {processor.py:830} INFO - Processing file /opt/airflow/dags/eda_airflow.py for tasks to queue
[2025-07-19T08:18:58.173+0000] {logging_mixin.py:188} INFO - [2025-07-19T08:18:58.173+0000] {dagbag.py:538} INFO - Filling up the DagBag from /opt/airflow/dags/eda_airflow.py
[2025-07-19T08:18:58.257+0000] {processor.py:840} INFO - DAG(s) 'run_eda_script_fixedddddddddddddd' retrieved from /opt/airflow/dags/eda_airflow.py
[2025-07-19T08:18:58.297+0000] {logging_mixin.py:188} INFO - [2025-07-19T08:18:58.297+0000] {dag.py:3036} INFO - Sync 1 DAGs
[2025-07-19T08:18:58.351+0000] {logging_mixin.py:188} INFO - [2025-07-19T08:18:58.350+0000] {dag.py:3823} INFO - Setting next_dagrun for run_eda_script_fixedddddddddddddd to None, run_after=None
[2025-07-19T08:18:58.423+0000] {processor.py:183} INFO - Processing /opt/airflow/dags/eda_airflow.py took 0.261 seconds
[2025-07-19T08:19:28.817+0000] {processor.py:161} INFO - Started process (PID=6490) to work on /opt/airflow/dags/eda_airflow.py
[2025-07-19T08:19:28.818+0000] {processor.py:830} INFO - Processing file /opt/airflow/dags/eda_airflow.py for tasks to queue
[2025-07-19T08:19:28.820+0000] {logging_mixin.py:188} INFO - [2025-07-19T08:19:28.819+0000] {dagbag.py:538} INFO - Filling up the DagBag from /opt/airflow/dags/eda_airflow.py
[2025-07-19T08:19:28.904+0000] {processor.py:840} INFO - DAG(s) 'run_eda_script_fixedddddddddddddd' retrieved from /opt/airflow/dags/eda_airflow.py
[2025-07-19T08:19:28.977+0000] {logging_mixin.py:188} INFO - [2025-07-19T08:19:28.976+0000] {dag.py:3036} INFO - Sync 1 DAGs
[2025-07-19T08:19:28.997+0000] {logging_mixin.py:188} INFO - [2025-07-19T08:19:28.996+0000] {dag.py:3823} INFO - Setting next_dagrun for run_eda_script_fixedddddddddddddd to None, run_after=None
[2025-07-19T08:19:29.074+0000] {processor.py:183} INFO - Processing /opt/airflow/dags/eda_airflow.py took 0.262 seconds
[2025-07-19T08:19:59.377+0000] {processor.py:161} INFO - Started process (PID=6510) to work on /opt/airflow/dags/eda_airflow.py
[2025-07-19T08:19:59.380+0000] {processor.py:830} INFO - Processing file /opt/airflow/dags/eda_airflow.py for tasks to queue
[2025-07-19T08:19:59.384+0000] {logging_mixin.py:188} INFO - [2025-07-19T08:19:59.383+0000] {dagbag.py:538} INFO - Filling up the DagBag from /opt/airflow/dags/eda_airflow.py
[2025-07-19T08:19:59.458+0000] {processor.py:840} INFO - DAG(s) 'run_eda_script_fixedddddddddddddd' retrieved from /opt/airflow/dags/eda_airflow.py
[2025-07-19T08:19:59.529+0000] {logging_mixin.py:188} INFO - [2025-07-19T08:19:59.528+0000] {dag.py:3036} INFO - Sync 1 DAGs
[2025-07-19T08:19:59.567+0000] {logging_mixin.py:188} INFO - [2025-07-19T08:19:59.566+0000] {dag.py:3823} INFO - Setting next_dagrun for run_eda_script_fixedddddddddddddd to None, run_after=None
[2025-07-19T08:19:59.615+0000] {processor.py:183} INFO - Processing /opt/airflow/dags/eda_airflow.py took 0.245 seconds
[2025-07-19T08:20:30.538+0000] {processor.py:161} INFO - Started process (PID=6530) to work on /opt/airflow/dags/eda_airflow.py
[2025-07-19T08:20:30.540+0000] {processor.py:830} INFO - Processing file /opt/airflow/dags/eda_airflow.py for tasks to queue
[2025-07-19T08:20:30.542+0000] {logging_mixin.py:188} INFO - [2025-07-19T08:20:30.541+0000] {dagbag.py:538} INFO - Filling up the DagBag from /opt/airflow/dags/eda_airflow.py
[2025-07-19T08:20:30.649+0000] {processor.py:840} INFO - DAG(s) 'run_eda_script_fixedddddddddddddd' retrieved from /opt/airflow/dags/eda_airflow.py
[2025-07-19T08:20:30.748+0000] {logging_mixin.py:188} INFO - [2025-07-19T08:20:30.747+0000] {dag.py:3036} INFO - Sync 1 DAGs
[2025-07-19T08:20:30.775+0000] {logging_mixin.py:188} INFO - [2025-07-19T08:20:30.775+0000] {dag.py:3823} INFO - Setting next_dagrun for run_eda_script_fixedddddddddddddd to None, run_after=None
[2025-07-19T08:20:30.826+0000] {processor.py:183} INFO - Processing /opt/airflow/dags/eda_airflow.py took 0.293 seconds
[2025-07-19T08:21:01.149+0000] {processor.py:161} INFO - Started process (PID=6550) to work on /opt/airflow/dags/eda_airflow.py
[2025-07-19T08:21:01.151+0000] {processor.py:830} INFO - Processing file /opt/airflow/dags/eda_airflow.py for tasks to queue
[2025-07-19T08:21:01.153+0000] {logging_mixin.py:188} INFO - [2025-07-19T08:21:01.153+0000] {dagbag.py:538} INFO - Filling up the DagBag from /opt/airflow/dags/eda_airflow.py
[2025-07-19T08:21:01.254+0000] {processor.py:840} INFO - DAG(s) 'run_eda_script_fixedddddddddddddd' retrieved from /opt/airflow/dags/eda_airflow.py
[2025-07-19T08:21:01.305+0000] {logging_mixin.py:188} INFO - [2025-07-19T08:21:01.305+0000] {dag.py:3036} INFO - Sync 1 DAGs
[2025-07-19T08:21:01.322+0000] {logging_mixin.py:188} INFO - [2025-07-19T08:21:01.321+0000] {dag.py:3823} INFO - Setting next_dagrun for run_eda_script_fixedddddddddddddd to None, run_after=None
[2025-07-19T08:21:01.350+0000] {processor.py:183} INFO - Processing /opt/airflow/dags/eda_airflow.py took 0.210 seconds
[2025-07-19T08:21:31.611+0000] {processor.py:161} INFO - Started process (PID=6570) to work on /opt/airflow/dags/eda_airflow.py
[2025-07-19T08:21:31.613+0000] {processor.py:830} INFO - Processing file /opt/airflow/dags/eda_airflow.py for tasks to queue
[2025-07-19T08:21:31.615+0000] {logging_mixin.py:188} INFO - [2025-07-19T08:21:31.614+0000] {dagbag.py:538} INFO - Filling up the DagBag from /opt/airflow/dags/eda_airflow.py
[2025-07-19T08:21:31.734+0000] {processor.py:840} INFO - DAG(s) 'run_eda_script_fixedddddddddddddd' retrieved from /opt/airflow/dags/eda_airflow.py
[2025-07-19T08:21:31.770+0000] {logging_mixin.py:188} INFO - [2025-07-19T08:21:31.770+0000] {dag.py:3036} INFO - Sync 1 DAGs
[2025-07-19T08:21:31.784+0000] {logging_mixin.py:188} INFO - [2025-07-19T08:21:31.784+0000] {dag.py:3823} INFO - Setting next_dagrun for run_eda_script_fixedddddddddddddd to None, run_after=None
[2025-07-19T08:21:31.810+0000] {processor.py:183} INFO - Processing /opt/airflow/dags/eda_airflow.py took 0.204 seconds
[2025-07-19T08:22:02.089+0000] {processor.py:161} INFO - Started process (PID=6590) to work on /opt/airflow/dags/eda_airflow.py
[2025-07-19T08:22:02.091+0000] {processor.py:830} INFO - Processing file /opt/airflow/dags/eda_airflow.py for tasks to queue
[2025-07-19T08:22:02.092+0000] {logging_mixin.py:188} INFO - [2025-07-19T08:22:02.092+0000] {dagbag.py:538} INFO - Filling up the DagBag from /opt/airflow/dags/eda_airflow.py
[2025-07-19T08:22:02.146+0000] {processor.py:840} INFO - DAG(s) 'run_eda_script_fixedddddddddddddd' retrieved from /opt/airflow/dags/eda_airflow.py
[2025-07-19T08:22:02.189+0000] {logging_mixin.py:188} INFO - [2025-07-19T08:22:02.188+0000] {dag.py:3036} INFO - Sync 1 DAGs
[2025-07-19T08:22:02.203+0000] {logging_mixin.py:188} INFO - [2025-07-19T08:22:02.203+0000] {dag.py:3823} INFO - Setting next_dagrun for run_eda_script_fixedddddddddddddd to None, run_after=None
[2025-07-19T08:22:02.242+0000] {processor.py:183} INFO - Processing /opt/airflow/dags/eda_airflow.py took 0.158 seconds
[2025-07-19T08:22:32.364+0000] {processor.py:161} INFO - Started process (PID=6610) to work on /opt/airflow/dags/eda_airflow.py
[2025-07-19T08:22:32.366+0000] {processor.py:830} INFO - Processing file /opt/airflow/dags/eda_airflow.py for tasks to queue
[2025-07-19T08:22:32.368+0000] {logging_mixin.py:188} INFO - [2025-07-19T08:22:32.367+0000] {dagbag.py:538} INFO - Filling up the DagBag from /opt/airflow/dags/eda_airflow.py
[2025-07-19T08:22:32.455+0000] {processor.py:840} INFO - DAG(s) 'run_eda_script_fixedddddddddddddd' retrieved from /opt/airflow/dags/eda_airflow.py
[2025-07-19T08:22:32.498+0000] {logging_mixin.py:188} INFO - [2025-07-19T08:22:32.497+0000] {dag.py:3036} INFO - Sync 1 DAGs
[2025-07-19T08:22:32.519+0000] {logging_mixin.py:188} INFO - [2025-07-19T08:22:32.518+0000] {dag.py:3823} INFO - Setting next_dagrun for run_eda_script_fixedddddddddddddd to None, run_after=None
[2025-07-19T08:22:32.554+0000] {processor.py:183} INFO - Processing /opt/airflow/dags/eda_airflow.py took 0.195 seconds
[2025-07-19T08:23:02.700+0000] {processor.py:161} INFO - Started process (PID=6630) to work on /opt/airflow/dags/eda_airflow.py
[2025-07-19T08:23:02.702+0000] {processor.py:830} INFO - Processing file /opt/airflow/dags/eda_airflow.py for tasks to queue
[2025-07-19T08:23:02.704+0000] {logging_mixin.py:188} INFO - [2025-07-19T08:23:02.703+0000] {dagbag.py:538} INFO - Filling up the DagBag from /opt/airflow/dags/eda_airflow.py
[2025-07-19T08:23:02.757+0000] {processor.py:840} INFO - DAG(s) 'run_eda_script_fixedddddddddddddd' retrieved from /opt/airflow/dags/eda_airflow.py
[2025-07-19T08:23:02.815+0000] {logging_mixin.py:188} INFO - [2025-07-19T08:23:02.815+0000] {dag.py:3036} INFO - Sync 1 DAGs
[2025-07-19T08:23:02.833+0000] {logging_mixin.py:188} INFO - [2025-07-19T08:23:02.833+0000] {dag.py:3823} INFO - Setting next_dagrun for run_eda_script_fixedddddddddddddd to None, run_after=None
[2025-07-19T08:23:03.079+0000] {processor.py:183} INFO - Processing /opt/airflow/dags/eda_airflow.py took 0.385 seconds
[2025-07-19T08:23:33.586+0000] {processor.py:161} INFO - Started process (PID=6650) to work on /opt/airflow/dags/eda_airflow.py
[2025-07-19T08:23:33.588+0000] {processor.py:830} INFO - Processing file /opt/airflow/dags/eda_airflow.py for tasks to queue
[2025-07-19T08:23:33.590+0000] {logging_mixin.py:188} INFO - [2025-07-19T08:23:33.589+0000] {dagbag.py:538} INFO - Filling up the DagBag from /opt/airflow/dags/eda_airflow.py
[2025-07-19T08:23:33.619+0000] {processor.py:840} INFO - DAG(s) 'run_eda_script_fixedddddddddddddd' retrieved from /opt/airflow/dags/eda_airflow.py
[2025-07-19T08:23:33.703+0000] {logging_mixin.py:188} INFO - [2025-07-19T08:23:33.702+0000] {dag.py:3036} INFO - Sync 1 DAGs
[2025-07-19T08:23:33.731+0000] {logging_mixin.py:188} INFO - [2025-07-19T08:23:33.730+0000] {dag.py:3823} INFO - Setting next_dagrun for run_eda_script_fixedddddddddddddd to None, run_after=None
[2025-07-19T08:23:33.779+0000] {processor.py:183} INFO - Processing /opt/airflow/dags/eda_airflow.py took 0.199 seconds
[2025-07-19T08:24:04.386+0000] {processor.py:161} INFO - Started process (PID=6670) to work on /opt/airflow/dags/eda_airflow.py
[2025-07-19T08:24:04.389+0000] {processor.py:830} INFO - Processing file /opt/airflow/dags/eda_airflow.py for tasks to queue
[2025-07-19T08:24:04.392+0000] {logging_mixin.py:188} INFO - [2025-07-19T08:24:04.391+0000] {dagbag.py:538} INFO - Filling up the DagBag from /opt/airflow/dags/eda_airflow.py
[2025-07-19T08:24:04.472+0000] {processor.py:840} INFO - DAG(s) 'run_eda_script_fixedddddddddddddd' retrieved from /opt/airflow/dags/eda_airflow.py
[2025-07-19T08:24:04.538+0000] {logging_mixin.py:188} INFO - [2025-07-19T08:24:04.538+0000] {dag.py:3036} INFO - Sync 1 DAGs
[2025-07-19T08:24:04.558+0000] {logging_mixin.py:188} INFO - [2025-07-19T08:24:04.557+0000] {dag.py:3823} INFO - Setting next_dagrun for run_eda_script_fixedddddddddddddd to None, run_after=None
[2025-07-19T08:24:04.588+0000] {processor.py:183} INFO - Processing /opt/airflow/dags/eda_airflow.py took 0.216 seconds
[2025-07-19T08:24:35.587+0000] {processor.py:161} INFO - Started process (PID=6690) to work on /opt/airflow/dags/eda_airflow.py
[2025-07-19T08:24:35.658+0000] {processor.py:830} INFO - Processing file /opt/airflow/dags/eda_airflow.py for tasks to queue
[2025-07-19T08:24:35.660+0000] {logging_mixin.py:188} INFO - [2025-07-19T08:24:35.659+0000] {dagbag.py:538} INFO - Filling up the DagBag from /opt/airflow/dags/eda_airflow.py
[2025-07-19T08:24:35.777+0000] {processor.py:840} INFO - DAG(s) 'run_eda_script_fixedddddddddddddd' retrieved from /opt/airflow/dags/eda_airflow.py
[2025-07-19T08:24:35.851+0000] {logging_mixin.py:188} INFO - [2025-07-19T08:24:35.850+0000] {dag.py:3036} INFO - Sync 1 DAGs
[2025-07-19T08:24:35.875+0000] {logging_mixin.py:188} INFO - [2025-07-19T08:24:35.875+0000] {dag.py:3823} INFO - Setting next_dagrun for run_eda_script_fixedddddddddddddd to None, run_after=None
[2025-07-19T08:24:35.911+0000] {processor.py:183} INFO - Processing /opt/airflow/dags/eda_airflow.py took 0.330 seconds
[2025-07-19T08:25:06.239+0000] {processor.py:161} INFO - Started process (PID=6710) to work on /opt/airflow/dags/eda_airflow.py
[2025-07-19T08:25:06.241+0000] {processor.py:830} INFO - Processing file /opt/airflow/dags/eda_airflow.py for tasks to queue
[2025-07-19T08:25:06.243+0000] {logging_mixin.py:188} INFO - [2025-07-19T08:25:06.242+0000] {dagbag.py:538} INFO - Filling up the DagBag from /opt/airflow/dags/eda_airflow.py
[2025-07-19T08:25:06.330+0000] {processor.py:840} INFO - DAG(s) 'run_eda_script_fixedddddddddddddd' retrieved from /opt/airflow/dags/eda_airflow.py
[2025-07-19T08:25:06.382+0000] {logging_mixin.py:188} INFO - [2025-07-19T08:25:06.382+0000] {dag.py:3036} INFO - Sync 1 DAGs
[2025-07-19T08:25:06.402+0000] {logging_mixin.py:188} INFO - [2025-07-19T08:25:06.401+0000] {dag.py:3823} INFO - Setting next_dagrun for run_eda_script_fixedddddddddddddd to None, run_after=None
[2025-07-19T08:25:06.431+0000] {processor.py:183} INFO - Processing /opt/airflow/dags/eda_airflow.py took 0.197 seconds
[2025-07-19T08:25:36.592+0000] {processor.py:161} INFO - Started process (PID=6730) to work on /opt/airflow/dags/eda_airflow.py
[2025-07-19T08:25:36.595+0000] {processor.py:830} INFO - Processing file /opt/airflow/dags/eda_airflow.py for tasks to queue
[2025-07-19T08:25:36.596+0000] {logging_mixin.py:188} INFO - [2025-07-19T08:25:36.596+0000] {dagbag.py:538} INFO - Filling up the DagBag from /opt/airflow/dags/eda_airflow.py
[2025-07-19T08:25:36.627+0000] {processor.py:840} INFO - DAG(s) 'run_eda_script_fixedddddddddddddd' retrieved from /opt/airflow/dags/eda_airflow.py
[2025-07-19T08:25:36.674+0000] {logging_mixin.py:188} INFO - [2025-07-19T08:25:36.673+0000] {dag.py:3036} INFO - Sync 1 DAGs
[2025-07-19T08:25:36.699+0000] {logging_mixin.py:188} INFO - [2025-07-19T08:25:36.699+0000] {dag.py:3823} INFO - Setting next_dagrun for run_eda_script_fixedddddddddddddd to None, run_after=None
[2025-07-19T08:25:36.741+0000] {processor.py:183} INFO - Processing /opt/airflow/dags/eda_airflow.py took 0.154 seconds
[2025-07-19T08:26:07.367+0000] {processor.py:161} INFO - Started process (PID=6750) to work on /opt/airflow/dags/eda_airflow.py
[2025-07-19T08:26:07.368+0000] {processor.py:830} INFO - Processing file /opt/airflow/dags/eda_airflow.py for tasks to queue
[2025-07-19T08:26:07.370+0000] {logging_mixin.py:188} INFO - [2025-07-19T08:26:07.370+0000] {dagbag.py:538} INFO - Filling up the DagBag from /opt/airflow/dags/eda_airflow.py
[2025-07-19T08:26:07.431+0000] {processor.py:840} INFO - DAG(s) 'run_eda_script_fixedddddddddddddd' retrieved from /opt/airflow/dags/eda_airflow.py
[2025-07-19T08:26:07.480+0000] {logging_mixin.py:188} INFO - [2025-07-19T08:26:07.480+0000] {dag.py:3036} INFO - Sync 1 DAGs
[2025-07-19T08:26:07.650+0000] {logging_mixin.py:188} INFO - [2025-07-19T08:26:07.650+0000] {dag.py:3823} INFO - Setting next_dagrun for run_eda_script_fixedddddddddddddd to None, run_after=None
[2025-07-19T08:26:07.675+0000] {processor.py:183} INFO - Processing /opt/airflow/dags/eda_airflow.py took 0.314 seconds
[2025-07-19T08:26:37.827+0000] {processor.py:161} INFO - Started process (PID=6770) to work on /opt/airflow/dags/eda_airflow.py
[2025-07-19T08:26:37.829+0000] {processor.py:830} INFO - Processing file /opt/airflow/dags/eda_airflow.py for tasks to queue
[2025-07-19T08:26:37.831+0000] {logging_mixin.py:188} INFO - [2025-07-19T08:26:37.831+0000] {dagbag.py:538} INFO - Filling up the DagBag from /opt/airflow/dags/eda_airflow.py
[2025-07-19T08:26:37.869+0000] {processor.py:840} INFO - DAG(s) 'run_eda_script_fixedddddddddddddd' retrieved from /opt/airflow/dags/eda_airflow.py
[2025-07-19T08:26:37.934+0000] {logging_mixin.py:188} INFO - [2025-07-19T08:26:37.934+0000] {dag.py:3036} INFO - Sync 1 DAGs
[2025-07-19T08:26:37.954+0000] {logging_mixin.py:188} INFO - [2025-07-19T08:26:37.953+0000] {dag.py:3823} INFO - Setting next_dagrun for run_eda_script_fixedddddddddddddd to None, run_after=None
[2025-07-19T08:26:37.991+0000] {processor.py:183} INFO - Processing /opt/airflow/dags/eda_airflow.py took 0.169 seconds
[2025-07-19T08:27:08.161+0000] {processor.py:161} INFO - Started process (PID=6790) to work on /opt/airflow/dags/eda_airflow.py
[2025-07-19T08:27:08.163+0000] {processor.py:830} INFO - Processing file /opt/airflow/dags/eda_airflow.py for tasks to queue
[2025-07-19T08:27:08.165+0000] {logging_mixin.py:188} INFO - [2025-07-19T08:27:08.164+0000] {dagbag.py:538} INFO - Filling up the DagBag from /opt/airflow/dags/eda_airflow.py
[2025-07-19T08:27:08.213+0000] {processor.py:840} INFO - DAG(s) 'run_eda_script_fixedddddddddddddd' retrieved from /opt/airflow/dags/eda_airflow.py
[2025-07-19T08:27:08.294+0000] {logging_mixin.py:188} INFO - [2025-07-19T08:27:08.293+0000] {dag.py:3036} INFO - Sync 1 DAGs
[2025-07-19T08:27:08.314+0000] {logging_mixin.py:188} INFO - [2025-07-19T08:27:08.313+0000] {dag.py:3823} INFO - Setting next_dagrun for run_eda_script_fixedddddddddddddd to None, run_after=None
[2025-07-19T08:27:08.342+0000] {processor.py:183} INFO - Processing /opt/airflow/dags/eda_airflow.py took 0.184 seconds
[2025-07-19T08:27:38.546+0000] {processor.py:161} INFO - Started process (PID=6810) to work on /opt/airflow/dags/eda_airflow.py
[2025-07-19T08:27:38.548+0000] {processor.py:830} INFO - Processing file /opt/airflow/dags/eda_airflow.py for tasks to queue
[2025-07-19T08:27:38.551+0000] {logging_mixin.py:188} INFO - [2025-07-19T08:27:38.550+0000] {dagbag.py:538} INFO - Filling up the DagBag from /opt/airflow/dags/eda_airflow.py
[2025-07-19T08:27:38.614+0000] {processor.py:840} INFO - DAG(s) 'run_eda_script_fixedddddddddddddd' retrieved from /opt/airflow/dags/eda_airflow.py
[2025-07-19T08:27:38.652+0000] {logging_mixin.py:188} INFO - [2025-07-19T08:27:38.651+0000] {dag.py:3036} INFO - Sync 1 DAGs
[2025-07-19T08:27:38.668+0000] {logging_mixin.py:188} INFO - [2025-07-19T08:27:38.668+0000] {dag.py:3823} INFO - Setting next_dagrun for run_eda_script_fixedddddddddddddd to None, run_after=None
[2025-07-19T08:27:38.699+0000] {processor.py:183} INFO - Processing /opt/airflow/dags/eda_airflow.py took 0.157 seconds
[2025-07-19T08:28:09.225+0000] {processor.py:161} INFO - Started process (PID=6830) to work on /opt/airflow/dags/eda_airflow.py
[2025-07-19T08:28:09.227+0000] {processor.py:830} INFO - Processing file /opt/airflow/dags/eda_airflow.py for tasks to queue
[2025-07-19T08:28:09.229+0000] {logging_mixin.py:188} INFO - [2025-07-19T08:28:09.229+0000] {dagbag.py:538} INFO - Filling up the DagBag from /opt/airflow/dags/eda_airflow.py
[2025-07-19T08:28:13.785+0000] {processor.py:840} INFO - DAG(s) 'run_eda_script_fixedddddddddddddd' retrieved from /opt/airflow/dags/eda_airflow.py
[2025-07-19T08:28:14.995+0000] {logging_mixin.py:188} INFO - [2025-07-19T08:28:14.994+0000] {dag.py:3036} INFO - Sync 1 DAGs
[2025-07-19T08:28:15.021+0000] {logging_mixin.py:188} INFO - [2025-07-19T08:28:15.021+0000] {dag.py:3823} INFO - Setting next_dagrun for run_eda_script_fixedddddddddddddd to None, run_after=None
[2025-07-19T08:28:15.110+0000] {processor.py:183} INFO - Processing /opt/airflow/dags/eda_airflow.py took 5.895 seconds
[2025-07-19T08:28:45.799+0000] {processor.py:161} INFO - Started process (PID=6851) to work on /opt/airflow/dags/eda_airflow.py
[2025-07-19T08:28:45.803+0000] {processor.py:830} INFO - Processing file /opt/airflow/dags/eda_airflow.py for tasks to queue
[2025-07-19T08:28:45.841+0000] {logging_mixin.py:188} INFO - [2025-07-19T08:28:45.806+0000] {dagbag.py:538} INFO - Filling up the DagBag from /opt/airflow/dags/eda_airflow.py
[2025-07-19T08:28:45.926+0000] {processor.py:840} INFO - DAG(s) 'run_eda_script_fixedddddddddddddd' retrieved from /opt/airflow/dags/eda_airflow.py
[2025-07-19T08:28:46.025+0000] {logging_mixin.py:188} INFO - [2025-07-19T08:28:46.025+0000] {dag.py:3036} INFO - Sync 1 DAGs
[2025-07-19T08:28:46.047+0000] {logging_mixin.py:188} INFO - [2025-07-19T08:28:46.047+0000] {dag.py:3823} INFO - Setting next_dagrun for run_eda_script_fixedddddddddddddd to None, run_after=None
[2025-07-19T08:28:46.312+0000] {processor.py:183} INFO - Processing /opt/airflow/dags/eda_airflow.py took 0.637 seconds
[2025-07-19T08:29:17.381+0000] {processor.py:161} INFO - Started process (PID=6871) to work on /opt/airflow/dags/eda_airflow.py
[2025-07-19T08:29:17.384+0000] {processor.py:830} INFO - Processing file /opt/airflow/dags/eda_airflow.py for tasks to queue
[2025-07-19T08:29:17.386+0000] {logging_mixin.py:188} INFO - [2025-07-19T08:29:17.385+0000] {dagbag.py:538} INFO - Filling up the DagBag from /opt/airflow/dags/eda_airflow.py
[2025-07-19T08:29:17.773+0000] {processor.py:840} INFO - DAG(s) 'run_eda_script_fixedddddddddddddd' retrieved from /opt/airflow/dags/eda_airflow.py
[2025-07-19T08:29:17.880+0000] {logging_mixin.py:188} INFO - [2025-07-19T08:29:17.879+0000] {dag.py:3036} INFO - Sync 1 DAGs
[2025-07-19T08:29:18.182+0000] {logging_mixin.py:188} INFO - [2025-07-19T08:29:18.181+0000] {dag.py:3823} INFO - Setting next_dagrun for run_eda_script_fixedddddddddddddd to None, run_after=None
[2025-07-19T08:29:18.369+0000] {processor.py:183} INFO - Processing /opt/airflow/dags/eda_airflow.py took 0.994 seconds
[2025-07-19T08:30:01.842+0000] {processor.py:161} INFO - Started process (PID=6889) to work on /opt/airflow/dags/eda_airflow.py
[2025-07-19T08:30:01.980+0000] {processor.py:830} INFO - Processing file /opt/airflow/dags/eda_airflow.py for tasks to queue
[2025-07-19T08:30:02.870+0000] {logging_mixin.py:188} INFO - [2025-07-19T08:30:02.453+0000] {dagbag.py:538} INFO - Filling up the DagBag from /opt/airflow/dags/eda_airflow.py
[2025-07-19T08:30:03.577+0000] {processor.py:840} INFO - DAG(s) 'run_eda_script_fixedddddddddddddd' retrieved from /opt/airflow/dags/eda_airflow.py
[2025-07-19T08:30:03.763+0000] {logging_mixin.py:188} INFO - [2025-07-19T08:30:03.763+0000] {dag.py:3036} INFO - Sync 1 DAGs
[2025-07-19T08:30:03.780+0000] {logging_mixin.py:188} INFO - [2025-07-19T08:30:03.779+0000] {dag.py:3823} INFO - Setting next_dagrun for run_eda_script_fixedddddddddddddd to None, run_after=None
[2025-07-19T08:30:03.901+0000] {processor.py:183} INFO - Processing /opt/airflow/dags/eda_airflow.py took 7.930 seconds
[2025-07-19T08:30:35.500+0000] {processor.py:161} INFO - Started process (PID=6911) to work on /opt/airflow/dags/eda_airflow.py
[2025-07-19T08:30:35.502+0000] {processor.py:830} INFO - Processing file /opt/airflow/dags/eda_airflow.py for tasks to queue
[2025-07-19T08:30:35.503+0000] {logging_mixin.py:188} INFO - [2025-07-19T08:30:35.503+0000] {dagbag.py:538} INFO - Filling up the DagBag from /opt/airflow/dags/eda_airflow.py
[2025-07-19T08:30:35.827+0000] {processor.py:840} INFO - DAG(s) 'run_eda_script_fixedddddddddddddd' retrieved from /opt/airflow/dags/eda_airflow.py
[2025-07-19T08:30:35.888+0000] {logging_mixin.py:188} INFO - [2025-07-19T08:30:35.888+0000] {dag.py:3036} INFO - Sync 1 DAGs
[2025-07-19T08:30:35.911+0000] {logging_mixin.py:188} INFO - [2025-07-19T08:30:35.911+0000] {dag.py:3823} INFO - Setting next_dagrun for run_eda_script_fixedddddddddddddd to None, run_after=None
[2025-07-19T08:30:36.291+0000] {processor.py:183} INFO - Processing /opt/airflow/dags/eda_airflow.py took 0.798 seconds
[2025-07-19T08:31:07.180+0000] {processor.py:161} INFO - Started process (PID=6931) to work on /opt/airflow/dags/eda_airflow.py
[2025-07-19T08:31:07.182+0000] {processor.py:830} INFO - Processing file /opt/airflow/dags/eda_airflow.py for tasks to queue
[2025-07-19T08:31:07.184+0000] {logging_mixin.py:188} INFO - [2025-07-19T08:31:07.183+0000] {dagbag.py:538} INFO - Filling up the DagBag from /opt/airflow/dags/eda_airflow.py
[2025-07-19T08:31:07.355+0000] {processor.py:840} INFO - DAG(s) 'run_eda_script_fixedddddddddddddd' retrieved from /opt/airflow/dags/eda_airflow.py
[2025-07-19T08:31:07.396+0000] {logging_mixin.py:188} INFO - [2025-07-19T08:31:07.396+0000] {dag.py:3036} INFO - Sync 1 DAGs
[2025-07-19T08:31:07.509+0000] {logging_mixin.py:188} INFO - [2025-07-19T08:31:07.509+0000] {dag.py:3823} INFO - Setting next_dagrun for run_eda_script_fixedddddddddddddd to None, run_after=None
[2025-07-19T08:31:07.614+0000] {processor.py:183} INFO - Processing /opt/airflow/dags/eda_airflow.py took 0.439 seconds
[2025-07-19T08:31:38.358+0000] {processor.py:161} INFO - Started process (PID=6951) to work on /opt/airflow/dags/eda_airflow.py
[2025-07-19T08:31:38.360+0000] {processor.py:830} INFO - Processing file /opt/airflow/dags/eda_airflow.py for tasks to queue
[2025-07-19T08:31:38.362+0000] {logging_mixin.py:188} INFO - [2025-07-19T08:31:38.361+0000] {dagbag.py:538} INFO - Filling up the DagBag from /opt/airflow/dags/eda_airflow.py
[2025-07-19T08:31:38.416+0000] {processor.py:840} INFO - DAG(s) 'run_eda_script_fixedddddddddddddd' retrieved from /opt/airflow/dags/eda_airflow.py
[2025-07-19T08:31:38.526+0000] {logging_mixin.py:188} INFO - [2025-07-19T08:31:38.526+0000] {dag.py:3036} INFO - Sync 1 DAGs
[2025-07-19T08:31:38.543+0000] {logging_mixin.py:188} INFO - [2025-07-19T08:31:38.543+0000] {dag.py:3823} INFO - Setting next_dagrun for run_eda_script_fixedddddddddddddd to None, run_after=None
[2025-07-19T08:31:38.573+0000] {processor.py:183} INFO - Processing /opt/airflow/dags/eda_airflow.py took 0.222 seconds
[2025-07-19T08:32:09.091+0000] {processor.py:161} INFO - Started process (PID=6971) to work on /opt/airflow/dags/eda_airflow.py
[2025-07-19T08:32:09.093+0000] {processor.py:830} INFO - Processing file /opt/airflow/dags/eda_airflow.py for tasks to queue
[2025-07-19T08:32:09.094+0000] {logging_mixin.py:188} INFO - [2025-07-19T08:32:09.094+0000] {dagbag.py:538} INFO - Filling up the DagBag from /opt/airflow/dags/eda_airflow.py
[2025-07-19T08:32:09.141+0000] {processor.py:840} INFO - DAG(s) 'run_eda_script_fixedddddddddddddd' retrieved from /opt/airflow/dags/eda_airflow.py
[2025-07-19T08:32:09.452+0000] {logging_mixin.py:188} INFO - [2025-07-19T08:32:09.451+0000] {dag.py:3036} INFO - Sync 1 DAGs
[2025-07-19T08:32:09.467+0000] {logging_mixin.py:188} INFO - [2025-07-19T08:32:09.466+0000] {dag.py:3823} INFO - Setting next_dagrun for run_eda_script_fixedddddddddddddd to None, run_after=None
[2025-07-19T08:32:09.685+0000] {processor.py:183} INFO - Processing /opt/airflow/dags/eda_airflow.py took 0.600 seconds
[2025-07-19T08:32:40.291+0000] {processor.py:161} INFO - Started process (PID=6992) to work on /opt/airflow/dags/eda_airflow.py
[2025-07-19T08:32:40.312+0000] {processor.py:830} INFO - Processing file /opt/airflow/dags/eda_airflow.py for tasks to queue
[2025-07-19T08:32:40.313+0000] {logging_mixin.py:188} INFO - [2025-07-19T08:32:40.313+0000] {dagbag.py:538} INFO - Filling up the DagBag from /opt/airflow/dags/eda_airflow.py
[2025-07-19T08:32:40.531+0000] {processor.py:840} INFO - DAG(s) 'run_eda_script_fixedddddddddddddd' retrieved from /opt/airflow/dags/eda_airflow.py
[2025-07-19T08:32:40.641+0000] {logging_mixin.py:188} INFO - [2025-07-19T08:32:40.640+0000] {dag.py:3036} INFO - Sync 1 DAGs
[2025-07-19T08:32:43.216+0000] {logging_mixin.py:188} INFO - [2025-07-19T08:32:43.215+0000] {dag.py:3823} INFO - Setting next_dagrun for run_eda_script_fixedddddddddddddd to None, run_after=None
[2025-07-19T08:32:43.270+0000] {processor.py:183} INFO - Processing /opt/airflow/dags/eda_airflow.py took 2.986 seconds
[2025-07-19T08:33:13.880+0000] {processor.py:161} INFO - Started process (PID=7015) to work on /opt/airflow/dags/eda_airflow.py
[2025-07-19T08:33:13.883+0000] {processor.py:830} INFO - Processing file /opt/airflow/dags/eda_airflow.py for tasks to queue
[2025-07-19T08:33:13.885+0000] {logging_mixin.py:188} INFO - [2025-07-19T08:33:13.884+0000] {dagbag.py:538} INFO - Filling up the DagBag from /opt/airflow/dags/eda_airflow.py
[2025-07-19T08:33:13.977+0000] {processor.py:840} INFO - DAG(s) 'run_eda_script_fixedddddddddddddd' retrieved from /opt/airflow/dags/eda_airflow.py
[2025-07-19T08:33:14.028+0000] {logging_mixin.py:188} INFO - [2025-07-19T08:33:14.028+0000] {dag.py:3036} INFO - Sync 1 DAGs
[2025-07-19T08:33:14.059+0000] {logging_mixin.py:188} INFO - [2025-07-19T08:33:14.058+0000] {dag.py:3823} INFO - Setting next_dagrun for run_eda_script_fixedddddddddddddd to None, run_after=None
[2025-07-19T08:33:14.115+0000] {processor.py:183} INFO - Processing /opt/airflow/dags/eda_airflow.py took 0.283 seconds
[2025-07-19T08:33:44.340+0000] {processor.py:161} INFO - Started process (PID=7035) to work on /opt/airflow/dags/eda_airflow.py
[2025-07-19T08:33:44.341+0000] {processor.py:830} INFO - Processing file /opt/airflow/dags/eda_airflow.py for tasks to queue
[2025-07-19T08:33:44.343+0000] {logging_mixin.py:188} INFO - [2025-07-19T08:33:44.343+0000] {dagbag.py:538} INFO - Filling up the DagBag from /opt/airflow/dags/eda_airflow.py
[2025-07-19T08:33:44.395+0000] {processor.py:840} INFO - DAG(s) 'run_eda_script_fixedddddddddddddd' retrieved from /opt/airflow/dags/eda_airflow.py
[2025-07-19T08:33:44.986+0000] {logging_mixin.py:188} INFO - [2025-07-19T08:33:44.986+0000] {dag.py:3036} INFO - Sync 1 DAGs
[2025-07-19T08:33:45.001+0000] {logging_mixin.py:188} INFO - [2025-07-19T08:33:45.001+0000] {dag.py:3823} INFO - Setting next_dagrun for run_eda_script_fixedddddddddddddd to None, run_after=None
[2025-07-19T08:33:45.199+0000] {processor.py:183} INFO - Processing /opt/airflow/dags/eda_airflow.py took 0.865 seconds
[2025-07-19T08:34:16.801+0000] {processor.py:161} INFO - Started process (PID=7055) to work on /opt/airflow/dags/eda_airflow.py
[2025-07-19T08:34:16.803+0000] {processor.py:830} INFO - Processing file /opt/airflow/dags/eda_airflow.py for tasks to queue
[2025-07-19T08:34:16.804+0000] {logging_mixin.py:188} INFO - [2025-07-19T08:34:16.804+0000] {dagbag.py:538} INFO - Filling up the DagBag from /opt/airflow/dags/eda_airflow.py
[2025-07-19T08:34:16.993+0000] {processor.py:840} INFO - DAG(s) 'run_eda_script_fixedddddddddddddd' retrieved from /opt/airflow/dags/eda_airflow.py
[2025-07-19T08:34:17.691+0000] {logging_mixin.py:188} INFO - [2025-07-19T08:34:17.690+0000] {dag.py:3036} INFO - Sync 1 DAGs
[2025-07-19T08:34:17.707+0000] {logging_mixin.py:188} INFO - [2025-07-19T08:34:17.706+0000] {dag.py:3823} INFO - Setting next_dagrun for run_eda_script_fixedddddddddddddd to None, run_after=None
[2025-07-19T08:34:17.739+0000] {processor.py:183} INFO - Processing /opt/airflow/dags/eda_airflow.py took 0.944 seconds
[2025-07-19T08:34:48.254+0000] {processor.py:161} INFO - Started process (PID=7078) to work on /opt/airflow/dags/eda_airflow.py
[2025-07-19T08:34:48.256+0000] {processor.py:830} INFO - Processing file /opt/airflow/dags/eda_airflow.py for tasks to queue
[2025-07-19T08:34:48.258+0000] {logging_mixin.py:188} INFO - [2025-07-19T08:34:48.258+0000] {dagbag.py:538} INFO - Filling up the DagBag from /opt/airflow/dags/eda_airflow.py
[2025-07-19T08:34:48.287+0000] {processor.py:840} INFO - DAG(s) 'run_eda_script_fixedddddddddddddd' retrieved from /opt/airflow/dags/eda_airflow.py
[2025-07-19T08:34:48.328+0000] {logging_mixin.py:188} INFO - [2025-07-19T08:34:48.328+0000] {dag.py:3036} INFO - Sync 1 DAGs
[2025-07-19T08:34:48.345+0000] {logging_mixin.py:188} INFO - [2025-07-19T08:34:48.345+0000] {dag.py:3823} INFO - Setting next_dagrun for run_eda_script_fixedddddddddddddd to None, run_after=None
[2025-07-19T08:34:48.427+0000] {processor.py:183} INFO - Processing /opt/airflow/dags/eda_airflow.py took 0.180 seconds
[2025-07-19T08:36:52.790+0000] {processor.py:161} INFO - Started process (PID=7092) to work on /opt/airflow/dags/eda_airflow.py
[2025-07-19T08:36:52.866+0000] {processor.py:830} INFO - Processing file /opt/airflow/dags/eda_airflow.py for tasks to queue
[2025-07-19T08:36:52.981+0000] {logging_mixin.py:188} INFO - [2025-07-19T08:36:52.924+0000] {dagbag.py:538} INFO - Filling up the DagBag from /opt/airflow/dags/eda_airflow.py
[2025-07-19T08:36:58.931+0000] {processor.py:840} INFO - DAG(s) 'run_eda_script_fixedddddddddddddd' retrieved from /opt/airflow/dags/eda_airflow.py
[2025-07-19T08:37:01.049+0000] {logging_mixin.py:188} INFO - [2025-07-19T08:37:01.048+0000] {dag.py:3036} INFO - Sync 1 DAGs
[2025-07-19T08:37:01.895+0000] {logging_mixin.py:188} INFO - [2025-07-19T08:37:01.894+0000] {dag.py:3823} INFO - Setting next_dagrun for run_eda_script_fixedddddddddddddd to None, run_after=None
[2025-07-19T08:38:12.295+0000] {processor.py:161} INFO - Started process (PID=7108) to work on /opt/airflow/dags/eda_airflow.py
[2025-07-19T08:38:12.363+0000] {processor.py:830} INFO - Processing file /opt/airflow/dags/eda_airflow.py for tasks to queue
[2025-07-19T08:38:12.499+0000] {logging_mixin.py:188} INFO - [2025-07-19T08:38:12.499+0000] {dagbag.py:538} INFO - Filling up the DagBag from /opt/airflow/dags/eda_airflow.py
[2025-07-19T08:38:17.330+0000] {processor.py:840} INFO - DAG(s) 'run_eda_script_fixedddddddddddddd' retrieved from /opt/airflow/dags/eda_airflow.py
[2025-07-19T08:38:28.500+0000] {logging_mixin.py:188} INFO - [2025-07-19T08:38:28.499+0000] {dag.py:3036} INFO - Sync 1 DAGs
[2025-07-19T08:38:28.532+0000] {logging_mixin.py:188} INFO - [2025-07-19T08:38:28.532+0000] {dag.py:3823} INFO - Setting next_dagrun for run_eda_script_fixedddddddddddddd to None, run_after=None
[2025-07-19T08:38:28.595+0000] {processor.py:183} INFO - Processing /opt/airflow/dags/eda_airflow.py took 16.494 seconds
[2025-07-19T08:38:59.751+0000] {processor.py:161} INFO - Started process (PID=7137) to work on /opt/airflow/dags/eda_airflow.py
[2025-07-19T08:38:59.752+0000] {processor.py:830} INFO - Processing file /opt/airflow/dags/eda_airflow.py for tasks to queue
[2025-07-19T08:38:59.753+0000] {logging_mixin.py:188} INFO - [2025-07-19T08:38:59.753+0000] {dagbag.py:538} INFO - Filling up the DagBag from /opt/airflow/dags/eda_airflow.py
[2025-07-19T08:38:59.844+0000] {processor.py:840} INFO - DAG(s) 'run_eda_script_fixedddddddddddddd' retrieved from /opt/airflow/dags/eda_airflow.py
[2025-07-19T08:39:03.050+0000] {logging_mixin.py:188} INFO - [2025-07-19T08:39:03.050+0000] {dag.py:3036} INFO - Sync 1 DAGs
[2025-07-19T08:39:04.851+0000] {logging_mixin.py:188} INFO - [2025-07-19T08:39:04.850+0000] {dag.py:3823} INFO - Setting next_dagrun for run_eda_script_fixedddddddddddddd to None, run_after=None
[2025-07-19T08:39:06.284+0000] {processor.py:183} INFO - Processing /opt/airflow/dags/eda_airflow.py took 6.539 seconds
[2025-07-19T08:39:41.071+0000] {processor.py:161} INFO - Started process (PID=7157) to work on /opt/airflow/dags/eda_airflow.py
[2025-07-19T08:39:41.246+0000] {processor.py:830} INFO - Processing file /opt/airflow/dags/eda_airflow.py for tasks to queue
[2025-07-19T08:39:41.348+0000] {logging_mixin.py:188} INFO - [2025-07-19T08:39:41.347+0000] {dagbag.py:538} INFO - Filling up the DagBag from /opt/airflow/dags/eda_airflow.py
[2025-07-19T08:39:41.412+0000] {processor.py:840} INFO - DAG(s) 'run_eda_script_fixedddddddddddddd' retrieved from /opt/airflow/dags/eda_airflow.py
[2025-07-19T08:39:41.458+0000] {logging_mixin.py:188} INFO - [2025-07-19T08:39:41.458+0000] {dag.py:3036} INFO - Sync 1 DAGs
[2025-07-19T08:39:41.490+0000] {logging_mixin.py:188} INFO - [2025-07-19T08:39:41.490+0000] {dag.py:3823} INFO - Setting next_dagrun for run_eda_script_fixedddddddddddddd to None, run_after=None
[2025-07-19T08:39:42.361+0000] {processor.py:183} INFO - Processing /opt/airflow/dags/eda_airflow.py took 1.694 seconds
[2025-07-19T08:40:15.426+0000] {processor.py:161} INFO - Started process (PID=7174) to work on /opt/airflow/dags/eda_airflow.py
[2025-07-19T08:40:15.428+0000] {processor.py:830} INFO - Processing file /opt/airflow/dags/eda_airflow.py for tasks to queue
[2025-07-19T08:40:15.468+0000] {logging_mixin.py:188} INFO - [2025-07-19T08:40:15.467+0000] {dagbag.py:538} INFO - Filling up the DagBag from /opt/airflow/dags/eda_airflow.py
[2025-07-19T08:40:15.796+0000] {processor.py:840} INFO - DAG(s) 'run_eda_script_fixedddddddddddddd' retrieved from /opt/airflow/dags/eda_airflow.py
[2025-07-19T08:40:15.875+0000] {logging_mixin.py:188} INFO - [2025-07-19T08:40:15.875+0000] {dag.py:3036} INFO - Sync 1 DAGs
[2025-07-19T08:40:15.895+0000] {logging_mixin.py:188} INFO - [2025-07-19T08:40:15.895+0000] {dag.py:3823} INFO - Setting next_dagrun for run_eda_script_fixedddddddddddddd to None, run_after=None
[2025-07-19T08:40:15.944+0000] {processor.py:183} INFO - Processing /opt/airflow/dags/eda_airflow.py took 0.527 seconds
[2025-07-19T08:40:46.805+0000] {processor.py:161} INFO - Started process (PID=7194) to work on /opt/airflow/dags/eda_airflow.py
[2025-07-19T08:40:46.807+0000] {processor.py:830} INFO - Processing file /opt/airflow/dags/eda_airflow.py for tasks to queue
[2025-07-19T08:40:46.809+0000] {logging_mixin.py:188} INFO - [2025-07-19T08:40:46.809+0000] {dagbag.py:538} INFO - Filling up the DagBag from /opt/airflow/dags/eda_airflow.py
[2025-07-19T08:40:46.840+0000] {processor.py:840} INFO - DAG(s) 'run_eda_script_fixedddddddddddddd' retrieved from /opt/airflow/dags/eda_airflow.py
[2025-07-19T08:40:46.881+0000] {logging_mixin.py:188} INFO - [2025-07-19T08:40:46.880+0000] {dag.py:3036} INFO - Sync 1 DAGs
[2025-07-19T08:40:46.897+0000] {logging_mixin.py:188} INFO - [2025-07-19T08:40:46.897+0000] {dag.py:3823} INFO - Setting next_dagrun for run_eda_script_fixedddddddddddddd to None, run_after=None
[2025-07-19T08:40:47.001+0000] {processor.py:183} INFO - Processing /opt/airflow/dags/eda_airflow.py took 0.665 seconds
[2025-07-19T08:41:17.506+0000] {processor.py:161} INFO - Started process (PID=7214) to work on /opt/airflow/dags/eda_airflow.py
[2025-07-19T08:41:17.508+0000] {processor.py:830} INFO - Processing file /opt/airflow/dags/eda_airflow.py for tasks to queue
[2025-07-19T08:41:17.510+0000] {logging_mixin.py:188} INFO - [2025-07-19T08:41:17.509+0000] {dagbag.py:538} INFO - Filling up the DagBag from /opt/airflow/dags/eda_airflow.py
[2025-07-19T08:41:17.563+0000] {processor.py:840} INFO - DAG(s) 'run_eda_script_fixedddddddddddddd' retrieved from /opt/airflow/dags/eda_airflow.py
[2025-07-19T08:41:17.624+0000] {logging_mixin.py:188} INFO - [2025-07-19T08:41:17.623+0000] {dag.py:3036} INFO - Sync 1 DAGs
[2025-07-19T08:41:17.781+0000] {logging_mixin.py:188} INFO - [2025-07-19T08:41:17.781+0000] {dag.py:3823} INFO - Setting next_dagrun for run_eda_script_fixedddddddddddddd to None, run_after=None
[2025-07-19T08:41:17.810+0000] {processor.py:183} INFO - Processing /opt/airflow/dags/eda_airflow.py took 0.318 seconds
[2025-07-19T08:41:48.160+0000] {processor.py:161} INFO - Started process (PID=7234) to work on /opt/airflow/dags/eda_airflow.py
[2025-07-19T08:41:48.162+0000] {processor.py:830} INFO - Processing file /opt/airflow/dags/eda_airflow.py for tasks to queue
[2025-07-19T08:41:48.164+0000] {logging_mixin.py:188} INFO - [2025-07-19T08:41:48.163+0000] {dagbag.py:538} INFO - Filling up the DagBag from /opt/airflow/dags/eda_airflow.py
[2025-07-19T08:41:48.195+0000] {processor.py:840} INFO - DAG(s) 'run_eda_script_fixedddddddddddddd' retrieved from /opt/airflow/dags/eda_airflow.py
[2025-07-19T08:41:48.409+0000] {logging_mixin.py:188} INFO - [2025-07-19T08:41:48.409+0000] {dag.py:3036} INFO - Sync 1 DAGs
[2025-07-19T08:41:48.429+0000] {logging_mixin.py:188} INFO - [2025-07-19T08:41:48.428+0000] {dag.py:3823} INFO - Setting next_dagrun for run_eda_script_fixedddddddddddddd to None, run_after=None
[2025-07-19T08:41:48.456+0000] {processor.py:183} INFO - Processing /opt/airflow/dags/eda_airflow.py took 0.303 seconds
[2025-07-19T08:42:18.779+0000] {processor.py:161} INFO - Started process (PID=7254) to work on /opt/airflow/dags/eda_airflow.py
[2025-07-19T08:42:18.782+0000] {processor.py:830} INFO - Processing file /opt/airflow/dags/eda_airflow.py for tasks to queue
[2025-07-19T08:42:18.784+0000] {logging_mixin.py:188} INFO - [2025-07-19T08:42:18.783+0000] {dagbag.py:538} INFO - Filling up the DagBag from /opt/airflow/dags/eda_airflow.py
[2025-07-19T08:42:18.816+0000] {processor.py:840} INFO - DAG(s) 'run_eda_script_fixedddddddddddddd' retrieved from /opt/airflow/dags/eda_airflow.py
[2025-07-19T08:42:18.854+0000] {logging_mixin.py:188} INFO - [2025-07-19T08:42:18.853+0000] {dag.py:3036} INFO - Sync 1 DAGs
[2025-07-19T08:42:18.868+0000] {logging_mixin.py:188} INFO - [2025-07-19T08:42:18.868+0000] {dag.py:3823} INFO - Setting next_dagrun for run_eda_script_fixedddddddddddddd to None, run_after=None
[2025-07-19T08:42:18.899+0000] {processor.py:183} INFO - Processing /opt/airflow/dags/eda_airflow.py took 0.126 seconds
[2025-07-19T08:42:49.016+0000] {processor.py:161} INFO - Started process (PID=7274) to work on /opt/airflow/dags/eda_airflow.py
[2025-07-19T08:42:49.018+0000] {processor.py:830} INFO - Processing file /opt/airflow/dags/eda_airflow.py for tasks to queue
[2025-07-19T08:42:49.019+0000] {logging_mixin.py:188} INFO - [2025-07-19T08:42:49.019+0000] {dagbag.py:538} INFO - Filling up the DagBag from /opt/airflow/dags/eda_airflow.py
[2025-07-19T08:42:49.046+0000] {processor.py:840} INFO - DAG(s) 'run_eda_script_fixedddddddddddddd' retrieved from /opt/airflow/dags/eda_airflow.py
[2025-07-19T08:42:49.085+0000] {logging_mixin.py:188} INFO - [2025-07-19T08:42:49.084+0000] {dag.py:3036} INFO - Sync 1 DAGs
[2025-07-19T08:42:49.099+0000] {logging_mixin.py:188} INFO - [2025-07-19T08:42:49.099+0000] {dag.py:3823} INFO - Setting next_dagrun for run_eda_script_fixedddddddddddddd to None, run_after=None
[2025-07-19T08:42:49.123+0000] {processor.py:183} INFO - Processing /opt/airflow/dags/eda_airflow.py took 0.112 seconds
[2025-07-19T08:43:20.112+0000] {processor.py:161} INFO - Started process (PID=7294) to work on /opt/airflow/dags/eda_airflow.py
[2025-07-19T08:43:20.114+0000] {processor.py:830} INFO - Processing file /opt/airflow/dags/eda_airflow.py for tasks to queue
[2025-07-19T08:43:20.116+0000] {logging_mixin.py:188} INFO - [2025-07-19T08:43:20.115+0000] {dagbag.py:538} INFO - Filling up the DagBag from /opt/airflow/dags/eda_airflow.py
[2025-07-19T08:43:20.192+0000] {processor.py:840} INFO - DAG(s) 'run_eda_script_fixedddddddddddddd' retrieved from /opt/airflow/dags/eda_airflow.py
[2025-07-19T08:43:20.229+0000] {logging_mixin.py:188} INFO - [2025-07-19T08:43:20.229+0000] {dag.py:3036} INFO - Sync 1 DAGs
[2025-07-19T08:43:20.246+0000] {logging_mixin.py:188} INFO - [2025-07-19T08:43:20.245+0000] {dag.py:3823} INFO - Setting next_dagrun for run_eda_script_fixedddddddddddddd to None, run_after=None
[2025-07-19T08:43:20.276+0000] {processor.py:183} INFO - Processing /opt/airflow/dags/eda_airflow.py took 0.170 seconds
[2025-07-19T08:43:52.016+0000] {processor.py:161} INFO - Started process (PID=7314) to work on /opt/airflow/dags/eda_airflow.py
[2025-07-19T08:43:52.018+0000] {processor.py:830} INFO - Processing file /opt/airflow/dags/eda_airflow.py for tasks to queue
[2025-07-19T08:43:52.019+0000] {logging_mixin.py:188} INFO - [2025-07-19T08:43:52.019+0000] {dagbag.py:538} INFO - Filling up the DagBag from /opt/airflow/dags/eda_airflow.py
[2025-07-19T08:43:52.048+0000] {processor.py:840} INFO - DAG(s) 'run_eda_script_fixedddddddddddddd' retrieved from /opt/airflow/dags/eda_airflow.py
[2025-07-19T08:43:52.096+0000] {logging_mixin.py:188} INFO - [2025-07-19T08:43:52.095+0000] {dag.py:3036} INFO - Sync 1 DAGs
[2025-07-19T08:43:52.113+0000] {logging_mixin.py:188} INFO - [2025-07-19T08:43:52.113+0000] {dag.py:3823} INFO - Setting next_dagrun for run_eda_script_fixedddddddddddddd to None, run_after=None
[2025-07-19T08:43:52.144+0000] {processor.py:183} INFO - Processing /opt/airflow/dags/eda_airflow.py took 0.133 seconds
[2025-07-19T08:44:23.877+0000] {processor.py:161} INFO - Started process (PID=7334) to work on /opt/airflow/dags/eda_airflow.py
[2025-07-19T08:44:24.373+0000] {processor.py:830} INFO - Processing file /opt/airflow/dags/eda_airflow.py for tasks to queue
[2025-07-19T08:44:24.497+0000] {logging_mixin.py:188} INFO - [2025-07-19T08:44:24.449+0000] {dagbag.py:538} INFO - Filling up the DagBag from /opt/airflow/dags/eda_airflow.py
[2025-07-19T08:44:25.249+0000] {processor.py:840} INFO - DAG(s) 'run_eda_script_fixedddddddddddddd' retrieved from /opt/airflow/dags/eda_airflow.py
[2025-07-19T08:44:26.440+0000] {logging_mixin.py:188} INFO - [2025-07-19T08:44:26.439+0000] {dag.py:3036} INFO - Sync 1 DAGs
[2025-07-19T08:44:39.130+0000] {logging_mixin.py:188} INFO - [2025-07-19T08:44:39.130+0000] {dag.py:3823} INFO - Setting next_dagrun for run_eda_script_fixedddddddddddddd to None, run_after=None
[2025-07-19T08:44:39.166+0000] {processor.py:183} INFO - Processing /opt/airflow/dags/eda_airflow.py took 15.905 seconds
[2025-07-19T08:45:09.284+0000] {processor.py:161} INFO - Started process (PID=7362) to work on /opt/airflow/dags/eda_airflow.py
[2025-07-19T08:45:09.286+0000] {processor.py:830} INFO - Processing file /opt/airflow/dags/eda_airflow.py for tasks to queue
[2025-07-19T08:45:09.289+0000] {logging_mixin.py:188} INFO - [2025-07-19T08:45:09.288+0000] {dagbag.py:538} INFO - Filling up the DagBag from /opt/airflow/dags/eda_airflow.py
[2025-07-19T08:45:09.318+0000] {processor.py:840} INFO - DAG(s) 'run_eda_script_fixedddddddddddddd' retrieved from /opt/airflow/dags/eda_airflow.py
[2025-07-19T08:45:09.377+0000] {logging_mixin.py:188} INFO - [2025-07-19T08:45:09.377+0000] {dag.py:3036} INFO - Sync 1 DAGs
[2025-07-19T08:45:09.402+0000] {logging_mixin.py:188} INFO - [2025-07-19T08:45:09.402+0000] {dag.py:3823} INFO - Setting next_dagrun for run_eda_script_fixedddddddddddddd to None, run_after=None
[2025-07-19T08:45:09.439+0000] {processor.py:183} INFO - Processing /opt/airflow/dags/eda_airflow.py took 0.162 seconds
[2025-07-19T08:45:39.619+0000] {processor.py:161} INFO - Started process (PID=7384) to work on /opt/airflow/dags/eda_airflow.py
[2025-07-19T08:45:39.621+0000] {processor.py:830} INFO - Processing file /opt/airflow/dags/eda_airflow.py for tasks to queue
[2025-07-19T08:45:39.623+0000] {logging_mixin.py:188} INFO - [2025-07-19T08:45:39.622+0000] {dagbag.py:538} INFO - Filling up the DagBag from /opt/airflow/dags/eda_airflow.py
[2025-07-19T08:45:39.653+0000] {processor.py:840} INFO - DAG(s) 'run_eda_script_fixedddddddddddddd' retrieved from /opt/airflow/dags/eda_airflow.py
[2025-07-19T08:45:39.688+0000] {logging_mixin.py:188} INFO - [2025-07-19T08:45:39.688+0000] {dag.py:3036} INFO - Sync 1 DAGs
[2025-07-19T08:45:39.703+0000] {logging_mixin.py:188} INFO - [2025-07-19T08:45:39.702+0000] {dag.py:3823} INFO - Setting next_dagrun for run_eda_script_fixedddddddddddddd to None, run_after=None
[2025-07-19T08:45:39.729+0000] {processor.py:183} INFO - Processing /opt/airflow/dags/eda_airflow.py took 0.114 seconds
[2025-07-19T08:46:10.396+0000] {processor.py:161} INFO - Started process (PID=7397) to work on /opt/airflow/dags/eda_airflow.py
[2025-07-19T08:46:10.399+0000] {processor.py:830} INFO - Processing file /opt/airflow/dags/eda_airflow.py for tasks to queue
[2025-07-19T08:46:10.402+0000] {logging_mixin.py:188} INFO - [2025-07-19T08:46:10.401+0000] {dagbag.py:538} INFO - Filling up the DagBag from /opt/airflow/dags/eda_airflow.py
[2025-07-19T08:46:10.432+0000] {processor.py:840} INFO - DAG(s) 'run_eda_script_fixedddddddddddddd' retrieved from /opt/airflow/dags/eda_airflow.py
[2025-07-19T08:46:10.482+0000] {logging_mixin.py:188} INFO - [2025-07-19T08:46:10.482+0000] {dag.py:3036} INFO - Sync 1 DAGs
[2025-07-19T08:46:10.505+0000] {logging_mixin.py:188} INFO - [2025-07-19T08:46:10.504+0000] {dag.py:3823} INFO - Setting next_dagrun for run_eda_script_fixedddddddddddddd to None, run_after=None
[2025-07-19T08:46:10.544+0000] {processor.py:183} INFO - Processing /opt/airflow/dags/eda_airflow.py took 0.154 seconds
[2025-07-19T08:46:40.831+0000] {processor.py:161} INFO - Started process (PID=7419) to work on /opt/airflow/dags/eda_airflow.py
[2025-07-19T08:46:40.834+0000] {processor.py:830} INFO - Processing file /opt/airflow/dags/eda_airflow.py for tasks to queue
[2025-07-19T08:46:40.837+0000] {logging_mixin.py:188} INFO - [2025-07-19T08:46:40.836+0000] {dagbag.py:538} INFO - Filling up the DagBag from /opt/airflow/dags/eda_airflow.py
[2025-07-19T08:46:40.871+0000] {processor.py:840} INFO - DAG(s) 'run_eda_script_fixedddddddddddddd' retrieved from /opt/airflow/dags/eda_airflow.py
[2025-07-19T08:46:40.934+0000] {logging_mixin.py:188} INFO - [2025-07-19T08:46:40.933+0000] {dag.py:3036} INFO - Sync 1 DAGs
[2025-07-19T08:46:40.977+0000] {logging_mixin.py:188} INFO - [2025-07-19T08:46:40.976+0000] {dag.py:3823} INFO - Setting next_dagrun for run_eda_script_fixedddddddddddddd to None, run_after=None
[2025-07-19T08:46:41.039+0000] {processor.py:183} INFO - Processing /opt/airflow/dags/eda_airflow.py took 0.215 seconds
[2025-07-19T08:47:11.434+0000] {processor.py:161} INFO - Started process (PID=7439) to work on /opt/airflow/dags/eda_airflow.py
[2025-07-19T08:47:11.436+0000] {processor.py:830} INFO - Processing file /opt/airflow/dags/eda_airflow.py for tasks to queue
[2025-07-19T08:47:11.438+0000] {logging_mixin.py:188} INFO - [2025-07-19T08:47:11.437+0000] {dagbag.py:538} INFO - Filling up the DagBag from /opt/airflow/dags/eda_airflow.py
[2025-07-19T08:47:11.471+0000] {processor.py:840} INFO - DAG(s) 'run_eda_script_fixedddddddddddddd' retrieved from /opt/airflow/dags/eda_airflow.py
[2025-07-19T08:47:11.517+0000] {logging_mixin.py:188} INFO - [2025-07-19T08:47:11.517+0000] {dag.py:3036} INFO - Sync 1 DAGs
[2025-07-19T08:47:11.734+0000] {logging_mixin.py:188} INFO - [2025-07-19T08:47:11.734+0000] {dag.py:3823} INFO - Setting next_dagrun for run_eda_script_fixedddddddddddddd to None, run_after=None
[2025-07-19T08:47:11.765+0000] {processor.py:183} INFO - Processing /opt/airflow/dags/eda_airflow.py took 0.339 seconds
[2025-07-19T08:47:42.109+0000] {processor.py:161} INFO - Started process (PID=7469) to work on /opt/airflow/dags/eda_airflow.py
[2025-07-19T08:47:42.112+0000] {processor.py:830} INFO - Processing file /opt/airflow/dags/eda_airflow.py for tasks to queue
[2025-07-19T08:47:42.114+0000] {logging_mixin.py:188} INFO - [2025-07-19T08:47:42.113+0000] {dagbag.py:538} INFO - Filling up the DagBag from /opt/airflow/dags/eda_airflow.py
[2025-07-19T08:47:42.144+0000] {processor.py:840} INFO - DAG(s) 'run_eda_script_fixedddddddddddddd' retrieved from /opt/airflow/dags/eda_airflow.py
[2025-07-19T08:47:42.191+0000] {logging_mixin.py:188} INFO - [2025-07-19T08:47:42.191+0000] {dag.py:3036} INFO - Sync 1 DAGs
[2025-07-19T08:47:42.210+0000] {logging_mixin.py:188} INFO - [2025-07-19T08:47:42.210+0000] {dag.py:3823} INFO - Setting next_dagrun for run_eda_script_fixedddddddddddddd to None, run_after=None
[2025-07-19T08:47:42.245+0000] {processor.py:183} INFO - Processing /opt/airflow/dags/eda_airflow.py took 0.143 seconds
[2025-07-19T08:48:13.038+0000] {processor.py:161} INFO - Started process (PID=7489) to work on /opt/airflow/dags/eda_airflow.py
[2025-07-19T08:48:13.042+0000] {processor.py:830} INFO - Processing file /opt/airflow/dags/eda_airflow.py for tasks to queue
[2025-07-19T08:48:13.045+0000] {logging_mixin.py:188} INFO - [2025-07-19T08:48:13.044+0000] {dagbag.py:538} INFO - Filling up the DagBag from /opt/airflow/dags/eda_airflow.py
[2025-07-19T08:48:13.068+0000] {processor.py:840} INFO - DAG(s) 'run_eda_script_fixedddddddddddddd' retrieved from /opt/airflow/dags/eda_airflow.py
[2025-07-19T08:48:13.121+0000] {logging_mixin.py:188} INFO - [2025-07-19T08:48:13.121+0000] {dag.py:3036} INFO - Sync 1 DAGs
[2025-07-19T08:48:13.142+0000] {logging_mixin.py:188} INFO - [2025-07-19T08:48:13.142+0000] {dag.py:3823} INFO - Setting next_dagrun for run_eda_script_fixedddddddddddddd to None, run_after=None
[2025-07-19T08:48:13.181+0000] {processor.py:183} INFO - Processing /opt/airflow/dags/eda_airflow.py took 0.158 seconds
[2025-07-19T08:48:44.107+0000] {processor.py:161} INFO - Started process (PID=7519) to work on /opt/airflow/dags/eda_airflow.py
[2025-07-19T08:48:44.110+0000] {processor.py:830} INFO - Processing file /opt/airflow/dags/eda_airflow.py for tasks to queue
[2025-07-19T08:48:44.113+0000] {logging_mixin.py:188} INFO - [2025-07-19T08:48:44.112+0000] {dagbag.py:538} INFO - Filling up the DagBag from /opt/airflow/dags/eda_airflow.py
[2025-07-19T08:48:44.143+0000] {processor.py:840} INFO - DAG(s) 'run_eda_script_fixedddddddddddddd' retrieved from /opt/airflow/dags/eda_airflow.py
[2025-07-19T08:48:44.190+0000] {logging_mixin.py:188} INFO - [2025-07-19T08:48:44.190+0000] {dag.py:3036} INFO - Sync 1 DAGs
[2025-07-19T08:48:44.209+0000] {logging_mixin.py:188} INFO - [2025-07-19T08:48:44.208+0000] {dag.py:3823} INFO - Setting next_dagrun for run_eda_script_fixedddddddddddddd to None, run_after=None
[2025-07-19T08:48:44.244+0000] {processor.py:183} INFO - Processing /opt/airflow/dags/eda_airflow.py took 0.144 seconds
[2025-07-19T08:49:14.994+0000] {processor.py:161} INFO - Started process (PID=7539) to work on /opt/airflow/dags/eda_airflow.py
[2025-07-19T08:49:14.997+0000] {processor.py:830} INFO - Processing file /opt/airflow/dags/eda_airflow.py for tasks to queue
[2025-07-19T08:49:14.999+0000] {logging_mixin.py:188} INFO - [2025-07-19T08:49:14.998+0000] {dagbag.py:538} INFO - Filling up the DagBag from /opt/airflow/dags/eda_airflow.py
[2025-07-19T08:49:15.052+0000] {processor.py:840} INFO - DAG(s) 'run_eda_script_fixedddddddddddddd' retrieved from /opt/airflow/dags/eda_airflow.py
[2025-07-19T08:49:15.100+0000] {logging_mixin.py:188} INFO - [2025-07-19T08:49:15.100+0000] {dag.py:3036} INFO - Sync 1 DAGs
[2025-07-19T08:49:15.120+0000] {logging_mixin.py:188} INFO - [2025-07-19T08:49:15.120+0000] {dag.py:3823} INFO - Setting next_dagrun for run_eda_script_fixedddddddddddddd to None, run_after=None
[2025-07-19T08:49:15.155+0000] {processor.py:183} INFO - Processing /opt/airflow/dags/eda_airflow.py took 0.169 seconds
[2025-07-19T08:49:45.797+0000] {processor.py:161} INFO - Started process (PID=7559) to work on /opt/airflow/dags/eda_airflow.py
[2025-07-19T08:49:45.799+0000] {processor.py:830} INFO - Processing file /opt/airflow/dags/eda_airflow.py for tasks to queue
[2025-07-19T08:49:45.802+0000] {logging_mixin.py:188} INFO - [2025-07-19T08:49:45.801+0000] {dagbag.py:538} INFO - Filling up the DagBag from /opt/airflow/dags/eda_airflow.py
[2025-07-19T08:49:45.832+0000] {processor.py:840} INFO - DAG(s) 'run_eda_script_fixedddddddddddddd' retrieved from /opt/airflow/dags/eda_airflow.py
[2025-07-19T08:49:45.886+0000] {logging_mixin.py:188} INFO - [2025-07-19T08:49:45.882+0000] {dag.py:3036} INFO - Sync 1 DAGs
[2025-07-19T08:49:45.912+0000] {logging_mixin.py:188} INFO - [2025-07-19T08:49:45.912+0000] {dag.py:3823} INFO - Setting next_dagrun for run_eda_script_fixedddddddddddddd to None, run_after=None
[2025-07-19T08:49:46.145+0000] {processor.py:183} INFO - Processing /opt/airflow/dags/eda_airflow.py took 0.355 seconds
[2025-07-19T08:50:16.301+0000] {processor.py:161} INFO - Started process (PID=7579) to work on /opt/airflow/dags/eda_airflow.py
[2025-07-19T08:50:16.303+0000] {processor.py:830} INFO - Processing file /opt/airflow/dags/eda_airflow.py for tasks to queue
[2025-07-19T08:50:16.309+0000] {logging_mixin.py:188} INFO - [2025-07-19T08:50:16.308+0000] {dagbag.py:538} INFO - Filling up the DagBag from /opt/airflow/dags/eda_airflow.py
[2025-07-19T08:50:16.356+0000] {processor.py:840} INFO - DAG(s) 'run_eda_script_fixedddddddddddddd' retrieved from /opt/airflow/dags/eda_airflow.py
[2025-07-19T08:50:16.693+0000] {logging_mixin.py:188} INFO - [2025-07-19T08:50:16.693+0000] {dag.py:3036} INFO - Sync 1 DAGs
[2025-07-19T08:50:16.712+0000] {logging_mixin.py:188} INFO - [2025-07-19T08:50:16.712+0000] {dag.py:3823} INFO - Setting next_dagrun for run_eda_script_fixedddddddddddddd to None, run_after=None
[2025-07-19T08:50:16.745+0000] {processor.py:183} INFO - Processing /opt/airflow/dags/eda_airflow.py took 0.436 seconds
[2025-07-19T08:50:47.920+0000] {processor.py:161} INFO - Started process (PID=7599) to work on /opt/airflow/dags/eda_airflow.py
[2025-07-19T08:50:47.922+0000] {processor.py:830} INFO - Processing file /opt/airflow/dags/eda_airflow.py for tasks to queue
[2025-07-19T08:50:47.924+0000] {logging_mixin.py:188} INFO - [2025-07-19T08:50:47.924+0000] {dagbag.py:538} INFO - Filling up the DagBag from /opt/airflow/dags/eda_airflow.py
[2025-07-19T08:50:47.960+0000] {processor.py:840} INFO - DAG(s) 'run_eda_script_fixedddddddddddddd' retrieved from /opt/airflow/dags/eda_airflow.py
[2025-07-19T08:50:48.014+0000] {logging_mixin.py:188} INFO - [2025-07-19T08:50:48.014+0000] {dag.py:3036} INFO - Sync 1 DAGs
[2025-07-19T08:50:48.034+0000] {logging_mixin.py:188} INFO - [2025-07-19T08:50:48.034+0000] {dag.py:3823} INFO - Setting next_dagrun for run_eda_script_fixedddddddddddddd to None, run_after=None
[2025-07-19T08:50:48.070+0000] {processor.py:183} INFO - Processing /opt/airflow/dags/eda_airflow.py took 0.156 seconds
[2025-07-19T08:51:18.816+0000] {processor.py:161} INFO - Started process (PID=7619) to work on /opt/airflow/dags/eda_airflow.py
[2025-07-19T08:51:18.819+0000] {processor.py:830} INFO - Processing file /opt/airflow/dags/eda_airflow.py for tasks to queue
[2025-07-19T08:51:18.821+0000] {logging_mixin.py:188} INFO - [2025-07-19T08:51:18.820+0000] {dagbag.py:538} INFO - Filling up the DagBag from /opt/airflow/dags/eda_airflow.py
[2025-07-19T08:51:18.883+0000] {processor.py:840} INFO - DAG(s) 'run_eda_script_fixedddddddddddddd' retrieved from /opt/airflow/dags/eda_airflow.py
[2025-07-19T08:51:18.929+0000] {logging_mixin.py:188} INFO - [2025-07-19T08:51:18.928+0000] {dag.py:3036} INFO - Sync 1 DAGs
[2025-07-19T08:51:18.946+0000] {logging_mixin.py:188} INFO - [2025-07-19T08:51:18.946+0000] {dag.py:3823} INFO - Setting next_dagrun for run_eda_script_fixedddddddddddddd to None, run_after=None
[2025-07-19T08:51:18.980+0000] {processor.py:183} INFO - Processing /opt/airflow/dags/eda_airflow.py took 0.170 seconds
[2025-07-19T08:51:49.814+0000] {processor.py:161} INFO - Started process (PID=7639) to work on /opt/airflow/dags/eda_airflow.py
[2025-07-19T08:51:49.816+0000] {processor.py:830} INFO - Processing file /opt/airflow/dags/eda_airflow.py for tasks to queue
[2025-07-19T08:51:49.818+0000] {logging_mixin.py:188} INFO - [2025-07-19T08:51:49.817+0000] {dagbag.py:538} INFO - Filling up the DagBag from /opt/airflow/dags/eda_airflow.py
[2025-07-19T08:51:49.851+0000] {processor.py:840} INFO - DAG(s) 'run_eda_script_fixedddddddddddddd' retrieved from /opt/airflow/dags/eda_airflow.py
[2025-07-19T08:51:49.905+0000] {logging_mixin.py:188} INFO - [2025-07-19T08:51:49.904+0000] {dag.py:3036} INFO - Sync 1 DAGs
[2025-07-19T08:51:49.922+0000] {logging_mixin.py:188} INFO - [2025-07-19T08:51:49.922+0000] {dag.py:3823} INFO - Setting next_dagrun for run_eda_script_fixedddddddddddddd to None, run_after=None
[2025-07-19T08:51:49.957+0000] {processor.py:183} INFO - Processing /opt/airflow/dags/eda_airflow.py took 0.150 seconds
[2025-07-19T08:52:20.538+0000] {processor.py:161} INFO - Started process (PID=7659) to work on /opt/airflow/dags/eda_airflow.py
[2025-07-19T08:52:20.540+0000] {processor.py:830} INFO - Processing file /opt/airflow/dags/eda_airflow.py for tasks to queue
[2025-07-19T08:52:20.558+0000] {logging_mixin.py:188} INFO - [2025-07-19T08:52:20.557+0000] {dagbag.py:538} INFO - Filling up the DagBag from /opt/airflow/dags/eda_airflow.py
[2025-07-19T08:52:20.601+0000] {processor.py:840} INFO - DAG(s) 'run_eda_script_fixedddddddddddddd' retrieved from /opt/airflow/dags/eda_airflow.py
[2025-07-19T08:52:20.645+0000] {logging_mixin.py:188} INFO - [2025-07-19T08:52:20.645+0000] {dag.py:3036} INFO - Sync 1 DAGs
[2025-07-19T08:52:20.665+0000] {logging_mixin.py:188} INFO - [2025-07-19T08:52:20.665+0000] {dag.py:3823} INFO - Setting next_dagrun for run_eda_script_fixedddddddddddddd to None, run_after=None
[2025-07-19T08:52:20.890+0000] {processor.py:183} INFO - Processing /opt/airflow/dags/eda_airflow.py took 0.359 seconds
[2025-07-19T08:52:51.282+0000] {processor.py:161} INFO - Started process (PID=7679) to work on /opt/airflow/dags/eda_airflow.py
[2025-07-19T08:52:51.283+0000] {processor.py:830} INFO - Processing file /opt/airflow/dags/eda_airflow.py for tasks to queue
[2025-07-19T08:52:51.285+0000] {logging_mixin.py:188} INFO - [2025-07-19T08:52:51.284+0000] {dagbag.py:538} INFO - Filling up the DagBag from /opt/airflow/dags/eda_airflow.py
[2025-07-19T08:52:51.316+0000] {processor.py:840} INFO - DAG(s) 'run_eda_script_fixedddddddddddddd' retrieved from /opt/airflow/dags/eda_airflow.py
[2025-07-19T08:52:51.358+0000] {logging_mixin.py:188} INFO - [2025-07-19T08:52:51.357+0000] {dag.py:3036} INFO - Sync 1 DAGs
[2025-07-19T08:52:51.537+0000] {logging_mixin.py:188} INFO - [2025-07-19T08:52:51.537+0000] {dag.py:3823} INFO - Setting next_dagrun for run_eda_script_fixedddddddddddddd to None, run_after=None
[2025-07-19T08:52:51.571+0000] {processor.py:183} INFO - Processing /opt/airflow/dags/eda_airflow.py took 0.295 seconds
[2025-07-19T08:53:22.019+0000] {processor.py:161} INFO - Started process (PID=7699) to work on /opt/airflow/dags/eda_airflow.py
[2025-07-19T08:53:22.025+0000] {processor.py:830} INFO - Processing file /opt/airflow/dags/eda_airflow.py for tasks to queue
[2025-07-19T08:53:22.029+0000] {logging_mixin.py:188} INFO - [2025-07-19T08:53:22.027+0000] {dagbag.py:538} INFO - Filling up the DagBag from /opt/airflow/dags/eda_airflow.py
[2025-07-19T08:53:22.060+0000] {processor.py:840} INFO - DAG(s) 'run_eda_script_fixedddddddddddddd' retrieved from /opt/airflow/dags/eda_airflow.py
[2025-07-19T08:53:22.303+0000] {logging_mixin.py:188} INFO - [2025-07-19T08:53:22.302+0000] {dag.py:3036} INFO - Sync 1 DAGs
[2025-07-19T08:53:22.322+0000] {logging_mixin.py:188} INFO - [2025-07-19T08:53:22.321+0000] {dag.py:3823} INFO - Setting next_dagrun for run_eda_script_fixedddddddddddddd to None, run_after=None
[2025-07-19T08:53:22.365+0000] {processor.py:183} INFO - Processing /opt/airflow/dags/eda_airflow.py took 0.356 seconds
[2025-07-19T08:53:52.675+0000] {processor.py:161} INFO - Started process (PID=7719) to work on /opt/airflow/dags/eda_airflow.py
[2025-07-19T08:53:52.677+0000] {processor.py:830} INFO - Processing file /opt/airflow/dags/eda_airflow.py for tasks to queue
[2025-07-19T08:53:52.678+0000] {logging_mixin.py:188} INFO - [2025-07-19T08:53:52.678+0000] {dagbag.py:538} INFO - Filling up the DagBag from /opt/airflow/dags/eda_airflow.py
[2025-07-19T08:53:52.708+0000] {processor.py:840} INFO - DAG(s) 'run_eda_script_fixedddddddddddddd' retrieved from /opt/airflow/dags/eda_airflow.py
[2025-07-19T08:53:52.756+0000] {logging_mixin.py:188} INFO - [2025-07-19T08:53:52.756+0000] {dag.py:3036} INFO - Sync 1 DAGs
[2025-07-19T08:53:52.778+0000] {logging_mixin.py:188} INFO - [2025-07-19T08:53:52.778+0000] {dag.py:3823} INFO - Setting next_dagrun for run_eda_script_fixedddddddddddddd to None, run_after=None
[2025-07-19T08:53:52.817+0000] {processor.py:183} INFO - Processing /opt/airflow/dags/eda_airflow.py took 0.148 seconds
[2025-07-19T08:54:23.510+0000] {processor.py:161} INFO - Started process (PID=7739) to work on /opt/airflow/dags/eda_airflow.py
[2025-07-19T08:54:23.513+0000] {processor.py:830} INFO - Processing file /opt/airflow/dags/eda_airflow.py for tasks to queue
[2025-07-19T08:54:23.515+0000] {logging_mixin.py:188} INFO - [2025-07-19T08:54:23.514+0000] {dagbag.py:538} INFO - Filling up the DagBag from /opt/airflow/dags/eda_airflow.py
[2025-07-19T08:54:23.549+0000] {processor.py:840} INFO - DAG(s) 'run_eda_script_fixedddddddddddddd' retrieved from /opt/airflow/dags/eda_airflow.py
[2025-07-19T08:54:23.606+0000] {logging_mixin.py:188} INFO - [2025-07-19T08:54:23.605+0000] {dag.py:3036} INFO - Sync 1 DAGs
[2025-07-19T08:54:23.629+0000] {logging_mixin.py:188} INFO - [2025-07-19T08:54:23.629+0000] {dag.py:3823} INFO - Setting next_dagrun for run_eda_script_fixedddddddddddddd to None, run_after=None
[2025-07-19T08:54:23.671+0000] {processor.py:183} INFO - Processing /opt/airflow/dags/eda_airflow.py took 0.170 seconds
[2025-07-19T08:54:54.468+0000] {processor.py:161} INFO - Started process (PID=7759) to work on /opt/airflow/dags/eda_airflow.py
[2025-07-19T08:54:54.470+0000] {processor.py:830} INFO - Processing file /opt/airflow/dags/eda_airflow.py for tasks to queue
[2025-07-19T08:54:54.473+0000] {logging_mixin.py:188} INFO - [2025-07-19T08:54:54.472+0000] {dagbag.py:538} INFO - Filling up the DagBag from /opt/airflow/dags/eda_airflow.py
[2025-07-19T08:54:54.508+0000] {processor.py:840} INFO - DAG(s) 'run_eda_script_fixedddddddddddddd' retrieved from /opt/airflow/dags/eda_airflow.py
[2025-07-19T08:54:54.568+0000] {logging_mixin.py:188} INFO - [2025-07-19T08:54:54.568+0000] {dag.py:3036} INFO - Sync 1 DAGs
[2025-07-19T08:54:54.590+0000] {logging_mixin.py:188} INFO - [2025-07-19T08:54:54.589+0000] {dag.py:3823} INFO - Setting next_dagrun for run_eda_script_fixedddddddddddddd to None, run_after=None
[2025-07-19T08:54:54.629+0000] {processor.py:183} INFO - Processing /opt/airflow/dags/eda_airflow.py took 0.169 seconds
[2025-07-19T08:55:25.214+0000] {processor.py:161} INFO - Started process (PID=7779) to work on /opt/airflow/dags/eda_airflow.py
[2025-07-19T08:55:25.216+0000] {processor.py:830} INFO - Processing file /opt/airflow/dags/eda_airflow.py for tasks to queue
[2025-07-19T08:55:25.219+0000] {logging_mixin.py:188} INFO - [2025-07-19T08:55:25.218+0000] {dagbag.py:538} INFO - Filling up the DagBag from /opt/airflow/dags/eda_airflow.py
[2025-07-19T08:55:25.271+0000] {processor.py:840} INFO - DAG(s) 'run_eda_script_fixedddddddddddddd' retrieved from /opt/airflow/dags/eda_airflow.py
[2025-07-19T08:55:25.356+0000] {logging_mixin.py:188} INFO - [2025-07-19T08:55:25.356+0000] {dag.py:3036} INFO - Sync 1 DAGs
[2025-07-19T08:55:25.377+0000] {logging_mixin.py:188} INFO - [2025-07-19T08:55:25.377+0000] {dag.py:3823} INFO - Setting next_dagrun for run_eda_script_fixedddddddddddddd to None, run_after=None
[2025-07-19T08:55:25.418+0000] {processor.py:183} INFO - Processing /opt/airflow/dags/eda_airflow.py took 0.214 seconds
[2025-07-19T08:55:56.230+0000] {processor.py:161} INFO - Started process (PID=7799) to work on /opt/airflow/dags/eda_airflow.py
[2025-07-19T08:55:56.231+0000] {processor.py:830} INFO - Processing file /opt/airflow/dags/eda_airflow.py for tasks to queue
[2025-07-19T08:55:56.234+0000] {logging_mixin.py:188} INFO - [2025-07-19T08:55:56.233+0000] {dagbag.py:538} INFO - Filling up the DagBag from /opt/airflow/dags/eda_airflow.py
[2025-07-19T08:55:56.269+0000] {processor.py:840} INFO - DAG(s) 'run_eda_script_fixedddddddddddddd' retrieved from /opt/airflow/dags/eda_airflow.py
[2025-07-19T08:55:56.314+0000] {logging_mixin.py:188} INFO - [2025-07-19T08:55:56.314+0000] {dag.py:3036} INFO - Sync 1 DAGs
[2025-07-19T08:55:56.332+0000] {logging_mixin.py:188} INFO - [2025-07-19T08:55:56.331+0000] {dag.py:3823} INFO - Setting next_dagrun for run_eda_script_fixedddddddddddddd to None, run_after=None
[2025-07-19T08:55:56.365+0000] {processor.py:183} INFO - Processing /opt/airflow/dags/eda_airflow.py took 0.143 seconds
[2025-07-19T08:56:27.089+0000] {processor.py:161} INFO - Started process (PID=7819) to work on /opt/airflow/dags/eda_airflow.py
[2025-07-19T08:56:27.091+0000] {processor.py:830} INFO - Processing file /opt/airflow/dags/eda_airflow.py for tasks to queue
[2025-07-19T08:56:27.093+0000] {logging_mixin.py:188} INFO - [2025-07-19T08:56:27.093+0000] {dagbag.py:538} INFO - Filling up the DagBag from /opt/airflow/dags/eda_airflow.py
[2025-07-19T08:56:27.124+0000] {processor.py:840} INFO - DAG(s) 'run_eda_script_fixedddddddddddddd' retrieved from /opt/airflow/dags/eda_airflow.py
[2025-07-19T08:56:27.168+0000] {logging_mixin.py:188} INFO - [2025-07-19T08:56:27.168+0000] {dag.py:3036} INFO - Sync 1 DAGs
[2025-07-19T08:56:27.189+0000] {logging_mixin.py:188} INFO - [2025-07-19T08:56:27.188+0000] {dag.py:3823} INFO - Setting next_dagrun for run_eda_script_fixedddddddddddddd to None, run_after=None
[2025-07-19T08:56:27.226+0000] {processor.py:183} INFO - Processing /opt/airflow/dags/eda_airflow.py took 0.143 seconds
[2025-07-19T08:56:58.013+0000] {processor.py:161} INFO - Started process (PID=7839) to work on /opt/airflow/dags/eda_airflow.py
[2025-07-19T08:56:58.016+0000] {processor.py:830} INFO - Processing file /opt/airflow/dags/eda_airflow.py for tasks to queue
[2025-07-19T08:56:58.018+0000] {logging_mixin.py:188} INFO - [2025-07-19T08:56:58.017+0000] {dagbag.py:538} INFO - Filling up the DagBag from /opt/airflow/dags/eda_airflow.py
[2025-07-19T08:56:58.052+0000] {processor.py:840} INFO - DAG(s) 'run_eda_script_fixedddddddddddddd' retrieved from /opt/airflow/dags/eda_airflow.py
[2025-07-19T08:56:58.109+0000] {logging_mixin.py:188} INFO - [2025-07-19T08:56:58.108+0000] {dag.py:3036} INFO - Sync 1 DAGs
[2025-07-19T08:56:58.132+0000] {logging_mixin.py:188} INFO - [2025-07-19T08:56:58.132+0000] {dag.py:3823} INFO - Setting next_dagrun for run_eda_script_fixedddddddddddddd to None, run_after=None
[2025-07-19T08:56:58.168+0000] {processor.py:183} INFO - Processing /opt/airflow/dags/eda_airflow.py took 0.160 seconds
[2025-07-19T08:57:28.934+0000] {processor.py:161} INFO - Started process (PID=7859) to work on /opt/airflow/dags/eda_airflow.py
[2025-07-19T08:57:28.936+0000] {processor.py:830} INFO - Processing file /opt/airflow/dags/eda_airflow.py for tasks to queue
[2025-07-19T08:57:28.939+0000] {logging_mixin.py:188} INFO - [2025-07-19T08:57:28.938+0000] {dagbag.py:538} INFO - Filling up the DagBag from /opt/airflow/dags/eda_airflow.py
[2025-07-19T08:57:28.975+0000] {processor.py:840} INFO - DAG(s) 'run_eda_script_fixedddddddddddddd' retrieved from /opt/airflow/dags/eda_airflow.py
[2025-07-19T08:57:29.042+0000] {logging_mixin.py:188} INFO - [2025-07-19T08:57:29.041+0000] {dag.py:3036} INFO - Sync 1 DAGs
[2025-07-19T08:57:29.066+0000] {logging_mixin.py:188} INFO - [2025-07-19T08:57:29.066+0000] {dag.py:3823} INFO - Setting next_dagrun for run_eda_script_fixedddddddddddddd to None, run_after=None
[2025-07-19T08:57:29.111+0000] {processor.py:183} INFO - Processing /opt/airflow/dags/eda_airflow.py took 0.183 seconds
[2025-07-19T08:57:59.852+0000] {processor.py:161} INFO - Started process (PID=7879) to work on /opt/airflow/dags/eda_airflow.py
[2025-07-19T08:57:59.855+0000] {processor.py:830} INFO - Processing file /opt/airflow/dags/eda_airflow.py for tasks to queue
[2025-07-19T08:57:59.857+0000] {logging_mixin.py:188} INFO - [2025-07-19T08:57:59.857+0000] {dagbag.py:538} INFO - Filling up the DagBag from /opt/airflow/dags/eda_airflow.py
[2025-07-19T08:57:59.906+0000] {processor.py:840} INFO - DAG(s) 'run_eda_script_fixedddddddddddddd' retrieved from /opt/airflow/dags/eda_airflow.py
[2025-07-19T08:57:59.964+0000] {logging_mixin.py:188} INFO - [2025-07-19T08:57:59.964+0000] {dag.py:3036} INFO - Sync 1 DAGs
[2025-07-19T08:57:59.987+0000] {logging_mixin.py:188} INFO - [2025-07-19T08:57:59.986+0000] {dag.py:3823} INFO - Setting next_dagrun for run_eda_script_fixedddddddddddddd to None, run_after=None
[2025-07-19T08:58:00.032+0000] {processor.py:183} INFO - Processing /opt/airflow/dags/eda_airflow.py took 0.194 seconds
[2025-07-19T08:58:25.043+0000] {processor.py:161} INFO - Started process (PID=7899) to work on /opt/airflow/dags/eda_airflow.py
[2025-07-19T08:58:25.045+0000] {processor.py:830} INFO - Processing file /opt/airflow/dags/eda_airflow.py for tasks to queue
[2025-07-19T08:58:25.047+0000] {logging_mixin.py:188} INFO - [2025-07-19T08:58:25.046+0000] {dagbag.py:538} INFO - Filling up the DagBag from /opt/airflow/dags/eda_airflow.py
[2025-07-19T08:58:25.116+0000] {processor.py:840} INFO - DAG(s) 'run_streamlit_dash' retrieved from /opt/airflow/dags/eda_airflow.py
[2025-07-19T08:58:25.430+0000] {logging_mixin.py:188} INFO - [2025-07-19T08:58:25.427+0000] {override.py:1769} INFO - Created Permission View: can read on DAG:run_streamlit_dash
[2025-07-19T08:58:25.452+0000] {logging_mixin.py:188} INFO - [2025-07-19T08:58:25.452+0000] {override.py:1769} INFO - Created Permission View: can edit on DAG:run_streamlit_dash
[2025-07-19T08:58:25.468+0000] {logging_mixin.py:188} INFO - [2025-07-19T08:58:25.467+0000] {override.py:1769} INFO - Created Permission View: can delete on DAG:run_streamlit_dash
[2025-07-19T08:58:25.470+0000] {logging_mixin.py:188} INFO - [2025-07-19T08:58:25.470+0000] {dag.py:3036} INFO - Sync 1 DAGs
[2025-07-19T08:58:25.493+0000] {logging_mixin.py:188} INFO - [2025-07-19T08:58:25.492+0000] {dag.py:3058} INFO - Creating ORM DAG for run_streamlit_dash
[2025-07-19T08:58:25.495+0000] {logging_mixin.py:188} INFO - [2025-07-19T08:58:25.494+0000] {dag.py:3823} INFO - Setting next_dagrun for run_streamlit_dash to None, run_after=None
[2025-07-19T08:58:25.541+0000] {processor.py:183} INFO - Processing /opt/airflow/dags/eda_airflow.py took 0.505 seconds
[2025-07-19T08:58:56.243+0000] {processor.py:161} INFO - Started process (PID=7919) to work on /opt/airflow/dags/eda_airflow.py
[2025-07-19T08:58:56.244+0000] {processor.py:830} INFO - Processing file /opt/airflow/dags/eda_airflow.py for tasks to queue
[2025-07-19T08:58:56.245+0000] {logging_mixin.py:188} INFO - [2025-07-19T08:58:56.244+0000] {dagbag.py:538} INFO - Filling up the DagBag from /opt/airflow/dags/eda_airflow.py
[2025-07-19T08:58:56.279+0000] {processor.py:840} INFO - DAG(s) 'run_streamlit_dash' retrieved from /opt/airflow/dags/eda_airflow.py
[2025-07-19T08:58:56.306+0000] {logging_mixin.py:188} INFO - [2025-07-19T08:58:56.306+0000] {dag.py:3036} INFO - Sync 1 DAGs
[2025-07-19T08:58:56.333+0000] {logging_mixin.py:188} INFO - [2025-07-19T08:58:56.333+0000] {dag.py:3823} INFO - Setting next_dagrun for run_streamlit_dash to None, run_after=None
[2025-07-19T08:58:56.356+0000] {processor.py:183} INFO - Processing /opt/airflow/dags/eda_airflow.py took 0.116 seconds
[2025-07-19T08:59:26.752+0000] {processor.py:161} INFO - Started process (PID=7939) to work on /opt/airflow/dags/eda_airflow.py
[2025-07-19T08:59:26.753+0000] {processor.py:830} INFO - Processing file /opt/airflow/dags/eda_airflow.py for tasks to queue
[2025-07-19T08:59:26.754+0000] {logging_mixin.py:188} INFO - [2025-07-19T08:59:26.754+0000] {dagbag.py:538} INFO - Filling up the DagBag from /opt/airflow/dags/eda_airflow.py
[2025-07-19T08:59:26.767+0000] {processor.py:840} INFO - DAG(s) 'run_streamlit_dash' retrieved from /opt/airflow/dags/eda_airflow.py
[2025-07-19T08:59:26.791+0000] {logging_mixin.py:188} INFO - [2025-07-19T08:59:26.790+0000] {dag.py:3036} INFO - Sync 1 DAGs
[2025-07-19T08:59:26.801+0000] {logging_mixin.py:188} INFO - [2025-07-19T08:59:26.801+0000] {dag.py:3823} INFO - Setting next_dagrun for run_streamlit_dash to None, run_after=None
[2025-07-19T08:59:26.819+0000] {processor.py:183} INFO - Processing /opt/airflow/dags/eda_airflow.py took 0.070 seconds
[2025-07-19T08:59:57.242+0000] {processor.py:161} INFO - Started process (PID=7959) to work on /opt/airflow/dags/eda_airflow.py
[2025-07-19T08:59:57.243+0000] {processor.py:830} INFO - Processing file /opt/airflow/dags/eda_airflow.py for tasks to queue
[2025-07-19T08:59:57.244+0000] {logging_mixin.py:188} INFO - [2025-07-19T08:59:57.243+0000] {dagbag.py:538} INFO - Filling up the DagBag from /opt/airflow/dags/eda_airflow.py
[2025-07-19T08:59:57.271+0000] {processor.py:840} INFO - DAG(s) 'run_streamlit_dash' retrieved from /opt/airflow/dags/eda_airflow.py
[2025-07-19T08:59:57.297+0000] {logging_mixin.py:188} INFO - [2025-07-19T08:59:57.297+0000] {dag.py:3036} INFO - Sync 1 DAGs
[2025-07-19T08:59:57.308+0000] {logging_mixin.py:188} INFO - [2025-07-19T08:59:57.308+0000] {dag.py:3823} INFO - Setting next_dagrun for run_streamlit_dash to None, run_after=None
[2025-07-19T08:59:57.327+0000] {processor.py:183} INFO - Processing /opt/airflow/dags/eda_airflow.py took 0.088 seconds
[2025-07-19T09:00:27.730+0000] {processor.py:161} INFO - Started process (PID=7979) to work on /opt/airflow/dags/eda_airflow.py
[2025-07-19T09:00:27.731+0000] {processor.py:830} INFO - Processing file /opt/airflow/dags/eda_airflow.py for tasks to queue
[2025-07-19T09:00:27.733+0000] {logging_mixin.py:188} INFO - [2025-07-19T09:00:27.732+0000] {dagbag.py:538} INFO - Filling up the DagBag from /opt/airflow/dags/eda_airflow.py
[2025-07-19T09:00:27.769+0000] {processor.py:840} INFO - DAG(s) 'run_streamlit_dash' retrieved from /opt/airflow/dags/eda_airflow.py
[2025-07-19T09:00:27.802+0000] {logging_mixin.py:188} INFO - [2025-07-19T09:00:27.802+0000] {dag.py:3036} INFO - Sync 1 DAGs
[2025-07-19T09:00:27.816+0000] {logging_mixin.py:188} INFO - [2025-07-19T09:00:27.816+0000] {dag.py:3823} INFO - Setting next_dagrun for run_streamlit_dash to None, run_after=None
[2025-07-19T09:00:27.835+0000] {processor.py:183} INFO - Processing /opt/airflow/dags/eda_airflow.py took 0.109 seconds
[2025-07-19T09:00:58.249+0000] {processor.py:161} INFO - Started process (PID=7999) to work on /opt/airflow/dags/eda_airflow.py
[2025-07-19T09:00:58.250+0000] {processor.py:830} INFO - Processing file /opt/airflow/dags/eda_airflow.py for tasks to queue
[2025-07-19T09:00:58.251+0000] {logging_mixin.py:188} INFO - [2025-07-19T09:00:58.251+0000] {dagbag.py:538} INFO - Filling up the DagBag from /opt/airflow/dags/eda_airflow.py
[2025-07-19T09:00:58.265+0000] {processor.py:840} INFO - DAG(s) 'run_streamlit_dash' retrieved from /opt/airflow/dags/eda_airflow.py
[2025-07-19T09:00:58.292+0000] {logging_mixin.py:188} INFO - [2025-07-19T09:00:58.291+0000] {dag.py:3036} INFO - Sync 1 DAGs
[2025-07-19T09:00:58.304+0000] {logging_mixin.py:188} INFO - [2025-07-19T09:00:58.303+0000] {dag.py:3823} INFO - Setting next_dagrun for run_streamlit_dash to None, run_after=None
[2025-07-19T09:00:58.323+0000] {processor.py:183} INFO - Processing /opt/airflow/dags/eda_airflow.py took 0.078 seconds
[2025-07-19T09:01:28.769+0000] {processor.py:161} INFO - Started process (PID=8019) to work on /opt/airflow/dags/eda_airflow.py
[2025-07-19T09:01:28.786+0000] {processor.py:830} INFO - Processing file /opt/airflow/dags/eda_airflow.py for tasks to queue
[2025-07-19T09:01:28.787+0000] {logging_mixin.py:188} INFO - [2025-07-19T09:01:28.786+0000] {dagbag.py:538} INFO - Filling up the DagBag from /opt/airflow/dags/eda_airflow.py
[2025-07-19T09:01:28.799+0000] {processor.py:840} INFO - DAG(s) 'run_streamlit_dash' retrieved from /opt/airflow/dags/eda_airflow.py
[2025-07-19T09:01:28.827+0000] {logging_mixin.py:188} INFO - [2025-07-19T09:01:28.827+0000] {dag.py:3036} INFO - Sync 1 DAGs
[2025-07-19T09:01:28.839+0000] {logging_mixin.py:188} INFO - [2025-07-19T09:01:28.838+0000] {dag.py:3823} INFO - Setting next_dagrun for run_streamlit_dash to None, run_after=None
[2025-07-19T09:01:28.859+0000] {processor.py:183} INFO - Processing /opt/airflow/dags/eda_airflow.py took 0.092 seconds
[2025-07-19T09:01:59.275+0000] {processor.py:161} INFO - Started process (PID=8039) to work on /opt/airflow/dags/eda_airflow.py
[2025-07-19T09:01:59.276+0000] {processor.py:830} INFO - Processing file /opt/airflow/dags/eda_airflow.py for tasks to queue
[2025-07-19T09:01:59.276+0000] {logging_mixin.py:188} INFO - [2025-07-19T09:01:59.276+0000] {dagbag.py:538} INFO - Filling up the DagBag from /opt/airflow/dags/eda_airflow.py
[2025-07-19T09:01:59.289+0000] {processor.py:840} INFO - DAG(s) 'run_streamlit_dash' retrieved from /opt/airflow/dags/eda_airflow.py
[2025-07-19T09:01:59.312+0000] {logging_mixin.py:188} INFO - [2025-07-19T09:01:59.312+0000] {dag.py:3036} INFO - Sync 1 DAGs
[2025-07-19T09:01:59.324+0000] {logging_mixin.py:188} INFO - [2025-07-19T09:01:59.323+0000] {dag.py:3823} INFO - Setting next_dagrun for run_streamlit_dash to None, run_after=None
[2025-07-19T09:01:59.350+0000] {processor.py:183} INFO - Processing /opt/airflow/dags/eda_airflow.py took 0.078 seconds
[2025-07-19T09:02:29.771+0000] {processor.py:161} INFO - Started process (PID=8059) to work on /opt/airflow/dags/eda_airflow.py
[2025-07-19T09:02:29.771+0000] {processor.py:830} INFO - Processing file /opt/airflow/dags/eda_airflow.py for tasks to queue
[2025-07-19T09:02:29.772+0000] {logging_mixin.py:188} INFO - [2025-07-19T09:02:29.772+0000] {dagbag.py:538} INFO - Filling up the DagBag from /opt/airflow/dags/eda_airflow.py
[2025-07-19T09:02:29.794+0000] {processor.py:840} INFO - DAG(s) 'run_streamlit_dash' retrieved from /opt/airflow/dags/eda_airflow.py
[2025-07-19T09:02:29.820+0000] {logging_mixin.py:188} INFO - [2025-07-19T09:02:29.820+0000] {dag.py:3036} INFO - Sync 1 DAGs
[2025-07-19T09:02:29.831+0000] {logging_mixin.py:188} INFO - [2025-07-19T09:02:29.831+0000] {dag.py:3823} INFO - Setting next_dagrun for run_streamlit_dash to None, run_after=None
[2025-07-19T09:02:29.850+0000] {processor.py:183} INFO - Processing /opt/airflow/dags/eda_airflow.py took 0.082 seconds
[2025-07-19T09:03:00.475+0000] {processor.py:161} INFO - Started process (PID=8079) to work on /opt/airflow/dags/eda_airflow.py
[2025-07-19T09:03:00.476+0000] {processor.py:830} INFO - Processing file /opt/airflow/dags/eda_airflow.py for tasks to queue
[2025-07-19T09:03:00.477+0000] {logging_mixin.py:188} INFO - [2025-07-19T09:03:00.477+0000] {dagbag.py:538} INFO - Filling up the DagBag from /opt/airflow/dags/eda_airflow.py
[2025-07-19T09:03:00.488+0000] {processor.py:840} INFO - DAG(s) 'run_streamlit_dash' retrieved from /opt/airflow/dags/eda_airflow.py
[2025-07-19T09:03:00.512+0000] {logging_mixin.py:188} INFO - [2025-07-19T09:03:00.512+0000] {dag.py:3036} INFO - Sync 1 DAGs
[2025-07-19T09:03:00.529+0000] {logging_mixin.py:188} INFO - [2025-07-19T09:03:00.529+0000] {dag.py:3823} INFO - Setting next_dagrun for run_streamlit_dash to None, run_after=None
[2025-07-19T09:03:00.552+0000] {processor.py:183} INFO - Processing /opt/airflow/dags/eda_airflow.py took 0.079 seconds
[2025-07-19T09:03:30.893+0000] {processor.py:161} INFO - Started process (PID=8099) to work on /opt/airflow/dags/eda_airflow.py
[2025-07-19T09:03:30.894+0000] {processor.py:830} INFO - Processing file /opt/airflow/dags/eda_airflow.py for tasks to queue
[2025-07-19T09:03:30.895+0000] {logging_mixin.py:188} INFO - [2025-07-19T09:03:30.895+0000] {dagbag.py:538} INFO - Filling up the DagBag from /opt/airflow/dags/eda_airflow.py
[2025-07-19T09:03:30.921+0000] {processor.py:840} INFO - DAG(s) 'run_streamlit_dash' retrieved from /opt/airflow/dags/eda_airflow.py
[2025-07-19T09:03:30.944+0000] {logging_mixin.py:188} INFO - [2025-07-19T09:03:30.944+0000] {dag.py:3036} INFO - Sync 1 DAGs
[2025-07-19T09:03:30.955+0000] {logging_mixin.py:188} INFO - [2025-07-19T09:03:30.955+0000] {dag.py:3823} INFO - Setting next_dagrun for run_streamlit_dash to None, run_after=None
[2025-07-19T09:03:30.974+0000] {processor.py:183} INFO - Processing /opt/airflow/dags/eda_airflow.py took 0.084 seconds
[2025-07-19T09:04:01.349+0000] {processor.py:161} INFO - Started process (PID=8119) to work on /opt/airflow/dags/eda_airflow.py
[2025-07-19T09:04:01.350+0000] {processor.py:830} INFO - Processing file /opt/airflow/dags/eda_airflow.py for tasks to queue
[2025-07-19T09:04:01.351+0000] {logging_mixin.py:188} INFO - [2025-07-19T09:04:01.350+0000] {dagbag.py:538} INFO - Filling up the DagBag from /opt/airflow/dags/eda_airflow.py
[2025-07-19T09:04:01.403+0000] {processor.py:840} INFO - DAG(s) 'run_streamlit_dash' retrieved from /opt/airflow/dags/eda_airflow.py
[2025-07-19T09:04:01.428+0000] {logging_mixin.py:188} INFO - [2025-07-19T09:04:01.428+0000] {dag.py:3036} INFO - Sync 1 DAGs
[2025-07-19T09:04:01.439+0000] {logging_mixin.py:188} INFO - [2025-07-19T09:04:01.439+0000] {dag.py:3823} INFO - Setting next_dagrun for run_streamlit_dash to None, run_after=None
[2025-07-19T09:04:01.460+0000] {processor.py:183} INFO - Processing /opt/airflow/dags/eda_airflow.py took 0.114 seconds
[2025-07-19T09:04:31.746+0000] {processor.py:161} INFO - Started process (PID=8139) to work on /opt/airflow/dags/eda_airflow.py
[2025-07-19T09:04:31.747+0000] {processor.py:830} INFO - Processing file /opt/airflow/dags/eda_airflow.py for tasks to queue
[2025-07-19T09:04:31.748+0000] {logging_mixin.py:188} INFO - [2025-07-19T09:04:31.748+0000] {dagbag.py:538} INFO - Filling up the DagBag from /opt/airflow/dags/eda_airflow.py
[2025-07-19T09:04:31.763+0000] {processor.py:840} INFO - DAG(s) 'run_streamlit_dash' retrieved from /opt/airflow/dags/eda_airflow.py
[2025-07-19T09:04:31.791+0000] {logging_mixin.py:188} INFO - [2025-07-19T09:04:31.790+0000] {dag.py:3036} INFO - Sync 1 DAGs
[2025-07-19T09:04:31.804+0000] {logging_mixin.py:188} INFO - [2025-07-19T09:04:31.804+0000] {dag.py:3823} INFO - Setting next_dagrun for run_streamlit_dash to None, run_after=None
[2025-07-19T09:04:31.828+0000] {processor.py:183} INFO - Processing /opt/airflow/dags/eda_airflow.py took 0.085 seconds
[2025-07-19T09:05:02.197+0000] {processor.py:161} INFO - Started process (PID=8159) to work on /opt/airflow/dags/eda_airflow.py
[2025-07-19T09:05:02.198+0000] {processor.py:830} INFO - Processing file /opt/airflow/dags/eda_airflow.py for tasks to queue
[2025-07-19T09:05:02.199+0000] {logging_mixin.py:188} INFO - [2025-07-19T09:05:02.199+0000] {dagbag.py:538} INFO - Filling up the DagBag from /opt/airflow/dags/eda_airflow.py
[2025-07-19T09:05:02.213+0000] {processor.py:840} INFO - DAG(s) 'run_streamlit_dash' retrieved from /opt/airflow/dags/eda_airflow.py
[2025-07-19T09:05:02.239+0000] {logging_mixin.py:188} INFO - [2025-07-19T09:05:02.239+0000] {dag.py:3036} INFO - Sync 1 DAGs
[2025-07-19T09:05:02.250+0000] {logging_mixin.py:188} INFO - [2025-07-19T09:05:02.250+0000] {dag.py:3823} INFO - Setting next_dagrun for run_streamlit_dash to None, run_after=None
[2025-07-19T09:05:02.272+0000] {processor.py:183} INFO - Processing /opt/airflow/dags/eda_airflow.py took 0.078 seconds
[2025-07-19T09:05:32.722+0000] {processor.py:161} INFO - Started process (PID=8179) to work on /opt/airflow/dags/eda_airflow.py
[2025-07-19T09:05:32.723+0000] {processor.py:830} INFO - Processing file /opt/airflow/dags/eda_airflow.py for tasks to queue
[2025-07-19T09:05:32.725+0000] {logging_mixin.py:188} INFO - [2025-07-19T09:05:32.724+0000] {dagbag.py:538} INFO - Filling up the DagBag from /opt/airflow/dags/eda_airflow.py
[2025-07-19T09:05:32.740+0000] {processor.py:840} INFO - DAG(s) 'run_streamlit_dash' retrieved from /opt/airflow/dags/eda_airflow.py
[2025-07-19T09:05:32.773+0000] {logging_mixin.py:188} INFO - [2025-07-19T09:05:32.773+0000] {dag.py:3036} INFO - Sync 1 DAGs
[2025-07-19T09:05:32.787+0000] {logging_mixin.py:188} INFO - [2025-07-19T09:05:32.787+0000] {dag.py:3823} INFO - Setting next_dagrun for run_streamlit_dash to None, run_after=None
[2025-07-19T09:05:32.807+0000] {processor.py:183} INFO - Processing /opt/airflow/dags/eda_airflow.py took 0.090 seconds
[2025-07-19T09:06:24.450+0000] {processor.py:161} INFO - Started process (PID=8203) to work on /opt/airflow/dags/eda_airflow.py
[2025-07-19T09:06:24.947+0000] {processor.py:830} INFO - Processing file /opt/airflow/dags/eda_airflow.py for tasks to queue
[2025-07-19T09:06:26.489+0000] {logging_mixin.py:188} INFO - [2025-07-19T09:06:25.829+0000] {dagbag.py:538} INFO - Filling up the DagBag from /opt/airflow/dags/eda_airflow.py
[2025-07-19T09:06:36.282+0000] {processor.py:840} INFO - DAG(s) 'run_streamlit_dash' retrieved from /opt/airflow/dags/eda_airflow.py
[2025-07-19T09:06:41.663+0000] {logging_mixin.py:188} INFO - [2025-07-19T09:06:41.663+0000] {dag.py:3036} INFO - Sync 1 DAGs
[2025-07-19T09:06:41.677+0000] {logging_mixin.py:188} INFO - [2025-07-19T09:06:41.676+0000] {dag.py:3823} INFO - Setting next_dagrun for run_streamlit_dash to None, run_after=None
[2025-07-19T09:06:41.750+0000] {processor.py:183} INFO - Processing /opt/airflow/dags/eda_airflow.py took 24.102 seconds
[2025-07-19T09:07:27.343+0000] {processor.py:161} INFO - Started process (PID=8225) to work on /opt/airflow/dags/eda_airflow.py
[2025-07-19T09:07:28.678+0000] {processor.py:830} INFO - Processing file /opt/airflow/dags/eda_airflow.py for tasks to queue
[2025-07-19T09:07:28.680+0000] {logging_mixin.py:188} INFO - [2025-07-19T09:07:28.679+0000] {dagbag.py:538} INFO - Filling up the DagBag from /opt/airflow/dags/eda_airflow.py
[2025-07-19T09:07:35.338+0000] {processor.py:840} INFO - DAG(s) 'run_streamlit_dash' retrieved from /opt/airflow/dags/eda_airflow.py
[2025-07-19T09:07:38.474+0000] {logging_mixin.py:188} INFO - [2025-07-19T09:07:38.474+0000] {dag.py:3036} INFO - Sync 1 DAGs
[2025-07-19T09:07:38.486+0000] {logging_mixin.py:188} INFO - [2025-07-19T09:07:38.485+0000] {dag.py:3823} INFO - Setting next_dagrun for run_streamlit_dash to None, run_after=None
[2025-07-19T09:07:40.337+0000] {processor.py:183} INFO - Processing /opt/airflow/dags/eda_airflow.py took 21.910 seconds
[2025-07-19T09:08:10.749+0000] {processor.py:161} INFO - Started process (PID=8247) to work on /opt/airflow/dags/eda_airflow.py
[2025-07-19T09:08:10.750+0000] {processor.py:830} INFO - Processing file /opt/airflow/dags/eda_airflow.py for tasks to queue
[2025-07-19T09:08:10.751+0000] {logging_mixin.py:188} INFO - [2025-07-19T09:08:10.750+0000] {dagbag.py:538} INFO - Filling up the DagBag from /opt/airflow/dags/eda_airflow.py
[2025-07-19T09:08:10.793+0000] {processor.py:840} INFO - DAG(s) 'run_streamlit_dash' retrieved from /opt/airflow/dags/eda_airflow.py
[2025-07-19T09:08:11.074+0000] {logging_mixin.py:188} INFO - [2025-07-19T09:08:11.074+0000] {dag.py:3036} INFO - Sync 1 DAGs
[2025-07-19T09:08:11.085+0000] {logging_mixin.py:188} INFO - [2025-07-19T09:08:11.084+0000] {dag.py:3823} INFO - Setting next_dagrun for run_streamlit_dash to None, run_after=None
[2025-07-19T09:08:11.101+0000] {processor.py:183} INFO - Processing /opt/airflow/dags/eda_airflow.py took 0.356 seconds
[2025-07-19T09:08:41.514+0000] {processor.py:161} INFO - Started process (PID=8267) to work on /opt/airflow/dags/eda_airflow.py
[2025-07-19T09:08:41.515+0000] {processor.py:830} INFO - Processing file /opt/airflow/dags/eda_airflow.py for tasks to queue
[2025-07-19T09:08:41.516+0000] {logging_mixin.py:188} INFO - [2025-07-19T09:08:41.516+0000] {dagbag.py:538} INFO - Filling up the DagBag from /opt/airflow/dags/eda_airflow.py
[2025-07-19T09:08:41.527+0000] {processor.py:840} INFO - DAG(s) 'run_streamlit_dash' retrieved from /opt/airflow/dags/eda_airflow.py
[2025-07-19T09:08:41.625+0000] {logging_mixin.py:188} INFO - [2025-07-19T09:08:41.625+0000] {dag.py:3036} INFO - Sync 1 DAGs
[2025-07-19T09:08:41.882+0000] {logging_mixin.py:188} INFO - [2025-07-19T09:08:41.882+0000] {dag.py:3823} INFO - Setting next_dagrun for run_streamlit_dash to None, run_after=None
[2025-07-19T09:08:41.924+0000] {processor.py:183} INFO - Processing /opt/airflow/dags/eda_airflow.py took 0.413 seconds
[2025-07-19T09:09:12.884+0000] {processor.py:161} INFO - Started process (PID=8287) to work on /opt/airflow/dags/eda_airflow.py
[2025-07-19T09:09:12.886+0000] {processor.py:830} INFO - Processing file /opt/airflow/dags/eda_airflow.py for tasks to queue
[2025-07-19T09:09:12.887+0000] {logging_mixin.py:188} INFO - [2025-07-19T09:09:12.887+0000] {dagbag.py:538} INFO - Filling up the DagBag from /opt/airflow/dags/eda_airflow.py
[2025-07-19T09:09:12.901+0000] {processor.py:840} INFO - DAG(s) 'run_streamlit_dash' retrieved from /opt/airflow/dags/eda_airflow.py
[2025-07-19T09:09:12.928+0000] {logging_mixin.py:188} INFO - [2025-07-19T09:09:12.927+0000] {dag.py:3036} INFO - Sync 1 DAGs
[2025-07-19T09:09:12.956+0000] {logging_mixin.py:188} INFO - [2025-07-19T09:09:12.956+0000] {dag.py:3823} INFO - Setting next_dagrun for run_streamlit_dash to None, run_after=None
[2025-07-19T09:09:12.990+0000] {processor.py:183} INFO - Processing /opt/airflow/dags/eda_airflow.py took 0.109 seconds
[2025-07-19T09:09:43.251+0000] {processor.py:161} INFO - Started process (PID=8307) to work on /opt/airflow/dags/eda_airflow.py
[2025-07-19T09:09:43.252+0000] {processor.py:830} INFO - Processing file /opt/airflow/dags/eda_airflow.py for tasks to queue
[2025-07-19T09:09:43.253+0000] {logging_mixin.py:188} INFO - [2025-07-19T09:09:43.253+0000] {dagbag.py:538} INFO - Filling up the DagBag from /opt/airflow/dags/eda_airflow.py
[2025-07-19T09:09:43.294+0000] {processor.py:840} INFO - DAG(s) 'run_streamlit_dash' retrieved from /opt/airflow/dags/eda_airflow.py
[2025-07-19T09:09:43.319+0000] {logging_mixin.py:188} INFO - [2025-07-19T09:09:43.319+0000] {dag.py:3036} INFO - Sync 1 DAGs
[2025-07-19T09:09:43.331+0000] {logging_mixin.py:188} INFO - [2025-07-19T09:09:43.330+0000] {dag.py:3823} INFO - Setting next_dagrun for run_streamlit_dash to None, run_after=None
[2025-07-19T09:09:43.353+0000] {processor.py:183} INFO - Processing /opt/airflow/dags/eda_airflow.py took 0.106 seconds
[2025-07-19T09:09:46.552+0000] {processor.py:161} INFO - Started process (PID=8327) to work on /opt/airflow/dags/eda_airflow.py
[2025-07-19T09:09:46.554+0000] {processor.py:830} INFO - Processing file /opt/airflow/dags/eda_airflow.py for tasks to queue
[2025-07-19T09:09:46.556+0000] {logging_mixin.py:188} INFO - [2025-07-19T09:09:46.555+0000] {dagbag.py:538} INFO - Filling up the DagBag from /opt/airflow/dags/eda_airflow.py
[2025-07-19T09:09:46.580+0000] {processor.py:840} INFO - DAG(s) 'launch_streamlit_dashboard' retrieved from /opt/airflow/dags/eda_airflow.py
[2025-07-19T09:09:46.862+0000] {logging_mixin.py:188} INFO - [2025-07-19T09:09:46.860+0000] {override.py:1769} INFO - Created Permission View: can read on DAG:launch_streamlit_dashboard
[2025-07-19T09:09:46.876+0000] {logging_mixin.py:188} INFO - [2025-07-19T09:09:46.875+0000] {override.py:1769} INFO - Created Permission View: can edit on DAG:launch_streamlit_dashboard
[2025-07-19T09:09:46.885+0000] {logging_mixin.py:188} INFO - [2025-07-19T09:09:46.885+0000] {override.py:1769} INFO - Created Permission View: can delete on DAG:launch_streamlit_dashboard
[2025-07-19T09:09:46.886+0000] {logging_mixin.py:188} INFO - [2025-07-19T09:09:46.886+0000] {dag.py:3036} INFO - Sync 1 DAGs
[2025-07-19T09:09:46.896+0000] {logging_mixin.py:188} INFO - [2025-07-19T09:09:46.896+0000] {dag.py:3058} INFO - Creating ORM DAG for launch_streamlit_dashboard
[2025-07-19T09:09:46.897+0000] {logging_mixin.py:188} INFO - [2025-07-19T09:09:46.897+0000] {dag.py:3823} INFO - Setting next_dagrun for launch_streamlit_dashboard to None, run_after=None
[2025-07-19T09:09:46.930+0000] {processor.py:183} INFO - Processing /opt/airflow/dags/eda_airflow.py took 0.383 seconds
[2025-07-19T09:11:05.355+0000] {processor.py:161} INFO - Started process (PID=8341) to work on /opt/airflow/dags/eda_airflow.py
[2025-07-19T09:11:05.356+0000] {processor.py:830} INFO - Processing file /opt/airflow/dags/eda_airflow.py for tasks to queue
[2025-07-19T09:11:05.357+0000] {logging_mixin.py:188} INFO - [2025-07-19T09:11:05.357+0000] {dagbag.py:538} INFO - Filling up the DagBag from /opt/airflow/dags/eda_airflow.py
[2025-07-19T09:11:05.368+0000] {processor.py:840} INFO - DAG(s) 'launch_streamlit_dashboard' retrieved from /opt/airflow/dags/eda_airflow.py
[2025-07-19T09:11:05.392+0000] {logging_mixin.py:188} INFO - [2025-07-19T09:11:05.392+0000] {dag.py:3036} INFO - Sync 1 DAGs
[2025-07-19T09:11:05.404+0000] {logging_mixin.py:188} INFO - [2025-07-19T09:11:05.404+0000] {dag.py:3823} INFO - Setting next_dagrun for launch_streamlit_dashboard to None, run_after=None
[2025-07-19T09:11:05.423+0000] {processor.py:183} INFO - Processing /opt/airflow/dags/eda_airflow.py took 0.072 seconds
[2025-07-19T09:11:59.779+0000] {processor.py:161} INFO - Started process (PID=8353) to work on /opt/airflow/dags/eda_airflow.py
[2025-07-19T09:11:59.972+0000] {processor.py:830} INFO - Processing file /opt/airflow/dags/eda_airflow.py for tasks to queue
[2025-07-19T09:11:59.973+0000] {logging_mixin.py:188} INFO - [2025-07-19T09:11:59.973+0000] {dagbag.py:538} INFO - Filling up the DagBag from /opt/airflow/dags/eda_airflow.py
[2025-07-19T09:12:02.546+0000] {processor.py:840} INFO - DAG(s) 'launch_streamlit_dashboard' retrieved from /opt/airflow/dags/eda_airflow.py
[2025-07-19T09:12:02.581+0000] {logging_mixin.py:188} INFO - [2025-07-19T09:12:02.580+0000] {dag.py:3036} INFO - Sync 1 DAGs
[2025-07-19T09:12:02.596+0000] {logging_mixin.py:188} INFO - [2025-07-19T09:12:02.596+0000] {dag.py:3823} INFO - Setting next_dagrun for launch_streamlit_dashboard to None, run_after=None
[2025-07-19T09:12:02.709+0000] {processor.py:183} INFO - Processing /opt/airflow/dags/eda_airflow.py took 6.805 seconds
[2025-07-19T09:12:33.053+0000] {processor.py:161} INFO - Started process (PID=8370) to work on /opt/airflow/dags/eda_airflow.py
[2025-07-19T09:12:33.054+0000] {processor.py:830} INFO - Processing file /opt/airflow/dags/eda_airflow.py for tasks to queue
[2025-07-19T09:12:33.055+0000] {logging_mixin.py:188} INFO - [2025-07-19T09:12:33.055+0000] {dagbag.py:538} INFO - Filling up the DagBag from /opt/airflow/dags/eda_airflow.py
[2025-07-19T09:12:33.068+0000] {processor.py:840} INFO - DAG(s) 'launch_streamlit_dashboard' retrieved from /opt/airflow/dags/eda_airflow.py
[2025-07-19T09:12:33.096+0000] {logging_mixin.py:188} INFO - [2025-07-19T09:12:33.096+0000] {dag.py:3036} INFO - Sync 1 DAGs
[2025-07-19T09:12:33.111+0000] {logging_mixin.py:188} INFO - [2025-07-19T09:12:33.110+0000] {dag.py:3823} INFO - Setting next_dagrun for launch_streamlit_dashboard to None, run_after=None
[2025-07-19T09:12:33.132+0000] {processor.py:183} INFO - Processing /opt/airflow/dags/eda_airflow.py took 0.083 seconds
[2025-07-19T09:13:03.573+0000] {processor.py:161} INFO - Started process (PID=8390) to work on /opt/airflow/dags/eda_airflow.py
[2025-07-19T09:13:03.574+0000] {processor.py:830} INFO - Processing file /opt/airflow/dags/eda_airflow.py for tasks to queue
[2025-07-19T09:13:03.575+0000] {logging_mixin.py:188} INFO - [2025-07-19T09:13:03.575+0000] {dagbag.py:538} INFO - Filling up the DagBag from /opt/airflow/dags/eda_airflow.py
[2025-07-19T09:13:03.586+0000] {processor.py:840} INFO - DAG(s) 'launch_streamlit_dashboard' retrieved from /opt/airflow/dags/eda_airflow.py
[2025-07-19T09:13:03.614+0000] {logging_mixin.py:188} INFO - [2025-07-19T09:13:03.614+0000] {dag.py:3036} INFO - Sync 1 DAGs
[2025-07-19T09:13:03.628+0000] {logging_mixin.py:188} INFO - [2025-07-19T09:13:03.628+0000] {dag.py:3823} INFO - Setting next_dagrun for launch_streamlit_dashboard to None, run_after=None
[2025-07-19T09:13:03.651+0000] {processor.py:183} INFO - Processing /opt/airflow/dags/eda_airflow.py took 0.081 seconds
[2025-07-19T09:13:33.961+0000] {processor.py:161} INFO - Started process (PID=8410) to work on /opt/airflow/dags/eda_airflow.py
[2025-07-19T09:13:33.962+0000] {processor.py:830} INFO - Processing file /opt/airflow/dags/eda_airflow.py for tasks to queue
[2025-07-19T09:13:33.964+0000] {logging_mixin.py:188} INFO - [2025-07-19T09:13:33.963+0000] {dagbag.py:538} INFO - Filling up the DagBag from /opt/airflow/dags/eda_airflow.py
[2025-07-19T09:13:33.974+0000] {processor.py:840} INFO - DAG(s) 'launch_streamlit_dashboard' retrieved from /opt/airflow/dags/eda_airflow.py
[2025-07-19T09:13:34.011+0000] {logging_mixin.py:188} INFO - [2025-07-19T09:13:34.011+0000] {dag.py:3036} INFO - Sync 1 DAGs
[2025-07-19T09:13:34.022+0000] {logging_mixin.py:188} INFO - [2025-07-19T09:13:34.022+0000] {dag.py:3823} INFO - Setting next_dagrun for launch_streamlit_dashboard to None, run_after=None
[2025-07-19T09:13:34.067+0000] {processor.py:183} INFO - Processing /opt/airflow/dags/eda_airflow.py took 0.110 seconds
[2025-07-19T09:14:17.959+0000] {processor.py:161} INFO - Started process (PID=8432) to work on /opt/airflow/dags/eda_airflow.py
[2025-07-19T09:14:17.996+0000] {processor.py:830} INFO - Processing file /opt/airflow/dags/eda_airflow.py for tasks to queue
[2025-07-19T09:14:18.121+0000] {logging_mixin.py:188} INFO - [2025-07-19T09:14:18.121+0000] {dagbag.py:538} INFO - Filling up the DagBag from /opt/airflow/dags/eda_airflow.py
[2025-07-19T09:14:30.832+0000] {processor.py:840} INFO - DAG(s) 'launch_streamlit_dashboard' retrieved from /opt/airflow/dags/eda_airflow.py
[2025-07-19T09:14:30.930+0000] {logging_mixin.py:188} INFO - [2025-07-19T09:14:30.930+0000] {dag.py:3036} INFO - Sync 1 DAGs
[2025-07-19T09:14:30.946+0000] {logging_mixin.py:188} INFO - [2025-07-19T09:14:30.946+0000] {dag.py:3823} INFO - Setting next_dagrun for launch_streamlit_dashboard to None, run_after=None
[2025-07-19T09:14:31.015+0000] {processor.py:183} INFO - Processing /opt/airflow/dags/eda_airflow.py took 15.050 seconds
[2025-07-19T09:15:01.411+0000] {processor.py:161} INFO - Started process (PID=8459) to work on /opt/airflow/dags/eda_airflow.py
[2025-07-19T09:15:01.413+0000] {processor.py:830} INFO - Processing file /opt/airflow/dags/eda_airflow.py for tasks to queue
[2025-07-19T09:15:01.414+0000] {logging_mixin.py:188} INFO - [2025-07-19T09:15:01.414+0000] {dagbag.py:538} INFO - Filling up the DagBag from /opt/airflow/dags/eda_airflow.py
[2025-07-19T09:15:01.433+0000] {processor.py:840} INFO - DAG(s) 'launch_streamlit_dashboard' retrieved from /opt/airflow/dags/eda_airflow.py
[2025-07-19T09:15:01.598+0000] {logging_mixin.py:188} INFO - [2025-07-19T09:15:01.596+0000] {dag.py:3036} INFO - Sync 1 DAGs
[2025-07-19T09:15:01.611+0000] {logging_mixin.py:188} INFO - [2025-07-19T09:15:01.610+0000] {dag.py:3823} INFO - Setting next_dagrun for launch_streamlit_dashboard to None, run_after=None
[2025-07-19T09:15:01.724+0000] {processor.py:183} INFO - Processing /opt/airflow/dags/eda_airflow.py took 0.317 seconds
[2025-07-19T09:15:33.052+0000] {processor.py:161} INFO - Started process (PID=8479) to work on /opt/airflow/dags/eda_airflow.py
[2025-07-19T09:15:33.053+0000] {processor.py:830} INFO - Processing file /opt/airflow/dags/eda_airflow.py for tasks to queue
[2025-07-19T09:15:33.053+0000] {logging_mixin.py:188} INFO - [2025-07-19T09:15:33.053+0000] {dagbag.py:538} INFO - Filling up the DagBag from /opt/airflow/dags/eda_airflow.py
[2025-07-19T09:15:33.065+0000] {processor.py:840} INFO - DAG(s) 'launch_streamlit_dashboard' retrieved from /opt/airflow/dags/eda_airflow.py
[2025-07-19T09:15:33.088+0000] {logging_mixin.py:188} INFO - [2025-07-19T09:15:33.088+0000] {dag.py:3036} INFO - Sync 1 DAGs
[2025-07-19T09:15:33.099+0000] {logging_mixin.py:188} INFO - [2025-07-19T09:15:33.099+0000] {dag.py:3823} INFO - Setting next_dagrun for launch_streamlit_dashboard to None, run_after=None
[2025-07-19T09:15:33.123+0000] {processor.py:183} INFO - Processing /opt/airflow/dags/eda_airflow.py took 0.075 seconds
[2025-07-19T09:16:03.509+0000] {processor.py:161} INFO - Started process (PID=8499) to work on /opt/airflow/dags/eda_airflow.py
[2025-07-19T09:16:03.511+0000] {processor.py:830} INFO - Processing file /opt/airflow/dags/eda_airflow.py for tasks to queue
[2025-07-19T09:16:03.512+0000] {logging_mixin.py:188} INFO - [2025-07-19T09:16:03.512+0000] {dagbag.py:538} INFO - Filling up the DagBag from /opt/airflow/dags/eda_airflow.py
[2025-07-19T09:16:03.523+0000] {processor.py:840} INFO - DAG(s) 'launch_streamlit_dashboard' retrieved from /opt/airflow/dags/eda_airflow.py
[2025-07-19T09:16:03.553+0000] {logging_mixin.py:188} INFO - [2025-07-19T09:16:03.552+0000] {dag.py:3036} INFO - Sync 1 DAGs
[2025-07-19T09:16:03.566+0000] {logging_mixin.py:188} INFO - [2025-07-19T09:16:03.566+0000] {dag.py:3823} INFO - Setting next_dagrun for launch_streamlit_dashboard to None, run_after=None
[2025-07-19T09:16:03.590+0000] {processor.py:183} INFO - Processing /opt/airflow/dags/eda_airflow.py took 0.086 seconds
[2025-07-19T09:16:33.909+0000] {processor.py:161} INFO - Started process (PID=8519) to work on /opt/airflow/dags/eda_airflow.py
[2025-07-19T09:16:33.910+0000] {processor.py:830} INFO - Processing file /opt/airflow/dags/eda_airflow.py for tasks to queue
[2025-07-19T09:16:33.911+0000] {logging_mixin.py:188} INFO - [2025-07-19T09:16:33.911+0000] {dagbag.py:538} INFO - Filling up the DagBag from /opt/airflow/dags/eda_airflow.py
[2025-07-19T09:16:33.922+0000] {processor.py:840} INFO - DAG(s) 'launch_streamlit_dashboard' retrieved from /opt/airflow/dags/eda_airflow.py
[2025-07-19T09:16:33.948+0000] {logging_mixin.py:188} INFO - [2025-07-19T09:16:33.947+0000] {dag.py:3036} INFO - Sync 1 DAGs
[2025-07-19T09:16:33.961+0000] {logging_mixin.py:188} INFO - [2025-07-19T09:16:33.961+0000] {dag.py:3823} INFO - Setting next_dagrun for launch_streamlit_dashboard to None, run_after=None
[2025-07-19T09:16:33.980+0000] {processor.py:183} INFO - Processing /opt/airflow/dags/eda_airflow.py took 0.074 seconds
[2025-07-19T09:17:04.315+0000] {processor.py:161} INFO - Started process (PID=8539) to work on /opt/airflow/dags/eda_airflow.py
[2025-07-19T09:17:04.316+0000] {processor.py:830} INFO - Processing file /opt/airflow/dags/eda_airflow.py for tasks to queue
[2025-07-19T09:17:04.317+0000] {logging_mixin.py:188} INFO - [2025-07-19T09:17:04.317+0000] {dagbag.py:538} INFO - Filling up the DagBag from /opt/airflow/dags/eda_airflow.py
[2025-07-19T09:17:04.328+0000] {processor.py:840} INFO - DAG(s) 'launch_streamlit_dashboard' retrieved from /opt/airflow/dags/eda_airflow.py
[2025-07-19T09:17:04.358+0000] {logging_mixin.py:188} INFO - [2025-07-19T09:17:04.358+0000] {dag.py:3036} INFO - Sync 1 DAGs
[2025-07-19T09:17:04.371+0000] {logging_mixin.py:188} INFO - [2025-07-19T09:17:04.371+0000] {dag.py:3823} INFO - Setting next_dagrun for launch_streamlit_dashboard to None, run_after=None
[2025-07-19T09:17:04.396+0000] {processor.py:183} INFO - Processing /opt/airflow/dags/eda_airflow.py took 0.085 seconds
[2025-07-19T09:17:34.706+0000] {processor.py:161} INFO - Started process (PID=8559) to work on /opt/airflow/dags/eda_airflow.py
[2025-07-19T09:17:34.707+0000] {processor.py:830} INFO - Processing file /opt/airflow/dags/eda_airflow.py for tasks to queue
[2025-07-19T09:17:34.708+0000] {logging_mixin.py:188} INFO - [2025-07-19T09:17:34.708+0000] {dagbag.py:538} INFO - Filling up the DagBag from /opt/airflow/dags/eda_airflow.py
[2025-07-19T09:17:34.719+0000] {processor.py:840} INFO - DAG(s) 'launch_streamlit_dashboard' retrieved from /opt/airflow/dags/eda_airflow.py
[2025-07-19T09:17:34.748+0000] {logging_mixin.py:188} INFO - [2025-07-19T09:17:34.748+0000] {dag.py:3036} INFO - Sync 1 DAGs
[2025-07-19T09:17:34.761+0000] {logging_mixin.py:188} INFO - [2025-07-19T09:17:34.761+0000] {dag.py:3823} INFO - Setting next_dagrun for launch_streamlit_dashboard to None, run_after=None
[2025-07-19T09:17:34.783+0000] {processor.py:183} INFO - Processing /opt/airflow/dags/eda_airflow.py took 0.080 seconds
[2025-07-19T09:18:05.116+0000] {processor.py:161} INFO - Started process (PID=8579) to work on /opt/airflow/dags/eda_airflow.py
[2025-07-19T09:18:05.117+0000] {processor.py:830} INFO - Processing file /opt/airflow/dags/eda_airflow.py for tasks to queue
[2025-07-19T09:18:05.118+0000] {logging_mixin.py:188} INFO - [2025-07-19T09:18:05.118+0000] {dagbag.py:538} INFO - Filling up the DagBag from /opt/airflow/dags/eda_airflow.py
[2025-07-19T09:18:05.131+0000] {processor.py:840} INFO - DAG(s) 'launch_streamlit_dashboard' retrieved from /opt/airflow/dags/eda_airflow.py
[2025-07-19T09:18:05.159+0000] {logging_mixin.py:188} INFO - [2025-07-19T09:18:05.158+0000] {dag.py:3036} INFO - Sync 1 DAGs
[2025-07-19T09:18:05.257+0000] {logging_mixin.py:188} INFO - [2025-07-19T09:18:05.257+0000] {dag.py:3823} INFO - Setting next_dagrun for launch_streamlit_dashboard to None, run_after=None
[2025-07-19T09:18:05.279+0000] {processor.py:183} INFO - Processing /opt/airflow/dags/eda_airflow.py took 0.167 seconds
[2025-07-19T09:18:22.633+0000] {processor.py:161} INFO - Started process (PID=8594) to work on /opt/airflow/dags/eda_airflow.py
[2025-07-19T09:18:22.634+0000] {processor.py:830} INFO - Processing file /opt/airflow/dags/eda_airflow.py for tasks to queue
[2025-07-19T09:18:22.635+0000] {logging_mixin.py:188} INFO - [2025-07-19T09:18:22.635+0000] {dagbag.py:538} INFO - Filling up the DagBag from /opt/airflow/dags/eda_airflow.py
[2025-07-19T09:18:22.652+0000] {processor.py:840} INFO - DAG(s) 'launch_streamlit_dashboard' retrieved from /opt/airflow/dags/eda_airflow.py
[2025-07-19T09:18:22.754+0000] {logging_mixin.py:188} INFO - [2025-07-19T09:18:22.754+0000] {dag.py:3036} INFO - Sync 1 DAGs
[2025-07-19T09:18:22.764+0000] {logging_mixin.py:188} INFO - [2025-07-19T09:18:22.764+0000] {dag.py:3823} INFO - Setting next_dagrun for launch_streamlit_dashboard to None, run_after=None
[2025-07-19T09:18:22.828+0000] {processor.py:183} INFO - Processing /opt/airflow/dags/eda_airflow.py took 0.198 seconds
[2025-07-19T09:18:53.560+0000] {processor.py:161} INFO - Started process (PID=8614) to work on /opt/airflow/dags/eda_airflow.py
[2025-07-19T09:18:53.561+0000] {processor.py:830} INFO - Processing file /opt/airflow/dags/eda_airflow.py for tasks to queue
[2025-07-19T09:18:53.562+0000] {logging_mixin.py:188} INFO - [2025-07-19T09:18:53.562+0000] {dagbag.py:538} INFO - Filling up the DagBag from /opt/airflow/dags/eda_airflow.py
[2025-07-19T09:18:53.573+0000] {processor.py:840} INFO - DAG(s) 'launch_streamlit_dashboard' retrieved from /opt/airflow/dags/eda_airflow.py
[2025-07-19T09:18:53.599+0000] {logging_mixin.py:188} INFO - [2025-07-19T09:18:53.599+0000] {dag.py:3036} INFO - Sync 1 DAGs
[2025-07-19T09:18:53.948+0000] {logging_mixin.py:188} INFO - [2025-07-19T09:18:53.947+0000] {dag.py:3823} INFO - Setting next_dagrun for launch_streamlit_dashboard to None, run_after=None
[2025-07-19T09:18:53.969+0000] {processor.py:183} INFO - Processing /opt/airflow/dags/eda_airflow.py took 0.412 seconds
[2025-07-19T09:19:24.121+0000] {processor.py:161} INFO - Started process (PID=8638) to work on /opt/airflow/dags/eda_airflow.py
[2025-07-19T09:19:24.123+0000] {processor.py:830} INFO - Processing file /opt/airflow/dags/eda_airflow.py for tasks to queue
[2025-07-19T09:19:24.124+0000] {logging_mixin.py:188} INFO - [2025-07-19T09:19:24.124+0000] {dagbag.py:538} INFO - Filling up the DagBag from /opt/airflow/dags/eda_airflow.py
[2025-07-19T09:19:24.169+0000] {processor.py:840} INFO - DAG(s) 'launch_streamlit_dashboard' retrieved from /opt/airflow/dags/eda_airflow.py
[2025-07-19T09:19:24.196+0000] {logging_mixin.py:188} INFO - [2025-07-19T09:19:24.196+0000] {dag.py:3036} INFO - Sync 1 DAGs
[2025-07-19T09:19:24.209+0000] {logging_mixin.py:188} INFO - [2025-07-19T09:19:24.209+0000] {dag.py:3823} INFO - Setting next_dagrun for launch_streamlit_dashboard to None, run_after=None
[2025-07-19T09:19:24.229+0000] {processor.py:183} INFO - Processing /opt/airflow/dags/eda_airflow.py took 0.112 seconds
[2025-07-19T09:19:54.558+0000] {processor.py:161} INFO - Started process (PID=8659) to work on /opt/airflow/dags/eda_airflow.py
[2025-07-19T09:19:54.578+0000] {processor.py:830} INFO - Processing file /opt/airflow/dags/eda_airflow.py for tasks to queue
[2025-07-19T09:19:54.579+0000] {logging_mixin.py:188} INFO - [2025-07-19T09:19:54.579+0000] {dagbag.py:538} INFO - Filling up the DagBag from /opt/airflow/dags/eda_airflow.py
[2025-07-19T09:19:54.591+0000] {processor.py:840} INFO - DAG(s) 'launch_streamlit_dashboard' retrieved from /opt/airflow/dags/eda_airflow.py
[2025-07-19T09:19:54.618+0000] {logging_mixin.py:188} INFO - [2025-07-19T09:19:54.618+0000] {dag.py:3036} INFO - Sync 1 DAGs
[2025-07-19T09:19:54.631+0000] {logging_mixin.py:188} INFO - [2025-07-19T09:19:54.631+0000] {dag.py:3823} INFO - Setting next_dagrun for launch_streamlit_dashboard to None, run_after=None
[2025-07-19T09:19:54.652+0000] {processor.py:183} INFO - Processing /opt/airflow/dags/eda_airflow.py took 0.099 seconds
[2025-07-19T09:20:25.133+0000] {processor.py:161} INFO - Started process (PID=8679) to work on /opt/airflow/dags/eda_airflow.py
[2025-07-19T09:20:25.134+0000] {processor.py:830} INFO - Processing file /opt/airflow/dags/eda_airflow.py for tasks to queue
[2025-07-19T09:20:25.135+0000] {logging_mixin.py:188} INFO - [2025-07-19T09:20:25.135+0000] {dagbag.py:538} INFO - Filling up the DagBag from /opt/airflow/dags/eda_airflow.py
[2025-07-19T09:20:25.178+0000] {processor.py:840} INFO - DAG(s) 'launch_streamlit_dashboard' retrieved from /opt/airflow/dags/eda_airflow.py
[2025-07-19T09:20:25.202+0000] {logging_mixin.py:188} INFO - [2025-07-19T09:20:25.202+0000] {dag.py:3036} INFO - Sync 1 DAGs
[2025-07-19T09:20:25.213+0000] {logging_mixin.py:188} INFO - [2025-07-19T09:20:25.213+0000] {dag.py:3823} INFO - Setting next_dagrun for launch_streamlit_dashboard to None, run_after=None
[2025-07-19T09:20:25.233+0000] {processor.py:183} INFO - Processing /opt/airflow/dags/eda_airflow.py took 0.103 seconds
[2025-07-19T09:20:55.765+0000] {processor.py:161} INFO - Started process (PID=8704) to work on /opt/airflow/dags/eda_airflow.py
[2025-07-19T09:20:55.766+0000] {processor.py:830} INFO - Processing file /opt/airflow/dags/eda_airflow.py for tasks to queue
[2025-07-19T09:20:55.767+0000] {logging_mixin.py:188} INFO - [2025-07-19T09:20:55.766+0000] {dagbag.py:538} INFO - Filling up the DagBag from /opt/airflow/dags/eda_airflow.py
[2025-07-19T09:20:55.778+0000] {processor.py:840} INFO - DAG(s) 'launch_streamlit_dashboard' retrieved from /opt/airflow/dags/eda_airflow.py
[2025-07-19T09:20:55.790+0000] {logging_mixin.py:188} INFO - [2025-07-19T09:20:55.790+0000] {dag.py:3036} INFO - Sync 1 DAGs
[2025-07-19T09:20:55.803+0000] {logging_mixin.py:188} INFO - [2025-07-19T09:20:55.802+0000] {dag.py:3823} INFO - Setting next_dagrun for launch_streamlit_dashboard to None, run_after=None
[2025-07-19T09:20:55.824+0000] {processor.py:183} INFO - Processing /opt/airflow/dags/eda_airflow.py took 0.064 seconds
[2025-07-19T09:21:26.665+0000] {processor.py:161} INFO - Started process (PID=8729) to work on /opt/airflow/dags/eda_airflow.py
[2025-07-19T09:21:26.666+0000] {processor.py:830} INFO - Processing file /opt/airflow/dags/eda_airflow.py for tasks to queue
[2025-07-19T09:21:26.668+0000] {logging_mixin.py:188} INFO - [2025-07-19T09:21:26.667+0000] {dagbag.py:538} INFO - Filling up the DagBag from /opt/airflow/dags/eda_airflow.py
[2025-07-19T09:21:26.684+0000] {processor.py:840} INFO - DAG(s) 'launch_streamlit_dashboard' retrieved from /opt/airflow/dags/eda_airflow.py
[2025-07-19T09:21:26.798+0000] {logging_mixin.py:188} INFO - [2025-07-19T09:21:26.798+0000] {dag.py:3036} INFO - Sync 1 DAGs
[2025-07-19T09:21:26.809+0000] {logging_mixin.py:188} INFO - [2025-07-19T09:21:26.809+0000] {dag.py:3823} INFO - Setting next_dagrun for launch_streamlit_dashboard to None, run_after=None
[2025-07-19T09:21:27.302+0000] {processor.py:183} INFO - Processing /opt/airflow/dags/eda_airflow.py took 0.643 seconds
[2025-07-19T09:21:58.056+0000] {processor.py:161} INFO - Started process (PID=8754) to work on /opt/airflow/dags/eda_airflow.py
[2025-07-19T09:21:58.057+0000] {processor.py:830} INFO - Processing file /opt/airflow/dags/eda_airflow.py for tasks to queue
[2025-07-19T09:21:58.059+0000] {logging_mixin.py:188} INFO - [2025-07-19T09:21:58.058+0000] {dagbag.py:538} INFO - Filling up the DagBag from /opt/airflow/dags/eda_airflow.py
[2025-07-19T09:21:58.069+0000] {processor.py:840} INFO - DAG(s) 'launch_streamlit_dashboard' retrieved from /opt/airflow/dags/eda_airflow.py
[2025-07-19T09:21:58.099+0000] {logging_mixin.py:188} INFO - [2025-07-19T09:21:58.099+0000] {dag.py:3036} INFO - Sync 1 DAGs
[2025-07-19T09:21:58.113+0000] {logging_mixin.py:188} INFO - [2025-07-19T09:21:58.113+0000] {dag.py:3823} INFO - Setting next_dagrun for launch_streamlit_dashboard to None, run_after=None
[2025-07-19T09:21:58.137+0000] {processor.py:183} INFO - Processing /opt/airflow/dags/eda_airflow.py took 0.086 seconds
[2025-07-19T09:22:29.073+0000] {processor.py:161} INFO - Started process (PID=8779) to work on /opt/airflow/dags/eda_airflow.py
[2025-07-19T09:22:29.074+0000] {processor.py:830} INFO - Processing file /opt/airflow/dags/eda_airflow.py for tasks to queue
[2025-07-19T09:22:29.075+0000] {logging_mixin.py:188} INFO - [2025-07-19T09:22:29.075+0000] {dagbag.py:538} INFO - Filling up the DagBag from /opt/airflow/dags/eda_airflow.py
[2025-07-19T09:22:29.132+0000] {processor.py:840} INFO - DAG(s) 'launch_streamlit_dashboard' retrieved from /opt/airflow/dags/eda_airflow.py
[2025-07-19T09:22:29.144+0000] {logging_mixin.py:188} INFO - [2025-07-19T09:22:29.144+0000] {dag.py:3036} INFO - Sync 1 DAGs
[2025-07-19T09:22:29.159+0000] {logging_mixin.py:188} INFO - [2025-07-19T09:22:29.159+0000] {dag.py:3823} INFO - Setting next_dagrun for launch_streamlit_dashboard to None, run_after=None
[2025-07-19T09:22:29.181+0000] {processor.py:183} INFO - Processing /opt/airflow/dags/eda_airflow.py took 0.112 seconds
[2025-07-19T09:22:59.652+0000] {processor.py:161} INFO - Started process (PID=8804) to work on /opt/airflow/dags/eda_airflow.py
[2025-07-19T09:22:59.654+0000] {processor.py:830} INFO - Processing file /opt/airflow/dags/eda_airflow.py for tasks to queue
[2025-07-19T09:22:59.655+0000] {logging_mixin.py:188} INFO - [2025-07-19T09:22:59.655+0000] {dagbag.py:538} INFO - Filling up the DagBag from /opt/airflow/dags/eda_airflow.py
[2025-07-19T09:22:59.716+0000] {processor.py:840} INFO - DAG(s) 'launch_streamlit_dashboard' retrieved from /opt/airflow/dags/eda_airflow.py
[2025-07-19T09:22:59.842+0000] {logging_mixin.py:188} INFO - [2025-07-19T09:22:59.842+0000] {dag.py:3036} INFO - Sync 1 DAGs
[2025-07-19T09:22:59.854+0000] {logging_mixin.py:188} INFO - [2025-07-19T09:22:59.854+0000] {dag.py:3823} INFO - Setting next_dagrun for launch_streamlit_dashboard to None, run_after=None
[2025-07-19T09:22:59.886+0000] {processor.py:183} INFO - Processing /opt/airflow/dags/eda_airflow.py took 0.237 seconds
[2025-07-19T09:23:30.628+0000] {processor.py:161} INFO - Started process (PID=8829) to work on /opt/airflow/dags/eda_airflow.py
[2025-07-19T09:23:30.630+0000] {processor.py:830} INFO - Processing file /opt/airflow/dags/eda_airflow.py for tasks to queue
[2025-07-19T09:23:30.632+0000] {logging_mixin.py:188} INFO - [2025-07-19T09:23:30.631+0000] {dagbag.py:538} INFO - Filling up the DagBag from /opt/airflow/dags/eda_airflow.py
[2025-07-19T09:23:30.646+0000] {processor.py:840} INFO - DAG(s) 'launch_streamlit_dashboard' retrieved from /opt/airflow/dags/eda_airflow.py
[2025-07-19T09:23:30.733+0000] {logging_mixin.py:188} INFO - [2025-07-19T09:23:30.732+0000] {dag.py:3036} INFO - Sync 1 DAGs
[2025-07-19T09:23:30.746+0000] {logging_mixin.py:188} INFO - [2025-07-19T09:23:30.745+0000] {dag.py:3823} INFO - Setting next_dagrun for launch_streamlit_dashboard to None, run_after=None
[2025-07-19T09:23:30.771+0000] {processor.py:183} INFO - Processing /opt/airflow/dags/eda_airflow.py took 0.147 seconds
[2025-07-19T09:24:00.947+0000] {processor.py:161} INFO - Started process (PID=8854) to work on /opt/airflow/dags/eda_airflow.py
[2025-07-19T09:24:00.948+0000] {processor.py:830} INFO - Processing file /opt/airflow/dags/eda_airflow.py for tasks to queue
[2025-07-19T09:24:00.949+0000] {logging_mixin.py:188} INFO - [2025-07-19T09:24:00.949+0000] {dagbag.py:538} INFO - Filling up the DagBag from /opt/airflow/dags/eda_airflow.py
[2025-07-19T09:24:00.964+0000] {processor.py:840} INFO - DAG(s) 'launch_streamlit_dashboard' retrieved from /opt/airflow/dags/eda_airflow.py
[2025-07-19T09:24:00.976+0000] {logging_mixin.py:188} INFO - [2025-07-19T09:24:00.975+0000] {dag.py:3036} INFO - Sync 1 DAGs
[2025-07-19T09:24:01.007+0000] {logging_mixin.py:188} INFO - [2025-07-19T09:24:01.007+0000] {dag.py:3823} INFO - Setting next_dagrun for launch_streamlit_dashboard to None, run_after=None
[2025-07-19T09:24:01.125+0000] {processor.py:183} INFO - Processing /opt/airflow/dags/eda_airflow.py took 0.183 seconds
[2025-07-19T09:24:32.531+0000] {processor.py:161} INFO - Started process (PID=8882) to work on /opt/airflow/dags/eda_airflow.py
[2025-07-19T09:24:32.560+0000] {processor.py:830} INFO - Processing file /opt/airflow/dags/eda_airflow.py for tasks to queue
[2025-07-19T09:24:32.561+0000] {logging_mixin.py:188} INFO - [2025-07-19T09:24:32.561+0000] {dagbag.py:538} INFO - Filling up the DagBag from /opt/airflow/dags/eda_airflow.py
[2025-07-19T09:24:32.575+0000] {processor.py:840} INFO - DAG(s) 'launch_streamlit_dashboard' retrieved from /opt/airflow/dags/eda_airflow.py
[2025-07-19T09:24:32.803+0000] {logging_mixin.py:188} INFO - [2025-07-19T09:24:32.803+0000] {dag.py:3036} INFO - Sync 1 DAGs
[2025-07-19T09:24:32.815+0000] {logging_mixin.py:188} INFO - [2025-07-19T09:24:32.815+0000] {dag.py:3823} INFO - Setting next_dagrun for launch_streamlit_dashboard to None, run_after=None
[2025-07-19T09:24:33.226+0000] {processor.py:183} INFO - Processing /opt/airflow/dags/eda_airflow.py took 0.698 seconds
[2025-07-19T09:25:03.835+0000] {processor.py:161} INFO - Started process (PID=8904) to work on /opt/airflow/dags/eda_airflow.py
[2025-07-19T09:25:03.837+0000] {processor.py:830} INFO - Processing file /opt/airflow/dags/eda_airflow.py for tasks to queue
[2025-07-19T09:25:03.838+0000] {logging_mixin.py:188} INFO - [2025-07-19T09:25:03.838+0000] {dagbag.py:538} INFO - Filling up the DagBag from /opt/airflow/dags/eda_airflow.py
[2025-07-19T09:25:03.979+0000] {processor.py:840} INFO - DAG(s) 'launch_streamlit_dashboard' retrieved from /opt/airflow/dags/eda_airflow.py
[2025-07-19T09:25:04.073+0000] {logging_mixin.py:188} INFO - [2025-07-19T09:25:04.073+0000] {dag.py:3036} INFO - Sync 1 DAGs
[2025-07-19T09:25:04.084+0000] {logging_mixin.py:188} INFO - [2025-07-19T09:25:04.084+0000] {dag.py:3823} INFO - Setting next_dagrun for launch_streamlit_dashboard to None, run_after=None
[2025-07-19T09:25:04.111+0000] {processor.py:183} INFO - Processing /opt/airflow/dags/eda_airflow.py took 0.279 seconds
[2025-07-19T09:25:34.626+0000] {processor.py:161} INFO - Started process (PID=8930) to work on /opt/airflow/dags/eda_airflow.py
[2025-07-19T09:25:34.627+0000] {processor.py:830} INFO - Processing file /opt/airflow/dags/eda_airflow.py for tasks to queue
[2025-07-19T09:25:34.627+0000] {logging_mixin.py:188} INFO - [2025-07-19T09:25:34.627+0000] {dagbag.py:538} INFO - Filling up the DagBag from /opt/airflow/dags/eda_airflow.py
[2025-07-19T09:25:34.639+0000] {processor.py:840} INFO - DAG(s) 'launch_streamlit_dashboard' retrieved from /opt/airflow/dags/eda_airflow.py
[2025-07-19T09:25:34.742+0000] {logging_mixin.py:188} INFO - [2025-07-19T09:25:34.741+0000] {dag.py:3036} INFO - Sync 1 DAGs
[2025-07-19T09:25:34.759+0000] {logging_mixin.py:188} INFO - [2025-07-19T09:25:34.759+0000] {dag.py:3823} INFO - Setting next_dagrun for launch_streamlit_dashboard to None, run_after=None
[2025-07-19T09:25:35.025+0000] {processor.py:183} INFO - Processing /opt/airflow/dags/eda_airflow.py took 0.402 seconds
[2025-07-19T09:26:05.115+0000] {processor.py:161} INFO - Started process (PID=8957) to work on /opt/airflow/dags/eda_airflow.py
[2025-07-19T09:26:05.116+0000] {processor.py:830} INFO - Processing file /opt/airflow/dags/eda_airflow.py for tasks to queue
[2025-07-19T09:26:05.117+0000] {logging_mixin.py:188} INFO - [2025-07-19T09:26:05.117+0000] {dagbag.py:538} INFO - Filling up the DagBag from /opt/airflow/dags/eda_airflow.py
[2025-07-19T09:26:05.130+0000] {processor.py:840} INFO - DAG(s) 'launch_streamlit_dashboard' retrieved from /opt/airflow/dags/eda_airflow.py
[2025-07-19T09:26:05.239+0000] {logging_mixin.py:188} INFO - [2025-07-19T09:26:05.239+0000] {dag.py:3036} INFO - Sync 1 DAGs
[2025-07-19T09:26:05.248+0000] {logging_mixin.py:188} INFO - [2025-07-19T09:26:05.248+0000] {dag.py:3823} INFO - Setting next_dagrun for launch_streamlit_dashboard to None, run_after=None
[2025-07-19T09:26:05.270+0000] {processor.py:183} INFO - Processing /opt/airflow/dags/eda_airflow.py took 0.158 seconds
[2025-07-19T09:26:36.063+0000] {processor.py:161} INFO - Started process (PID=8985) to work on /opt/airflow/dags/eda_airflow.py
[2025-07-19T09:26:36.064+0000] {processor.py:830} INFO - Processing file /opt/airflow/dags/eda_airflow.py for tasks to queue
[2025-07-19T09:26:36.065+0000] {logging_mixin.py:188} INFO - [2025-07-19T09:26:36.065+0000] {dagbag.py:538} INFO - Filling up the DagBag from /opt/airflow/dags/eda_airflow.py
[2025-07-19T09:26:36.279+0000] {processor.py:840} INFO - DAG(s) 'launch_streamlit_dashboard' retrieved from /opt/airflow/dags/eda_airflow.py
[2025-07-19T09:26:36.329+0000] {logging_mixin.py:188} INFO - [2025-07-19T09:26:36.329+0000] {dag.py:3036} INFO - Sync 1 DAGs
[2025-07-19T09:26:36.364+0000] {logging_mixin.py:188} INFO - [2025-07-19T09:26:36.363+0000] {dag.py:3823} INFO - Setting next_dagrun for launch_streamlit_dashboard to None, run_after=None
[2025-07-19T09:26:36.389+0000] {processor.py:183} INFO - Processing /opt/airflow/dags/eda_airflow.py took 0.329 seconds
[2025-07-19T09:27:06.813+0000] {processor.py:161} INFO - Started process (PID=9010) to work on /opt/airflow/dags/eda_airflow.py
[2025-07-19T09:27:06.815+0000] {processor.py:830} INFO - Processing file /opt/airflow/dags/eda_airflow.py for tasks to queue
[2025-07-19T09:27:06.817+0000] {logging_mixin.py:188} INFO - [2025-07-19T09:27:06.816+0000] {dagbag.py:538} INFO - Filling up the DagBag from /opt/airflow/dags/eda_airflow.py
[2025-07-19T09:27:06.837+0000] {processor.py:840} INFO - DAG(s) 'launch_streamlit_dashboard' retrieved from /opt/airflow/dags/eda_airflow.py
[2025-07-19T09:27:06.854+0000] {logging_mixin.py:188} INFO - [2025-07-19T09:27:06.854+0000] {dag.py:3036} INFO - Sync 1 DAGs
[2025-07-19T09:27:06.874+0000] {logging_mixin.py:188} INFO - [2025-07-19T09:27:06.874+0000] {dag.py:3823} INFO - Setting next_dagrun for launch_streamlit_dashboard to None, run_after=None
[2025-07-19T09:27:06.912+0000] {processor.py:183} INFO - Processing /opt/airflow/dags/eda_airflow.py took 0.106 seconds
[2025-07-19T09:27:37.684+0000] {processor.py:161} INFO - Started process (PID=9033) to work on /opt/airflow/dags/eda_airflow.py
[2025-07-19T09:27:37.685+0000] {processor.py:830} INFO - Processing file /opt/airflow/dags/eda_airflow.py for tasks to queue
[2025-07-19T09:27:37.686+0000] {logging_mixin.py:188} INFO - [2025-07-19T09:27:37.686+0000] {dagbag.py:538} INFO - Filling up the DagBag from /opt/airflow/dags/eda_airflow.py
[2025-07-19T09:27:40.772+0000] {processor.py:840} INFO - DAG(s) 'launch_streamlit_dashboard' retrieved from /opt/airflow/dags/eda_airflow.py
[2025-07-19T09:27:43.748+0000] {logging_mixin.py:188} INFO - [2025-07-19T09:27:43.748+0000] {dag.py:3036} INFO - Sync 1 DAGs
[2025-07-19T09:27:45.929+0000] {logging_mixin.py:188} INFO - [2025-07-19T09:27:45.929+0000] {dag.py:3823} INFO - Setting next_dagrun for launch_streamlit_dashboard to None, run_after=None
[2025-07-19T09:27:57.911+0000] {processor.py:183} INFO - Processing /opt/airflow/dags/eda_airflow.py took 20.151 seconds
[2025-07-19T09:28:30.235+0000] {processor.py:161} INFO - Started process (PID=9063) to work on /opt/airflow/dags/eda_airflow.py
[2025-07-19T09:28:30.236+0000] {processor.py:830} INFO - Processing file /opt/airflow/dags/eda_airflow.py for tasks to queue
[2025-07-19T09:28:30.237+0000] {logging_mixin.py:188} INFO - [2025-07-19T09:28:30.237+0000] {dagbag.py:538} INFO - Filling up the DagBag from /opt/airflow/dags/eda_airflow.py
[2025-07-19T09:28:30.247+0000] {processor.py:840} INFO - DAG(s) 'launch_streamlit_dashboard' retrieved from /opt/airflow/dags/eda_airflow.py
[2025-07-19T09:28:30.272+0000] {logging_mixin.py:188} INFO - [2025-07-19T09:28:30.272+0000] {dag.py:3036} INFO - Sync 1 DAGs
[2025-07-19T09:28:30.283+0000] {logging_mixin.py:188} INFO - [2025-07-19T09:28:30.283+0000] {dag.py:3823} INFO - Setting next_dagrun for launch_streamlit_dashboard to None, run_after=None
[2025-07-19T09:28:30.306+0000] {processor.py:183} INFO - Processing /opt/airflow/dags/eda_airflow.py took 0.074 seconds
[2025-07-19T09:29:01.783+0000] {processor.py:161} INFO - Started process (PID=9086) to work on /opt/airflow/dags/eda_airflow.py
[2025-07-19T09:29:01.785+0000] {processor.py:830} INFO - Processing file /opt/airflow/dags/eda_airflow.py for tasks to queue
[2025-07-19T09:29:01.786+0000] {logging_mixin.py:188} INFO - [2025-07-19T09:29:01.786+0000] {dagbag.py:538} INFO - Filling up the DagBag from /opt/airflow/dags/eda_airflow.py
[2025-07-19T09:29:01.800+0000] {processor.py:840} INFO - DAG(s) 'launch_streamlit_dashboard' retrieved from /opt/airflow/dags/eda_airflow.py
[2025-07-19T09:29:01.814+0000] {logging_mixin.py:188} INFO - [2025-07-19T09:29:01.814+0000] {dag.py:3036} INFO - Sync 1 DAGs
[2025-07-19T09:29:01.827+0000] {logging_mixin.py:188} INFO - [2025-07-19T09:29:01.827+0000] {dag.py:3823} INFO - Setting next_dagrun for launch_streamlit_dashboard to None, run_after=None
[2025-07-19T09:29:01.850+0000] {processor.py:183} INFO - Processing /opt/airflow/dags/eda_airflow.py took 0.070 seconds
[2025-07-19T09:29:32.700+0000] {processor.py:161} INFO - Started process (PID=9108) to work on /opt/airflow/dags/eda_airflow.py
[2025-07-19T09:29:32.701+0000] {processor.py:830} INFO - Processing file /opt/airflow/dags/eda_airflow.py for tasks to queue
[2025-07-19T09:29:32.702+0000] {logging_mixin.py:188} INFO - [2025-07-19T09:29:32.702+0000] {dagbag.py:538} INFO - Filling up the DagBag from /opt/airflow/dags/eda_airflow.py
[2025-07-19T09:29:32.713+0000] {processor.py:840} INFO - DAG(s) 'launch_streamlit_dashboard' retrieved from /opt/airflow/dags/eda_airflow.py
[2025-07-19T09:29:32.812+0000] {logging_mixin.py:188} INFO - [2025-07-19T09:29:32.812+0000] {dag.py:3036} INFO - Sync 1 DAGs
[2025-07-19T09:29:32.821+0000] {logging_mixin.py:188} INFO - [2025-07-19T09:29:32.821+0000] {dag.py:3823} INFO - Setting next_dagrun for launch_streamlit_dashboard to None, run_after=None
[2025-07-19T09:29:32.843+0000] {processor.py:183} INFO - Processing /opt/airflow/dags/eda_airflow.py took 0.146 seconds
[2025-07-19T09:30:14.150+0000] {processor.py:161} INFO - Started process (PID=9123) to work on /opt/airflow/dags/eda_airflow.py
[2025-07-19T09:30:15.042+0000] {processor.py:830} INFO - Processing file /opt/airflow/dags/eda_airflow.py for tasks to queue
[2025-07-19T09:30:15.043+0000] {logging_mixin.py:188} INFO - [2025-07-19T09:30:15.043+0000] {dagbag.py:538} INFO - Filling up the DagBag from /opt/airflow/dags/eda_airflow.py
[2025-07-19T09:30:15.280+0000] {processor.py:840} INFO - DAG(s) 'launch_streamlit_dashboard' retrieved from /opt/airflow/dags/eda_airflow.py
[2025-07-19T09:30:38.565+0000] {logging_mixin.py:188} INFO - [2025-07-19T09:30:38.565+0000] {dag.py:3036} INFO - Sync 1 DAGs
[2025-07-19T09:30:38.583+0000] {logging_mixin.py:188} INFO - [2025-07-19T09:30:38.583+0000] {dag.py:3823} INFO - Setting next_dagrun for launch_streamlit_dashboard to None, run_after=None
[2025-07-19T09:30:38.876+0000] {processor.py:183} INFO - Processing /opt/airflow/dags/eda_airflow.py took 27.709 seconds
[2025-07-19T09:31:09.838+0000] {processor.py:161} INFO - Started process (PID=9148) to work on /opt/airflow/dags/eda_airflow.py
[2025-07-19T09:31:09.839+0000] {processor.py:830} INFO - Processing file /opt/airflow/dags/eda_airflow.py for tasks to queue
[2025-07-19T09:31:09.840+0000] {logging_mixin.py:188} INFO - [2025-07-19T09:31:09.840+0000] {dagbag.py:538} INFO - Filling up the DagBag from /opt/airflow/dags/eda_airflow.py
[2025-07-19T09:31:09.853+0000] {processor.py:840} INFO - DAG(s) 'launch_streamlit_dashboard' retrieved from /opt/airflow/dags/eda_airflow.py
[2025-07-19T09:31:10.238+0000] {logging_mixin.py:188} INFO - [2025-07-19T09:31:10.238+0000] {dag.py:3036} INFO - Sync 1 DAGs
[2025-07-19T09:31:10.257+0000] {logging_mixin.py:188} INFO - [2025-07-19T09:31:10.257+0000] {dag.py:3823} INFO - Setting next_dagrun for launch_streamlit_dashboard to None, run_after=None
[2025-07-19T09:31:13.707+0000] {processor.py:183} INFO - Processing /opt/airflow/dags/eda_airflow.py took 3.874 seconds
[2025-07-19T09:31:44.523+0000] {processor.py:161} INFO - Started process (PID=9173) to work on /opt/airflow/dags/eda_airflow.py
[2025-07-19T09:31:44.524+0000] {processor.py:830} INFO - Processing file /opt/airflow/dags/eda_airflow.py for tasks to queue
[2025-07-19T09:31:44.525+0000] {logging_mixin.py:188} INFO - [2025-07-19T09:31:44.525+0000] {dagbag.py:538} INFO - Filling up the DagBag from /opt/airflow/dags/eda_airflow.py
[2025-07-19T09:31:44.557+0000] {processor.py:840} INFO - DAG(s) 'launch_streamlit_dashboard' retrieved from /opt/airflow/dags/eda_airflow.py
[2025-07-19T09:31:44.976+0000] {logging_mixin.py:188} INFO - [2025-07-19T09:31:44.976+0000] {dag.py:3036} INFO - Sync 1 DAGs
[2025-07-19T09:31:45.370+0000] {logging_mixin.py:188} INFO - [2025-07-19T09:31:45.370+0000] {dag.py:3823} INFO - Setting next_dagrun for launch_streamlit_dashboard to None, run_after=None
[2025-07-19T09:31:45.880+0000] {processor.py:183} INFO - Processing /opt/airflow/dags/eda_airflow.py took 1.359 seconds
[2025-07-19T09:32:16.242+0000] {processor.py:161} INFO - Started process (PID=9198) to work on /opt/airflow/dags/eda_airflow.py
[2025-07-19T09:32:16.244+0000] {processor.py:830} INFO - Processing file /opt/airflow/dags/eda_airflow.py for tasks to queue
[2025-07-19T09:32:16.245+0000] {logging_mixin.py:188} INFO - [2025-07-19T09:32:16.245+0000] {dagbag.py:538} INFO - Filling up the DagBag from /opt/airflow/dags/eda_airflow.py
[2025-07-19T09:32:16.258+0000] {processor.py:840} INFO - DAG(s) 'launch_streamlit_dashboard' retrieved from /opt/airflow/dags/eda_airflow.py
[2025-07-19T09:32:16.270+0000] {logging_mixin.py:188} INFO - [2025-07-19T09:32:16.270+0000] {dag.py:3036} INFO - Sync 1 DAGs
[2025-07-19T09:32:16.286+0000] {logging_mixin.py:188} INFO - [2025-07-19T09:32:16.285+0000] {dag.py:3823} INFO - Setting next_dagrun for launch_streamlit_dashboard to None, run_after=None
[2025-07-19T09:32:16.308+0000] {processor.py:183} INFO - Processing /opt/airflow/dags/eda_airflow.py took 0.070 seconds
[2025-07-19T09:32:46.892+0000] {processor.py:161} INFO - Started process (PID=9230) to work on /opt/airflow/dags/eda_airflow.py
[2025-07-19T09:32:46.893+0000] {processor.py:830} INFO - Processing file /opt/airflow/dags/eda_airflow.py for tasks to queue
[2025-07-19T09:32:46.894+0000] {logging_mixin.py:188} INFO - [2025-07-19T09:32:46.894+0000] {dagbag.py:538} INFO - Filling up the DagBag from /opt/airflow/dags/eda_airflow.py
[2025-07-19T09:32:46.905+0000] {processor.py:840} INFO - DAG(s) 'launch_streamlit_dashboard' retrieved from /opt/airflow/dags/eda_airflow.py
[2025-07-19T09:33:20.360+0000] {logging_mixin.py:188} INFO - [2025-07-19T09:33:20.320+0000] {dag.py:3036} INFO - Sync 1 DAGs
[2025-07-19T09:33:21.756+0000] {logging_mixin.py:188} INFO - [2025-07-19T09:33:21.734+0000] {dag.py:3823} INFO - Setting next_dagrun for launch_streamlit_dashboard to None, run_after=None
[2025-07-19T09:33:22.547+0000] {processor.py:183} INFO - Processing /opt/airflow/dags/eda_airflow.py took 35.784 seconds
[2025-07-19T09:34:09.813+0000] {processor.py:161} INFO - Started process (PID=9246) to work on /opt/airflow/dags/eda_airflow.py
[2025-07-19T09:34:09.814+0000] {processor.py:830} INFO - Processing file /opt/airflow/dags/eda_airflow.py for tasks to queue
[2025-07-19T09:34:09.815+0000] {logging_mixin.py:188} INFO - [2025-07-19T09:34:09.815+0000] {dagbag.py:538} INFO - Filling up the DagBag from /opt/airflow/dags/eda_airflow.py
[2025-07-19T09:34:09.827+0000] {processor.py:840} INFO - DAG(s) 'launch_streamlit_dashboard' retrieved from /opt/airflow/dags/eda_airflow.py
[2025-07-19T09:34:10.849+0000] {logging_mixin.py:188} INFO - [2025-07-19T09:34:10.849+0000] {dag.py:3036} INFO - Sync 1 DAGs
[2025-07-19T09:34:10.890+0000] {logging_mixin.py:188} INFO - [2025-07-19T09:34:10.890+0000] {dag.py:3823} INFO - Setting next_dagrun for launch_streamlit_dashboard to None, run_after=None
[2025-07-19T09:34:10.911+0000] {processor.py:183} INFO - Processing /opt/airflow/dags/eda_airflow.py took 1.101 seconds
[2025-07-19T09:34:41.048+0000] {processor.py:161} INFO - Started process (PID=9273) to work on /opt/airflow/dags/eda_airflow.py
[2025-07-19T09:34:41.049+0000] {processor.py:830} INFO - Processing file /opt/airflow/dags/eda_airflow.py for tasks to queue
[2025-07-19T09:34:41.049+0000] {logging_mixin.py:188} INFO - [2025-07-19T09:34:41.049+0000] {dagbag.py:538} INFO - Filling up the DagBag from /opt/airflow/dags/eda_airflow.py
[2025-07-19T09:34:41.177+0000] {processor.py:840} INFO - DAG(s) 'launch_streamlit_dashboard' retrieved from /opt/airflow/dags/eda_airflow.py
[2025-07-19T09:34:41.322+0000] {logging_mixin.py:188} INFO - [2025-07-19T09:34:41.322+0000] {dag.py:3036} INFO - Sync 1 DAGs
[2025-07-19T09:34:41.332+0000] {logging_mixin.py:188} INFO - [2025-07-19T09:34:41.332+0000] {dag.py:3823} INFO - Setting next_dagrun for launch_streamlit_dashboard to None, run_after=None
[2025-07-19T09:34:41.432+0000] {processor.py:183} INFO - Processing /opt/airflow/dags/eda_airflow.py took 0.388 seconds
[2025-07-19T09:35:18.406+0000] {processor.py:161} INFO - Started process (PID=9294) to work on /opt/airflow/dags/eda_airflow.py
[2025-07-19T09:35:18.407+0000] {processor.py:830} INFO - Processing file /opt/airflow/dags/eda_airflow.py for tasks to queue
[2025-07-19T09:35:18.408+0000] {logging_mixin.py:188} INFO - [2025-07-19T09:35:18.408+0000] {dagbag.py:538} INFO - Filling up the DagBag from /opt/airflow/dags/eda_airflow.py
[2025-07-19T09:35:18.420+0000] {processor.py:840} INFO - DAG(s) 'launch_streamlit_dashboard' retrieved from /opt/airflow/dags/eda_airflow.py
[2025-07-19T09:35:18.553+0000] {logging_mixin.py:188} INFO - [2025-07-19T09:35:18.552+0000] {dag.py:3036} INFO - Sync 1 DAGs
[2025-07-19T09:35:18.564+0000] {logging_mixin.py:188} INFO - [2025-07-19T09:35:18.564+0000] {dag.py:3823} INFO - Setting next_dagrun for launch_streamlit_dashboard to None, run_after=None
[2025-07-19T09:35:18.649+0000] {processor.py:183} INFO - Processing /opt/airflow/dags/eda_airflow.py took 1.009 seconds
[2025-07-19T09:36:56.027+0000] {processor.py:161} INFO - Started process (PID=9311) to work on /opt/airflow/dags/eda_airflow.py
[2025-07-19T09:36:56.051+0000] {processor.py:830} INFO - Processing file /opt/airflow/dags/eda_airflow.py for tasks to queue
[2025-07-19T09:36:56.062+0000] {logging_mixin.py:188} INFO - [2025-07-19T09:36:56.061+0000] {dagbag.py:538} INFO - Filling up the DagBag from /opt/airflow/dags/eda_airflow.py
[2025-07-19T09:36:56.351+0000] {processor.py:840} INFO - DAG(s) 'launch_streamlit_dashboard' retrieved from /opt/airflow/dags/eda_airflow.py
[2025-07-19T09:37:07.876+0000] {logging_mixin.py:188} INFO - [2025-07-19T09:37:07.876+0000] {dag.py:3036} INFO - Sync 1 DAGs
[2025-07-19T09:37:07.888+0000] {logging_mixin.py:188} INFO - [2025-07-19T09:37:07.888+0000] {dag.py:3823} INFO - Setting next_dagrun for launch_streamlit_dashboard to None, run_after=None
[2025-07-19T09:37:07.910+0000] {processor.py:183} INFO - Processing /opt/airflow/dags/eda_airflow.py took 12.153 seconds
[2025-07-19T09:37:43.761+0000] {processor.py:161} INFO - Started process (PID=9472) to work on /opt/airflow/dags/eda_airflow.py
[2025-07-19T09:37:43.796+0000] {processor.py:830} INFO - Processing file /opt/airflow/dags/eda_airflow.py for tasks to queue
[2025-07-19T09:37:43.798+0000] {logging_mixin.py:188} INFO - [2025-07-19T09:37:43.798+0000] {dagbag.py:538} INFO - Filling up the DagBag from /opt/airflow/dags/eda_airflow.py
[2025-07-19T09:37:44.159+0000] {processor.py:840} INFO - DAG(s) 'launch_streamlit_dashboard' retrieved from /opt/airflow/dags/eda_airflow.py
[2025-07-19T09:37:44.259+0000] {logging_mixin.py:188} INFO - [2025-07-19T09:37:44.259+0000] {dag.py:3036} INFO - Sync 1 DAGs
[2025-07-19T09:37:44.321+0000] {logging_mixin.py:188} INFO - [2025-07-19T09:37:44.321+0000] {dag.py:3823} INFO - Setting next_dagrun for launch_streamlit_dashboard to None, run_after=None
[2025-07-19T09:37:52.096+0000] {processor.py:183} INFO - Processing /opt/airflow/dags/eda_airflow.py took 8.440 seconds
[2025-07-19T09:38:23.659+0000] {processor.py:161} INFO - Started process (PID=9711) to work on /opt/airflow/dags/eda_airflow.py
[2025-07-19T09:38:23.661+0000] {processor.py:830} INFO - Processing file /opt/airflow/dags/eda_airflow.py for tasks to queue
[2025-07-19T09:38:23.661+0000] {logging_mixin.py:188} INFO - [2025-07-19T09:38:23.661+0000] {dagbag.py:538} INFO - Filling up the DagBag from /opt/airflow/dags/eda_airflow.py
[2025-07-19T09:38:23.673+0000] {processor.py:840} INFO - DAG(s) 'launch_streamlit_dashboard' retrieved from /opt/airflow/dags/eda_airflow.py
[2025-07-19T09:38:23.683+0000] {logging_mixin.py:188} INFO - [2025-07-19T09:38:23.683+0000] {dag.py:3036} INFO - Sync 1 DAGs
[2025-07-19T09:38:23.695+0000] {logging_mixin.py:188} INFO - [2025-07-19T09:38:23.695+0000] {dag.py:3823} INFO - Setting next_dagrun for launch_streamlit_dashboard to None, run_after=None
[2025-07-19T09:38:23.717+0000] {processor.py:183} INFO - Processing /opt/airflow/dags/eda_airflow.py took 0.060 seconds
[2025-07-19T09:38:54.388+0000] {processor.py:161} INFO - Started process (PID=9736) to work on /opt/airflow/dags/eda_airflow.py
[2025-07-19T09:38:54.389+0000] {processor.py:830} INFO - Processing file /opt/airflow/dags/eda_airflow.py for tasks to queue
[2025-07-19T09:38:54.390+0000] {logging_mixin.py:188} INFO - [2025-07-19T09:38:54.390+0000] {dagbag.py:538} INFO - Filling up the DagBag from /opt/airflow/dags/eda_airflow.py
[2025-07-19T09:38:54.402+0000] {processor.py:840} INFO - DAG(s) 'launch_streamlit_dashboard' retrieved from /opt/airflow/dags/eda_airflow.py
[2025-07-19T09:38:54.499+0000] {logging_mixin.py:188} INFO - [2025-07-19T09:38:54.499+0000] {dag.py:3036} INFO - Sync 1 DAGs
[2025-07-19T09:38:54.509+0000] {logging_mixin.py:188} INFO - [2025-07-19T09:38:54.509+0000] {dag.py:3823} INFO - Setting next_dagrun for launch_streamlit_dashboard to None, run_after=None
[2025-07-19T09:38:54.578+0000] {processor.py:183} INFO - Processing /opt/airflow/dags/eda_airflow.py took 0.193 seconds
[2025-07-19T09:39:28.812+0000] {processor.py:161} INFO - Started process (PID=9766) to work on /opt/airflow/dags/eda_airflow.py
[2025-07-19T09:39:28.844+0000] {processor.py:830} INFO - Processing file /opt/airflow/dags/eda_airflow.py for tasks to queue
[2025-07-19T09:39:28.845+0000] {logging_mixin.py:188} INFO - [2025-07-19T09:39:28.845+0000] {dagbag.py:538} INFO - Filling up the DagBag from /opt/airflow/dags/eda_airflow.py
[2025-07-19T09:39:28.862+0000] {processor.py:840} INFO - DAG(s) 'launch_streamlit_dashboard' retrieved from /opt/airflow/dags/eda_airflow.py
[2025-07-19T09:39:28.905+0000] {logging_mixin.py:188} INFO - [2025-07-19T09:39:28.904+0000] {dag.py:3036} INFO - Sync 1 DAGs
[2025-07-19T09:39:30.365+0000] {logging_mixin.py:188} INFO - [2025-07-19T09:39:30.364+0000] {dag.py:3823} INFO - Setting next_dagrun for launch_streamlit_dashboard to None, run_after=None
[2025-07-19T09:39:30.391+0000] {processor.py:183} INFO - Processing /opt/airflow/dags/eda_airflow.py took 2.405 seconds
[2025-07-19T09:40:01.646+0000] {processor.py:161} INFO - Started process (PID=9793) to work on /opt/airflow/dags/eda_airflow.py
[2025-07-19T09:40:01.649+0000] {processor.py:830} INFO - Processing file /opt/airflow/dags/eda_airflow.py for tasks to queue
[2025-07-19T09:40:01.657+0000] {logging_mixin.py:188} INFO - [2025-07-19T09:40:01.657+0000] {dagbag.py:538} INFO - Filling up the DagBag from /opt/airflow/dags/eda_airflow.py
[2025-07-19T09:40:01.697+0000] {processor.py:840} INFO - DAG(s) 'launch_streamlit_dashboard' retrieved from /opt/airflow/dags/eda_airflow.py
[2025-07-19T09:40:01.762+0000] {logging_mixin.py:188} INFO - [2025-07-19T09:40:01.762+0000] {dag.py:3036} INFO - Sync 1 DAGs
[2025-07-19T09:40:01.795+0000] {logging_mixin.py:188} INFO - [2025-07-19T09:40:01.795+0000] {dag.py:3823} INFO - Setting next_dagrun for launch_streamlit_dashboard to None, run_after=None
[2025-07-19T09:40:01.892+0000] {processor.py:183} INFO - Processing /opt/airflow/dags/eda_airflow.py took 0.250 seconds
[2025-07-19T09:40:32.737+0000] {processor.py:161} INFO - Started process (PID=9818) to work on /opt/airflow/dags/eda_airflow.py
[2025-07-19T09:40:32.738+0000] {processor.py:830} INFO - Processing file /opt/airflow/dags/eda_airflow.py for tasks to queue
[2025-07-19T09:40:32.739+0000] {logging_mixin.py:188} INFO - [2025-07-19T09:40:32.739+0000] {dagbag.py:538} INFO - Filling up the DagBag from /opt/airflow/dags/eda_airflow.py
[2025-07-19T09:40:32.767+0000] {processor.py:840} INFO - DAG(s) 'launch_streamlit_dashboard' retrieved from /opt/airflow/dags/eda_airflow.py
[2025-07-19T09:40:33.022+0000] {logging_mixin.py:188} INFO - [2025-07-19T09:40:33.021+0000] {dag.py:3036} INFO - Sync 1 DAGs
[2025-07-19T09:40:33.037+0000] {logging_mixin.py:188} INFO - [2025-07-19T09:40:33.037+0000] {dag.py:3823} INFO - Setting next_dagrun for launch_streamlit_dashboard to None, run_after=None
[2025-07-19T09:40:33.205+0000] {processor.py:183} INFO - Processing /opt/airflow/dags/eda_airflow.py took 0.471 seconds
[2025-07-19T09:41:03.306+0000] {processor.py:161} INFO - Started process (PID=9849) to work on /opt/airflow/dags/eda_airflow.py
[2025-07-19T09:41:03.309+0000] {processor.py:830} INFO - Processing file /opt/airflow/dags/eda_airflow.py for tasks to queue
[2025-07-19T09:41:03.311+0000] {logging_mixin.py:188} INFO - [2025-07-19T09:41:03.310+0000] {dagbag.py:538} INFO - Filling up the DagBag from /opt/airflow/dags/eda_airflow.py
[2025-07-19T09:41:03.323+0000] {processor.py:840} INFO - DAG(s) 'launch_streamlit_dashboard' retrieved from /opt/airflow/dags/eda_airflow.py
[2025-07-19T09:41:03.355+0000] {logging_mixin.py:188} INFO - [2025-07-19T09:41:03.355+0000] {dag.py:3036} INFO - Sync 1 DAGs
[2025-07-19T09:41:03.370+0000] {logging_mixin.py:188} INFO - [2025-07-19T09:41:03.369+0000] {dag.py:3823} INFO - Setting next_dagrun for launch_streamlit_dashboard to None, run_after=None
[2025-07-19T09:41:03.399+0000] {processor.py:183} INFO - Processing /opt/airflow/dags/eda_airflow.py took 0.096 seconds
[2025-07-19T09:41:34.060+0000] {processor.py:161} INFO - Started process (PID=9874) to work on /opt/airflow/dags/eda_airflow.py
[2025-07-19T09:41:34.061+0000] {processor.py:830} INFO - Processing file /opt/airflow/dags/eda_airflow.py for tasks to queue
[2025-07-19T09:41:34.062+0000] {logging_mixin.py:188} INFO - [2025-07-19T09:41:34.062+0000] {dagbag.py:538} INFO - Filling up the DagBag from /opt/airflow/dags/eda_airflow.py
[2025-07-19T09:41:34.074+0000] {processor.py:840} INFO - DAG(s) 'launch_streamlit_dashboard' retrieved from /opt/airflow/dags/eda_airflow.py
[2025-07-19T09:41:34.085+0000] {logging_mixin.py:188} INFO - [2025-07-19T09:41:34.085+0000] {dag.py:3036} INFO - Sync 1 DAGs
[2025-07-19T09:41:34.098+0000] {logging_mixin.py:188} INFO - [2025-07-19T09:41:34.098+0000] {dag.py:3823} INFO - Setting next_dagrun for launch_streamlit_dashboard to None, run_after=None
[2025-07-19T09:41:34.128+0000] {processor.py:183} INFO - Processing /opt/airflow/dags/eda_airflow.py took 0.074 seconds
[2025-07-19T09:42:04.992+0000] {processor.py:161} INFO - Started process (PID=9900) to work on /opt/airflow/dags/eda_airflow.py
[2025-07-19T09:42:04.993+0000] {processor.py:830} INFO - Processing file /opt/airflow/dags/eda_airflow.py for tasks to queue
[2025-07-19T09:42:04.994+0000] {logging_mixin.py:188} INFO - [2025-07-19T09:42:04.993+0000] {dagbag.py:538} INFO - Filling up the DagBag from /opt/airflow/dags/eda_airflow.py
[2025-07-19T09:42:05.005+0000] {processor.py:840} INFO - DAG(s) 'launch_streamlit_dashboard' retrieved from /opt/airflow/dags/eda_airflow.py
[2025-07-19T09:42:05.102+0000] {logging_mixin.py:188} INFO - [2025-07-19T09:42:05.102+0000] {dag.py:3036} INFO - Sync 1 DAGs
[2025-07-19T09:42:05.112+0000] {logging_mixin.py:188} INFO - [2025-07-19T09:42:05.112+0000] {dag.py:3823} INFO - Setting next_dagrun for launch_streamlit_dashboard to None, run_after=None
[2025-07-19T09:42:05.134+0000] {processor.py:183} INFO - Processing /opt/airflow/dags/eda_airflow.py took 0.145 seconds
[2025-07-19T09:42:35.559+0000] {processor.py:161} INFO - Started process (PID=9925) to work on /opt/airflow/dags/eda_airflow.py
[2025-07-19T09:42:35.577+0000] {processor.py:830} INFO - Processing file /opt/airflow/dags/eda_airflow.py for tasks to queue
[2025-07-19T09:42:35.578+0000] {logging_mixin.py:188} INFO - [2025-07-19T09:42:35.578+0000] {dagbag.py:538} INFO - Filling up the DagBag from /opt/airflow/dags/eda_airflow.py
[2025-07-19T09:42:35.606+0000] {processor.py:840} INFO - DAG(s) 'launch_streamlit_dashboard' retrieved from /opt/airflow/dags/eda_airflow.py
[2025-07-19T09:42:35.632+0000] {logging_mixin.py:188} INFO - [2025-07-19T09:42:35.632+0000] {dag.py:3036} INFO - Sync 1 DAGs
[2025-07-19T09:42:35.643+0000] {logging_mixin.py:188} INFO - [2025-07-19T09:42:35.643+0000] {dag.py:3823} INFO - Setting next_dagrun for launch_streamlit_dashboard to None, run_after=None
[2025-07-19T09:42:35.664+0000] {processor.py:183} INFO - Processing /opt/airflow/dags/eda_airflow.py took 0.109 seconds
[2025-07-19T09:43:06.370+0000] {processor.py:161} INFO - Started process (PID=9950) to work on /opt/airflow/dags/eda_airflow.py
[2025-07-19T09:43:06.371+0000] {processor.py:830} INFO - Processing file /opt/airflow/dags/eda_airflow.py for tasks to queue
[2025-07-19T09:43:06.372+0000] {logging_mixin.py:188} INFO - [2025-07-19T09:43:06.372+0000] {dagbag.py:538} INFO - Filling up the DagBag from /opt/airflow/dags/eda_airflow.py
[2025-07-19T09:43:06.512+0000] {processor.py:840} INFO - DAG(s) 'launch_streamlit_dashboard' retrieved from /opt/airflow/dags/eda_airflow.py
[2025-07-19T09:43:06.522+0000] {logging_mixin.py:188} INFO - [2025-07-19T09:43:06.522+0000] {dag.py:3036} INFO - Sync 1 DAGs
[2025-07-19T09:43:06.534+0000] {logging_mixin.py:188} INFO - [2025-07-19T09:43:06.534+0000] {dag.py:3823} INFO - Setting next_dagrun for launch_streamlit_dashboard to None, run_after=None
[2025-07-19T09:43:06.612+0000] {processor.py:183} INFO - Processing /opt/airflow/dags/eda_airflow.py took 0.245 seconds
[2025-07-19T09:43:36.907+0000] {processor.py:161} INFO - Started process (PID=9975) to work on /opt/airflow/dags/eda_airflow.py
[2025-07-19T09:43:36.908+0000] {processor.py:830} INFO - Processing file /opt/airflow/dags/eda_airflow.py for tasks to queue
[2025-07-19T09:43:36.909+0000] {logging_mixin.py:188} INFO - [2025-07-19T09:43:36.909+0000] {dagbag.py:538} INFO - Filling up the DagBag from /opt/airflow/dags/eda_airflow.py
[2025-07-19T09:43:36.959+0000] {processor.py:840} INFO - DAG(s) 'launch_streamlit_dashboard' retrieved from /opt/airflow/dags/eda_airflow.py
[2025-07-19T09:43:37.062+0000] {logging_mixin.py:188} INFO - [2025-07-19T09:43:37.062+0000] {dag.py:3036} INFO - Sync 1 DAGs
[2025-07-19T09:43:37.073+0000] {logging_mixin.py:188} INFO - [2025-07-19T09:43:37.073+0000] {dag.py:3823} INFO - Setting next_dagrun for launch_streamlit_dashboard to None, run_after=None
[2025-07-19T09:43:37.141+0000] {processor.py:183} INFO - Processing /opt/airflow/dags/eda_airflow.py took 0.237 seconds
[2025-07-19T09:44:07.305+0000] {processor.py:161} INFO - Started process (PID=10000) to work on /opt/airflow/dags/eda_airflow.py
[2025-07-19T09:44:07.306+0000] {processor.py:830} INFO - Processing file /opt/airflow/dags/eda_airflow.py for tasks to queue
[2025-07-19T09:44:07.307+0000] {logging_mixin.py:188} INFO - [2025-07-19T09:44:07.306+0000] {dagbag.py:538} INFO - Filling up the DagBag from /opt/airflow/dags/eda_airflow.py
[2025-07-19T09:44:07.325+0000] {processor.py:840} INFO - DAG(s) 'launch_streamlit_dashboard' retrieved from /opt/airflow/dags/eda_airflow.py
[2025-07-19T09:44:07.349+0000] {logging_mixin.py:188} INFO - [2025-07-19T09:44:07.349+0000] {dag.py:3036} INFO - Sync 1 DAGs
[2025-07-19T09:44:07.360+0000] {logging_mixin.py:188} INFO - [2025-07-19T09:44:07.360+0000] {dag.py:3823} INFO - Setting next_dagrun for launch_streamlit_dashboard to None, run_after=None
[2025-07-19T09:44:07.414+0000] {processor.py:183} INFO - Processing /opt/airflow/dags/eda_airflow.py took 0.113 seconds
[2025-07-19T09:44:38.328+0000] {processor.py:161} INFO - Started process (PID=10025) to work on /opt/airflow/dags/eda_airflow.py
[2025-07-19T09:44:38.329+0000] {processor.py:830} INFO - Processing file /opt/airflow/dags/eda_airflow.py for tasks to queue
[2025-07-19T09:44:38.330+0000] {logging_mixin.py:188} INFO - [2025-07-19T09:44:38.330+0000] {dagbag.py:538} INFO - Filling up the DagBag from /opt/airflow/dags/eda_airflow.py
[2025-07-19T09:44:38.422+0000] {processor.py:840} INFO - DAG(s) 'launch_streamlit_dashboard' retrieved from /opt/airflow/dags/eda_airflow.py
[2025-07-19T09:44:38.434+0000] {logging_mixin.py:188} INFO - [2025-07-19T09:44:38.433+0000] {dag.py:3036} INFO - Sync 1 DAGs
[2025-07-19T09:44:38.447+0000] {logging_mixin.py:188} INFO - [2025-07-19T09:44:38.446+0000] {dag.py:3823} INFO - Setting next_dagrun for launch_streamlit_dashboard to None, run_after=None
[2025-07-19T09:44:38.468+0000] {processor.py:183} INFO - Processing /opt/airflow/dags/eda_airflow.py took 0.143 seconds
[2025-07-19T09:45:08.810+0000] {processor.py:161} INFO - Started process (PID=10050) to work on /opt/airflow/dags/eda_airflow.py
[2025-07-19T09:45:08.811+0000] {processor.py:830} INFO - Processing file /opt/airflow/dags/eda_airflow.py for tasks to queue
[2025-07-19T09:45:08.812+0000] {logging_mixin.py:188} INFO - [2025-07-19T09:45:08.812+0000] {dagbag.py:538} INFO - Filling up the DagBag from /opt/airflow/dags/eda_airflow.py
[2025-07-19T09:45:08.921+0000] {processor.py:840} INFO - DAG(s) 'launch_streamlit_dashboard' retrieved from /opt/airflow/dags/eda_airflow.py
[2025-07-19T09:45:09.083+0000] {logging_mixin.py:188} INFO - [2025-07-19T09:45:09.083+0000] {dag.py:3036} INFO - Sync 1 DAGs
[2025-07-19T09:45:09.094+0000] {logging_mixin.py:188} INFO - [2025-07-19T09:45:09.094+0000] {dag.py:3823} INFO - Setting next_dagrun for launch_streamlit_dashboard to None, run_after=None
[2025-07-19T09:45:09.116+0000] {processor.py:183} INFO - Processing /opt/airflow/dags/eda_airflow.py took 0.309 seconds
[2025-07-19T09:45:39.600+0000] {processor.py:161} INFO - Started process (PID=10075) to work on /opt/airflow/dags/eda_airflow.py
[2025-07-19T09:45:39.601+0000] {processor.py:830} INFO - Processing file /opt/airflow/dags/eda_airflow.py for tasks to queue
[2025-07-19T09:45:39.603+0000] {logging_mixin.py:188} INFO - [2025-07-19T09:45:39.602+0000] {dagbag.py:538} INFO - Filling up the DagBag from /opt/airflow/dags/eda_airflow.py
[2025-07-19T09:45:39.705+0000] {processor.py:840} INFO - DAG(s) 'launch_streamlit_dashboard' retrieved from /opt/airflow/dags/eda_airflow.py
[2025-07-19T09:45:39.731+0000] {logging_mixin.py:188} INFO - [2025-07-19T09:45:39.731+0000] {dag.py:3036} INFO - Sync 1 DAGs
[2025-07-19T09:45:39.745+0000] {logging_mixin.py:188} INFO - [2025-07-19T09:45:39.745+0000] {dag.py:3823} INFO - Setting next_dagrun for launch_streamlit_dashboard to None, run_after=None
[2025-07-19T09:45:39.767+0000] {processor.py:183} INFO - Processing /opt/airflow/dags/eda_airflow.py took 0.169 seconds
[2025-07-19T09:46:10.251+0000] {processor.py:161} INFO - Started process (PID=10100) to work on /opt/airflow/dags/eda_airflow.py
[2025-07-19T09:46:10.252+0000] {processor.py:830} INFO - Processing file /opt/airflow/dags/eda_airflow.py for tasks to queue
[2025-07-19T09:46:10.253+0000] {logging_mixin.py:188} INFO - [2025-07-19T09:46:10.253+0000] {dagbag.py:538} INFO - Filling up the DagBag from /opt/airflow/dags/eda_airflow.py
[2025-07-19T09:46:10.487+0000] {processor.py:840} INFO - DAG(s) 'launch_streamlit_dashboard' retrieved from /opt/airflow/dags/eda_airflow.py
[2025-07-19T09:46:10.499+0000] {logging_mixin.py:188} INFO - [2025-07-19T09:46:10.499+0000] {dag.py:3036} INFO - Sync 1 DAGs
[2025-07-19T09:46:10.511+0000] {logging_mixin.py:188} INFO - [2025-07-19T09:46:10.511+0000] {dag.py:3823} INFO - Setting next_dagrun for launch_streamlit_dashboard to None, run_after=None
[2025-07-19T09:46:10.556+0000] {processor.py:183} INFO - Processing /opt/airflow/dags/eda_airflow.py took 0.307 seconds
[2025-07-19T09:46:41.268+0000] {processor.py:161} INFO - Started process (PID=10125) to work on /opt/airflow/dags/eda_airflow.py
[2025-07-19T09:46:41.268+0000] {processor.py:830} INFO - Processing file /opt/airflow/dags/eda_airflow.py for tasks to queue
[2025-07-19T09:46:41.269+0000] {logging_mixin.py:188} INFO - [2025-07-19T09:46:41.269+0000] {dagbag.py:538} INFO - Filling up the DagBag from /opt/airflow/dags/eda_airflow.py
[2025-07-19T09:46:41.385+0000] {processor.py:840} INFO - DAG(s) 'launch_streamlit_dashboard' retrieved from /opt/airflow/dags/eda_airflow.py
[2025-07-19T09:46:41.477+0000] {logging_mixin.py:188} INFO - [2025-07-19T09:46:41.477+0000] {dag.py:3036} INFO - Sync 1 DAGs
[2025-07-19T09:46:41.491+0000] {logging_mixin.py:188} INFO - [2025-07-19T09:46:41.491+0000] {dag.py:3823} INFO - Setting next_dagrun for launch_streamlit_dashboard to None, run_after=None
[2025-07-19T09:46:41.519+0000] {processor.py:183} INFO - Processing /opt/airflow/dags/eda_airflow.py took 0.254 seconds
[2025-07-19T09:47:12.253+0000] {processor.py:161} INFO - Started process (PID=10150) to work on /opt/airflow/dags/eda_airflow.py
[2025-07-19T09:47:12.254+0000] {processor.py:830} INFO - Processing file /opt/airflow/dags/eda_airflow.py for tasks to queue
[2025-07-19T09:47:12.255+0000] {logging_mixin.py:188} INFO - [2025-07-19T09:47:12.255+0000] {dagbag.py:538} INFO - Filling up the DagBag from /opt/airflow/dags/eda_airflow.py
[2025-07-19T09:47:12.574+0000] {processor.py:840} INFO - DAG(s) 'launch_streamlit_dashboard' retrieved from /opt/airflow/dags/eda_airflow.py
[2025-07-19T09:47:12.600+0000] {logging_mixin.py:188} INFO - [2025-07-19T09:47:12.600+0000] {dag.py:3036} INFO - Sync 1 DAGs
[2025-07-19T09:47:12.611+0000] {logging_mixin.py:188} INFO - [2025-07-19T09:47:12.611+0000] {dag.py:3823} INFO - Setting next_dagrun for launch_streamlit_dashboard to None, run_after=None
[2025-07-19T09:47:12.632+0000] {processor.py:183} INFO - Processing /opt/airflow/dags/eda_airflow.py took 0.381 seconds
[2025-07-19T09:47:43.628+0000] {processor.py:161} INFO - Started process (PID=10175) to work on /opt/airflow/dags/eda_airflow.py
[2025-07-19T09:47:43.629+0000] {processor.py:830} INFO - Processing file /opt/airflow/dags/eda_airflow.py for tasks to queue
[2025-07-19T09:47:43.631+0000] {logging_mixin.py:188} INFO - [2025-07-19T09:47:43.630+0000] {dagbag.py:538} INFO - Filling up the DagBag from /opt/airflow/dags/eda_airflow.py
[2025-07-19T09:47:43.684+0000] {processor.py:840} INFO - DAG(s) 'launch_streamlit_dashboard' retrieved from /opt/airflow/dags/eda_airflow.py
[2025-07-19T09:47:43.725+0000] {logging_mixin.py:188} INFO - [2025-07-19T09:47:43.725+0000] {dag.py:3036} INFO - Sync 1 DAGs
[2025-07-19T09:47:43.737+0000] {logging_mixin.py:188} INFO - [2025-07-19T09:47:43.737+0000] {dag.py:3823} INFO - Setting next_dagrun for launch_streamlit_dashboard to None, run_after=None
[2025-07-19T09:47:43.758+0000] {processor.py:183} INFO - Processing /opt/airflow/dags/eda_airflow.py took 0.133 seconds
[2025-07-19T09:48:14.150+0000] {processor.py:161} INFO - Started process (PID=10200) to work on /opt/airflow/dags/eda_airflow.py
[2025-07-19T09:48:14.203+0000] {processor.py:830} INFO - Processing file /opt/airflow/dags/eda_airflow.py for tasks to queue
[2025-07-19T09:48:14.204+0000] {logging_mixin.py:188} INFO - [2025-07-19T09:48:14.204+0000] {dagbag.py:538} INFO - Filling up the DagBag from /opt/airflow/dags/eda_airflow.py
[2025-07-19T09:48:14.328+0000] {processor.py:840} INFO - DAG(s) 'launch_streamlit_dashboard' retrieved from /opt/airflow/dags/eda_airflow.py
[2025-07-19T09:48:14.420+0000] {logging_mixin.py:188} INFO - [2025-07-19T09:48:14.419+0000] {dag.py:3036} INFO - Sync 1 DAGs
[2025-07-19T09:48:14.478+0000] {logging_mixin.py:188} INFO - [2025-07-19T09:48:14.477+0000] {dag.py:3823} INFO - Setting next_dagrun for launch_streamlit_dashboard to None, run_after=None
[2025-07-19T09:48:16.208+0000] {processor.py:183} INFO - Processing /opt/airflow/dags/eda_airflow.py took 2.060 seconds
[2025-07-19T09:48:47.194+0000] {processor.py:161} INFO - Started process (PID=10225) to work on /opt/airflow/dags/eda_airflow.py
[2025-07-19T09:48:47.197+0000] {processor.py:830} INFO - Processing file /opt/airflow/dags/eda_airflow.py for tasks to queue
[2025-07-19T09:48:47.198+0000] {logging_mixin.py:188} INFO - [2025-07-19T09:48:47.198+0000] {dagbag.py:538} INFO - Filling up the DagBag from /opt/airflow/dags/eda_airflow.py
[2025-07-19T09:48:47.344+0000] {processor.py:840} INFO - DAG(s) 'launch_streamlit_dashboard' retrieved from /opt/airflow/dags/eda_airflow.py
[2025-07-19T09:48:47.369+0000] {logging_mixin.py:188} INFO - [2025-07-19T09:48:47.369+0000] {dag.py:3036} INFO - Sync 1 DAGs
[2025-07-19T09:48:47.380+0000] {logging_mixin.py:188} INFO - [2025-07-19T09:48:47.380+0000] {dag.py:3823} INFO - Setting next_dagrun for launch_streamlit_dashboard to None, run_after=None
[2025-07-19T09:48:47.400+0000] {processor.py:183} INFO - Processing /opt/airflow/dags/eda_airflow.py took 0.214 seconds
[2025-07-19T09:49:17.993+0000] {processor.py:161} INFO - Started process (PID=10250) to work on /opt/airflow/dags/eda_airflow.py
[2025-07-19T09:49:17.994+0000] {processor.py:830} INFO - Processing file /opt/airflow/dags/eda_airflow.py for tasks to queue
[2025-07-19T09:49:17.995+0000] {logging_mixin.py:188} INFO - [2025-07-19T09:49:17.995+0000] {dagbag.py:538} INFO - Filling up the DagBag from /opt/airflow/dags/eda_airflow.py
[2025-07-19T09:49:18.154+0000] {processor.py:840} INFO - DAG(s) 'launch_streamlit_dashboard' retrieved from /opt/airflow/dags/eda_airflow.py
[2025-07-19T09:49:18.166+0000] {logging_mixin.py:188} INFO - [2025-07-19T09:49:18.166+0000] {dag.py:3036} INFO - Sync 1 DAGs
[2025-07-19T09:49:18.178+0000] {logging_mixin.py:188} INFO - [2025-07-19T09:49:18.177+0000] {dag.py:3823} INFO - Setting next_dagrun for launch_streamlit_dashboard to None, run_after=None
[2025-07-19T09:49:18.198+0000] {processor.py:183} INFO - Processing /opt/airflow/dags/eda_airflow.py took 0.208 seconds
[2025-07-19T09:49:48.389+0000] {processor.py:161} INFO - Started process (PID=10275) to work on /opt/airflow/dags/eda_airflow.py
[2025-07-19T09:49:48.390+0000] {processor.py:830} INFO - Processing file /opt/airflow/dags/eda_airflow.py for tasks to queue
[2025-07-19T09:49:48.391+0000] {logging_mixin.py:188} INFO - [2025-07-19T09:49:48.391+0000] {dagbag.py:538} INFO - Filling up the DagBag from /opt/airflow/dags/eda_airflow.py
[2025-07-19T09:49:48.412+0000] {processor.py:840} INFO - DAG(s) 'launch_streamlit_dashboard' retrieved from /opt/airflow/dags/eda_airflow.py
[2025-07-19T09:49:48.722+0000] {logging_mixin.py:188} INFO - [2025-07-19T09:49:48.722+0000] {dag.py:3036} INFO - Sync 1 DAGs
[2025-07-19T09:49:48.769+0000] {logging_mixin.py:188} INFO - [2025-07-19T09:49:48.769+0000] {dag.py:3823} INFO - Setting next_dagrun for launch_streamlit_dashboard to None, run_after=None
[2025-07-19T09:49:48.791+0000] {processor.py:183} INFO - Processing /opt/airflow/dags/eda_airflow.py took 0.405 seconds
[2025-07-19T09:50:18.877+0000] {processor.py:161} INFO - Started process (PID=10300) to work on /opt/airflow/dags/eda_airflow.py
[2025-07-19T09:50:18.878+0000] {processor.py:830} INFO - Processing file /opt/airflow/dags/eda_airflow.py for tasks to queue
[2025-07-19T09:50:18.879+0000] {logging_mixin.py:188} INFO - [2025-07-19T09:50:18.878+0000] {dagbag.py:538} INFO - Filling up the DagBag from /opt/airflow/dags/eda_airflow.py
[2025-07-19T09:50:18.994+0000] {processor.py:840} INFO - DAG(s) 'launch_streamlit_dashboard' retrieved from /opt/airflow/dags/eda_airflow.py
[2025-07-19T09:50:19.024+0000] {logging_mixin.py:188} INFO - [2025-07-19T09:50:19.024+0000] {dag.py:3036} INFO - Sync 1 DAGs
[2025-07-19T09:50:19.037+0000] {logging_mixin.py:188} INFO - [2025-07-19T09:50:19.037+0000] {dag.py:3823} INFO - Setting next_dagrun for launch_streamlit_dashboard to None, run_after=None
[2025-07-19T09:50:19.060+0000] {processor.py:183} INFO - Processing /opt/airflow/dags/eda_airflow.py took 0.188 seconds
[2025-07-19T09:50:49.801+0000] {processor.py:161} INFO - Started process (PID=10325) to work on /opt/airflow/dags/eda_airflow.py
[2025-07-19T09:50:49.803+0000] {processor.py:830} INFO - Processing file /opt/airflow/dags/eda_airflow.py for tasks to queue
[2025-07-19T09:50:49.803+0000] {logging_mixin.py:188} INFO - [2025-07-19T09:50:49.803+0000] {dagbag.py:538} INFO - Filling up the DagBag from /opt/airflow/dags/eda_airflow.py
[2025-07-19T09:50:49.837+0000] {processor.py:840} INFO - DAG(s) 'launch_streamlit_dashboard' retrieved from /opt/airflow/dags/eda_airflow.py
[2025-07-19T09:50:49.849+0000] {logging_mixin.py:188} INFO - [2025-07-19T09:50:49.849+0000] {dag.py:3036} INFO - Sync 1 DAGs
[2025-07-19T09:50:49.861+0000] {logging_mixin.py:188} INFO - [2025-07-19T09:50:49.861+0000] {dag.py:3823} INFO - Setting next_dagrun for launch_streamlit_dashboard to None, run_after=None
[2025-07-19T09:50:49.880+0000] {processor.py:183} INFO - Processing /opt/airflow/dags/eda_airflow.py took 0.082 seconds
[2025-07-19T09:51:20.817+0000] {processor.py:161} INFO - Started process (PID=10350) to work on /opt/airflow/dags/eda_airflow.py
[2025-07-19T09:51:20.818+0000] {processor.py:830} INFO - Processing file /opt/airflow/dags/eda_airflow.py for tasks to queue
[2025-07-19T09:51:20.819+0000] {logging_mixin.py:188} INFO - [2025-07-19T09:51:20.819+0000] {dagbag.py:538} INFO - Filling up the DagBag from /opt/airflow/dags/eda_airflow.py
[2025-07-19T09:51:20.837+0000] {processor.py:840} INFO - DAG(s) 'launch_streamlit_dashboard' retrieved from /opt/airflow/dags/eda_airflow.py
[2025-07-19T09:51:20.929+0000] {logging_mixin.py:188} INFO - [2025-07-19T09:51:20.929+0000] {dag.py:3036} INFO - Sync 1 DAGs
[2025-07-19T09:51:20.939+0000] {logging_mixin.py:188} INFO - [2025-07-19T09:51:20.939+0000] {dag.py:3823} INFO - Setting next_dagrun for launch_streamlit_dashboard to None, run_after=None
[2025-07-19T09:51:20.960+0000] {processor.py:183} INFO - Processing /opt/airflow/dags/eda_airflow.py took 0.146 seconds
[2025-07-19T09:51:51.603+0000] {processor.py:161} INFO - Started process (PID=10375) to work on /opt/airflow/dags/eda_airflow.py
[2025-07-19T09:51:51.604+0000] {processor.py:830} INFO - Processing file /opt/airflow/dags/eda_airflow.py for tasks to queue
[2025-07-19T09:51:51.605+0000] {logging_mixin.py:188} INFO - [2025-07-19T09:51:51.604+0000] {dagbag.py:538} INFO - Filling up the DagBag from /opt/airflow/dags/eda_airflow.py
[2025-07-19T09:51:51.640+0000] {processor.py:840} INFO - DAG(s) 'launch_streamlit_dashboard' retrieved from /opt/airflow/dags/eda_airflow.py
[2025-07-19T09:51:51.663+0000] {logging_mixin.py:188} INFO - [2025-07-19T09:51:51.663+0000] {dag.py:3036} INFO - Sync 1 DAGs
[2025-07-19T09:51:51.674+0000] {logging_mixin.py:188} INFO - [2025-07-19T09:51:51.674+0000] {dag.py:3823} INFO - Setting next_dagrun for launch_streamlit_dashboard to None, run_after=None
[2025-07-19T09:51:51.696+0000] {processor.py:183} INFO - Processing /opt/airflow/dags/eda_airflow.py took 0.096 seconds
[2025-07-19T09:52:22.426+0000] {processor.py:161} INFO - Started process (PID=10400) to work on /opt/airflow/dags/eda_airflow.py
[2025-07-19T09:52:22.427+0000] {processor.py:830} INFO - Processing file /opt/airflow/dags/eda_airflow.py for tasks to queue
[2025-07-19T09:52:22.428+0000] {logging_mixin.py:188} INFO - [2025-07-19T09:52:22.428+0000] {dagbag.py:538} INFO - Filling up the DagBag from /opt/airflow/dags/eda_airflow.py
[2025-07-19T09:52:22.440+0000] {processor.py:840} INFO - DAG(s) 'launch_streamlit_dashboard' retrieved from /opt/airflow/dags/eda_airflow.py
[2025-07-19T09:52:22.461+0000] {logging_mixin.py:188} INFO - [2025-07-19T09:52:22.461+0000] {dag.py:3036} INFO - Sync 1 DAGs
[2025-07-19T09:52:22.474+0000] {logging_mixin.py:188} INFO - [2025-07-19T09:52:22.474+0000] {dag.py:3823} INFO - Setting next_dagrun for launch_streamlit_dashboard to None, run_after=None
[2025-07-19T09:52:22.493+0000] {processor.py:183} INFO - Processing /opt/airflow/dags/eda_airflow.py took 0.070 seconds
[2025-07-19T09:52:53.012+0000] {processor.py:161} INFO - Started process (PID=10425) to work on /opt/airflow/dags/eda_airflow.py
[2025-07-19T09:52:53.013+0000] {processor.py:830} INFO - Processing file /opt/airflow/dags/eda_airflow.py for tasks to queue
[2025-07-19T09:52:53.014+0000] {logging_mixin.py:188} INFO - [2025-07-19T09:52:53.014+0000] {dagbag.py:538} INFO - Filling up the DagBag from /opt/airflow/dags/eda_airflow.py
[2025-07-19T09:52:53.049+0000] {processor.py:840} INFO - DAG(s) 'launch_streamlit_dashboard' retrieved from /opt/airflow/dags/eda_airflow.py
[2025-07-19T09:52:53.140+0000] {logging_mixin.py:188} INFO - [2025-07-19T09:52:53.139+0000] {dag.py:3036} INFO - Sync 1 DAGs
[2025-07-19T09:52:53.149+0000] {logging_mixin.py:188} INFO - [2025-07-19T09:52:53.148+0000] {dag.py:3823} INFO - Setting next_dagrun for launch_streamlit_dashboard to None, run_after=None
[2025-07-19T09:52:53.171+0000] {processor.py:183} INFO - Processing /opt/airflow/dags/eda_airflow.py took 0.162 seconds
[2025-07-19T09:53:23.412+0000] {processor.py:161} INFO - Started process (PID=10450) to work on /opt/airflow/dags/eda_airflow.py
[2025-07-19T09:53:23.413+0000] {processor.py:830} INFO - Processing file /opt/airflow/dags/eda_airflow.py for tasks to queue
[2025-07-19T09:53:23.414+0000] {logging_mixin.py:188} INFO - [2025-07-19T09:53:23.414+0000] {dagbag.py:538} INFO - Filling up the DagBag from /opt/airflow/dags/eda_airflow.py
[2025-07-19T09:53:23.425+0000] {processor.py:840} INFO - DAG(s) 'launch_streamlit_dashboard' retrieved from /opt/airflow/dags/eda_airflow.py
[2025-07-19T09:53:23.449+0000] {logging_mixin.py:188} INFO - [2025-07-19T09:53:23.449+0000] {dag.py:3036} INFO - Sync 1 DAGs
[2025-07-19T09:53:23.460+0000] {logging_mixin.py:188} INFO - [2025-07-19T09:53:23.460+0000] {dag.py:3823} INFO - Setting next_dagrun for launch_streamlit_dashboard to None, run_after=None
[2025-07-19T09:53:23.482+0000] {processor.py:183} INFO - Processing /opt/airflow/dags/eda_airflow.py took 0.072 seconds
[2025-07-19T09:53:53.901+0000] {processor.py:161} INFO - Started process (PID=10475) to work on /opt/airflow/dags/eda_airflow.py
[2025-07-19T09:53:53.902+0000] {processor.py:830} INFO - Processing file /opt/airflow/dags/eda_airflow.py for tasks to queue
[2025-07-19T09:53:53.903+0000] {logging_mixin.py:188} INFO - [2025-07-19T09:53:53.903+0000] {dagbag.py:538} INFO - Filling up the DagBag from /opt/airflow/dags/eda_airflow.py
[2025-07-19T09:53:53.914+0000] {processor.py:840} INFO - DAG(s) 'launch_streamlit_dashboard' retrieved from /opt/airflow/dags/eda_airflow.py
[2025-07-19T09:53:53.961+0000] {logging_mixin.py:188} INFO - [2025-07-19T09:53:53.961+0000] {dag.py:3036} INFO - Sync 1 DAGs
[2025-07-19T09:53:53.974+0000] {logging_mixin.py:188} INFO - [2025-07-19T09:53:53.973+0000] {dag.py:3823} INFO - Setting next_dagrun for launch_streamlit_dashboard to None, run_after=None
[2025-07-19T09:53:53.995+0000] {processor.py:183} INFO - Processing /opt/airflow/dags/eda_airflow.py took 0.097 seconds
[2025-07-19T09:54:24.438+0000] {processor.py:161} INFO - Started process (PID=10500) to work on /opt/airflow/dags/eda_airflow.py
[2025-07-19T09:54:24.439+0000] {processor.py:830} INFO - Processing file /opt/airflow/dags/eda_airflow.py for tasks to queue
[2025-07-19T09:54:24.440+0000] {logging_mixin.py:188} INFO - [2025-07-19T09:54:24.439+0000] {dagbag.py:538} INFO - Filling up the DagBag from /opt/airflow/dags/eda_airflow.py
[2025-07-19T09:54:24.451+0000] {processor.py:840} INFO - DAG(s) 'launch_streamlit_dashboard' retrieved from /opt/airflow/dags/eda_airflow.py
[2025-07-19T09:54:24.548+0000] {logging_mixin.py:188} INFO - [2025-07-19T09:54:24.547+0000] {dag.py:3036} INFO - Sync 1 DAGs
[2025-07-19T09:54:24.556+0000] {logging_mixin.py:188} INFO - [2025-07-19T09:54:24.556+0000] {dag.py:3823} INFO - Setting next_dagrun for launch_streamlit_dashboard to None, run_after=None
[2025-07-19T09:54:24.578+0000] {processor.py:183} INFO - Processing /opt/airflow/dags/eda_airflow.py took 0.143 seconds
[2025-07-19T09:54:54.839+0000] {processor.py:161} INFO - Started process (PID=10525) to work on /opt/airflow/dags/eda_airflow.py
[2025-07-19T09:54:54.840+0000] {processor.py:830} INFO - Processing file /opt/airflow/dags/eda_airflow.py for tasks to queue
[2025-07-19T09:54:54.841+0000] {logging_mixin.py:188} INFO - [2025-07-19T09:54:54.841+0000] {dagbag.py:538} INFO - Filling up the DagBag from /opt/airflow/dags/eda_airflow.py
[2025-07-19T09:54:54.854+0000] {processor.py:840} INFO - DAG(s) 'launch_streamlit_dashboard' retrieved from /opt/airflow/dags/eda_airflow.py
[2025-07-19T09:54:54.876+0000] {logging_mixin.py:188} INFO - [2025-07-19T09:54:54.876+0000] {dag.py:3036} INFO - Sync 1 DAGs
[2025-07-19T09:54:54.887+0000] {logging_mixin.py:188} INFO - [2025-07-19T09:54:54.887+0000] {dag.py:3823} INFO - Setting next_dagrun for launch_streamlit_dashboard to None, run_after=None
[2025-07-19T09:54:54.907+0000] {processor.py:183} INFO - Processing /opt/airflow/dags/eda_airflow.py took 0.071 seconds
[2025-07-19T09:55:25.353+0000] {processor.py:161} INFO - Started process (PID=10550) to work on /opt/airflow/dags/eda_airflow.py
[2025-07-19T09:55:25.354+0000] {processor.py:830} INFO - Processing file /opt/airflow/dags/eda_airflow.py for tasks to queue
[2025-07-19T09:55:25.355+0000] {logging_mixin.py:188} INFO - [2025-07-19T09:55:25.354+0000] {dagbag.py:538} INFO - Filling up the DagBag from /opt/airflow/dags/eda_airflow.py
[2025-07-19T09:55:25.366+0000] {processor.py:840} INFO - DAG(s) 'launch_streamlit_dashboard' retrieved from /opt/airflow/dags/eda_airflow.py
[2025-07-19T09:55:25.378+0000] {logging_mixin.py:188} INFO - [2025-07-19T09:55:25.377+0000] {dag.py:3036} INFO - Sync 1 DAGs
[2025-07-19T09:55:25.390+0000] {logging_mixin.py:188} INFO - [2025-07-19T09:55:25.390+0000] {dag.py:3823} INFO - Setting next_dagrun for launch_streamlit_dashboard to None, run_after=None
[2025-07-19T09:55:25.412+0000] {processor.py:183} INFO - Processing /opt/airflow/dags/eda_airflow.py took 0.062 seconds
[2025-07-19T09:55:55.940+0000] {processor.py:161} INFO - Started process (PID=10575) to work on /opt/airflow/dags/eda_airflow.py
[2025-07-19T09:55:55.941+0000] {processor.py:830} INFO - Processing file /opt/airflow/dags/eda_airflow.py for tasks to queue
[2025-07-19T09:55:55.942+0000] {logging_mixin.py:188} INFO - [2025-07-19T09:55:55.942+0000] {dagbag.py:538} INFO - Filling up the DagBag from /opt/airflow/dags/eda_airflow.py
[2025-07-19T09:55:55.953+0000] {processor.py:840} INFO - DAG(s) 'launch_streamlit_dashboard' retrieved from /opt/airflow/dags/eda_airflow.py
[2025-07-19T09:55:56.048+0000] {logging_mixin.py:188} INFO - [2025-07-19T09:55:56.047+0000] {dag.py:3036} INFO - Sync 1 DAGs
[2025-07-19T09:55:56.057+0000] {logging_mixin.py:188} INFO - [2025-07-19T09:55:56.057+0000] {dag.py:3823} INFO - Setting next_dagrun for launch_streamlit_dashboard to None, run_after=None
[2025-07-19T09:55:56.077+0000] {processor.py:183} INFO - Processing /opt/airflow/dags/eda_airflow.py took 0.140 seconds
[2025-07-19T09:56:26.407+0000] {processor.py:161} INFO - Started process (PID=10600) to work on /opt/airflow/dags/eda_airflow.py
[2025-07-19T09:56:26.408+0000] {processor.py:830} INFO - Processing file /opt/airflow/dags/eda_airflow.py for tasks to queue
[2025-07-19T09:56:26.409+0000] {logging_mixin.py:188} INFO - [2025-07-19T09:56:26.408+0000] {dagbag.py:538} INFO - Filling up the DagBag from /opt/airflow/dags/eda_airflow.py
[2025-07-19T09:56:26.418+0000] {processor.py:840} INFO - DAG(s) 'launch_streamlit_dashboard' retrieved from /opt/airflow/dags/eda_airflow.py
[2025-07-19T09:56:26.441+0000] {logging_mixin.py:188} INFO - [2025-07-19T09:56:26.441+0000] {dag.py:3036} INFO - Sync 1 DAGs
[2025-07-19T09:56:26.452+0000] {logging_mixin.py:188} INFO - [2025-07-19T09:56:26.452+0000] {dag.py:3823} INFO - Setting next_dagrun for launch_streamlit_dashboard to None, run_after=None
[2025-07-19T09:56:26.473+0000] {processor.py:183} INFO - Processing /opt/airflow/dags/eda_airflow.py took 0.069 seconds
[2025-07-19T09:56:56.906+0000] {processor.py:161} INFO - Started process (PID=10625) to work on /opt/airflow/dags/eda_airflow.py
[2025-07-19T09:56:56.907+0000] {processor.py:830} INFO - Processing file /opt/airflow/dags/eda_airflow.py for tasks to queue
[2025-07-19T09:56:56.908+0000] {logging_mixin.py:188} INFO - [2025-07-19T09:56:56.908+0000] {dagbag.py:538} INFO - Filling up the DagBag from /opt/airflow/dags/eda_airflow.py
[2025-07-19T09:56:56.920+0000] {processor.py:840} INFO - DAG(s) 'launch_streamlit_dashboard' retrieved from /opt/airflow/dags/eda_airflow.py
[2025-07-19T09:56:56.930+0000] {logging_mixin.py:188} INFO - [2025-07-19T09:56:56.930+0000] {dag.py:3036} INFO - Sync 1 DAGs
[2025-07-19T09:56:56.943+0000] {logging_mixin.py:188} INFO - [2025-07-19T09:56:56.943+0000] {dag.py:3823} INFO - Setting next_dagrun for launch_streamlit_dashboard to None, run_after=None
[2025-07-19T09:56:56.962+0000] {processor.py:183} INFO - Processing /opt/airflow/dags/eda_airflow.py took 0.059 seconds
[2025-07-19T09:57:27.351+0000] {processor.py:161} INFO - Started process (PID=10650) to work on /opt/airflow/dags/eda_airflow.py
[2025-07-19T09:57:27.352+0000] {processor.py:830} INFO - Processing file /opt/airflow/dags/eda_airflow.py for tasks to queue
[2025-07-19T09:57:27.353+0000] {logging_mixin.py:188} INFO - [2025-07-19T09:57:27.352+0000] {dagbag.py:538} INFO - Filling up the DagBag from /opt/airflow/dags/eda_airflow.py
[2025-07-19T09:57:27.365+0000] {processor.py:840} INFO - DAG(s) 'launch_streamlit_dashboard' retrieved from /opt/airflow/dags/eda_airflow.py
[2025-07-19T09:57:27.467+0000] {logging_mixin.py:188} INFO - [2025-07-19T09:57:27.467+0000] {dag.py:3036} INFO - Sync 1 DAGs
[2025-07-19T09:57:27.476+0000] {logging_mixin.py:188} INFO - [2025-07-19T09:57:27.476+0000] {dag.py:3823} INFO - Setting next_dagrun for launch_streamlit_dashboard to None, run_after=None
[2025-07-19T09:57:27.498+0000] {processor.py:183} INFO - Processing /opt/airflow/dags/eda_airflow.py took 0.150 seconds
[2025-07-19T09:57:57.871+0000] {processor.py:161} INFO - Started process (PID=10675) to work on /opt/airflow/dags/eda_airflow.py
[2025-07-19T09:57:57.872+0000] {processor.py:830} INFO - Processing file /opt/airflow/dags/eda_airflow.py for tasks to queue
[2025-07-19T09:57:57.873+0000] {logging_mixin.py:188} INFO - [2025-07-19T09:57:57.872+0000] {dagbag.py:538} INFO - Filling up the DagBag from /opt/airflow/dags/eda_airflow.py
[2025-07-19T09:57:57.885+0000] {processor.py:840} INFO - DAG(s) 'launch_streamlit_dashboard' retrieved from /opt/airflow/dags/eda_airflow.py
[2025-07-19T09:57:57.924+0000] {logging_mixin.py:188} INFO - [2025-07-19T09:57:57.924+0000] {dag.py:3036} INFO - Sync 1 DAGs
[2025-07-19T09:57:57.936+0000] {logging_mixin.py:188} INFO - [2025-07-19T09:57:57.935+0000] {dag.py:3823} INFO - Setting next_dagrun for launch_streamlit_dashboard to None, run_after=None
[2025-07-19T09:57:57.954+0000] {processor.py:183} INFO - Processing /opt/airflow/dags/eda_airflow.py took 0.086 seconds
[2025-07-19T09:58:28.401+0000] {processor.py:161} INFO - Started process (PID=10700) to work on /opt/airflow/dags/eda_airflow.py
[2025-07-19T09:58:28.402+0000] {processor.py:830} INFO - Processing file /opt/airflow/dags/eda_airflow.py for tasks to queue
[2025-07-19T09:58:28.403+0000] {logging_mixin.py:188} INFO - [2025-07-19T09:58:28.402+0000] {dagbag.py:538} INFO - Filling up the DagBag from /opt/airflow/dags/eda_airflow.py
[2025-07-19T09:58:28.412+0000] {processor.py:840} INFO - DAG(s) 'launch_streamlit_dashboard' retrieved from /opt/airflow/dags/eda_airflow.py
[2025-07-19T09:58:28.422+0000] {logging_mixin.py:188} INFO - [2025-07-19T09:58:28.422+0000] {dag.py:3036} INFO - Sync 1 DAGs
[2025-07-19T09:58:28.436+0000] {logging_mixin.py:188} INFO - [2025-07-19T09:58:28.435+0000] {dag.py:3823} INFO - Setting next_dagrun for launch_streamlit_dashboard to None, run_after=None
[2025-07-19T09:58:28.456+0000] {processor.py:183} INFO - Processing /opt/airflow/dags/eda_airflow.py took 0.058 seconds
[2025-07-19T09:58:58.860+0000] {processor.py:161} INFO - Started process (PID=10725) to work on /opt/airflow/dags/eda_airflow.py
[2025-07-19T09:58:58.861+0000] {processor.py:830} INFO - Processing file /opt/airflow/dags/eda_airflow.py for tasks to queue
[2025-07-19T09:58:58.862+0000] {logging_mixin.py:188} INFO - [2025-07-19T09:58:58.862+0000] {dagbag.py:538} INFO - Filling up the DagBag from /opt/airflow/dags/eda_airflow.py
[2025-07-19T09:58:58.874+0000] {processor.py:840} INFO - DAG(s) 'launch_streamlit_dashboard' retrieved from /opt/airflow/dags/eda_airflow.py
[2025-07-19T09:58:58.968+0000] {logging_mixin.py:188} INFO - [2025-07-19T09:58:58.968+0000] {dag.py:3036} INFO - Sync 1 DAGs
[2025-07-19T09:58:58.977+0000] {logging_mixin.py:188} INFO - [2025-07-19T09:58:58.977+0000] {dag.py:3823} INFO - Setting next_dagrun for launch_streamlit_dashboard to None, run_after=None
[2025-07-19T09:58:59.012+0000] {processor.py:183} INFO - Processing /opt/airflow/dags/eda_airflow.py took 0.155 seconds
[2025-07-19T09:59:29.375+0000] {processor.py:161} INFO - Started process (PID=10750) to work on /opt/airflow/dags/eda_airflow.py
[2025-07-19T09:59:29.376+0000] {processor.py:830} INFO - Processing file /opt/airflow/dags/eda_airflow.py for tasks to queue
[2025-07-19T09:59:29.377+0000] {logging_mixin.py:188} INFO - [2025-07-19T09:59:29.377+0000] {dagbag.py:538} INFO - Filling up the DagBag from /opt/airflow/dags/eda_airflow.py
[2025-07-19T09:59:29.388+0000] {processor.py:840} INFO - DAG(s) 'launch_streamlit_dashboard' retrieved from /opt/airflow/dags/eda_airflow.py
[2025-07-19T09:59:29.412+0000] {logging_mixin.py:188} INFO - [2025-07-19T09:59:29.411+0000] {dag.py:3036} INFO - Sync 1 DAGs
[2025-07-19T09:59:29.423+0000] {logging_mixin.py:188} INFO - [2025-07-19T09:59:29.423+0000] {dag.py:3823} INFO - Setting next_dagrun for launch_streamlit_dashboard to None, run_after=None
[2025-07-19T09:59:29.441+0000] {processor.py:183} INFO - Processing /opt/airflow/dags/eda_airflow.py took 0.069 seconds
[2025-07-19T09:59:59.857+0000] {processor.py:161} INFO - Started process (PID=10775) to work on /opt/airflow/dags/eda_airflow.py
[2025-07-19T09:59:59.858+0000] {processor.py:830} INFO - Processing file /opt/airflow/dags/eda_airflow.py for tasks to queue
[2025-07-19T09:59:59.859+0000] {logging_mixin.py:188} INFO - [2025-07-19T09:59:59.858+0000] {dagbag.py:538} INFO - Filling up the DagBag from /opt/airflow/dags/eda_airflow.py
[2025-07-19T09:59:59.869+0000] {processor.py:840} INFO - DAG(s) 'launch_streamlit_dashboard' retrieved from /opt/airflow/dags/eda_airflow.py
[2025-07-19T09:59:59.880+0000] {logging_mixin.py:188} INFO - [2025-07-19T09:59:59.880+0000] {dag.py:3036} INFO - Sync 1 DAGs
[2025-07-19T09:59:59.893+0000] {logging_mixin.py:188} INFO - [2025-07-19T09:59:59.892+0000] {dag.py:3823} INFO - Setting next_dagrun for launch_streamlit_dashboard to None, run_after=None
[2025-07-19T09:59:59.916+0000] {processor.py:183} INFO - Processing /opt/airflow/dags/eda_airflow.py took 0.063 seconds
[2025-07-19T10:00:30.322+0000] {processor.py:161} INFO - Started process (PID=10800) to work on /opt/airflow/dags/eda_airflow.py
[2025-07-19T10:00:30.322+0000] {processor.py:830} INFO - Processing file /opt/airflow/dags/eda_airflow.py for tasks to queue
[2025-07-19T10:00:30.323+0000] {logging_mixin.py:188} INFO - [2025-07-19T10:00:30.323+0000] {dagbag.py:538} INFO - Filling up the DagBag from /opt/airflow/dags/eda_airflow.py
[2025-07-19T10:00:30.334+0000] {processor.py:840} INFO - DAG(s) 'launch_streamlit_dashboard' retrieved from /opt/airflow/dags/eda_airflow.py
[2025-07-19T10:00:30.434+0000] {logging_mixin.py:188} INFO - [2025-07-19T10:00:30.434+0000] {dag.py:3036} INFO - Sync 1 DAGs
[2025-07-19T10:00:30.443+0000] {logging_mixin.py:188} INFO - [2025-07-19T10:00:30.443+0000] {dag.py:3823} INFO - Setting next_dagrun for launch_streamlit_dashboard to None, run_after=None
[2025-07-19T10:00:30.463+0000] {processor.py:183} INFO - Processing /opt/airflow/dags/eda_airflow.py took 0.145 seconds
[2025-07-19T10:01:00.886+0000] {processor.py:161} INFO - Started process (PID=10825) to work on /opt/airflow/dags/eda_airflow.py
[2025-07-19T10:01:00.887+0000] {processor.py:830} INFO - Processing file /opt/airflow/dags/eda_airflow.py for tasks to queue
[2025-07-19T10:01:00.888+0000] {logging_mixin.py:188} INFO - [2025-07-19T10:01:00.888+0000] {dagbag.py:538} INFO - Filling up the DagBag from /opt/airflow/dags/eda_airflow.py
[2025-07-19T10:01:00.900+0000] {processor.py:840} INFO - DAG(s) 'launch_streamlit_dashboard' retrieved from /opt/airflow/dags/eda_airflow.py
[2025-07-19T10:01:00.925+0000] {logging_mixin.py:188} INFO - [2025-07-19T10:01:00.924+0000] {dag.py:3036} INFO - Sync 1 DAGs
[2025-07-19T10:01:00.936+0000] {logging_mixin.py:188} INFO - [2025-07-19T10:01:00.936+0000] {dag.py:3823} INFO - Setting next_dagrun for launch_streamlit_dashboard to None, run_after=None
[2025-07-19T10:01:00.957+0000] {processor.py:183} INFO - Processing /opt/airflow/dags/eda_airflow.py took 0.074 seconds
[2025-07-19T10:01:31.393+0000] {processor.py:161} INFO - Started process (PID=10850) to work on /opt/airflow/dags/eda_airflow.py
[2025-07-19T10:01:31.394+0000] {processor.py:830} INFO - Processing file /opt/airflow/dags/eda_airflow.py for tasks to queue
[2025-07-19T10:01:31.395+0000] {logging_mixin.py:188} INFO - [2025-07-19T10:01:31.394+0000] {dagbag.py:538} INFO - Filling up the DagBag from /opt/airflow/dags/eda_airflow.py
[2025-07-19T10:01:31.405+0000] {processor.py:840} INFO - DAG(s) 'launch_streamlit_dashboard' retrieved from /opt/airflow/dags/eda_airflow.py
[2025-07-19T10:01:31.415+0000] {logging_mixin.py:188} INFO - [2025-07-19T10:01:31.415+0000] {dag.py:3036} INFO - Sync 1 DAGs
[2025-07-19T10:01:31.428+0000] {logging_mixin.py:188} INFO - [2025-07-19T10:01:31.427+0000] {dag.py:3823} INFO - Setting next_dagrun for launch_streamlit_dashboard to None, run_after=None
[2025-07-19T10:01:31.448+0000] {processor.py:183} INFO - Processing /opt/airflow/dags/eda_airflow.py took 0.058 seconds
[2025-07-19T10:02:01.798+0000] {processor.py:161} INFO - Started process (PID=10875) to work on /opt/airflow/dags/eda_airflow.py
[2025-07-19T10:02:01.799+0000] {processor.py:830} INFO - Processing file /opt/airflow/dags/eda_airflow.py for tasks to queue
[2025-07-19T10:02:01.799+0000] {logging_mixin.py:188} INFO - [2025-07-19T10:02:01.799+0000] {dagbag.py:538} INFO - Filling up the DagBag from /opt/airflow/dags/eda_airflow.py
[2025-07-19T10:02:01.810+0000] {processor.py:840} INFO - DAG(s) 'launch_streamlit_dashboard' retrieved from /opt/airflow/dags/eda_airflow.py
[2025-07-19T10:02:01.901+0000] {logging_mixin.py:188} INFO - [2025-07-19T10:02:01.901+0000] {dag.py:3036} INFO - Sync 1 DAGs
[2025-07-19T10:02:01.911+0000] {logging_mixin.py:188} INFO - [2025-07-19T10:02:01.910+0000] {dag.py:3823} INFO - Setting next_dagrun for launch_streamlit_dashboard to None, run_after=None
[2025-07-19T10:02:01.931+0000] {processor.py:183} INFO - Processing /opt/airflow/dags/eda_airflow.py took 0.137 seconds
[2025-07-19T10:02:38.831+0000] {processor.py:161} INFO - Started process (PID=10883) to work on /opt/airflow/dags/eda_airflow.py
[2025-07-19T10:02:39.962+0000] {processor.py:830} INFO - Processing file /opt/airflow/dags/eda_airflow.py for tasks to queue
[2025-07-19T10:02:40.492+0000] {logging_mixin.py:188} INFO - [2025-07-19T10:02:40.174+0000] {dagbag.py:538} INFO - Filling up the DagBag from /opt/airflow/dags/eda_airflow.py
[2025-07-19T10:02:44.412+0000] {processor.py:840} INFO - DAG(s) 'launch_streamlit_dashboard' retrieved from /opt/airflow/dags/eda_airflow.py
[2025-07-19T10:02:50.535+0000] {logging_mixin.py:188} INFO - [2025-07-19T10:02:50.535+0000] {dag.py:3036} INFO - Sync 1 DAGs
[2025-07-19T10:02:50.865+0000] {logging_mixin.py:188} INFO - [2025-07-19T10:02:50.865+0000] {dag.py:3823} INFO - Setting next_dagrun for launch_streamlit_dashboard to None, run_after=None
[2025-07-19T10:02:50.884+0000] {processor.py:183} INFO - Processing /opt/airflow/dags/eda_airflow.py took 14.734 seconds
[2025-07-19T10:03:21.182+0000] {processor.py:161} INFO - Started process (PID=10908) to work on /opt/airflow/dags/eda_airflow.py
[2025-07-19T10:03:21.183+0000] {processor.py:830} INFO - Processing file /opt/airflow/dags/eda_airflow.py for tasks to queue
[2025-07-19T10:03:21.184+0000] {logging_mixin.py:188} INFO - [2025-07-19T10:03:21.184+0000] {dagbag.py:538} INFO - Filling up the DagBag from /opt/airflow/dags/eda_airflow.py
[2025-07-19T10:03:21.194+0000] {processor.py:840} INFO - DAG(s) 'launch_streamlit_dashboard' retrieved from /opt/airflow/dags/eda_airflow.py
[2025-07-19T10:03:21.206+0000] {logging_mixin.py:188} INFO - [2025-07-19T10:03:21.206+0000] {dag.py:3036} INFO - Sync 1 DAGs
[2025-07-19T10:03:22.396+0000] {logging_mixin.py:188} INFO - [2025-07-19T10:03:22.396+0000] {dag.py:3823} INFO - Setting next_dagrun for launch_streamlit_dashboard to None, run_after=None
[2025-07-19T10:03:24.274+0000] {processor.py:183} INFO - Processing /opt/airflow/dags/eda_airflow.py took 3.095 seconds
[2025-07-19T10:03:55.163+0000] {processor.py:161} INFO - Started process (PID=10933) to work on /opt/airflow/dags/eda_airflow.py
[2025-07-19T10:03:55.164+0000] {processor.py:830} INFO - Processing file /opt/airflow/dags/eda_airflow.py for tasks to queue
[2025-07-19T10:03:55.165+0000] {logging_mixin.py:188} INFO - [2025-07-19T10:03:55.164+0000] {dagbag.py:538} INFO - Filling up the DagBag from /opt/airflow/dags/eda_airflow.py
[2025-07-19T10:03:55.175+0000] {processor.py:840} INFO - DAG(s) 'launch_streamlit_dashboard' retrieved from /opt/airflow/dags/eda_airflow.py
[2025-07-19T10:03:57.312+0000] {logging_mixin.py:188} INFO - [2025-07-19T10:03:57.312+0000] {dag.py:3036} INFO - Sync 1 DAGs
[2025-07-19T10:03:58.647+0000] {logging_mixin.py:188} INFO - [2025-07-19T10:03:58.647+0000] {dag.py:3823} INFO - Setting next_dagrun for launch_streamlit_dashboard to None, run_after=None
[2025-07-19T10:04:00.763+0000] {processor.py:183} INFO - Processing /opt/airflow/dags/eda_airflow.py took 5.603 seconds
[2025-07-19T10:04:31.434+0000] {processor.py:161} INFO - Started process (PID=10960) to work on /opt/airflow/dags/eda_airflow.py
[2025-07-19T10:04:31.435+0000] {processor.py:830} INFO - Processing file /opt/airflow/dags/eda_airflow.py for tasks to queue
[2025-07-19T10:04:31.436+0000] {logging_mixin.py:188} INFO - [2025-07-19T10:04:31.436+0000] {dagbag.py:538} INFO - Filling up the DagBag from /opt/airflow/dags/eda_airflow.py
[2025-07-19T10:04:31.447+0000] {processor.py:840} INFO - DAG(s) 'launch_streamlit_dashboard' retrieved from /opt/airflow/dags/eda_airflow.py
[2025-07-19T10:04:31.481+0000] {logging_mixin.py:188} INFO - [2025-07-19T10:04:31.481+0000] {dag.py:3036} INFO - Sync 1 DAGs
[2025-07-19T10:04:31.516+0000] {logging_mixin.py:188} INFO - [2025-07-19T10:04:31.515+0000] {dag.py:3823} INFO - Setting next_dagrun for launch_streamlit_dashboard to None, run_after=None
[2025-07-19T10:04:31.538+0000] {processor.py:183} INFO - Processing /opt/airflow/dags/eda_airflow.py took 0.107 seconds
[2025-07-19T10:05:02.631+0000] {processor.py:161} INFO - Started process (PID=10985) to work on /opt/airflow/dags/eda_airflow.py
[2025-07-19T10:05:02.634+0000] {processor.py:830} INFO - Processing file /opt/airflow/dags/eda_airflow.py for tasks to queue
[2025-07-19T10:05:02.636+0000] {logging_mixin.py:188} INFO - [2025-07-19T10:05:02.635+0000] {dagbag.py:538} INFO - Filling up the DagBag from /opt/airflow/dags/eda_airflow.py
[2025-07-19T10:05:02.656+0000] {processor.py:840} INFO - DAG(s) 'launch_streamlit_dashboard' retrieved from /opt/airflow/dags/eda_airflow.py
[2025-07-19T10:05:02.763+0000] {logging_mixin.py:188} INFO - [2025-07-19T10:05:02.762+0000] {dag.py:3036} INFO - Sync 1 DAGs
[2025-07-19T10:05:04.099+0000] {logging_mixin.py:188} INFO - [2025-07-19T10:05:04.099+0000] {dag.py:3823} INFO - Setting next_dagrun for launch_streamlit_dashboard to None, run_after=None
[2025-07-19T10:05:06.352+0000] {processor.py:183} INFO - Processing /opt/airflow/dags/eda_airflow.py took 3.730 seconds
[2025-07-19T10:05:36.851+0000] {processor.py:161} INFO - Started process (PID=11010) to work on /opt/airflow/dags/eda_airflow.py
[2025-07-19T10:05:36.852+0000] {processor.py:830} INFO - Processing file /opt/airflow/dags/eda_airflow.py for tasks to queue
[2025-07-19T10:05:36.853+0000] {logging_mixin.py:188} INFO - [2025-07-19T10:05:36.853+0000] {dagbag.py:538} INFO - Filling up the DagBag from /opt/airflow/dags/eda_airflow.py
[2025-07-19T10:05:36.863+0000] {processor.py:840} INFO - DAG(s) 'launch_streamlit_dashboard' retrieved from /opt/airflow/dags/eda_airflow.py
[2025-07-19T10:05:38.809+0000] {logging_mixin.py:188} INFO - [2025-07-19T10:05:38.809+0000] {dag.py:3036} INFO - Sync 1 DAGs
[2025-07-19T10:05:39.247+0000] {logging_mixin.py:188} INFO - [2025-07-19T10:05:39.247+0000] {dag.py:3823} INFO - Setting next_dagrun for launch_streamlit_dashboard to None, run_after=None
[2025-07-19T10:05:39.397+0000] {processor.py:183} INFO - Processing /opt/airflow/dags/eda_airflow.py took 2.550 seconds
[2025-07-19T10:06:10.214+0000] {processor.py:161} INFO - Started process (PID=11035) to work on /opt/airflow/dags/eda_airflow.py
[2025-07-19T10:06:10.401+0000] {processor.py:830} INFO - Processing file /opt/airflow/dags/eda_airflow.py for tasks to queue
[2025-07-19T10:06:10.449+0000] {logging_mixin.py:188} INFO - [2025-07-19T10:06:10.428+0000] {dagbag.py:538} INFO - Filling up the DagBag from /opt/airflow/dags/eda_airflow.py
[2025-07-19T10:06:10.596+0000] {processor.py:840} INFO - DAG(s) 'launch_streamlit_dashboard' retrieved from /opt/airflow/dags/eda_airflow.py
[2025-07-19T10:06:11.471+0000] {logging_mixin.py:188} INFO - [2025-07-19T10:06:11.471+0000] {dag.py:3036} INFO - Sync 1 DAGs
[2025-07-19T10:06:11.487+0000] {logging_mixin.py:188} INFO - [2025-07-19T10:06:11.487+0000] {dag.py:3823} INFO - Setting next_dagrun for launch_streamlit_dashboard to None, run_after=None
[2025-07-19T10:06:11.735+0000] {processor.py:183} INFO - Processing /opt/airflow/dags/eda_airflow.py took 1.629 seconds
[2025-07-19T10:06:42.100+0000] {processor.py:161} INFO - Started process (PID=11060) to work on /opt/airflow/dags/eda_airflow.py
[2025-07-19T10:06:42.101+0000] {processor.py:830} INFO - Processing file /opt/airflow/dags/eda_airflow.py for tasks to queue
[2025-07-19T10:06:42.102+0000] {logging_mixin.py:188} INFO - [2025-07-19T10:06:42.102+0000] {dagbag.py:538} INFO - Filling up the DagBag from /opt/airflow/dags/eda_airflow.py
[2025-07-19T10:06:42.115+0000] {processor.py:840} INFO - DAG(s) 'launch_streamlit_dashboard' retrieved from /opt/airflow/dags/eda_airflow.py
[2025-07-19T10:06:42.149+0000] {logging_mixin.py:188} INFO - [2025-07-19T10:06:42.149+0000] {dag.py:3036} INFO - Sync 1 DAGs
[2025-07-19T10:06:42.163+0000] {logging_mixin.py:188} INFO - [2025-07-19T10:06:42.163+0000] {dag.py:3823} INFO - Setting next_dagrun for launch_streamlit_dashboard to None, run_after=None
[2025-07-19T10:06:42.185+0000] {processor.py:183} INFO - Processing /opt/airflow/dags/eda_airflow.py took 0.088 seconds
[2025-07-19T10:07:12.723+0000] {processor.py:161} INFO - Started process (PID=11085) to work on /opt/airflow/dags/eda_airflow.py
[2025-07-19T10:07:12.724+0000] {processor.py:830} INFO - Processing file /opt/airflow/dags/eda_airflow.py for tasks to queue
[2025-07-19T10:07:12.725+0000] {logging_mixin.py:188} INFO - [2025-07-19T10:07:12.724+0000] {dagbag.py:538} INFO - Filling up the DagBag from /opt/airflow/dags/eda_airflow.py
[2025-07-19T10:07:12.736+0000] {processor.py:840} INFO - DAG(s) 'launch_streamlit_dashboard' retrieved from /opt/airflow/dags/eda_airflow.py
[2025-07-19T10:07:12.837+0000] {logging_mixin.py:188} INFO - [2025-07-19T10:07:12.837+0000] {dag.py:3036} INFO - Sync 1 DAGs
[2025-07-19T10:07:12.846+0000] {logging_mixin.py:188} INFO - [2025-07-19T10:07:12.846+0000] {dag.py:3823} INFO - Setting next_dagrun for launch_streamlit_dashboard to None, run_after=None
[2025-07-19T10:07:12.868+0000] {processor.py:183} INFO - Processing /opt/airflow/dags/eda_airflow.py took 0.148 seconds
[2025-07-19T10:07:43.241+0000] {processor.py:161} INFO - Started process (PID=11110) to work on /opt/airflow/dags/eda_airflow.py
[2025-07-19T10:07:43.244+0000] {processor.py:830} INFO - Processing file /opt/airflow/dags/eda_airflow.py for tasks to queue
[2025-07-19T10:07:43.246+0000] {logging_mixin.py:188} INFO - [2025-07-19T10:07:43.246+0000] {dagbag.py:538} INFO - Filling up the DagBag from /opt/airflow/dags/eda_airflow.py
[2025-07-19T10:07:43.259+0000] {processor.py:840} INFO - DAG(s) 'launch_streamlit_dashboard' retrieved from /opt/airflow/dags/eda_airflow.py
[2025-07-19T10:07:43.286+0000] {logging_mixin.py:188} INFO - [2025-07-19T10:07:43.286+0000] {dag.py:3036} INFO - Sync 1 DAGs
[2025-07-19T10:07:43.298+0000] {logging_mixin.py:188} INFO - [2025-07-19T10:07:43.298+0000] {dag.py:3823} INFO - Setting next_dagrun for launch_streamlit_dashboard to None, run_after=None
[2025-07-19T10:07:43.319+0000] {processor.py:183} INFO - Processing /opt/airflow/dags/eda_airflow.py took 0.083 seconds
[2025-07-19T10:08:13.724+0000] {processor.py:161} INFO - Started process (PID=11135) to work on /opt/airflow/dags/eda_airflow.py
[2025-07-19T10:08:13.725+0000] {processor.py:830} INFO - Processing file /opt/airflow/dags/eda_airflow.py for tasks to queue
[2025-07-19T10:08:13.726+0000] {logging_mixin.py:188} INFO - [2025-07-19T10:08:13.726+0000] {dagbag.py:538} INFO - Filling up the DagBag from /opt/airflow/dags/eda_airflow.py
[2025-07-19T10:08:13.737+0000] {processor.py:840} INFO - DAG(s) 'launch_streamlit_dashboard' retrieved from /opt/airflow/dags/eda_airflow.py
[2025-07-19T10:08:13.836+0000] {logging_mixin.py:188} INFO - [2025-07-19T10:08:13.835+0000] {dag.py:3036} INFO - Sync 1 DAGs
[2025-07-19T10:08:13.846+0000] {logging_mixin.py:188} INFO - [2025-07-19T10:08:13.846+0000] {dag.py:3823} INFO - Setting next_dagrun for launch_streamlit_dashboard to None, run_after=None
[2025-07-19T10:08:13.866+0000] {processor.py:183} INFO - Processing /opt/airflow/dags/eda_airflow.py took 0.146 seconds
[2025-07-19T10:08:44.209+0000] {processor.py:161} INFO - Started process (PID=11160) to work on /opt/airflow/dags/eda_airflow.py
[2025-07-19T10:08:44.210+0000] {processor.py:830} INFO - Processing file /opt/airflow/dags/eda_airflow.py for tasks to queue
[2025-07-19T10:08:44.211+0000] {logging_mixin.py:188} INFO - [2025-07-19T10:08:44.211+0000] {dagbag.py:538} INFO - Filling up the DagBag from /opt/airflow/dags/eda_airflow.py
[2025-07-19T10:08:44.222+0000] {processor.py:840} INFO - DAG(s) 'launch_streamlit_dashboard' retrieved from /opt/airflow/dags/eda_airflow.py
[2025-07-19T10:08:44.251+0000] {logging_mixin.py:188} INFO - [2025-07-19T10:08:44.251+0000] {dag.py:3036} INFO - Sync 1 DAGs
[2025-07-19T10:08:44.285+0000] {logging_mixin.py:188} INFO - [2025-07-19T10:08:44.285+0000] {dag.py:3823} INFO - Setting next_dagrun for launch_streamlit_dashboard to None, run_after=None
[2025-07-19T10:08:44.305+0000] {processor.py:183} INFO - Processing /opt/airflow/dags/eda_airflow.py took 0.100 seconds
[2025-07-19T10:09:14.729+0000] {processor.py:161} INFO - Started process (PID=11185) to work on /opt/airflow/dags/eda_airflow.py
[2025-07-19T10:09:14.730+0000] {processor.py:830} INFO - Processing file /opt/airflow/dags/eda_airflow.py for tasks to queue
[2025-07-19T10:09:14.731+0000] {logging_mixin.py:188} INFO - [2025-07-19T10:09:14.730+0000] {dagbag.py:538} INFO - Filling up the DagBag from /opt/airflow/dags/eda_airflow.py
[2025-07-19T10:09:14.742+0000] {processor.py:840} INFO - DAG(s) 'launch_streamlit_dashboard' retrieved from /opt/airflow/dags/eda_airflow.py
[2025-07-19T10:09:14.848+0000] {logging_mixin.py:188} INFO - [2025-07-19T10:09:14.847+0000] {dag.py:3036} INFO - Sync 1 DAGs
[2025-07-19T10:09:14.858+0000] {logging_mixin.py:188} INFO - [2025-07-19T10:09:14.858+0000] {dag.py:3823} INFO - Setting next_dagrun for launch_streamlit_dashboard to None, run_after=None
[2025-07-19T10:09:14.881+0000] {processor.py:183} INFO - Processing /opt/airflow/dags/eda_airflow.py took 0.155 seconds
[2025-07-19T10:09:45.227+0000] {processor.py:161} INFO - Started process (PID=11210) to work on /opt/airflow/dags/eda_airflow.py
[2025-07-19T10:09:45.228+0000] {processor.py:830} INFO - Processing file /opt/airflow/dags/eda_airflow.py for tasks to queue
[2025-07-19T10:09:45.229+0000] {logging_mixin.py:188} INFO - [2025-07-19T10:09:45.229+0000] {dagbag.py:538} INFO - Filling up the DagBag from /opt/airflow/dags/eda_airflow.py
[2025-07-19T10:09:45.240+0000] {processor.py:840} INFO - DAG(s) 'launch_streamlit_dashboard' retrieved from /opt/airflow/dags/eda_airflow.py
[2025-07-19T10:09:45.268+0000] {logging_mixin.py:188} INFO - [2025-07-19T10:09:45.268+0000] {dag.py:3036} INFO - Sync 1 DAGs
[2025-07-19T10:09:45.279+0000] {logging_mixin.py:188} INFO - [2025-07-19T10:09:45.279+0000] {dag.py:3823} INFO - Setting next_dagrun for launch_streamlit_dashboard to None, run_after=None
[2025-07-19T10:09:45.300+0000] {processor.py:183} INFO - Processing /opt/airflow/dags/eda_airflow.py took 0.076 seconds
[2025-07-19T10:10:15.762+0000] {processor.py:161} INFO - Started process (PID=11235) to work on /opt/airflow/dags/eda_airflow.py
[2025-07-19T10:10:15.763+0000] {processor.py:830} INFO - Processing file /opt/airflow/dags/eda_airflow.py for tasks to queue
[2025-07-19T10:10:15.764+0000] {logging_mixin.py:188} INFO - [2025-07-19T10:10:15.764+0000] {dagbag.py:538} INFO - Filling up the DagBag from /opt/airflow/dags/eda_airflow.py
[2025-07-19T10:10:15.776+0000] {processor.py:840} INFO - DAG(s) 'launch_streamlit_dashboard' retrieved from /opt/airflow/dags/eda_airflow.py
[2025-07-19T10:10:15.897+0000] {logging_mixin.py:188} INFO - [2025-07-19T10:10:15.897+0000] {dag.py:3036} INFO - Sync 1 DAGs
[2025-07-19T10:10:15.907+0000] {logging_mixin.py:188} INFO - [2025-07-19T10:10:15.907+0000] {dag.py:3823} INFO - Setting next_dagrun for launch_streamlit_dashboard to None, run_after=None
[2025-07-19T10:10:15.970+0000] {processor.py:183} INFO - Processing /opt/airflow/dags/eda_airflow.py took 0.210 seconds
[2025-07-19T10:10:46.357+0000] {processor.py:161} INFO - Started process (PID=11260) to work on /opt/airflow/dags/eda_airflow.py
[2025-07-19T10:10:46.358+0000] {processor.py:830} INFO - Processing file /opt/airflow/dags/eda_airflow.py for tasks to queue
[2025-07-19T10:10:46.359+0000] {logging_mixin.py:188} INFO - [2025-07-19T10:10:46.359+0000] {dagbag.py:538} INFO - Filling up the DagBag from /opt/airflow/dags/eda_airflow.py
[2025-07-19T10:10:46.371+0000] {processor.py:840} INFO - DAG(s) 'launch_streamlit_dashboard' retrieved from /opt/airflow/dags/eda_airflow.py
[2025-07-19T10:10:46.398+0000] {logging_mixin.py:188} INFO - [2025-07-19T10:10:46.398+0000] {dag.py:3036} INFO - Sync 1 DAGs
[2025-07-19T10:10:46.412+0000] {logging_mixin.py:188} INFO - [2025-07-19T10:10:46.412+0000] {dag.py:3823} INFO - Setting next_dagrun for launch_streamlit_dashboard to None, run_after=None
[2025-07-19T10:10:46.434+0000] {processor.py:183} INFO - Processing /opt/airflow/dags/eda_airflow.py took 0.082 seconds
[2025-07-19T10:11:17.014+0000] {processor.py:161} INFO - Started process (PID=11285) to work on /opt/airflow/dags/eda_airflow.py
[2025-07-19T10:11:17.015+0000] {processor.py:830} INFO - Processing file /opt/airflow/dags/eda_airflow.py for tasks to queue
[2025-07-19T10:11:17.016+0000] {logging_mixin.py:188} INFO - [2025-07-19T10:11:17.016+0000] {dagbag.py:538} INFO - Filling up the DagBag from /opt/airflow/dags/eda_airflow.py
[2025-07-19T10:11:17.193+0000] {processor.py:840} INFO - DAG(s) 'launch_streamlit_dashboard' retrieved from /opt/airflow/dags/eda_airflow.py
[2025-07-19T10:11:17.322+0000] {logging_mixin.py:188} INFO - [2025-07-19T10:11:17.322+0000] {dag.py:3036} INFO - Sync 1 DAGs
[2025-07-19T10:11:17.335+0000] {logging_mixin.py:188} INFO - [2025-07-19T10:11:17.335+0000] {dag.py:3823} INFO - Setting next_dagrun for launch_streamlit_dashboard to None, run_after=None
[2025-07-19T10:11:17.362+0000] {processor.py:183} INFO - Processing /opt/airflow/dags/eda_airflow.py took 0.352 seconds
[2025-07-19T10:11:47.801+0000] {processor.py:161} INFO - Started process (PID=11310) to work on /opt/airflow/dags/eda_airflow.py
[2025-07-19T10:11:47.803+0000] {processor.py:830} INFO - Processing file /opt/airflow/dags/eda_airflow.py for tasks to queue
[2025-07-19T10:11:47.804+0000] {logging_mixin.py:188} INFO - [2025-07-19T10:11:47.803+0000] {dagbag.py:538} INFO - Filling up the DagBag from /opt/airflow/dags/eda_airflow.py
[2025-07-19T10:11:47.858+0000] {processor.py:840} INFO - DAG(s) 'launch_streamlit_dashboard' retrieved from /opt/airflow/dags/eda_airflow.py
[2025-07-19T10:11:47.925+0000] {logging_mixin.py:188} INFO - [2025-07-19T10:11:47.925+0000] {dag.py:3036} INFO - Sync 1 DAGs
[2025-07-19T10:11:47.947+0000] {logging_mixin.py:188} INFO - [2025-07-19T10:11:47.947+0000] {dag.py:3823} INFO - Setting next_dagrun for launch_streamlit_dashboard to None, run_after=None
[2025-07-19T10:11:47.970+0000] {processor.py:183} INFO - Processing /opt/airflow/dags/eda_airflow.py took 0.172 seconds
[2025-07-19T10:12:18.647+0000] {processor.py:161} INFO - Started process (PID=11335) to work on /opt/airflow/dags/eda_airflow.py
[2025-07-19T10:12:18.648+0000] {processor.py:830} INFO - Processing file /opt/airflow/dags/eda_airflow.py for tasks to queue
[2025-07-19T10:12:18.649+0000] {logging_mixin.py:188} INFO - [2025-07-19T10:12:18.649+0000] {dagbag.py:538} INFO - Filling up the DagBag from /opt/airflow/dags/eda_airflow.py
[2025-07-19T10:12:18.662+0000] {processor.py:840} INFO - DAG(s) 'launch_streamlit_dashboard' retrieved from /opt/airflow/dags/eda_airflow.py
[2025-07-19T10:12:18.882+0000] {logging_mixin.py:188} INFO - [2025-07-19T10:12:18.882+0000] {dag.py:3036} INFO - Sync 1 DAGs
[2025-07-19T10:12:18.897+0000] {logging_mixin.py:188} INFO - [2025-07-19T10:12:18.896+0000] {dag.py:3823} INFO - Setting next_dagrun for launch_streamlit_dashboard to None, run_after=None
[2025-07-19T10:12:18.928+0000] {processor.py:183} INFO - Processing /opt/airflow/dags/eda_airflow.py took 0.285 seconds
[2025-07-19T10:12:49.598+0000] {processor.py:161} INFO - Started process (PID=11360) to work on /opt/airflow/dags/eda_airflow.py
[2025-07-19T10:12:49.599+0000] {processor.py:830} INFO - Processing file /opt/airflow/dags/eda_airflow.py for tasks to queue
[2025-07-19T10:12:49.600+0000] {logging_mixin.py:188} INFO - [2025-07-19T10:12:49.600+0000] {dagbag.py:538} INFO - Filling up the DagBag from /opt/airflow/dags/eda_airflow.py
[2025-07-19T10:12:49.631+0000] {processor.py:840} INFO - DAG(s) 'launch_streamlit_dashboard' retrieved from /opt/airflow/dags/eda_airflow.py
[2025-07-19T10:12:49.668+0000] {logging_mixin.py:188} INFO - [2025-07-19T10:12:49.667+0000] {dag.py:3036} INFO - Sync 1 DAGs
[2025-07-19T10:12:49.681+0000] {logging_mixin.py:188} INFO - [2025-07-19T10:12:49.681+0000] {dag.py:3823} INFO - Setting next_dagrun for launch_streamlit_dashboard to None, run_after=None
[2025-07-19T10:12:49.702+0000] {processor.py:183} INFO - Processing /opt/airflow/dags/eda_airflow.py took 0.107 seconds
[2025-07-19T10:13:20.003+0000] {processor.py:161} INFO - Started process (PID=11385) to work on /opt/airflow/dags/eda_airflow.py
[2025-07-19T10:13:20.005+0000] {processor.py:830} INFO - Processing file /opt/airflow/dags/eda_airflow.py for tasks to queue
[2025-07-19T10:13:20.006+0000] {logging_mixin.py:188} INFO - [2025-07-19T10:13:20.006+0000] {dagbag.py:538} INFO - Filling up the DagBag from /opt/airflow/dags/eda_airflow.py
[2025-07-19T10:13:20.021+0000] {processor.py:840} INFO - DAG(s) 'launch_streamlit_dashboard' retrieved from /opt/airflow/dags/eda_airflow.py
[2025-07-19T10:13:20.170+0000] {logging_mixin.py:188} INFO - [2025-07-19T10:13:20.170+0000] {dag.py:3036} INFO - Sync 1 DAGs
[2025-07-19T10:13:20.181+0000] {logging_mixin.py:188} INFO - [2025-07-19T10:13:20.180+0000] {dag.py:3823} INFO - Setting next_dagrun for launch_streamlit_dashboard to None, run_after=None
[2025-07-19T10:13:20.212+0000] {processor.py:183} INFO - Processing /opt/airflow/dags/eda_airflow.py took 0.212 seconds
[2025-07-19T10:13:50.821+0000] {processor.py:161} INFO - Started process (PID=11410) to work on /opt/airflow/dags/eda_airflow.py
[2025-07-19T10:13:50.822+0000] {processor.py:830} INFO - Processing file /opt/airflow/dags/eda_airflow.py for tasks to queue
[2025-07-19T10:13:50.824+0000] {logging_mixin.py:188} INFO - [2025-07-19T10:13:50.823+0000] {dagbag.py:538} INFO - Filling up the DagBag from /opt/airflow/dags/eda_airflow.py
[2025-07-19T10:13:50.869+0000] {processor.py:840} INFO - DAG(s) 'launch_streamlit_dashboard' retrieved from /opt/airflow/dags/eda_airflow.py
[2025-07-19T10:13:50.908+0000] {logging_mixin.py:188} INFO - [2025-07-19T10:13:50.908+0000] {dag.py:3036} INFO - Sync 1 DAGs
[2025-07-19T10:13:50.921+0000] {logging_mixin.py:188} INFO - [2025-07-19T10:13:50.921+0000] {dag.py:3823} INFO - Setting next_dagrun for launch_streamlit_dashboard to None, run_after=None
[2025-07-19T10:13:50.941+0000] {processor.py:183} INFO - Processing /opt/airflow/dags/eda_airflow.py took 0.124 seconds
[2025-07-19T10:14:21.486+0000] {processor.py:161} INFO - Started process (PID=11435) to work on /opt/airflow/dags/eda_airflow.py
[2025-07-19T10:14:21.488+0000] {processor.py:830} INFO - Processing file /opt/airflow/dags/eda_airflow.py for tasks to queue
[2025-07-19T10:14:21.489+0000] {logging_mixin.py:188} INFO - [2025-07-19T10:14:21.488+0000] {dagbag.py:538} INFO - Filling up the DagBag from /opt/airflow/dags/eda_airflow.py
[2025-07-19T10:14:21.501+0000] {processor.py:840} INFO - DAG(s) 'launch_streamlit_dashboard' retrieved from /opt/airflow/dags/eda_airflow.py
[2025-07-19T10:14:21.623+0000] {logging_mixin.py:188} INFO - [2025-07-19T10:14:21.623+0000] {dag.py:3036} INFO - Sync 1 DAGs
[2025-07-19T10:14:21.796+0000] {logging_mixin.py:188} INFO - [2025-07-19T10:14:21.796+0000] {dag.py:3823} INFO - Setting next_dagrun for launch_streamlit_dashboard to None, run_after=None
[2025-07-19T10:14:21.829+0000] {processor.py:183} INFO - Processing /opt/airflow/dags/eda_airflow.py took 0.345 seconds
[2025-07-19T10:14:52.387+0000] {processor.py:161} INFO - Started process (PID=11460) to work on /opt/airflow/dags/eda_airflow.py
[2025-07-19T10:14:52.388+0000] {processor.py:830} INFO - Processing file /opt/airflow/dags/eda_airflow.py for tasks to queue
[2025-07-19T10:14:52.390+0000] {logging_mixin.py:188} INFO - [2025-07-19T10:14:52.389+0000] {dagbag.py:538} INFO - Filling up the DagBag from /opt/airflow/dags/eda_airflow.py
[2025-07-19T10:14:52.403+0000] {processor.py:840} INFO - DAG(s) 'launch_streamlit_dashboard' retrieved from /opt/airflow/dags/eda_airflow.py
[2025-07-19T10:14:52.432+0000] {logging_mixin.py:188} INFO - [2025-07-19T10:14:52.432+0000] {dag.py:3036} INFO - Sync 1 DAGs
[2025-07-19T10:14:52.446+0000] {logging_mixin.py:188} INFO - [2025-07-19T10:14:52.446+0000] {dag.py:3823} INFO - Setting next_dagrun for launch_streamlit_dashboard to None, run_after=None
[2025-07-19T10:14:52.471+0000] {processor.py:183} INFO - Processing /opt/airflow/dags/eda_airflow.py took 0.089 seconds
[2025-07-19T10:15:23.259+0000] {processor.py:161} INFO - Started process (PID=11485) to work on /opt/airflow/dags/eda_airflow.py
[2025-07-19T10:15:23.260+0000] {processor.py:830} INFO - Processing file /opt/airflow/dags/eda_airflow.py for tasks to queue
[2025-07-19T10:15:23.261+0000] {logging_mixin.py:188} INFO - [2025-07-19T10:15:23.261+0000] {dagbag.py:538} INFO - Filling up the DagBag from /opt/airflow/dags/eda_airflow.py
[2025-07-19T10:15:23.292+0000] {processor.py:840} INFO - DAG(s) 'launch_streamlit_dashboard' retrieved from /opt/airflow/dags/eda_airflow.py
[2025-07-19T10:15:23.399+0000] {logging_mixin.py:188} INFO - [2025-07-19T10:15:23.398+0000] {dag.py:3036} INFO - Sync 1 DAGs
[2025-07-19T10:15:23.410+0000] {logging_mixin.py:188} INFO - [2025-07-19T10:15:23.410+0000] {dag.py:3823} INFO - Setting next_dagrun for launch_streamlit_dashboard to None, run_after=None
[2025-07-19T10:15:23.444+0000] {processor.py:183} INFO - Processing /opt/airflow/dags/eda_airflow.py took 0.189 seconds
[2025-07-19T10:15:53.671+0000] {processor.py:161} INFO - Started process (PID=11508) to work on /opt/airflow/dags/eda_airflow.py
[2025-07-19T10:15:53.672+0000] {processor.py:830} INFO - Processing file /opt/airflow/dags/eda_airflow.py for tasks to queue
[2025-07-19T10:15:53.673+0000] {logging_mixin.py:188} INFO - [2025-07-19T10:15:53.673+0000] {dagbag.py:538} INFO - Filling up the DagBag from /opt/airflow/dags/eda_airflow.py
[2025-07-19T10:15:53.809+0000] {processor.py:840} INFO - DAG(s) 'launch_streamlit_dashboard' retrieved from /opt/airflow/dags/eda_airflow.py
[2025-07-19T10:15:54.150+0000] {logging_mixin.py:188} INFO - [2025-07-19T10:15:54.150+0000] {dag.py:3036} INFO - Sync 1 DAGs
[2025-07-19T10:15:54.165+0000] {logging_mixin.py:188} INFO - [2025-07-19T10:15:54.164+0000] {dag.py:3823} INFO - Setting next_dagrun for launch_streamlit_dashboard to None, run_after=None
[2025-07-19T10:15:54.229+0000] {processor.py:183} INFO - Processing /opt/airflow/dags/eda_airflow.py took 0.562 seconds
[2025-07-19T10:16:28.527+0000] {processor.py:161} INFO - Started process (PID=11533) to work on /opt/airflow/dags/eda_airflow.py
[2025-07-19T10:16:28.568+0000] {processor.py:830} INFO - Processing file /opt/airflow/dags/eda_airflow.py for tasks to queue
[2025-07-19T10:16:28.821+0000] {logging_mixin.py:188} INFO - [2025-07-19T10:16:28.820+0000] {dagbag.py:538} INFO - Filling up the DagBag from /opt/airflow/dags/eda_airflow.py
[2025-07-19T10:16:28.925+0000] {processor.py:840} INFO - DAG(s) 'launch_streamlit_dashboard' retrieved from /opt/airflow/dags/eda_airflow.py
[2025-07-19T10:16:29.066+0000] {logging_mixin.py:188} INFO - [2025-07-19T10:16:29.066+0000] {dag.py:3036} INFO - Sync 1 DAGs
[2025-07-19T10:16:29.093+0000] {logging_mixin.py:188} INFO - [2025-07-19T10:16:29.092+0000] {dag.py:3823} INFO - Setting next_dagrun for launch_streamlit_dashboard to None, run_after=None
[2025-07-19T10:16:29.727+0000] {processor.py:183} INFO - Processing /opt/airflow/dags/eda_airflow.py took 2.284 seconds
[2025-07-19T10:17:00.748+0000] {processor.py:161} INFO - Started process (PID=11556) to work on /opt/airflow/dags/eda_airflow.py
[2025-07-19T10:17:00.749+0000] {processor.py:830} INFO - Processing file /opt/airflow/dags/eda_airflow.py for tasks to queue
[2025-07-19T10:17:00.750+0000] {logging_mixin.py:188} INFO - [2025-07-19T10:17:00.749+0000] {dagbag.py:538} INFO - Filling up the DagBag from /opt/airflow/dags/eda_airflow.py
[2025-07-19T10:17:00.798+0000] {processor.py:840} INFO - DAG(s) 'launch_streamlit_dashboard' retrieved from /opt/airflow/dags/eda_airflow.py
[2025-07-19T10:17:00.937+0000] {logging_mixin.py:188} INFO - [2025-07-19T10:17:00.937+0000] {dag.py:3036} INFO - Sync 1 DAGs
[2025-07-19T10:17:01.039+0000] {logging_mixin.py:188} INFO - [2025-07-19T10:17:01.038+0000] {dag.py:3823} INFO - Setting next_dagrun for launch_streamlit_dashboard to None, run_after=None
[2025-07-19T10:17:01.061+0000] {processor.py:183} INFO - Processing /opt/airflow/dags/eda_airflow.py took 0.316 seconds
[2025-07-19T10:17:31.804+0000] {processor.py:161} INFO - Started process (PID=11581) to work on /opt/airflow/dags/eda_airflow.py
[2025-07-19T10:17:31.805+0000] {processor.py:830} INFO - Processing file /opt/airflow/dags/eda_airflow.py for tasks to queue
[2025-07-19T10:17:31.806+0000] {logging_mixin.py:188} INFO - [2025-07-19T10:17:31.806+0000] {dagbag.py:538} INFO - Filling up the DagBag from /opt/airflow/dags/eda_airflow.py
[2025-07-19T10:17:31.881+0000] {processor.py:840} INFO - DAG(s) 'launch_streamlit_dashboard' retrieved from /opt/airflow/dags/eda_airflow.py
[2025-07-19T10:17:32.023+0000] {logging_mixin.py:188} INFO - [2025-07-19T10:17:32.023+0000] {dag.py:3036} INFO - Sync 1 DAGs
[2025-07-19T10:17:32.038+0000] {logging_mixin.py:188} INFO - [2025-07-19T10:17:32.037+0000] {dag.py:3823} INFO - Setting next_dagrun for launch_streamlit_dashboard to None, run_after=None
[2025-07-19T10:17:32.072+0000] {processor.py:183} INFO - Processing /opt/airflow/dags/eda_airflow.py took 0.272 seconds
[2025-07-19T10:18:02.606+0000] {processor.py:161} INFO - Started process (PID=11606) to work on /opt/airflow/dags/eda_airflow.py
[2025-07-19T10:18:02.607+0000] {processor.py:830} INFO - Processing file /opt/airflow/dags/eda_airflow.py for tasks to queue
[2025-07-19T10:18:02.608+0000] {logging_mixin.py:188} INFO - [2025-07-19T10:18:02.607+0000] {dagbag.py:538} INFO - Filling up the DagBag from /opt/airflow/dags/eda_airflow.py
[2025-07-19T10:18:02.653+0000] {processor.py:840} INFO - DAG(s) 'launch_streamlit_dashboard' retrieved from /opt/airflow/dags/eda_airflow.py
[2025-07-19T10:18:02.725+0000] {logging_mixin.py:188} INFO - [2025-07-19T10:18:02.725+0000] {dag.py:3036} INFO - Sync 1 DAGs
[2025-07-19T10:18:02.740+0000] {logging_mixin.py:188} INFO - [2025-07-19T10:18:02.739+0000] {dag.py:3823} INFO - Setting next_dagrun for launch_streamlit_dashboard to None, run_after=None
[2025-07-19T10:18:02.793+0000] {processor.py:183} INFO - Processing /opt/airflow/dags/eda_airflow.py took 0.191 seconds
[2025-07-19T10:18:33.298+0000] {processor.py:161} INFO - Started process (PID=11632) to work on /opt/airflow/dags/eda_airflow.py
[2025-07-19T10:18:33.299+0000] {processor.py:830} INFO - Processing file /opt/airflow/dags/eda_airflow.py for tasks to queue
[2025-07-19T10:18:33.300+0000] {logging_mixin.py:188} INFO - [2025-07-19T10:18:33.299+0000] {dagbag.py:538} INFO - Filling up the DagBag from /opt/airflow/dags/eda_airflow.py
[2025-07-19T10:18:33.346+0000] {processor.py:840} INFO - DAG(s) 'launch_streamlit_dashboard' retrieved from /opt/airflow/dags/eda_airflow.py
[2025-07-19T10:18:33.364+0000] {logging_mixin.py:188} INFO - [2025-07-19T10:18:33.364+0000] {dag.py:3036} INFO - Sync 1 DAGs
[2025-07-19T10:18:33.376+0000] {logging_mixin.py:188} INFO - [2025-07-19T10:18:33.376+0000] {dag.py:3823} INFO - Setting next_dagrun for launch_streamlit_dashboard to None, run_after=None
[2025-07-19T10:18:33.403+0000] {processor.py:183} INFO - Processing /opt/airflow/dags/eda_airflow.py took 0.109 seconds
[2025-07-19T10:19:03.555+0000] {processor.py:161} INFO - Started process (PID=11661) to work on /opt/airflow/dags/eda_airflow.py
[2025-07-19T10:19:03.556+0000] {processor.py:830} INFO - Processing file /opt/airflow/dags/eda_airflow.py for tasks to queue
[2025-07-19T10:19:03.557+0000] {logging_mixin.py:188} INFO - [2025-07-19T10:19:03.557+0000] {dagbag.py:538} INFO - Filling up the DagBag from /opt/airflow/dags/eda_airflow.py
[2025-07-19T10:19:03.571+0000] {processor.py:840} INFO - DAG(s) 'launch_streamlit_dashboard' retrieved from /opt/airflow/dags/eda_airflow.py
[2025-07-19T10:19:03.905+0000] {logging_mixin.py:188} INFO - [2025-07-19T10:19:03.905+0000] {dag.py:3036} INFO - Sync 1 DAGs
[2025-07-19T10:19:03.916+0000] {logging_mixin.py:188} INFO - [2025-07-19T10:19:03.915+0000] {dag.py:3823} INFO - Setting next_dagrun for launch_streamlit_dashboard to None, run_after=None
[2025-07-19T10:19:03.975+0000] {processor.py:183} INFO - Processing /opt/airflow/dags/eda_airflow.py took 0.427 seconds
[2025-07-19T10:19:34.820+0000] {processor.py:161} INFO - Started process (PID=11687) to work on /opt/airflow/dags/eda_airflow.py
[2025-07-19T10:19:34.822+0000] {processor.py:830} INFO - Processing file /opt/airflow/dags/eda_airflow.py for tasks to queue
[2025-07-19T10:19:34.823+0000] {logging_mixin.py:188} INFO - [2025-07-19T10:19:34.822+0000] {dagbag.py:538} INFO - Filling up the DagBag from /opt/airflow/dags/eda_airflow.py
[2025-07-19T10:19:34.836+0000] {processor.py:840} INFO - DAG(s) 'launch_streamlit_dashboard' retrieved from /opt/airflow/dags/eda_airflow.py
[2025-07-19T10:19:34.897+0000] {logging_mixin.py:188} INFO - [2025-07-19T10:19:34.896+0000] {dag.py:3036} INFO - Sync 1 DAGs
[2025-07-19T10:19:34.910+0000] {logging_mixin.py:188} INFO - [2025-07-19T10:19:34.909+0000] {dag.py:3823} INFO - Setting next_dagrun for launch_streamlit_dashboard to None, run_after=None
[2025-07-19T10:19:34.937+0000] {processor.py:183} INFO - Processing /opt/airflow/dags/eda_airflow.py took 0.127 seconds
[2025-07-19T10:20:05.528+0000] {processor.py:161} INFO - Started process (PID=11712) to work on /opt/airflow/dags/eda_airflow.py
[2025-07-19T10:20:05.530+0000] {processor.py:830} INFO - Processing file /opt/airflow/dags/eda_airflow.py for tasks to queue
[2025-07-19T10:20:05.532+0000] {logging_mixin.py:188} INFO - [2025-07-19T10:20:05.531+0000] {dagbag.py:538} INFO - Filling up the DagBag from /opt/airflow/dags/eda_airflow.py
[2025-07-19T10:20:05.560+0000] {processor.py:840} INFO - DAG(s) 'launch_streamlit_dashboard' retrieved from /opt/airflow/dags/eda_airflow.py
[2025-07-19T10:20:05.573+0000] {logging_mixin.py:188} INFO - [2025-07-19T10:20:05.573+0000] {dag.py:3036} INFO - Sync 1 DAGs
[2025-07-19T10:20:05.587+0000] {logging_mixin.py:188} INFO - [2025-07-19T10:20:05.586+0000] {dag.py:3823} INFO - Setting next_dagrun for launch_streamlit_dashboard to None, run_after=None
[2025-07-19T10:20:05.610+0000] {processor.py:183} INFO - Processing /opt/airflow/dags/eda_airflow.py took 0.085 seconds
[2025-07-19T10:20:36.222+0000] {processor.py:161} INFO - Started process (PID=11737) to work on /opt/airflow/dags/eda_airflow.py
[2025-07-19T10:20:36.223+0000] {processor.py:830} INFO - Processing file /opt/airflow/dags/eda_airflow.py for tasks to queue
[2025-07-19T10:20:36.224+0000] {logging_mixin.py:188} INFO - [2025-07-19T10:20:36.223+0000] {dagbag.py:538} INFO - Filling up the DagBag from /opt/airflow/dags/eda_airflow.py
[2025-07-19T10:20:36.234+0000] {processor.py:840} INFO - DAG(s) 'launch_streamlit_dashboard' retrieved from /opt/airflow/dags/eda_airflow.py
[2025-07-19T10:20:36.413+0000] {logging_mixin.py:188} INFO - [2025-07-19T10:20:36.411+0000] {dag.py:3036} INFO - Sync 1 DAGs
[2025-07-19T10:20:36.425+0000] {logging_mixin.py:188} INFO - [2025-07-19T10:20:36.424+0000] {dag.py:3823} INFO - Setting next_dagrun for launch_streamlit_dashboard to None, run_after=None
[2025-07-19T10:20:36.501+0000] {processor.py:183} INFO - Processing /opt/airflow/dags/eda_airflow.py took 0.282 seconds
[2025-07-19T10:21:07.017+0000] {processor.py:161} INFO - Started process (PID=11762) to work on /opt/airflow/dags/eda_airflow.py
[2025-07-19T10:21:07.018+0000] {processor.py:830} INFO - Processing file /opt/airflow/dags/eda_airflow.py for tasks to queue
[2025-07-19T10:21:07.019+0000] {logging_mixin.py:188} INFO - [2025-07-19T10:21:07.019+0000] {dagbag.py:538} INFO - Filling up the DagBag from /opt/airflow/dags/eda_airflow.py
[2025-07-19T10:21:07.030+0000] {processor.py:840} INFO - DAG(s) 'launch_streamlit_dashboard' retrieved from /opt/airflow/dags/eda_airflow.py
[2025-07-19T10:21:07.083+0000] {logging_mixin.py:188} INFO - [2025-07-19T10:21:07.083+0000] {dag.py:3036} INFO - Sync 1 DAGs
[2025-07-19T10:21:07.095+0000] {logging_mixin.py:188} INFO - [2025-07-19T10:21:07.095+0000] {dag.py:3823} INFO - Setting next_dagrun for launch_streamlit_dashboard to None, run_after=None
[2025-07-19T10:21:07.117+0000] {processor.py:183} INFO - Processing /opt/airflow/dags/eda_airflow.py took 0.104 seconds
[2025-07-19T10:21:37.405+0000] {processor.py:161} INFO - Started process (PID=11787) to work on /opt/airflow/dags/eda_airflow.py
[2025-07-19T10:21:37.406+0000] {processor.py:830} INFO - Processing file /opt/airflow/dags/eda_airflow.py for tasks to queue
[2025-07-19T10:21:37.407+0000] {logging_mixin.py:188} INFO - [2025-07-19T10:21:37.406+0000] {dagbag.py:538} INFO - Filling up the DagBag from /opt/airflow/dags/eda_airflow.py
[2025-07-19T10:21:37.417+0000] {processor.py:840} INFO - DAG(s) 'launch_streamlit_dashboard' retrieved from /opt/airflow/dags/eda_airflow.py
[2025-07-19T10:21:37.428+0000] {logging_mixin.py:188} INFO - [2025-07-19T10:21:37.427+0000] {dag.py:3036} INFO - Sync 1 DAGs
[2025-07-19T10:21:37.440+0000] {logging_mixin.py:188} INFO - [2025-07-19T10:21:37.440+0000] {dag.py:3823} INFO - Setting next_dagrun for launch_streamlit_dashboard to None, run_after=None
[2025-07-19T10:21:37.464+0000] {processor.py:183} INFO - Processing /opt/airflow/dags/eda_airflow.py took 0.062 seconds
[2025-07-19T10:22:07.994+0000] {processor.py:161} INFO - Started process (PID=11812) to work on /opt/airflow/dags/eda_airflow.py
[2025-07-19T10:22:07.995+0000] {processor.py:830} INFO - Processing file /opt/airflow/dags/eda_airflow.py for tasks to queue
[2025-07-19T10:22:07.996+0000] {logging_mixin.py:188} INFO - [2025-07-19T10:22:07.995+0000] {dagbag.py:538} INFO - Filling up the DagBag from /opt/airflow/dags/eda_airflow.py
[2025-07-19T10:22:08.006+0000] {processor.py:840} INFO - DAG(s) 'launch_streamlit_dashboard' retrieved from /opt/airflow/dags/eda_airflow.py
[2025-07-19T10:22:08.099+0000] {logging_mixin.py:188} INFO - [2025-07-19T10:22:08.099+0000] {dag.py:3036} INFO - Sync 1 DAGs
[2025-07-19T10:22:08.109+0000] {logging_mixin.py:188} INFO - [2025-07-19T10:22:08.109+0000] {dag.py:3823} INFO - Setting next_dagrun for launch_streamlit_dashboard to None, run_after=None
[2025-07-19T10:22:08.141+0000] {processor.py:183} INFO - Processing /opt/airflow/dags/eda_airflow.py took 0.150 seconds
[2025-07-19T10:22:38.446+0000] {processor.py:161} INFO - Started process (PID=11837) to work on /opt/airflow/dags/eda_airflow.py
[2025-07-19T10:22:38.448+0000] {processor.py:830} INFO - Processing file /opt/airflow/dags/eda_airflow.py for tasks to queue
[2025-07-19T10:22:38.449+0000] {logging_mixin.py:188} INFO - [2025-07-19T10:22:38.448+0000] {dagbag.py:538} INFO - Filling up the DagBag from /opt/airflow/dags/eda_airflow.py
[2025-07-19T10:22:38.460+0000] {processor.py:840} INFO - DAG(s) 'launch_streamlit_dashboard' retrieved from /opt/airflow/dags/eda_airflow.py
[2025-07-19T10:22:38.483+0000] {logging_mixin.py:188} INFO - [2025-07-19T10:22:38.483+0000] {dag.py:3036} INFO - Sync 1 DAGs
[2025-07-19T10:22:38.494+0000] {logging_mixin.py:188} INFO - [2025-07-19T10:22:38.494+0000] {dag.py:3823} INFO - Setting next_dagrun for launch_streamlit_dashboard to None, run_after=None
[2025-07-19T10:22:38.514+0000] {processor.py:183} INFO - Processing /opt/airflow/dags/eda_airflow.py took 0.070 seconds
[2025-07-19T10:23:09.031+0000] {processor.py:161} INFO - Started process (PID=11862) to work on /opt/airflow/dags/eda_airflow.py
[2025-07-19T10:23:09.032+0000] {processor.py:830} INFO - Processing file /opt/airflow/dags/eda_airflow.py for tasks to queue
[2025-07-19T10:23:09.033+0000] {logging_mixin.py:188} INFO - [2025-07-19T10:23:09.032+0000] {dagbag.py:538} INFO - Filling up the DagBag from /opt/airflow/dags/eda_airflow.py
[2025-07-19T10:23:09.043+0000] {processor.py:840} INFO - DAG(s) 'launch_streamlit_dashboard' retrieved from /opt/airflow/dags/eda_airflow.py
[2025-07-19T10:23:09.053+0000] {logging_mixin.py:188} INFO - [2025-07-19T10:23:09.053+0000] {dag.py:3036} INFO - Sync 1 DAGs
[2025-07-19T10:23:09.065+0000] {logging_mixin.py:188} INFO - [2025-07-19T10:23:09.065+0000] {dag.py:3823} INFO - Setting next_dagrun for launch_streamlit_dashboard to None, run_after=None
[2025-07-19T10:23:09.087+0000] {processor.py:183} INFO - Processing /opt/airflow/dags/eda_airflow.py took 0.059 seconds
[2025-07-19T10:23:39.481+0000] {processor.py:161} INFO - Started process (PID=11887) to work on /opt/airflow/dags/eda_airflow.py
[2025-07-19T10:23:39.482+0000] {processor.py:830} INFO - Processing file /opt/airflow/dags/eda_airflow.py for tasks to queue
[2025-07-19T10:23:39.483+0000] {logging_mixin.py:188} INFO - [2025-07-19T10:23:39.483+0000] {dagbag.py:538} INFO - Filling up the DagBag from /opt/airflow/dags/eda_airflow.py
[2025-07-19T10:23:39.494+0000] {processor.py:840} INFO - DAG(s) 'launch_streamlit_dashboard' retrieved from /opt/airflow/dags/eda_airflow.py
[2025-07-19T10:23:39.583+0000] {logging_mixin.py:188} INFO - [2025-07-19T10:23:39.583+0000] {dag.py:3036} INFO - Sync 1 DAGs
[2025-07-19T10:23:39.592+0000] {logging_mixin.py:188} INFO - [2025-07-19T10:23:39.591+0000] {dag.py:3823} INFO - Setting next_dagrun for launch_streamlit_dashboard to None, run_after=None
[2025-07-19T10:23:39.618+0000] {processor.py:183} INFO - Processing /opt/airflow/dags/eda_airflow.py took 0.140 seconds
[2025-07-19T10:24:10.190+0000] {processor.py:161} INFO - Started process (PID=11912) to work on /opt/airflow/dags/eda_airflow.py
[2025-07-19T10:24:10.191+0000] {processor.py:830} INFO - Processing file /opt/airflow/dags/eda_airflow.py for tasks to queue
[2025-07-19T10:24:10.192+0000] {logging_mixin.py:188} INFO - [2025-07-19T10:24:10.191+0000] {dagbag.py:538} INFO - Filling up the DagBag from /opt/airflow/dags/eda_airflow.py
[2025-07-19T10:24:10.202+0000] {processor.py:840} INFO - DAG(s) 'launch_streamlit_dashboard' retrieved from /opt/airflow/dags/eda_airflow.py
[2025-07-19T10:24:10.225+0000] {logging_mixin.py:188} INFO - [2025-07-19T10:24:10.225+0000] {dag.py:3036} INFO - Sync 1 DAGs
[2025-07-19T10:24:10.236+0000] {logging_mixin.py:188} INFO - [2025-07-19T10:24:10.236+0000] {dag.py:3823} INFO - Setting next_dagrun for launch_streamlit_dashboard to None, run_after=None
[2025-07-19T10:24:10.257+0000] {processor.py:183} INFO - Processing /opt/airflow/dags/eda_airflow.py took 0.070 seconds
[2025-07-19T10:24:45.609+0000] {processor.py:161} INFO - Started process (PID=11937) to work on /opt/airflow/dags/eda_airflow.py
[2025-07-19T10:24:45.966+0000] {processor.py:830} INFO - Processing file /opt/airflow/dags/eda_airflow.py for tasks to queue
[2025-07-19T10:24:46.561+0000] {logging_mixin.py:188} INFO - [2025-07-19T10:24:46.387+0000] {dagbag.py:538} INFO - Filling up the DagBag from /opt/airflow/dags/eda_airflow.py
[2025-07-19T10:24:48.892+0000] {processor.py:840} INFO - DAG(s) 'launch_streamlit_dashboard' retrieved from /opt/airflow/dags/eda_airflow.py
[2025-07-19T10:24:51.977+0000] {logging_mixin.py:188} INFO - [2025-07-19T10:24:51.977+0000] {dag.py:3036} INFO - Sync 1 DAGs
[2025-07-19T10:24:57.094+0000] {logging_mixin.py:188} INFO - [2025-07-19T10:24:57.093+0000] {dag.py:3823} INFO - Setting next_dagrun for launch_streamlit_dashboard to None, run_after=None
[2025-07-19T10:25:02.070+0000] {processor.py:183} INFO - Processing /opt/airflow/dags/eda_airflow.py took 18.997 seconds
[2025-07-19T10:25:32.422+0000] {processor.py:161} INFO - Started process (PID=11964) to work on /opt/airflow/dags/eda_airflow.py
[2025-07-19T10:25:32.423+0000] {processor.py:830} INFO - Processing file /opt/airflow/dags/eda_airflow.py for tasks to queue
[2025-07-19T10:25:32.424+0000] {logging_mixin.py:188} INFO - [2025-07-19T10:25:32.423+0000] {dagbag.py:538} INFO - Filling up the DagBag from /opt/airflow/dags/eda_airflow.py
[2025-07-19T10:25:32.901+0000] {processor.py:840} INFO - DAG(s) 'launch_streamlit_dashboard' retrieved from /opt/airflow/dags/eda_airflow.py
[2025-07-19T10:27:07.190+0000] {processor.py:161} INFO - Started process (PID=11989) to work on /opt/airflow/dags/eda_airflow.py
[2025-07-19T10:27:07.192+0000] {processor.py:830} INFO - Processing file /opt/airflow/dags/eda_airflow.py for tasks to queue
[2025-07-19T10:27:07.193+0000] {logging_mixin.py:188} INFO - [2025-07-19T10:27:07.192+0000] {dagbag.py:538} INFO - Filling up the DagBag from /opt/airflow/dags/eda_airflow.py
[2025-07-19T10:27:07.207+0000] {processor.py:840} INFO - DAG(s) 'launch_streamlit_dashboard' retrieved from /opt/airflow/dags/eda_airflow.py
[2025-07-19T10:27:07.324+0000] {logging_mixin.py:188} INFO - [2025-07-19T10:27:07.324+0000] {dag.py:3036} INFO - Sync 1 DAGs
[2025-07-19T10:27:07.335+0000] {logging_mixin.py:188} INFO - [2025-07-19T10:27:07.335+0000] {dag.py:3823} INFO - Setting next_dagrun for launch_streamlit_dashboard to None, run_after=None
[2025-07-19T10:27:07.360+0000] {processor.py:183} INFO - Processing /opt/airflow/dags/eda_airflow.py took 0.176 seconds
[2025-07-19T10:27:37.962+0000] {processor.py:161} INFO - Started process (PID=12014) to work on /opt/airflow/dags/eda_airflow.py
[2025-07-19T10:27:37.963+0000] {processor.py:830} INFO - Processing file /opt/airflow/dags/eda_airflow.py for tasks to queue
[2025-07-19T10:27:37.965+0000] {logging_mixin.py:188} INFO - [2025-07-19T10:27:37.964+0000] {dagbag.py:538} INFO - Filling up the DagBag from /opt/airflow/dags/eda_airflow.py
[2025-07-19T10:27:37.977+0000] {processor.py:840} INFO - DAG(s) 'launch_streamlit_dashboard' retrieved from /opt/airflow/dags/eda_airflow.py
[2025-07-19T10:27:38.010+0000] {logging_mixin.py:188} INFO - [2025-07-19T10:27:38.009+0000] {dag.py:3036} INFO - Sync 1 DAGs
[2025-07-19T10:27:38.025+0000] {logging_mixin.py:188} INFO - [2025-07-19T10:27:38.025+0000] {dag.py:3823} INFO - Setting next_dagrun for launch_streamlit_dashboard to None, run_after=None
[2025-07-19T10:27:38.058+0000] {processor.py:183} INFO - Processing /opt/airflow/dags/eda_airflow.py took 0.101 seconds
[2025-07-19T10:28:08.531+0000] {processor.py:161} INFO - Started process (PID=12039) to work on /opt/airflow/dags/eda_airflow.py
[2025-07-19T10:28:08.532+0000] {processor.py:830} INFO - Processing file /opt/airflow/dags/eda_airflow.py for tasks to queue
[2025-07-19T10:28:08.533+0000] {logging_mixin.py:188} INFO - [2025-07-19T10:28:08.533+0000] {dagbag.py:538} INFO - Filling up the DagBag from /opt/airflow/dags/eda_airflow.py
[2025-07-19T10:28:08.544+0000] {processor.py:840} INFO - DAG(s) 'launch_streamlit_dashboard' retrieved from /opt/airflow/dags/eda_airflow.py
[2025-07-19T10:28:08.652+0000] {logging_mixin.py:188} INFO - [2025-07-19T10:28:08.652+0000] {dag.py:3036} INFO - Sync 1 DAGs
[2025-07-19T10:28:08.663+0000] {logging_mixin.py:188} INFO - [2025-07-19T10:28:08.663+0000] {dag.py:3823} INFO - Setting next_dagrun for launch_streamlit_dashboard to None, run_after=None
[2025-07-19T10:28:08.686+0000] {processor.py:183} INFO - Processing /opt/airflow/dags/eda_airflow.py took 0.161 seconds
[2025-07-19T10:28:39.108+0000] {processor.py:161} INFO - Started process (PID=12064) to work on /opt/airflow/dags/eda_airflow.py
[2025-07-19T10:28:39.109+0000] {processor.py:830} INFO - Processing file /opt/airflow/dags/eda_airflow.py for tasks to queue
[2025-07-19T10:28:39.111+0000] {logging_mixin.py:188} INFO - [2025-07-19T10:28:39.110+0000] {dagbag.py:538} INFO - Filling up the DagBag from /opt/airflow/dags/eda_airflow.py
[2025-07-19T10:28:39.130+0000] {processor.py:840} INFO - DAG(s) 'launch_streamlit_dashboard' retrieved from /opt/airflow/dags/eda_airflow.py
[2025-07-19T10:28:39.242+0000] {logging_mixin.py:188} INFO - [2025-07-19T10:28:39.242+0000] {dag.py:3036} INFO - Sync 1 DAGs
[2025-07-19T10:28:39.252+0000] {logging_mixin.py:188} INFO - [2025-07-19T10:28:39.252+0000] {dag.py:3823} INFO - Setting next_dagrun for launch_streamlit_dashboard to None, run_after=None
[2025-07-19T10:28:39.275+0000] {processor.py:183} INFO - Processing /opt/airflow/dags/eda_airflow.py took 0.175 seconds
[2025-07-19T10:29:09.685+0000] {processor.py:161} INFO - Started process (PID=12089) to work on /opt/airflow/dags/eda_airflow.py
[2025-07-19T10:29:09.686+0000] {processor.py:830} INFO - Processing file /opt/airflow/dags/eda_airflow.py for tasks to queue
[2025-07-19T10:29:09.687+0000] {logging_mixin.py:188} INFO - [2025-07-19T10:29:09.687+0000] {dagbag.py:538} INFO - Filling up the DagBag from /opt/airflow/dags/eda_airflow.py
[2025-07-19T10:29:09.699+0000] {processor.py:840} INFO - DAG(s) 'launch_streamlit_dashboard' retrieved from /opt/airflow/dags/eda_airflow.py
[2025-07-19T10:29:09.726+0000] {logging_mixin.py:188} INFO - [2025-07-19T10:29:09.726+0000] {dag.py:3036} INFO - Sync 1 DAGs
[2025-07-19T10:29:09.738+0000] {logging_mixin.py:188} INFO - [2025-07-19T10:29:09.738+0000] {dag.py:3823} INFO - Setting next_dagrun for launch_streamlit_dashboard to None, run_after=None
[2025-07-19T10:29:09.760+0000] {processor.py:183} INFO - Processing /opt/airflow/dags/eda_airflow.py took 0.078 seconds
[2025-07-19T10:29:40.186+0000] {processor.py:161} INFO - Started process (PID=12114) to work on /opt/airflow/dags/eda_airflow.py
[2025-07-19T10:29:40.188+0000] {processor.py:830} INFO - Processing file /opt/airflow/dags/eda_airflow.py for tasks to queue
[2025-07-19T10:29:40.189+0000] {logging_mixin.py:188} INFO - [2025-07-19T10:29:40.188+0000] {dagbag.py:538} INFO - Filling up the DagBag from /opt/airflow/dags/eda_airflow.py
[2025-07-19T10:29:40.200+0000] {processor.py:840} INFO - DAG(s) 'launch_streamlit_dashboard' retrieved from /opt/airflow/dags/eda_airflow.py
[2025-07-19T10:29:40.313+0000] {logging_mixin.py:188} INFO - [2025-07-19T10:29:40.313+0000] {dag.py:3036} INFO - Sync 1 DAGs
[2025-07-19T10:29:40.323+0000] {logging_mixin.py:188} INFO - [2025-07-19T10:29:40.322+0000] {dag.py:3823} INFO - Setting next_dagrun for launch_streamlit_dashboard to None, run_after=None
[2025-07-19T10:29:40.346+0000] {processor.py:183} INFO - Processing /opt/airflow/dags/eda_airflow.py took 0.164 seconds
[2025-07-19T10:30:10.925+0000] {processor.py:161} INFO - Started process (PID=12139) to work on /opt/airflow/dags/eda_airflow.py
[2025-07-19T10:30:10.927+0000] {processor.py:830} INFO - Processing file /opt/airflow/dags/eda_airflow.py for tasks to queue
[2025-07-19T10:30:10.928+0000] {logging_mixin.py:188} INFO - [2025-07-19T10:30:10.928+0000] {dagbag.py:538} INFO - Filling up the DagBag from /opt/airflow/dags/eda_airflow.py
[2025-07-19T10:30:10.961+0000] {processor.py:840} INFO - DAG(s) 'launch_streamlit_dashboard' retrieved from /opt/airflow/dags/eda_airflow.py
[2025-07-19T10:30:11.003+0000] {logging_mixin.py:188} INFO - [2025-07-19T10:30:11.001+0000] {dag.py:3036} INFO - Sync 1 DAGs
[2025-07-19T10:30:11.030+0000] {logging_mixin.py:188} INFO - [2025-07-19T10:30:11.029+0000] {dag.py:3823} INFO - Setting next_dagrun for launch_streamlit_dashboard to None, run_after=None
[2025-07-19T10:30:11.069+0000] {processor.py:183} INFO - Processing /opt/airflow/dags/eda_airflow.py took 0.150 seconds
[2025-07-19T10:30:41.354+0000] {processor.py:161} INFO - Started process (PID=12164) to work on /opt/airflow/dags/eda_airflow.py
[2025-07-19T10:30:41.356+0000] {processor.py:830} INFO - Processing file /opt/airflow/dags/eda_airflow.py for tasks to queue
[2025-07-19T10:30:41.357+0000] {logging_mixin.py:188} INFO - [2025-07-19T10:30:41.357+0000] {dagbag.py:538} INFO - Filling up the DagBag from /opt/airflow/dags/eda_airflow.py
[2025-07-19T10:30:41.390+0000] {processor.py:840} INFO - DAG(s) 'launch_streamlit_dashboard' retrieved from /opt/airflow/dags/eda_airflow.py
[2025-07-19T10:30:41.570+0000] {logging_mixin.py:188} INFO - [2025-07-19T10:30:41.569+0000] {dag.py:3036} INFO - Sync 1 DAGs
[2025-07-19T10:30:41.585+0000] {logging_mixin.py:188} INFO - [2025-07-19T10:30:41.585+0000] {dag.py:3823} INFO - Setting next_dagrun for launch_streamlit_dashboard to None, run_after=None
[2025-07-19T10:30:41.622+0000] {processor.py:183} INFO - Processing /opt/airflow/dags/eda_airflow.py took 0.278 seconds
[2025-07-19T10:31:12.459+0000] {processor.py:161} INFO - Started process (PID=12189) to work on /opt/airflow/dags/eda_airflow.py
[2025-07-19T10:31:12.461+0000] {processor.py:830} INFO - Processing file /opt/airflow/dags/eda_airflow.py for tasks to queue
[2025-07-19T10:31:12.464+0000] {logging_mixin.py:188} INFO - [2025-07-19T10:31:12.463+0000] {dagbag.py:538} INFO - Filling up the DagBag from /opt/airflow/dags/eda_airflow.py
[2025-07-19T10:31:12.492+0000] {processor.py:840} INFO - DAG(s) 'launch_streamlit_dashboard' retrieved from /opt/airflow/dags/eda_airflow.py
[2025-07-19T10:31:12.546+0000] {logging_mixin.py:188} INFO - [2025-07-19T10:31:12.546+0000] {dag.py:3036} INFO - Sync 1 DAGs
[2025-07-19T10:31:12.569+0000] {logging_mixin.py:188} INFO - [2025-07-19T10:31:12.569+0000] {dag.py:3823} INFO - Setting next_dagrun for launch_streamlit_dashboard to None, run_after=None
[2025-07-19T10:31:12.611+0000] {processor.py:183} INFO - Processing /opt/airflow/dags/eda_airflow.py took 0.159 seconds
[2025-07-19T10:31:43.184+0000] {processor.py:161} INFO - Started process (PID=12214) to work on /opt/airflow/dags/eda_airflow.py
[2025-07-19T10:31:43.186+0000] {processor.py:830} INFO - Processing file /opt/airflow/dags/eda_airflow.py for tasks to queue
[2025-07-19T10:31:43.188+0000] {logging_mixin.py:188} INFO - [2025-07-19T10:31:43.188+0000] {dagbag.py:538} INFO - Filling up the DagBag from /opt/airflow/dags/eda_airflow.py
[2025-07-19T10:31:43.222+0000] {processor.py:840} INFO - DAG(s) 'launch_streamlit_dashboard' retrieved from /opt/airflow/dags/eda_airflow.py
[2025-07-19T10:31:43.398+0000] {logging_mixin.py:188} INFO - [2025-07-19T10:31:43.397+0000] {dag.py:3036} INFO - Sync 1 DAGs
[2025-07-19T10:31:43.413+0000] {logging_mixin.py:188} INFO - [2025-07-19T10:31:43.412+0000] {dag.py:3823} INFO - Setting next_dagrun for launch_streamlit_dashboard to None, run_after=None
[2025-07-19T10:31:43.455+0000] {processor.py:183} INFO - Processing /opt/airflow/dags/eda_airflow.py took 0.277 seconds
[2025-07-19T10:32:14.344+0000] {processor.py:161} INFO - Started process (PID=12239) to work on /opt/airflow/dags/eda_airflow.py
[2025-07-19T10:32:14.346+0000] {processor.py:830} INFO - Processing file /opt/airflow/dags/eda_airflow.py for tasks to queue
[2025-07-19T10:32:14.349+0000] {logging_mixin.py:188} INFO - [2025-07-19T10:32:14.348+0000] {dagbag.py:538} INFO - Filling up the DagBag from /opt/airflow/dags/eda_airflow.py
[2025-07-19T10:32:14.382+0000] {processor.py:840} INFO - DAG(s) 'launch_streamlit_dashboard' retrieved from /opt/airflow/dags/eda_airflow.py
[2025-07-19T10:32:14.597+0000] {logging_mixin.py:188} INFO - [2025-07-19T10:32:14.596+0000] {dag.py:3036} INFO - Sync 1 DAGs
[2025-07-19T10:32:14.614+0000] {logging_mixin.py:188} INFO - [2025-07-19T10:32:14.613+0000] {dag.py:3823} INFO - Setting next_dagrun for launch_streamlit_dashboard to None, run_after=None
[2025-07-19T10:32:14.652+0000] {processor.py:183} INFO - Processing /opt/airflow/dags/eda_airflow.py took 0.314 seconds
[2025-07-19T10:32:45.130+0000] {processor.py:161} INFO - Started process (PID=12266) to work on /opt/airflow/dags/eda_airflow.py
[2025-07-19T10:32:45.132+0000] {processor.py:830} INFO - Processing file /opt/airflow/dags/eda_airflow.py for tasks to queue
[2025-07-19T10:32:45.136+0000] {logging_mixin.py:188} INFO - [2025-07-19T10:32:45.135+0000] {dagbag.py:538} INFO - Filling up the DagBag from /opt/airflow/dags/eda_airflow.py
[2025-07-19T10:32:45.174+0000] {processor.py:840} INFO - DAG(s) 'launch_streamlit_dashboard' retrieved from /opt/airflow/dags/eda_airflow.py
[2025-07-19T10:32:45.390+0000] {logging_mixin.py:188} INFO - [2025-07-19T10:32:45.390+0000] {dag.py:3036} INFO - Sync 1 DAGs
[2025-07-19T10:32:45.412+0000] {logging_mixin.py:188} INFO - [2025-07-19T10:32:45.411+0000] {dag.py:3823} INFO - Setting next_dagrun for launch_streamlit_dashboard to None, run_after=None
[2025-07-19T10:32:45.523+0000] {processor.py:183} INFO - Processing /opt/airflow/dags/eda_airflow.py took 0.401 seconds
[2025-07-19T10:33:15.963+0000] {processor.py:161} INFO - Started process (PID=12296) to work on /opt/airflow/dags/eda_airflow.py
[2025-07-19T10:33:15.965+0000] {processor.py:830} INFO - Processing file /opt/airflow/dags/eda_airflow.py for tasks to queue
[2025-07-19T10:33:15.968+0000] {logging_mixin.py:188} INFO - [2025-07-19T10:33:15.967+0000] {dagbag.py:538} INFO - Filling up the DagBag from /opt/airflow/dags/eda_airflow.py
[2025-07-19T10:33:16.001+0000] {processor.py:840} INFO - DAG(s) 'launch_streamlit_dashboard' retrieved from /opt/airflow/dags/eda_airflow.py
[2025-07-19T10:33:16.032+0000] {logging_mixin.py:188} INFO - [2025-07-19T10:33:16.032+0000] {dag.py:3036} INFO - Sync 1 DAGs
[2025-07-19T10:33:16.060+0000] {logging_mixin.py:188} INFO - [2025-07-19T10:33:16.060+0000] {dag.py:3823} INFO - Setting next_dagrun for launch_streamlit_dashboard to None, run_after=None
[2025-07-19T10:33:16.112+0000] {processor.py:183} INFO - Processing /opt/airflow/dags/eda_airflow.py took 0.155 seconds
[2025-07-19T10:33:46.270+0000] {processor.py:161} INFO - Started process (PID=12321) to work on /opt/airflow/dags/eda_airflow.py
[2025-07-19T10:33:46.272+0000] {processor.py:830} INFO - Processing file /opt/airflow/dags/eda_airflow.py for tasks to queue
[2025-07-19T10:33:46.274+0000] {logging_mixin.py:188} INFO - [2025-07-19T10:33:46.274+0000] {dagbag.py:538} INFO - Filling up the DagBag from /opt/airflow/dags/eda_airflow.py
[2025-07-19T10:33:46.311+0000] {processor.py:840} INFO - DAG(s) 'launch_streamlit_dashboard' retrieved from /opt/airflow/dags/eda_airflow.py
[2025-07-19T10:33:46.499+0000] {logging_mixin.py:188} INFO - [2025-07-19T10:33:46.499+0000] {dag.py:3036} INFO - Sync 1 DAGs
[2025-07-19T10:33:46.511+0000] {logging_mixin.py:188} INFO - [2025-07-19T10:33:46.511+0000] {dag.py:3823} INFO - Setting next_dagrun for launch_streamlit_dashboard to None, run_after=None
[2025-07-19T10:33:46.568+0000] {processor.py:183} INFO - Processing /opt/airflow/dags/eda_airflow.py took 0.305 seconds
[2025-07-19T10:34:16.823+0000] {processor.py:161} INFO - Started process (PID=12351) to work on /opt/airflow/dags/eda_airflow.py
[2025-07-19T10:34:16.825+0000] {processor.py:830} INFO - Processing file /opt/airflow/dags/eda_airflow.py for tasks to queue
[2025-07-19T10:34:16.827+0000] {logging_mixin.py:188} INFO - [2025-07-19T10:34:16.826+0000] {dagbag.py:538} INFO - Filling up the DagBag from /opt/airflow/dags/eda_airflow.py
[2025-07-19T10:34:16.856+0000] {processor.py:840} INFO - DAG(s) 'launch_streamlit_dashboard' retrieved from /opt/airflow/dags/eda_airflow.py
[2025-07-19T10:34:16.876+0000] {logging_mixin.py:188} INFO - [2025-07-19T10:34:16.876+0000] {dag.py:3036} INFO - Sync 1 DAGs
[2025-07-19T10:34:16.893+0000] {logging_mixin.py:188} INFO - [2025-07-19T10:34:16.893+0000] {dag.py:3823} INFO - Setting next_dagrun for launch_streamlit_dashboard to None, run_after=None
[2025-07-19T10:34:16.922+0000] {processor.py:183} INFO - Processing /opt/airflow/dags/eda_airflow.py took 0.104 seconds
[2025-07-19T10:34:47.117+0000] {processor.py:161} INFO - Started process (PID=12374) to work on /opt/airflow/dags/eda_airflow.py
[2025-07-19T10:34:47.119+0000] {processor.py:830} INFO - Processing file /opt/airflow/dags/eda_airflow.py for tasks to queue
[2025-07-19T10:34:47.121+0000] {logging_mixin.py:188} INFO - [2025-07-19T10:34:47.120+0000] {dagbag.py:538} INFO - Filling up the DagBag from /opt/airflow/dags/eda_airflow.py
[2025-07-19T10:34:47.150+0000] {processor.py:840} INFO - DAG(s) 'launch_streamlit_dashboard' retrieved from /opt/airflow/dags/eda_airflow.py
[2025-07-19T10:34:47.317+0000] {logging_mixin.py:188} INFO - [2025-07-19T10:34:47.316+0000] {dag.py:3036} INFO - Sync 1 DAGs
[2025-07-19T10:34:47.328+0000] {logging_mixin.py:188} INFO - [2025-07-19T10:34:47.328+0000] {dag.py:3823} INFO - Setting next_dagrun for launch_streamlit_dashboard to None, run_after=None
[2025-07-19T10:34:47.383+0000] {processor.py:183} INFO - Processing /opt/airflow/dags/eda_airflow.py took 0.271 seconds
[2025-07-19T10:35:17.581+0000] {processor.py:161} INFO - Started process (PID=12401) to work on /opt/airflow/dags/eda_airflow.py
[2025-07-19T10:35:17.583+0000] {processor.py:830} INFO - Processing file /opt/airflow/dags/eda_airflow.py for tasks to queue
[2025-07-19T10:35:17.584+0000] {logging_mixin.py:188} INFO - [2025-07-19T10:35:17.584+0000] {dagbag.py:538} INFO - Filling up the DagBag from /opt/airflow/dags/eda_airflow.py
[2025-07-19T10:35:17.612+0000] {processor.py:840} INFO - DAG(s) 'launch_streamlit_dashboard' retrieved from /opt/airflow/dags/eda_airflow.py
[2025-07-19T10:35:17.636+0000] {logging_mixin.py:188} INFO - [2025-07-19T10:35:17.636+0000] {dag.py:3036} INFO - Sync 1 DAGs
[2025-07-19T10:35:17.654+0000] {logging_mixin.py:188} INFO - [2025-07-19T10:35:17.654+0000] {dag.py:3823} INFO - Setting next_dagrun for launch_streamlit_dashboard to None, run_after=None
[2025-07-19T10:35:17.700+0000] {processor.py:183} INFO - Processing /opt/airflow/dags/eda_airflow.py took 0.125 seconds
[2025-07-19T10:35:47.869+0000] {processor.py:161} INFO - Started process (PID=12416) to work on /opt/airflow/dags/eda_airflow.py
[2025-07-19T10:35:47.873+0000] {processor.py:830} INFO - Processing file /opt/airflow/dags/eda_airflow.py for tasks to queue
[2025-07-19T10:35:47.876+0000] {logging_mixin.py:188} INFO - [2025-07-19T10:35:47.875+0000] {dagbag.py:538} INFO - Filling up the DagBag from /opt/airflow/dags/eda_airflow.py
[2025-07-19T10:35:47.915+0000] {processor.py:840} INFO - DAG(s) 'launch_streamlit_dashboard' retrieved from /opt/airflow/dags/eda_airflow.py
[2025-07-19T10:35:48.195+0000] {logging_mixin.py:188} INFO - [2025-07-19T10:35:48.194+0000] {dag.py:3036} INFO - Sync 1 DAGs
[2025-07-19T10:35:48.219+0000] {logging_mixin.py:188} INFO - [2025-07-19T10:35:48.219+0000] {dag.py:3823} INFO - Setting next_dagrun for launch_streamlit_dashboard to None, run_after=None
[2025-07-19T10:35:48.266+0000] {processor.py:183} INFO - Processing /opt/airflow/dags/eda_airflow.py took 0.407 seconds
[2025-07-19T10:36:18.559+0000] {processor.py:161} INFO - Started process (PID=12446) to work on /opt/airflow/dags/eda_airflow.py
[2025-07-19T10:36:18.562+0000] {processor.py:830} INFO - Processing file /opt/airflow/dags/eda_airflow.py for tasks to queue
[2025-07-19T10:36:18.564+0000] {logging_mixin.py:188} INFO - [2025-07-19T10:36:18.563+0000] {dagbag.py:538} INFO - Filling up the DagBag from /opt/airflow/dags/eda_airflow.py
[2025-07-19T10:36:18.674+0000] {processor.py:840} INFO - DAG(s) 'launch_streamlit_dashboard' retrieved from /opt/airflow/dags/eda_airflow.py
[2025-07-19T10:36:18.813+0000] {logging_mixin.py:188} INFO - [2025-07-19T10:36:18.812+0000] {dag.py:3036} INFO - Sync 1 DAGs
[2025-07-19T10:36:18.837+0000] {logging_mixin.py:188} INFO - [2025-07-19T10:36:18.837+0000] {dag.py:3823} INFO - Setting next_dagrun for launch_streamlit_dashboard to None, run_after=None
[2025-07-19T10:36:18.901+0000] {processor.py:183} INFO - Processing /opt/airflow/dags/eda_airflow.py took 0.349 seconds
[2025-07-19T10:36:49.547+0000] {processor.py:161} INFO - Started process (PID=12476) to work on /opt/airflow/dags/eda_airflow.py
[2025-07-19T10:36:49.549+0000] {processor.py:830} INFO - Processing file /opt/airflow/dags/eda_airflow.py for tasks to queue
[2025-07-19T10:36:49.552+0000] {logging_mixin.py:188} INFO - [2025-07-19T10:36:49.551+0000] {dagbag.py:538} INFO - Filling up the DagBag from /opt/airflow/dags/eda_airflow.py
[2025-07-19T10:36:49.579+0000] {processor.py:840} INFO - DAG(s) 'launch_streamlit_dashboard' retrieved from /opt/airflow/dags/eda_airflow.py
[2025-07-19T10:36:49.788+0000] {logging_mixin.py:188} INFO - [2025-07-19T10:36:49.787+0000] {dag.py:3036} INFO - Sync 1 DAGs
[2025-07-19T10:36:49.804+0000] {logging_mixin.py:188} INFO - [2025-07-19T10:36:49.803+0000] {dag.py:3823} INFO - Setting next_dagrun for launch_streamlit_dashboard to None, run_after=None
[2025-07-19T10:36:49.876+0000] {processor.py:183} INFO - Processing /opt/airflow/dags/eda_airflow.py took 0.335 seconds
[2025-07-19T10:37:20.010+0000] {processor.py:161} INFO - Started process (PID=12504) to work on /opt/airflow/dags/eda_airflow.py
[2025-07-19T10:37:20.012+0000] {processor.py:830} INFO - Processing file /opt/airflow/dags/eda_airflow.py for tasks to queue
[2025-07-19T10:37:20.014+0000] {logging_mixin.py:188} INFO - [2025-07-19T10:37:20.013+0000] {dagbag.py:538} INFO - Filling up the DagBag from /opt/airflow/dags/eda_airflow.py
[2025-07-19T10:37:20.042+0000] {processor.py:840} INFO - DAG(s) 'launch_streamlit_dashboard' retrieved from /opt/airflow/dags/eda_airflow.py
[2025-07-19T10:37:20.062+0000] {logging_mixin.py:188} INFO - [2025-07-19T10:37:20.062+0000] {dag.py:3036} INFO - Sync 1 DAGs
[2025-07-19T10:37:20.081+0000] {logging_mixin.py:188} INFO - [2025-07-19T10:37:20.080+0000] {dag.py:3823} INFO - Setting next_dagrun for launch_streamlit_dashboard to None, run_after=None
[2025-07-19T10:37:20.109+0000] {processor.py:183} INFO - Processing /opt/airflow/dags/eda_airflow.py took 0.104 seconds
[2025-07-19T10:37:50.305+0000] {processor.py:161} INFO - Started process (PID=12526) to work on /opt/airflow/dags/eda_airflow.py
[2025-07-19T10:37:50.307+0000] {processor.py:830} INFO - Processing file /opt/airflow/dags/eda_airflow.py for tasks to queue
[2025-07-19T10:37:50.310+0000] {logging_mixin.py:188} INFO - [2025-07-19T10:37:50.309+0000] {dagbag.py:538} INFO - Filling up the DagBag from /opt/airflow/dags/eda_airflow.py
[2025-07-19T10:37:50.349+0000] {processor.py:840} INFO - DAG(s) 'launch_streamlit_dashboard' retrieved from /opt/airflow/dags/eda_airflow.py
[2025-07-19T10:37:50.524+0000] {logging_mixin.py:188} INFO - [2025-07-19T10:37:50.524+0000] {dag.py:3036} INFO - Sync 1 DAGs
[2025-07-19T10:37:50.537+0000] {logging_mixin.py:188} INFO - [2025-07-19T10:37:50.536+0000] {dag.py:3823} INFO - Setting next_dagrun for launch_streamlit_dashboard to None, run_after=None
[2025-07-19T10:37:50.566+0000] {processor.py:183} INFO - Processing /opt/airflow/dags/eda_airflow.py took 0.270 seconds
[2025-07-19T10:38:20.667+0000] {processor.py:161} INFO - Started process (PID=12551) to work on /opt/airflow/dags/eda_airflow.py
[2025-07-19T10:38:20.669+0000] {processor.py:830} INFO - Processing file /opt/airflow/dags/eda_airflow.py for tasks to queue
[2025-07-19T10:38:20.671+0000] {logging_mixin.py:188} INFO - [2025-07-19T10:38:20.671+0000] {dagbag.py:538} INFO - Filling up the DagBag from /opt/airflow/dags/eda_airflow.py
[2025-07-19T10:38:20.702+0000] {processor.py:840} INFO - DAG(s) 'launch_streamlit_dashboard' retrieved from /opt/airflow/dags/eda_airflow.py
[2025-07-19T10:38:20.724+0000] {logging_mixin.py:188} INFO - [2025-07-19T10:38:20.723+0000] {dag.py:3036} INFO - Sync 1 DAGs
[2025-07-19T10:38:20.751+0000] {logging_mixin.py:188} INFO - [2025-07-19T10:38:20.751+0000] {dag.py:3823} INFO - Setting next_dagrun for launch_streamlit_dashboard to None, run_after=None
[2025-07-19T10:38:20.786+0000] {processor.py:183} INFO - Processing /opt/airflow/dags/eda_airflow.py took 0.124 seconds
[2025-07-19T10:38:51.203+0000] {processor.py:161} INFO - Started process (PID=12571) to work on /opt/airflow/dags/eda_airflow.py
[2025-07-19T10:38:51.205+0000] {processor.py:830} INFO - Processing file /opt/airflow/dags/eda_airflow.py for tasks to queue
[2025-07-19T10:38:51.208+0000] {logging_mixin.py:188} INFO - [2025-07-19T10:38:51.207+0000] {dagbag.py:538} INFO - Filling up the DagBag from /opt/airflow/dags/eda_airflow.py
[2025-07-19T10:38:51.241+0000] {processor.py:840} INFO - DAG(s) 'launch_streamlit_dashboard' retrieved from /opt/airflow/dags/eda_airflow.py
[2025-07-19T10:38:51.435+0000] {logging_mixin.py:188} INFO - [2025-07-19T10:38:51.435+0000] {dag.py:3036} INFO - Sync 1 DAGs
[2025-07-19T10:38:51.450+0000] {logging_mixin.py:188} INFO - [2025-07-19T10:38:51.450+0000] {dag.py:3823} INFO - Setting next_dagrun for launch_streamlit_dashboard to None, run_after=None
[2025-07-19T10:38:51.488+0000] {processor.py:183} INFO - Processing /opt/airflow/dags/eda_airflow.py took 0.292 seconds
[2025-07-19T10:39:21.865+0000] {processor.py:161} INFO - Started process (PID=12608) to work on /opt/airflow/dags/eda_airflow.py
[2025-07-19T10:39:21.867+0000] {processor.py:830} INFO - Processing file /opt/airflow/dags/eda_airflow.py for tasks to queue
[2025-07-19T10:39:21.869+0000] {logging_mixin.py:188} INFO - [2025-07-19T10:39:21.868+0000] {dagbag.py:538} INFO - Filling up the DagBag from /opt/airflow/dags/eda_airflow.py
[2025-07-19T10:39:21.901+0000] {processor.py:840} INFO - DAG(s) 'launch_streamlit_dashboard' retrieved from /opt/airflow/dags/eda_airflow.py
[2025-07-19T10:39:21.920+0000] {logging_mixin.py:188} INFO - [2025-07-19T10:39:21.920+0000] {dag.py:3036} INFO - Sync 1 DAGs
[2025-07-19T10:39:21.940+0000] {logging_mixin.py:188} INFO - [2025-07-19T10:39:21.939+0000] {dag.py:3823} INFO - Setting next_dagrun for launch_streamlit_dashboard to None, run_after=None
[2025-07-19T10:39:21.973+0000] {processor.py:183} INFO - Processing /opt/airflow/dags/eda_airflow.py took 0.112 seconds
[2025-07-19T10:39:52.148+0000] {processor.py:161} INFO - Started process (PID=12633) to work on /opt/airflow/dags/eda_airflow.py
[2025-07-19T10:39:52.149+0000] {processor.py:830} INFO - Processing file /opt/airflow/dags/eda_airflow.py for tasks to queue
[2025-07-19T10:39:52.151+0000] {logging_mixin.py:188} INFO - [2025-07-19T10:39:52.150+0000] {dagbag.py:538} INFO - Filling up the DagBag from /opt/airflow/dags/eda_airflow.py
[2025-07-19T10:39:52.177+0000] {processor.py:840} INFO - DAG(s) 'launch_streamlit_dashboard' retrieved from /opt/airflow/dags/eda_airflow.py
[2025-07-19T10:39:52.323+0000] {logging_mixin.py:188} INFO - [2025-07-19T10:39:52.323+0000] {dag.py:3036} INFO - Sync 1 DAGs
[2025-07-19T10:39:52.344+0000] {logging_mixin.py:188} INFO - [2025-07-19T10:39:52.343+0000] {dag.py:3823} INFO - Setting next_dagrun for launch_streamlit_dashboard to None, run_after=None
[2025-07-19T10:39:52.380+0000] {processor.py:183} INFO - Processing /opt/airflow/dags/eda_airflow.py took 0.239 seconds
[2025-07-19T10:40:22.574+0000] {processor.py:161} INFO - Started process (PID=12658) to work on /opt/airflow/dags/eda_airflow.py
[2025-07-19T10:40:22.577+0000] {processor.py:830} INFO - Processing file /opt/airflow/dags/eda_airflow.py for tasks to queue
[2025-07-19T10:40:22.580+0000] {logging_mixin.py:188} INFO - [2025-07-19T10:40:22.579+0000] {dagbag.py:538} INFO - Filling up the DagBag from /opt/airflow/dags/eda_airflow.py
[2025-07-19T10:40:22.612+0000] {processor.py:840} INFO - DAG(s) 'launch_streamlit_dashboard' retrieved from /opt/airflow/dags/eda_airflow.py
[2025-07-19T10:40:22.636+0000] {logging_mixin.py:188} INFO - [2025-07-19T10:40:22.636+0000] {dag.py:3036} INFO - Sync 1 DAGs
[2025-07-19T10:40:22.658+0000] {logging_mixin.py:188} INFO - [2025-07-19T10:40:22.658+0000] {dag.py:3823} INFO - Setting next_dagrun for launch_streamlit_dashboard to None, run_after=None
[2025-07-19T10:40:22.689+0000] {processor.py:183} INFO - Processing /opt/airflow/dags/eda_airflow.py took 0.125 seconds
[2025-07-19T10:40:52.854+0000] {processor.py:161} INFO - Started process (PID=12683) to work on /opt/airflow/dags/eda_airflow.py
[2025-07-19T10:40:52.856+0000] {processor.py:830} INFO - Processing file /opt/airflow/dags/eda_airflow.py for tasks to queue
[2025-07-19T10:40:52.858+0000] {logging_mixin.py:188} INFO - [2025-07-19T10:40:52.858+0000] {dagbag.py:538} INFO - Filling up the DagBag from /opt/airflow/dags/eda_airflow.py
[2025-07-19T10:40:52.888+0000] {processor.py:840} INFO - DAG(s) 'launch_streamlit_dashboard' retrieved from /opt/airflow/dags/eda_airflow.py
[2025-07-19T10:40:53.087+0000] {logging_mixin.py:188} INFO - [2025-07-19T10:40:53.087+0000] {dag.py:3036} INFO - Sync 1 DAGs
[2025-07-19T10:40:53.105+0000] {logging_mixin.py:188} INFO - [2025-07-19T10:40:53.105+0000] {dag.py:3823} INFO - Setting next_dagrun for launch_streamlit_dashboard to None, run_after=None
[2025-07-19T10:40:53.140+0000] {processor.py:183} INFO - Processing /opt/airflow/dags/eda_airflow.py took 0.292 seconds
[2025-07-19T10:41:23.638+0000] {processor.py:161} INFO - Started process (PID=12698) to work on /opt/airflow/dags/eda_airflow.py
[2025-07-19T10:41:23.640+0000] {processor.py:830} INFO - Processing file /opt/airflow/dags/eda_airflow.py for tasks to queue
[2025-07-19T10:41:23.642+0000] {logging_mixin.py:188} INFO - [2025-07-19T10:41:23.642+0000] {dagbag.py:538} INFO - Filling up the DagBag from /opt/airflow/dags/eda_airflow.py
[2025-07-19T10:41:23.680+0000] {processor.py:840} INFO - DAG(s) 'launch_streamlit_dashboard' retrieved from /opt/airflow/dags/eda_airflow.py
[2025-07-19T10:41:23.734+0000] {logging_mixin.py:188} INFO - [2025-07-19T10:41:23.734+0000] {dag.py:3036} INFO - Sync 1 DAGs
[2025-07-19T10:41:23.759+0000] {logging_mixin.py:188} INFO - [2025-07-19T10:41:23.758+0000] {dag.py:3823} INFO - Setting next_dagrun for launch_streamlit_dashboard to None, run_after=None
[2025-07-19T10:41:23.797+0000] {processor.py:183} INFO - Processing /opt/airflow/dags/eda_airflow.py took 0.166 seconds
[2025-07-19T10:41:54.055+0000] {processor.py:161} INFO - Started process (PID=12723) to work on /opt/airflow/dags/eda_airflow.py
[2025-07-19T10:41:54.057+0000] {processor.py:830} INFO - Processing file /opt/airflow/dags/eda_airflow.py for tasks to queue
[2025-07-19T10:41:54.060+0000] {logging_mixin.py:188} INFO - [2025-07-19T10:41:54.059+0000] {dagbag.py:538} INFO - Filling up the DagBag from /opt/airflow/dags/eda_airflow.py
[2025-07-19T10:41:54.094+0000] {processor.py:840} INFO - DAG(s) 'launch_streamlit_dashboard' retrieved from /opt/airflow/dags/eda_airflow.py
[2025-07-19T10:41:54.268+0000] {logging_mixin.py:188} INFO - [2025-07-19T10:41:54.267+0000] {dag.py:3036} INFO - Sync 1 DAGs
[2025-07-19T10:41:54.286+0000] {logging_mixin.py:188} INFO - [2025-07-19T10:41:54.286+0000] {dag.py:3823} INFO - Setting next_dagrun for launch_streamlit_dashboard to None, run_after=None
[2025-07-19T10:41:54.330+0000] {processor.py:183} INFO - Processing /opt/airflow/dags/eda_airflow.py took 0.282 seconds
[2025-07-19T10:42:24.420+0000] {processor.py:161} INFO - Started process (PID=12748) to work on /opt/airflow/dags/eda_airflow.py
[2025-07-19T10:42:24.422+0000] {processor.py:830} INFO - Processing file /opt/airflow/dags/eda_airflow.py for tasks to queue
[2025-07-19T10:42:24.423+0000] {logging_mixin.py:188} INFO - [2025-07-19T10:42:24.423+0000] {dagbag.py:538} INFO - Filling up the DagBag from /opt/airflow/dags/eda_airflow.py
[2025-07-19T10:42:24.454+0000] {processor.py:840} INFO - DAG(s) 'launch_streamlit_dashboard' retrieved from /opt/airflow/dags/eda_airflow.py
[2025-07-19T10:42:24.490+0000] {logging_mixin.py:188} INFO - [2025-07-19T10:42:24.490+0000] {dag.py:3036} INFO - Sync 1 DAGs
[2025-07-19T10:42:24.508+0000] {logging_mixin.py:188} INFO - [2025-07-19T10:42:24.508+0000] {dag.py:3823} INFO - Setting next_dagrun for launch_streamlit_dashboard to None, run_after=None
[2025-07-19T10:42:24.537+0000] {processor.py:183} INFO - Processing /opt/airflow/dags/eda_airflow.py took 0.122 seconds
[2025-07-19T10:42:54.747+0000] {processor.py:161} INFO - Started process (PID=12779) to work on /opt/airflow/dags/eda_airflow.py
[2025-07-19T10:42:54.748+0000] {processor.py:830} INFO - Processing file /opt/airflow/dags/eda_airflow.py for tasks to queue
[2025-07-19T10:42:54.750+0000] {logging_mixin.py:188} INFO - [2025-07-19T10:42:54.750+0000] {dagbag.py:538} INFO - Filling up the DagBag from /opt/airflow/dags/eda_airflow.py
[2025-07-19T10:42:54.786+0000] {processor.py:840} INFO - DAG(s) 'launch_streamlit_dashboard' retrieved from /opt/airflow/dags/eda_airflow.py
[2025-07-19T10:42:54.809+0000] {logging_mixin.py:188} INFO - [2025-07-19T10:42:54.808+0000] {dag.py:3036} INFO - Sync 1 DAGs
[2025-07-19T10:42:54.835+0000] {logging_mixin.py:188} INFO - [2025-07-19T10:42:54.834+0000] {dag.py:3823} INFO - Setting next_dagrun for launch_streamlit_dashboard to None, run_after=None
[2025-07-19T10:42:54.873+0000] {processor.py:183} INFO - Processing /opt/airflow/dags/eda_airflow.py took 0.134 seconds
[2025-07-19T10:43:24.973+0000] {processor.py:161} INFO - Started process (PID=12806) to work on /opt/airflow/dags/eda_airflow.py
[2025-07-19T10:43:24.975+0000] {processor.py:830} INFO - Processing file /opt/airflow/dags/eda_airflow.py for tasks to queue
[2025-07-19T10:43:24.976+0000] {logging_mixin.py:188} INFO - [2025-07-19T10:43:24.976+0000] {dagbag.py:538} INFO - Filling up the DagBag from /opt/airflow/dags/eda_airflow.py
[2025-07-19T10:43:25.008+0000] {processor.py:840} INFO - DAG(s) 'launch_streamlit_dashboard' retrieved from /opt/airflow/dags/eda_airflow.py
[2025-07-19T10:43:25.164+0000] {logging_mixin.py:188} INFO - [2025-07-19T10:43:25.163+0000] {dag.py:3036} INFO - Sync 1 DAGs
[2025-07-19T10:43:25.180+0000] {logging_mixin.py:188} INFO - [2025-07-19T10:43:25.179+0000] {dag.py:3823} INFO - Setting next_dagrun for launch_streamlit_dashboard to None, run_after=None
[2025-07-19T10:43:25.226+0000] {processor.py:183} INFO - Processing /opt/airflow/dags/eda_airflow.py took 0.258 seconds
[2025-07-19T10:43:55.520+0000] {processor.py:161} INFO - Started process (PID=12853) to work on /opt/airflow/dags/eda_airflow.py
[2025-07-19T10:43:55.522+0000] {processor.py:830} INFO - Processing file /opt/airflow/dags/eda_airflow.py for tasks to queue
[2025-07-19T10:43:55.524+0000] {logging_mixin.py:188} INFO - [2025-07-19T10:43:55.523+0000] {dagbag.py:538} INFO - Filling up the DagBag from /opt/airflow/dags/eda_airflow.py
[2025-07-19T10:43:55.577+0000] {processor.py:840} INFO - DAG(s) 'launch_streamlit_dashboard' retrieved from /opt/airflow/dags/eda_airflow.py
[2025-07-19T10:43:55.623+0000] {logging_mixin.py:188} INFO - [2025-07-19T10:43:55.623+0000] {dag.py:3036} INFO - Sync 1 DAGs
[2025-07-19T10:43:55.644+0000] {logging_mixin.py:188} INFO - [2025-07-19T10:43:55.644+0000] {dag.py:3823} INFO - Setting next_dagrun for launch_streamlit_dashboard to None, run_after=None
[2025-07-19T10:43:55.694+0000] {processor.py:183} INFO - Processing /opt/airflow/dags/eda_airflow.py took 0.178 seconds
[2025-07-19T10:44:26.626+0000] {processor.py:161} INFO - Started process (PID=12881) to work on /opt/airflow/dags/eda_airflow.py
[2025-07-19T10:44:26.628+0000] {processor.py:830} INFO - Processing file /opt/airflow/dags/eda_airflow.py for tasks to queue
[2025-07-19T10:44:26.630+0000] {logging_mixin.py:188} INFO - [2025-07-19T10:44:26.629+0000] {dagbag.py:538} INFO - Filling up the DagBag from /opt/airflow/dags/eda_airflow.py
[2025-07-19T10:44:26.663+0000] {processor.py:840} INFO - DAG(s) 'launch_streamlit_dashboard' retrieved from /opt/airflow/dags/eda_airflow.py
[2025-07-19T10:44:26.807+0000] {logging_mixin.py:188} INFO - [2025-07-19T10:44:26.806+0000] {dag.py:3036} INFO - Sync 1 DAGs
[2025-07-19T10:44:26.823+0000] {logging_mixin.py:188} INFO - [2025-07-19T10:44:26.822+0000] {dag.py:3823} INFO - Setting next_dagrun for launch_streamlit_dashboard to None, run_after=None
[2025-07-19T10:44:26.855+0000] {processor.py:183} INFO - Processing /opt/airflow/dags/eda_airflow.py took 0.236 seconds
[2025-07-19T10:44:57.899+0000] {processor.py:161} INFO - Started process (PID=12985) to work on /opt/airflow/dags/eda_airflow.py
[2025-07-19T10:44:57.902+0000] {processor.py:830} INFO - Processing file /opt/airflow/dags/eda_airflow.py for tasks to queue
[2025-07-19T10:44:57.904+0000] {logging_mixin.py:188} INFO - [2025-07-19T10:44:57.903+0000] {dagbag.py:538} INFO - Filling up the DagBag from /opt/airflow/dags/eda_airflow.py
[2025-07-19T10:44:57.939+0000] {processor.py:840} INFO - DAG(s) 'launch_streamlit_dashboard' retrieved from /opt/airflow/dags/eda_airflow.py
[2025-07-19T10:44:58.007+0000] {logging_mixin.py:188} INFO - [2025-07-19T10:44:58.006+0000] {dag.py:3036} INFO - Sync 1 DAGs
[2025-07-19T10:44:58.039+0000] {logging_mixin.py:188} INFO - [2025-07-19T10:44:58.038+0000] {dag.py:3823} INFO - Setting next_dagrun for launch_streamlit_dashboard to None, run_after=None
[2025-07-19T10:44:58.085+0000] {processor.py:183} INFO - Processing /opt/airflow/dags/eda_airflow.py took 0.193 seconds
[2025-07-19T10:45:29.575+0000] {processor.py:161} INFO - Started process (PID=13230) to work on /opt/airflow/dags/eda_airflow.py
[2025-07-19T10:45:29.577+0000] {processor.py:830} INFO - Processing file /opt/airflow/dags/eda_airflow.py for tasks to queue
[2025-07-19T10:45:29.580+0000] {logging_mixin.py:188} INFO - [2025-07-19T10:45:29.579+0000] {dagbag.py:538} INFO - Filling up the DagBag from /opt/airflow/dags/eda_airflow.py
[2025-07-19T10:45:29.614+0000] {processor.py:840} INFO - DAG(s) 'launch_streamlit_dashboard' retrieved from /opt/airflow/dags/eda_airflow.py
[2025-07-19T10:45:29.843+0000] {logging_mixin.py:188} INFO - [2025-07-19T10:45:29.842+0000] {dag.py:3036} INFO - Sync 1 DAGs
[2025-07-19T10:46:09.235+0000] {logging_mixin.py:188} INFO - [2025-07-19T10:46:09.234+0000] {dag.py:3823} INFO - Setting next_dagrun for launch_streamlit_dashboard to None, run_after=None
[2025-07-19T10:46:09.296+0000] {processor.py:183} INFO - Processing /opt/airflow/dags/eda_airflow.py took 40.059 seconds
[2025-07-19T10:46:40.126+0000] {processor.py:161} INFO - Started process (PID=13345) to work on /opt/airflow/dags/eda_airflow.py
[2025-07-19T10:46:40.128+0000] {processor.py:830} INFO - Processing file /opt/airflow/dags/eda_airflow.py for tasks to queue
[2025-07-19T10:46:40.130+0000] {logging_mixin.py:188} INFO - [2025-07-19T10:46:40.130+0000] {dagbag.py:538} INFO - Filling up the DagBag from /opt/airflow/dags/eda_airflow.py
[2025-07-19T10:46:40.163+0000] {processor.py:840} INFO - DAG(s) 'launch_streamlit_dashboard' retrieved from /opt/airflow/dags/eda_airflow.py
[2025-07-19T10:46:40.183+0000] {logging_mixin.py:188} INFO - [2025-07-19T10:46:40.183+0000] {dag.py:3036} INFO - Sync 1 DAGs
[2025-07-19T10:46:40.203+0000] {logging_mixin.py:188} INFO - [2025-07-19T10:46:40.203+0000] {dag.py:3823} INFO - Setting next_dagrun for launch_streamlit_dashboard to None, run_after=None
[2025-07-19T10:46:40.265+0000] {processor.py:183} INFO - Processing /opt/airflow/dags/eda_airflow.py took 0.146 seconds
[2025-07-19T10:47:10.900+0000] {processor.py:161} INFO - Started process (PID=13377) to work on /opt/airflow/dags/eda_airflow.py
[2025-07-19T10:47:10.902+0000] {processor.py:830} INFO - Processing file /opt/airflow/dags/eda_airflow.py for tasks to queue
[2025-07-19T10:47:10.904+0000] {logging_mixin.py:188} INFO - [2025-07-19T10:47:10.903+0000] {dagbag.py:538} INFO - Filling up the DagBag from /opt/airflow/dags/eda_airflow.py
[2025-07-19T10:47:10.939+0000] {processor.py:840} INFO - DAG(s) 'launch_streamlit_dashboard' retrieved from /opt/airflow/dags/eda_airflow.py
[2025-07-19T10:47:11.227+0000] {logging_mixin.py:188} INFO - [2025-07-19T10:47:11.226+0000] {dag.py:3036} INFO - Sync 1 DAGs
[2025-07-19T10:47:11.240+0000] {logging_mixin.py:188} INFO - [2025-07-19T10:47:11.240+0000] {dag.py:3823} INFO - Setting next_dagrun for launch_streamlit_dashboard to None, run_after=None
[2025-07-19T10:47:11.287+0000] {processor.py:183} INFO - Processing /opt/airflow/dags/eda_airflow.py took 0.393 seconds
[2025-07-19T10:47:41.957+0000] {processor.py:161} INFO - Started process (PID=13402) to work on /opt/airflow/dags/eda_airflow.py
[2025-07-19T10:47:41.960+0000] {processor.py:830} INFO - Processing file /opt/airflow/dags/eda_airflow.py for tasks to queue
[2025-07-19T10:47:41.961+0000] {logging_mixin.py:188} INFO - [2025-07-19T10:47:41.961+0000] {dagbag.py:538} INFO - Filling up the DagBag from /opt/airflow/dags/eda_airflow.py
[2025-07-19T10:47:41.995+0000] {processor.py:840} INFO - DAG(s) 'launch_streamlit_dashboard' retrieved from /opt/airflow/dags/eda_airflow.py
[2025-07-19T10:47:42.033+0000] {logging_mixin.py:188} INFO - [2025-07-19T10:47:42.033+0000] {dag.py:3036} INFO - Sync 1 DAGs
[2025-07-19T10:47:42.052+0000] {logging_mixin.py:188} INFO - [2025-07-19T10:47:42.051+0000] {dag.py:3823} INFO - Setting next_dagrun for launch_streamlit_dashboard to None, run_after=None
[2025-07-19T10:47:42.101+0000] {processor.py:183} INFO - Processing /opt/airflow/dags/eda_airflow.py took 0.151 seconds
[2025-07-19T10:48:12.885+0000] {processor.py:161} INFO - Started process (PID=13427) to work on /opt/airflow/dags/eda_airflow.py
[2025-07-19T10:48:12.887+0000] {processor.py:830} INFO - Processing file /opt/airflow/dags/eda_airflow.py for tasks to queue
[2025-07-19T10:48:12.889+0000] {logging_mixin.py:188} INFO - [2025-07-19T10:48:12.888+0000] {dagbag.py:538} INFO - Filling up the DagBag from /opt/airflow/dags/eda_airflow.py
[2025-07-19T10:48:12.921+0000] {processor.py:840} INFO - DAG(s) 'launch_streamlit_dashboard' retrieved from /opt/airflow/dags/eda_airflow.py
[2025-07-19T10:48:12.941+0000] {logging_mixin.py:188} INFO - [2025-07-19T10:48:12.941+0000] {dag.py:3036} INFO - Sync 1 DAGs
[2025-07-19T10:48:12.963+0000] {logging_mixin.py:188} INFO - [2025-07-19T10:48:12.962+0000] {dag.py:3823} INFO - Setting next_dagrun for launch_streamlit_dashboard to None, run_after=None
[2025-07-19T10:48:12.996+0000] {processor.py:183} INFO - Processing /opt/airflow/dags/eda_airflow.py took 0.117 seconds
[2025-07-19T10:48:44.908+0000] {processor.py:161} INFO - Started process (PID=13461) to work on /opt/airflow/dags/eda_airflow.py
[2025-07-19T10:48:44.910+0000] {processor.py:830} INFO - Processing file /opt/airflow/dags/eda_airflow.py for tasks to queue
[2025-07-19T10:48:44.912+0000] {logging_mixin.py:188} INFO - [2025-07-19T10:48:44.911+0000] {dagbag.py:538} INFO - Filling up the DagBag from /opt/airflow/dags/eda_airflow.py
[2025-07-19T10:48:45.845+0000] {processor.py:840} INFO - DAG(s) 'launch_streamlit_dashboard' retrieved from /opt/airflow/dags/eda_airflow.py
[2025-07-19T10:48:47.338+0000] {logging_mixin.py:188} INFO - [2025-07-19T10:48:47.337+0000] {dag.py:3036} INFO - Sync 1 DAGs
[2025-07-19T10:48:47.369+0000] {logging_mixin.py:188} INFO - [2025-07-19T10:48:47.368+0000] {dag.py:3823} INFO - Setting next_dagrun for launch_streamlit_dashboard to None, run_after=None
[2025-07-19T10:48:47.411+0000] {processor.py:183} INFO - Processing /opt/airflow/dags/eda_airflow.py took 2.512 seconds
[2025-07-19T10:49:21.463+0000] {processor.py:161} INFO - Started process (PID=13500) to work on /opt/airflow/dags/eda_airflow.py
[2025-07-19T10:49:21.465+0000] {processor.py:830} INFO - Processing file /opt/airflow/dags/eda_airflow.py for tasks to queue
[2025-07-19T10:49:21.467+0000] {logging_mixin.py:188} INFO - [2025-07-19T10:49:21.466+0000] {dagbag.py:538} INFO - Filling up the DagBag from /opt/airflow/dags/eda_airflow.py
[2025-07-19T10:49:21.564+0000] {processor.py:840} INFO - DAG(s) 'launch_streamlit_dashboard' retrieved from /opt/airflow/dags/eda_airflow.py
[2025-07-19T10:49:21.583+0000] {logging_mixin.py:188} INFO - [2025-07-19T10:49:21.583+0000] {dag.py:3036} INFO - Sync 1 DAGs
[2025-07-19T10:49:21.602+0000] {logging_mixin.py:188} INFO - [2025-07-19T10:49:21.602+0000] {dag.py:3823} INFO - Setting next_dagrun for launch_streamlit_dashboard to None, run_after=None
[2025-07-19T10:49:26.680+0000] {processor.py:183} INFO - Processing /opt/airflow/dags/eda_airflow.py took 5.222 seconds
[2025-07-19T10:49:57.137+0000] {processor.py:161} INFO - Started process (PID=13527) to work on /opt/airflow/dags/eda_airflow.py
[2025-07-19T10:49:57.140+0000] {processor.py:830} INFO - Processing file /opt/airflow/dags/eda_airflow.py for tasks to queue
[2025-07-19T10:49:57.143+0000] {logging_mixin.py:188} INFO - [2025-07-19T10:49:57.142+0000] {dagbag.py:538} INFO - Filling up the DagBag from /opt/airflow/dags/eda_airflow.py
[2025-07-19T10:49:57.178+0000] {processor.py:840} INFO - DAG(s) 'launch_streamlit_dashboard' retrieved from /opt/airflow/dags/eda_airflow.py
[2025-07-19T10:49:57.374+0000] {logging_mixin.py:188} INFO - [2025-07-19T10:49:57.373+0000] {dag.py:3036} INFO - Sync 1 DAGs
[2025-07-19T10:49:57.402+0000] {logging_mixin.py:188} INFO - [2025-07-19T10:49:57.401+0000] {dag.py:3823} INFO - Setting next_dagrun for launch_streamlit_dashboard to None, run_after=None
[2025-07-19T10:49:57.455+0000] {processor.py:183} INFO - Processing /opt/airflow/dags/eda_airflow.py took 0.324 seconds
[2025-07-19T10:50:27.747+0000] {processor.py:161} INFO - Started process (PID=13552) to work on /opt/airflow/dags/eda_airflow.py
[2025-07-19T10:50:27.748+0000] {processor.py:830} INFO - Processing file /opt/airflow/dags/eda_airflow.py for tasks to queue
[2025-07-19T10:50:27.750+0000] {logging_mixin.py:188} INFO - [2025-07-19T10:50:27.750+0000] {dagbag.py:538} INFO - Filling up the DagBag from /opt/airflow/dags/eda_airflow.py
[2025-07-19T10:50:27.784+0000] {processor.py:840} INFO - DAG(s) 'launch_streamlit_dashboard' retrieved from /opt/airflow/dags/eda_airflow.py
[2025-07-19T10:50:27.825+0000] {logging_mixin.py:188} INFO - [2025-07-19T10:50:27.824+0000] {dag.py:3036} INFO - Sync 1 DAGs
[2025-07-19T10:50:27.846+0000] {logging_mixin.py:188} INFO - [2025-07-19T10:50:27.846+0000] {dag.py:3823} INFO - Setting next_dagrun for launch_streamlit_dashboard to None, run_after=None
[2025-07-19T10:50:27.882+0000] {processor.py:183} INFO - Processing /opt/airflow/dags/eda_airflow.py took 0.140 seconds
[2025-07-19T10:50:58.053+0000] {processor.py:161} INFO - Started process (PID=13577) to work on /opt/airflow/dags/eda_airflow.py
[2025-07-19T10:50:58.054+0000] {processor.py:830} INFO - Processing file /opt/airflow/dags/eda_airflow.py for tasks to queue
[2025-07-19T10:50:58.055+0000] {logging_mixin.py:188} INFO - [2025-07-19T10:50:58.055+0000] {dagbag.py:538} INFO - Filling up the DagBag from /opt/airflow/dags/eda_airflow.py
[2025-07-19T10:50:58.085+0000] {processor.py:840} INFO - DAG(s) 'launch_streamlit_dashboard' retrieved from /opt/airflow/dags/eda_airflow.py
[2025-07-19T10:50:58.103+0000] {logging_mixin.py:188} INFO - [2025-07-19T10:50:58.103+0000] {dag.py:3036} INFO - Sync 1 DAGs
[2025-07-19T10:50:58.120+0000] {logging_mixin.py:188} INFO - [2025-07-19T10:50:58.119+0000] {dag.py:3823} INFO - Setting next_dagrun for launch_streamlit_dashboard to None, run_after=None
[2025-07-19T10:50:58.151+0000] {processor.py:183} INFO - Processing /opt/airflow/dags/eda_airflow.py took 0.104 seconds
[2025-07-19T10:51:28.309+0000] {processor.py:161} INFO - Started process (PID=13602) to work on /opt/airflow/dags/eda_airflow.py
[2025-07-19T10:51:28.311+0000] {processor.py:830} INFO - Processing file /opt/airflow/dags/eda_airflow.py for tasks to queue
[2025-07-19T10:51:28.313+0000] {logging_mixin.py:188} INFO - [2025-07-19T10:51:28.312+0000] {dagbag.py:538} INFO - Filling up the DagBag from /opt/airflow/dags/eda_airflow.py
[2025-07-19T10:51:28.345+0000] {processor.py:840} INFO - DAG(s) 'launch_streamlit_dashboard' retrieved from /opt/airflow/dags/eda_airflow.py
[2025-07-19T10:51:28.525+0000] {logging_mixin.py:188} INFO - [2025-07-19T10:51:28.525+0000] {dag.py:3036} INFO - Sync 1 DAGs
[2025-07-19T10:51:28.540+0000] {logging_mixin.py:188} INFO - [2025-07-19T10:51:28.540+0000] {dag.py:3823} INFO - Setting next_dagrun for launch_streamlit_dashboard to None, run_after=None
[2025-07-19T10:51:28.572+0000] {processor.py:183} INFO - Processing /opt/airflow/dags/eda_airflow.py took 0.269 seconds
[2025-07-19T10:51:58.758+0000] {processor.py:161} INFO - Started process (PID=13627) to work on /opt/airflow/dags/eda_airflow.py
[2025-07-19T10:51:58.760+0000] {processor.py:830} INFO - Processing file /opt/airflow/dags/eda_airflow.py for tasks to queue
[2025-07-19T10:51:58.762+0000] {logging_mixin.py:188} INFO - [2025-07-19T10:51:58.761+0000] {dagbag.py:538} INFO - Filling up the DagBag from /opt/airflow/dags/eda_airflow.py
[2025-07-19T10:51:58.794+0000] {processor.py:840} INFO - DAG(s) 'launch_streamlit_dashboard' retrieved from /opt/airflow/dags/eda_airflow.py
[2025-07-19T10:51:58.835+0000] {logging_mixin.py:188} INFO - [2025-07-19T10:51:58.835+0000] {dag.py:3036} INFO - Sync 1 DAGs
[2025-07-19T10:51:58.861+0000] {logging_mixin.py:188} INFO - [2025-07-19T10:51:58.860+0000] {dag.py:3823} INFO - Setting next_dagrun for launch_streamlit_dashboard to None, run_after=None
[2025-07-19T10:51:58.896+0000] {processor.py:183} INFO - Processing /opt/airflow/dags/eda_airflow.py took 0.142 seconds
[2025-07-19T10:52:28.975+0000] {processor.py:161} INFO - Started process (PID=13652) to work on /opt/airflow/dags/eda_airflow.py
[2025-07-19T10:52:28.977+0000] {processor.py:830} INFO - Processing file /opt/airflow/dags/eda_airflow.py for tasks to queue
[2025-07-19T10:52:28.978+0000] {logging_mixin.py:188} INFO - [2025-07-19T10:52:28.978+0000] {dagbag.py:538} INFO - Filling up the DagBag from /opt/airflow/dags/eda_airflow.py
[2025-07-19T10:52:29.011+0000] {processor.py:840} INFO - DAG(s) 'launch_streamlit_dashboard' retrieved from /opt/airflow/dags/eda_airflow.py
[2025-07-19T10:52:29.031+0000] {logging_mixin.py:188} INFO - [2025-07-19T10:52:29.031+0000] {dag.py:3036} INFO - Sync 1 DAGs
[2025-07-19T10:52:29.059+0000] {logging_mixin.py:188} INFO - [2025-07-19T10:52:29.058+0000] {dag.py:3823} INFO - Setting next_dagrun for launch_streamlit_dashboard to None, run_after=None
[2025-07-19T10:52:29.096+0000] {processor.py:183} INFO - Processing /opt/airflow/dags/eda_airflow.py took 0.126 seconds
[2025-07-19T10:52:59.847+0000] {processor.py:161} INFO - Started process (PID=13677) to work on /opt/airflow/dags/eda_airflow.py
[2025-07-19T10:52:59.849+0000] {processor.py:830} INFO - Processing file /opt/airflow/dags/eda_airflow.py for tasks to queue
[2025-07-19T10:52:59.851+0000] {logging_mixin.py:188} INFO - [2025-07-19T10:52:59.850+0000] {dagbag.py:538} INFO - Filling up the DagBag from /opt/airflow/dags/eda_airflow.py
[2025-07-19T10:52:59.881+0000] {processor.py:840} INFO - DAG(s) 'launch_streamlit_dashboard' retrieved from /opt/airflow/dags/eda_airflow.py
[2025-07-19T10:53:00.033+0000] {logging_mixin.py:188} INFO - [2025-07-19T10:53:00.032+0000] {dag.py:3036} INFO - Sync 1 DAGs
[2025-07-19T10:53:00.053+0000] {logging_mixin.py:188} INFO - [2025-07-19T10:53:00.052+0000] {dag.py:3823} INFO - Setting next_dagrun for launch_streamlit_dashboard to None, run_after=None
[2025-07-19T10:53:00.097+0000] {processor.py:183} INFO - Processing /opt/airflow/dags/eda_airflow.py took 0.255 seconds
[2025-07-19T10:53:30.663+0000] {processor.py:161} INFO - Started process (PID=13702) to work on /opt/airflow/dags/eda_airflow.py
[2025-07-19T10:53:30.665+0000] {processor.py:830} INFO - Processing file /opt/airflow/dags/eda_airflow.py for tasks to queue
[2025-07-19T10:53:30.667+0000] {logging_mixin.py:188} INFO - [2025-07-19T10:53:30.666+0000] {dagbag.py:538} INFO - Filling up the DagBag from /opt/airflow/dags/eda_airflow.py
[2025-07-19T10:53:30.696+0000] {processor.py:840} INFO - DAG(s) 'launch_streamlit_dashboard' retrieved from /opt/airflow/dags/eda_airflow.py
[2025-07-19T10:53:30.755+0000] {logging_mixin.py:188} INFO - [2025-07-19T10:53:30.755+0000] {dag.py:3036} INFO - Sync 1 DAGs
[2025-07-19T10:53:30.777+0000] {logging_mixin.py:188} INFO - [2025-07-19T10:53:30.777+0000] {dag.py:3823} INFO - Setting next_dagrun for launch_streamlit_dashboard to None, run_after=None
[2025-07-19T10:53:30.818+0000] {processor.py:183} INFO - Processing /opt/airflow/dags/eda_airflow.py took 0.160 seconds
[2025-07-19T10:54:01.706+0000] {processor.py:161} INFO - Started process (PID=13727) to work on /opt/airflow/dags/eda_airflow.py
[2025-07-19T10:54:01.708+0000] {processor.py:830} INFO - Processing file /opt/airflow/dags/eda_airflow.py for tasks to queue
[2025-07-19T10:54:01.709+0000] {logging_mixin.py:188} INFO - [2025-07-19T10:54:01.709+0000] {dagbag.py:538} INFO - Filling up the DagBag from /opt/airflow/dags/eda_airflow.py
[2025-07-19T10:54:01.740+0000] {processor.py:840} INFO - DAG(s) 'launch_streamlit_dashboard' retrieved from /opt/airflow/dags/eda_airflow.py
[2025-07-19T10:54:01.760+0000] {logging_mixin.py:188} INFO - [2025-07-19T10:54:01.759+0000] {dag.py:3036} INFO - Sync 1 DAGs
[2025-07-19T10:54:01.779+0000] {logging_mixin.py:188} INFO - [2025-07-19T10:54:01.779+0000] {dag.py:3823} INFO - Setting next_dagrun for launch_streamlit_dashboard to None, run_after=None
[2025-07-19T10:54:01.823+0000] {processor.py:183} INFO - Processing /opt/airflow/dags/eda_airflow.py took 0.121 seconds
[2025-07-19T10:54:32.700+0000] {processor.py:161} INFO - Started process (PID=13752) to work on /opt/airflow/dags/eda_airflow.py
[2025-07-19T10:54:32.702+0000] {processor.py:830} INFO - Processing file /opt/airflow/dags/eda_airflow.py for tasks to queue
[2025-07-19T10:54:32.703+0000] {logging_mixin.py:188} INFO - [2025-07-19T10:54:32.703+0000] {dagbag.py:538} INFO - Filling up the DagBag from /opt/airflow/dags/eda_airflow.py
[2025-07-19T10:54:32.737+0000] {processor.py:840} INFO - DAG(s) 'launch_streamlit_dashboard' retrieved from /opt/airflow/dags/eda_airflow.py
[2025-07-19T10:54:32.867+0000] {logging_mixin.py:188} INFO - [2025-07-19T10:54:32.866+0000] {dag.py:3036} INFO - Sync 1 DAGs
[2025-07-19T10:54:32.879+0000] {logging_mixin.py:188} INFO - [2025-07-19T10:54:32.879+0000] {dag.py:3823} INFO - Setting next_dagrun for launch_streamlit_dashboard to None, run_after=None
[2025-07-19T10:54:32.912+0000] {processor.py:183} INFO - Processing /opt/airflow/dags/eda_airflow.py took 0.216 seconds
[2025-07-19T10:55:03.004+0000] {processor.py:161} INFO - Started process (PID=13777) to work on /opt/airflow/dags/eda_airflow.py
[2025-07-19T10:55:03.005+0000] {processor.py:830} INFO - Processing file /opt/airflow/dags/eda_airflow.py for tasks to queue
[2025-07-19T10:55:03.007+0000] {logging_mixin.py:188} INFO - [2025-07-19T10:55:03.006+0000] {dagbag.py:538} INFO - Filling up the DagBag from /opt/airflow/dags/eda_airflow.py
[2025-07-19T10:55:03.031+0000] {processor.py:840} INFO - DAG(s) 'launch_streamlit_dashboard' retrieved from /opt/airflow/dags/eda_airflow.py
[2025-07-19T10:55:03.065+0000] {logging_mixin.py:188} INFO - [2025-07-19T10:55:03.065+0000] {dag.py:3036} INFO - Sync 1 DAGs
[2025-07-19T10:55:03.079+0000] {logging_mixin.py:188} INFO - [2025-07-19T10:55:03.079+0000] {dag.py:3823} INFO - Setting next_dagrun for launch_streamlit_dashboard to None, run_after=None
[2025-07-19T10:55:03.105+0000] {processor.py:183} INFO - Processing /opt/airflow/dags/eda_airflow.py took 0.106 seconds
[2025-07-19T10:55:33.209+0000] {processor.py:161} INFO - Started process (PID=13802) to work on /opt/airflow/dags/eda_airflow.py
[2025-07-19T10:55:33.210+0000] {processor.py:830} INFO - Processing file /opt/airflow/dags/eda_airflow.py for tasks to queue
[2025-07-19T10:55:33.212+0000] {logging_mixin.py:188} INFO - [2025-07-19T10:55:33.212+0000] {dagbag.py:538} INFO - Filling up the DagBag from /opt/airflow/dags/eda_airflow.py
[2025-07-19T10:55:33.243+0000] {processor.py:840} INFO - DAG(s) 'launch_streamlit_dashboard' retrieved from /opt/airflow/dags/eda_airflow.py
[2025-07-19T10:55:33.261+0000] {logging_mixin.py:188} INFO - [2025-07-19T10:55:33.261+0000] {dag.py:3036} INFO - Sync 1 DAGs
[2025-07-19T10:55:33.282+0000] {logging_mixin.py:188} INFO - [2025-07-19T10:55:33.282+0000] {dag.py:3823} INFO - Setting next_dagrun for launch_streamlit_dashboard to None, run_after=None
[2025-07-19T10:55:33.323+0000] {processor.py:183} INFO - Processing /opt/airflow/dags/eda_airflow.py took 0.121 seconds
[2025-07-19T10:56:04.067+0000] {processor.py:161} INFO - Started process (PID=13827) to work on /opt/airflow/dags/eda_airflow.py
[2025-07-19T10:56:04.069+0000] {processor.py:830} INFO - Processing file /opt/airflow/dags/eda_airflow.py for tasks to queue
[2025-07-19T10:56:04.072+0000] {logging_mixin.py:188} INFO - [2025-07-19T10:56:04.071+0000] {dagbag.py:538} INFO - Filling up the DagBag from /opt/airflow/dags/eda_airflow.py
[2025-07-19T10:56:04.103+0000] {processor.py:840} INFO - DAG(s) 'launch_streamlit_dashboard' retrieved from /opt/airflow/dags/eda_airflow.py
[2025-07-19T10:56:04.354+0000] {logging_mixin.py:188} INFO - [2025-07-19T10:56:04.354+0000] {dag.py:3036} INFO - Sync 1 DAGs
[2025-07-19T10:56:04.374+0000] {logging_mixin.py:188} INFO - [2025-07-19T10:56:04.373+0000] {dag.py:3823} INFO - Setting next_dagrun for launch_streamlit_dashboard to None, run_after=None
[2025-07-19T10:56:04.437+0000] {processor.py:183} INFO - Processing /opt/airflow/dags/eda_airflow.py took 0.377 seconds
[2025-07-19T10:56:34.908+0000] {processor.py:161} INFO - Started process (PID=13852) to work on /opt/airflow/dags/eda_airflow.py
[2025-07-19T10:56:34.910+0000] {processor.py:830} INFO - Processing file /opt/airflow/dags/eda_airflow.py for tasks to queue
[2025-07-19T10:56:34.911+0000] {logging_mixin.py:188} INFO - [2025-07-19T10:56:34.911+0000] {dagbag.py:538} INFO - Filling up the DagBag from /opt/airflow/dags/eda_airflow.py
[2025-07-19T10:56:34.944+0000] {processor.py:840} INFO - DAG(s) 'launch_streamlit_dashboard' retrieved from /opt/airflow/dags/eda_airflow.py
[2025-07-19T10:56:34.988+0000] {logging_mixin.py:188} INFO - [2025-07-19T10:56:34.988+0000] {dag.py:3036} INFO - Sync 1 DAGs
[2025-07-19T10:56:35.015+0000] {logging_mixin.py:188} INFO - [2025-07-19T10:56:35.015+0000] {dag.py:3823} INFO - Setting next_dagrun for launch_streamlit_dashboard to None, run_after=None
[2025-07-19T10:56:35.050+0000] {processor.py:183} INFO - Processing /opt/airflow/dags/eda_airflow.py took 0.147 seconds
[2025-07-19T10:57:05.298+0000] {processor.py:161} INFO - Started process (PID=13877) to work on /opt/airflow/dags/eda_airflow.py
[2025-07-19T10:57:05.300+0000] {processor.py:830} INFO - Processing file /opt/airflow/dags/eda_airflow.py for tasks to queue
[2025-07-19T10:57:05.301+0000] {logging_mixin.py:188} INFO - [2025-07-19T10:57:05.301+0000] {dagbag.py:538} INFO - Filling up the DagBag from /opt/airflow/dags/eda_airflow.py
[2025-07-19T10:57:05.335+0000] {processor.py:840} INFO - DAG(s) 'launch_streamlit_dashboard' retrieved from /opt/airflow/dags/eda_airflow.py
[2025-07-19T10:57:05.353+0000] {logging_mixin.py:188} INFO - [2025-07-19T10:57:05.353+0000] {dag.py:3036} INFO - Sync 1 DAGs
[2025-07-19T10:57:05.372+0000] {logging_mixin.py:188} INFO - [2025-07-19T10:57:05.371+0000] {dag.py:3823} INFO - Setting next_dagrun for launch_streamlit_dashboard to None, run_after=None
[2025-07-19T10:57:05.406+0000] {processor.py:183} INFO - Processing /opt/airflow/dags/eda_airflow.py took 0.112 seconds
[2025-07-19T10:57:35.539+0000] {processor.py:161} INFO - Started process (PID=13902) to work on /opt/airflow/dags/eda_airflow.py
[2025-07-19T10:57:35.542+0000] {processor.py:830} INFO - Processing file /opt/airflow/dags/eda_airflow.py for tasks to queue
[2025-07-19T10:57:35.545+0000] {logging_mixin.py:188} INFO - [2025-07-19T10:57:35.544+0000] {dagbag.py:538} INFO - Filling up the DagBag from /opt/airflow/dags/eda_airflow.py
[2025-07-19T10:57:35.579+0000] {processor.py:840} INFO - DAG(s) 'launch_streamlit_dashboard' retrieved from /opt/airflow/dags/eda_airflow.py
[2025-07-19T10:57:35.769+0000] {logging_mixin.py:188} INFO - [2025-07-19T10:57:35.769+0000] {dag.py:3036} INFO - Sync 1 DAGs
[2025-07-19T10:57:35.787+0000] {logging_mixin.py:188} INFO - [2025-07-19T10:57:35.786+0000] {dag.py:3823} INFO - Setting next_dagrun for launch_streamlit_dashboard to None, run_after=None
[2025-07-19T10:57:35.835+0000] {processor.py:183} INFO - Processing /opt/airflow/dags/eda_airflow.py took 0.306 seconds
[2025-07-19T10:58:05.994+0000] {processor.py:161} INFO - Started process (PID=13927) to work on /opt/airflow/dags/eda_airflow.py
[2025-07-19T10:58:05.996+0000] {processor.py:830} INFO - Processing file /opt/airflow/dags/eda_airflow.py for tasks to queue
[2025-07-19T10:58:05.998+0000] {logging_mixin.py:188} INFO - [2025-07-19T10:58:05.997+0000] {dagbag.py:538} INFO - Filling up the DagBag from /opt/airflow/dags/eda_airflow.py
[2025-07-19T10:58:06.031+0000] {processor.py:840} INFO - DAG(s) 'launch_streamlit_dashboard' retrieved from /opt/airflow/dags/eda_airflow.py
[2025-07-19T10:58:06.077+0000] {logging_mixin.py:188} INFO - [2025-07-19T10:58:06.077+0000] {dag.py:3036} INFO - Sync 1 DAGs
[2025-07-19T10:58:06.094+0000] {logging_mixin.py:188} INFO - [2025-07-19T10:58:06.093+0000] {dag.py:3823} INFO - Setting next_dagrun for launch_streamlit_dashboard to None, run_after=None
[2025-07-19T10:58:06.129+0000] {processor.py:183} INFO - Processing /opt/airflow/dags/eda_airflow.py took 0.139 seconds
[2025-07-19T10:58:36.707+0000] {processor.py:161} INFO - Started process (PID=13952) to work on /opt/airflow/dags/eda_airflow.py
[2025-07-19T10:58:36.709+0000] {processor.py:830} INFO - Processing file /opt/airflow/dags/eda_airflow.py for tasks to queue
[2025-07-19T10:58:36.712+0000] {logging_mixin.py:188} INFO - [2025-07-19T10:58:36.711+0000] {dagbag.py:538} INFO - Filling up the DagBag from /opt/airflow/dags/eda_airflow.py
[2025-07-19T10:58:36.737+0000] {processor.py:840} INFO - DAG(s) 'launch_streamlit_dashboard' retrieved from /opt/airflow/dags/eda_airflow.py
[2025-07-19T10:58:36.754+0000] {logging_mixin.py:188} INFO - [2025-07-19T10:58:36.754+0000] {dag.py:3036} INFO - Sync 1 DAGs
[2025-07-19T10:58:36.775+0000] {logging_mixin.py:188} INFO - [2025-07-19T10:58:36.775+0000] {dag.py:3823} INFO - Setting next_dagrun for launch_streamlit_dashboard to None, run_after=None
[2025-07-19T10:58:36.817+0000] {processor.py:183} INFO - Processing /opt/airflow/dags/eda_airflow.py took 0.120 seconds
[2025-07-19T10:59:07.076+0000] {processor.py:161} INFO - Started process (PID=13977) to work on /opt/airflow/dags/eda_airflow.py
[2025-07-19T10:59:07.085+0000] {processor.py:830} INFO - Processing file /opt/airflow/dags/eda_airflow.py for tasks to queue
[2025-07-19T10:59:07.088+0000] {logging_mixin.py:188} INFO - [2025-07-19T10:59:07.087+0000] {dagbag.py:538} INFO - Filling up the DagBag from /opt/airflow/dags/eda_airflow.py
[2025-07-19T10:59:07.118+0000] {processor.py:840} INFO - DAG(s) 'launch_streamlit_dashboard' retrieved from /opt/airflow/dags/eda_airflow.py
[2025-07-19T10:59:07.294+0000] {logging_mixin.py:188} INFO - [2025-07-19T10:59:07.294+0000] {dag.py:3036} INFO - Sync 1 DAGs
[2025-07-19T10:59:07.309+0000] {logging_mixin.py:188} INFO - [2025-07-19T10:59:07.309+0000] {dag.py:3823} INFO - Setting next_dagrun for launch_streamlit_dashboard to None, run_after=None
[2025-07-19T10:59:07.378+0000] {processor.py:183} INFO - Processing /opt/airflow/dags/eda_airflow.py took 0.308 seconds
[2025-07-19T10:59:37.479+0000] {processor.py:161} INFO - Started process (PID=14002) to work on /opt/airflow/dags/eda_airflow.py
[2025-07-19T10:59:37.481+0000] {processor.py:830} INFO - Processing file /opt/airflow/dags/eda_airflow.py for tasks to queue
[2025-07-19T10:59:37.483+0000] {logging_mixin.py:188} INFO - [2025-07-19T10:59:37.482+0000] {dagbag.py:538} INFO - Filling up the DagBag from /opt/airflow/dags/eda_airflow.py
[2025-07-19T10:59:37.511+0000] {processor.py:840} INFO - DAG(s) 'launch_streamlit_dashboard' retrieved from /opt/airflow/dags/eda_airflow.py
[2025-07-19T10:59:37.551+0000] {logging_mixin.py:188} INFO - [2025-07-19T10:59:37.551+0000] {dag.py:3036} INFO - Sync 1 DAGs
[2025-07-19T10:59:37.569+0000] {logging_mixin.py:188} INFO - [2025-07-19T10:59:37.569+0000] {dag.py:3823} INFO - Setting next_dagrun for launch_streamlit_dashboard to None, run_after=None
[2025-07-19T10:59:37.605+0000] {processor.py:183} INFO - Processing /opt/airflow/dags/eda_airflow.py took 0.130 seconds
[2025-07-19T11:00:08.519+0000] {processor.py:161} INFO - Started process (PID=14027) to work on /opt/airflow/dags/eda_airflow.py
[2025-07-19T11:00:08.520+0000] {processor.py:830} INFO - Processing file /opt/airflow/dags/eda_airflow.py for tasks to queue
[2025-07-19T11:00:08.521+0000] {logging_mixin.py:188} INFO - [2025-07-19T11:00:08.520+0000] {dagbag.py:538} INFO - Filling up the DagBag from /opt/airflow/dags/eda_airflow.py
[2025-07-19T11:00:08.532+0000] {processor.py:840} INFO - DAG(s) 'launch_streamlit_dashboard' retrieved from /opt/airflow/dags/eda_airflow.py
[2025-07-19T11:00:08.545+0000] {logging_mixin.py:188} INFO - [2025-07-19T11:00:08.544+0000] {dag.py:3036} INFO - Sync 1 DAGs
[2025-07-19T11:00:08.560+0000] {logging_mixin.py:188} INFO - [2025-07-19T11:00:08.560+0000] {dag.py:3823} INFO - Setting next_dagrun for launch_streamlit_dashboard to None, run_after=None
[2025-07-19T11:00:08.586+0000] {processor.py:183} INFO - Processing /opt/airflow/dags/eda_airflow.py took 0.071 seconds
[2025-07-19T11:00:39.524+0000] {processor.py:161} INFO - Started process (PID=14052) to work on /opt/airflow/dags/eda_airflow.py
[2025-07-19T11:00:39.526+0000] {processor.py:830} INFO - Processing file /opt/airflow/dags/eda_airflow.py for tasks to queue
[2025-07-19T11:00:39.527+0000] {logging_mixin.py:188} INFO - [2025-07-19T11:00:39.526+0000] {dagbag.py:538} INFO - Filling up the DagBag from /opt/airflow/dags/eda_airflow.py
[2025-07-19T11:00:39.539+0000] {processor.py:840} INFO - DAG(s) 'launch_streamlit_dashboard' retrieved from /opt/airflow/dags/eda_airflow.py
[2025-07-19T11:00:39.674+0000] {logging_mixin.py:188} INFO - [2025-07-19T11:00:39.674+0000] {dag.py:3036} INFO - Sync 1 DAGs
[2025-07-19T11:00:39.689+0000] {logging_mixin.py:188} INFO - [2025-07-19T11:00:39.689+0000] {dag.py:3823} INFO - Setting next_dagrun for launch_streamlit_dashboard to None, run_after=None
[2025-07-19T11:00:39.722+0000] {processor.py:183} INFO - Processing /opt/airflow/dags/eda_airflow.py took 0.201 seconds
[2025-07-19T11:01:10.295+0000] {processor.py:161} INFO - Started process (PID=14077) to work on /opt/airflow/dags/eda_airflow.py
[2025-07-19T11:01:10.296+0000] {processor.py:830} INFO - Processing file /opt/airflow/dags/eda_airflow.py for tasks to queue
[2025-07-19T11:01:10.297+0000] {logging_mixin.py:188} INFO - [2025-07-19T11:01:10.297+0000] {dagbag.py:538} INFO - Filling up the DagBag from /opt/airflow/dags/eda_airflow.py
[2025-07-19T11:01:10.323+0000] {processor.py:840} INFO - DAG(s) 'launch_streamlit_dashboard' retrieved from /opt/airflow/dags/eda_airflow.py
[2025-07-19T11:01:10.353+0000] {logging_mixin.py:188} INFO - [2025-07-19T11:01:10.352+0000] {dag.py:3036} INFO - Sync 1 DAGs
[2025-07-19T11:01:10.365+0000] {logging_mixin.py:188} INFO - [2025-07-19T11:01:10.365+0000] {dag.py:3823} INFO - Setting next_dagrun for launch_streamlit_dashboard to None, run_after=None
[2025-07-19T11:01:10.391+0000] {processor.py:183} INFO - Processing /opt/airflow/dags/eda_airflow.py took 0.099 seconds
[2025-07-19T11:01:41.118+0000] {processor.py:161} INFO - Started process (PID=14102) to work on /opt/airflow/dags/eda_airflow.py
[2025-07-19T11:01:41.119+0000] {processor.py:830} INFO - Processing file /opt/airflow/dags/eda_airflow.py for tasks to queue
[2025-07-19T11:01:41.119+0000] {logging_mixin.py:188} INFO - [2025-07-19T11:01:41.119+0000] {dagbag.py:538} INFO - Filling up the DagBag from /opt/airflow/dags/eda_airflow.py
[2025-07-19T11:01:41.129+0000] {processor.py:840} INFO - DAG(s) 'launch_streamlit_dashboard' retrieved from /opt/airflow/dags/eda_airflow.py
[2025-07-19T11:01:41.140+0000] {logging_mixin.py:188} INFO - [2025-07-19T11:01:41.140+0000] {dag.py:3036} INFO - Sync 1 DAGs
[2025-07-19T11:01:41.152+0000] {logging_mixin.py:188} INFO - [2025-07-19T11:01:41.152+0000] {dag.py:3823} INFO - Setting next_dagrun for launch_streamlit_dashboard to None, run_after=None
[2025-07-19T11:01:41.174+0000] {processor.py:183} INFO - Processing /opt/airflow/dags/eda_airflow.py took 0.059 seconds
[2025-07-19T11:02:11.568+0000] {processor.py:161} INFO - Started process (PID=14127) to work on /opt/airflow/dags/eda_airflow.py
[2025-07-19T11:02:11.569+0000] {processor.py:830} INFO - Processing file /opt/airflow/dags/eda_airflow.py for tasks to queue
[2025-07-19T11:02:11.569+0000] {logging_mixin.py:188} INFO - [2025-07-19T11:02:11.569+0000] {dagbag.py:538} INFO - Filling up the DagBag from /opt/airflow/dags/eda_airflow.py
[2025-07-19T11:02:11.580+0000] {processor.py:840} INFO - DAG(s) 'launch_streamlit_dashboard' retrieved from /opt/airflow/dags/eda_airflow.py
[2025-07-19T11:02:11.712+0000] {logging_mixin.py:188} INFO - [2025-07-19T11:02:11.712+0000] {dag.py:3036} INFO - Sync 1 DAGs
[2025-07-19T11:02:11.722+0000] {logging_mixin.py:188} INFO - [2025-07-19T11:02:11.722+0000] {dag.py:3823} INFO - Setting next_dagrun for launch_streamlit_dashboard to None, run_after=None
[2025-07-19T11:02:11.745+0000] {processor.py:183} INFO - Processing /opt/airflow/dags/eda_airflow.py took 0.181 seconds
[2025-07-19T11:02:42.073+0000] {processor.py:161} INFO - Started process (PID=14152) to work on /opt/airflow/dags/eda_airflow.py
[2025-07-19T11:02:42.073+0000] {processor.py:830} INFO - Processing file /opt/airflow/dags/eda_airflow.py for tasks to queue
[2025-07-19T11:02:42.074+0000] {logging_mixin.py:188} INFO - [2025-07-19T11:02:42.074+0000] {dagbag.py:538} INFO - Filling up the DagBag from /opt/airflow/dags/eda_airflow.py
[2025-07-19T11:02:42.085+0000] {processor.py:840} INFO - DAG(s) 'launch_streamlit_dashboard' retrieved from /opt/airflow/dags/eda_airflow.py
[2025-07-19T11:02:42.109+0000] {logging_mixin.py:188} INFO - [2025-07-19T11:02:42.109+0000] {dag.py:3036} INFO - Sync 1 DAGs
[2025-07-19T11:02:42.120+0000] {logging_mixin.py:188} INFO - [2025-07-19T11:02:42.120+0000] {dag.py:3823} INFO - Setting next_dagrun for launch_streamlit_dashboard to None, run_after=None
[2025-07-19T11:02:42.139+0000] {processor.py:183} INFO - Processing /opt/airflow/dags/eda_airflow.py took 0.069 seconds
[2025-07-19T11:03:12.666+0000] {processor.py:161} INFO - Started process (PID=14177) to work on /opt/airflow/dags/eda_airflow.py
[2025-07-19T11:03:12.667+0000] {processor.py:830} INFO - Processing file /opt/airflow/dags/eda_airflow.py for tasks to queue
[2025-07-19T11:03:12.668+0000] {logging_mixin.py:188} INFO - [2025-07-19T11:03:12.668+0000] {dagbag.py:538} INFO - Filling up the DagBag from /opt/airflow/dags/eda_airflow.py
[2025-07-19T11:03:12.678+0000] {processor.py:840} INFO - DAG(s) 'launch_streamlit_dashboard' retrieved from /opt/airflow/dags/eda_airflow.py
[2025-07-19T11:03:12.689+0000] {logging_mixin.py:188} INFO - [2025-07-19T11:03:12.689+0000] {dag.py:3036} INFO - Sync 1 DAGs
[2025-07-19T11:03:12.704+0000] {logging_mixin.py:188} INFO - [2025-07-19T11:03:12.703+0000] {dag.py:3823} INFO - Setting next_dagrun for launch_streamlit_dashboard to None, run_after=None
[2025-07-19T11:03:12.725+0000] {processor.py:183} INFO - Processing /opt/airflow/dags/eda_airflow.py took 0.062 seconds
[2025-07-19T11:03:43.090+0000] {processor.py:161} INFO - Started process (PID=14202) to work on /opt/airflow/dags/eda_airflow.py
[2025-07-19T11:03:43.091+0000] {processor.py:830} INFO - Processing file /opt/airflow/dags/eda_airflow.py for tasks to queue
[2025-07-19T11:03:43.092+0000] {logging_mixin.py:188} INFO - [2025-07-19T11:03:43.092+0000] {dagbag.py:538} INFO - Filling up the DagBag from /opt/airflow/dags/eda_airflow.py
[2025-07-19T11:03:43.104+0000] {processor.py:840} INFO - DAG(s) 'launch_streamlit_dashboard' retrieved from /opt/airflow/dags/eda_airflow.py
[2025-07-19T11:03:43.197+0000] {logging_mixin.py:188} INFO - [2025-07-19T11:03:43.197+0000] {dag.py:3036} INFO - Sync 1 DAGs
[2025-07-19T11:03:43.206+0000] {logging_mixin.py:188} INFO - [2025-07-19T11:03:43.206+0000] {dag.py:3823} INFO - Setting next_dagrun for launch_streamlit_dashboard to None, run_after=None
[2025-07-19T11:03:43.241+0000] {processor.py:183} INFO - Processing /opt/airflow/dags/eda_airflow.py took 0.154 seconds
[2025-07-19T11:04:13.658+0000] {processor.py:161} INFO - Started process (PID=14227) to work on /opt/airflow/dags/eda_airflow.py
[2025-07-19T11:04:13.659+0000] {processor.py:830} INFO - Processing file /opt/airflow/dags/eda_airflow.py for tasks to queue
[2025-07-19T11:04:13.660+0000] {logging_mixin.py:188} INFO - [2025-07-19T11:04:13.660+0000] {dagbag.py:538} INFO - Filling up the DagBag from /opt/airflow/dags/eda_airflow.py
[2025-07-19T11:04:13.671+0000] {processor.py:840} INFO - DAG(s) 'launch_streamlit_dashboard' retrieved from /opt/airflow/dags/eda_airflow.py
[2025-07-19T11:04:13.697+0000] {logging_mixin.py:188} INFO - [2025-07-19T11:04:13.697+0000] {dag.py:3036} INFO - Sync 1 DAGs
[2025-07-19T11:04:13.710+0000] {logging_mixin.py:188} INFO - [2025-07-19T11:04:13.710+0000] {dag.py:3823} INFO - Setting next_dagrun for launch_streamlit_dashboard to None, run_after=None
[2025-07-19T11:04:13.730+0000] {processor.py:183} INFO - Processing /opt/airflow/dags/eda_airflow.py took 0.076 seconds
[2025-07-19T11:04:44.390+0000] {processor.py:161} INFO - Started process (PID=14252) to work on /opt/airflow/dags/eda_airflow.py
[2025-07-19T11:04:44.391+0000] {processor.py:830} INFO - Processing file /opt/airflow/dags/eda_airflow.py for tasks to queue
[2025-07-19T11:04:44.392+0000] {logging_mixin.py:188} INFO - [2025-07-19T11:04:44.391+0000] {dagbag.py:538} INFO - Filling up the DagBag from /opt/airflow/dags/eda_airflow.py
[2025-07-19T11:04:44.466+0000] {processor.py:840} INFO - DAG(s) 'launch_streamlit_dashboard' retrieved from /opt/airflow/dags/eda_airflow.py
[2025-07-19T11:04:44.476+0000] {logging_mixin.py:188} INFO - [2025-07-19T11:04:44.476+0000] {dag.py:3036} INFO - Sync 1 DAGs
[2025-07-19T11:04:44.488+0000] {logging_mixin.py:188} INFO - [2025-07-19T11:04:44.488+0000] {dag.py:3823} INFO - Setting next_dagrun for launch_streamlit_dashboard to None, run_after=None
[2025-07-19T11:04:44.510+0000] {processor.py:183} INFO - Processing /opt/airflow/dags/eda_airflow.py took 0.124 seconds
[2025-07-19T11:05:15.456+0000] {processor.py:161} INFO - Started process (PID=14277) to work on /opt/airflow/dags/eda_airflow.py
[2025-07-19T11:05:15.457+0000] {processor.py:830} INFO - Processing file /opt/airflow/dags/eda_airflow.py for tasks to queue
[2025-07-19T11:05:15.457+0000] {logging_mixin.py:188} INFO - [2025-07-19T11:05:15.457+0000] {dagbag.py:538} INFO - Filling up the DagBag from /opt/airflow/dags/eda_airflow.py
[2025-07-19T11:05:15.467+0000] {processor.py:840} INFO - DAG(s) 'launch_streamlit_dashboard' retrieved from /opt/airflow/dags/eda_airflow.py
[2025-07-19T11:05:15.564+0000] {logging_mixin.py:188} INFO - [2025-07-19T11:05:15.564+0000] {dag.py:3036} INFO - Sync 1 DAGs
[2025-07-19T11:05:15.575+0000] {logging_mixin.py:188} INFO - [2025-07-19T11:05:15.574+0000] {dag.py:3823} INFO - Setting next_dagrun for launch_streamlit_dashboard to None, run_after=None
[2025-07-19T11:05:15.598+0000] {processor.py:183} INFO - Processing /opt/airflow/dags/eda_airflow.py took 0.145 seconds
[2025-07-19T11:05:46.577+0000] {processor.py:161} INFO - Started process (PID=14302) to work on /opt/airflow/dags/eda_airflow.py
[2025-07-19T11:05:46.579+0000] {processor.py:830} INFO - Processing file /opt/airflow/dags/eda_airflow.py for tasks to queue
[2025-07-19T11:05:46.580+0000] {logging_mixin.py:188} INFO - [2025-07-19T11:05:46.579+0000] {dagbag.py:538} INFO - Filling up the DagBag from /opt/airflow/dags/eda_airflow.py
[2025-07-19T11:05:46.590+0000] {processor.py:840} INFO - DAG(s) 'launch_streamlit_dashboard' retrieved from /opt/airflow/dags/eda_airflow.py
[2025-07-19T11:05:46.642+0000] {logging_mixin.py:188} INFO - [2025-07-19T11:05:46.642+0000] {dag.py:3036} INFO - Sync 1 DAGs
[2025-07-19T11:05:46.653+0000] {logging_mixin.py:188} INFO - [2025-07-19T11:05:46.653+0000] {dag.py:3823} INFO - Setting next_dagrun for launch_streamlit_dashboard to None, run_after=None
[2025-07-19T11:05:46.674+0000] {processor.py:183} INFO - Processing /opt/airflow/dags/eda_airflow.py took 0.100 seconds
[2025-07-19T11:06:16.994+0000] {processor.py:161} INFO - Started process (PID=14327) to work on /opt/airflow/dags/eda_airflow.py
[2025-07-19T11:06:16.995+0000] {processor.py:830} INFO - Processing file /opt/airflow/dags/eda_airflow.py for tasks to queue
[2025-07-19T11:06:16.996+0000] {logging_mixin.py:188} INFO - [2025-07-19T11:06:16.996+0000] {dagbag.py:538} INFO - Filling up the DagBag from /opt/airflow/dags/eda_airflow.py
[2025-07-19T11:06:17.007+0000] {processor.py:840} INFO - DAG(s) 'launch_streamlit_dashboard' retrieved from /opt/airflow/dags/eda_airflow.py
[2025-07-19T11:06:17.018+0000] {logging_mixin.py:188} INFO - [2025-07-19T11:06:17.017+0000] {dag.py:3036} INFO - Sync 1 DAGs
[2025-07-19T11:06:17.030+0000] {logging_mixin.py:188} INFO - [2025-07-19T11:06:17.030+0000] {dag.py:3823} INFO - Setting next_dagrun for launch_streamlit_dashboard to None, run_after=None
[2025-07-19T11:06:17.155+0000] {processor.py:183} INFO - Processing /opt/airflow/dags/eda_airflow.py took 0.164 seconds
[2025-07-19T11:06:47.493+0000] {processor.py:161} INFO - Started process (PID=14352) to work on /opt/airflow/dags/eda_airflow.py
[2025-07-19T11:06:47.495+0000] {processor.py:830} INFO - Processing file /opt/airflow/dags/eda_airflow.py for tasks to queue
[2025-07-19T11:06:47.497+0000] {logging_mixin.py:188} INFO - [2025-07-19T11:06:47.496+0000] {dagbag.py:538} INFO - Filling up the DagBag from /opt/airflow/dags/eda_airflow.py
[2025-07-19T11:06:47.510+0000] {processor.py:840} INFO - DAG(s) 'launch_streamlit_dashboard' retrieved from /opt/airflow/dags/eda_airflow.py
[2025-07-19T11:06:47.636+0000] {logging_mixin.py:188} INFO - [2025-07-19T11:06:47.635+0000] {dag.py:3036} INFO - Sync 1 DAGs
[2025-07-19T11:06:47.646+0000] {logging_mixin.py:188} INFO - [2025-07-19T11:06:47.646+0000] {dag.py:3823} INFO - Setting next_dagrun for launch_streamlit_dashboard to None, run_after=None
[2025-07-19T11:06:47.668+0000] {processor.py:183} INFO - Processing /opt/airflow/dags/eda_airflow.py took 0.179 seconds
[2025-07-19T11:07:18.370+0000] {processor.py:161} INFO - Started process (PID=14377) to work on /opt/airflow/dags/eda_airflow.py
[2025-07-19T11:07:18.371+0000] {processor.py:830} INFO - Processing file /opt/airflow/dags/eda_airflow.py for tasks to queue
[2025-07-19T11:07:18.372+0000] {logging_mixin.py:188} INFO - [2025-07-19T11:07:18.372+0000] {dagbag.py:538} INFO - Filling up the DagBag from /opt/airflow/dags/eda_airflow.py
[2025-07-19T11:07:18.409+0000] {processor.py:840} INFO - DAG(s) 'launch_streamlit_dashboard' retrieved from /opt/airflow/dags/eda_airflow.py
[2025-07-19T11:07:18.433+0000] {logging_mixin.py:188} INFO - [2025-07-19T11:07:18.433+0000] {dag.py:3036} INFO - Sync 1 DAGs
[2025-07-19T11:07:18.445+0000] {logging_mixin.py:188} INFO - [2025-07-19T11:07:18.445+0000] {dag.py:3823} INFO - Setting next_dagrun for launch_streamlit_dashboard to None, run_after=None
[2025-07-19T11:07:18.468+0000] {processor.py:183} INFO - Processing /opt/airflow/dags/eda_airflow.py took 0.100 seconds
[2025-07-19T11:07:49.233+0000] {processor.py:161} INFO - Started process (PID=14402) to work on /opt/airflow/dags/eda_airflow.py
[2025-07-19T11:07:49.234+0000] {processor.py:830} INFO - Processing file /opt/airflow/dags/eda_airflow.py for tasks to queue
[2025-07-19T11:07:49.236+0000] {logging_mixin.py:188} INFO - [2025-07-19T11:07:49.235+0000] {dagbag.py:538} INFO - Filling up the DagBag from /opt/airflow/dags/eda_airflow.py
[2025-07-19T11:07:49.636+0000] {processor.py:840} INFO - DAG(s) 'launch_streamlit_dashboard' retrieved from /opt/airflow/dags/eda_airflow.py
[2025-07-19T11:07:49.685+0000] {logging_mixin.py:188} INFO - [2025-07-19T11:07:49.685+0000] {dag.py:3036} INFO - Sync 1 DAGs
[2025-07-19T11:07:49.699+0000] {logging_mixin.py:188} INFO - [2025-07-19T11:07:49.699+0000] {dag.py:3823} INFO - Setting next_dagrun for launch_streamlit_dashboard to None, run_after=None
[2025-07-19T11:07:49.720+0000] {processor.py:183} INFO - Processing /opt/airflow/dags/eda_airflow.py took 0.490 seconds
[2025-07-19T11:08:20.665+0000] {processor.py:161} INFO - Started process (PID=14427) to work on /opt/airflow/dags/eda_airflow.py
[2025-07-19T11:08:20.666+0000] {processor.py:830} INFO - Processing file /opt/airflow/dags/eda_airflow.py for tasks to queue
[2025-07-19T11:08:20.667+0000] {logging_mixin.py:188} INFO - [2025-07-19T11:08:20.667+0000] {dagbag.py:538} INFO - Filling up the DagBag from /opt/airflow/dags/eda_airflow.py
[2025-07-19T11:08:20.838+0000] {processor.py:840} INFO - DAG(s) 'launch_streamlit_dashboard' retrieved from /opt/airflow/dags/eda_airflow.py
[2025-07-19T11:08:20.965+0000] {logging_mixin.py:188} INFO - [2025-07-19T11:08:20.965+0000] {dag.py:3036} INFO - Sync 1 DAGs
[2025-07-19T11:08:20.976+0000] {logging_mixin.py:188} INFO - [2025-07-19T11:08:20.976+0000] {dag.py:3823} INFO - Setting next_dagrun for launch_streamlit_dashboard to None, run_after=None
[2025-07-19T11:08:21.001+0000] {processor.py:183} INFO - Processing /opt/airflow/dags/eda_airflow.py took 0.339 seconds
[2025-07-19T11:08:51.418+0000] {processor.py:161} INFO - Started process (PID=14452) to work on /opt/airflow/dags/eda_airflow.py
[2025-07-19T11:08:51.419+0000] {processor.py:830} INFO - Processing file /opt/airflow/dags/eda_airflow.py for tasks to queue
[2025-07-19T11:08:51.420+0000] {logging_mixin.py:188} INFO - [2025-07-19T11:08:51.420+0000] {dagbag.py:538} INFO - Filling up the DagBag from /opt/airflow/dags/eda_airflow.py
[2025-07-19T11:08:51.482+0000] {processor.py:840} INFO - DAG(s) 'launch_streamlit_dashboard' retrieved from /opt/airflow/dags/eda_airflow.py
[2025-07-19T11:08:51.705+0000] {logging_mixin.py:188} INFO - [2025-07-19T11:08:51.705+0000] {dag.py:3036} INFO - Sync 1 DAGs
[2025-07-19T11:08:51.724+0000] {logging_mixin.py:188} INFO - [2025-07-19T11:08:51.724+0000] {dag.py:3823} INFO - Setting next_dagrun for launch_streamlit_dashboard to None, run_after=None
[2025-07-19T11:08:51.785+0000] {processor.py:183} INFO - Processing /opt/airflow/dags/eda_airflow.py took 0.370 seconds
[2025-07-19T11:09:22.275+0000] {processor.py:161} INFO - Started process (PID=14477) to work on /opt/airflow/dags/eda_airflow.py
[2025-07-19T11:09:22.276+0000] {processor.py:830} INFO - Processing file /opt/airflow/dags/eda_airflow.py for tasks to queue
[2025-07-19T11:09:22.277+0000] {logging_mixin.py:188} INFO - [2025-07-19T11:09:22.277+0000] {dagbag.py:538} INFO - Filling up the DagBag from /opt/airflow/dags/eda_airflow.py
[2025-07-19T11:09:22.393+0000] {processor.py:840} INFO - DAG(s) 'launch_streamlit_dashboard' retrieved from /opt/airflow/dags/eda_airflow.py
[2025-07-19T11:09:22.410+0000] {logging_mixin.py:188} INFO - [2025-07-19T11:09:22.410+0000] {dag.py:3036} INFO - Sync 1 DAGs
[2025-07-19T11:09:22.424+0000] {logging_mixin.py:188} INFO - [2025-07-19T11:09:22.424+0000] {dag.py:3823} INFO - Setting next_dagrun for launch_streamlit_dashboard to None, run_after=None
[2025-07-19T11:09:22.449+0000] {processor.py:183} INFO - Processing /opt/airflow/dags/eda_airflow.py took 0.181 seconds
[2025-07-19T11:09:52.891+0000] {processor.py:161} INFO - Started process (PID=14497) to work on /opt/airflow/dags/eda_airflow.py
[2025-07-19T11:09:52.893+0000] {processor.py:830} INFO - Processing file /opt/airflow/dags/eda_airflow.py for tasks to queue
[2025-07-19T11:09:52.894+0000] {logging_mixin.py:188} INFO - [2025-07-19T11:09:52.894+0000] {dagbag.py:538} INFO - Filling up the DagBag from /opt/airflow/dags/eda_airflow.py
[2025-07-19T11:09:52.939+0000] {processor.py:840} INFO - DAG(s) 'launch_streamlit_dashboard' retrieved from /opt/airflow/dags/eda_airflow.py
[2025-07-19T11:09:53.042+0000] {logging_mixin.py:188} INFO - [2025-07-19T11:09:53.042+0000] {dag.py:3036} INFO - Sync 1 DAGs
[2025-07-19T11:09:53.055+0000] {logging_mixin.py:188} INFO - [2025-07-19T11:09:53.055+0000] {dag.py:3823} INFO - Setting next_dagrun for launch_streamlit_dashboard to None, run_after=None
[2025-07-19T11:09:53.081+0000] {processor.py:183} INFO - Processing /opt/airflow/dags/eda_airflow.py took 0.196 seconds
[2025-07-19T11:10:23.863+0000] {processor.py:161} INFO - Started process (PID=14522) to work on /opt/airflow/dags/eda_airflow.py
[2025-07-19T11:10:23.864+0000] {processor.py:830} INFO - Processing file /opt/airflow/dags/eda_airflow.py for tasks to queue
[2025-07-19T11:10:23.865+0000] {logging_mixin.py:188} INFO - [2025-07-19T11:10:23.864+0000] {dagbag.py:538} INFO - Filling up the DagBag from /opt/airflow/dags/eda_airflow.py
[2025-07-19T11:10:23.876+0000] {processor.py:840} INFO - DAG(s) 'launch_streamlit_dashboard' retrieved from /opt/airflow/dags/eda_airflow.py
[2025-07-19T11:10:23.941+0000] {logging_mixin.py:188} INFO - [2025-07-19T11:10:23.941+0000] {dag.py:3036} INFO - Sync 1 DAGs
[2025-07-19T11:10:23.963+0000] {logging_mixin.py:188} INFO - [2025-07-19T11:10:23.963+0000] {dag.py:3823} INFO - Setting next_dagrun for launch_streamlit_dashboard to None, run_after=None
[2025-07-19T11:10:24.108+0000] {processor.py:183} INFO - Processing /opt/airflow/dags/eda_airflow.py took 0.249 seconds
[2025-07-19T11:10:54.563+0000] {processor.py:161} INFO - Started process (PID=14545) to work on /opt/airflow/dags/eda_airflow.py
[2025-07-19T11:10:54.564+0000] {processor.py:830} INFO - Processing file /opt/airflow/dags/eda_airflow.py for tasks to queue
[2025-07-19T11:10:54.565+0000] {logging_mixin.py:188} INFO - [2025-07-19T11:10:54.564+0000] {dagbag.py:538} INFO - Filling up the DagBag from /opt/airflow/dags/eda_airflow.py
[2025-07-19T11:10:54.599+0000] {processor.py:840} INFO - DAG(s) 'launch_streamlit_dashboard' retrieved from /opt/airflow/dags/eda_airflow.py
[2025-07-19T11:10:54.687+0000] {logging_mixin.py:188} INFO - [2025-07-19T11:10:54.687+0000] {dag.py:3036} INFO - Sync 1 DAGs
[2025-07-19T11:10:54.711+0000] {logging_mixin.py:188} INFO - [2025-07-19T11:10:54.711+0000] {dag.py:3823} INFO - Setting next_dagrun for launch_streamlit_dashboard to None, run_after=None
[2025-07-19T11:10:54.743+0000] {processor.py:183} INFO - Processing /opt/airflow/dags/eda_airflow.py took 0.184 seconds
[2025-07-19T11:11:25.180+0000] {processor.py:161} INFO - Started process (PID=14567) to work on /opt/airflow/dags/eda_airflow.py
[2025-07-19T11:11:25.181+0000] {processor.py:830} INFO - Processing file /opt/airflow/dags/eda_airflow.py for tasks to queue
[2025-07-19T11:11:25.182+0000] {logging_mixin.py:188} INFO - [2025-07-19T11:11:25.182+0000] {dagbag.py:538} INFO - Filling up the DagBag from /opt/airflow/dags/eda_airflow.py
[2025-07-19T11:11:25.309+0000] {processor.py:840} INFO - DAG(s) 'launch_streamlit_dashboard' retrieved from /opt/airflow/dags/eda_airflow.py
[2025-07-19T11:11:25.409+0000] {logging_mixin.py:188} INFO - [2025-07-19T11:11:25.409+0000] {dag.py:3036} INFO - Sync 1 DAGs
[2025-07-19T11:11:25.418+0000] {logging_mixin.py:188} INFO - [2025-07-19T11:11:25.418+0000] {dag.py:3823} INFO - Setting next_dagrun for launch_streamlit_dashboard to None, run_after=None
[2025-07-19T11:11:25.876+0000] {processor.py:183} INFO - Processing /opt/airflow/dags/eda_airflow.py took 0.699 seconds
[2025-07-19T11:11:56.096+0000] {processor.py:161} INFO - Started process (PID=14590) to work on /opt/airflow/dags/eda_airflow.py
[2025-07-19T11:11:56.097+0000] {processor.py:830} INFO - Processing file /opt/airflow/dags/eda_airflow.py for tasks to queue
[2025-07-19T11:11:56.098+0000] {logging_mixin.py:188} INFO - [2025-07-19T11:11:56.097+0000] {dagbag.py:538} INFO - Filling up the DagBag from /opt/airflow/dags/eda_airflow.py
[2025-07-19T11:11:56.695+0000] {processor.py:840} INFO - DAG(s) 'launch_streamlit_dashboard' retrieved from /opt/airflow/dags/eda_airflow.py
[2025-07-19T11:11:56.707+0000] {logging_mixin.py:188} INFO - [2025-07-19T11:11:56.707+0000] {dag.py:3036} INFO - Sync 1 DAGs
[2025-07-19T11:11:56.750+0000] {logging_mixin.py:188} INFO - [2025-07-19T11:11:56.749+0000] {dag.py:3823} INFO - Setting next_dagrun for launch_streamlit_dashboard to None, run_after=None
[2025-07-19T11:11:56.778+0000] {processor.py:183} INFO - Processing /opt/airflow/dags/eda_airflow.py took 0.686 seconds
[2025-07-19T11:12:27.354+0000] {processor.py:161} INFO - Started process (PID=14617) to work on /opt/airflow/dags/eda_airflow.py
[2025-07-19T11:12:27.355+0000] {processor.py:830} INFO - Processing file /opt/airflow/dags/eda_airflow.py for tasks to queue
[2025-07-19T11:12:27.356+0000] {logging_mixin.py:188} INFO - [2025-07-19T11:12:27.356+0000] {dagbag.py:538} INFO - Filling up the DagBag from /opt/airflow/dags/eda_airflow.py
[2025-07-19T11:12:27.519+0000] {processor.py:840} INFO - DAG(s) 'launch_streamlit_dashboard' retrieved from /opt/airflow/dags/eda_airflow.py
[2025-07-19T11:12:27.628+0000] {logging_mixin.py:188} INFO - [2025-07-19T11:12:27.628+0000] {dag.py:3036} INFO - Sync 1 DAGs
[2025-07-19T11:12:27.638+0000] {logging_mixin.py:188} INFO - [2025-07-19T11:12:27.638+0000] {dag.py:3823} INFO - Setting next_dagrun for launch_streamlit_dashboard to None, run_after=None
[2025-07-19T11:12:27.660+0000] {processor.py:183} INFO - Processing /opt/airflow/dags/eda_airflow.py took 0.310 seconds
[2025-07-19T11:12:58.545+0000] {processor.py:161} INFO - Started process (PID=14642) to work on /opt/airflow/dags/eda_airflow.py
[2025-07-19T11:12:58.546+0000] {processor.py:830} INFO - Processing file /opt/airflow/dags/eda_airflow.py for tasks to queue
[2025-07-19T11:12:58.547+0000] {logging_mixin.py:188} INFO - [2025-07-19T11:12:58.547+0000] {dagbag.py:538} INFO - Filling up the DagBag from /opt/airflow/dags/eda_airflow.py
[2025-07-19T11:12:58.575+0000] {processor.py:840} INFO - DAG(s) 'launch_streamlit_dashboard' retrieved from /opt/airflow/dags/eda_airflow.py
[2025-07-19T11:12:58.864+0000] {logging_mixin.py:188} INFO - [2025-07-19T11:12:58.864+0000] {dag.py:3036} INFO - Sync 1 DAGs
[2025-07-19T11:12:58.880+0000] {logging_mixin.py:188} INFO - [2025-07-19T11:12:58.880+0000] {dag.py:3823} INFO - Setting next_dagrun for launch_streamlit_dashboard to None, run_after=None
[2025-07-19T11:12:58.908+0000] {processor.py:183} INFO - Processing /opt/airflow/dags/eda_airflow.py took 0.367 seconds
[2025-07-19T11:13:29.604+0000] {processor.py:161} INFO - Started process (PID=14667) to work on /opt/airflow/dags/eda_airflow.py
[2025-07-19T11:13:29.605+0000] {processor.py:830} INFO - Processing file /opt/airflow/dags/eda_airflow.py for tasks to queue
[2025-07-19T11:13:29.606+0000] {logging_mixin.py:188} INFO - [2025-07-19T11:13:29.606+0000] {dagbag.py:538} INFO - Filling up the DagBag from /opt/airflow/dags/eda_airflow.py
[2025-07-19T11:13:29.635+0000] {processor.py:840} INFO - DAG(s) 'launch_streamlit_dashboard' retrieved from /opt/airflow/dags/eda_airflow.py
[2025-07-19T11:13:29.683+0000] {logging_mixin.py:188} INFO - [2025-07-19T11:13:29.682+0000] {dag.py:3036} INFO - Sync 1 DAGs
[2025-07-19T11:13:29.698+0000] {logging_mixin.py:188} INFO - [2025-07-19T11:13:29.698+0000] {dag.py:3823} INFO - Setting next_dagrun for launch_streamlit_dashboard to None, run_after=None
[2025-07-19T11:13:29.724+0000] {processor.py:183} INFO - Processing /opt/airflow/dags/eda_airflow.py took 0.124 seconds
[2025-07-19T11:14:00.648+0000] {processor.py:161} INFO - Started process (PID=14692) to work on /opt/airflow/dags/eda_airflow.py
[2025-07-19T11:14:00.650+0000] {processor.py:830} INFO - Processing file /opt/airflow/dags/eda_airflow.py for tasks to queue
[2025-07-19T11:14:00.651+0000] {logging_mixin.py:188} INFO - [2025-07-19T11:14:00.651+0000] {dagbag.py:538} INFO - Filling up the DagBag from /opt/airflow/dags/eda_airflow.py
[2025-07-19T11:14:00.692+0000] {processor.py:840} INFO - DAG(s) 'launch_streamlit_dashboard' retrieved from /opt/airflow/dags/eda_airflow.py
[2025-07-19T11:14:00.878+0000] {logging_mixin.py:188} INFO - [2025-07-19T11:14:00.878+0000] {dag.py:3036} INFO - Sync 1 DAGs
[2025-07-19T11:14:00.888+0000] {logging_mixin.py:188} INFO - [2025-07-19T11:14:00.888+0000] {dag.py:3823} INFO - Setting next_dagrun for launch_streamlit_dashboard to None, run_after=None
[2025-07-19T11:14:00.968+0000] {processor.py:183} INFO - Processing /opt/airflow/dags/eda_airflow.py took 0.324 seconds
[2025-07-19T11:14:31.629+0000] {processor.py:161} INFO - Started process (PID=14717) to work on /opt/airflow/dags/eda_airflow.py
[2025-07-19T11:14:31.630+0000] {processor.py:830} INFO - Processing file /opt/airflow/dags/eda_airflow.py for tasks to queue
[2025-07-19T11:14:31.631+0000] {logging_mixin.py:188} INFO - [2025-07-19T11:14:31.631+0000] {dagbag.py:538} INFO - Filling up the DagBag from /opt/airflow/dags/eda_airflow.py
[2025-07-19T11:14:32.174+0000] {processor.py:840} INFO - DAG(s) 'launch_streamlit_dashboard' retrieved from /opt/airflow/dags/eda_airflow.py
[2025-07-19T11:14:32.228+0000] {logging_mixin.py:188} INFO - [2025-07-19T11:14:32.228+0000] {dag.py:3036} INFO - Sync 1 DAGs
[2025-07-19T11:14:32.240+0000] {logging_mixin.py:188} INFO - [2025-07-19T11:14:32.240+0000] {dag.py:3823} INFO - Setting next_dagrun for launch_streamlit_dashboard to None, run_after=None
[2025-07-19T11:14:32.266+0000] {processor.py:183} INFO - Processing /opt/airflow/dags/eda_airflow.py took 0.640 seconds
[2025-07-19T11:15:02.568+0000] {processor.py:161} INFO - Started process (PID=14742) to work on /opt/airflow/dags/eda_airflow.py
[2025-07-19T11:15:02.569+0000] {processor.py:830} INFO - Processing file /opt/airflow/dags/eda_airflow.py for tasks to queue
[2025-07-19T11:15:02.570+0000] {logging_mixin.py:188} INFO - [2025-07-19T11:15:02.570+0000] {dagbag.py:538} INFO - Filling up the DagBag from /opt/airflow/dags/eda_airflow.py
[2025-07-19T11:15:02.582+0000] {processor.py:840} INFO - DAG(s) 'launch_streamlit_dashboard' retrieved from /opt/airflow/dags/eda_airflow.py
[2025-07-19T11:15:02.595+0000] {logging_mixin.py:188} INFO - [2025-07-19T11:15:02.595+0000] {dag.py:3036} INFO - Sync 1 DAGs
[2025-07-19T11:15:02.608+0000] {logging_mixin.py:188} INFO - [2025-07-19T11:15:02.608+0000] {dag.py:3823} INFO - Setting next_dagrun for launch_streamlit_dashboard to None, run_after=None
[2025-07-19T11:15:02.658+0000] {processor.py:183} INFO - Processing /opt/airflow/dags/eda_airflow.py took 0.094 seconds
[2025-07-19T11:15:33.331+0000] {processor.py:161} INFO - Started process (PID=14767) to work on /opt/airflow/dags/eda_airflow.py
[2025-07-19T11:15:33.332+0000] {processor.py:830} INFO - Processing file /opt/airflow/dags/eda_airflow.py for tasks to queue
[2025-07-19T11:15:33.333+0000] {logging_mixin.py:188} INFO - [2025-07-19T11:15:33.333+0000] {dagbag.py:538} INFO - Filling up the DagBag from /opt/airflow/dags/eda_airflow.py
[2025-07-19T11:15:33.396+0000] {processor.py:840} INFO - DAG(s) 'launch_streamlit_dashboard' retrieved from /opt/airflow/dags/eda_airflow.py
[2025-07-19T11:15:33.552+0000] {logging_mixin.py:188} INFO - [2025-07-19T11:15:33.552+0000] {dag.py:3036} INFO - Sync 1 DAGs
[2025-07-19T11:15:33.562+0000] {logging_mixin.py:188} INFO - [2025-07-19T11:15:33.562+0000] {dag.py:3823} INFO - Setting next_dagrun for launch_streamlit_dashboard to None, run_after=None
[2025-07-19T11:15:33.692+0000] {processor.py:183} INFO - Processing /opt/airflow/dags/eda_airflow.py took 0.364 seconds
[2025-07-19T11:16:04.663+0000] {processor.py:161} INFO - Started process (PID=14792) to work on /opt/airflow/dags/eda_airflow.py
[2025-07-19T11:16:04.664+0000] {processor.py:830} INFO - Processing file /opt/airflow/dags/eda_airflow.py for tasks to queue
[2025-07-19T11:16:04.665+0000] {logging_mixin.py:188} INFO - [2025-07-19T11:16:04.665+0000] {dagbag.py:538} INFO - Filling up the DagBag from /opt/airflow/dags/eda_airflow.py
[2025-07-19T11:16:04.677+0000] {processor.py:840} INFO - DAG(s) 'launch_streamlit_dashboard' retrieved from /opt/airflow/dags/eda_airflow.py
[2025-07-19T11:16:04.703+0000] {logging_mixin.py:188} INFO - [2025-07-19T11:16:04.703+0000] {dag.py:3036} INFO - Sync 1 DAGs
[2025-07-19T11:16:04.715+0000] {logging_mixin.py:188} INFO - [2025-07-19T11:16:04.715+0000] {dag.py:3823} INFO - Setting next_dagrun for launch_streamlit_dashboard to None, run_after=None
[2025-07-19T11:16:04.737+0000] {processor.py:183} INFO - Processing /opt/airflow/dags/eda_airflow.py took 0.077 seconds
[2025-07-19T11:16:35.466+0000] {processor.py:161} INFO - Started process (PID=14817) to work on /opt/airflow/dags/eda_airflow.py
[2025-07-19T11:16:35.467+0000] {processor.py:830} INFO - Processing file /opt/airflow/dags/eda_airflow.py for tasks to queue
[2025-07-19T11:16:35.468+0000] {logging_mixin.py:188} INFO - [2025-07-19T11:16:35.468+0000] {dagbag.py:538} INFO - Filling up the DagBag from /opt/airflow/dags/eda_airflow.py
[2025-07-19T11:16:35.479+0000] {processor.py:840} INFO - DAG(s) 'launch_streamlit_dashboard' retrieved from /opt/airflow/dags/eda_airflow.py
[2025-07-19T11:16:35.490+0000] {logging_mixin.py:188} INFO - [2025-07-19T11:16:35.489+0000] {dag.py:3036} INFO - Sync 1 DAGs
[2025-07-19T11:16:35.502+0000] {logging_mixin.py:188} INFO - [2025-07-19T11:16:35.501+0000] {dag.py:3823} INFO - Setting next_dagrun for launch_streamlit_dashboard to None, run_after=None
[2025-07-19T11:16:35.523+0000] {processor.py:183} INFO - Processing /opt/airflow/dags/eda_airflow.py took 0.061 seconds
[2025-07-19T11:17:06.395+0000] {processor.py:161} INFO - Started process (PID=14842) to work on /opt/airflow/dags/eda_airflow.py
[2025-07-19T11:17:06.395+0000] {processor.py:830} INFO - Processing file /opt/airflow/dags/eda_airflow.py for tasks to queue
[2025-07-19T11:17:06.396+0000] {logging_mixin.py:188} INFO - [2025-07-19T11:17:06.396+0000] {dagbag.py:538} INFO - Filling up the DagBag from /opt/airflow/dags/eda_airflow.py
[2025-07-19T11:17:06.407+0000] {processor.py:840} INFO - DAG(s) 'launch_streamlit_dashboard' retrieved from /opt/airflow/dags/eda_airflow.py
[2025-07-19T11:17:06.509+0000] {logging_mixin.py:188} INFO - [2025-07-19T11:17:06.509+0000] {dag.py:3036} INFO - Sync 1 DAGs
[2025-07-19T11:17:06.518+0000] {logging_mixin.py:188} INFO - [2025-07-19T11:17:06.518+0000] {dag.py:3823} INFO - Setting next_dagrun for launch_streamlit_dashboard to None, run_after=None
[2025-07-19T11:17:06.540+0000] {processor.py:183} INFO - Processing /opt/airflow/dags/eda_airflow.py took 0.148 seconds
[2025-07-19T11:17:37.044+0000] {processor.py:161} INFO - Started process (PID=14867) to work on /opt/airflow/dags/eda_airflow.py
[2025-07-19T11:17:37.045+0000] {processor.py:830} INFO - Processing file /opt/airflow/dags/eda_airflow.py for tasks to queue
[2025-07-19T11:17:37.045+0000] {logging_mixin.py:188} INFO - [2025-07-19T11:17:37.045+0000] {dagbag.py:538} INFO - Filling up the DagBag from /opt/airflow/dags/eda_airflow.py
[2025-07-19T11:17:37.055+0000] {processor.py:840} INFO - DAG(s) 'launch_streamlit_dashboard' retrieved from /opt/airflow/dags/eda_airflow.py
[2025-07-19T11:17:37.104+0000] {logging_mixin.py:188} INFO - [2025-07-19T11:17:37.103+0000] {dag.py:3036} INFO - Sync 1 DAGs
[2025-07-19T11:17:37.115+0000] {logging_mixin.py:188} INFO - [2025-07-19T11:17:37.114+0000] {dag.py:3823} INFO - Setting next_dagrun for launch_streamlit_dashboard to None, run_after=None
[2025-07-19T11:17:37.135+0000] {processor.py:183} INFO - Processing /opt/airflow/dags/eda_airflow.py took 0.094 seconds
[2025-07-19T11:18:07.448+0000] {processor.py:161} INFO - Started process (PID=14892) to work on /opt/airflow/dags/eda_airflow.py
[2025-07-19T11:18:07.449+0000] {processor.py:830} INFO - Processing file /opt/airflow/dags/eda_airflow.py for tasks to queue
[2025-07-19T11:18:07.450+0000] {logging_mixin.py:188} INFO - [2025-07-19T11:18:07.450+0000] {dagbag.py:538} INFO - Filling up the DagBag from /opt/airflow/dags/eda_airflow.py
[2025-07-19T11:18:07.474+0000] {processor.py:840} INFO - DAG(s) 'launch_streamlit_dashboard' retrieved from /opt/airflow/dags/eda_airflow.py
[2025-07-19T11:18:07.486+0000] {logging_mixin.py:188} INFO - [2025-07-19T11:18:07.486+0000] {dag.py:3036} INFO - Sync 1 DAGs
[2025-07-19T11:18:07.498+0000] {logging_mixin.py:188} INFO - [2025-07-19T11:18:07.498+0000] {dag.py:3823} INFO - Setting next_dagrun for launch_streamlit_dashboard to None, run_after=None
[2025-07-19T11:18:07.516+0000] {processor.py:183} INFO - Processing /opt/airflow/dags/eda_airflow.py took 0.071 seconds
[2025-07-19T11:18:38.183+0000] {processor.py:161} INFO - Started process (PID=14917) to work on /opt/airflow/dags/eda_airflow.py
[2025-07-19T11:18:38.184+0000] {processor.py:830} INFO - Processing file /opt/airflow/dags/eda_airflow.py for tasks to queue
[2025-07-19T11:18:38.185+0000] {logging_mixin.py:188} INFO - [2025-07-19T11:18:38.184+0000] {dagbag.py:538} INFO - Filling up the DagBag from /opt/airflow/dags/eda_airflow.py
[2025-07-19T11:18:38.212+0000] {processor.py:840} INFO - DAG(s) 'launch_streamlit_dashboard' retrieved from /opt/airflow/dags/eda_airflow.py
[2025-07-19T11:18:38.331+0000] {logging_mixin.py:188} INFO - [2025-07-19T11:18:38.331+0000] {dag.py:3036} INFO - Sync 1 DAGs
[2025-07-19T11:18:38.340+0000] {logging_mixin.py:188} INFO - [2025-07-19T11:18:38.340+0000] {dag.py:3823} INFO - Setting next_dagrun for launch_streamlit_dashboard to None, run_after=None
[2025-07-19T11:18:38.359+0000] {processor.py:183} INFO - Processing /opt/airflow/dags/eda_airflow.py took 0.180 seconds
[2025-07-19T11:19:08.690+0000] {processor.py:161} INFO - Started process (PID=14942) to work on /opt/airflow/dags/eda_airflow.py
[2025-07-19T11:19:08.691+0000] {processor.py:830} INFO - Processing file /opt/airflow/dags/eda_airflow.py for tasks to queue
[2025-07-19T11:19:08.692+0000] {logging_mixin.py:188} INFO - [2025-07-19T11:19:08.692+0000] {dagbag.py:538} INFO - Filling up the DagBag from /opt/airflow/dags/eda_airflow.py
[2025-07-19T11:19:08.726+0000] {processor.py:840} INFO - DAG(s) 'launch_streamlit_dashboard' retrieved from /opt/airflow/dags/eda_airflow.py
[2025-07-19T11:19:08.750+0000] {logging_mixin.py:188} INFO - [2025-07-19T11:19:08.750+0000] {dag.py:3036} INFO - Sync 1 DAGs
[2025-07-19T11:19:08.761+0000] {logging_mixin.py:188} INFO - [2025-07-19T11:19:08.760+0000] {dag.py:3823} INFO - Setting next_dagrun for launch_streamlit_dashboard to None, run_after=None
[2025-07-19T11:19:08.782+0000] {processor.py:183} INFO - Processing /opt/airflow/dags/eda_airflow.py took 0.095 seconds
[2025-07-19T11:19:39.448+0000] {processor.py:161} INFO - Started process (PID=14967) to work on /opt/airflow/dags/eda_airflow.py
[2025-07-19T11:19:39.449+0000] {processor.py:830} INFO - Processing file /opt/airflow/dags/eda_airflow.py for tasks to queue
[2025-07-19T11:19:39.450+0000] {logging_mixin.py:188} INFO - [2025-07-19T11:19:39.449+0000] {dagbag.py:538} INFO - Filling up the DagBag from /opt/airflow/dags/eda_airflow.py
[2025-07-19T11:19:39.460+0000] {processor.py:840} INFO - DAG(s) 'launch_streamlit_dashboard' retrieved from /opt/airflow/dags/eda_airflow.py
[2025-07-19T11:19:39.471+0000] {logging_mixin.py:188} INFO - [2025-07-19T11:19:39.471+0000] {dag.py:3036} INFO - Sync 1 DAGs
[2025-07-19T11:19:39.483+0000] {logging_mixin.py:188} INFO - [2025-07-19T11:19:39.482+0000] {dag.py:3823} INFO - Setting next_dagrun for launch_streamlit_dashboard to None, run_after=None
[2025-07-19T11:19:39.503+0000] {processor.py:183} INFO - Processing /opt/airflow/dags/eda_airflow.py took 0.057 seconds
[2025-07-19T11:20:09.823+0000] {processor.py:161} INFO - Started process (PID=14992) to work on /opt/airflow/dags/eda_airflow.py
[2025-07-19T11:20:09.824+0000] {processor.py:830} INFO - Processing file /opt/airflow/dags/eda_airflow.py for tasks to queue
[2025-07-19T11:20:09.825+0000] {logging_mixin.py:188} INFO - [2025-07-19T11:20:09.825+0000] {dagbag.py:538} INFO - Filling up the DagBag from /opt/airflow/dags/eda_airflow.py
[2025-07-19T11:20:09.835+0000] {processor.py:840} INFO - DAG(s) 'launch_streamlit_dashboard' retrieved from /opt/airflow/dags/eda_airflow.py
[2025-07-19T11:21:30.360+0000] {processor.py:161} INFO - Started process (PID=15045) to work on /opt/airflow/dags/eda_airflow.py
[2025-07-19T11:21:30.361+0000] {processor.py:830} INFO - Processing file /opt/airflow/dags/eda_airflow.py for tasks to queue
[2025-07-19T11:21:30.362+0000] {logging_mixin.py:188} INFO - [2025-07-19T11:21:30.362+0000] {dagbag.py:538} INFO - Filling up the DagBag from /opt/airflow/dags/eda_airflow.py
[2025-07-19T11:21:30.372+0000] {processor.py:840} INFO - DAG(s) 'launch_streamlit_dashboard' retrieved from /opt/airflow/dags/eda_airflow.py
[2025-07-19T11:21:30.465+0000] {logging_mixin.py:188} INFO - [2025-07-19T11:21:30.465+0000] {dag.py:3036} INFO - Sync 1 DAGs
[2025-07-19T11:21:30.474+0000] {logging_mixin.py:188} INFO - [2025-07-19T11:21:30.474+0000] {dag.py:3823} INFO - Setting next_dagrun for launch_streamlit_dashboard to None, run_after=None
[2025-07-19T11:21:30.494+0000] {processor.py:183} INFO - Processing /opt/airflow/dags/eda_airflow.py took 0.137 seconds
[2025-07-19T11:22:01.000+0000] {processor.py:161} INFO - Started process (PID=15070) to work on /opt/airflow/dags/eda_airflow.py
[2025-07-19T11:22:01.001+0000] {processor.py:830} INFO - Processing file /opt/airflow/dags/eda_airflow.py for tasks to queue
[2025-07-19T11:22:01.002+0000] {logging_mixin.py:188} INFO - [2025-07-19T11:22:01.002+0000] {dagbag.py:538} INFO - Filling up the DagBag from /opt/airflow/dags/eda_airflow.py
[2025-07-19T11:22:01.013+0000] {processor.py:840} INFO - DAG(s) 'launch_streamlit_dashboard' retrieved from /opt/airflow/dags/eda_airflow.py
[2025-07-19T11:22:01.035+0000] {logging_mixin.py:188} INFO - [2025-07-19T11:22:01.035+0000] {dag.py:3036} INFO - Sync 1 DAGs
[2025-07-19T11:22:01.046+0000] {logging_mixin.py:188} INFO - [2025-07-19T11:22:01.046+0000] {dag.py:3823} INFO - Setting next_dagrun for launch_streamlit_dashboard to None, run_after=None
[2025-07-19T11:22:01.068+0000] {processor.py:183} INFO - Processing /opt/airflow/dags/eda_airflow.py took 0.071 seconds
[2025-07-19T11:22:31.529+0000] {processor.py:161} INFO - Started process (PID=15095) to work on /opt/airflow/dags/eda_airflow.py
[2025-07-19T11:22:31.530+0000] {processor.py:830} INFO - Processing file /opt/airflow/dags/eda_airflow.py for tasks to queue
[2025-07-19T11:22:31.531+0000] {logging_mixin.py:188} INFO - [2025-07-19T11:22:31.531+0000] {dagbag.py:538} INFO - Filling up the DagBag from /opt/airflow/dags/eda_airflow.py
[2025-07-19T11:22:31.541+0000] {processor.py:840} INFO - DAG(s) 'launch_streamlit_dashboard' retrieved from /opt/airflow/dags/eda_airflow.py
[2025-07-19T11:22:31.552+0000] {logging_mixin.py:188} INFO - [2025-07-19T11:22:31.551+0000] {dag.py:3036} INFO - Sync 1 DAGs
[2025-07-19T11:22:31.563+0000] {logging_mixin.py:188} INFO - [2025-07-19T11:22:31.563+0000] {dag.py:3823} INFO - Setting next_dagrun for launch_streamlit_dashboard to None, run_after=None
[2025-07-19T11:22:31.583+0000] {processor.py:183} INFO - Processing /opt/airflow/dags/eda_airflow.py took 0.057 seconds
[2025-07-19T11:23:02.021+0000] {processor.py:161} INFO - Started process (PID=15120) to work on /opt/airflow/dags/eda_airflow.py
[2025-07-19T11:23:02.022+0000] {processor.py:830} INFO - Processing file /opt/airflow/dags/eda_airflow.py for tasks to queue
[2025-07-19T11:23:02.023+0000] {logging_mixin.py:188} INFO - [2025-07-19T11:23:02.023+0000] {dagbag.py:538} INFO - Filling up the DagBag from /opt/airflow/dags/eda_airflow.py
[2025-07-19T11:23:02.056+0000] {processor.py:840} INFO - DAG(s) 'launch_streamlit_dashboard' retrieved from /opt/airflow/dags/eda_airflow.py
[2025-07-19T11:23:02.242+0000] {logging_mixin.py:188} INFO - [2025-07-19T11:23:02.242+0000] {dag.py:3036} INFO - Sync 1 DAGs
[2025-07-19T11:23:02.251+0000] {logging_mixin.py:188} INFO - [2025-07-19T11:23:02.250+0000] {dag.py:3823} INFO - Setting next_dagrun for launch_streamlit_dashboard to None, run_after=None
[2025-07-19T11:23:02.269+0000] {processor.py:183} INFO - Processing /opt/airflow/dags/eda_airflow.py took 0.250 seconds
[2025-07-19T11:23:32.652+0000] {processor.py:161} INFO - Started process (PID=15145) to work on /opt/airflow/dags/eda_airflow.py
[2025-07-19T11:23:32.653+0000] {processor.py:830} INFO - Processing file /opt/airflow/dags/eda_airflow.py for tasks to queue
[2025-07-19T11:23:32.654+0000] {logging_mixin.py:188} INFO - [2025-07-19T11:23:32.654+0000] {dagbag.py:538} INFO - Filling up the DagBag from /opt/airflow/dags/eda_airflow.py
[2025-07-19T11:23:32.683+0000] {processor.py:840} INFO - DAG(s) 'launch_streamlit_dashboard' retrieved from /opt/airflow/dags/eda_airflow.py
[2025-07-19T11:23:32.707+0000] {logging_mixin.py:188} INFO - [2025-07-19T11:23:32.706+0000] {dag.py:3036} INFO - Sync 1 DAGs
[2025-07-19T11:23:32.717+0000] {logging_mixin.py:188} INFO - [2025-07-19T11:23:32.717+0000] {dag.py:3823} INFO - Setting next_dagrun for launch_streamlit_dashboard to None, run_after=None
[2025-07-19T11:23:32.737+0000] {processor.py:183} INFO - Processing /opt/airflow/dags/eda_airflow.py took 0.087 seconds
[2025-07-19T11:24:03.148+0000] {processor.py:161} INFO - Started process (PID=15170) to work on /opt/airflow/dags/eda_airflow.py
[2025-07-19T11:24:03.149+0000] {processor.py:830} INFO - Processing file /opt/airflow/dags/eda_airflow.py for tasks to queue
[2025-07-19T11:24:03.150+0000] {logging_mixin.py:188} INFO - [2025-07-19T11:24:03.150+0000] {dagbag.py:538} INFO - Filling up the DagBag from /opt/airflow/dags/eda_airflow.py
[2025-07-19T11:24:03.161+0000] {processor.py:840} INFO - DAG(s) 'launch_streamlit_dashboard' retrieved from /opt/airflow/dags/eda_airflow.py
[2025-07-19T11:24:03.171+0000] {logging_mixin.py:188} INFO - [2025-07-19T11:24:03.171+0000] {dag.py:3036} INFO - Sync 1 DAGs
[2025-07-19T11:24:03.183+0000] {logging_mixin.py:188} INFO - [2025-07-19T11:24:03.183+0000] {dag.py:3823} INFO - Setting next_dagrun for launch_streamlit_dashboard to None, run_after=None
[2025-07-19T11:24:03.203+0000] {processor.py:183} INFO - Processing /opt/airflow/dags/eda_airflow.py took 0.058 seconds
[2025-07-19T11:24:33.816+0000] {processor.py:161} INFO - Started process (PID=15195) to work on /opt/airflow/dags/eda_airflow.py
[2025-07-19T11:24:33.817+0000] {processor.py:830} INFO - Processing file /opt/airflow/dags/eda_airflow.py for tasks to queue
[2025-07-19T11:24:33.818+0000] {logging_mixin.py:188} INFO - [2025-07-19T11:24:33.818+0000] {dagbag.py:538} INFO - Filling up the DagBag from /opt/airflow/dags/eda_airflow.py
[2025-07-19T11:24:33.828+0000] {processor.py:840} INFO - DAG(s) 'launch_streamlit_dashboard' retrieved from /opt/airflow/dags/eda_airflow.py
[2025-07-19T11:24:33.921+0000] {logging_mixin.py:188} INFO - [2025-07-19T11:24:33.920+0000] {dag.py:3036} INFO - Sync 1 DAGs
[2025-07-19T11:24:33.929+0000] {logging_mixin.py:188} INFO - [2025-07-19T11:24:33.929+0000] {dag.py:3823} INFO - Setting next_dagrun for launch_streamlit_dashboard to None, run_after=None
[2025-07-19T11:24:33.991+0000] {processor.py:183} INFO - Processing /opt/airflow/dags/eda_airflow.py took 0.178 seconds
[2025-07-19T11:25:04.389+0000] {processor.py:161} INFO - Started process (PID=15220) to work on /opt/airflow/dags/eda_airflow.py
[2025-07-19T11:25:04.390+0000] {processor.py:830} INFO - Processing file /opt/airflow/dags/eda_airflow.py for tasks to queue
[2025-07-19T11:25:04.391+0000] {logging_mixin.py:188} INFO - [2025-07-19T11:25:04.391+0000] {dagbag.py:538} INFO - Filling up the DagBag from /opt/airflow/dags/eda_airflow.py
[2025-07-19T11:25:04.403+0000] {processor.py:840} INFO - DAG(s) 'launch_streamlit_dashboard' retrieved from /opt/airflow/dags/eda_airflow.py
[2025-07-19T11:25:04.428+0000] {logging_mixin.py:188} INFO - [2025-07-19T11:25:04.428+0000] {dag.py:3036} INFO - Sync 1 DAGs
[2025-07-19T11:25:04.439+0000] {logging_mixin.py:188} INFO - [2025-07-19T11:25:04.439+0000] {dag.py:3823} INFO - Setting next_dagrun for launch_streamlit_dashboard to None, run_after=None
[2025-07-19T11:25:04.461+0000] {processor.py:183} INFO - Processing /opt/airflow/dags/eda_airflow.py took 0.075 seconds
[2025-07-19T11:25:34.647+0000] {processor.py:161} INFO - Started process (PID=15245) to work on /opt/airflow/dags/eda_airflow.py
[2025-07-19T11:25:34.648+0000] {processor.py:830} INFO - Processing file /opt/airflow/dags/eda_airflow.py for tasks to queue
[2025-07-19T11:25:34.649+0000] {logging_mixin.py:188} INFO - [2025-07-19T11:25:34.648+0000] {dagbag.py:538} INFO - Filling up the DagBag from /opt/airflow/dags/eda_airflow.py
[2025-07-19T11:25:34.659+0000] {processor.py:840} INFO - DAG(s) 'launch_streamlit_dashboard' retrieved from /opt/airflow/dags/eda_airflow.py
[2025-07-19T11:25:34.669+0000] {logging_mixin.py:188} INFO - [2025-07-19T11:25:34.669+0000] {dag.py:3036} INFO - Sync 1 DAGs
[2025-07-19T11:25:34.682+0000] {logging_mixin.py:188} INFO - [2025-07-19T11:25:34.681+0000] {dag.py:3823} INFO - Setting next_dagrun for launch_streamlit_dashboard to None, run_after=None
[2025-07-19T11:25:34.707+0000] {processor.py:183} INFO - Processing /opt/airflow/dags/eda_airflow.py took 0.063 seconds
[2025-07-19T11:26:05.050+0000] {processor.py:161} INFO - Started process (PID=15270) to work on /opt/airflow/dags/eda_airflow.py
[2025-07-19T11:26:05.051+0000] {processor.py:830} INFO - Processing file /opt/airflow/dags/eda_airflow.py for tasks to queue
[2025-07-19T11:26:05.052+0000] {logging_mixin.py:188} INFO - [2025-07-19T11:26:05.052+0000] {dagbag.py:538} INFO - Filling up the DagBag from /opt/airflow/dags/eda_airflow.py
[2025-07-19T11:26:05.065+0000] {processor.py:840} INFO - DAG(s) 'launch_streamlit_dashboard' retrieved from /opt/airflow/dags/eda_airflow.py
[2025-07-19T11:26:05.176+0000] {logging_mixin.py:188} INFO - [2025-07-19T11:26:05.176+0000] {dag.py:3036} INFO - Sync 1 DAGs
[2025-07-19T11:26:05.186+0000] {logging_mixin.py:188} INFO - [2025-07-19T11:26:05.186+0000] {dag.py:3823} INFO - Setting next_dagrun for launch_streamlit_dashboard to None, run_after=None
[2025-07-19T11:26:05.207+0000] {processor.py:183} INFO - Processing /opt/airflow/dags/eda_airflow.py took 0.161 seconds
[2025-07-19T11:26:35.403+0000] {processor.py:161} INFO - Started process (PID=15295) to work on /opt/airflow/dags/eda_airflow.py
[2025-07-19T11:26:35.404+0000] {processor.py:830} INFO - Processing file /opt/airflow/dags/eda_airflow.py for tasks to queue
[2025-07-19T11:26:35.405+0000] {logging_mixin.py:188} INFO - [2025-07-19T11:26:35.404+0000] {dagbag.py:538} INFO - Filling up the DagBag from /opt/airflow/dags/eda_airflow.py
[2025-07-19T11:26:35.415+0000] {processor.py:840} INFO - DAG(s) 'launch_streamlit_dashboard' retrieved from /opt/airflow/dags/eda_airflow.py
[2025-07-19T11:26:35.438+0000] {logging_mixin.py:188} INFO - [2025-07-19T11:26:35.438+0000] {dag.py:3036} INFO - Sync 1 DAGs
[2025-07-19T11:26:35.449+0000] {logging_mixin.py:188} INFO - [2025-07-19T11:26:35.449+0000] {dag.py:3823} INFO - Setting next_dagrun for launch_streamlit_dashboard to None, run_after=None
[2025-07-19T11:26:35.470+0000] {processor.py:183} INFO - Processing /opt/airflow/dags/eda_airflow.py took 0.071 seconds
[2025-07-19T11:27:05.917+0000] {processor.py:161} INFO - Started process (PID=15320) to work on /opt/airflow/dags/eda_airflow.py
[2025-07-19T11:27:05.918+0000] {processor.py:830} INFO - Processing file /opt/airflow/dags/eda_airflow.py for tasks to queue
[2025-07-19T11:27:05.919+0000] {logging_mixin.py:188} INFO - [2025-07-19T11:27:05.919+0000] {dagbag.py:538} INFO - Filling up the DagBag from /opt/airflow/dags/eda_airflow.py
[2025-07-19T11:27:05.929+0000] {processor.py:840} INFO - DAG(s) 'launch_streamlit_dashboard' retrieved from /opt/airflow/dags/eda_airflow.py
[2025-07-19T11:27:05.939+0000] {logging_mixin.py:188} INFO - [2025-07-19T11:27:05.939+0000] {dag.py:3036} INFO - Sync 1 DAGs
[2025-07-19T11:27:05.951+0000] {logging_mixin.py:188} INFO - [2025-07-19T11:27:05.951+0000] {dag.py:3823} INFO - Setting next_dagrun for launch_streamlit_dashboard to None, run_after=None
[2025-07-19T11:27:05.973+0000] {processor.py:183} INFO - Processing /opt/airflow/dags/eda_airflow.py took 0.059 seconds
[2025-07-19T11:27:36.343+0000] {processor.py:161} INFO - Started process (PID=15345) to work on /opt/airflow/dags/eda_airflow.py
[2025-07-19T11:27:36.344+0000] {processor.py:830} INFO - Processing file /opt/airflow/dags/eda_airflow.py for tasks to queue
[2025-07-19T11:27:36.345+0000] {logging_mixin.py:188} INFO - [2025-07-19T11:27:36.344+0000] {dagbag.py:538} INFO - Filling up the DagBag from /opt/airflow/dags/eda_airflow.py
[2025-07-19T11:27:36.356+0000] {processor.py:840} INFO - DAG(s) 'launch_streamlit_dashboard' retrieved from /opt/airflow/dags/eda_airflow.py
[2025-07-19T11:27:36.447+0000] {logging_mixin.py:188} INFO - [2025-07-19T11:27:36.447+0000] {dag.py:3036} INFO - Sync 1 DAGs
[2025-07-19T11:27:36.456+0000] {logging_mixin.py:188} INFO - [2025-07-19T11:27:36.456+0000] {dag.py:3823} INFO - Setting next_dagrun for launch_streamlit_dashboard to None, run_after=None
[2025-07-19T11:27:36.478+0000] {processor.py:183} INFO - Processing /opt/airflow/dags/eda_airflow.py took 0.138 seconds
[2025-07-19T11:28:06.874+0000] {processor.py:161} INFO - Started process (PID=15370) to work on /opt/airflow/dags/eda_airflow.py
[2025-07-19T11:28:06.875+0000] {processor.py:830} INFO - Processing file /opt/airflow/dags/eda_airflow.py for tasks to queue
[2025-07-19T11:28:06.876+0000] {logging_mixin.py:188} INFO - [2025-07-19T11:28:06.876+0000] {dagbag.py:538} INFO - Filling up the DagBag from /opt/airflow/dags/eda_airflow.py
[2025-07-19T11:28:06.887+0000] {processor.py:840} INFO - DAG(s) 'launch_streamlit_dashboard' retrieved from /opt/airflow/dags/eda_airflow.py
[2025-07-19T11:28:06.911+0000] {logging_mixin.py:188} INFO - [2025-07-19T11:28:06.911+0000] {dag.py:3036} INFO - Sync 1 DAGs
[2025-07-19T11:28:06.922+0000] {logging_mixin.py:188} INFO - [2025-07-19T11:28:06.922+0000] {dag.py:3823} INFO - Setting next_dagrun for launch_streamlit_dashboard to None, run_after=None
[2025-07-19T11:28:06.942+0000] {processor.py:183} INFO - Processing /opt/airflow/dags/eda_airflow.py took 0.071 seconds
[2025-07-19T11:28:37.393+0000] {processor.py:161} INFO - Started process (PID=15395) to work on /opt/airflow/dags/eda_airflow.py
[2025-07-19T11:28:37.394+0000] {processor.py:830} INFO - Processing file /opt/airflow/dags/eda_airflow.py for tasks to queue
[2025-07-19T11:28:37.395+0000] {logging_mixin.py:188} INFO - [2025-07-19T11:28:37.394+0000] {dagbag.py:538} INFO - Filling up the DagBag from /opt/airflow/dags/eda_airflow.py
[2025-07-19T11:28:37.405+0000] {processor.py:840} INFO - DAG(s) 'launch_streamlit_dashboard' retrieved from /opt/airflow/dags/eda_airflow.py
[2025-07-19T11:28:37.415+0000] {logging_mixin.py:188} INFO - [2025-07-19T11:28:37.415+0000] {dag.py:3036} INFO - Sync 1 DAGs
[2025-07-19T11:28:37.427+0000] {logging_mixin.py:188} INFO - [2025-07-19T11:28:37.427+0000] {dag.py:3823} INFO - Setting next_dagrun for launch_streamlit_dashboard to None, run_after=None
[2025-07-19T11:28:37.447+0000] {processor.py:183} INFO - Processing /opt/airflow/dags/eda_airflow.py took 0.058 seconds
[2025-07-19T11:29:07.917+0000] {processor.py:161} INFO - Started process (PID=15420) to work on /opt/airflow/dags/eda_airflow.py
[2025-07-19T11:29:07.918+0000] {processor.py:830} INFO - Processing file /opt/airflow/dags/eda_airflow.py for tasks to queue
[2025-07-19T11:29:07.919+0000] {logging_mixin.py:188} INFO - [2025-07-19T11:29:07.919+0000] {dagbag.py:538} INFO - Filling up the DagBag from /opt/airflow/dags/eda_airflow.py
[2025-07-19T11:29:07.930+0000] {processor.py:840} INFO - DAG(s) 'launch_streamlit_dashboard' retrieved from /opt/airflow/dags/eda_airflow.py
[2025-07-19T11:29:08.030+0000] {logging_mixin.py:188} INFO - [2025-07-19T11:29:08.030+0000] {dag.py:3036} INFO - Sync 1 DAGs
[2025-07-19T11:29:08.045+0000] {logging_mixin.py:188} INFO - [2025-07-19T11:29:08.045+0000] {dag.py:3823} INFO - Setting next_dagrun for launch_streamlit_dashboard to None, run_after=None
[2025-07-19T11:29:08.107+0000] {processor.py:183} INFO - Processing /opt/airflow/dags/eda_airflow.py took 0.192 seconds
[2025-07-19T11:29:38.363+0000] {processor.py:161} INFO - Started process (PID=15445) to work on /opt/airflow/dags/eda_airflow.py
[2025-07-19T11:29:38.364+0000] {processor.py:830} INFO - Processing file /opt/airflow/dags/eda_airflow.py for tasks to queue
[2025-07-19T11:29:38.365+0000] {logging_mixin.py:188} INFO - [2025-07-19T11:29:38.365+0000] {dagbag.py:538} INFO - Filling up the DagBag from /opt/airflow/dags/eda_airflow.py
[2025-07-19T11:29:38.376+0000] {processor.py:840} INFO - DAG(s) 'launch_streamlit_dashboard' retrieved from /opt/airflow/dags/eda_airflow.py
[2025-07-19T11:29:38.401+0000] {logging_mixin.py:188} INFO - [2025-07-19T11:29:38.401+0000] {dag.py:3036} INFO - Sync 1 DAGs
[2025-07-19T11:29:38.413+0000] {logging_mixin.py:188} INFO - [2025-07-19T11:29:38.413+0000] {dag.py:3823} INFO - Setting next_dagrun for launch_streamlit_dashboard to None, run_after=None
[2025-07-19T11:29:38.433+0000] {processor.py:183} INFO - Processing /opt/airflow/dags/eda_airflow.py took 0.073 seconds
[2025-07-19T11:30:08.839+0000] {processor.py:161} INFO - Started process (PID=15470) to work on /opt/airflow/dags/eda_airflow.py
[2025-07-19T11:30:08.840+0000] {processor.py:830} INFO - Processing file /opt/airflow/dags/eda_airflow.py for tasks to queue
[2025-07-19T11:30:08.841+0000] {logging_mixin.py:188} INFO - [2025-07-19T11:30:08.841+0000] {dagbag.py:538} INFO - Filling up the DagBag from /opt/airflow/dags/eda_airflow.py
[2025-07-19T11:30:08.853+0000] {processor.py:840} INFO - DAG(s) 'launch_streamlit_dashboard' retrieved from /opt/airflow/dags/eda_airflow.py
[2025-07-19T11:30:08.863+0000] {logging_mixin.py:188} INFO - [2025-07-19T11:30:08.863+0000] {dag.py:3036} INFO - Sync 1 DAGs
[2025-07-19T11:30:08.875+0000] {logging_mixin.py:188} INFO - [2025-07-19T11:30:08.874+0000] {dag.py:3823} INFO - Setting next_dagrun for launch_streamlit_dashboard to None, run_after=None
[2025-07-19T11:30:08.895+0000] {processor.py:183} INFO - Processing /opt/airflow/dags/eda_airflow.py took 0.059 seconds
[2025-07-19T11:30:39.288+0000] {processor.py:161} INFO - Started process (PID=15495) to work on /opt/airflow/dags/eda_airflow.py
[2025-07-19T11:30:39.289+0000] {processor.py:830} INFO - Processing file /opt/airflow/dags/eda_airflow.py for tasks to queue
[2025-07-19T11:30:39.290+0000] {logging_mixin.py:188} INFO - [2025-07-19T11:30:39.290+0000] {dagbag.py:538} INFO - Filling up the DagBag from /opt/airflow/dags/eda_airflow.py
[2025-07-19T11:30:39.301+0000] {processor.py:840} INFO - DAG(s) 'launch_streamlit_dashboard' retrieved from /opt/airflow/dags/eda_airflow.py
[2025-07-19T11:30:39.393+0000] {logging_mixin.py:188} INFO - [2025-07-19T11:30:39.393+0000] {dag.py:3036} INFO - Sync 1 DAGs
[2025-07-19T11:30:39.402+0000] {logging_mixin.py:188} INFO - [2025-07-19T11:30:39.401+0000] {dag.py:3823} INFO - Setting next_dagrun for launch_streamlit_dashboard to None, run_after=None
[2025-07-19T11:30:39.426+0000] {processor.py:183} INFO - Processing /opt/airflow/dags/eda_airflow.py took 0.140 seconds
[2025-07-19T11:31:09.980+0000] {processor.py:161} INFO - Started process (PID=15520) to work on /opt/airflow/dags/eda_airflow.py
[2025-07-19T11:31:09.981+0000] {processor.py:830} INFO - Processing file /opt/airflow/dags/eda_airflow.py for tasks to queue
[2025-07-19T11:31:09.982+0000] {logging_mixin.py:188} INFO - [2025-07-19T11:31:09.981+0000] {dagbag.py:538} INFO - Filling up the DagBag from /opt/airflow/dags/eda_airflow.py
[2025-07-19T11:31:09.992+0000] {processor.py:840} INFO - DAG(s) 'launch_streamlit_dashboard' retrieved from /opt/airflow/dags/eda_airflow.py
[2025-07-19T11:31:10.015+0000] {logging_mixin.py:188} INFO - [2025-07-19T11:31:10.014+0000] {dag.py:3036} INFO - Sync 1 DAGs
[2025-07-19T11:31:10.026+0000] {logging_mixin.py:188} INFO - [2025-07-19T11:31:10.025+0000] {dag.py:3823} INFO - Setting next_dagrun for launch_streamlit_dashboard to None, run_after=None
[2025-07-19T11:31:10.046+0000] {processor.py:183} INFO - Processing /opt/airflow/dags/eda_airflow.py took 0.069 seconds
[2025-07-19T11:31:40.472+0000] {processor.py:161} INFO - Started process (PID=15545) to work on /opt/airflow/dags/eda_airflow.py
[2025-07-19T11:31:40.473+0000] {processor.py:830} INFO - Processing file /opt/airflow/dags/eda_airflow.py for tasks to queue
[2025-07-19T11:31:40.474+0000] {logging_mixin.py:188} INFO - [2025-07-19T11:31:40.473+0000] {dagbag.py:538} INFO - Filling up the DagBag from /opt/airflow/dags/eda_airflow.py
[2025-07-19T11:31:40.484+0000] {processor.py:840} INFO - DAG(s) 'launch_streamlit_dashboard' retrieved from /opt/airflow/dags/eda_airflow.py
[2025-07-19T11:31:40.495+0000] {logging_mixin.py:188} INFO - [2025-07-19T11:31:40.495+0000] {dag.py:3036} INFO - Sync 1 DAGs
[2025-07-19T11:31:40.507+0000] {logging_mixin.py:188} INFO - [2025-07-19T11:31:40.507+0000] {dag.py:3823} INFO - Setting next_dagrun for launch_streamlit_dashboard to None, run_after=None
[2025-07-19T11:31:40.526+0000] {processor.py:183} INFO - Processing /opt/airflow/dags/eda_airflow.py took 0.058 seconds
[2025-07-19T11:32:10.948+0000] {processor.py:161} INFO - Started process (PID=15570) to work on /opt/airflow/dags/eda_airflow.py
[2025-07-19T11:32:10.949+0000] {processor.py:830} INFO - Processing file /opt/airflow/dags/eda_airflow.py for tasks to queue
[2025-07-19T11:32:10.950+0000] {logging_mixin.py:188} INFO - [2025-07-19T11:32:10.950+0000] {dagbag.py:538} INFO - Filling up the DagBag from /opt/airflow/dags/eda_airflow.py
[2025-07-19T11:32:10.995+0000] {processor.py:840} INFO - DAG(s) 'launch_streamlit_dashboard' retrieved from /opt/airflow/dags/eda_airflow.py
[2025-07-19T11:32:11.096+0000] {logging_mixin.py:188} INFO - [2025-07-19T11:32:11.095+0000] {dag.py:3036} INFO - Sync 1 DAGs
[2025-07-19T11:32:11.106+0000] {logging_mixin.py:188} INFO - [2025-07-19T11:32:11.105+0000] {dag.py:3823} INFO - Setting next_dagrun for launch_streamlit_dashboard to None, run_after=None
[2025-07-19T11:32:11.131+0000] {processor.py:183} INFO - Processing /opt/airflow/dags/eda_airflow.py took 0.187 seconds
[2025-07-19T11:32:41.317+0000] {processor.py:161} INFO - Started process (PID=15595) to work on /opt/airflow/dags/eda_airflow.py
[2025-07-19T11:32:41.319+0000] {processor.py:830} INFO - Processing file /opt/airflow/dags/eda_airflow.py for tasks to queue
[2025-07-19T11:32:41.320+0000] {logging_mixin.py:188} INFO - [2025-07-19T11:32:41.319+0000] {dagbag.py:538} INFO - Filling up the DagBag from /opt/airflow/dags/eda_airflow.py
[2025-07-19T11:32:41.331+0000] {processor.py:840} INFO - DAG(s) 'launch_streamlit_dashboard' retrieved from /opt/airflow/dags/eda_airflow.py
[2025-07-19T11:32:41.359+0000] {logging_mixin.py:188} INFO - [2025-07-19T11:32:41.359+0000] {dag.py:3036} INFO - Sync 1 DAGs
[2025-07-19T11:32:41.370+0000] {logging_mixin.py:188} INFO - [2025-07-19T11:32:41.370+0000] {dag.py:3823} INFO - Setting next_dagrun for launch_streamlit_dashboard to None, run_after=None
[2025-07-19T11:32:41.391+0000] {processor.py:183} INFO - Processing /opt/airflow/dags/eda_airflow.py took 0.076 seconds
[2025-07-19T11:33:11.923+0000] {processor.py:161} INFO - Started process (PID=15620) to work on /opt/airflow/dags/eda_airflow.py
[2025-07-19T11:33:11.925+0000] {processor.py:830} INFO - Processing file /opt/airflow/dags/eda_airflow.py for tasks to queue
[2025-07-19T11:33:11.926+0000] {logging_mixin.py:188} INFO - [2025-07-19T11:33:11.926+0000] {dagbag.py:538} INFO - Filling up the DagBag from /opt/airflow/dags/eda_airflow.py
[2025-07-19T11:33:11.941+0000] {processor.py:840} INFO - DAG(s) 'launch_streamlit_dashboard' retrieved from /opt/airflow/dags/eda_airflow.py
[2025-07-19T11:33:11.953+0000] {logging_mixin.py:188} INFO - [2025-07-19T11:33:11.952+0000] {dag.py:3036} INFO - Sync 1 DAGs
[2025-07-19T11:33:11.967+0000] {logging_mixin.py:188} INFO - [2025-07-19T11:33:11.967+0000] {dag.py:3823} INFO - Setting next_dagrun for launch_streamlit_dashboard to None, run_after=None
[2025-07-19T11:33:12.002+0000] {processor.py:183} INFO - Processing /opt/airflow/dags/eda_airflow.py took 0.083 seconds
[2025-07-19T11:33:42.639+0000] {processor.py:161} INFO - Started process (PID=15645) to work on /opt/airflow/dags/eda_airflow.py
[2025-07-19T11:33:42.640+0000] {processor.py:830} INFO - Processing file /opt/airflow/dags/eda_airflow.py for tasks to queue
[2025-07-19T11:33:42.641+0000] {logging_mixin.py:188} INFO - [2025-07-19T11:33:42.641+0000] {dagbag.py:538} INFO - Filling up the DagBag from /opt/airflow/dags/eda_airflow.py
[2025-07-19T11:33:42.673+0000] {processor.py:840} INFO - DAG(s) 'launch_streamlit_dashboard' retrieved from /opt/airflow/dags/eda_airflow.py
[2025-07-19T11:33:42.766+0000] {logging_mixin.py:188} INFO - [2025-07-19T11:33:42.766+0000] {dag.py:3036} INFO - Sync 1 DAGs
[2025-07-19T11:33:42.776+0000] {logging_mixin.py:188} INFO - [2025-07-19T11:33:42.776+0000] {dag.py:3823} INFO - Setting next_dagrun for launch_streamlit_dashboard to None, run_after=None
[2025-07-19T11:33:42.799+0000] {processor.py:183} INFO - Processing /opt/airflow/dags/eda_airflow.py took 0.163 seconds
[2025-07-19T11:34:13.070+0000] {processor.py:161} INFO - Started process (PID=15670) to work on /opt/airflow/dags/eda_airflow.py
[2025-07-19T11:34:13.071+0000] {processor.py:830} INFO - Processing file /opt/airflow/dags/eda_airflow.py for tasks to queue
[2025-07-19T11:34:13.072+0000] {logging_mixin.py:188} INFO - [2025-07-19T11:34:13.072+0000] {dagbag.py:538} INFO - Filling up the DagBag from /opt/airflow/dags/eda_airflow.py
[2025-07-19T11:34:13.082+0000] {processor.py:840} INFO - DAG(s) 'launch_streamlit_dashboard' retrieved from /opt/airflow/dags/eda_airflow.py
[2025-07-19T11:34:13.107+0000] {logging_mixin.py:188} INFO - [2025-07-19T11:34:13.106+0000] {dag.py:3036} INFO - Sync 1 DAGs
[2025-07-19T11:34:13.118+0000] {logging_mixin.py:188} INFO - [2025-07-19T11:34:13.118+0000] {dag.py:3823} INFO - Setting next_dagrun for launch_streamlit_dashboard to None, run_after=None
[2025-07-19T11:34:13.139+0000] {processor.py:183} INFO - Processing /opt/airflow/dags/eda_airflow.py took 0.072 seconds
[2025-07-19T11:34:43.577+0000] {processor.py:161} INFO - Started process (PID=15695) to work on /opt/airflow/dags/eda_airflow.py
[2025-07-19T11:34:43.578+0000] {processor.py:830} INFO - Processing file /opt/airflow/dags/eda_airflow.py for tasks to queue
[2025-07-19T11:34:43.579+0000] {logging_mixin.py:188} INFO - [2025-07-19T11:34:43.578+0000] {dagbag.py:538} INFO - Filling up the DagBag from /opt/airflow/dags/eda_airflow.py
[2025-07-19T11:34:43.590+0000] {processor.py:840} INFO - DAG(s) 'launch_streamlit_dashboard' retrieved from /opt/airflow/dags/eda_airflow.py
[2025-07-19T11:34:43.601+0000] {logging_mixin.py:188} INFO - [2025-07-19T11:34:43.601+0000] {dag.py:3036} INFO - Sync 1 DAGs
[2025-07-19T11:34:43.614+0000] {logging_mixin.py:188} INFO - [2025-07-19T11:34:43.614+0000] {dag.py:3823} INFO - Setting next_dagrun for launch_streamlit_dashboard to None, run_after=None
[2025-07-19T11:34:43.637+0000] {processor.py:183} INFO - Processing /opt/airflow/dags/eda_airflow.py took 0.063 seconds
[2025-07-19T11:35:14.073+0000] {processor.py:161} INFO - Started process (PID=15720) to work on /opt/airflow/dags/eda_airflow.py
[2025-07-19T11:35:14.075+0000] {processor.py:830} INFO - Processing file /opt/airflow/dags/eda_airflow.py for tasks to queue
[2025-07-19T11:35:14.076+0000] {logging_mixin.py:188} INFO - [2025-07-19T11:35:14.076+0000] {dagbag.py:538} INFO - Filling up the DagBag from /opt/airflow/dags/eda_airflow.py
[2025-07-19T11:35:14.093+0000] {processor.py:840} INFO - DAG(s) 'launch_streamlit_dashboard' retrieved from /opt/airflow/dags/eda_airflow.py
[2025-07-19T11:35:14.201+0000] {logging_mixin.py:188} INFO - [2025-07-19T11:35:14.200+0000] {dag.py:3036} INFO - Sync 1 DAGs
[2025-07-19T11:35:14.210+0000] {logging_mixin.py:188} INFO - [2025-07-19T11:35:14.210+0000] {dag.py:3823} INFO - Setting next_dagrun for launch_streamlit_dashboard to None, run_after=None
[2025-07-19T11:35:14.233+0000] {processor.py:183} INFO - Processing /opt/airflow/dags/eda_airflow.py took 0.165 seconds
[2025-07-19T11:35:44.685+0000] {processor.py:161} INFO - Started process (PID=15745) to work on /opt/airflow/dags/eda_airflow.py
[2025-07-19T11:35:44.686+0000] {processor.py:830} INFO - Processing file /opt/airflow/dags/eda_airflow.py for tasks to queue
[2025-07-19T11:35:44.688+0000] {logging_mixin.py:188} INFO - [2025-07-19T11:35:44.687+0000] {dagbag.py:538} INFO - Filling up the DagBag from /opt/airflow/dags/eda_airflow.py
[2025-07-19T11:35:44.699+0000] {processor.py:840} INFO - DAG(s) 'launch_streamlit_dashboard' retrieved from /opt/airflow/dags/eda_airflow.py
[2025-07-19T11:35:44.725+0000] {logging_mixin.py:188} INFO - [2025-07-19T11:35:44.724+0000] {dag.py:3036} INFO - Sync 1 DAGs
[2025-07-19T11:35:44.737+0000] {logging_mixin.py:188} INFO - [2025-07-19T11:35:44.737+0000] {dag.py:3823} INFO - Setting next_dagrun for launch_streamlit_dashboard to None, run_after=None
[2025-07-19T11:35:44.759+0000] {processor.py:183} INFO - Processing /opt/airflow/dags/eda_airflow.py took 0.077 seconds
[2025-07-19T11:36:15.762+0000] {processor.py:161} INFO - Started process (PID=15770) to work on /opt/airflow/dags/eda_airflow.py
[2025-07-19T11:36:15.763+0000] {processor.py:830} INFO - Processing file /opt/airflow/dags/eda_airflow.py for tasks to queue
[2025-07-19T11:36:15.764+0000] {logging_mixin.py:188} INFO - [2025-07-19T11:36:15.763+0000] {dagbag.py:538} INFO - Filling up the DagBag from /opt/airflow/dags/eda_airflow.py
[2025-07-19T11:36:15.777+0000] {processor.py:840} INFO - DAG(s) 'launch_streamlit_dashboard' retrieved from /opt/airflow/dags/eda_airflow.py
[2025-07-19T11:36:16.813+0000] {logging_mixin.py:188} INFO - [2025-07-19T11:36:16.812+0000] {dag.py:3036} INFO - Sync 1 DAGs
[2025-07-19T11:36:16.826+0000] {logging_mixin.py:188} INFO - [2025-07-19T11:36:16.826+0000] {dag.py:3823} INFO - Setting next_dagrun for launch_streamlit_dashboard to None, run_after=None
[2025-07-19T11:36:16.997+0000] {processor.py:183} INFO - Processing /opt/airflow/dags/eda_airflow.py took 1.238 seconds
[2025-07-19T11:37:05.888+0000] {processor.py:161} INFO - Started process (PID=15793) to work on /opt/airflow/dags/eda_airflow.py
[2025-07-19T11:37:06.003+0000] {processor.py:830} INFO - Processing file /opt/airflow/dags/eda_airflow.py for tasks to queue
[2025-07-19T11:37:06.005+0000] {logging_mixin.py:188} INFO - [2025-07-19T11:37:06.004+0000] {dagbag.py:538} INFO - Filling up the DagBag from /opt/airflow/dags/eda_airflow.py
[2025-07-19T11:37:06.016+0000] {processor.py:840} INFO - DAG(s) 'launch_streamlit_dashboard' retrieved from /opt/airflow/dags/eda_airflow.py
[2025-07-19T11:37:15.864+0000] {logging_mixin.py:188} INFO - [2025-07-19T11:37:15.864+0000] {dag.py:3036} INFO - Sync 1 DAGs
[2025-07-19T11:37:20.168+0000] {logging_mixin.py:188} INFO - [2025-07-19T11:37:20.168+0000] {dag.py:3823} INFO - Setting next_dagrun for launch_streamlit_dashboard to None, run_after=None
[2025-07-19T11:37:22.762+0000] {processor.py:183} INFO - Processing /opt/airflow/dags/eda_airflow.py took 16.877 seconds
[2025-07-19T11:38:29.444+0000] {processor.py:161} INFO - Started process (PID=15820) to work on /opt/airflow/dags/eda_airflow.py
[2025-07-19T11:38:31.026+0000] {processor.py:830} INFO - Processing file /opt/airflow/dags/eda_airflow.py for tasks to queue
[2025-07-19T11:38:34.179+0000] {logging_mixin.py:188} INFO - [2025-07-19T11:38:32.275+0000] {dagbag.py:538} INFO - Filling up the DagBag from /opt/airflow/dags/eda_airflow.py
[2025-07-19T11:39:05.956+0000] {processor.py:840} INFO - DAG(s) 'launch_streamlit_dashboard' retrieved from /opt/airflow/dags/eda_airflow.py
[2025-07-19T11:40:12.731+0000] {processor.py:161} INFO - Started process (PID=15839) to work on /opt/airflow/dags/eda_airflow.py
[2025-07-19T11:40:12.765+0000] {processor.py:830} INFO - Processing file /opt/airflow/dags/eda_airflow.py for tasks to queue
[2025-07-19T11:40:12.766+0000] {logging_mixin.py:188} INFO - [2025-07-19T11:40:12.766+0000] {dagbag.py:538} INFO - Filling up the DagBag from /opt/airflow/dags/eda_airflow.py
[2025-07-19T11:40:12.779+0000] {processor.py:840} INFO - DAG(s) 'launch_streamlit_dashboard' retrieved from /opt/airflow/dags/eda_airflow.py
[2025-07-19T11:41:49.191+0000] {processor.py:161} INFO - Started process (PID=15853) to work on /opt/airflow/dags/eda_airflow.py
[2025-07-19T11:41:49.218+0000] {processor.py:830} INFO - Processing file /opt/airflow/dags/eda_airflow.py for tasks to queue
[2025-07-19T11:41:49.219+0000] {logging_mixin.py:188} INFO - [2025-07-19T11:41:49.219+0000] {dagbag.py:538} INFO - Filling up the DagBag from /opt/airflow/dags/eda_airflow.py
[2025-07-19T11:41:49.230+0000] {processor.py:840} INFO - DAG(s) 'launch_streamlit_dashboard' retrieved from /opt/airflow/dags/eda_airflow.py
[2025-07-19T11:43:14.138+0000] {processor.py:161} INFO - Started process (PID=15870) to work on /opt/airflow/dags/eda_airflow.py
[2025-07-19T11:43:14.139+0000] {processor.py:830} INFO - Processing file /opt/airflow/dags/eda_airflow.py for tasks to queue
[2025-07-19T11:43:14.141+0000] {logging_mixin.py:188} INFO - [2025-07-19T11:43:14.140+0000] {dagbag.py:538} INFO - Filling up the DagBag from /opt/airflow/dags/eda_airflow.py
[2025-07-19T11:43:14.222+0000] {processor.py:840} INFO - DAG(s) 'launch_streamlit_dashboard' retrieved from /opt/airflow/dags/eda_airflow.py
[2025-07-19T11:43:18.127+0000] {logging_mixin.py:188} INFO - [2025-07-19T11:43:18.127+0000] {dag.py:3036} INFO - Sync 1 DAGs
[2025-07-19T11:43:18.227+0000] {logging_mixin.py:188} INFO - [2025-07-19T11:43:18.227+0000] {dag.py:3823} INFO - Setting next_dagrun for launch_streamlit_dashboard to None, run_after=None
[2025-07-19T11:43:18.311+0000] {processor.py:183} INFO - Processing /opt/airflow/dags/eda_airflow.py took 4.176 seconds
[2025-07-19T11:44:14.391+0000] {processor.py:161} INFO - Started process (PID=15892) to work on /opt/airflow/dags/eda_airflow.py
[2025-07-19T11:44:14.392+0000] {processor.py:830} INFO - Processing file /opt/airflow/dags/eda_airflow.py for tasks to queue
[2025-07-19T11:44:14.393+0000] {logging_mixin.py:188} INFO - [2025-07-19T11:44:14.392+0000] {dagbag.py:538} INFO - Filling up the DagBag from /opt/airflow/dags/eda_airflow.py
[2025-07-19T11:44:14.404+0000] {processor.py:840} INFO - DAG(s) 'launch_streamlit_dashboard' retrieved from /opt/airflow/dags/eda_airflow.py
[2025-07-19T11:44:14.469+0000] {logging_mixin.py:188} INFO - [2025-07-19T11:44:14.469+0000] {dag.py:3036} INFO - Sync 1 DAGs
[2025-07-19T11:44:23.054+0000] {logging_mixin.py:188} INFO - [2025-07-19T11:44:23.053+0000] {dag.py:3823} INFO - Setting next_dagrun for launch_streamlit_dashboard to None, run_after=None
[2025-07-19T11:44:31.718+0000] {processor.py:183} INFO - Processing /opt/airflow/dags/eda_airflow.py took 17.353 seconds
[2025-07-19T11:45:41.896+0000] {processor.py:161} INFO - Started process (PID=15915) to work on /opt/airflow/dags/eda_airflow.py
[2025-07-19T11:45:41.897+0000] {processor.py:830} INFO - Processing file /opt/airflow/dags/eda_airflow.py for tasks to queue
[2025-07-19T11:45:41.898+0000] {logging_mixin.py:188} INFO - [2025-07-19T11:45:41.898+0000] {dagbag.py:538} INFO - Filling up the DagBag from /opt/airflow/dags/eda_airflow.py
[2025-07-19T11:45:41.945+0000] {processor.py:840} INFO - DAG(s) 'launch_streamlit_dashboard' retrieved from /opt/airflow/dags/eda_airflow.py
[2025-07-19T11:45:42.157+0000] {logging_mixin.py:188} INFO - [2025-07-19T11:45:42.156+0000] {dag.py:3036} INFO - Sync 1 DAGs
[2025-07-19T11:45:42.532+0000] {logging_mixin.py:188} INFO - [2025-07-19T11:45:42.532+0000] {dag.py:3823} INFO - Setting next_dagrun for launch_streamlit_dashboard to None, run_after=None
[2025-07-19T11:45:56.129+0000] {processor.py:183} INFO - Processing /opt/airflow/dags/eda_airflow.py took 14.238 seconds
[2025-07-19T11:46:46.918+0000] {processor.py:161} INFO - Started process (PID=15935) to work on /opt/airflow/dags/eda_airflow.py
[2025-07-19T11:46:47.185+0000] {processor.py:830} INFO - Processing file /opt/airflow/dags/eda_airflow.py for tasks to queue
[2025-07-19T11:46:47.187+0000] {logging_mixin.py:188} INFO - [2025-07-19T11:46:47.186+0000] {dagbag.py:538} INFO - Filling up the DagBag from /opt/airflow/dags/eda_airflow.py
[2025-07-19T11:46:50.844+0000] {processor.py:840} INFO - DAG(s) 'launch_streamlit_dashboard' retrieved from /opt/airflow/dags/eda_airflow.py
[2025-07-19T11:47:50.083+0000] {processor.py:161} INFO - Started process (PID=15968) to work on /opt/airflow/dags/eda_airflow.py
[2025-07-19T11:47:50.084+0000] {processor.py:830} INFO - Processing file /opt/airflow/dags/eda_airflow.py for tasks to queue
[2025-07-19T11:47:50.085+0000] {logging_mixin.py:188} INFO - [2025-07-19T11:47:50.085+0000] {dagbag.py:538} INFO - Filling up the DagBag from /opt/airflow/dags/eda_airflow.py
[2025-07-19T11:47:50.131+0000] {processor.py:840} INFO - DAG(s) 'launch_streamlit_dashboard' retrieved from /opt/airflow/dags/eda_airflow.py
[2025-07-19T11:47:50.263+0000] {logging_mixin.py:188} INFO - [2025-07-19T11:47:50.263+0000] {dag.py:3036} INFO - Sync 1 DAGs
[2025-07-19T11:47:50.272+0000] {logging_mixin.py:188} INFO - [2025-07-19T11:47:50.272+0000] {dag.py:3823} INFO - Setting next_dagrun for launch_streamlit_dashboard to None, run_after=None
[2025-07-19T11:47:50.293+0000] {processor.py:183} INFO - Processing /opt/airflow/dags/eda_airflow.py took 0.213 seconds
[2025-07-19T11:48:21.675+0000] {processor.py:161} INFO - Started process (PID=15993) to work on /opt/airflow/dags/eda_airflow.py
[2025-07-19T11:48:21.676+0000] {processor.py:830} INFO - Processing file /opt/airflow/dags/eda_airflow.py for tasks to queue
[2025-07-19T11:48:21.678+0000] {logging_mixin.py:188} INFO - [2025-07-19T11:48:21.677+0000] {dagbag.py:538} INFO - Filling up the DagBag from /opt/airflow/dags/eda_airflow.py
[2025-07-19T11:48:21.712+0000] {processor.py:840} INFO - DAG(s) 'launch_streamlit_dashboard' retrieved from /opt/airflow/dags/eda_airflow.py
[2025-07-19T11:48:21.737+0000] {logging_mixin.py:188} INFO - [2025-07-19T11:48:21.737+0000] {dag.py:3036} INFO - Sync 1 DAGs
[2025-07-19T11:48:21.748+0000] {logging_mixin.py:188} INFO - [2025-07-19T11:48:21.747+0000] {dag.py:3823} INFO - Setting next_dagrun for launch_streamlit_dashboard to None, run_after=None
[2025-07-19T11:48:21.769+0000] {processor.py:183} INFO - Processing /opt/airflow/dags/eda_airflow.py took 0.109 seconds
[2025-07-19T11:49:14.885+0000] {processor.py:161} INFO - Started process (PID=16011) to work on /opt/airflow/dags/eda_airflow.py
[2025-07-19T11:49:14.886+0000] {processor.py:830} INFO - Processing file /opt/airflow/dags/eda_airflow.py for tasks to queue
[2025-07-19T11:49:14.887+0000] {logging_mixin.py:188} INFO - [2025-07-19T11:49:14.887+0000] {dagbag.py:538} INFO - Filling up the DagBag from /opt/airflow/dags/eda_airflow.py
[2025-07-19T11:49:14.899+0000] {processor.py:840} INFO - DAG(s) 'launch_streamlit_dashboard' retrieved from /opt/airflow/dags/eda_airflow.py
[2025-07-19T11:49:15.013+0000] {logging_mixin.py:188} INFO - [2025-07-19T11:49:15.012+0000] {dag.py:3036} INFO - Sync 1 DAGs
[2025-07-19T11:49:15.395+0000] {logging_mixin.py:188} INFO - [2025-07-19T11:49:15.395+0000] {dag.py:3823} INFO - Setting next_dagrun for launch_streamlit_dashboard to None, run_after=None
[2025-07-19T11:49:18.322+0000] {processor.py:183} INFO - Processing /opt/airflow/dags/eda_airflow.py took 3.440 seconds
[2025-07-19T11:49:50.328+0000] {processor.py:161} INFO - Started process (PID=16038) to work on /opt/airflow/dags/eda_airflow.py
[2025-07-19T11:49:50.331+0000] {processor.py:830} INFO - Processing file /opt/airflow/dags/eda_airflow.py for tasks to queue
[2025-07-19T11:49:50.333+0000] {logging_mixin.py:188} INFO - [2025-07-19T11:49:50.333+0000] {dagbag.py:538} INFO - Filling up the DagBag from /opt/airflow/dags/eda_airflow.py
[2025-07-19T11:49:50.348+0000] {processor.py:840} INFO - DAG(s) 'launch_streamlit_dashboard' retrieved from /opt/airflow/dags/eda_airflow.py
[2025-07-19T11:49:50.407+0000] {logging_mixin.py:188} INFO - [2025-07-19T11:49:50.407+0000] {dag.py:3036} INFO - Sync 1 DAGs
[2025-07-19T11:49:50.423+0000] {logging_mixin.py:188} INFO - [2025-07-19T11:49:50.423+0000] {dag.py:3823} INFO - Setting next_dagrun for launch_streamlit_dashboard to None, run_after=None
[2025-07-19T11:49:50.468+0000] {processor.py:183} INFO - Processing /opt/airflow/dags/eda_airflow.py took 0.148 seconds
[2025-07-19T11:50:26.507+0000] {processor.py:161} INFO - Started process (PID=16063) to work on /opt/airflow/dags/eda_airflow.py
[2025-07-19T11:50:26.509+0000] {processor.py:830} INFO - Processing file /opt/airflow/dags/eda_airflow.py for tasks to queue
[2025-07-19T11:50:26.511+0000] {logging_mixin.py:188} INFO - [2025-07-19T11:50:26.510+0000] {dagbag.py:538} INFO - Filling up the DagBag from /opt/airflow/dags/eda_airflow.py
[2025-07-19T11:50:26.529+0000] {processor.py:840} INFO - DAG(s) 'launch_streamlit_dashboard' retrieved from /opt/airflow/dags/eda_airflow.py
[2025-07-19T11:50:29.070+0000] {logging_mixin.py:188} INFO - [2025-07-19T11:50:29.069+0000] {dag.py:3036} INFO - Sync 1 DAGs
[2025-07-19T11:50:30.561+0000] {logging_mixin.py:188} INFO - [2025-07-19T11:50:30.561+0000] {dag.py:3823} INFO - Setting next_dagrun for launch_streamlit_dashboard to None, run_after=None
[2025-07-19T11:50:32.897+0000] {processor.py:183} INFO - Processing /opt/airflow/dags/eda_airflow.py took 6.820 seconds
[2025-07-19T11:51:24.674+0000] {processor.py:161} INFO - Started process (PID=16088) to work on /opt/airflow/dags/eda_airflow.py
[2025-07-19T11:51:24.675+0000] {processor.py:830} INFO - Processing file /opt/airflow/dags/eda_airflow.py for tasks to queue
[2025-07-19T11:51:24.676+0000] {logging_mixin.py:188} INFO - [2025-07-19T11:51:24.676+0000] {dagbag.py:538} INFO - Filling up the DagBag from /opt/airflow/dags/eda_airflow.py
[2025-07-19T11:51:24.724+0000] {processor.py:840} INFO - DAG(s) 'launch_streamlit_dashboard' retrieved from /opt/airflow/dags/eda_airflow.py
[2025-07-19T11:51:26.679+0000] {logging_mixin.py:188} INFO - [2025-07-19T11:51:26.678+0000] {dag.py:3036} INFO - Sync 1 DAGs
[2025-07-19T11:51:27.087+0000] {logging_mixin.py:188} INFO - [2025-07-19T11:51:27.086+0000] {dag.py:3823} INFO - Setting next_dagrun for launch_streamlit_dashboard to None, run_after=None
[2025-07-19T11:51:27.109+0000] {processor.py:183} INFO - Processing /opt/airflow/dags/eda_airflow.py took 2.440 seconds
[2025-07-19T11:52:32.847+0000] {processor.py:161} INFO - Started process (PID=16102) to work on /opt/airflow/dags/eda_airflow.py
[2025-07-19T11:52:32.849+0000] {processor.py:830} INFO - Processing file /opt/airflow/dags/eda_airflow.py for tasks to queue
[2025-07-19T11:52:32.851+0000] {logging_mixin.py:188} INFO - [2025-07-19T11:52:32.851+0000] {dagbag.py:538} INFO - Filling up the DagBag from /opt/airflow/dags/eda_airflow.py
[2025-07-19T11:52:33.002+0000] {processor.py:840} INFO - DAG(s) 'launch_streamlit_dashboard' retrieved from /opt/airflow/dags/eda_airflow.py
[2025-07-19T11:52:33.033+0000] {logging_mixin.py:188} INFO - [2025-07-19T11:52:33.033+0000] {dag.py:3036} INFO - Sync 1 DAGs
[2025-07-19T11:52:33.126+0000] {logging_mixin.py:188} INFO - [2025-07-19T11:52:33.126+0000] {dag.py:3823} INFO - Setting next_dagrun for launch_streamlit_dashboard to None, run_after=None
[2025-07-19T11:52:33.146+0000] {processor.py:183} INFO - Processing /opt/airflow/dags/eda_airflow.py took 0.302 seconds
[2025-07-19T11:53:16.017+0000] {processor.py:161} INFO - Started process (PID=16126) to work on /opt/airflow/dags/eda_airflow.py
[2025-07-19T11:53:16.018+0000] {processor.py:830} INFO - Processing file /opt/airflow/dags/eda_airflow.py for tasks to queue
[2025-07-19T11:53:16.019+0000] {logging_mixin.py:188} INFO - [2025-07-19T11:53:16.019+0000] {dagbag.py:538} INFO - Filling up the DagBag from /opt/airflow/dags/eda_airflow.py
[2025-07-19T11:53:16.096+0000] {processor.py:840} INFO - DAG(s) 'launch_streamlit_dashboard' retrieved from /opt/airflow/dags/eda_airflow.py
[2025-07-19T11:53:16.243+0000] {logging_mixin.py:188} INFO - [2025-07-19T11:53:16.243+0000] {dag.py:3036} INFO - Sync 1 DAGs
[2025-07-19T11:53:16.253+0000] {logging_mixin.py:188} INFO - [2025-07-19T11:53:16.253+0000] {dag.py:3823} INFO - Setting next_dagrun for launch_streamlit_dashboard to None, run_after=None
[2025-07-19T11:53:16.324+0000] {processor.py:183} INFO - Processing /opt/airflow/dags/eda_airflow.py took 0.309 seconds
[2025-07-19T11:53:47.578+0000] {processor.py:161} INFO - Started process (PID=16151) to work on /opt/airflow/dags/eda_airflow.py
[2025-07-19T11:53:47.579+0000] {processor.py:830} INFO - Processing file /opt/airflow/dags/eda_airflow.py for tasks to queue
[2025-07-19T11:53:47.580+0000] {logging_mixin.py:188} INFO - [2025-07-19T11:53:47.579+0000] {dagbag.py:538} INFO - Filling up the DagBag from /opt/airflow/dags/eda_airflow.py
[2025-07-19T11:53:47.692+0000] {processor.py:840} INFO - DAG(s) 'launch_streamlit_dashboard' retrieved from /opt/airflow/dags/eda_airflow.py
[2025-07-19T11:53:48.007+0000] {logging_mixin.py:188} INFO - [2025-07-19T11:53:48.007+0000] {dag.py:3036} INFO - Sync 1 DAGs
[2025-07-19T11:53:48.024+0000] {logging_mixin.py:188} INFO - [2025-07-19T11:53:48.024+0000] {dag.py:3823} INFO - Setting next_dagrun for launch_streamlit_dashboard to None, run_after=None
[2025-07-19T11:53:48.381+0000] {processor.py:183} INFO - Processing /opt/airflow/dags/eda_airflow.py took 0.807 seconds
[2025-07-19T11:54:19.059+0000] {processor.py:161} INFO - Started process (PID=16176) to work on /opt/airflow/dags/eda_airflow.py
[2025-07-19T11:54:19.060+0000] {processor.py:830} INFO - Processing file /opt/airflow/dags/eda_airflow.py for tasks to queue
[2025-07-19T11:54:19.061+0000] {logging_mixin.py:188} INFO - [2025-07-19T11:54:19.061+0000] {dagbag.py:538} INFO - Filling up the DagBag from /opt/airflow/dags/eda_airflow.py
[2025-07-19T11:54:19.206+0000] {processor.py:840} INFO - DAG(s) 'launch_streamlit_dashboard' retrieved from /opt/airflow/dags/eda_airflow.py
[2025-07-19T11:54:19.217+0000] {logging_mixin.py:188} INFO - [2025-07-19T11:54:19.217+0000] {dag.py:3036} INFO - Sync 1 DAGs
[2025-07-19T11:54:19.230+0000] {logging_mixin.py:188} INFO - [2025-07-19T11:54:19.230+0000] {dag.py:3823} INFO - Setting next_dagrun for launch_streamlit_dashboard to None, run_after=None
[2025-07-19T11:54:19.250+0000] {processor.py:183} INFO - Processing /opt/airflow/dags/eda_airflow.py took 0.195 seconds
[2025-07-19T11:54:49.494+0000] {processor.py:161} INFO - Started process (PID=16201) to work on /opt/airflow/dags/eda_airflow.py
[2025-07-19T11:54:49.495+0000] {processor.py:830} INFO - Processing file /opt/airflow/dags/eda_airflow.py for tasks to queue
[2025-07-19T11:54:49.496+0000] {logging_mixin.py:188} INFO - [2025-07-19T11:54:49.496+0000] {dagbag.py:538} INFO - Filling up the DagBag from /opt/airflow/dags/eda_airflow.py
[2025-07-19T11:54:49.523+0000] {processor.py:840} INFO - DAG(s) 'launch_streamlit_dashboard' retrieved from /opt/airflow/dags/eda_airflow.py
[2025-07-19T11:54:49.628+0000] {logging_mixin.py:188} INFO - [2025-07-19T11:54:49.628+0000] {dag.py:3036} INFO - Sync 1 DAGs
[2025-07-19T11:54:49.638+0000] {logging_mixin.py:188} INFO - [2025-07-19T11:54:49.637+0000] {dag.py:3823} INFO - Setting next_dagrun for launch_streamlit_dashboard to None, run_after=None
[2025-07-19T11:54:49.685+0000] {processor.py:183} INFO - Processing /opt/airflow/dags/eda_airflow.py took 0.193 seconds
[2025-07-19T11:55:22.538+0000] {processor.py:161} INFO - Started process (PID=16224) to work on /opt/airflow/dags/eda_airflow.py
[2025-07-19T11:55:22.539+0000] {processor.py:830} INFO - Processing file /opt/airflow/dags/eda_airflow.py for tasks to queue
[2025-07-19T11:55:22.540+0000] {logging_mixin.py:188} INFO - [2025-07-19T11:55:22.540+0000] {dagbag.py:538} INFO - Filling up the DagBag from /opt/airflow/dags/eda_airflow.py
[2025-07-19T11:55:22.551+0000] {processor.py:840} INFO - DAG(s) 'launch_streamlit_dashboard' retrieved from /opt/airflow/dags/eda_airflow.py
[2025-07-19T11:55:22.620+0000] {logging_mixin.py:188} INFO - [2025-07-19T11:55:22.619+0000] {dag.py:3036} INFO - Sync 1 DAGs
[2025-07-19T11:55:22.632+0000] {logging_mixin.py:188} INFO - [2025-07-19T11:55:22.632+0000] {dag.py:3823} INFO - Setting next_dagrun for launch_streamlit_dashboard to None, run_after=None
[2025-07-19T11:55:22.652+0000] {processor.py:183} INFO - Processing /opt/airflow/dags/eda_airflow.py took 0.117 seconds
[2025-07-19T11:55:52.919+0000] {processor.py:161} INFO - Started process (PID=16249) to work on /opt/airflow/dags/eda_airflow.py
[2025-07-19T11:55:52.921+0000] {processor.py:830} INFO - Processing file /opt/airflow/dags/eda_airflow.py for tasks to queue
[2025-07-19T11:55:52.922+0000] {logging_mixin.py:188} INFO - [2025-07-19T11:55:52.921+0000] {dagbag.py:538} INFO - Filling up the DagBag from /opt/airflow/dags/eda_airflow.py
[2025-07-19T11:55:52.981+0000] {processor.py:840} INFO - DAG(s) 'launch_streamlit_dashboard' retrieved from /opt/airflow/dags/eda_airflow.py
[2025-07-19T11:55:52.998+0000] {logging_mixin.py:188} INFO - [2025-07-19T11:55:52.998+0000] {dag.py:3036} INFO - Sync 1 DAGs
[2025-07-19T11:55:53.012+0000] {logging_mixin.py:188} INFO - [2025-07-19T11:55:53.012+0000] {dag.py:3823} INFO - Setting next_dagrun for launch_streamlit_dashboard to None, run_after=None
[2025-07-19T11:55:53.065+0000] {processor.py:183} INFO - Processing /opt/airflow/dags/eda_airflow.py took 0.148 seconds
[2025-07-19T11:56:23.543+0000] {processor.py:161} INFO - Started process (PID=16274) to work on /opt/airflow/dags/eda_airflow.py
[2025-07-19T11:56:23.552+0000] {processor.py:830} INFO - Processing file /opt/airflow/dags/eda_airflow.py for tasks to queue
[2025-07-19T11:56:23.553+0000] {logging_mixin.py:188} INFO - [2025-07-19T11:56:23.553+0000] {dagbag.py:538} INFO - Filling up the DagBag from /opt/airflow/dags/eda_airflow.py
[2025-07-19T11:56:23.674+0000] {processor.py:840} INFO - DAG(s) 'launch_streamlit_dashboard' retrieved from /opt/airflow/dags/eda_airflow.py
[2025-07-19T11:56:24.920+0000] {logging_mixin.py:188} INFO - [2025-07-19T11:56:24.920+0000] {dag.py:3036} INFO - Sync 1 DAGs
[2025-07-19T11:56:25.029+0000] {logging_mixin.py:188} INFO - [2025-07-19T11:56:25.029+0000] {dag.py:3823} INFO - Setting next_dagrun for launch_streamlit_dashboard to None, run_after=None
[2025-07-19T11:56:25.053+0000] {processor.py:183} INFO - Processing /opt/airflow/dags/eda_airflow.py took 1.514 seconds
[2025-07-19T11:56:55.817+0000] {processor.py:161} INFO - Started process (PID=16301) to work on /opt/airflow/dags/eda_airflow.py
[2025-07-19T11:56:55.818+0000] {processor.py:830} INFO - Processing file /opt/airflow/dags/eda_airflow.py for tasks to queue
[2025-07-19T11:56:55.819+0000] {logging_mixin.py:188} INFO - [2025-07-19T11:56:55.818+0000] {dagbag.py:538} INFO - Filling up the DagBag from /opt/airflow/dags/eda_airflow.py
[2025-07-19T11:56:55.923+0000] {processor.py:840} INFO - DAG(s) 'launch_streamlit_dashboard' retrieved from /opt/airflow/dags/eda_airflow.py
[2025-07-19T11:56:55.946+0000] {logging_mixin.py:188} INFO - [2025-07-19T11:56:55.946+0000] {dag.py:3036} INFO - Sync 1 DAGs
[2025-07-19T11:56:55.963+0000] {logging_mixin.py:188} INFO - [2025-07-19T11:56:55.963+0000] {dag.py:3823} INFO - Setting next_dagrun for launch_streamlit_dashboard to None, run_after=None
[2025-07-19T11:56:56.103+0000] {processor.py:183} INFO - Processing /opt/airflow/dags/eda_airflow.py took 0.289 seconds
[2025-07-19T11:57:26.211+0000] {processor.py:161} INFO - Started process (PID=16326) to work on /opt/airflow/dags/eda_airflow.py
[2025-07-19T11:57:26.212+0000] {processor.py:830} INFO - Processing file /opt/airflow/dags/eda_airflow.py for tasks to queue
[2025-07-19T11:57:26.213+0000] {logging_mixin.py:188} INFO - [2025-07-19T11:57:26.213+0000] {dagbag.py:538} INFO - Filling up the DagBag from /opt/airflow/dags/eda_airflow.py
[2025-07-19T11:57:26.251+0000] {processor.py:840} INFO - DAG(s) 'launch_streamlit_dashboard' retrieved from /opt/airflow/dags/eda_airflow.py
[2025-07-19T11:57:26.275+0000] {logging_mixin.py:188} INFO - [2025-07-19T11:57:26.275+0000] {dag.py:3036} INFO - Sync 1 DAGs
[2025-07-19T11:57:26.290+0000] {logging_mixin.py:188} INFO - [2025-07-19T11:57:26.289+0000] {dag.py:3823} INFO - Setting next_dagrun for launch_streamlit_dashboard to None, run_after=None
[2025-07-19T11:57:26.328+0000] {processor.py:183} INFO - Processing /opt/airflow/dags/eda_airflow.py took 0.120 seconds
[2025-07-19T11:57:56.863+0000] {processor.py:161} INFO - Started process (PID=16351) to work on /opt/airflow/dags/eda_airflow.py
[2025-07-19T11:57:56.864+0000] {processor.py:830} INFO - Processing file /opt/airflow/dags/eda_airflow.py for tasks to queue
[2025-07-19T11:57:56.865+0000] {logging_mixin.py:188} INFO - [2025-07-19T11:57:56.865+0000] {dagbag.py:538} INFO - Filling up the DagBag from /opt/airflow/dags/eda_airflow.py
[2025-07-19T11:57:56.876+0000] {processor.py:840} INFO - DAG(s) 'launch_streamlit_dashboard' retrieved from /opt/airflow/dags/eda_airflow.py
[2025-07-19T11:57:56.967+0000] {logging_mixin.py:188} INFO - [2025-07-19T11:57:56.967+0000] {dag.py:3036} INFO - Sync 1 DAGs
[2025-07-19T11:57:56.976+0000] {logging_mixin.py:188} INFO - [2025-07-19T11:57:56.976+0000] {dag.py:3823} INFO - Setting next_dagrun for launch_streamlit_dashboard to None, run_after=None
[2025-07-19T11:57:56.998+0000] {processor.py:183} INFO - Processing /opt/airflow/dags/eda_airflow.py took 0.138 seconds
[2025-07-19T11:58:27.258+0000] {processor.py:161} INFO - Started process (PID=16376) to work on /opt/airflow/dags/eda_airflow.py
[2025-07-19T11:58:27.259+0000] {processor.py:830} INFO - Processing file /opt/airflow/dags/eda_airflow.py for tasks to queue
[2025-07-19T11:58:27.260+0000] {logging_mixin.py:188} INFO - [2025-07-19T11:58:27.259+0000] {dagbag.py:538} INFO - Filling up the DagBag from /opt/airflow/dags/eda_airflow.py
[2025-07-19T11:58:27.270+0000] {processor.py:840} INFO - DAG(s) 'launch_streamlit_dashboard' retrieved from /opt/airflow/dags/eda_airflow.py
[2025-07-19T11:58:27.294+0000] {logging_mixin.py:188} INFO - [2025-07-19T11:58:27.294+0000] {dag.py:3036} INFO - Sync 1 DAGs
[2025-07-19T11:58:27.305+0000] {logging_mixin.py:188} INFO - [2025-07-19T11:58:27.304+0000] {dag.py:3823} INFO - Setting next_dagrun for launch_streamlit_dashboard to None, run_after=None
[2025-07-19T11:58:27.326+0000] {processor.py:183} INFO - Processing /opt/airflow/dags/eda_airflow.py took 0.071 seconds
[2025-07-19T11:58:57.686+0000] {processor.py:161} INFO - Started process (PID=16401) to work on /opt/airflow/dags/eda_airflow.py
[2025-07-19T11:58:57.687+0000] {processor.py:830} INFO - Processing file /opt/airflow/dags/eda_airflow.py for tasks to queue
[2025-07-19T11:58:57.688+0000] {logging_mixin.py:188} INFO - [2025-07-19T11:58:57.688+0000] {dagbag.py:538} INFO - Filling up the DagBag from /opt/airflow/dags/eda_airflow.py
[2025-07-19T11:58:57.721+0000] {processor.py:840} INFO - DAG(s) 'launch_streamlit_dashboard' retrieved from /opt/airflow/dags/eda_airflow.py
[2025-07-19T11:58:57.732+0000] {logging_mixin.py:188} INFO - [2025-07-19T11:58:57.732+0000] {dag.py:3036} INFO - Sync 1 DAGs
[2025-07-19T11:58:57.744+0000] {logging_mixin.py:188} INFO - [2025-07-19T11:58:57.744+0000] {dag.py:3823} INFO - Setting next_dagrun for launch_streamlit_dashboard to None, run_after=None
[2025-07-19T11:58:57.822+0000] {processor.py:183} INFO - Processing /opt/airflow/dags/eda_airflow.py took 0.139 seconds
[2025-07-19T11:59:28.231+0000] {processor.py:161} INFO - Started process (PID=16426) to work on /opt/airflow/dags/eda_airflow.py
[2025-07-19T11:59:28.232+0000] {processor.py:830} INFO - Processing file /opt/airflow/dags/eda_airflow.py for tasks to queue
[2025-07-19T11:59:28.233+0000] {logging_mixin.py:188} INFO - [2025-07-19T11:59:28.232+0000] {dagbag.py:538} INFO - Filling up the DagBag from /opt/airflow/dags/eda_airflow.py
[2025-07-19T11:59:28.243+0000] {processor.py:840} INFO - DAG(s) 'launch_streamlit_dashboard' retrieved from /opt/airflow/dags/eda_airflow.py
[2025-07-19T11:59:28.351+0000] {logging_mixin.py:188} INFO - [2025-07-19T11:59:28.351+0000] {dag.py:3036} INFO - Sync 1 DAGs
[2025-07-19T11:59:28.360+0000] {logging_mixin.py:188} INFO - [2025-07-19T11:59:28.360+0000] {dag.py:3823} INFO - Setting next_dagrun for launch_streamlit_dashboard to None, run_after=None
[2025-07-19T11:59:28.380+0000] {processor.py:183} INFO - Processing /opt/airflow/dags/eda_airflow.py took 0.151 seconds
[2025-07-19T11:59:58.631+0000] {processor.py:161} INFO - Started process (PID=16451) to work on /opt/airflow/dags/eda_airflow.py
[2025-07-19T11:59:58.632+0000] {processor.py:830} INFO - Processing file /opt/airflow/dags/eda_airflow.py for tasks to queue
[2025-07-19T11:59:58.633+0000] {logging_mixin.py:188} INFO - [2025-07-19T11:59:58.633+0000] {dagbag.py:538} INFO - Filling up the DagBag from /opt/airflow/dags/eda_airflow.py
[2025-07-19T11:59:58.644+0000] {processor.py:840} INFO - DAG(s) 'launch_streamlit_dashboard' retrieved from /opt/airflow/dags/eda_airflow.py
[2025-07-19T11:59:58.668+0000] {logging_mixin.py:188} INFO - [2025-07-19T11:59:58.668+0000] {dag.py:3036} INFO - Sync 1 DAGs
[2025-07-19T11:59:58.680+0000] {logging_mixin.py:188} INFO - [2025-07-19T11:59:58.679+0000] {dag.py:3823} INFO - Setting next_dagrun for launch_streamlit_dashboard to None, run_after=None
[2025-07-19T11:59:58.700+0000] {processor.py:183} INFO - Processing /opt/airflow/dags/eda_airflow.py took 0.072 seconds
[2025-07-19T12:00:29.214+0000] {processor.py:161} INFO - Started process (PID=16476) to work on /opt/airflow/dags/eda_airflow.py
[2025-07-19T12:00:29.215+0000] {processor.py:830} INFO - Processing file /opt/airflow/dags/eda_airflow.py for tasks to queue
[2025-07-19T12:00:29.216+0000] {logging_mixin.py:188} INFO - [2025-07-19T12:00:29.216+0000] {dagbag.py:538} INFO - Filling up the DagBag from /opt/airflow/dags/eda_airflow.py
[2025-07-19T12:00:29.249+0000] {processor.py:840} INFO - DAG(s) 'launch_streamlit_dashboard' retrieved from /opt/airflow/dags/eda_airflow.py
[2025-07-19T12:00:29.260+0000] {logging_mixin.py:188} INFO - [2025-07-19T12:00:29.260+0000] {dag.py:3036} INFO - Sync 1 DAGs
[2025-07-19T12:00:29.272+0000] {logging_mixin.py:188} INFO - [2025-07-19T12:00:29.272+0000] {dag.py:3823} INFO - Setting next_dagrun for launch_streamlit_dashboard to None, run_after=None
[2025-07-19T12:00:29.292+0000] {processor.py:183} INFO - Processing /opt/airflow/dags/eda_airflow.py took 0.081 seconds
[2025-07-19T12:00:59.724+0000] {processor.py:161} INFO - Started process (PID=16501) to work on /opt/airflow/dags/eda_airflow.py
[2025-07-19T12:00:59.726+0000] {processor.py:830} INFO - Processing file /opt/airflow/dags/eda_airflow.py for tasks to queue
[2025-07-19T12:00:59.727+0000] {logging_mixin.py:188} INFO - [2025-07-19T12:00:59.726+0000] {dagbag.py:538} INFO - Filling up the DagBag from /opt/airflow/dags/eda_airflow.py
[2025-07-19T12:00:59.741+0000] {processor.py:840} INFO - DAG(s) 'launch_streamlit_dashboard' retrieved from /opt/airflow/dags/eda_airflow.py
[2025-07-19T12:00:59.868+0000] {logging_mixin.py:188} INFO - [2025-07-19T12:00:59.868+0000] {dag.py:3036} INFO - Sync 1 DAGs
[2025-07-19T12:00:59.877+0000] {logging_mixin.py:188} INFO - [2025-07-19T12:00:59.877+0000] {dag.py:3823} INFO - Setting next_dagrun for launch_streamlit_dashboard to None, run_after=None
[2025-07-19T12:00:59.899+0000] {processor.py:183} INFO - Processing /opt/airflow/dags/eda_airflow.py took 0.178 seconds
[2025-07-19T12:01:30.344+0000] {processor.py:161} INFO - Started process (PID=16526) to work on /opt/airflow/dags/eda_airflow.py
[2025-07-19T12:01:30.345+0000] {processor.py:830} INFO - Processing file /opt/airflow/dags/eda_airflow.py for tasks to queue
[2025-07-19T12:01:30.346+0000] {logging_mixin.py:188} INFO - [2025-07-19T12:01:30.345+0000] {dagbag.py:538} INFO - Filling up the DagBag from /opt/airflow/dags/eda_airflow.py
[2025-07-19T12:01:30.360+0000] {processor.py:840} INFO - DAG(s) 'launch_streamlit_dashboard' retrieved from /opt/airflow/dags/eda_airflow.py
[2025-07-19T12:01:30.384+0000] {logging_mixin.py:188} INFO - [2025-07-19T12:01:30.384+0000] {dag.py:3036} INFO - Sync 1 DAGs
[2025-07-19T12:01:30.396+0000] {logging_mixin.py:188} INFO - [2025-07-19T12:01:30.396+0000] {dag.py:3823} INFO - Setting next_dagrun for launch_streamlit_dashboard to None, run_after=None
[2025-07-19T12:01:30.417+0000] {processor.py:183} INFO - Processing /opt/airflow/dags/eda_airflow.py took 0.077 seconds
[2025-07-19T12:02:00.890+0000] {processor.py:161} INFO - Started process (PID=16551) to work on /opt/airflow/dags/eda_airflow.py
[2025-07-19T12:02:00.892+0000] {processor.py:830} INFO - Processing file /opt/airflow/dags/eda_airflow.py for tasks to queue
[2025-07-19T12:02:00.894+0000] {logging_mixin.py:188} INFO - [2025-07-19T12:02:00.893+0000] {dagbag.py:538} INFO - Filling up the DagBag from /opt/airflow/dags/eda_airflow.py
[2025-07-19T12:02:00.907+0000] {processor.py:840} INFO - DAG(s) 'launch_streamlit_dashboard' retrieved from /opt/airflow/dags/eda_airflow.py
[2025-07-19T12:02:00.918+0000] {logging_mixin.py:188} INFO - [2025-07-19T12:02:00.918+0000] {dag.py:3036} INFO - Sync 1 DAGs
[2025-07-19T12:02:00.954+0000] {logging_mixin.py:188} INFO - [2025-07-19T12:02:00.953+0000] {dag.py:3823} INFO - Setting next_dagrun for launch_streamlit_dashboard to None, run_after=None
[2025-07-19T12:02:00.994+0000] {processor.py:183} INFO - Processing /opt/airflow/dags/eda_airflow.py took 0.111 seconds
[2025-07-19T12:02:31.298+0000] {processor.py:161} INFO - Started process (PID=16576) to work on /opt/airflow/dags/eda_airflow.py
[2025-07-19T12:02:31.299+0000] {processor.py:830} INFO - Processing file /opt/airflow/dags/eda_airflow.py for tasks to queue
[2025-07-19T12:02:31.300+0000] {logging_mixin.py:188} INFO - [2025-07-19T12:02:31.300+0000] {dagbag.py:538} INFO - Filling up the DagBag from /opt/airflow/dags/eda_airflow.py
[2025-07-19T12:02:31.311+0000] {processor.py:840} INFO - DAG(s) 'launch_streamlit_dashboard' retrieved from /opt/airflow/dags/eda_airflow.py
[2025-07-19T12:02:31.412+0000] {logging_mixin.py:188} INFO - [2025-07-19T12:02:31.412+0000] {dag.py:3036} INFO - Sync 1 DAGs
[2025-07-19T12:02:31.421+0000] {logging_mixin.py:188} INFO - [2025-07-19T12:02:31.420+0000] {dag.py:3823} INFO - Setting next_dagrun for launch_streamlit_dashboard to None, run_after=None
[2025-07-19T12:02:31.443+0000] {processor.py:183} INFO - Processing /opt/airflow/dags/eda_airflow.py took 0.148 seconds
[2025-07-19T12:03:01.856+0000] {processor.py:161} INFO - Started process (PID=16601) to work on /opt/airflow/dags/eda_airflow.py
[2025-07-19T12:03:01.857+0000] {processor.py:830} INFO - Processing file /opt/airflow/dags/eda_airflow.py for tasks to queue
[2025-07-19T12:03:01.858+0000] {logging_mixin.py:188} INFO - [2025-07-19T12:03:01.858+0000] {dagbag.py:538} INFO - Filling up the DagBag from /opt/airflow/dags/eda_airflow.py
[2025-07-19T12:03:01.868+0000] {processor.py:840} INFO - DAG(s) 'launch_streamlit_dashboard' retrieved from /opt/airflow/dags/eda_airflow.py
[2025-07-19T12:03:01.893+0000] {logging_mixin.py:188} INFO - [2025-07-19T12:03:01.893+0000] {dag.py:3036} INFO - Sync 1 DAGs
[2025-07-19T12:03:01.904+0000] {logging_mixin.py:188} INFO - [2025-07-19T12:03:01.904+0000] {dag.py:3823} INFO - Setting next_dagrun for launch_streamlit_dashboard to None, run_after=None
[2025-07-19T12:03:01.927+0000] {processor.py:183} INFO - Processing /opt/airflow/dags/eda_airflow.py took 0.074 seconds
[2025-07-19T12:03:32.391+0000] {processor.py:161} INFO - Started process (PID=16626) to work on /opt/airflow/dags/eda_airflow.py
[2025-07-19T12:03:32.392+0000] {processor.py:830} INFO - Processing file /opt/airflow/dags/eda_airflow.py for tasks to queue
[2025-07-19T12:03:32.393+0000] {logging_mixin.py:188} INFO - [2025-07-19T12:03:32.393+0000] {dagbag.py:538} INFO - Filling up the DagBag from /opt/airflow/dags/eda_airflow.py
[2025-07-19T12:03:32.404+0000] {processor.py:840} INFO - DAG(s) 'launch_streamlit_dashboard' retrieved from /opt/airflow/dags/eda_airflow.py
[2025-07-19T12:03:32.415+0000] {logging_mixin.py:188} INFO - [2025-07-19T12:03:32.414+0000] {dag.py:3036} INFO - Sync 1 DAGs
[2025-07-19T12:03:32.427+0000] {logging_mixin.py:188} INFO - [2025-07-19T12:03:32.427+0000] {dag.py:3823} INFO - Setting next_dagrun for launch_streamlit_dashboard to None, run_after=None
[2025-07-19T12:03:32.451+0000] {processor.py:183} INFO - Processing /opt/airflow/dags/eda_airflow.py took 0.063 seconds
[2025-07-19T12:04:02.644+0000] {processor.py:161} INFO - Started process (PID=16650) to work on /opt/airflow/dags/eda_airflow.py
[2025-07-19T12:04:02.646+0000] {processor.py:830} INFO - Processing file /opt/airflow/dags/eda_airflow.py for tasks to queue
[2025-07-19T12:04:02.647+0000] {logging_mixin.py:188} INFO - [2025-07-19T12:04:02.647+0000] {dagbag.py:538} INFO - Filling up the DagBag from /opt/airflow/dags/eda_airflow.py
[2025-07-19T12:04:02.660+0000] {processor.py:840} INFO - DAG(s) 'launch_streamlit_dashboard' retrieved from /opt/airflow/dags/eda_airflow.py
[2025-07-19T12:04:02.769+0000] {logging_mixin.py:188} INFO - [2025-07-19T12:04:02.769+0000] {dag.py:3036} INFO - Sync 1 DAGs
[2025-07-19T12:04:02.780+0000] {logging_mixin.py:188} INFO - [2025-07-19T12:04:02.780+0000] {dag.py:3823} INFO - Setting next_dagrun for launch_streamlit_dashboard to None, run_after=None
[2025-07-19T12:04:02.838+0000] {processor.py:183} INFO - Processing /opt/airflow/dags/eda_airflow.py took 0.197 seconds
[2025-07-19T12:04:33.475+0000] {processor.py:161} INFO - Started process (PID=16669) to work on /opt/airflow/dags/eda_airflow.py
[2025-07-19T12:04:33.476+0000] {processor.py:830} INFO - Processing file /opt/airflow/dags/eda_airflow.py for tasks to queue
[2025-07-19T12:04:33.477+0000] {logging_mixin.py:188} INFO - [2025-07-19T12:04:33.477+0000] {dagbag.py:538} INFO - Filling up the DagBag from /opt/airflow/dags/eda_airflow.py
[2025-07-19T12:04:33.489+0000] {processor.py:840} INFO - DAG(s) 'launch_streamlit_dashboard' retrieved from /opt/airflow/dags/eda_airflow.py
[2025-07-19T12:04:33.527+0000] {logging_mixin.py:188} INFO - [2025-07-19T12:04:33.527+0000] {dag.py:3036} INFO - Sync 1 DAGs
[2025-07-19T12:04:33.542+0000] {logging_mixin.py:188} INFO - [2025-07-19T12:04:33.542+0000] {dag.py:3823} INFO - Setting next_dagrun for launch_streamlit_dashboard to None, run_after=None
[2025-07-19T12:04:33.567+0000] {processor.py:183} INFO - Processing /opt/airflow/dags/eda_airflow.py took 0.095 seconds
[2025-07-19T12:05:27.290+0000] {processor.py:161} INFO - Started process (PID=16694) to work on /opt/airflow/dags/eda_airflow.py
[2025-07-19T12:05:27.291+0000] {processor.py:830} INFO - Processing file /opt/airflow/dags/eda_airflow.py for tasks to queue
[2025-07-19T12:05:27.292+0000] {logging_mixin.py:188} INFO - [2025-07-19T12:05:27.291+0000] {dagbag.py:538} INFO - Filling up the DagBag from /opt/airflow/dags/eda_airflow.py
[2025-07-19T12:05:27.303+0000] {processor.py:840} INFO - DAG(s) 'launch_streamlit_dashboard' retrieved from /opt/airflow/dags/eda_airflow.py
[2025-07-19T12:05:27.388+0000] {logging_mixin.py:188} INFO - [2025-07-19T12:05:27.388+0000] {dag.py:3036} INFO - Sync 1 DAGs
[2025-07-19T12:05:27.400+0000] {logging_mixin.py:188} INFO - [2025-07-19T12:05:27.400+0000] {dag.py:3823} INFO - Setting next_dagrun for launch_streamlit_dashboard to None, run_after=None
[2025-07-19T12:05:27.422+0000] {processor.py:183} INFO - Processing /opt/airflow/dags/eda_airflow.py took 0.135 seconds
[2025-07-19T12:05:58.233+0000] {processor.py:161} INFO - Started process (PID=16719) to work on /opt/airflow/dags/eda_airflow.py
[2025-07-19T12:05:58.234+0000] {processor.py:830} INFO - Processing file /opt/airflow/dags/eda_airflow.py for tasks to queue
[2025-07-19T12:05:58.235+0000] {logging_mixin.py:188} INFO - [2025-07-19T12:05:58.235+0000] {dagbag.py:538} INFO - Filling up the DagBag from /opt/airflow/dags/eda_airflow.py
[2025-07-19T12:05:58.249+0000] {processor.py:840} INFO - DAG(s) 'launch_streamlit_dashboard' retrieved from /opt/airflow/dags/eda_airflow.py
[2025-07-19T12:05:58.383+0000] {logging_mixin.py:188} INFO - [2025-07-19T12:05:58.383+0000] {dag.py:3036} INFO - Sync 1 DAGs
[2025-07-19T12:05:58.499+0000] {logging_mixin.py:188} INFO - [2025-07-19T12:05:58.498+0000] {dag.py:3823} INFO - Setting next_dagrun for launch_streamlit_dashboard to None, run_after=None
[2025-07-19T12:05:59.024+0000] {processor.py:183} INFO - Processing /opt/airflow/dags/eda_airflow.py took 0.797 seconds
[2025-07-19T12:06:52.605+0000] {processor.py:161} INFO - Started process (PID=16744) to work on /opt/airflow/dags/eda_airflow.py
[2025-07-19T12:06:52.606+0000] {processor.py:830} INFO - Processing file /opt/airflow/dags/eda_airflow.py for tasks to queue
[2025-07-19T12:06:52.607+0000] {logging_mixin.py:188} INFO - [2025-07-19T12:06:52.607+0000] {dagbag.py:538} INFO - Filling up the DagBag from /opt/airflow/dags/eda_airflow.py
[2025-07-19T12:06:52.618+0000] {processor.py:840} INFO - DAG(s) 'launch_streamlit_dashboard' retrieved from /opt/airflow/dags/eda_airflow.py
[2025-07-19T12:06:52.863+0000] {logging_mixin.py:188} INFO - [2025-07-19T12:06:52.863+0000] {dag.py:3036} INFO - Sync 1 DAGs
[2025-07-19T12:06:58.910+0000] {logging_mixin.py:188} INFO - [2025-07-19T12:06:58.910+0000] {dag.py:3823} INFO - Setting next_dagrun for launch_streamlit_dashboard to None, run_after=None
[2025-07-19T12:07:01.592+0000] {processor.py:183} INFO - Processing /opt/airflow/dags/eda_airflow.py took 9.067 seconds
[2025-07-19T12:07:39.003+0000] {processor.py:161} INFO - Started process (PID=16784) to work on /opt/airflow/dags/eda_airflow.py
[2025-07-19T12:07:39.004+0000] {processor.py:830} INFO - Processing file /opt/airflow/dags/eda_airflow.py for tasks to queue
[2025-07-19T12:07:39.005+0000] {logging_mixin.py:188} INFO - [2025-07-19T12:07:39.004+0000] {dagbag.py:538} INFO - Filling up the DagBag from /opt/airflow/dags/eda_airflow.py
[2025-07-19T12:07:39.016+0000] {processor.py:840} INFO - DAG(s) 'launch_streamlit_dashboard' retrieved from /opt/airflow/dags/eda_airflow.py
[2025-07-19T12:07:41.891+0000] {logging_mixin.py:188} INFO - [2025-07-19T12:07:41.890+0000] {dag.py:3036} INFO - Sync 1 DAGs
[2025-07-19T12:07:47.839+0000] {logging_mixin.py:188} INFO - [2025-07-19T12:07:47.839+0000] {dag.py:3823} INFO - Setting next_dagrun for launch_streamlit_dashboard to None, run_after=None
[2025-07-19T12:07:53.963+0000] {processor.py:183} INFO - Processing /opt/airflow/dags/eda_airflow.py took 14.964 seconds
[2025-07-19T12:08:24.946+0000] {processor.py:161} INFO - Started process (PID=16809) to work on /opt/airflow/dags/eda_airflow.py
[2025-07-19T12:08:24.947+0000] {processor.py:830} INFO - Processing file /opt/airflow/dags/eda_airflow.py for tasks to queue
[2025-07-19T12:08:24.949+0000] {logging_mixin.py:188} INFO - [2025-07-19T12:08:24.949+0000] {dagbag.py:538} INFO - Filling up the DagBag from /opt/airflow/dags/eda_airflow.py
[2025-07-19T12:08:24.976+0000] {processor.py:840} INFO - DAG(s) 'launch_streamlit_dashboard' retrieved from /opt/airflow/dags/eda_airflow.py
[2025-07-19T12:08:25.020+0000] {logging_mixin.py:188} INFO - [2025-07-19T12:08:25.020+0000] {dag.py:3036} INFO - Sync 1 DAGs
[2025-07-19T12:08:25.039+0000] {logging_mixin.py:188} INFO - [2025-07-19T12:08:25.039+0000] {dag.py:3823} INFO - Setting next_dagrun for launch_streamlit_dashboard to None, run_after=None
[2025-07-19T12:08:25.062+0000] {processor.py:183} INFO - Processing /opt/airflow/dags/eda_airflow.py took 0.121 seconds
[2025-07-19T12:09:23.279+0000] {processor.py:161} INFO - Started process (PID=16832) to work on /opt/airflow/dags/eda_airflow.py
[2025-07-19T12:09:23.280+0000] {processor.py:830} INFO - Processing file /opt/airflow/dags/eda_airflow.py for tasks to queue
[2025-07-19T12:09:23.282+0000] {logging_mixin.py:188} INFO - [2025-07-19T12:09:23.281+0000] {dagbag.py:538} INFO - Filling up the DagBag from /opt/airflow/dags/eda_airflow.py
[2025-07-19T12:09:23.292+0000] {processor.py:840} INFO - DAG(s) 'launch_streamlit_dashboard' retrieved from /opt/airflow/dags/eda_airflow.py
[2025-07-19T12:09:23.344+0000] {logging_mixin.py:188} INFO - [2025-07-19T12:09:23.344+0000] {dag.py:3036} INFO - Sync 1 DAGs
[2025-07-19T12:09:23.358+0000] {logging_mixin.py:188} INFO - [2025-07-19T12:09:23.358+0000] {dag.py:3823} INFO - Setting next_dagrun for launch_streamlit_dashboard to None, run_after=None
[2025-07-19T12:09:23.379+0000] {processor.py:183} INFO - Processing /opt/airflow/dags/eda_airflow.py took 0.104 seconds
[2025-07-19T12:10:19.479+0000] {processor.py:161} INFO - Started process (PID=16857) to work on /opt/airflow/dags/eda_airflow.py
[2025-07-19T12:10:19.480+0000] {processor.py:830} INFO - Processing file /opt/airflow/dags/eda_airflow.py for tasks to queue
[2025-07-19T12:10:19.482+0000] {logging_mixin.py:188} INFO - [2025-07-19T12:10:19.481+0000] {dagbag.py:538} INFO - Filling up the DagBag from /opt/airflow/dags/eda_airflow.py
[2025-07-19T12:10:19.566+0000] {processor.py:840} INFO - DAG(s) 'launch_streamlit_dashboard' retrieved from /opt/airflow/dags/eda_airflow.py
[2025-07-19T12:10:19.690+0000] {logging_mixin.py:188} INFO - [2025-07-19T12:10:19.689+0000] {dag.py:3036} INFO - Sync 1 DAGs
[2025-07-19T12:10:19.702+0000] {logging_mixin.py:188} INFO - [2025-07-19T12:10:19.702+0000] {dag.py:3823} INFO - Setting next_dagrun for launch_streamlit_dashboard to None, run_after=None
[2025-07-19T12:10:19.723+0000] {processor.py:183} INFO - Processing /opt/airflow/dags/eda_airflow.py took 0.247 seconds
[2025-07-19T12:10:49.987+0000] {processor.py:161} INFO - Started process (PID=16877) to work on /opt/airflow/dags/eda_airflow.py
[2025-07-19T12:10:49.989+0000] {processor.py:830} INFO - Processing file /opt/airflow/dags/eda_airflow.py for tasks to queue
[2025-07-19T12:10:49.990+0000] {logging_mixin.py:188} INFO - [2025-07-19T12:10:49.990+0000] {dagbag.py:538} INFO - Filling up the DagBag from /opt/airflow/dags/eda_airflow.py
[2025-07-19T12:10:50.129+0000] {processor.py:840} INFO - DAG(s) 'launch_streamlit_dashboard' retrieved from /opt/airflow/dags/eda_airflow.py
[2025-07-19T12:10:50.192+0000] {logging_mixin.py:188} INFO - [2025-07-19T12:10:50.192+0000] {dag.py:3036} INFO - Sync 1 DAGs
[2025-07-19T12:10:50.205+0000] {logging_mixin.py:188} INFO - [2025-07-19T12:10:50.205+0000] {dag.py:3823} INFO - Setting next_dagrun for launch_streamlit_dashboard to None, run_after=None
[2025-07-19T12:10:50.225+0000] {processor.py:183} INFO - Processing /opt/airflow/dags/eda_airflow.py took 0.241 seconds
[2025-07-19T12:12:29.901+0000] {processor.py:161} INFO - Started process (PID=16901) to work on /opt/airflow/dags/eda_airflow.py
[2025-07-19T12:12:29.902+0000] {processor.py:830} INFO - Processing file /opt/airflow/dags/eda_airflow.py for tasks to queue
[2025-07-19T12:12:29.903+0000] {logging_mixin.py:188} INFO - [2025-07-19T12:12:29.903+0000] {dagbag.py:538} INFO - Filling up the DagBag from /opt/airflow/dags/eda_airflow.py
[2025-07-19T12:12:29.918+0000] {processor.py:840} INFO - DAG(s) 'launch_streamlit_dashboard' retrieved from /opt/airflow/dags/eda_airflow.py
[2025-07-19T12:12:29.950+0000] {logging_mixin.py:188} INFO - [2025-07-19T12:12:29.950+0000] {dag.py:3036} INFO - Sync 1 DAGs
[2025-07-19T12:12:29.963+0000] {logging_mixin.py:188} INFO - [2025-07-19T12:12:29.963+0000] {dag.py:3823} INFO - Setting next_dagrun for launch_streamlit_dashboard to None, run_after=None
[2025-07-19T12:12:30.551+0000] {processor.py:183} INFO - Processing /opt/airflow/dags/eda_airflow.py took 0.660 seconds
[2025-07-19T12:13:20.958+0000] {processor.py:161} INFO - Started process (PID=16922) to work on /opt/airflow/dags/eda_airflow.py
[2025-07-19T12:13:20.959+0000] {processor.py:830} INFO - Processing file /opt/airflow/dags/eda_airflow.py for tasks to queue
[2025-07-19T12:13:20.960+0000] {logging_mixin.py:188} INFO - [2025-07-19T12:13:20.959+0000] {dagbag.py:538} INFO - Filling up the DagBag from /opt/airflow/dags/eda_airflow.py
[2025-07-19T12:13:21.088+0000] {processor.py:840} INFO - DAG(s) 'launch_streamlit_dashboard' retrieved from /opt/airflow/dags/eda_airflow.py
[2025-07-19T12:13:21.114+0000] {logging_mixin.py:188} INFO - [2025-07-19T12:13:21.114+0000] {dag.py:3036} INFO - Sync 1 DAGs
[2025-07-19T12:13:21.126+0000] {logging_mixin.py:188} INFO - [2025-07-19T12:13:21.126+0000] {dag.py:3823} INFO - Setting next_dagrun for launch_streamlit_dashboard to None, run_after=None
[2025-07-19T12:13:21.145+0000] {processor.py:183} INFO - Processing /opt/airflow/dags/eda_airflow.py took 0.190 seconds
[2025-07-19T12:14:11.724+0000] {processor.py:161} INFO - Started process (PID=16943) to work on /opt/airflow/dags/eda_airflow.py
[2025-07-19T12:14:11.725+0000] {processor.py:830} INFO - Processing file /opt/airflow/dags/eda_airflow.py for tasks to queue
[2025-07-19T12:14:11.727+0000] {logging_mixin.py:188} INFO - [2025-07-19T12:14:11.727+0000] {dagbag.py:538} INFO - Filling up the DagBag from /opt/airflow/dags/eda_airflow.py
[2025-07-19T12:14:11.762+0000] {processor.py:840} INFO - DAG(s) 'launch_streamlit_dashboard' retrieved from /opt/airflow/dags/eda_airflow.py
[2025-07-19T12:14:11.786+0000] {logging_mixin.py:188} INFO - [2025-07-19T12:14:11.786+0000] {dag.py:3036} INFO - Sync 1 DAGs
[2025-07-19T12:14:11.798+0000] {logging_mixin.py:188} INFO - [2025-07-19T12:14:11.797+0000] {dag.py:3823} INFO - Setting next_dagrun for launch_streamlit_dashboard to None, run_after=None
[2025-07-19T12:14:11.817+0000] {processor.py:183} INFO - Processing /opt/airflow/dags/eda_airflow.py took 0.098 seconds
[2025-07-19T12:15:09.312+0000] {processor.py:161} INFO - Started process (PID=16959) to work on /opt/airflow/dags/eda_airflow.py
[2025-07-19T12:15:09.313+0000] {processor.py:830} INFO - Processing file /opt/airflow/dags/eda_airflow.py for tasks to queue
[2025-07-19T12:15:09.314+0000] {logging_mixin.py:188} INFO - [2025-07-19T12:15:09.314+0000] {dagbag.py:538} INFO - Filling up the DagBag from /opt/airflow/dags/eda_airflow.py
[2025-07-19T12:15:09.324+0000] {processor.py:840} INFO - DAG(s) 'launch_streamlit_dashboard' retrieved from /opt/airflow/dags/eda_airflow.py
[2025-07-19T12:41:54.386+0000] {processor.py:161} INFO - Started process (PID=194) to work on /opt/airflow/dags/eda_airflow.py
[2025-07-19T12:41:54.391+0000] {processor.py:830} INFO - Processing file /opt/airflow/dags/eda_airflow.py for tasks to queue
[2025-07-19T12:41:54.393+0000] {logging_mixin.py:188} INFO - [2025-07-19T12:41:54.393+0000] {dagbag.py:538} INFO - Filling up the DagBag from /opt/airflow/dags/eda_airflow.py
[2025-07-19T12:41:54.434+0000] {processor.py:840} INFO - DAG(s) 'launch_streamlit_dashboard' retrieved from /opt/airflow/dags/eda_airflow.py
[2025-07-19T12:41:54.478+0000] {logging_mixin.py:188} INFO - [2025-07-19T12:41:54.477+0000] {dag.py:3036} INFO - Sync 1 DAGs
[2025-07-19T12:41:54.509+0000] {logging_mixin.py:188} INFO - [2025-07-19T12:41:54.509+0000] {dag.py:3823} INFO - Setting next_dagrun for launch_streamlit_dashboard to None, run_after=None
[2025-07-19T12:41:54.580+0000] {processor.py:183} INFO - Processing /opt/airflow/dags/eda_airflow.py took 0.199 seconds
[2025-07-19T12:42:26.728+0000] {processor.py:161} INFO - Started process (PID=219) to work on /opt/airflow/dags/eda_airflow.py
[2025-07-19T12:42:27.329+0000] {processor.py:830} INFO - Processing file /opt/airflow/dags/eda_airflow.py for tasks to queue
[2025-07-19T12:42:27.331+0000] {logging_mixin.py:188} INFO - [2025-07-19T12:42:27.330+0000] {dagbag.py:538} INFO - Filling up the DagBag from /opt/airflow/dags/eda_airflow.py
[2025-07-19T12:42:27.375+0000] {processor.py:840} INFO - DAG(s) 'launch_streamlit_dashboard' retrieved from /opt/airflow/dags/eda_airflow.py
[2025-07-19T12:42:27.562+0000] {logging_mixin.py:188} INFO - [2025-07-19T12:42:27.561+0000] {dag.py:3036} INFO - Sync 1 DAGs
[2025-07-19T12:42:27.872+0000] {logging_mixin.py:188} INFO - [2025-07-19T12:42:27.871+0000] {dag.py:3823} INFO - Setting next_dagrun for launch_streamlit_dashboard to None, run_after=None
[2025-07-19T12:42:27.903+0000] {processor.py:183} INFO - Processing /opt/airflow/dags/eda_airflow.py took 1.179 seconds
[2025-07-19T12:42:58.103+0000] {processor.py:161} INFO - Started process (PID=249) to work on /opt/airflow/dags/eda_airflow.py
[2025-07-19T12:42:58.105+0000] {processor.py:830} INFO - Processing file /opt/airflow/dags/eda_airflow.py for tasks to queue
[2025-07-19T12:42:58.106+0000] {logging_mixin.py:188} INFO - [2025-07-19T12:42:58.105+0000] {dagbag.py:538} INFO - Filling up the DagBag from /opt/airflow/dags/eda_airflow.py
[2025-07-19T12:42:58.120+0000] {processor.py:840} INFO - DAG(s) 'launch_streamlit_dashboard' retrieved from /opt/airflow/dags/eda_airflow.py
[2025-07-19T12:42:58.500+0000] {logging_mixin.py:188} INFO - [2025-07-19T12:42:58.500+0000] {dag.py:3036} INFO - Sync 1 DAGs
[2025-07-19T12:42:58.514+0000] {logging_mixin.py:188} INFO - [2025-07-19T12:42:58.514+0000] {dag.py:3823} INFO - Setting next_dagrun for launch_streamlit_dashboard to None, run_after=None
[2025-07-19T12:42:58.578+0000] {processor.py:183} INFO - Processing /opt/airflow/dags/eda_airflow.py took 0.478 seconds
[2025-07-19T12:43:32.743+0000] {processor.py:161} INFO - Started process (PID=274) to work on /opt/airflow/dags/eda_airflow.py
[2025-07-19T12:43:32.745+0000] {processor.py:830} INFO - Processing file /opt/airflow/dags/eda_airflow.py for tasks to queue
[2025-07-19T12:43:32.746+0000] {logging_mixin.py:188} INFO - [2025-07-19T12:43:32.745+0000] {dagbag.py:538} INFO - Filling up the DagBag from /opt/airflow/dags/eda_airflow.py
[2025-07-19T12:43:33.376+0000] {processor.py:840} INFO - DAG(s) 'launch_streamlit_dashboard' retrieved from /opt/airflow/dags/eda_airflow.py
[2025-07-19T12:43:33.548+0000] {logging_mixin.py:188} INFO - [2025-07-19T12:43:33.547+0000] {dag.py:3036} INFO - Sync 1 DAGs
[2025-07-19T12:43:33.578+0000] {logging_mixin.py:188} INFO - [2025-07-19T12:43:33.578+0000] {dag.py:3823} INFO - Setting next_dagrun for launch_streamlit_dashboard to None, run_after=None
[2025-07-19T12:43:33.733+0000] {processor.py:183} INFO - Processing /opt/airflow/dags/eda_airflow.py took 0.993 seconds
[2025-07-19T12:46:46.159+0000] {processor.py:161} INFO - Started process (PID=194) to work on /opt/airflow/dags/eda_airflow.py
[2025-07-19T12:46:46.160+0000] {processor.py:830} INFO - Processing file /opt/airflow/dags/eda_airflow.py for tasks to queue
[2025-07-19T12:46:46.161+0000] {logging_mixin.py:188} INFO - [2025-07-19T12:46:46.161+0000] {dagbag.py:538} INFO - Filling up the DagBag from /opt/airflow/dags/eda_airflow.py
[2025-07-19T12:46:46.178+0000] {processor.py:840} INFO - DAG(s) 'launch_streamlit_dashboard' retrieved from /opt/airflow/dags/eda_airflow.py
[2025-07-19T12:46:46.202+0000] {logging_mixin.py:188} INFO - [2025-07-19T12:46:46.202+0000] {dag.py:3036} INFO - Sync 1 DAGs
[2025-07-19T12:46:46.217+0000] {logging_mixin.py:188} INFO - [2025-07-19T12:46:46.217+0000] {dag.py:3823} INFO - Setting next_dagrun for launch_streamlit_dashboard to None, run_after=None
[2025-07-19T12:46:46.241+0000] {processor.py:183} INFO - Processing /opt/airflow/dags/eda_airflow.py took 0.085 seconds
[2025-07-19T12:47:16.763+0000] {processor.py:161} INFO - Started process (PID=224) to work on /opt/airflow/dags/eda_airflow.py
[2025-07-19T12:47:16.764+0000] {processor.py:830} INFO - Processing file /opt/airflow/dags/eda_airflow.py for tasks to queue
[2025-07-19T12:47:16.765+0000] {logging_mixin.py:188} INFO - [2025-07-19T12:47:16.765+0000] {dagbag.py:538} INFO - Filling up the DagBag from /opt/airflow/dags/eda_airflow.py
[2025-07-19T12:47:16.782+0000] {processor.py:840} INFO - DAG(s) 'launch_streamlit_dashboard' retrieved from /opt/airflow/dags/eda_airflow.py
[2025-07-19T12:47:16.812+0000] {logging_mixin.py:188} INFO - [2025-07-19T12:47:16.811+0000] {dag.py:3036} INFO - Sync 1 DAGs
[2025-07-19T12:47:16.834+0000] {logging_mixin.py:188} INFO - [2025-07-19T12:47:16.834+0000] {dag.py:3823} INFO - Setting next_dagrun for launch_streamlit_dashboard to None, run_after=None
[2025-07-19T12:47:16.862+0000] {processor.py:183} INFO - Processing /opt/airflow/dags/eda_airflow.py took 0.102 seconds
[2025-07-19T12:47:47.343+0000] {processor.py:161} INFO - Started process (PID=254) to work on /opt/airflow/dags/eda_airflow.py
[2025-07-19T12:47:47.344+0000] {processor.py:830} INFO - Processing file /opt/airflow/dags/eda_airflow.py for tasks to queue
[2025-07-19T12:47:47.345+0000] {logging_mixin.py:188} INFO - [2025-07-19T12:47:47.344+0000] {dagbag.py:538} INFO - Filling up the DagBag from /opt/airflow/dags/eda_airflow.py
[2025-07-19T12:47:47.360+0000] {processor.py:840} INFO - DAG(s) 'launch_streamlit_dashboard' retrieved from /opt/airflow/dags/eda_airflow.py
[2025-07-19T12:47:47.372+0000] {logging_mixin.py:188} INFO - [2025-07-19T12:47:47.372+0000] {dag.py:3036} INFO - Sync 1 DAGs
[2025-07-19T12:47:47.394+0000] {logging_mixin.py:188} INFO - [2025-07-19T12:47:47.394+0000] {dag.py:3823} INFO - Setting next_dagrun for launch_streamlit_dashboard to None, run_after=None
[2025-07-19T12:47:47.435+0000] {processor.py:183} INFO - Processing /opt/airflow/dags/eda_airflow.py took 0.097 seconds
[2025-07-19T12:48:18.345+0000] {processor.py:161} INFO - Started process (PID=289) to work on /opt/airflow/dags/eda_airflow.py
[2025-07-19T12:48:18.346+0000] {processor.py:830} INFO - Processing file /opt/airflow/dags/eda_airflow.py for tasks to queue
[2025-07-19T12:48:18.346+0000] {logging_mixin.py:188} INFO - [2025-07-19T12:48:18.346+0000] {dagbag.py:538} INFO - Filling up the DagBag from /opt/airflow/dags/eda_airflow.py
[2025-07-19T12:48:18.360+0000] {processor.py:840} INFO - DAG(s) 'launch_streamlit_dashboard' retrieved from /opt/airflow/dags/eda_airflow.py
[2025-07-19T12:48:18.373+0000] {logging_mixin.py:188} INFO - [2025-07-19T12:48:18.371+0000] {dag.py:3036} INFO - Sync 1 DAGs
[2025-07-19T12:48:18.386+0000] {logging_mixin.py:188} INFO - [2025-07-19T12:48:18.386+0000] {dag.py:3823} INFO - Setting next_dagrun for launch_streamlit_dashboard to None, run_after=None
[2025-07-19T12:48:18.408+0000] {processor.py:183} INFO - Processing /opt/airflow/dags/eda_airflow.py took 0.067 seconds
[2025-07-19T12:48:48.471+0000] {processor.py:161} INFO - Started process (PID=319) to work on /opt/airflow/dags/eda_airflow.py
[2025-07-19T12:48:48.473+0000] {processor.py:830} INFO - Processing file /opt/airflow/dags/eda_airflow.py for tasks to queue
[2025-07-19T12:48:48.474+0000] {logging_mixin.py:188} INFO - [2025-07-19T12:48:48.473+0000] {dagbag.py:538} INFO - Filling up the DagBag from /opt/airflow/dags/eda_airflow.py
[2025-07-19T12:48:48.489+0000] {processor.py:840} INFO - DAG(s) 'launch_streamlit_dashboard' retrieved from /opt/airflow/dags/eda_airflow.py
[2025-07-19T12:48:48.586+0000] {logging_mixin.py:188} INFO - [2025-07-19T12:48:48.586+0000] {dag.py:3036} INFO - Sync 1 DAGs
[2025-07-19T12:48:48.596+0000] {logging_mixin.py:188} INFO - [2025-07-19T12:48:48.596+0000] {dag.py:3823} INFO - Setting next_dagrun for launch_streamlit_dashboard to None, run_after=None
[2025-07-19T12:48:48.615+0000] {processor.py:183} INFO - Processing /opt/airflow/dags/eda_airflow.py took 0.147 seconds
[2025-07-19T12:49:19.211+0000] {processor.py:161} INFO - Started process (PID=347) to work on /opt/airflow/dags/eda_airflow.py
[2025-07-19T12:49:19.212+0000] {processor.py:830} INFO - Processing file /opt/airflow/dags/eda_airflow.py for tasks to queue
[2025-07-19T12:49:19.213+0000] {logging_mixin.py:188} INFO - [2025-07-19T12:49:19.212+0000] {dagbag.py:538} INFO - Filling up the DagBag from /opt/airflow/dags/eda_airflow.py
[2025-07-19T12:49:19.228+0000] {processor.py:840} INFO - DAG(s) 'launch_streamlit_dashboard' retrieved from /opt/airflow/dags/eda_airflow.py
[2025-07-19T12:49:19.238+0000] {logging_mixin.py:188} INFO - [2025-07-19T12:49:19.238+0000] {dag.py:3036} INFO - Sync 1 DAGs
[2025-07-19T12:49:19.253+0000] {logging_mixin.py:188} INFO - [2025-07-19T12:49:19.252+0000] {dag.py:3823} INFO - Setting next_dagrun for launch_streamlit_dashboard to None, run_after=None
[2025-07-19T12:49:19.274+0000] {processor.py:183} INFO - Processing /opt/airflow/dags/eda_airflow.py took 0.067 seconds
[2025-07-19T12:49:49.985+0000] {processor.py:161} INFO - Started process (PID=377) to work on /opt/airflow/dags/eda_airflow.py
[2025-07-19T12:49:49.986+0000] {processor.py:830} INFO - Processing file /opt/airflow/dags/eda_airflow.py for tasks to queue
[2025-07-19T12:49:49.987+0000] {logging_mixin.py:188} INFO - [2025-07-19T12:49:49.987+0000] {dagbag.py:538} INFO - Filling up the DagBag from /opt/airflow/dags/eda_airflow.py
[2025-07-19T12:49:50.004+0000] {processor.py:840} INFO - DAG(s) 'launch_streamlit_dashboard' retrieved from /opt/airflow/dags/eda_airflow.py
[2025-07-19T12:49:50.099+0000] {logging_mixin.py:188} INFO - [2025-07-19T12:49:50.099+0000] {dag.py:3036} INFO - Sync 1 DAGs
[2025-07-19T12:49:50.110+0000] {logging_mixin.py:188} INFO - [2025-07-19T12:49:50.110+0000] {dag.py:3823} INFO - Setting next_dagrun for launch_streamlit_dashboard to None, run_after=None
[2025-07-19T12:49:50.133+0000] {processor.py:183} INFO - Processing /opt/airflow/dags/eda_airflow.py took 0.151 seconds
[2025-07-19T12:50:20.569+0000] {processor.py:161} INFO - Started process (PID=413) to work on /opt/airflow/dags/eda_airflow.py
[2025-07-19T12:50:20.570+0000] {processor.py:830} INFO - Processing file /opt/airflow/dags/eda_airflow.py for tasks to queue
[2025-07-19T12:50:20.571+0000] {logging_mixin.py:188} INFO - [2025-07-19T12:50:20.571+0000] {dagbag.py:538} INFO - Filling up the DagBag from /opt/airflow/dags/eda_airflow.py
[2025-07-19T12:50:20.586+0000] {processor.py:840} INFO - DAG(s) 'launch_streamlit_dashboard' retrieved from /opt/airflow/dags/eda_airflow.py
[2025-07-19T12:50:20.596+0000] {logging_mixin.py:188} INFO - [2025-07-19T12:50:20.596+0000] {dag.py:3036} INFO - Sync 1 DAGs
[2025-07-19T12:50:20.610+0000] {logging_mixin.py:188} INFO - [2025-07-19T12:50:20.610+0000] {dag.py:3823} INFO - Setting next_dagrun for launch_streamlit_dashboard to None, run_after=None
[2025-07-19T12:50:20.637+0000] {processor.py:183} INFO - Processing /opt/airflow/dags/eda_airflow.py took 0.071 seconds
[2025-07-19T12:50:51.120+0000] {processor.py:161} INFO - Started process (PID=445) to work on /opt/airflow/dags/eda_airflow.py
[2025-07-19T12:50:51.121+0000] {processor.py:830} INFO - Processing file /opt/airflow/dags/eda_airflow.py for tasks to queue
[2025-07-19T12:50:51.122+0000] {logging_mixin.py:188} INFO - [2025-07-19T12:50:51.122+0000] {dagbag.py:538} INFO - Filling up the DagBag from /opt/airflow/dags/eda_airflow.py
[2025-07-19T12:50:51.139+0000] {processor.py:840} INFO - DAG(s) 'launch_streamlit_dashboard' retrieved from /opt/airflow/dags/eda_airflow.py
[2025-07-19T12:50:51.239+0000] {logging_mixin.py:188} INFO - [2025-07-19T12:50:51.239+0000] {dag.py:3036} INFO - Sync 1 DAGs
[2025-07-19T12:50:51.250+0000] {logging_mixin.py:188} INFO - [2025-07-19T12:50:51.250+0000] {dag.py:3823} INFO - Setting next_dagrun for launch_streamlit_dashboard to None, run_after=None
[2025-07-19T12:50:51.275+0000] {processor.py:183} INFO - Processing /opt/airflow/dags/eda_airflow.py took 0.158 seconds
[2025-07-19T12:51:21.780+0000] {processor.py:161} INFO - Started process (PID=473) to work on /opt/airflow/dags/eda_airflow.py
[2025-07-19T12:51:21.781+0000] {processor.py:830} INFO - Processing file /opt/airflow/dags/eda_airflow.py for tasks to queue
[2025-07-19T12:51:21.782+0000] {logging_mixin.py:188} INFO - [2025-07-19T12:51:21.782+0000] {dagbag.py:538} INFO - Filling up the DagBag from /opt/airflow/dags/eda_airflow.py
[2025-07-19T12:51:21.797+0000] {processor.py:840} INFO - DAG(s) 'launch_streamlit_dashboard' retrieved from /opt/airflow/dags/eda_airflow.py
[2025-07-19T12:51:21.808+0000] {logging_mixin.py:188} INFO - [2025-07-19T12:51:21.808+0000] {dag.py:3036} INFO - Sync 1 DAGs
[2025-07-19T12:51:21.822+0000] {logging_mixin.py:188} INFO - [2025-07-19T12:51:21.821+0000] {dag.py:3823} INFO - Setting next_dagrun for launch_streamlit_dashboard to None, run_after=None
[2025-07-19T12:51:21.844+0000] {processor.py:183} INFO - Processing /opt/airflow/dags/eda_airflow.py took 0.067 seconds
[2025-07-19T12:51:52.439+0000] {processor.py:161} INFO - Started process (PID=510) to work on /opt/airflow/dags/eda_airflow.py
[2025-07-19T12:51:52.440+0000] {processor.py:830} INFO - Processing file /opt/airflow/dags/eda_airflow.py for tasks to queue
[2025-07-19T12:51:52.441+0000] {logging_mixin.py:188} INFO - [2025-07-19T12:51:52.440+0000] {dagbag.py:538} INFO - Filling up the DagBag from /opt/airflow/dags/eda_airflow.py
[2025-07-19T12:51:52.455+0000] {processor.py:840} INFO - DAG(s) 'launch_streamlit_dashboard' retrieved from /opt/airflow/dags/eda_airflow.py
[2025-07-19T12:51:52.556+0000] {logging_mixin.py:188} INFO - [2025-07-19T12:51:52.555+0000] {dag.py:3036} INFO - Sync 1 DAGs
[2025-07-19T12:51:52.566+0000] {logging_mixin.py:188} INFO - [2025-07-19T12:51:52.566+0000] {dag.py:3823} INFO - Setting next_dagrun for launch_streamlit_dashboard to None, run_after=None
[2025-07-19T12:51:52.589+0000] {processor.py:183} INFO - Processing /opt/airflow/dags/eda_airflow.py took 0.153 seconds
[2025-07-19T12:52:23.278+0000] {processor.py:161} INFO - Started process (PID=546) to work on /opt/airflow/dags/eda_airflow.py
[2025-07-19T12:52:23.279+0000] {processor.py:830} INFO - Processing file /opt/airflow/dags/eda_airflow.py for tasks to queue
[2025-07-19T12:52:23.281+0000] {logging_mixin.py:188} INFO - [2025-07-19T12:52:23.280+0000] {dagbag.py:538} INFO - Filling up the DagBag from /opt/airflow/dags/eda_airflow.py
[2025-07-19T12:52:23.296+0000] {processor.py:840} INFO - DAG(s) 'launch_streamlit_dashboard' retrieved from /opt/airflow/dags/eda_airflow.py
[2025-07-19T12:52:23.307+0000] {logging_mixin.py:188} INFO - [2025-07-19T12:52:23.307+0000] {dag.py:3036} INFO - Sync 1 DAGs
[2025-07-19T12:52:23.320+0000] {logging_mixin.py:188} INFO - [2025-07-19T12:52:23.320+0000] {dag.py:3823} INFO - Setting next_dagrun for launch_streamlit_dashboard to None, run_after=None
[2025-07-19T12:52:23.346+0000] {processor.py:183} INFO - Processing /opt/airflow/dags/eda_airflow.py took 0.071 seconds
[2025-07-19T12:52:53.832+0000] {processor.py:161} INFO - Started process (PID=579) to work on /opt/airflow/dags/eda_airflow.py
[2025-07-19T12:52:53.833+0000] {processor.py:830} INFO - Processing file /opt/airflow/dags/eda_airflow.py for tasks to queue
[2025-07-19T12:52:53.834+0000] {logging_mixin.py:188} INFO - [2025-07-19T12:52:53.834+0000] {dagbag.py:538} INFO - Filling up the DagBag from /opt/airflow/dags/eda_airflow.py
[2025-07-19T12:52:53.860+0000] {processor.py:840} INFO - DAG(s) 'launch_streamlit_dashboard' retrieved from /opt/airflow/dags/eda_airflow.py
[2025-07-19T12:52:53.957+0000] {logging_mixin.py:188} INFO - [2025-07-19T12:52:53.957+0000] {dag.py:3036} INFO - Sync 1 DAGs
[2025-07-19T12:52:53.967+0000] {logging_mixin.py:188} INFO - [2025-07-19T12:52:53.967+0000] {dag.py:3823} INFO - Setting next_dagrun for launch_streamlit_dashboard to None, run_after=None
[2025-07-19T12:52:53.988+0000] {processor.py:183} INFO - Processing /opt/airflow/dags/eda_airflow.py took 0.159 seconds
[2025-07-19T12:53:24.539+0000] {processor.py:161} INFO - Started process (PID=607) to work on /opt/airflow/dags/eda_airflow.py
[2025-07-19T12:53:24.540+0000] {processor.py:830} INFO - Processing file /opt/airflow/dags/eda_airflow.py for tasks to queue
[2025-07-19T12:53:24.541+0000] {logging_mixin.py:188} INFO - [2025-07-19T12:53:24.541+0000] {dagbag.py:538} INFO - Filling up the DagBag from /opt/airflow/dags/eda_airflow.py
[2025-07-19T12:53:24.557+0000] {processor.py:840} INFO - DAG(s) 'launch_streamlit_dashboard' retrieved from /opt/airflow/dags/eda_airflow.py
[2025-07-19T12:53:24.704+0000] {logging_mixin.py:188} INFO - [2025-07-19T12:53:24.703+0000] {dag.py:3036} INFO - Sync 1 DAGs
[2025-07-19T12:53:24.721+0000] {logging_mixin.py:188} INFO - [2025-07-19T12:53:24.720+0000] {dag.py:3823} INFO - Setting next_dagrun for launch_streamlit_dashboard to None, run_after=None
[2025-07-19T12:53:24.745+0000] {processor.py:183} INFO - Processing /opt/airflow/dags/eda_airflow.py took 0.209 seconds
[2025-07-19T12:53:55.457+0000] {processor.py:161} INFO - Started process (PID=652) to work on /opt/airflow/dags/eda_airflow.py
[2025-07-19T12:53:55.459+0000] {processor.py:830} INFO - Processing file /opt/airflow/dags/eda_airflow.py for tasks to queue
[2025-07-19T12:53:55.460+0000] {logging_mixin.py:188} INFO - [2025-07-19T12:53:55.459+0000] {dagbag.py:538} INFO - Filling up the DagBag from /opt/airflow/dags/eda_airflow.py
[2025-07-19T12:53:55.477+0000] {processor.py:840} INFO - DAG(s) 'launch_streamlit_dashboard' retrieved from /opt/airflow/dags/eda_airflow.py
[2025-07-19T12:53:55.489+0000] {logging_mixin.py:188} INFO - [2025-07-19T12:53:55.488+0000] {dag.py:3036} INFO - Sync 1 DAGs
[2025-07-19T12:53:55.503+0000] {logging_mixin.py:188} INFO - [2025-07-19T12:53:55.502+0000] {dag.py:3823} INFO - Setting next_dagrun for launch_streamlit_dashboard to None, run_after=None
[2025-07-19T12:53:55.526+0000] {processor.py:183} INFO - Processing /opt/airflow/dags/eda_airflow.py took 0.072 seconds
[2025-07-19T12:54:26.136+0000] {processor.py:161} INFO - Started process (PID=705) to work on /opt/airflow/dags/eda_airflow.py
[2025-07-19T12:54:26.137+0000] {processor.py:830} INFO - Processing file /opt/airflow/dags/eda_airflow.py for tasks to queue
[2025-07-19T12:54:26.138+0000] {logging_mixin.py:188} INFO - [2025-07-19T12:54:26.138+0000] {dagbag.py:538} INFO - Filling up the DagBag from /opt/airflow/dags/eda_airflow.py
[2025-07-19T12:54:26.154+0000] {processor.py:840} INFO - DAG(s) 'launch_streamlit_dashboard' retrieved from /opt/airflow/dags/eda_airflow.py
[2025-07-19T12:54:26.247+0000] {logging_mixin.py:188} INFO - [2025-07-19T12:54:26.246+0000] {dag.py:3036} INFO - Sync 1 DAGs
[2025-07-19T12:54:26.256+0000] {logging_mixin.py:188} INFO - [2025-07-19T12:54:26.256+0000] {dag.py:3823} INFO - Setting next_dagrun for launch_streamlit_dashboard to None, run_after=None
[2025-07-19T12:54:26.278+0000] {processor.py:183} INFO - Processing /opt/airflow/dags/eda_airflow.py took 0.145 seconds
[2025-07-19T12:54:56.816+0000] {processor.py:161} INFO - Started process (PID=738) to work on /opt/airflow/dags/eda_airflow.py
[2025-07-19T12:54:56.817+0000] {processor.py:830} INFO - Processing file /opt/airflow/dags/eda_airflow.py for tasks to queue
[2025-07-19T12:54:56.818+0000] {logging_mixin.py:188} INFO - [2025-07-19T12:54:56.817+0000] {dagbag.py:538} INFO - Filling up the DagBag from /opt/airflow/dags/eda_airflow.py
[2025-07-19T12:54:56.833+0000] {processor.py:840} INFO - DAG(s) 'launch_streamlit_dashboard' retrieved from /opt/airflow/dags/eda_airflow.py
[2025-07-19T12:54:56.932+0000] {logging_mixin.py:188} INFO - [2025-07-19T12:54:56.932+0000] {dag.py:3036} INFO - Sync 1 DAGs
[2025-07-19T12:54:56.943+0000] {logging_mixin.py:188} INFO - [2025-07-19T12:54:56.942+0000] {dag.py:3823} INFO - Setting next_dagrun for launch_streamlit_dashboard to None, run_after=None
[2025-07-19T12:54:56.967+0000] {processor.py:183} INFO - Processing /opt/airflow/dags/eda_airflow.py took 0.155 seconds
[2025-07-19T12:55:27.551+0000] {processor.py:161} INFO - Started process (PID=778) to work on /opt/airflow/dags/eda_airflow.py
[2025-07-19T12:55:27.553+0000] {processor.py:830} INFO - Processing file /opt/airflow/dags/eda_airflow.py for tasks to queue
[2025-07-19T12:55:27.555+0000] {logging_mixin.py:188} INFO - [2025-07-19T12:55:27.554+0000] {dagbag.py:538} INFO - Filling up the DagBag from /opt/airflow/dags/eda_airflow.py
[2025-07-19T12:55:27.580+0000] {processor.py:840} INFO - DAG(s) 'launch_streamlit_dashboard' retrieved from /opt/airflow/dags/eda_airflow.py
[2025-07-19T12:55:27.684+0000] {logging_mixin.py:188} INFO - [2025-07-19T12:55:27.684+0000] {dag.py:3036} INFO - Sync 1 DAGs
[2025-07-19T12:55:27.696+0000] {logging_mixin.py:188} INFO - [2025-07-19T12:55:27.695+0000] {dag.py:3823} INFO - Setting next_dagrun for launch_streamlit_dashboard to None, run_after=None
[2025-07-19T12:55:27.722+0000] {processor.py:183} INFO - Processing /opt/airflow/dags/eda_airflow.py took 0.175 seconds
[2025-07-19T12:55:58.323+0000] {processor.py:161} INFO - Started process (PID=818) to work on /opt/airflow/dags/eda_airflow.py
[2025-07-19T12:55:58.324+0000] {processor.py:830} INFO - Processing file /opt/airflow/dags/eda_airflow.py for tasks to queue
[2025-07-19T12:55:58.325+0000] {logging_mixin.py:188} INFO - [2025-07-19T12:55:58.325+0000] {dagbag.py:538} INFO - Filling up the DagBag from /opt/airflow/dags/eda_airflow.py
[2025-07-19T12:55:58.342+0000] {processor.py:840} INFO - DAG(s) 'launch_streamlit_dashboard' retrieved from /opt/airflow/dags/eda_airflow.py
[2025-07-19T12:55:58.353+0000] {logging_mixin.py:188} INFO - [2025-07-19T12:55:58.353+0000] {dag.py:3036} INFO - Sync 1 DAGs
[2025-07-19T12:55:58.367+0000] {logging_mixin.py:188} INFO - [2025-07-19T12:55:58.367+0000] {dag.py:3823} INFO - Setting next_dagrun for launch_streamlit_dashboard to None, run_after=None
[2025-07-19T12:55:58.396+0000] {processor.py:183} INFO - Processing /opt/airflow/dags/eda_airflow.py took 0.076 seconds
[2025-07-19T12:56:29.025+0000] {processor.py:161} INFO - Started process (PID=860) to work on /opt/airflow/dags/eda_airflow.py
[2025-07-19T12:56:29.026+0000] {processor.py:830} INFO - Processing file /opt/airflow/dags/eda_airflow.py for tasks to queue
[2025-07-19T12:56:29.027+0000] {logging_mixin.py:188} INFO - [2025-07-19T12:56:29.027+0000] {dagbag.py:538} INFO - Filling up the DagBag from /opt/airflow/dags/eda_airflow.py
[2025-07-19T12:56:29.043+0000] {processor.py:840} INFO - DAG(s) 'launch_streamlit_dashboard' retrieved from /opt/airflow/dags/eda_airflow.py
[2025-07-19T12:56:29.200+0000] {logging_mixin.py:188} INFO - [2025-07-19T12:56:29.200+0000] {dag.py:3036} INFO - Sync 1 DAGs
[2025-07-19T12:56:29.209+0000] {logging_mixin.py:188} INFO - [2025-07-19T12:56:29.209+0000] {dag.py:3823} INFO - Setting next_dagrun for launch_streamlit_dashboard to None, run_after=None
[2025-07-19T12:56:29.230+0000] {processor.py:183} INFO - Processing /opt/airflow/dags/eda_airflow.py took 0.208 seconds
[2025-07-19T12:56:59.807+0000] {processor.py:161} INFO - Started process (PID=915) to work on /opt/airflow/dags/eda_airflow.py
[2025-07-19T12:56:59.809+0000] {processor.py:830} INFO - Processing file /opt/airflow/dags/eda_airflow.py for tasks to queue
[2025-07-19T12:56:59.810+0000] {logging_mixin.py:188} INFO - [2025-07-19T12:56:59.809+0000] {dagbag.py:538} INFO - Filling up the DagBag from /opt/airflow/dags/eda_airflow.py
[2025-07-19T12:56:59.829+0000] {processor.py:840} INFO - DAG(s) 'launch_streamlit_dashboard' retrieved from /opt/airflow/dags/eda_airflow.py
[2025-07-19T12:56:59.946+0000] {logging_mixin.py:188} INFO - [2025-07-19T12:56:59.945+0000] {dag.py:3036} INFO - Sync 1 DAGs
[2025-07-19T12:56:59.958+0000] {logging_mixin.py:188} INFO - [2025-07-19T12:56:59.958+0000] {dag.py:3823} INFO - Setting next_dagrun for launch_streamlit_dashboard to None, run_after=None
[2025-07-19T12:56:59.983+0000] {processor.py:183} INFO - Processing /opt/airflow/dags/eda_airflow.py took 0.179 seconds
[2025-07-19T12:57:30.544+0000] {processor.py:161} INFO - Started process (PID=950) to work on /opt/airflow/dags/eda_airflow.py
[2025-07-19T12:57:30.546+0000] {processor.py:830} INFO - Processing file /opt/airflow/dags/eda_airflow.py for tasks to queue
[2025-07-19T12:57:30.547+0000] {logging_mixin.py:188} INFO - [2025-07-19T12:57:30.547+0000] {dagbag.py:538} INFO - Filling up the DagBag from /opt/airflow/dags/eda_airflow.py
[2025-07-19T12:57:30.565+0000] {processor.py:840} INFO - DAG(s) 'launch_streamlit_dashboard' retrieved from /opt/airflow/dags/eda_airflow.py
[2025-07-19T12:57:30.577+0000] {logging_mixin.py:188} INFO - [2025-07-19T12:57:30.576+0000] {dag.py:3036} INFO - Sync 1 DAGs
[2025-07-19T12:57:30.591+0000] {logging_mixin.py:188} INFO - [2025-07-19T12:57:30.591+0000] {dag.py:3823} INFO - Setting next_dagrun for launch_streamlit_dashboard to None, run_after=None
[2025-07-19T12:57:30.612+0000] {processor.py:183} INFO - Processing /opt/airflow/dags/eda_airflow.py took 0.071 seconds
[2025-07-19T12:58:32.541+0000] {processor.py:161} INFO - Started process (PID=1092) to work on /opt/airflow/dags/eda_airflow.py
[2025-07-19T12:58:32.642+0000] {processor.py:830} INFO - Processing file /opt/airflow/dags/eda_airflow.py for tasks to queue
[2025-07-19T12:58:33.449+0000] {logging_mixin.py:188} INFO - [2025-07-19T12:58:33.263+0000] {dagbag.py:538} INFO - Filling up the DagBag from /opt/airflow/dags/eda_airflow.py
[2025-07-19T12:58:35.965+0000] {processor.py:840} INFO - DAG(s) 'launch_streamlit_dashboard' retrieved from /opt/airflow/dags/eda_airflow.py
[2025-07-19T12:59:18.918+0000] {logging_mixin.py:188} INFO - [2025-07-19T12:59:18.905+0000] {dag.py:3036} INFO - Sync 1 DAGs
[2025-07-19T12:59:19.118+0000] {logging_mixin.py:188} INFO - [2025-07-19T12:59:19.118+0000] {dag.py:3823} INFO - Setting next_dagrun for launch_streamlit_dashboard to None, run_after=None
[2025-07-19T12:59:19.229+0000] {processor.py:183} INFO - Processing /opt/airflow/dags/eda_airflow.py took 47.336 seconds
[2025-07-19T12:59:56.910+0000] {processor.py:161} INFO - Started process (PID=2588) to work on /opt/airflow/dags/eda_airflow.py
[2025-07-19T12:59:59.603+0000] {processor.py:830} INFO - Processing file /opt/airflow/dags/eda_airflow.py for tasks to queue
[2025-07-19T13:00:00.350+0000] {logging_mixin.py:188} INFO - [2025-07-19T13:00:00.300+0000] {dagbag.py:538} INFO - Filling up the DagBag from /opt/airflow/dags/eda_airflow.py
[2025-07-19T13:00:07.715+0000] {processor.py:840} INFO - DAG(s) 'launch_streamlit_dashboard' retrieved from /opt/airflow/dags/eda_airflow.py
[2025-07-19T13:00:13.578+0000] {logging_mixin.py:188} INFO - [2025-07-19T13:00:13.577+0000] {dag.py:3036} INFO - Sync 1 DAGs
[2025-07-19T13:00:15.963+0000] {logging_mixin.py:188} INFO - [2025-07-19T13:00:15.962+0000] {dag.py:3823} INFO - Setting next_dagrun for launch_streamlit_dashboard to None, run_after=None
[2025-07-19T13:00:16.421+0000] {processor.py:183} INFO - Processing /opt/airflow/dags/eda_airflow.py took 22.010 seconds
[2025-07-19T13:00:46.912+0000] {processor.py:161} INFO - Started process (PID=3352) to work on /opt/airflow/dags/eda_airflow.py
[2025-07-19T13:00:46.931+0000] {processor.py:830} INFO - Processing file /opt/airflow/dags/eda_airflow.py for tasks to queue
[2025-07-19T13:00:46.934+0000] {logging_mixin.py:188} INFO - [2025-07-19T13:00:46.934+0000] {dagbag.py:538} INFO - Filling up the DagBag from /opt/airflow/dags/eda_airflow.py
[2025-07-19T13:00:46.969+0000] {processor.py:840} INFO - DAG(s) 'launch_streamlit_dashboard' retrieved from /opt/airflow/dags/eda_airflow.py
[2025-07-19T13:00:47.423+0000] {logging_mixin.py:188} INFO - [2025-07-19T13:00:47.422+0000] {dag.py:3036} INFO - Sync 1 DAGs
[2025-07-19T13:00:53.334+0000] {logging_mixin.py:188} INFO - [2025-07-19T13:00:53.334+0000] {dag.py:3823} INFO - Setting next_dagrun for launch_streamlit_dashboard to None, run_after=None
[2025-07-19T13:00:54.608+0000] {processor.py:183} INFO - Processing /opt/airflow/dags/eda_airflow.py took 7.702 seconds
[2025-07-19T13:01:25.818+0000] {processor.py:161} INFO - Started process (PID=3382) to work on /opt/airflow/dags/eda_airflow.py
[2025-07-19T13:01:25.820+0000] {processor.py:830} INFO - Processing file /opt/airflow/dags/eda_airflow.py for tasks to queue
[2025-07-19T13:01:25.823+0000] {logging_mixin.py:188} INFO - [2025-07-19T13:01:25.821+0000] {dagbag.py:538} INFO - Filling up the DagBag from /opt/airflow/dags/eda_airflow.py
[2025-07-19T13:01:25.873+0000] {processor.py:840} INFO - DAG(s) 'launch_streamlit_dashboard' retrieved from /opt/airflow/dags/eda_airflow.py
[2025-07-19T13:01:26.351+0000] {logging_mixin.py:188} INFO - [2025-07-19T13:01:26.350+0000] {dag.py:3036} INFO - Sync 1 DAGs
[2025-07-19T13:01:26.454+0000] {logging_mixin.py:188} INFO - [2025-07-19T13:01:26.454+0000] {dag.py:3823} INFO - Setting next_dagrun for launch_streamlit_dashboard to None, run_after=None
[2025-07-19T13:01:26.600+0000] {processor.py:183} INFO - Processing /opt/airflow/dags/eda_airflow.py took 0.788 seconds
[2025-07-19T13:20:10.680+0000] {processor.py:161} INFO - Started process (PID=3454) to work on /opt/airflow/dags/eda_airflow.py
[2025-07-19T13:20:10.681+0000] {processor.py:830} INFO - Processing file /opt/airflow/dags/eda_airflow.py for tasks to queue
[2025-07-19T13:20:10.682+0000] {logging_mixin.py:188} INFO - [2025-07-19T13:20:10.682+0000] {dagbag.py:538} INFO - Filling up the DagBag from /opt/airflow/dags/eda_airflow.py
[2025-07-19T13:20:10.768+0000] {processor.py:840} INFO - DAG(s) 'launch_streamlit_dashboard' retrieved from /opt/airflow/dags/eda_airflow.py
[2025-07-19T13:20:10.790+0000] {logging_mixin.py:188} INFO - [2025-07-19T13:20:10.790+0000] {dag.py:3036} INFO - Sync 1 DAGs
[2025-07-19T13:20:10.802+0000] {logging_mixin.py:188} INFO - [2025-07-19T13:20:10.802+0000] {dag.py:3823} INFO - Setting next_dagrun for launch_streamlit_dashboard to None, run_after=None
[2025-07-19T13:20:10.828+0000] {processor.py:183} INFO - Processing /opt/airflow/dags/eda_airflow.py took 0.151 seconds
[2025-07-19T13:20:41.835+0000] {processor.py:161} INFO - Started process (PID=3484) to work on /opt/airflow/dags/eda_airflow.py
[2025-07-19T13:20:41.836+0000] {processor.py:830} INFO - Processing file /opt/airflow/dags/eda_airflow.py for tasks to queue
[2025-07-19T13:20:41.837+0000] {logging_mixin.py:188} INFO - [2025-07-19T13:20:41.837+0000] {dagbag.py:538} INFO - Filling up the DagBag from /opt/airflow/dags/eda_airflow.py
[2025-07-19T13:20:41.873+0000] {processor.py:840} INFO - DAG(s) 'launch_streamlit_dashboard' retrieved from /opt/airflow/dags/eda_airflow.py
[2025-07-19T13:20:41.994+0000] {logging_mixin.py:188} INFO - [2025-07-19T13:20:41.994+0000] {dag.py:3036} INFO - Sync 1 DAGs
[2025-07-19T13:20:42.004+0000] {logging_mixin.py:188} INFO - [2025-07-19T13:20:42.004+0000] {dag.py:3823} INFO - Setting next_dagrun for launch_streamlit_dashboard to None, run_after=None
[2025-07-19T13:20:42.028+0000] {processor.py:183} INFO - Processing /opt/airflow/dags/eda_airflow.py took 0.197 seconds
[2025-07-19T13:21:12.650+0000] {processor.py:161} INFO - Started process (PID=3514) to work on /opt/airflow/dags/eda_airflow.py
[2025-07-19T13:21:12.651+0000] {processor.py:830} INFO - Processing file /opt/airflow/dags/eda_airflow.py for tasks to queue
[2025-07-19T13:21:12.652+0000] {logging_mixin.py:188} INFO - [2025-07-19T13:21:12.652+0000] {dagbag.py:538} INFO - Filling up the DagBag from /opt/airflow/dags/eda_airflow.py
[2025-07-19T13:21:12.663+0000] {processor.py:840} INFO - DAG(s) 'launch_streamlit_dashboard' retrieved from /opt/airflow/dags/eda_airflow.py
[2025-07-19T13:21:12.693+0000] {logging_mixin.py:188} INFO - [2025-07-19T13:21:12.693+0000] {dag.py:3036} INFO - Sync 1 DAGs
[2025-07-19T13:21:12.706+0000] {logging_mixin.py:188} INFO - [2025-07-19T13:21:12.706+0000] {dag.py:3823} INFO - Setting next_dagrun for launch_streamlit_dashboard to None, run_after=None
[2025-07-19T13:21:12.746+0000] {processor.py:183} INFO - Processing /opt/airflow/dags/eda_airflow.py took 0.100 seconds
[2025-07-19T13:21:44.166+0000] {processor.py:161} INFO - Started process (PID=3542) to work on /opt/airflow/dags/eda_airflow.py
[2025-07-19T13:21:44.195+0000] {processor.py:830} INFO - Processing file /opt/airflow/dags/eda_airflow.py for tasks to queue
[2025-07-19T13:21:44.197+0000] {logging_mixin.py:188} INFO - [2025-07-19T13:21:44.196+0000] {dagbag.py:538} INFO - Filling up the DagBag from /opt/airflow/dags/eda_airflow.py
[2025-07-19T13:21:44.311+0000] {processor.py:840} INFO - DAG(s) 'launch_streamlit_dashboard' retrieved from /opt/airflow/dags/eda_airflow.py
[2025-07-19T13:21:44.323+0000] {logging_mixin.py:188} INFO - [2025-07-19T13:21:44.323+0000] {dag.py:3036} INFO - Sync 1 DAGs
[2025-07-19T13:21:44.336+0000] {logging_mixin.py:188} INFO - [2025-07-19T13:21:44.336+0000] {dag.py:3823} INFO - Setting next_dagrun for launch_streamlit_dashboard to None, run_after=None
[2025-07-19T13:21:44.355+0000] {processor.py:183} INFO - Processing /opt/airflow/dags/eda_airflow.py took 0.194 seconds
[2025-07-19T13:22:15.739+0000] {processor.py:161} INFO - Started process (PID=3572) to work on /opt/airflow/dags/eda_airflow.py
[2025-07-19T13:22:15.740+0000] {processor.py:830} INFO - Processing file /opt/airflow/dags/eda_airflow.py for tasks to queue
[2025-07-19T13:22:15.741+0000] {logging_mixin.py:188} INFO - [2025-07-19T13:22:15.741+0000] {dagbag.py:538} INFO - Filling up the DagBag from /opt/airflow/dags/eda_airflow.py
[2025-07-19T13:22:15.752+0000] {processor.py:840} INFO - DAG(s) 'launch_streamlit_dashboard' retrieved from /opt/airflow/dags/eda_airflow.py
[2025-07-19T13:22:15.893+0000] {logging_mixin.py:188} INFO - [2025-07-19T13:22:15.893+0000] {dag.py:3036} INFO - Sync 1 DAGs
[2025-07-19T13:22:15.903+0000] {logging_mixin.py:188} INFO - [2025-07-19T13:22:15.902+0000] {dag.py:3823} INFO - Setting next_dagrun for launch_streamlit_dashboard to None, run_after=None
[2025-07-19T13:22:15.923+0000] {processor.py:183} INFO - Processing /opt/airflow/dags/eda_airflow.py took 0.187 seconds
[2025-07-19T13:22:46.624+0000] {processor.py:161} INFO - Started process (PID=3602) to work on /opt/airflow/dags/eda_airflow.py
[2025-07-19T13:22:46.625+0000] {processor.py:830} INFO - Processing file /opt/airflow/dags/eda_airflow.py for tasks to queue
[2025-07-19T13:22:46.626+0000] {logging_mixin.py:188} INFO - [2025-07-19T13:22:46.626+0000] {dagbag.py:538} INFO - Filling up the DagBag from /opt/airflow/dags/eda_airflow.py
[2025-07-19T13:22:46.636+0000] {processor.py:840} INFO - DAG(s) 'launch_streamlit_dashboard' retrieved from /opt/airflow/dags/eda_airflow.py
[2025-07-19T13:22:46.660+0000] {logging_mixin.py:188} INFO - [2025-07-19T13:22:46.660+0000] {dag.py:3036} INFO - Sync 1 DAGs
[2025-07-19T13:22:46.671+0000] {logging_mixin.py:188} INFO - [2025-07-19T13:22:46.671+0000] {dag.py:3823} INFO - Setting next_dagrun for launch_streamlit_dashboard to None, run_after=None
[2025-07-19T13:22:46.762+0000] {processor.py:183} INFO - Processing /opt/airflow/dags/eda_airflow.py took 0.142 seconds
[2025-07-19T13:23:17.331+0000] {processor.py:161} INFO - Started process (PID=3634) to work on /opt/airflow/dags/eda_airflow.py
[2025-07-19T13:23:17.332+0000] {processor.py:830} INFO - Processing file /opt/airflow/dags/eda_airflow.py for tasks to queue
[2025-07-19T13:23:17.333+0000] {logging_mixin.py:188} INFO - [2025-07-19T13:23:17.333+0000] {dagbag.py:538} INFO - Filling up the DagBag from /opt/airflow/dags/eda_airflow.py
[2025-07-19T13:23:17.344+0000] {processor.py:840} INFO - DAG(s) 'launch_streamlit_dashboard' retrieved from /opt/airflow/dags/eda_airflow.py
[2025-07-19T13:23:17.440+0000] {logging_mixin.py:188} INFO - [2025-07-19T13:23:17.440+0000] {dag.py:3036} INFO - Sync 1 DAGs
[2025-07-19T13:23:17.450+0000] {logging_mixin.py:188} INFO - [2025-07-19T13:23:17.450+0000] {dag.py:3823} INFO - Setting next_dagrun for launch_streamlit_dashboard to None, run_after=None
[2025-07-19T13:23:17.473+0000] {processor.py:183} INFO - Processing /opt/airflow/dags/eda_airflow.py took 0.147 seconds
[2025-07-19T13:23:48.350+0000] {processor.py:161} INFO - Started process (PID=3664) to work on /opt/airflow/dags/eda_airflow.py
[2025-07-19T13:23:48.351+0000] {processor.py:830} INFO - Processing file /opt/airflow/dags/eda_airflow.py for tasks to queue
[2025-07-19T13:23:48.352+0000] {logging_mixin.py:188} INFO - [2025-07-19T13:23:48.352+0000] {dagbag.py:538} INFO - Filling up the DagBag from /opt/airflow/dags/eda_airflow.py
[2025-07-19T13:23:48.360+0000] {processor.py:840} INFO - DAG(s) 'launch_streamlit_dashboard' retrieved from /opt/airflow/dags/eda_airflow.py
[2025-07-19T13:23:48.370+0000] {logging_mixin.py:188} INFO - [2025-07-19T13:23:48.370+0000] {dag.py:3036} INFO - Sync 1 DAGs
[2025-07-19T13:23:48.382+0000] {logging_mixin.py:188} INFO - [2025-07-19T13:23:48.382+0000] {dag.py:3823} INFO - Setting next_dagrun for launch_streamlit_dashboard to None, run_after=None
[2025-07-19T13:23:48.402+0000] {processor.py:183} INFO - Processing /opt/airflow/dags/eda_airflow.py took 0.055 seconds
[2025-07-19T13:24:18.814+0000] {processor.py:161} INFO - Started process (PID=3692) to work on /opt/airflow/dags/eda_airflow.py
[2025-07-19T13:24:18.815+0000] {processor.py:830} INFO - Processing file /opt/airflow/dags/eda_airflow.py for tasks to queue
[2025-07-19T13:24:18.816+0000] {logging_mixin.py:188} INFO - [2025-07-19T13:24:18.816+0000] {dagbag.py:538} INFO - Filling up the DagBag from /opt/airflow/dags/eda_airflow.py
[2025-07-19T13:24:18.826+0000] {processor.py:840} INFO - DAG(s) 'launch_streamlit_dashboard' retrieved from /opt/airflow/dags/eda_airflow.py
[2025-07-19T13:24:18.923+0000] {logging_mixin.py:188} INFO - [2025-07-19T13:24:18.923+0000] {dag.py:3036} INFO - Sync 1 DAGs
[2025-07-19T13:24:18.932+0000] {logging_mixin.py:188} INFO - [2025-07-19T13:24:18.932+0000] {dag.py:3823} INFO - Setting next_dagrun for launch_streamlit_dashboard to None, run_after=None
[2025-07-19T13:24:18.955+0000] {processor.py:183} INFO - Processing /opt/airflow/dags/eda_airflow.py took 0.144 seconds
[2025-07-19T13:24:49.960+0000] {processor.py:161} INFO - Started process (PID=3722) to work on /opt/airflow/dags/eda_airflow.py
[2025-07-19T13:24:49.961+0000] {processor.py:830} INFO - Processing file /opt/airflow/dags/eda_airflow.py for tasks to queue
[2025-07-19T13:24:49.963+0000] {logging_mixin.py:188} INFO - [2025-07-19T13:24:49.962+0000] {dagbag.py:538} INFO - Filling up the DagBag from /opt/airflow/dags/eda_airflow.py
[2025-07-19T13:24:49.986+0000] {processor.py:840} INFO - DAG(s) 'launch_streamlit_dashboard' retrieved from /opt/airflow/dags/eda_airflow.py
[2025-07-19T13:24:49.998+0000] {logging_mixin.py:188} INFO - [2025-07-19T13:24:49.998+0000] {dag.py:3036} INFO - Sync 1 DAGs
[2025-07-19T13:24:50.013+0000] {logging_mixin.py:188} INFO - [2025-07-19T13:24:50.013+0000] {dag.py:3823} INFO - Setting next_dagrun for launch_streamlit_dashboard to None, run_after=None
[2025-07-19T13:24:50.036+0000] {processor.py:183} INFO - Processing /opt/airflow/dags/eda_airflow.py took 0.079 seconds
[2025-07-19T13:25:20.706+0000] {processor.py:161} INFO - Started process (PID=3752) to work on /opt/airflow/dags/eda_airflow.py
[2025-07-19T13:25:20.707+0000] {processor.py:830} INFO - Processing file /opt/airflow/dags/eda_airflow.py for tasks to queue
[2025-07-19T13:25:20.709+0000] {logging_mixin.py:188} INFO - [2025-07-19T13:25:20.708+0000] {dagbag.py:538} INFO - Filling up the DagBag from /opt/airflow/dags/eda_airflow.py
[2025-07-19T13:25:20.720+0000] {processor.py:840} INFO - DAG(s) 'launch_streamlit_dashboard' retrieved from /opt/airflow/dags/eda_airflow.py
[2025-07-19T13:25:21.071+0000] {logging_mixin.py:188} INFO - [2025-07-19T13:25:21.070+0000] {dag.py:3036} INFO - Sync 1 DAGs
[2025-07-19T13:25:21.117+0000] {logging_mixin.py:188} INFO - [2025-07-19T13:25:21.116+0000] {dag.py:3823} INFO - Setting next_dagrun for launch_streamlit_dashboard to None, run_after=None
[2025-07-19T13:25:21.165+0000] {processor.py:183} INFO - Processing /opt/airflow/dags/eda_airflow.py took 0.462 seconds
[2025-07-19T13:25:51.668+0000] {processor.py:161} INFO - Started process (PID=3782) to work on /opt/airflow/dags/eda_airflow.py
[2025-07-19T13:25:51.669+0000] {processor.py:830} INFO - Processing file /opt/airflow/dags/eda_airflow.py for tasks to queue
[2025-07-19T13:25:51.670+0000] {logging_mixin.py:188} INFO - [2025-07-19T13:25:51.669+0000] {dagbag.py:538} INFO - Filling up the DagBag from /opt/airflow/dags/eda_airflow.py
[2025-07-19T13:25:51.679+0000] {processor.py:840} INFO - DAG(s) 'launch_streamlit_dashboard' retrieved from /opt/airflow/dags/eda_airflow.py
[2025-07-19T13:25:51.690+0000] {logging_mixin.py:188} INFO - [2025-07-19T13:25:51.690+0000] {dag.py:3036} INFO - Sync 1 DAGs
[2025-07-19T13:25:51.711+0000] {logging_mixin.py:188} INFO - [2025-07-19T13:25:51.711+0000] {dag.py:3823} INFO - Setting next_dagrun for launch_streamlit_dashboard to None, run_after=None
[2025-07-19T13:25:51.736+0000] {processor.py:183} INFO - Processing /opt/airflow/dags/eda_airflow.py took 0.071 seconds
[2025-07-19T13:26:25.308+0000] {processor.py:161} INFO - Started process (PID=3812) to work on /opt/airflow/dags/eda_airflow.py
[2025-07-19T13:26:25.309+0000] {processor.py:830} INFO - Processing file /opt/airflow/dags/eda_airflow.py for tasks to queue
[2025-07-19T13:26:25.310+0000] {logging_mixin.py:188} INFO - [2025-07-19T13:26:25.310+0000] {dagbag.py:538} INFO - Filling up the DagBag from /opt/airflow/dags/eda_airflow.py
[2025-07-19T13:26:25.320+0000] {processor.py:840} INFO - DAG(s) 'launch_streamlit_dashboard' retrieved from /opt/airflow/dags/eda_airflow.py
[2025-07-19T13:26:25.548+0000] {logging_mixin.py:188} INFO - [2025-07-19T13:26:25.547+0000] {dag.py:3036} INFO - Sync 1 DAGs
[2025-07-19T13:26:25.678+0000] {logging_mixin.py:188} INFO - [2025-07-19T13:26:25.678+0000] {dag.py:3823} INFO - Setting next_dagrun for launch_streamlit_dashboard to None, run_after=None
[2025-07-19T13:26:25.789+0000] {processor.py:183} INFO - Processing /opt/airflow/dags/eda_airflow.py took 0.484 seconds
[2025-07-19T13:26:56.379+0000] {processor.py:161} INFO - Started process (PID=3842) to work on /opt/airflow/dags/eda_airflow.py
[2025-07-19T13:26:56.380+0000] {processor.py:830} INFO - Processing file /opt/airflow/dags/eda_airflow.py for tasks to queue
[2025-07-19T13:26:56.381+0000] {logging_mixin.py:188} INFO - [2025-07-19T13:26:56.381+0000] {dagbag.py:538} INFO - Filling up the DagBag from /opt/airflow/dags/eda_airflow.py
[2025-07-19T13:26:56.397+0000] {processor.py:840} INFO - DAG(s) 'launch_streamlit_dashboard' retrieved from /opt/airflow/dags/eda_airflow.py
[2025-07-19T13:26:56.533+0000] {logging_mixin.py:188} INFO - [2025-07-19T13:26:56.533+0000] {dag.py:3036} INFO - Sync 1 DAGs
[2025-07-19T13:26:56.545+0000] {logging_mixin.py:188} INFO - [2025-07-19T13:26:56.544+0000] {dag.py:3823} INFO - Setting next_dagrun for launch_streamlit_dashboard to None, run_after=None
[2025-07-19T13:26:56.569+0000] {processor.py:183} INFO - Processing /opt/airflow/dags/eda_airflow.py took 0.194 seconds
[2025-07-19T13:27:27.066+0000] {processor.py:161} INFO - Started process (PID=3872) to work on /opt/airflow/dags/eda_airflow.py
[2025-07-19T13:27:27.067+0000] {processor.py:830} INFO - Processing file /opt/airflow/dags/eda_airflow.py for tasks to queue
[2025-07-19T13:27:27.068+0000] {logging_mixin.py:188} INFO - [2025-07-19T13:27:27.068+0000] {dagbag.py:538} INFO - Filling up the DagBag from /opt/airflow/dags/eda_airflow.py
[2025-07-19T13:27:27.079+0000] {processor.py:840} INFO - DAG(s) 'launch_streamlit_dashboard' retrieved from /opt/airflow/dags/eda_airflow.py
[2025-07-19T13:27:27.091+0000] {logging_mixin.py:188} INFO - [2025-07-19T13:27:27.090+0000] {dag.py:3036} INFO - Sync 1 DAGs
[2025-07-19T13:27:27.104+0000] {logging_mixin.py:188} INFO - [2025-07-19T13:27:27.104+0000] {dag.py:3823} INFO - Setting next_dagrun for launch_streamlit_dashboard to None, run_after=None
[2025-07-19T13:27:27.127+0000] {processor.py:183} INFO - Processing /opt/airflow/dags/eda_airflow.py took 0.065 seconds
[2025-07-19T13:27:58.208+0000] {processor.py:161} INFO - Started process (PID=3904) to work on /opt/airflow/dags/eda_airflow.py
[2025-07-19T13:27:58.210+0000] {processor.py:830} INFO - Processing file /opt/airflow/dags/eda_airflow.py for tasks to queue
[2025-07-19T13:27:58.212+0000] {logging_mixin.py:188} INFO - [2025-07-19T13:27:58.212+0000] {dagbag.py:538} INFO - Filling up the DagBag from /opt/airflow/dags/eda_airflow.py
[2025-07-19T13:27:58.223+0000] {processor.py:840} INFO - DAG(s) 'launch_streamlit_dashboard' retrieved from /opt/airflow/dags/eda_airflow.py
[2025-07-19T13:27:58.376+0000] {logging_mixin.py:188} INFO - [2025-07-19T13:27:58.376+0000] {dag.py:3036} INFO - Sync 1 DAGs
[2025-07-19T13:27:58.386+0000] {logging_mixin.py:188} INFO - [2025-07-19T13:27:58.386+0000] {dag.py:3823} INFO - Setting next_dagrun for launch_streamlit_dashboard to None, run_after=None
[2025-07-19T13:27:58.413+0000] {processor.py:183} INFO - Processing /opt/airflow/dags/eda_airflow.py took 0.208 seconds
[2025-07-19T13:28:29.023+0000] {processor.py:161} INFO - Started process (PID=3932) to work on /opt/airflow/dags/eda_airflow.py
[2025-07-19T13:28:29.024+0000] {processor.py:830} INFO - Processing file /opt/airflow/dags/eda_airflow.py for tasks to queue
[2025-07-19T13:28:29.026+0000] {logging_mixin.py:188} INFO - [2025-07-19T13:28:29.026+0000] {dagbag.py:538} INFO - Filling up the DagBag from /opt/airflow/dags/eda_airflow.py
[2025-07-19T13:28:29.042+0000] {processor.py:840} INFO - DAG(s) 'launch_streamlit_dashboard' retrieved from /opt/airflow/dags/eda_airflow.py
[2025-07-19T13:28:29.058+0000] {logging_mixin.py:188} INFO - [2025-07-19T13:28:29.058+0000] {dag.py:3036} INFO - Sync 1 DAGs
[2025-07-19T13:28:29.077+0000] {logging_mixin.py:188} INFO - [2025-07-19T13:28:29.077+0000] {dag.py:3823} INFO - Setting next_dagrun for launch_streamlit_dashboard to None, run_after=None
[2025-07-19T13:28:29.112+0000] {processor.py:183} INFO - Processing /opt/airflow/dags/eda_airflow.py took 0.094 seconds
[2025-07-19T13:28:59.248+0000] {processor.py:161} INFO - Started process (PID=3962) to work on /opt/airflow/dags/eda_airflow.py
[2025-07-19T13:28:59.249+0000] {processor.py:830} INFO - Processing file /opt/airflow/dags/eda_airflow.py for tasks to queue
[2025-07-19T13:28:59.250+0000] {logging_mixin.py:188} INFO - [2025-07-19T13:28:59.250+0000] {dagbag.py:538} INFO - Filling up the DagBag from /opt/airflow/dags/eda_airflow.py
[2025-07-19T13:28:59.261+0000] {processor.py:840} INFO - DAG(s) 'launch_streamlit_dashboard' retrieved from /opt/airflow/dags/eda_airflow.py
[2025-07-19T13:28:59.392+0000] {logging_mixin.py:188} INFO - [2025-07-19T13:28:59.392+0000] {dag.py:3036} INFO - Sync 1 DAGs
[2025-07-19T13:28:59.403+0000] {logging_mixin.py:188} INFO - [2025-07-19T13:28:59.403+0000] {dag.py:3823} INFO - Setting next_dagrun for launch_streamlit_dashboard to None, run_after=None
[2025-07-19T13:28:59.430+0000] {processor.py:183} INFO - Processing /opt/airflow/dags/eda_airflow.py took 0.185 seconds
[2025-07-19T13:29:29.707+0000] {processor.py:161} INFO - Started process (PID=3992) to work on /opt/airflow/dags/eda_airflow.py
[2025-07-19T13:29:29.708+0000] {processor.py:830} INFO - Processing file /opt/airflow/dags/eda_airflow.py for tasks to queue
[2025-07-19T13:29:29.709+0000] {logging_mixin.py:188} INFO - [2025-07-19T13:29:29.709+0000] {dagbag.py:538} INFO - Filling up the DagBag from /opt/airflow/dags/eda_airflow.py
[2025-07-19T13:29:29.758+0000] {processor.py:840} INFO - DAG(s) 'launch_streamlit_dashboard' retrieved from /opt/airflow/dags/eda_airflow.py
[2025-07-19T13:29:29.827+0000] {logging_mixin.py:188} INFO - [2025-07-19T13:29:29.827+0000] {dag.py:3036} INFO - Sync 1 DAGs
[2025-07-19T13:29:29.841+0000] {logging_mixin.py:188} INFO - [2025-07-19T13:29:29.841+0000] {dag.py:3823} INFO - Setting next_dagrun for launch_streamlit_dashboard to None, run_after=None
[2025-07-19T13:29:29.864+0000] {processor.py:183} INFO - Processing /opt/airflow/dags/eda_airflow.py took 0.161 seconds
[2025-07-19T13:30:00.239+0000] {processor.py:161} INFO - Started process (PID=4023) to work on /opt/airflow/dags/eda_airflow.py
[2025-07-19T13:30:00.240+0000] {processor.py:830} INFO - Processing file /opt/airflow/dags/eda_airflow.py for tasks to queue
[2025-07-19T13:30:00.241+0000] {logging_mixin.py:188} INFO - [2025-07-19T13:30:00.241+0000] {dagbag.py:538} INFO - Filling up the DagBag from /opt/airflow/dags/eda_airflow.py
[2025-07-19T13:30:00.252+0000] {processor.py:840} INFO - DAG(s) 'launch_streamlit_dashboard' retrieved from /opt/airflow/dags/eda_airflow.py
[2025-07-19T13:30:00.351+0000] {logging_mixin.py:188} INFO - [2025-07-19T13:30:00.350+0000] {dag.py:3036} INFO - Sync 1 DAGs
[2025-07-19T13:30:00.360+0000] {logging_mixin.py:188} INFO - [2025-07-19T13:30:00.360+0000] {dag.py:3823} INFO - Setting next_dagrun for launch_streamlit_dashboard to None, run_after=None
[2025-07-19T13:30:00.383+0000] {processor.py:183} INFO - Processing /opt/airflow/dags/eda_airflow.py took 0.147 seconds
[2025-07-19T13:30:31.008+0000] {processor.py:161} INFO - Started process (PID=4052) to work on /opt/airflow/dags/eda_airflow.py
[2025-07-19T13:30:31.009+0000] {processor.py:830} INFO - Processing file /opt/airflow/dags/eda_airflow.py for tasks to queue
[2025-07-19T13:30:31.011+0000] {logging_mixin.py:188} INFO - [2025-07-19T13:30:31.010+0000] {dagbag.py:538} INFO - Filling up the DagBag from /opt/airflow/dags/eda_airflow.py
[2025-07-19T13:30:31.032+0000] {processor.py:840} INFO - DAG(s) 'launch_streamlit_dashboard' retrieved from /opt/airflow/dags/eda_airflow.py
[2025-07-19T13:30:31.202+0000] {logging_mixin.py:188} INFO - [2025-07-19T13:30:31.201+0000] {dag.py:3036} INFO - Sync 1 DAGs
[2025-07-19T13:30:31.211+0000] {logging_mixin.py:188} INFO - [2025-07-19T13:30:31.211+0000] {dag.py:3823} INFO - Setting next_dagrun for launch_streamlit_dashboard to None, run_after=None
[2025-07-19T13:31:52.205+0000] {processor.py:161} INFO - Started process (PID=4095) to work on /opt/airflow/dags/eda_airflow.py
[2025-07-19T13:31:52.207+0000] {processor.py:830} INFO - Processing file /opt/airflow/dags/eda_airflow.py for tasks to queue
[2025-07-19T13:31:52.208+0000] {logging_mixin.py:188} INFO - [2025-07-19T13:31:52.208+0000] {dagbag.py:538} INFO - Filling up the DagBag from /opt/airflow/dags/eda_airflow.py
[2025-07-19T13:31:52.222+0000] {processor.py:840} INFO - DAG(s) 'launch_streamlit_dashboard' retrieved from /opt/airflow/dags/eda_airflow.py
[2025-07-19T13:31:52.433+0000] {logging_mixin.py:188} INFO - [2025-07-19T13:31:52.433+0000] {dag.py:3036} INFO - Sync 1 DAGs
[2025-07-19T13:31:52.448+0000] {logging_mixin.py:188} INFO - [2025-07-19T13:31:52.448+0000] {dag.py:3823} INFO - Setting next_dagrun for launch_streamlit_dashboard to None, run_after=None
[2025-07-19T13:31:52.471+0000] {processor.py:183} INFO - Processing /opt/airflow/dags/eda_airflow.py took 0.270 seconds
[2025-07-19T13:32:23.034+0000] {processor.py:161} INFO - Started process (PID=4123) to work on /opt/airflow/dags/eda_airflow.py
[2025-07-19T13:32:23.036+0000] {processor.py:830} INFO - Processing file /opt/airflow/dags/eda_airflow.py for tasks to queue
[2025-07-19T13:32:23.036+0000] {logging_mixin.py:188} INFO - [2025-07-19T13:32:23.036+0000] {dagbag.py:538} INFO - Filling up the DagBag from /opt/airflow/dags/eda_airflow.py
[2025-07-19T13:32:23.067+0000] {processor.py:840} INFO - DAG(s) 'launch_streamlit_dashboard' retrieved from /opt/airflow/dags/eda_airflow.py
[2025-07-19T13:32:23.148+0000] {logging_mixin.py:188} INFO - [2025-07-19T13:32:23.148+0000] {dag.py:3036} INFO - Sync 1 DAGs
[2025-07-19T13:32:23.162+0000] {logging_mixin.py:188} INFO - [2025-07-19T13:32:23.162+0000] {dag.py:3823} INFO - Setting next_dagrun for launch_streamlit_dashboard to None, run_after=None
[2025-07-19T13:32:23.182+0000] {processor.py:183} INFO - Processing /opt/airflow/dags/eda_airflow.py took 0.151 seconds
[2025-07-19T13:32:53.319+0000] {processor.py:161} INFO - Started process (PID=4148) to work on /opt/airflow/dags/eda_airflow.py
[2025-07-19T13:32:53.320+0000] {processor.py:830} INFO - Processing file /opt/airflow/dags/eda_airflow.py for tasks to queue
[2025-07-19T13:32:53.321+0000] {logging_mixin.py:188} INFO - [2025-07-19T13:32:53.321+0000] {dagbag.py:538} INFO - Filling up the DagBag from /opt/airflow/dags/eda_airflow.py
[2025-07-19T13:32:53.366+0000] {processor.py:840} INFO - DAG(s) 'launch_streamlit_dashboard' retrieved from /opt/airflow/dags/eda_airflow.py
[2025-07-19T13:32:53.499+0000] {logging_mixin.py:188} INFO - [2025-07-19T13:32:53.499+0000] {dag.py:3036} INFO - Sync 1 DAGs
[2025-07-19T13:32:53.510+0000] {logging_mixin.py:188} INFO - [2025-07-19T13:32:53.510+0000] {dag.py:3823} INFO - Setting next_dagrun for launch_streamlit_dashboard to None, run_after=None
[2025-07-19T13:32:53.529+0000] {processor.py:183} INFO - Processing /opt/airflow/dags/eda_airflow.py took 0.213 seconds
[2025-07-19T13:33:23.872+0000] {processor.py:161} INFO - Started process (PID=4173) to work on /opt/airflow/dags/eda_airflow.py
[2025-07-19T13:33:23.873+0000] {processor.py:830} INFO - Processing file /opt/airflow/dags/eda_airflow.py for tasks to queue
[2025-07-19T13:33:23.874+0000] {logging_mixin.py:188} INFO - [2025-07-19T13:33:23.874+0000] {dagbag.py:538} INFO - Filling up the DagBag from /opt/airflow/dags/eda_airflow.py
[2025-07-19T13:33:23.946+0000] {processor.py:840} INFO - DAG(s) 'launch_streamlit_dashboard' retrieved from /opt/airflow/dags/eda_airflow.py
[2025-07-19T13:33:24.038+0000] {logging_mixin.py:188} INFO - [2025-07-19T13:33:24.038+0000] {dag.py:3036} INFO - Sync 1 DAGs
[2025-07-19T13:33:24.053+0000] {logging_mixin.py:188} INFO - [2025-07-19T13:33:24.052+0000] {dag.py:3823} INFO - Setting next_dagrun for launch_streamlit_dashboard to None, run_after=None
[2025-07-19T13:33:24.075+0000] {processor.py:183} INFO - Processing /opt/airflow/dags/eda_airflow.py took 0.207 seconds
[2025-07-19T13:33:54.776+0000] {processor.py:161} INFO - Started process (PID=4201) to work on /opt/airflow/dags/eda_airflow.py
[2025-07-19T13:33:54.777+0000] {processor.py:830} INFO - Processing file /opt/airflow/dags/eda_airflow.py for tasks to queue
[2025-07-19T13:33:54.778+0000] {logging_mixin.py:188} INFO - [2025-07-19T13:33:54.777+0000] {dagbag.py:538} INFO - Filling up the DagBag from /opt/airflow/dags/eda_airflow.py
[2025-07-19T13:33:54.788+0000] {processor.py:840} INFO - DAG(s) 'launch_streamlit_dashboard' retrieved from /opt/airflow/dags/eda_airflow.py
[2025-07-19T13:33:54.854+0000] {logging_mixin.py:188} INFO - [2025-07-19T13:33:54.854+0000] {dag.py:3036} INFO - Sync 1 DAGs
[2025-07-19T13:33:54.867+0000] {logging_mixin.py:188} INFO - [2025-07-19T13:33:54.867+0000] {dag.py:3823} INFO - Setting next_dagrun for launch_streamlit_dashboard to None, run_after=None
[2025-07-19T13:33:54.887+0000] {processor.py:183} INFO - Processing /opt/airflow/dags/eda_airflow.py took 0.114 seconds
[2025-07-19T13:34:25.678+0000] {processor.py:161} INFO - Started process (PID=4226) to work on /opt/airflow/dags/eda_airflow.py
[2025-07-19T13:34:25.680+0000] {processor.py:830} INFO - Processing file /opt/airflow/dags/eda_airflow.py for tasks to queue
[2025-07-19T13:34:25.681+0000] {logging_mixin.py:188} INFO - [2025-07-19T13:34:25.681+0000] {dagbag.py:538} INFO - Filling up the DagBag from /opt/airflow/dags/eda_airflow.py
[2025-07-19T13:34:25.694+0000] {processor.py:840} INFO - DAG(s) 'launch_streamlit_dashboard' retrieved from /opt/airflow/dags/eda_airflow.py
[2025-07-19T13:34:25.786+0000] {logging_mixin.py:188} INFO - [2025-07-19T13:34:25.786+0000] {dag.py:3036} INFO - Sync 1 DAGs
[2025-07-19T13:34:25.800+0000] {logging_mixin.py:188} INFO - [2025-07-19T13:34:25.800+0000] {dag.py:3823} INFO - Setting next_dagrun for launch_streamlit_dashboard to None, run_after=None
[2025-07-19T13:34:25.823+0000] {processor.py:183} INFO - Processing /opt/airflow/dags/eda_airflow.py took 0.149 seconds
[2025-07-19T13:34:56.443+0000] {processor.py:161} INFO - Started process (PID=4251) to work on /opt/airflow/dags/eda_airflow.py
[2025-07-19T13:34:56.444+0000] {processor.py:830} INFO - Processing file /opt/airflow/dags/eda_airflow.py for tasks to queue
[2025-07-19T13:34:56.445+0000] {logging_mixin.py:188} INFO - [2025-07-19T13:34:56.445+0000] {dagbag.py:538} INFO - Filling up the DagBag from /opt/airflow/dags/eda_airflow.py
[2025-07-19T13:34:56.576+0000] {processor.py:840} INFO - DAG(s) 'launch_streamlit_dashboard' retrieved from /opt/airflow/dags/eda_airflow.py
[2025-07-19T13:34:56.670+0000] {logging_mixin.py:188} INFO - [2025-07-19T13:34:56.669+0000] {dag.py:3036} INFO - Sync 1 DAGs
[2025-07-19T13:34:56.682+0000] {logging_mixin.py:188} INFO - [2025-07-19T13:34:56.682+0000] {dag.py:3823} INFO - Setting next_dagrun for launch_streamlit_dashboard to None, run_after=None
[2025-07-19T13:36:35.504+0000] {logging_mixin.py:188} WARNING - Exception ignored in: <function _collection_gced at 0x7f098beb3160>
[2025-07-19T13:36:35.553+0000] {logging_mixin.py:188} WARNING - Traceback (most recent call last):
[2025-07-19T13:36:35.553+0000] {logging_mixin.py:188} WARNING -   File "/home/airflow/.local/lib/python3.8/site-packages/sqlalchemy/event/registry.py", line 53, in _collection_gced
[2025-07-19T13:36:35.664+0000] {logging_mixin.py:188} WARNING -     def _collection_gced(ref):
[2025-07-19T13:36:35.664+0000] {logging_mixin.py:188} WARNING -   File "/home/airflow/.local/lib/python3.8/site-packages/airflow/dag_processing/manager.py", line 452, in _exit_gracefully
[2025-07-19T13:36:35.665+0000] {logging_mixin.py:188} WARNING -     self.log.debug("Current Stacktrace is: %s", "\n".join(map(str, inspect.stack())))
[2025-07-19T13:36:35.665+0000] {logging_mixin.py:188} WARNING -   File "/usr/local/lib/python3.8/inspect.py", line 1526, in stack
[2025-07-19T13:36:35.666+0000] {logging_mixin.py:188} WARNING -     return getouterframes(sys._getframe(1), context)
[2025-07-19T13:36:35.666+0000] {logging_mixin.py:188} WARNING -   File "/usr/local/lib/python3.8/inspect.py", line 1503, in getouterframes
[2025-07-19T13:36:35.667+0000] {logging_mixin.py:188} WARNING -     frameinfo = (frame,) + getframeinfo(frame, context)
[2025-07-19T13:36:35.667+0000] {logging_mixin.py:188} WARNING -   File "/usr/local/lib/python3.8/inspect.py", line 1477, in getframeinfo
[2025-07-19T13:36:35.668+0000] {logging_mixin.py:188} WARNING -     lines, lnum = findsource(frame)
[2025-07-19T13:36:35.669+0000] {logging_mixin.py:188} WARNING -   File "/usr/local/lib/python3.8/inspect.py", line 794, in findsource
[2025-07-19T13:36:35.669+0000] {logging_mixin.py:188} WARNING -     lines = linecache.getlines(file, module.__dict__)
[2025-07-19T13:36:35.670+0000] {logging_mixin.py:188} WARNING -   File "/usr/local/lib/python3.8/linecache.py", line 47, in getlines
[2025-07-19T13:36:35.670+0000] {logging_mixin.py:188} WARNING -     return updatecache(filename, module_globals)
[2025-07-19T13:36:35.670+0000] {logging_mixin.py:188} WARNING -   File "/usr/local/lib/python3.8/linecache.py", line 137, in updatecache
[2025-07-19T13:36:35.671+0000] {logging_mixin.py:188} WARNING -     lines = fp.readlines()
[2025-07-19T13:36:35.671+0000] {logging_mixin.py:188} WARNING -   File "/usr/local/lib/python3.8/codecs.py", line 319, in decode
[2025-07-19T13:36:35.671+0000] {logging_mixin.py:188} WARNING -     def decode(self, input, final=False):
[2025-07-19T13:36:35.672+0000] {logging_mixin.py:188} WARNING -   File "/home/airflow/.local/lib/python3.8/site-packages/airflow/dag_processing/manager.py", line 456, in _exit_gracefully
[2025-07-19T13:36:35.672+0000] {logging_mixin.py:188} WARNING -     sys.exit(os.EX_OK)
[2025-07-19T13:36:35.673+0000] {logging_mixin.py:188} WARNING - SystemExit: 0
[2025-07-19T13:36:35.682+0000] {processor.py:183} INFO - Processing /opt/airflow/dags/eda_airflow.py took 99.249 seconds
[2025-07-19T13:37:28.017+0000] {processor.py:161} INFO - Started process (PID=4274) to work on /opt/airflow/dags/eda_airflow.py
[2025-07-19T13:37:28.018+0000] {processor.py:830} INFO - Processing file /opt/airflow/dags/eda_airflow.py for tasks to queue
[2025-07-19T13:37:28.019+0000] {logging_mixin.py:188} INFO - [2025-07-19T13:37:28.019+0000] {dagbag.py:538} INFO - Filling up the DagBag from /opt/airflow/dags/eda_airflow.py
[2025-07-19T13:37:28.105+0000] {processor.py:840} INFO - DAG(s) 'launch_streamlit_dashboard' retrieved from /opt/airflow/dags/eda_airflow.py
[2025-07-19T13:37:28.117+0000] {logging_mixin.py:188} INFO - [2025-07-19T13:37:28.116+0000] {dag.py:3036} INFO - Sync 1 DAGs
[2025-07-19T13:37:28.130+0000] {logging_mixin.py:188} INFO - [2025-07-19T13:37:28.130+0000] {dag.py:3823} INFO - Setting next_dagrun for launch_streamlit_dashboard to None, run_after=None
[2025-07-19T13:37:28.152+0000] {processor.py:183} INFO - Processing /opt/airflow/dags/eda_airflow.py took 0.139 seconds
[2025-07-19T13:37:59.219+0000] {processor.py:161} INFO - Started process (PID=4304) to work on /opt/airflow/dags/eda_airflow.py
[2025-07-19T13:37:59.222+0000] {processor.py:830} INFO - Processing file /opt/airflow/dags/eda_airflow.py for tasks to queue
[2025-07-19T13:37:59.334+0000] {logging_mixin.py:188} INFO - [2025-07-19T13:37:59.333+0000] {dagbag.py:538} INFO - Filling up the DagBag from /opt/airflow/dags/eda_airflow.py
[2025-07-19T13:38:00.032+0000] {processor.py:840} INFO - DAG(s) 'launch_streamlit_dashboard' retrieved from /opt/airflow/dags/eda_airflow.py
[2025-07-19T13:38:00.586+0000] {logging_mixin.py:188} INFO - [2025-07-19T13:38:00.585+0000] {dag.py:3036} INFO - Sync 1 DAGs
[2025-07-19T13:38:00.599+0000] {logging_mixin.py:188} INFO - [2025-07-19T13:38:00.598+0000] {dag.py:3823} INFO - Setting next_dagrun for launch_streamlit_dashboard to None, run_after=None
[2025-07-19T13:38:00.626+0000] {processor.py:183} INFO - Processing /opt/airflow/dags/eda_airflow.py took 1.410 seconds
[2025-07-19T13:38:31.320+0000] {processor.py:161} INFO - Started process (PID=4336) to work on /opt/airflow/dags/eda_airflow.py
[2025-07-19T13:38:31.321+0000] {processor.py:830} INFO - Processing file /opt/airflow/dags/eda_airflow.py for tasks to queue
[2025-07-19T13:38:31.322+0000] {logging_mixin.py:188} INFO - [2025-07-19T13:38:31.322+0000] {dagbag.py:538} INFO - Filling up the DagBag from /opt/airflow/dags/eda_airflow.py
[2025-07-19T13:38:31.333+0000] {processor.py:840} INFO - DAG(s) 'launch_streamlit_dashboard' retrieved from /opt/airflow/dags/eda_airflow.py
[2025-07-19T13:38:31.360+0000] {logging_mixin.py:188} INFO - [2025-07-19T13:38:31.360+0000] {dag.py:3036} INFO - Sync 1 DAGs
[2025-07-19T13:38:31.375+0000] {logging_mixin.py:188} INFO - [2025-07-19T13:38:31.374+0000] {dag.py:3823} INFO - Setting next_dagrun for launch_streamlit_dashboard to None, run_after=None
[2025-07-19T13:38:31.448+0000] {processor.py:183} INFO - Processing /opt/airflow/dags/eda_airflow.py took 0.132 seconds
[2025-07-19T13:39:01.515+0000] {processor.py:161} INFO - Started process (PID=4366) to work on /opt/airflow/dags/eda_airflow.py
[2025-07-19T13:39:01.516+0000] {processor.py:830} INFO - Processing file /opt/airflow/dags/eda_airflow.py for tasks to queue
[2025-07-19T13:39:01.518+0000] {logging_mixin.py:188} INFO - [2025-07-19T13:39:01.517+0000] {dagbag.py:538} INFO - Filling up the DagBag from /opt/airflow/dags/eda_airflow.py
[2025-07-19T13:39:01.675+0000] {processor.py:840} INFO - DAG(s) 'launch_streamlit_dashboard' retrieved from /opt/airflow/dags/eda_airflow.py
[2025-07-19T13:39:01.687+0000] {logging_mixin.py:188} INFO - [2025-07-19T13:39:01.687+0000] {dag.py:3036} INFO - Sync 1 DAGs
[2025-07-19T13:39:01.788+0000] {logging_mixin.py:188} INFO - [2025-07-19T13:39:01.788+0000] {dag.py:3823} INFO - Setting next_dagrun for launch_streamlit_dashboard to None, run_after=None
[2025-07-19T13:39:02.383+0000] {processor.py:183} INFO - Processing /opt/airflow/dags/eda_airflow.py took 0.872 seconds
[2025-07-19T13:39:33.052+0000] {processor.py:161} INFO - Started process (PID=4396) to work on /opt/airflow/dags/eda_airflow.py
[2025-07-19T13:39:33.053+0000] {processor.py:830} INFO - Processing file /opt/airflow/dags/eda_airflow.py for tasks to queue
[2025-07-19T13:39:33.054+0000] {logging_mixin.py:188} INFO - [2025-07-19T13:39:33.054+0000] {dagbag.py:538} INFO - Filling up the DagBag from /opt/airflow/dags/eda_airflow.py
[2025-07-19T13:39:33.064+0000] {processor.py:840} INFO - DAG(s) 'launch_streamlit_dashboard' retrieved from /opt/airflow/dags/eda_airflow.py
[2025-07-19T13:39:33.173+0000] {logging_mixin.py:188} INFO - [2025-07-19T13:39:33.173+0000] {dag.py:3036} INFO - Sync 1 DAGs
[2025-07-19T13:39:33.183+0000] {logging_mixin.py:188} INFO - [2025-07-19T13:39:33.183+0000] {dag.py:3823} INFO - Setting next_dagrun for launch_streamlit_dashboard to None, run_after=None
[2025-07-19T13:39:33.318+0000] {processor.py:183} INFO - Processing /opt/airflow/dags/eda_airflow.py took 0.270 seconds
[2025-07-19T13:40:03.841+0000] {processor.py:161} INFO - Started process (PID=4424) to work on /opt/airflow/dags/eda_airflow.py
[2025-07-19T13:40:03.842+0000] {processor.py:830} INFO - Processing file /opt/airflow/dags/eda_airflow.py for tasks to queue
[2025-07-19T13:40:03.843+0000] {logging_mixin.py:188} INFO - [2025-07-19T13:40:03.843+0000] {dagbag.py:538} INFO - Filling up the DagBag from /opt/airflow/dags/eda_airflow.py
[2025-07-19T13:40:04.004+0000] {processor.py:840} INFO - DAG(s) 'launch_streamlit_dashboard' retrieved from /opt/airflow/dags/eda_airflow.py
[2025-07-19T13:40:04.015+0000] {logging_mixin.py:188} INFO - [2025-07-19T13:40:04.015+0000] {dag.py:3036} INFO - Sync 1 DAGs
[2025-07-19T13:40:04.028+0000] {logging_mixin.py:188} INFO - [2025-07-19T13:40:04.027+0000] {dag.py:3823} INFO - Setting next_dagrun for launch_streamlit_dashboard to None, run_after=None
[2025-07-19T13:40:04.049+0000] {processor.py:183} INFO - Processing /opt/airflow/dags/eda_airflow.py took 0.212 seconds
[2025-07-19T13:40:35.936+0000] {processor.py:161} INFO - Started process (PID=4479) to work on /opt/airflow/dags/eda_airflow.py
[2025-07-19T13:40:35.937+0000] {processor.py:830} INFO - Processing file /opt/airflow/dags/eda_airflow.py for tasks to queue
[2025-07-19T13:40:35.938+0000] {logging_mixin.py:188} INFO - [2025-07-19T13:40:35.938+0000] {dagbag.py:538} INFO - Filling up the DagBag from /opt/airflow/dags/eda_airflow.py
[2025-07-19T13:40:35.950+0000] {processor.py:840} INFO - DAG(s) 'launch_streamlit_dashboard' retrieved from /opt/airflow/dags/eda_airflow.py
[2025-07-19T13:40:36.093+0000] {logging_mixin.py:188} INFO - [2025-07-19T13:40:36.093+0000] {dag.py:3036} INFO - Sync 1 DAGs
[2025-07-19T13:40:36.106+0000] {logging_mixin.py:188} INFO - [2025-07-19T13:40:36.106+0000] {dag.py:3823} INFO - Setting next_dagrun for launch_streamlit_dashboard to None, run_after=None
[2025-07-19T13:40:36.543+0000] {processor.py:183} INFO - Processing /opt/airflow/dags/eda_airflow.py took 0.611 seconds
[2025-07-19T13:41:07.085+0000] {processor.py:161} INFO - Started process (PID=4509) to work on /opt/airflow/dags/eda_airflow.py
[2025-07-19T13:41:07.086+0000] {processor.py:830} INFO - Processing file /opt/airflow/dags/eda_airflow.py for tasks to queue
[2025-07-19T13:41:07.087+0000] {logging_mixin.py:188} INFO - [2025-07-19T13:41:07.087+0000] {dagbag.py:538} INFO - Filling up the DagBag from /opt/airflow/dags/eda_airflow.py
[2025-07-19T13:41:07.098+0000] {processor.py:840} INFO - DAG(s) 'launch_streamlit_dashboard' retrieved from /opt/airflow/dags/eda_airflow.py
[2025-07-19T13:41:07.434+0000] {logging_mixin.py:188} INFO - [2025-07-19T13:41:07.433+0000] {dag.py:3036} INFO - Sync 1 DAGs
[2025-07-19T13:41:07.481+0000] {logging_mixin.py:188} INFO - [2025-07-19T13:41:07.480+0000] {dag.py:3823} INFO - Setting next_dagrun for launch_streamlit_dashboard to None, run_after=None
[2025-07-19T13:41:08.107+0000] {processor.py:183} INFO - Processing /opt/airflow/dags/eda_airflow.py took 1.026 seconds
[2025-07-19T13:41:58.161+0000] {processor.py:161} INFO - Started process (PID=4541) to work on /opt/airflow/dags/eda_airflow.py
[2025-07-19T13:41:58.162+0000] {processor.py:830} INFO - Processing file /opt/airflow/dags/eda_airflow.py for tasks to queue
[2025-07-19T13:41:58.163+0000] {logging_mixin.py:188} INFO - [2025-07-19T13:41:58.163+0000] {dagbag.py:538} INFO - Filling up the DagBag from /opt/airflow/dags/eda_airflow.py
[2025-07-19T13:41:58.175+0000] {processor.py:840} INFO - DAG(s) 'launch_streamlit_dashboard' retrieved from /opt/airflow/dags/eda_airflow.py
[2025-07-19T13:41:59.176+0000] {logging_mixin.py:188} INFO - [2025-07-19T13:41:59.176+0000] {dag.py:3036} INFO - Sync 1 DAGs
[2025-07-19T13:41:59.293+0000] {logging_mixin.py:188} INFO - [2025-07-19T13:41:59.292+0000] {dag.py:3823} INFO - Setting next_dagrun for launch_streamlit_dashboard to None, run_after=None
[2025-07-19T13:42:05.354+0000] {processor.py:183} INFO - Processing /opt/airflow/dags/eda_airflow.py took 8.314 seconds
[2025-07-19T13:42:36.354+0000] {processor.py:161} INFO - Started process (PID=4571) to work on /opt/airflow/dags/eda_airflow.py
[2025-07-19T13:42:36.355+0000] {processor.py:830} INFO - Processing file /opt/airflow/dags/eda_airflow.py for tasks to queue
[2025-07-19T13:42:36.357+0000] {logging_mixin.py:188} INFO - [2025-07-19T13:42:36.356+0000] {dagbag.py:538} INFO - Filling up the DagBag from /opt/airflow/dags/eda_airflow.py
[2025-07-19T13:42:36.436+0000] {processor.py:840} INFO - DAG(s) 'launch_streamlit_dashboard' retrieved from /opt/airflow/dags/eda_airflow.py
[2025-07-19T13:42:36.474+0000] {logging_mixin.py:188} INFO - [2025-07-19T13:42:36.474+0000] {dag.py:3036} INFO - Sync 1 DAGs
[2025-07-19T13:42:36.490+0000] {logging_mixin.py:188} INFO - [2025-07-19T13:42:36.490+0000] {dag.py:3823} INFO - Setting next_dagrun for launch_streamlit_dashboard to None, run_after=None
[2025-07-19T13:42:36.732+0000] {processor.py:183} INFO - Processing /opt/airflow/dags/eda_airflow.py took 0.382 seconds
[2025-07-19T13:43:07.182+0000] {processor.py:161} INFO - Started process (PID=4601) to work on /opt/airflow/dags/eda_airflow.py
[2025-07-19T13:43:07.183+0000] {processor.py:830} INFO - Processing file /opt/airflow/dags/eda_airflow.py for tasks to queue
[2025-07-19T13:43:07.184+0000] {logging_mixin.py:188} INFO - [2025-07-19T13:43:07.184+0000] {dagbag.py:538} INFO - Filling up the DagBag from /opt/airflow/dags/eda_airflow.py
[2025-07-19T13:43:07.196+0000] {processor.py:840} INFO - DAG(s) 'launch_streamlit_dashboard' retrieved from /opt/airflow/dags/eda_airflow.py
[2025-07-19T13:43:07.207+0000] {logging_mixin.py:188} INFO - [2025-07-19T13:43:07.207+0000] {dag.py:3036} INFO - Sync 1 DAGs
[2025-07-19T13:43:07.222+0000] {logging_mixin.py:188} INFO - [2025-07-19T13:43:07.222+0000] {dag.py:3823} INFO - Setting next_dagrun for launch_streamlit_dashboard to None, run_after=None
[2025-07-19T13:43:07.441+0000] {processor.py:183} INFO - Processing /opt/airflow/dags/eda_airflow.py took 0.263 seconds
[2025-07-19T13:43:38.276+0000] {processor.py:161} INFO - Started process (PID=4631) to work on /opt/airflow/dags/eda_airflow.py
[2025-07-19T13:43:38.277+0000] {processor.py:830} INFO - Processing file /opt/airflow/dags/eda_airflow.py for tasks to queue
[2025-07-19T13:43:38.279+0000] {logging_mixin.py:188} INFO - [2025-07-19T13:43:38.278+0000] {dagbag.py:538} INFO - Filling up the DagBag from /opt/airflow/dags/eda_airflow.py
[2025-07-19T13:43:38.293+0000] {processor.py:840} INFO - DAG(s) 'launch_streamlit_dashboard' retrieved from /opt/airflow/dags/eda_airflow.py
[2025-07-19T13:43:38.470+0000] {logging_mixin.py:188} INFO - [2025-07-19T13:43:38.470+0000] {dag.py:3036} INFO - Sync 1 DAGs
[2025-07-19T13:43:38.493+0000] {logging_mixin.py:188} INFO - [2025-07-19T13:43:38.493+0000] {dag.py:3823} INFO - Setting next_dagrun for launch_streamlit_dashboard to None, run_after=None
[2025-07-19T13:43:38.579+0000] {processor.py:183} INFO - Processing /opt/airflow/dags/eda_airflow.py took 0.307 seconds
[2025-07-19T13:44:09.054+0000] {processor.py:161} INFO - Started process (PID=4661) to work on /opt/airflow/dags/eda_airflow.py
[2025-07-19T13:44:09.056+0000] {processor.py:830} INFO - Processing file /opt/airflow/dags/eda_airflow.py for tasks to queue
[2025-07-19T13:44:09.057+0000] {logging_mixin.py:188} INFO - [2025-07-19T13:44:09.056+0000] {dagbag.py:538} INFO - Filling up the DagBag from /opt/airflow/dags/eda_airflow.py
[2025-07-19T13:44:09.308+0000] {processor.py:840} INFO - DAG(s) 'launch_streamlit_dashboard' retrieved from /opt/airflow/dags/eda_airflow.py
[2025-07-19T13:44:09.338+0000] {logging_mixin.py:188} INFO - [2025-07-19T13:44:09.338+0000] {dag.py:3036} INFO - Sync 1 DAGs
[2025-07-19T13:44:09.352+0000] {logging_mixin.py:188} INFO - [2025-07-19T13:44:09.351+0000] {dag.py:3823} INFO - Setting next_dagrun for launch_streamlit_dashboard to None, run_after=None
[2025-07-19T13:44:09.378+0000] {processor.py:183} INFO - Processing /opt/airflow/dags/eda_airflow.py took 0.327 seconds
[2025-07-19T13:44:39.682+0000] {processor.py:161} INFO - Started process (PID=4691) to work on /opt/airflow/dags/eda_airflow.py
[2025-07-19T13:44:39.684+0000] {processor.py:830} INFO - Processing file /opt/airflow/dags/eda_airflow.py for tasks to queue
[2025-07-19T13:44:39.686+0000] {logging_mixin.py:188} INFO - [2025-07-19T13:44:39.685+0000] {dagbag.py:538} INFO - Filling up the DagBag from /opt/airflow/dags/eda_airflow.py
[2025-07-19T13:44:39.699+0000] {processor.py:840} INFO - DAG(s) 'launch_streamlit_dashboard' retrieved from /opt/airflow/dags/eda_airflow.py
[2025-07-19T13:44:39.796+0000] {logging_mixin.py:188} INFO - [2025-07-19T13:44:39.795+0000] {dag.py:3036} INFO - Sync 1 DAGs
[2025-07-19T13:44:39.810+0000] {logging_mixin.py:188} INFO - [2025-07-19T13:44:39.810+0000] {dag.py:3823} INFO - Setting next_dagrun for launch_streamlit_dashboard to None, run_after=None
[2025-07-19T13:44:39.915+0000] {processor.py:183} INFO - Processing /opt/airflow/dags/eda_airflow.py took 0.237 seconds
[2025-07-19T13:45:10.424+0000] {processor.py:161} INFO - Started process (PID=4721) to work on /opt/airflow/dags/eda_airflow.py
[2025-07-19T13:45:10.426+0000] {processor.py:830} INFO - Processing file /opt/airflow/dags/eda_airflow.py for tasks to queue
[2025-07-19T13:45:10.427+0000] {logging_mixin.py:188} INFO - [2025-07-19T13:45:10.427+0000] {dagbag.py:538} INFO - Filling up the DagBag from /opt/airflow/dags/eda_airflow.py
[2025-07-19T13:45:10.490+0000] {processor.py:840} INFO - DAG(s) 'launch_streamlit_dashboard' retrieved from /opt/airflow/dags/eda_airflow.py
[2025-07-19T13:46:33.406+0000] {processor.py:161} INFO - Started process (PID=4779) to work on /opt/airflow/dags/eda_airflow.py
[2025-07-19T13:46:33.407+0000] {processor.py:830} INFO - Processing file /opt/airflow/dags/eda_airflow.py for tasks to queue
[2025-07-19T13:46:33.408+0000] {logging_mixin.py:188} INFO - [2025-07-19T13:46:33.408+0000] {dagbag.py:538} INFO - Filling up the DagBag from /opt/airflow/dags/eda_airflow.py
[2025-07-19T13:46:33.450+0000] {processor.py:840} INFO - DAG(s) 'launch_streamlit_dashboard' retrieved from /opt/airflow/dags/eda_airflow.py
[2025-07-19T13:46:33.591+0000] {logging_mixin.py:188} INFO - [2025-07-19T13:46:33.590+0000] {dag.py:3036} INFO - Sync 1 DAGs
[2025-07-19T13:46:33.639+0000] {logging_mixin.py:188} INFO - [2025-07-19T13:46:33.639+0000] {dag.py:3823} INFO - Setting next_dagrun for launch_streamlit_dashboard to None, run_after=None
[2025-07-19T13:46:33.955+0000] {processor.py:183} INFO - Processing /opt/airflow/dags/eda_airflow.py took 0.552 seconds
[2025-07-19T13:47:04.810+0000] {processor.py:161} INFO - Started process (PID=4813) to work on /opt/airflow/dags/eda_airflow.py
[2025-07-19T13:47:04.811+0000] {processor.py:830} INFO - Processing file /opt/airflow/dags/eda_airflow.py for tasks to queue
[2025-07-19T13:47:04.812+0000] {logging_mixin.py:188} INFO - [2025-07-19T13:47:04.812+0000] {dagbag.py:538} INFO - Filling up the DagBag from /opt/airflow/dags/eda_airflow.py
[2025-07-19T13:47:04.830+0000] {processor.py:840} INFO - DAG(s) 'launch_streamlit_dashboard' retrieved from /opt/airflow/dags/eda_airflow.py
[2025-07-19T13:47:05.041+0000] {logging_mixin.py:188} INFO - [2025-07-19T13:47:05.041+0000] {dag.py:3036} INFO - Sync 1 DAGs
[2025-07-19T13:47:05.055+0000] {logging_mixin.py:188} INFO - [2025-07-19T13:47:05.055+0000] {dag.py:3823} INFO - Setting next_dagrun for launch_streamlit_dashboard to None, run_after=None
[2025-07-19T13:47:05.334+0000] {processor.py:183} INFO - Processing /opt/airflow/dags/eda_airflow.py took 0.550 seconds
[2025-07-19T13:47:39.065+0000] {processor.py:161} INFO - Started process (PID=4843) to work on /opt/airflow/dags/eda_airflow.py
[2025-07-19T13:47:39.140+0000] {processor.py:830} INFO - Processing file /opt/airflow/dags/eda_airflow.py for tasks to queue
[2025-07-19T13:47:39.211+0000] {logging_mixin.py:188} INFO - [2025-07-19T13:47:39.210+0000] {dagbag.py:538} INFO - Filling up the DagBag from /opt/airflow/dags/eda_airflow.py
[2025-07-19T13:47:41.178+0000] {processor.py:840} INFO - DAG(s) 'launch_streamlit_dashboard' retrieved from /opt/airflow/dags/eda_airflow.py
[2025-07-19T13:47:41.412+0000] {logging_mixin.py:188} INFO - [2025-07-19T13:47:41.412+0000] {dag.py:3036} INFO - Sync 1 DAGs
[2025-07-19T13:47:41.680+0000] {logging_mixin.py:188} INFO - [2025-07-19T13:47:41.680+0000] {dag.py:3823} INFO - Setting next_dagrun for launch_streamlit_dashboard to None, run_after=None
[2025-07-19T13:47:41.823+0000] {processor.py:183} INFO - Processing /opt/airflow/dags/eda_airflow.py took 2.761 seconds
[2025-07-19T13:48:12.614+0000] {processor.py:161} INFO - Started process (PID=4873) to work on /opt/airflow/dags/eda_airflow.py
[2025-07-19T13:48:12.615+0000] {processor.py:830} INFO - Processing file /opt/airflow/dags/eda_airflow.py for tasks to queue
[2025-07-19T13:48:12.617+0000] {logging_mixin.py:188} INFO - [2025-07-19T13:48:12.616+0000] {dagbag.py:538} INFO - Filling up the DagBag from /opt/airflow/dags/eda_airflow.py
[2025-07-19T13:48:12.631+0000] {processor.py:840} INFO - DAG(s) 'launch_streamlit_dashboard' retrieved from /opt/airflow/dags/eda_airflow.py
[2025-07-19T13:48:12.826+0000] {logging_mixin.py:188} INFO - [2025-07-19T13:48:12.826+0000] {dag.py:3036} INFO - Sync 1 DAGs
[2025-07-19T13:48:12.841+0000] {logging_mixin.py:188} INFO - [2025-07-19T13:48:12.840+0000] {dag.py:3823} INFO - Setting next_dagrun for launch_streamlit_dashboard to None, run_after=None
[2025-07-19T13:48:13.074+0000] {processor.py:183} INFO - Processing /opt/airflow/dags/eda_airflow.py took 0.464 seconds
[2025-07-19T13:48:45.568+0000] {processor.py:161} INFO - Started process (PID=4906) to work on /opt/airflow/dags/eda_airflow.py
[2025-07-19T13:48:45.570+0000] {processor.py:830} INFO - Processing file /opt/airflow/dags/eda_airflow.py for tasks to queue
[2025-07-19T13:48:45.571+0000] {logging_mixin.py:188} INFO - [2025-07-19T13:48:45.571+0000] {dagbag.py:538} INFO - Filling up the DagBag from /opt/airflow/dags/eda_airflow.py
[2025-07-19T13:48:45.582+0000] {processor.py:840} INFO - DAG(s) 'launch_streamlit_dashboard' retrieved from /opt/airflow/dags/eda_airflow.py
[2025-07-19T13:48:45.596+0000] {logging_mixin.py:188} INFO - [2025-07-19T13:48:45.596+0000] {dag.py:3036} INFO - Sync 1 DAGs
[2025-07-19T13:48:45.611+0000] {logging_mixin.py:188} INFO - [2025-07-19T13:48:45.610+0000] {dag.py:3823} INFO - Setting next_dagrun for launch_streamlit_dashboard to None, run_after=None
[2025-07-19T13:48:45.802+0000] {processor.py:183} INFO - Processing /opt/airflow/dags/eda_airflow.py took 0.238 seconds
[2025-07-19T13:49:16.761+0000] {processor.py:161} INFO - Started process (PID=4937) to work on /opt/airflow/dags/eda_airflow.py
[2025-07-19T13:49:16.762+0000] {processor.py:830} INFO - Processing file /opt/airflow/dags/eda_airflow.py for tasks to queue
[2025-07-19T13:49:16.763+0000] {logging_mixin.py:188} INFO - [2025-07-19T13:49:16.763+0000] {dagbag.py:538} INFO - Filling up the DagBag from /opt/airflow/dags/eda_airflow.py
[2025-07-19T13:49:16.775+0000] {processor.py:840} INFO - DAG(s) 'launch_streamlit_dashboard' retrieved from /opt/airflow/dags/eda_airflow.py
[2025-07-19T13:49:18.300+0000] {logging_mixin.py:188} INFO - [2025-07-19T13:49:18.300+0000] {dag.py:3036} INFO - Sync 1 DAGs
[2025-07-19T13:49:18.315+0000] {logging_mixin.py:188} INFO - [2025-07-19T13:49:18.315+0000] {dag.py:3823} INFO - Setting next_dagrun for launch_streamlit_dashboard to None, run_after=None
[2025-07-19T13:49:18.346+0000] {processor.py:183} INFO - Processing /opt/airflow/dags/eda_airflow.py took 1.589 seconds
[2025-07-19T13:49:53.849+0000] {processor.py:161} INFO - Started process (PID=4979) to work on /opt/airflow/dags/eda_airflow.py
[2025-07-19T13:49:53.865+0000] {processor.py:830} INFO - Processing file /opt/airflow/dags/eda_airflow.py for tasks to queue
[2025-07-19T13:49:53.902+0000] {logging_mixin.py:188} INFO - [2025-07-19T13:49:53.901+0000] {dagbag.py:538} INFO - Filling up the DagBag from /opt/airflow/dags/eda_airflow.py
[2025-07-19T13:49:55.205+0000] {processor.py:840} INFO - DAG(s) 'launch_streamlit_dashboard' retrieved from /opt/airflow/dags/eda_airflow.py
[2025-07-19T13:49:57.236+0000] {logging_mixin.py:188} INFO - [2025-07-19T13:49:57.236+0000] {dag.py:3036} INFO - Sync 1 DAGs
[2025-07-19T13:49:57.695+0000] {logging_mixin.py:188} INFO - [2025-07-19T13:49:57.695+0000] {dag.py:3823} INFO - Setting next_dagrun for launch_streamlit_dashboard to None, run_after=None
[2025-07-19T13:49:58.237+0000] {processor.py:183} INFO - Processing /opt/airflow/dags/eda_airflow.py took 4.544 seconds
[2025-07-19T13:50:28.448+0000] {processor.py:161} INFO - Started process (PID=5016) to work on /opt/airflow/dags/eda_airflow.py
[2025-07-19T13:50:28.449+0000] {processor.py:830} INFO - Processing file /opt/airflow/dags/eda_airflow.py for tasks to queue
[2025-07-19T13:50:28.450+0000] {logging_mixin.py:188} INFO - [2025-07-19T13:50:28.450+0000] {dagbag.py:538} INFO - Filling up the DagBag from /opt/airflow/dags/eda_airflow.py
[2025-07-19T13:50:28.462+0000] {processor.py:840} INFO - DAG(s) 'launch_streamlit_dashboard' retrieved from /opt/airflow/dags/eda_airflow.py
[2025-07-19T13:50:28.474+0000] {logging_mixin.py:188} INFO - [2025-07-19T13:50:28.474+0000] {dag.py:3036} INFO - Sync 1 DAGs
[2025-07-19T13:50:28.489+0000] {logging_mixin.py:188} INFO - [2025-07-19T13:50:28.488+0000] {dag.py:3823} INFO - Setting next_dagrun for launch_streamlit_dashboard to None, run_after=None
[2025-07-19T13:50:28.515+0000] {processor.py:183} INFO - Processing /opt/airflow/dags/eda_airflow.py took 0.071 seconds
[2025-07-19T13:50:59.095+0000] {processor.py:161} INFO - Started process (PID=5051) to work on /opt/airflow/dags/eda_airflow.py
[2025-07-19T13:50:59.097+0000] {processor.py:830} INFO - Processing file /opt/airflow/dags/eda_airflow.py for tasks to queue
[2025-07-19T13:50:59.098+0000] {logging_mixin.py:188} INFO - [2025-07-19T13:50:59.097+0000] {dagbag.py:538} INFO - Filling up the DagBag from /opt/airflow/dags/eda_airflow.py
[2025-07-19T13:50:59.267+0000] {processor.py:840} INFO - DAG(s) 'launch_streamlit_dashboard' retrieved from /opt/airflow/dags/eda_airflow.py
[2025-07-19T13:51:07.356+0000] {logging_mixin.py:188} INFO - [2025-07-19T13:51:07.356+0000] {dag.py:3036} INFO - Sync 1 DAGs
[2025-07-19T13:51:09.022+0000] {logging_mixin.py:188} INFO - [2025-07-19T13:51:09.022+0000] {dag.py:3823} INFO - Setting next_dagrun for launch_streamlit_dashboard to None, run_after=None
[2025-07-19T13:51:09.151+0000] {processor.py:183} INFO - Processing /opt/airflow/dags/eda_airflow.py took 10.062 seconds
[2025-07-19T13:51:39.450+0000] {processor.py:161} INFO - Started process (PID=5088) to work on /opt/airflow/dags/eda_airflow.py
[2025-07-19T13:51:39.452+0000] {processor.py:830} INFO - Processing file /opt/airflow/dags/eda_airflow.py for tasks to queue
[2025-07-19T13:51:39.453+0000] {logging_mixin.py:188} INFO - [2025-07-19T13:51:39.452+0000] {dagbag.py:538} INFO - Filling up the DagBag from /opt/airflow/dags/eda_airflow.py
[2025-07-19T13:51:39.465+0000] {processor.py:840} INFO - DAG(s) 'launch_streamlit_dashboard' retrieved from /opt/airflow/dags/eda_airflow.py
[2025-07-19T13:51:40.356+0000] {logging_mixin.py:188} INFO - [2025-07-19T13:51:40.356+0000] {dag.py:3036} INFO - Sync 1 DAGs
[2025-07-19T13:51:40.368+0000] {logging_mixin.py:188} INFO - [2025-07-19T13:51:40.368+0000] {dag.py:3823} INFO - Setting next_dagrun for launch_streamlit_dashboard to None, run_after=None
[2025-07-19T13:51:40.391+0000] {processor.py:183} INFO - Processing /opt/airflow/dags/eda_airflow.py took 0.946 seconds
[2025-07-19T13:52:10.945+0000] {processor.py:161} INFO - Started process (PID=5128) to work on /opt/airflow/dags/eda_airflow.py
[2025-07-19T13:52:10.946+0000] {processor.py:830} INFO - Processing file /opt/airflow/dags/eda_airflow.py for tasks to queue
[2025-07-19T13:52:10.947+0000] {logging_mixin.py:188} INFO - [2025-07-19T13:52:10.947+0000] {dagbag.py:538} INFO - Filling up the DagBag from /opt/airflow/dags/eda_airflow.py
[2025-07-19T13:52:10.957+0000] {processor.py:840} INFO - DAG(s) 'launch_streamlit_dashboard' retrieved from /opt/airflow/dags/eda_airflow.py
[2025-07-19T13:52:11.077+0000] {logging_mixin.py:188} INFO - [2025-07-19T13:52:11.077+0000] {dag.py:3036} INFO - Sync 1 DAGs
[2025-07-19T13:52:11.090+0000] {logging_mixin.py:188} INFO - [2025-07-19T13:52:11.090+0000] {dag.py:3823} INFO - Setting next_dagrun for launch_streamlit_dashboard to None, run_after=None
[2025-07-19T13:52:11.116+0000] {processor.py:183} INFO - Processing /opt/airflow/dags/eda_airflow.py took 0.175 seconds
[2025-07-19T13:52:41.806+0000] {processor.py:161} INFO - Started process (PID=5156) to work on /opt/airflow/dags/eda_airflow.py
[2025-07-19T13:52:41.807+0000] {processor.py:830} INFO - Processing file /opt/airflow/dags/eda_airflow.py for tasks to queue
[2025-07-19T13:52:41.808+0000] {logging_mixin.py:188} INFO - [2025-07-19T13:52:41.808+0000] {dagbag.py:538} INFO - Filling up the DagBag from /opt/airflow/dags/eda_airflow.py
[2025-07-19T13:52:41.820+0000] {processor.py:840} INFO - DAG(s) 'launch_streamlit_dashboard' retrieved from /opt/airflow/dags/eda_airflow.py
[2025-07-19T13:52:41.855+0000] {logging_mixin.py:188} INFO - [2025-07-19T13:52:41.855+0000] {dag.py:3036} INFO - Sync 1 DAGs
[2025-07-19T13:52:41.870+0000] {logging_mixin.py:188} INFO - [2025-07-19T13:52:41.869+0000] {dag.py:3823} INFO - Setting next_dagrun for launch_streamlit_dashboard to None, run_after=None
[2025-07-19T13:52:41.892+0000] {processor.py:183} INFO - Processing /opt/airflow/dags/eda_airflow.py took 0.090 seconds
[2025-07-19T13:53:12.424+0000] {processor.py:161} INFO - Started process (PID=5188) to work on /opt/airflow/dags/eda_airflow.py
[2025-07-19T13:53:12.425+0000] {processor.py:830} INFO - Processing file /opt/airflow/dags/eda_airflow.py for tasks to queue
[2025-07-19T13:53:12.426+0000] {logging_mixin.py:188} INFO - [2025-07-19T13:53:12.426+0000] {dagbag.py:538} INFO - Filling up the DagBag from /opt/airflow/dags/eda_airflow.py
[2025-07-19T13:53:12.439+0000] {processor.py:840} INFO - DAG(s) 'launch_streamlit_dashboard' retrieved from /opt/airflow/dags/eda_airflow.py
[2025-07-19T13:53:12.556+0000] {logging_mixin.py:188} INFO - [2025-07-19T13:53:12.555+0000] {dag.py:3036} INFO - Sync 1 DAGs
[2025-07-19T13:53:12.566+0000] {logging_mixin.py:188} INFO - [2025-07-19T13:53:12.565+0000] {dag.py:3823} INFO - Setting next_dagrun for launch_streamlit_dashboard to None, run_after=None
[2025-07-19T13:53:12.609+0000] {processor.py:183} INFO - Processing /opt/airflow/dags/eda_airflow.py took 0.188 seconds
[2025-07-19T13:53:42.816+0000] {processor.py:161} INFO - Started process (PID=5241) to work on /opt/airflow/dags/eda_airflow.py
[2025-07-19T13:53:42.817+0000] {processor.py:830} INFO - Processing file /opt/airflow/dags/eda_airflow.py for tasks to queue
[2025-07-19T13:53:42.819+0000] {logging_mixin.py:188} INFO - [2025-07-19T13:53:42.818+0000] {dagbag.py:538} INFO - Filling up the DagBag from /opt/airflow/dags/eda_airflow.py
[2025-07-19T13:53:42.829+0000] {processor.py:840} INFO - DAG(s) 'launch_streamlit_dashboard' retrieved from /opt/airflow/dags/eda_airflow.py
[2025-07-19T13:53:42.858+0000] {logging_mixin.py:188} INFO - [2025-07-19T13:53:42.857+0000] {dag.py:3036} INFO - Sync 1 DAGs
[2025-07-19T13:53:42.870+0000] {logging_mixin.py:188} INFO - [2025-07-19T13:53:42.870+0000] {dag.py:3823} INFO - Setting next_dagrun for launch_streamlit_dashboard to None, run_after=None
[2025-07-19T13:53:42.892+0000] {processor.py:183} INFO - Processing /opt/airflow/dags/eda_airflow.py took 0.079 seconds
[2025-07-19T13:54:13.532+0000] {processor.py:161} INFO - Started process (PID=5276) to work on /opt/airflow/dags/eda_airflow.py
[2025-07-19T13:54:13.533+0000] {processor.py:830} INFO - Processing file /opt/airflow/dags/eda_airflow.py for tasks to queue
[2025-07-19T13:54:13.534+0000] {logging_mixin.py:188} INFO - [2025-07-19T13:54:13.534+0000] {dagbag.py:538} INFO - Filling up the DagBag from /opt/airflow/dags/eda_airflow.py
[2025-07-19T13:54:13.547+0000] {processor.py:840} INFO - DAG(s) 'launch_streamlit_dashboard' retrieved from /opt/airflow/dags/eda_airflow.py
[2025-07-19T13:54:13.661+0000] {logging_mixin.py:188} INFO - [2025-07-19T13:54:13.660+0000] {dag.py:3036} INFO - Sync 1 DAGs
[2025-07-19T13:54:13.673+0000] {logging_mixin.py:188} INFO - [2025-07-19T13:54:13.672+0000] {dag.py:3823} INFO - Setting next_dagrun for launch_streamlit_dashboard to None, run_after=None
[2025-07-19T13:54:13.697+0000] {processor.py:183} INFO - Processing /opt/airflow/dags/eda_airflow.py took 0.170 seconds
[2025-07-19T13:54:44.124+0000] {processor.py:161} INFO - Started process (PID=5306) to work on /opt/airflow/dags/eda_airflow.py
[2025-07-19T13:54:44.125+0000] {processor.py:830} INFO - Processing file /opt/airflow/dags/eda_airflow.py for tasks to queue
[2025-07-19T13:54:44.127+0000] {logging_mixin.py:188} INFO - [2025-07-19T13:54:44.126+0000] {dagbag.py:538} INFO - Filling up the DagBag from /opt/airflow/dags/eda_airflow.py
[2025-07-19T13:54:44.140+0000] {processor.py:840} INFO - DAG(s) 'launch_streamlit_dashboard' retrieved from /opt/airflow/dags/eda_airflow.py
[2025-07-19T13:54:44.173+0000] {logging_mixin.py:188} INFO - [2025-07-19T13:54:44.173+0000] {dag.py:3036} INFO - Sync 1 DAGs
[2025-07-19T13:54:44.193+0000] {logging_mixin.py:188} INFO - [2025-07-19T13:54:44.192+0000] {dag.py:3823} INFO - Setting next_dagrun for launch_streamlit_dashboard to None, run_after=None
[2025-07-19T13:54:44.215+0000] {processor.py:183} INFO - Processing /opt/airflow/dags/eda_airflow.py took 0.094 seconds
[2025-07-19T13:55:14.791+0000] {processor.py:161} INFO - Started process (PID=5336) to work on /opt/airflow/dags/eda_airflow.py
[2025-07-19T13:55:14.792+0000] {processor.py:830} INFO - Processing file /opt/airflow/dags/eda_airflow.py for tasks to queue
[2025-07-19T13:55:14.793+0000] {logging_mixin.py:188} INFO - [2025-07-19T13:55:14.793+0000] {dagbag.py:538} INFO - Filling up the DagBag from /opt/airflow/dags/eda_airflow.py
[2025-07-19T13:55:14.806+0000] {processor.py:840} INFO - DAG(s) 'launch_streamlit_dashboard' retrieved from /opt/airflow/dags/eda_airflow.py
[2025-07-19T13:55:14.934+0000] {logging_mixin.py:188} INFO - [2025-07-19T13:55:14.933+0000] {dag.py:3036} INFO - Sync 1 DAGs
[2025-07-19T13:55:14.946+0000] {logging_mixin.py:188} INFO - [2025-07-19T13:55:14.946+0000] {dag.py:3823} INFO - Setting next_dagrun for launch_streamlit_dashboard to None, run_after=None
[2025-07-19T13:55:14.976+0000] {processor.py:183} INFO - Processing /opt/airflow/dags/eda_airflow.py took 0.189 seconds
[2025-07-19T13:55:45.423+0000] {processor.py:161} INFO - Started process (PID=5366) to work on /opt/airflow/dags/eda_airflow.py
[2025-07-19T13:55:45.424+0000] {processor.py:830} INFO - Processing file /opt/airflow/dags/eda_airflow.py for tasks to queue
[2025-07-19T13:55:45.426+0000] {logging_mixin.py:188} INFO - [2025-07-19T13:55:45.425+0000] {dagbag.py:538} INFO - Filling up the DagBag from /opt/airflow/dags/eda_airflow.py
[2025-07-19T13:55:45.440+0000] {processor.py:840} INFO - DAG(s) 'launch_streamlit_dashboard' retrieved from /opt/airflow/dags/eda_airflow.py
[2025-07-19T13:55:45.471+0000] {logging_mixin.py:188} INFO - [2025-07-19T13:55:45.470+0000] {dag.py:3036} INFO - Sync 1 DAGs
[2025-07-19T13:55:45.485+0000] {logging_mixin.py:188} INFO - [2025-07-19T13:55:45.485+0000] {dag.py:3823} INFO - Setting next_dagrun for launch_streamlit_dashboard to None, run_after=None
[2025-07-19T13:55:45.505+0000] {processor.py:183} INFO - Processing /opt/airflow/dags/eda_airflow.py took 0.086 seconds
[2025-07-19T13:56:16.008+0000] {processor.py:161} INFO - Started process (PID=5396) to work on /opt/airflow/dags/eda_airflow.py
[2025-07-19T13:56:16.009+0000] {processor.py:830} INFO - Processing file /opt/airflow/dags/eda_airflow.py for tasks to queue
[2025-07-19T13:56:16.010+0000] {logging_mixin.py:188} INFO - [2025-07-19T13:56:16.010+0000] {dagbag.py:538} INFO - Filling up the DagBag from /opt/airflow/dags/eda_airflow.py
[2025-07-19T13:56:16.024+0000] {processor.py:840} INFO - DAG(s) 'launch_streamlit_dashboard' retrieved from /opt/airflow/dags/eda_airflow.py
[2025-07-19T13:56:16.173+0000] {logging_mixin.py:188} INFO - [2025-07-19T13:56:16.172+0000] {dag.py:3036} INFO - Sync 1 DAGs
[2025-07-19T13:56:16.187+0000] {logging_mixin.py:188} INFO - [2025-07-19T13:56:16.187+0000] {dag.py:3823} INFO - Setting next_dagrun for launch_streamlit_dashboard to None, run_after=None
[2025-07-19T13:56:16.217+0000] {processor.py:183} INFO - Processing /opt/airflow/dags/eda_airflow.py took 0.214 seconds
[2025-07-19T13:56:46.821+0000] {processor.py:161} INFO - Started process (PID=5426) to work on /opt/airflow/dags/eda_airflow.py
[2025-07-19T13:56:46.822+0000] {processor.py:830} INFO - Processing file /opt/airflow/dags/eda_airflow.py for tasks to queue
[2025-07-19T13:56:46.823+0000] {logging_mixin.py:188} INFO - [2025-07-19T13:56:46.823+0000] {dagbag.py:538} INFO - Filling up the DagBag from /opt/airflow/dags/eda_airflow.py
[2025-07-19T13:56:46.835+0000] {processor.py:840} INFO - DAG(s) 'launch_streamlit_dashboard' retrieved from /opt/airflow/dags/eda_airflow.py
[2025-07-19T13:56:46.861+0000] {logging_mixin.py:188} INFO - [2025-07-19T13:56:46.860+0000] {dag.py:3036} INFO - Sync 1 DAGs
[2025-07-19T13:56:46.874+0000] {logging_mixin.py:188} INFO - [2025-07-19T13:56:46.873+0000] {dag.py:3823} INFO - Setting next_dagrun for launch_streamlit_dashboard to None, run_after=None
[2025-07-19T13:56:46.894+0000] {processor.py:183} INFO - Processing /opt/airflow/dags/eda_airflow.py took 0.077 seconds
[2025-07-19T13:57:17.388+0000] {processor.py:161} INFO - Started process (PID=5456) to work on /opt/airflow/dags/eda_airflow.py
[2025-07-19T13:57:17.389+0000] {processor.py:830} INFO - Processing file /opt/airflow/dags/eda_airflow.py for tasks to queue
[2025-07-19T13:57:17.390+0000] {logging_mixin.py:188} INFO - [2025-07-19T13:57:17.390+0000] {dagbag.py:538} INFO - Filling up the DagBag from /opt/airflow/dags/eda_airflow.py
[2025-07-19T13:57:17.400+0000] {processor.py:840} INFO - DAG(s) 'launch_streamlit_dashboard' retrieved from /opt/airflow/dags/eda_airflow.py
[2025-07-19T13:57:17.513+0000] {logging_mixin.py:188} INFO - [2025-07-19T13:57:17.512+0000] {dag.py:3036} INFO - Sync 1 DAGs
[2025-07-19T13:57:17.525+0000] {logging_mixin.py:188} INFO - [2025-07-19T13:57:17.525+0000] {dag.py:3823} INFO - Setting next_dagrun for launch_streamlit_dashboard to None, run_after=None
[2025-07-19T13:57:17.548+0000] {processor.py:183} INFO - Processing /opt/airflow/dags/eda_airflow.py took 0.164 seconds
[2025-07-19T13:57:48.078+0000] {processor.py:161} INFO - Started process (PID=5486) to work on /opt/airflow/dags/eda_airflow.py
[2025-07-19T13:57:48.079+0000] {processor.py:830} INFO - Processing file /opt/airflow/dags/eda_airflow.py for tasks to queue
[2025-07-19T13:57:48.082+0000] {logging_mixin.py:188} INFO - [2025-07-19T13:57:48.081+0000] {dagbag.py:538} INFO - Filling up the DagBag from /opt/airflow/dags/eda_airflow.py
[2025-07-19T13:57:48.097+0000] {processor.py:840} INFO - DAG(s) 'launch_streamlit_dashboard' retrieved from /opt/airflow/dags/eda_airflow.py
[2025-07-19T13:57:48.139+0000] {logging_mixin.py:188} INFO - [2025-07-19T13:57:48.138+0000] {dag.py:3036} INFO - Sync 1 DAGs
[2025-07-19T13:57:48.152+0000] {logging_mixin.py:188} INFO - [2025-07-19T13:57:48.152+0000] {dag.py:3823} INFO - Setting next_dagrun for launch_streamlit_dashboard to None, run_after=None
[2025-07-19T13:57:48.175+0000] {processor.py:183} INFO - Processing /opt/airflow/dags/eda_airflow.py took 0.103 seconds
[2025-07-19T13:58:18.697+0000] {processor.py:161} INFO - Started process (PID=5516) to work on /opt/airflow/dags/eda_airflow.py
[2025-07-19T13:58:18.698+0000] {processor.py:830} INFO - Processing file /opt/airflow/dags/eda_airflow.py for tasks to queue
[2025-07-19T13:58:18.699+0000] {logging_mixin.py:188} INFO - [2025-07-19T13:58:18.698+0000] {dagbag.py:538} INFO - Filling up the DagBag from /opt/airflow/dags/eda_airflow.py
[2025-07-19T13:58:18.711+0000] {processor.py:840} INFO - DAG(s) 'launch_streamlit_dashboard' retrieved from /opt/airflow/dags/eda_airflow.py
[2025-07-19T13:58:18.845+0000] {logging_mixin.py:188} INFO - [2025-07-19T13:58:18.844+0000] {dag.py:3036} INFO - Sync 1 DAGs
[2025-07-19T13:58:18.858+0000] {logging_mixin.py:188} INFO - [2025-07-19T13:58:18.857+0000] {dag.py:3823} INFO - Setting next_dagrun for launch_streamlit_dashboard to None, run_after=None
[2025-07-19T13:58:18.885+0000] {processor.py:183} INFO - Processing /opt/airflow/dags/eda_airflow.py took 0.191 seconds
[2025-07-19T13:58:49.314+0000] {processor.py:161} INFO - Started process (PID=5546) to work on /opt/airflow/dags/eda_airflow.py
[2025-07-19T13:58:49.315+0000] {processor.py:830} INFO - Processing file /opt/airflow/dags/eda_airflow.py for tasks to queue
[2025-07-19T13:58:49.316+0000] {logging_mixin.py:188} INFO - [2025-07-19T13:58:49.315+0000] {dagbag.py:538} INFO - Filling up the DagBag from /opt/airflow/dags/eda_airflow.py
[2025-07-19T13:58:49.326+0000] {processor.py:840} INFO - DAG(s) 'launch_streamlit_dashboard' retrieved from /opt/airflow/dags/eda_airflow.py
[2025-07-19T13:58:49.351+0000] {logging_mixin.py:188} INFO - [2025-07-19T13:58:49.350+0000] {dag.py:3036} INFO - Sync 1 DAGs
[2025-07-19T13:58:49.364+0000] {logging_mixin.py:188} INFO - [2025-07-19T13:58:49.364+0000] {dag.py:3823} INFO - Setting next_dagrun for launch_streamlit_dashboard to None, run_after=None
[2025-07-19T13:58:49.387+0000] {processor.py:183} INFO - Processing /opt/airflow/dags/eda_airflow.py took 0.077 seconds
[2025-07-19T13:59:20.229+0000] {processor.py:161} INFO - Started process (PID=5586) to work on /opt/airflow/dags/eda_airflow.py
[2025-07-19T13:59:20.231+0000] {processor.py:830} INFO - Processing file /opt/airflow/dags/eda_airflow.py for tasks to queue
[2025-07-19T13:59:20.233+0000] {logging_mixin.py:188} INFO - [2025-07-19T13:59:20.232+0000] {dagbag.py:538} INFO - Filling up the DagBag from /opt/airflow/dags/eda_airflow.py
[2025-07-19T13:59:20.249+0000] {processor.py:840} INFO - DAG(s) 'launch_streamlit_dashboard' retrieved from /opt/airflow/dags/eda_airflow.py
[2025-07-19T13:59:20.404+0000] {logging_mixin.py:188} INFO - [2025-07-19T13:59:20.404+0000] {dag.py:3036} INFO - Sync 1 DAGs
[2025-07-19T13:59:20.415+0000] {logging_mixin.py:188} INFO - [2025-07-19T13:59:20.414+0000] {dag.py:3823} INFO - Setting next_dagrun for launch_streamlit_dashboard to None, run_after=None
[2025-07-19T13:59:20.454+0000] {processor.py:183} INFO - Processing /opt/airflow/dags/eda_airflow.py took 0.232 seconds
[2025-07-19T13:59:50.877+0000] {processor.py:161} INFO - Started process (PID=5616) to work on /opt/airflow/dags/eda_airflow.py
[2025-07-19T13:59:50.878+0000] {processor.py:830} INFO - Processing file /opt/airflow/dags/eda_airflow.py for tasks to queue
[2025-07-19T13:59:50.879+0000] {logging_mixin.py:188} INFO - [2025-07-19T13:59:50.879+0000] {dagbag.py:538} INFO - Filling up the DagBag from /opt/airflow/dags/eda_airflow.py
[2025-07-19T13:59:50.890+0000] {processor.py:840} INFO - DAG(s) 'launch_streamlit_dashboard' retrieved from /opt/airflow/dags/eda_airflow.py
[2025-07-19T13:59:50.917+0000] {logging_mixin.py:188} INFO - [2025-07-19T13:59:50.917+0000] {dag.py:3036} INFO - Sync 1 DAGs
[2025-07-19T13:59:50.931+0000] {logging_mixin.py:188} INFO - [2025-07-19T13:59:50.931+0000] {dag.py:3823} INFO - Setting next_dagrun for launch_streamlit_dashboard to None, run_after=None
[2025-07-19T13:59:50.953+0000] {processor.py:183} INFO - Processing /opt/airflow/dags/eda_airflow.py took 0.079 seconds
[2025-07-19T14:00:21.471+0000] {processor.py:161} INFO - Started process (PID=5646) to work on /opt/airflow/dags/eda_airflow.py
[2025-07-19T14:00:21.472+0000] {processor.py:830} INFO - Processing file /opt/airflow/dags/eda_airflow.py for tasks to queue
[2025-07-19T14:00:21.473+0000] {logging_mixin.py:188} INFO - [2025-07-19T14:00:21.472+0000] {dagbag.py:538} INFO - Filling up the DagBag from /opt/airflow/dags/eda_airflow.py
[2025-07-19T14:00:21.483+0000] {processor.py:840} INFO - DAG(s) 'launch_streamlit_dashboard' retrieved from /opt/airflow/dags/eda_airflow.py
[2025-07-19T14:00:21.607+0000] {logging_mixin.py:188} INFO - [2025-07-19T14:00:21.607+0000] {dag.py:3036} INFO - Sync 1 DAGs
[2025-07-19T14:00:21.620+0000] {logging_mixin.py:188} INFO - [2025-07-19T14:00:21.619+0000] {dag.py:3823} INFO - Setting next_dagrun for launch_streamlit_dashboard to None, run_after=None
[2025-07-19T14:00:21.646+0000] {processor.py:183} INFO - Processing /opt/airflow/dags/eda_airflow.py took 0.180 seconds
[2025-07-19T14:00:52.039+0000] {processor.py:161} INFO - Started process (PID=5676) to work on /opt/airflow/dags/eda_airflow.py
[2025-07-19T14:00:52.041+0000] {processor.py:830} INFO - Processing file /opt/airflow/dags/eda_airflow.py for tasks to queue
[2025-07-19T14:00:52.043+0000] {logging_mixin.py:188} INFO - [2025-07-19T14:00:52.042+0000] {dagbag.py:538} INFO - Filling up the DagBag from /opt/airflow/dags/eda_airflow.py
[2025-07-19T14:00:52.059+0000] {processor.py:840} INFO - DAG(s) 'launch_streamlit_dashboard' retrieved from /opt/airflow/dags/eda_airflow.py
[2025-07-19T14:00:52.090+0000] {logging_mixin.py:188} INFO - [2025-07-19T14:00:52.089+0000] {dag.py:3036} INFO - Sync 1 DAGs
[2025-07-19T14:00:52.105+0000] {logging_mixin.py:188} INFO - [2025-07-19T14:00:52.105+0000] {dag.py:3823} INFO - Setting next_dagrun for launch_streamlit_dashboard to None, run_after=None
[2025-07-19T14:00:52.127+0000] {processor.py:183} INFO - Processing /opt/airflow/dags/eda_airflow.py took 0.093 seconds
[2025-07-19T14:01:22.601+0000] {processor.py:161} INFO - Started process (PID=5706) to work on /opt/airflow/dags/eda_airflow.py
[2025-07-19T14:01:22.602+0000] {processor.py:830} INFO - Processing file /opt/airflow/dags/eda_airflow.py for tasks to queue
[2025-07-19T14:01:22.603+0000] {logging_mixin.py:188} INFO - [2025-07-19T14:01:22.603+0000] {dagbag.py:538} INFO - Filling up the DagBag from /opt/airflow/dags/eda_airflow.py
[2025-07-19T14:01:22.615+0000] {processor.py:840} INFO - DAG(s) 'launch_streamlit_dashboard' retrieved from /opt/airflow/dags/eda_airflow.py
[2025-07-19T14:01:22.735+0000] {logging_mixin.py:188} INFO - [2025-07-19T14:01:22.735+0000] {dag.py:3036} INFO - Sync 1 DAGs
[2025-07-19T14:01:22.746+0000] {logging_mixin.py:188} INFO - [2025-07-19T14:01:22.746+0000] {dag.py:3823} INFO - Setting next_dagrun for launch_streamlit_dashboard to None, run_after=None
[2025-07-19T14:01:22.773+0000] {processor.py:183} INFO - Processing /opt/airflow/dags/eda_airflow.py took 0.175 seconds
[2025-07-19T14:01:53.228+0000] {processor.py:161} INFO - Started process (PID=5736) to work on /opt/airflow/dags/eda_airflow.py
[2025-07-19T14:01:53.229+0000] {processor.py:830} INFO - Processing file /opt/airflow/dags/eda_airflow.py for tasks to queue
[2025-07-19T14:01:53.230+0000] {logging_mixin.py:188} INFO - [2025-07-19T14:01:53.230+0000] {dagbag.py:538} INFO - Filling up the DagBag from /opt/airflow/dags/eda_airflow.py
[2025-07-19T14:01:53.242+0000] {processor.py:840} INFO - DAG(s) 'launch_streamlit_dashboard' retrieved from /opt/airflow/dags/eda_airflow.py
[2025-07-19T14:01:53.275+0000] {logging_mixin.py:188} INFO - [2025-07-19T14:01:53.274+0000] {dag.py:3036} INFO - Sync 1 DAGs
[2025-07-19T14:01:53.289+0000] {logging_mixin.py:188} INFO - [2025-07-19T14:01:53.289+0000] {dag.py:3823} INFO - Setting next_dagrun for launch_streamlit_dashboard to None, run_after=None
[2025-07-19T14:01:53.312+0000] {processor.py:183} INFO - Processing /opt/airflow/dags/eda_airflow.py took 0.088 seconds
[2025-07-19T14:02:23.909+0000] {processor.py:161} INFO - Started process (PID=5766) to work on /opt/airflow/dags/eda_airflow.py
[2025-07-19T14:02:23.911+0000] {processor.py:830} INFO - Processing file /opt/airflow/dags/eda_airflow.py for tasks to queue
[2025-07-19T14:02:23.912+0000] {logging_mixin.py:188} INFO - [2025-07-19T14:02:23.912+0000] {dagbag.py:538} INFO - Filling up the DagBag from /opt/airflow/dags/eda_airflow.py
[2025-07-19T14:02:23.924+0000] {processor.py:840} INFO - DAG(s) 'launch_streamlit_dashboard' retrieved from /opt/airflow/dags/eda_airflow.py
[2025-07-19T14:02:24.054+0000] {logging_mixin.py:188} INFO - [2025-07-19T14:02:24.054+0000] {dag.py:3036} INFO - Sync 1 DAGs
[2025-07-19T14:02:24.066+0000] {logging_mixin.py:188} INFO - [2025-07-19T14:02:24.066+0000] {dag.py:3823} INFO - Setting next_dagrun for launch_streamlit_dashboard to None, run_after=None
[2025-07-19T14:02:24.093+0000] {processor.py:183} INFO - Processing /opt/airflow/dags/eda_airflow.py took 0.190 seconds
[2025-07-19T14:02:54.526+0000] {processor.py:161} INFO - Started process (PID=5796) to work on /opt/airflow/dags/eda_airflow.py
[2025-07-19T14:02:54.527+0000] {processor.py:830} INFO - Processing file /opt/airflow/dags/eda_airflow.py for tasks to queue
[2025-07-19T14:02:54.528+0000] {logging_mixin.py:188} INFO - [2025-07-19T14:02:54.528+0000] {dagbag.py:538} INFO - Filling up the DagBag from /opt/airflow/dags/eda_airflow.py
[2025-07-19T14:02:54.539+0000] {processor.py:840} INFO - DAG(s) 'launch_streamlit_dashboard' retrieved from /opt/airflow/dags/eda_airflow.py
[2025-07-19T14:02:54.566+0000] {logging_mixin.py:188} INFO - [2025-07-19T14:02:54.566+0000] {dag.py:3036} INFO - Sync 1 DAGs
[2025-07-19T14:02:54.579+0000] {logging_mixin.py:188} INFO - [2025-07-19T14:02:54.579+0000] {dag.py:3823} INFO - Setting next_dagrun for launch_streamlit_dashboard to None, run_after=None
[2025-07-19T14:02:54.604+0000] {processor.py:183} INFO - Processing /opt/airflow/dags/eda_airflow.py took 0.081 seconds
[2025-07-19T14:03:25.298+0000] {processor.py:161} INFO - Started process (PID=5837) to work on /opt/airflow/dags/eda_airflow.py
[2025-07-19T14:03:25.299+0000] {processor.py:830} INFO - Processing file /opt/airflow/dags/eda_airflow.py for tasks to queue
[2025-07-19T14:03:25.300+0000] {logging_mixin.py:188} INFO - [2025-07-19T14:03:25.300+0000] {dagbag.py:538} INFO - Filling up the DagBag from /opt/airflow/dags/eda_airflow.py
[2025-07-19T14:03:25.311+0000] {processor.py:840} INFO - DAG(s) 'launch_streamlit_dashboard' retrieved from /opt/airflow/dags/eda_airflow.py
[2025-07-19T14:03:25.453+0000] {logging_mixin.py:188} INFO - [2025-07-19T14:03:25.453+0000] {dag.py:3036} INFO - Sync 1 DAGs
[2025-07-19T14:03:25.472+0000] {logging_mixin.py:188} INFO - [2025-07-19T14:03:25.471+0000] {dag.py:3823} INFO - Setting next_dagrun for launch_streamlit_dashboard to None, run_after=None
[2025-07-19T14:03:25.519+0000] {processor.py:183} INFO - Processing /opt/airflow/dags/eda_airflow.py took 0.224 seconds
[2025-07-19T14:03:55.955+0000] {processor.py:161} INFO - Started process (PID=5907) to work on /opt/airflow/dags/eda_airflow.py
[2025-07-19T14:03:55.956+0000] {processor.py:830} INFO - Processing file /opt/airflow/dags/eda_airflow.py for tasks to queue
[2025-07-19T14:03:55.957+0000] {logging_mixin.py:188} INFO - [2025-07-19T14:03:55.956+0000] {dagbag.py:538} INFO - Filling up the DagBag from /opt/airflow/dags/eda_airflow.py
[2025-07-19T14:03:55.971+0000] {processor.py:840} INFO - DAG(s) 'launch_streamlit_dashboard' retrieved from /opt/airflow/dags/eda_airflow.py
[2025-07-19T14:03:56.005+0000] {logging_mixin.py:188} INFO - [2025-07-19T14:03:56.005+0000] {dag.py:3036} INFO - Sync 1 DAGs
[2025-07-19T14:03:56.022+0000] {logging_mixin.py:188} INFO - [2025-07-19T14:03:56.022+0000] {dag.py:3823} INFO - Setting next_dagrun for launch_streamlit_dashboard to None, run_after=None
[2025-07-19T14:03:56.053+0000] {processor.py:183} INFO - Processing /opt/airflow/dags/eda_airflow.py took 0.101 seconds
[2025-07-19T14:04:26.572+0000] {processor.py:161} INFO - Started process (PID=5937) to work on /opt/airflow/dags/eda_airflow.py
[2025-07-19T14:04:26.573+0000] {processor.py:830} INFO - Processing file /opt/airflow/dags/eda_airflow.py for tasks to queue
[2025-07-19T14:04:26.574+0000] {logging_mixin.py:188} INFO - [2025-07-19T14:04:26.574+0000] {dagbag.py:538} INFO - Filling up the DagBag from /opt/airflow/dags/eda_airflow.py
[2025-07-19T14:04:26.586+0000] {processor.py:840} INFO - DAG(s) 'launch_streamlit_dashboard' retrieved from /opt/airflow/dags/eda_airflow.py
[2025-07-19T14:04:26.708+0000] {logging_mixin.py:188} INFO - [2025-07-19T14:04:26.707+0000] {dag.py:3036} INFO - Sync 1 DAGs
[2025-07-19T14:04:26.718+0000] {logging_mixin.py:188} INFO - [2025-07-19T14:04:26.718+0000] {dag.py:3823} INFO - Setting next_dagrun for launch_streamlit_dashboard to None, run_after=None
[2025-07-19T14:04:26.740+0000] {processor.py:183} INFO - Processing /opt/airflow/dags/eda_airflow.py took 0.171 seconds
[2025-07-19T14:04:57.162+0000] {processor.py:161} INFO - Started process (PID=5967) to work on /opt/airflow/dags/eda_airflow.py
[2025-07-19T14:04:57.163+0000] {processor.py:830} INFO - Processing file /opt/airflow/dags/eda_airflow.py for tasks to queue
[2025-07-19T14:04:57.164+0000] {logging_mixin.py:188} INFO - [2025-07-19T14:04:57.164+0000] {dagbag.py:538} INFO - Filling up the DagBag from /opt/airflow/dags/eda_airflow.py
[2025-07-19T14:04:57.175+0000] {processor.py:840} INFO - DAG(s) 'launch_streamlit_dashboard' retrieved from /opt/airflow/dags/eda_airflow.py
[2025-07-19T14:04:57.199+0000] {logging_mixin.py:188} INFO - [2025-07-19T14:04:57.199+0000] {dag.py:3036} INFO - Sync 1 DAGs
[2025-07-19T14:04:57.212+0000] {logging_mixin.py:188} INFO - [2025-07-19T14:04:57.212+0000] {dag.py:3823} INFO - Setting next_dagrun for launch_streamlit_dashboard to None, run_after=None
[2025-07-19T14:04:57.236+0000] {processor.py:183} INFO - Processing /opt/airflow/dags/eda_airflow.py took 0.077 seconds
[2025-07-19T14:05:27.712+0000] {processor.py:161} INFO - Started process (PID=5997) to work on /opt/airflow/dags/eda_airflow.py
[2025-07-19T14:05:27.713+0000] {processor.py:830} INFO - Processing file /opt/airflow/dags/eda_airflow.py for tasks to queue
[2025-07-19T14:05:27.714+0000] {logging_mixin.py:188} INFO - [2025-07-19T14:05:27.714+0000] {dagbag.py:538} INFO - Filling up the DagBag from /opt/airflow/dags/eda_airflow.py
[2025-07-19T14:05:27.724+0000] {processor.py:840} INFO - DAG(s) 'launch_streamlit_dashboard' retrieved from /opt/airflow/dags/eda_airflow.py
[2025-07-19T14:05:27.873+0000] {logging_mixin.py:188} INFO - [2025-07-19T14:05:27.872+0000] {dag.py:3036} INFO - Sync 1 DAGs
[2025-07-19T14:05:27.884+0000] {logging_mixin.py:188} INFO - [2025-07-19T14:05:27.883+0000] {dag.py:3823} INFO - Setting next_dagrun for launch_streamlit_dashboard to None, run_after=None
[2025-07-19T14:05:27.909+0000] {processor.py:183} INFO - Processing /opt/airflow/dags/eda_airflow.py took 0.200 seconds
[2025-07-19T14:05:58.315+0000] {processor.py:161} INFO - Started process (PID=6027) to work on /opt/airflow/dags/eda_airflow.py
[2025-07-19T14:05:58.316+0000] {processor.py:830} INFO - Processing file /opt/airflow/dags/eda_airflow.py for tasks to queue
[2025-07-19T14:05:58.317+0000] {logging_mixin.py:188} INFO - [2025-07-19T14:05:58.317+0000] {dagbag.py:538} INFO - Filling up the DagBag from /opt/airflow/dags/eda_airflow.py
[2025-07-19T14:05:58.327+0000] {processor.py:840} INFO - DAG(s) 'launch_streamlit_dashboard' retrieved from /opt/airflow/dags/eda_airflow.py
[2025-07-19T14:05:58.370+0000] {logging_mixin.py:188} INFO - [2025-07-19T14:05:58.370+0000] {dag.py:3036} INFO - Sync 1 DAGs
[2025-07-19T14:05:58.382+0000] {logging_mixin.py:188} INFO - [2025-07-19T14:05:58.382+0000] {dag.py:3823} INFO - Setting next_dagrun for launch_streamlit_dashboard to None, run_after=None
[2025-07-19T14:05:58.404+0000] {processor.py:183} INFO - Processing /opt/airflow/dags/eda_airflow.py took 0.092 seconds
[2025-07-19T14:06:28.955+0000] {processor.py:161} INFO - Started process (PID=6057) to work on /opt/airflow/dags/eda_airflow.py
[2025-07-19T14:06:28.956+0000] {processor.py:830} INFO - Processing file /opt/airflow/dags/eda_airflow.py for tasks to queue
[2025-07-19T14:06:28.957+0000] {logging_mixin.py:188} INFO - [2025-07-19T14:06:28.957+0000] {dagbag.py:538} INFO - Filling up the DagBag from /opt/airflow/dags/eda_airflow.py
[2025-07-19T14:06:28.970+0000] {processor.py:840} INFO - DAG(s) 'launch_streamlit_dashboard' retrieved from /opt/airflow/dags/eda_airflow.py
[2025-07-19T14:06:29.088+0000] {logging_mixin.py:188} INFO - [2025-07-19T14:06:29.088+0000] {dag.py:3036} INFO - Sync 1 DAGs
[2025-07-19T14:06:29.098+0000] {logging_mixin.py:188} INFO - [2025-07-19T14:06:29.098+0000] {dag.py:3823} INFO - Setting next_dagrun for launch_streamlit_dashboard to None, run_after=None
[2025-07-19T14:06:29.122+0000] {processor.py:183} INFO - Processing /opt/airflow/dags/eda_airflow.py took 0.170 seconds
[2025-07-19T14:06:59.531+0000] {processor.py:161} INFO - Started process (PID=6087) to work on /opt/airflow/dags/eda_airflow.py
[2025-07-19T14:06:59.533+0000] {processor.py:830} INFO - Processing file /opt/airflow/dags/eda_airflow.py for tasks to queue
[2025-07-19T14:06:59.534+0000] {logging_mixin.py:188} INFO - [2025-07-19T14:06:59.533+0000] {dagbag.py:538} INFO - Filling up the DagBag from /opt/airflow/dags/eda_airflow.py
[2025-07-19T14:06:59.544+0000] {processor.py:840} INFO - DAG(s) 'launch_streamlit_dashboard' retrieved from /opt/airflow/dags/eda_airflow.py
[2025-07-19T14:06:59.571+0000] {logging_mixin.py:188} INFO - [2025-07-19T14:06:59.571+0000] {dag.py:3036} INFO - Sync 1 DAGs
[2025-07-19T14:06:59.583+0000] {logging_mixin.py:188} INFO - [2025-07-19T14:06:59.583+0000] {dag.py:3823} INFO - Setting next_dagrun for launch_streamlit_dashboard to None, run_after=None
[2025-07-19T14:06:59.602+0000] {processor.py:183} INFO - Processing /opt/airflow/dags/eda_airflow.py took 0.075 seconds
[2025-07-19T14:07:29.967+0000] {processor.py:161} INFO - Started process (PID=6122) to work on /opt/airflow/dags/eda_airflow.py
[2025-07-19T14:07:29.968+0000] {processor.py:830} INFO - Processing file /opt/airflow/dags/eda_airflow.py for tasks to queue
[2025-07-19T14:07:29.969+0000] {logging_mixin.py:188} INFO - [2025-07-19T14:07:29.969+0000] {dagbag.py:538} INFO - Filling up the DagBag from /opt/airflow/dags/eda_airflow.py
[2025-07-19T14:07:29.980+0000] {processor.py:840} INFO - DAG(s) 'launch_streamlit_dashboard' retrieved from /opt/airflow/dags/eda_airflow.py
[2025-07-19T14:07:30.093+0000] {logging_mixin.py:188} INFO - [2025-07-19T14:07:30.093+0000] {dag.py:3036} INFO - Sync 1 DAGs
[2025-07-19T14:07:30.102+0000] {logging_mixin.py:188} INFO - [2025-07-19T14:07:30.102+0000] {dag.py:3823} INFO - Setting next_dagrun for launch_streamlit_dashboard to None, run_after=None
[2025-07-19T14:07:30.159+0000] {processor.py:183} INFO - Processing /opt/airflow/dags/eda_airflow.py took 0.196 seconds
[2025-07-19T14:08:01.028+0000] {processor.py:161} INFO - Started process (PID=6157) to work on /opt/airflow/dags/eda_airflow.py
[2025-07-19T14:08:01.029+0000] {processor.py:830} INFO - Processing file /opt/airflow/dags/eda_airflow.py for tasks to queue
[2025-07-19T14:08:01.030+0000] {logging_mixin.py:188} INFO - [2025-07-19T14:08:01.030+0000] {dagbag.py:538} INFO - Filling up the DagBag from /opt/airflow/dags/eda_airflow.py
[2025-07-19T14:08:01.039+0000] {processor.py:840} INFO - DAG(s) 'launch_streamlit_dashboard' retrieved from /opt/airflow/dags/eda_airflow.py
[2025-07-19T14:08:01.098+0000] {logging_mixin.py:188} INFO - [2025-07-19T14:08:01.098+0000] {dag.py:3036} INFO - Sync 1 DAGs
[2025-07-19T14:08:01.154+0000] {logging_mixin.py:188} INFO - [2025-07-19T14:08:01.154+0000] {dag.py:3823} INFO - Setting next_dagrun for launch_streamlit_dashboard to None, run_after=None
[2025-07-19T14:08:01.179+0000] {processor.py:183} INFO - Processing /opt/airflow/dags/eda_airflow.py took 0.153 seconds
[2025-07-19T14:08:31.415+0000] {processor.py:161} INFO - Started process (PID=6189) to work on /opt/airflow/dags/eda_airflow.py
[2025-07-19T14:08:31.416+0000] {processor.py:830} INFO - Processing file /opt/airflow/dags/eda_airflow.py for tasks to queue
[2025-07-19T14:08:31.416+0000] {logging_mixin.py:188} INFO - [2025-07-19T14:08:31.416+0000] {dagbag.py:538} INFO - Filling up the DagBag from /opt/airflow/dags/eda_airflow.py
[2025-07-19T14:08:31.428+0000] {processor.py:840} INFO - DAG(s) 'launch_streamlit_dashboard' retrieved from /opt/airflow/dags/eda_airflow.py
[2025-07-19T14:08:31.557+0000] {logging_mixin.py:188} INFO - [2025-07-19T14:08:31.556+0000] {dag.py:3036} INFO - Sync 1 DAGs
[2025-07-19T14:08:31.567+0000] {logging_mixin.py:188} INFO - [2025-07-19T14:08:31.567+0000] {dag.py:3823} INFO - Setting next_dagrun for launch_streamlit_dashboard to None, run_after=None
[2025-07-19T14:08:31.594+0000] {processor.py:183} INFO - Processing /opt/airflow/dags/eda_airflow.py took 0.182 seconds
[2025-07-19T14:09:01.676+0000] {processor.py:161} INFO - Started process (PID=6224) to work on /opt/airflow/dags/eda_airflow.py
[2025-07-19T14:09:01.677+0000] {processor.py:830} INFO - Processing file /opt/airflow/dags/eda_airflow.py for tasks to queue
[2025-07-19T14:09:01.678+0000] {logging_mixin.py:188} INFO - [2025-07-19T14:09:01.678+0000] {dagbag.py:538} INFO - Filling up the DagBag from /opt/airflow/dags/eda_airflow.py
[2025-07-19T14:09:01.734+0000] {processor.py:840} INFO - DAG(s) 'launch_streamlit_dashboard' retrieved from /opt/airflow/dags/eda_airflow.py
[2025-07-19T14:09:01.765+0000] {logging_mixin.py:188} INFO - [2025-07-19T14:09:01.765+0000] {dag.py:3036} INFO - Sync 1 DAGs
[2025-07-19T14:09:01.781+0000] {logging_mixin.py:188} INFO - [2025-07-19T14:09:01.781+0000] {dag.py:3823} INFO - Setting next_dagrun for launch_streamlit_dashboard to None, run_after=None
[2025-07-19T14:09:01.809+0000] {processor.py:183} INFO - Processing /opt/airflow/dags/eda_airflow.py took 0.136 seconds
[2025-07-19T14:09:32.062+0000] {processor.py:161} INFO - Started process (PID=6259) to work on /opt/airflow/dags/eda_airflow.py
[2025-07-19T14:09:32.064+0000] {processor.py:830} INFO - Processing file /opt/airflow/dags/eda_airflow.py for tasks to queue
[2025-07-19T14:09:32.065+0000] {logging_mixin.py:188} INFO - [2025-07-19T14:09:32.065+0000] {dagbag.py:538} INFO - Filling up the DagBag from /opt/airflow/dags/eda_airflow.py
[2025-07-19T14:09:32.080+0000] {processor.py:840} INFO - DAG(s) 'launch_streamlit_dashboard' retrieved from /opt/airflow/dags/eda_airflow.py
[2025-07-19T14:09:32.095+0000] {logging_mixin.py:188} INFO - [2025-07-19T14:09:32.094+0000] {dag.py:3036} INFO - Sync 1 DAGs
[2025-07-19T14:09:32.112+0000] {logging_mixin.py:188} INFO - [2025-07-19T14:09:32.112+0000] {dag.py:3823} INFO - Setting next_dagrun for launch_streamlit_dashboard to None, run_after=None
[2025-07-19T14:09:32.144+0000] {processor.py:183} INFO - Processing /opt/airflow/dags/eda_airflow.py took 0.085 seconds
[2025-07-19T14:10:03.146+0000] {processor.py:161} INFO - Started process (PID=6294) to work on /opt/airflow/dags/eda_airflow.py
[2025-07-19T14:10:03.147+0000] {processor.py:830} INFO - Processing file /opt/airflow/dags/eda_airflow.py for tasks to queue
[2025-07-19T14:10:03.148+0000] {logging_mixin.py:188} INFO - [2025-07-19T14:10:03.148+0000] {dagbag.py:538} INFO - Filling up the DagBag from /opt/airflow/dags/eda_airflow.py
[2025-07-19T14:10:03.159+0000] {processor.py:840} INFO - DAG(s) 'launch_streamlit_dashboard' retrieved from /opt/airflow/dags/eda_airflow.py
[2025-07-19T14:10:03.372+0000] {logging_mixin.py:188} INFO - [2025-07-19T14:10:03.372+0000] {dag.py:3036} INFO - Sync 1 DAGs
[2025-07-19T14:10:03.382+0000] {logging_mixin.py:188} INFO - [2025-07-19T14:10:03.382+0000] {dag.py:3823} INFO - Setting next_dagrun for launch_streamlit_dashboard to None, run_after=None
[2025-07-19T14:10:03.469+0000] {processor.py:183} INFO - Processing /opt/airflow/dags/eda_airflow.py took 0.327 seconds
[2025-07-19T14:10:34.330+0000] {processor.py:161} INFO - Started process (PID=6331) to work on /opt/airflow/dags/eda_airflow.py
[2025-07-19T14:10:34.331+0000] {processor.py:830} INFO - Processing file /opt/airflow/dags/eda_airflow.py for tasks to queue
[2025-07-19T14:10:34.332+0000] {logging_mixin.py:188} INFO - [2025-07-19T14:10:34.332+0000] {dagbag.py:538} INFO - Filling up the DagBag from /opt/airflow/dags/eda_airflow.py
[2025-07-19T14:10:34.343+0000] {processor.py:840} INFO - DAG(s) 'launch_streamlit_dashboard' retrieved from /opt/airflow/dags/eda_airflow.py
[2025-07-19T14:10:34.367+0000] {logging_mixin.py:188} INFO - [2025-07-19T14:10:34.366+0000] {dag.py:3036} INFO - Sync 1 DAGs
[2025-07-19T14:10:34.381+0000] {logging_mixin.py:188} INFO - [2025-07-19T14:10:34.380+0000] {dag.py:3823} INFO - Setting next_dagrun for launch_streamlit_dashboard to None, run_after=None
[2025-07-19T14:10:34.412+0000] {processor.py:183} INFO - Processing /opt/airflow/dags/eda_airflow.py took 0.086 seconds
[2025-07-19T14:11:04.895+0000] {processor.py:161} INFO - Started process (PID=6367) to work on /opt/airflow/dags/eda_airflow.py
[2025-07-19T14:11:04.897+0000] {processor.py:830} INFO - Processing file /opt/airflow/dags/eda_airflow.py for tasks to queue
[2025-07-19T14:11:04.899+0000] {logging_mixin.py:188} INFO - [2025-07-19T14:11:04.898+0000] {dagbag.py:538} INFO - Filling up the DagBag from /opt/airflow/dags/eda_airflow.py
[2025-07-19T14:11:04.913+0000] {processor.py:840} INFO - DAG(s) 'launch_streamlit_dashboard' retrieved from /opt/airflow/dags/eda_airflow.py
[2025-07-19T14:11:05.025+0000] {logging_mixin.py:188} INFO - [2025-07-19T14:11:05.024+0000] {dag.py:3036} INFO - Sync 1 DAGs
[2025-07-19T14:11:05.062+0000] {logging_mixin.py:188} INFO - [2025-07-19T14:11:05.062+0000] {dag.py:3823} INFO - Setting next_dagrun for launch_streamlit_dashboard to None, run_after=None
[2025-07-19T14:11:05.087+0000] {processor.py:183} INFO - Processing /opt/airflow/dags/eda_airflow.py took 0.199 seconds
[2025-07-19T14:11:35.756+0000] {processor.py:161} INFO - Started process (PID=6402) to work on /opt/airflow/dags/eda_airflow.py
[2025-07-19T14:11:35.757+0000] {processor.py:830} INFO - Processing file /opt/airflow/dags/eda_airflow.py for tasks to queue
[2025-07-19T14:11:35.758+0000] {logging_mixin.py:188} INFO - [2025-07-19T14:11:35.758+0000] {dagbag.py:538} INFO - Filling up the DagBag from /opt/airflow/dags/eda_airflow.py
[2025-07-19T14:11:35.772+0000] {processor.py:840} INFO - DAG(s) 'launch_streamlit_dashboard' retrieved from /opt/airflow/dags/eda_airflow.py
[2025-07-19T14:11:35.806+0000] {logging_mixin.py:188} INFO - [2025-07-19T14:11:35.805+0000] {dag.py:3036} INFO - Sync 1 DAGs
[2025-07-19T14:11:35.823+0000] {logging_mixin.py:188} INFO - [2025-07-19T14:11:35.823+0000] {dag.py:3823} INFO - Setting next_dagrun for launch_streamlit_dashboard to None, run_after=None
[2025-07-19T14:11:35.851+0000] {processor.py:183} INFO - Processing /opt/airflow/dags/eda_airflow.py took 0.100 seconds
[2025-07-19T14:12:06.202+0000] {processor.py:161} INFO - Started process (PID=6442) to work on /opt/airflow/dags/eda_airflow.py
[2025-07-19T14:12:06.217+0000] {processor.py:830} INFO - Processing file /opt/airflow/dags/eda_airflow.py for tasks to queue
[2025-07-19T14:12:06.219+0000] {logging_mixin.py:188} INFO - [2025-07-19T14:12:06.219+0000] {dagbag.py:538} INFO - Filling up the DagBag from /opt/airflow/dags/eda_airflow.py
[2025-07-19T14:12:06.237+0000] {processor.py:840} INFO - DAG(s) 'launch_streamlit_dashboard' retrieved from /opt/airflow/dags/eda_airflow.py
[2025-07-19T14:12:06.419+0000] {logging_mixin.py:188} INFO - [2025-07-19T14:12:06.419+0000] {dag.py:3036} INFO - Sync 1 DAGs
[2025-07-19T14:12:06.436+0000] {logging_mixin.py:188} INFO - [2025-07-19T14:12:06.436+0000] {dag.py:3823} INFO - Setting next_dagrun for launch_streamlit_dashboard to None, run_after=None
[2025-07-19T14:12:06.463+0000] {processor.py:183} INFO - Processing /opt/airflow/dags/eda_airflow.py took 0.268 seconds
[2025-07-19T14:12:36.781+0000] {processor.py:161} INFO - Started process (PID=6477) to work on /opt/airflow/dags/eda_airflow.py
[2025-07-19T14:12:36.784+0000] {processor.py:830} INFO - Processing file /opt/airflow/dags/eda_airflow.py for tasks to queue
[2025-07-19T14:12:36.787+0000] {logging_mixin.py:188} INFO - [2025-07-19T14:12:36.786+0000] {dagbag.py:538} INFO - Filling up the DagBag from /opt/airflow/dags/eda_airflow.py
[2025-07-19T14:12:36.803+0000] {processor.py:840} INFO - DAG(s) 'launch_streamlit_dashboard' retrieved from /opt/airflow/dags/eda_airflow.py
[2025-07-19T14:12:36.851+0000] {logging_mixin.py:188} INFO - [2025-07-19T14:12:36.850+0000] {dag.py:3036} INFO - Sync 1 DAGs
[2025-07-19T14:12:36.896+0000] {logging_mixin.py:188} INFO - [2025-07-19T14:12:36.896+0000] {dag.py:3823} INFO - Setting next_dagrun for launch_streamlit_dashboard to None, run_after=None
[2025-07-19T14:12:36.921+0000] {processor.py:183} INFO - Processing /opt/airflow/dags/eda_airflow.py took 0.155 seconds
[2025-07-19T14:13:07.646+0000] {processor.py:161} INFO - Started process (PID=6512) to work on /opt/airflow/dags/eda_airflow.py
[2025-07-19T14:13:07.648+0000] {processor.py:830} INFO - Processing file /opt/airflow/dags/eda_airflow.py for tasks to queue
[2025-07-19T14:13:07.649+0000] {logging_mixin.py:188} INFO - [2025-07-19T14:13:07.649+0000] {dagbag.py:538} INFO - Filling up the DagBag from /opt/airflow/dags/eda_airflow.py
[2025-07-19T14:13:07.668+0000] {processor.py:840} INFO - DAG(s) 'launch_streamlit_dashboard' retrieved from /opt/airflow/dags/eda_airflow.py
[2025-07-19T14:13:07.800+0000] {logging_mixin.py:188} INFO - [2025-07-19T14:13:07.800+0000] {dag.py:3036} INFO - Sync 1 DAGs
[2025-07-19T14:13:07.810+0000] {logging_mixin.py:188} INFO - [2025-07-19T14:13:07.809+0000] {dag.py:3823} INFO - Setting next_dagrun for launch_streamlit_dashboard to None, run_after=None
[2025-07-19T14:13:07.832+0000] {processor.py:183} INFO - Processing /opt/airflow/dags/eda_airflow.py took 0.190 seconds
[2025-07-19T14:13:38.021+0000] {processor.py:161} INFO - Started process (PID=6549) to work on /opt/airflow/dags/eda_airflow.py
[2025-07-19T14:13:38.022+0000] {processor.py:830} INFO - Processing file /opt/airflow/dags/eda_airflow.py for tasks to queue
[2025-07-19T14:13:38.022+0000] {logging_mixin.py:188} INFO - [2025-07-19T14:13:38.022+0000] {dagbag.py:538} INFO - Filling up the DagBag from /opt/airflow/dags/eda_airflow.py
[2025-07-19T14:13:38.053+0000] {processor.py:840} INFO - DAG(s) 'launch_streamlit_dashboard' retrieved from /opt/airflow/dags/eda_airflow.py
[2025-07-19T14:13:38.066+0000] {logging_mixin.py:188} INFO - [2025-07-19T14:13:38.066+0000] {dag.py:3036} INFO - Sync 1 DAGs
[2025-07-19T14:13:38.083+0000] {logging_mixin.py:188} INFO - [2025-07-19T14:13:38.082+0000] {dag.py:3823} INFO - Setting next_dagrun for launch_streamlit_dashboard to None, run_after=None
[2025-07-19T14:13:38.105+0000] {processor.py:183} INFO - Processing /opt/airflow/dags/eda_airflow.py took 0.088 seconds
[2025-07-19T14:14:08.200+0000] {processor.py:161} INFO - Started process (PID=6582) to work on /opt/airflow/dags/eda_airflow.py
[2025-07-19T14:14:08.202+0000] {processor.py:830} INFO - Processing file /opt/airflow/dags/eda_airflow.py for tasks to queue
[2025-07-19T14:14:08.203+0000] {logging_mixin.py:188} INFO - [2025-07-19T14:14:08.203+0000] {dagbag.py:538} INFO - Filling up the DagBag from /opt/airflow/dags/eda_airflow.py
[2025-07-19T14:14:08.215+0000] {processor.py:840} INFO - DAG(s) 'launch_streamlit_dashboard' retrieved from /opt/airflow/dags/eda_airflow.py
[2025-07-19T14:14:08.410+0000] {logging_mixin.py:188} INFO - [2025-07-19T14:14:08.410+0000] {dag.py:3036} INFO - Sync 1 DAGs
[2025-07-19T14:14:08.425+0000] {logging_mixin.py:188} INFO - [2025-07-19T14:14:08.424+0000] {dag.py:3823} INFO - Setting next_dagrun for launch_streamlit_dashboard to None, run_after=None
[2025-07-19T14:14:08.453+0000] {processor.py:183} INFO - Processing /opt/airflow/dags/eda_airflow.py took 0.255 seconds
[2025-07-19T14:14:39.120+0000] {processor.py:161} INFO - Started process (PID=6617) to work on /opt/airflow/dags/eda_airflow.py
[2025-07-19T14:14:39.121+0000] {processor.py:830} INFO - Processing file /opt/airflow/dags/eda_airflow.py for tasks to queue
[2025-07-19T14:14:39.123+0000] {logging_mixin.py:188} INFO - [2025-07-19T14:14:39.122+0000] {dagbag.py:538} INFO - Filling up the DagBag from /opt/airflow/dags/eda_airflow.py
[2025-07-19T14:14:39.138+0000] {processor.py:840} INFO - DAG(s) 'launch_streamlit_dashboard' retrieved from /opt/airflow/dags/eda_airflow.py
[2025-07-19T14:14:39.173+0000] {logging_mixin.py:188} INFO - [2025-07-19T14:14:39.173+0000] {dag.py:3036} INFO - Sync 1 DAGs
[2025-07-19T14:14:39.194+0000] {logging_mixin.py:188} INFO - [2025-07-19T14:14:39.193+0000] {dag.py:3823} INFO - Setting next_dagrun for launch_streamlit_dashboard to None, run_after=None
[2025-07-19T14:14:39.220+0000] {processor.py:183} INFO - Processing /opt/airflow/dags/eda_airflow.py took 0.104 seconds
[2025-07-19T14:15:09.938+0000] {processor.py:161} INFO - Started process (PID=6652) to work on /opt/airflow/dags/eda_airflow.py
[2025-07-19T14:15:09.939+0000] {processor.py:830} INFO - Processing file /opt/airflow/dags/eda_airflow.py for tasks to queue
[2025-07-19T14:15:09.941+0000] {logging_mixin.py:188} INFO - [2025-07-19T14:15:09.940+0000] {dagbag.py:538} INFO - Filling up the DagBag from /opt/airflow/dags/eda_airflow.py
[2025-07-19T14:15:09.951+0000] {processor.py:840} INFO - DAG(s) 'launch_streamlit_dashboard' retrieved from /opt/airflow/dags/eda_airflow.py
[2025-07-19T14:15:10.090+0000] {logging_mixin.py:188} INFO - [2025-07-19T14:15:10.090+0000] {dag.py:3036} INFO - Sync 1 DAGs
[2025-07-19T14:15:10.105+0000] {logging_mixin.py:188} INFO - [2025-07-19T14:15:10.105+0000] {dag.py:3823} INFO - Setting next_dagrun for launch_streamlit_dashboard to None, run_after=None
[2025-07-19T14:15:10.130+0000] {processor.py:183} INFO - Processing /opt/airflow/dags/eda_airflow.py took 0.195 seconds
[2025-07-19T14:15:40.654+0000] {processor.py:161} INFO - Started process (PID=6687) to work on /opt/airflow/dags/eda_airflow.py
[2025-07-19T14:15:40.655+0000] {processor.py:830} INFO - Processing file /opt/airflow/dags/eda_airflow.py for tasks to queue
[2025-07-19T14:15:40.657+0000] {logging_mixin.py:188} INFO - [2025-07-19T14:15:40.656+0000] {dagbag.py:538} INFO - Filling up the DagBag from /opt/airflow/dags/eda_airflow.py
[2025-07-19T14:15:40.669+0000] {processor.py:840} INFO - DAG(s) 'launch_streamlit_dashboard' retrieved from /opt/airflow/dags/eda_airflow.py
[2025-07-19T14:15:40.699+0000] {logging_mixin.py:188} INFO - [2025-07-19T14:15:40.699+0000] {dag.py:3036} INFO - Sync 1 DAGs
[2025-07-19T14:15:40.714+0000] {logging_mixin.py:188} INFO - [2025-07-19T14:15:40.714+0000] {dag.py:3823} INFO - Setting next_dagrun for launch_streamlit_dashboard to None, run_after=None
[2025-07-19T14:15:40.740+0000] {processor.py:183} INFO - Processing /opt/airflow/dags/eda_airflow.py took 0.091 seconds
[2025-07-19T14:16:11.440+0000] {processor.py:161} INFO - Started process (PID=6722) to work on /opt/airflow/dags/eda_airflow.py
[2025-07-19T14:16:11.441+0000] {processor.py:830} INFO - Processing file /opt/airflow/dags/eda_airflow.py for tasks to queue
[2025-07-19T14:16:11.442+0000] {logging_mixin.py:188} INFO - [2025-07-19T14:16:11.442+0000] {dagbag.py:538} INFO - Filling up the DagBag from /opt/airflow/dags/eda_airflow.py
[2025-07-19T14:16:11.455+0000] {processor.py:840} INFO - DAG(s) 'launch_streamlit_dashboard' retrieved from /opt/airflow/dags/eda_airflow.py
[2025-07-19T14:16:11.589+0000] {logging_mixin.py:188} INFO - [2025-07-19T14:16:11.589+0000] {dag.py:3036} INFO - Sync 1 DAGs
[2025-07-19T14:16:11.602+0000] {logging_mixin.py:188} INFO - [2025-07-19T14:16:11.601+0000] {dag.py:3823} INFO - Setting next_dagrun for launch_streamlit_dashboard to None, run_after=None
[2025-07-19T14:16:11.636+0000] {processor.py:183} INFO - Processing /opt/airflow/dags/eda_airflow.py took 0.199 seconds
[2025-07-19T14:16:42.252+0000] {processor.py:161} INFO - Started process (PID=6757) to work on /opt/airflow/dags/eda_airflow.py
[2025-07-19T14:16:42.253+0000] {processor.py:830} INFO - Processing file /opt/airflow/dags/eda_airflow.py for tasks to queue
[2025-07-19T14:16:42.254+0000] {logging_mixin.py:188} INFO - [2025-07-19T14:16:42.253+0000] {dagbag.py:538} INFO - Filling up the DagBag from /opt/airflow/dags/eda_airflow.py
[2025-07-19T14:16:42.261+0000] {processor.py:840} INFO - DAG(s) 'launch_streamlit_dashboard' retrieved from /opt/airflow/dags/eda_airflow.py
[2025-07-19T14:16:42.308+0000] {logging_mixin.py:188} INFO - [2025-07-19T14:16:42.307+0000] {dag.py:3036} INFO - Sync 1 DAGs
[2025-07-19T14:16:42.320+0000] {logging_mixin.py:188} INFO - [2025-07-19T14:16:42.320+0000] {dag.py:3823} INFO - Setting next_dagrun for launch_streamlit_dashboard to None, run_after=None
[2025-07-19T14:16:42.339+0000] {processor.py:183} INFO - Processing /opt/airflow/dags/eda_airflow.py took 0.091 seconds
[2025-07-19T14:17:12.853+0000] {processor.py:161} INFO - Started process (PID=6792) to work on /opt/airflow/dags/eda_airflow.py
[2025-07-19T14:17:12.854+0000] {processor.py:830} INFO - Processing file /opt/airflow/dags/eda_airflow.py for tasks to queue
[2025-07-19T14:17:12.855+0000] {logging_mixin.py:188} INFO - [2025-07-19T14:17:12.854+0000] {dagbag.py:538} INFO - Filling up the DagBag from /opt/airflow/dags/eda_airflow.py
[2025-07-19T14:17:12.874+0000] {processor.py:840} INFO - DAG(s) 'launch_streamlit_dashboard' retrieved from /opt/airflow/dags/eda_airflow.py
[2025-07-19T14:17:12.977+0000] {logging_mixin.py:188} INFO - [2025-07-19T14:17:12.977+0000] {dag.py:3036} INFO - Sync 1 DAGs
[2025-07-19T14:17:12.988+0000] {logging_mixin.py:188} INFO - [2025-07-19T14:17:12.988+0000] {dag.py:3823} INFO - Setting next_dagrun for launch_streamlit_dashboard to None, run_after=None
[2025-07-19T14:17:13.009+0000] {processor.py:183} INFO - Processing /opt/airflow/dags/eda_airflow.py took 0.160 seconds
[2025-07-19T14:17:43.369+0000] {processor.py:161} INFO - Started process (PID=6827) to work on /opt/airflow/dags/eda_airflow.py
[2025-07-19T14:17:43.370+0000] {processor.py:830} INFO - Processing file /opt/airflow/dags/eda_airflow.py for tasks to queue
[2025-07-19T14:17:43.371+0000] {logging_mixin.py:188} INFO - [2025-07-19T14:17:43.371+0000] {dagbag.py:538} INFO - Filling up the DagBag from /opt/airflow/dags/eda_airflow.py
[2025-07-19T14:17:43.382+0000] {processor.py:840} INFO - DAG(s) 'launch_streamlit_dashboard' retrieved from /opt/airflow/dags/eda_airflow.py
[2025-07-19T14:17:43.410+0000] {logging_mixin.py:188} INFO - [2025-07-19T14:17:43.410+0000] {dag.py:3036} INFO - Sync 1 DAGs
[2025-07-19T14:17:43.427+0000] {logging_mixin.py:188} INFO - [2025-07-19T14:17:43.427+0000] {dag.py:3823} INFO - Setting next_dagrun for launch_streamlit_dashboard to None, run_after=None
[2025-07-19T14:17:43.462+0000] {processor.py:183} INFO - Processing /opt/airflow/dags/eda_airflow.py took 0.097 seconds
[2025-07-19T14:18:13.883+0000] {processor.py:161} INFO - Started process (PID=6862) to work on /opt/airflow/dags/eda_airflow.py
[2025-07-19T14:18:13.884+0000] {processor.py:830} INFO - Processing file /opt/airflow/dags/eda_airflow.py for tasks to queue
[2025-07-19T14:18:13.885+0000] {logging_mixin.py:188} INFO - [2025-07-19T14:18:13.885+0000] {dagbag.py:538} INFO - Filling up the DagBag from /opt/airflow/dags/eda_airflow.py
[2025-07-19T14:18:13.912+0000] {processor.py:840} INFO - DAG(s) 'launch_streamlit_dashboard' retrieved from /opt/airflow/dags/eda_airflow.py
[2025-07-19T14:18:14.052+0000] {logging_mixin.py:188} INFO - [2025-07-19T14:18:14.052+0000] {dag.py:3036} INFO - Sync 1 DAGs
[2025-07-19T14:18:14.065+0000] {logging_mixin.py:188} INFO - [2025-07-19T14:18:14.065+0000] {dag.py:3823} INFO - Setting next_dagrun for launch_streamlit_dashboard to None, run_after=None
[2025-07-19T14:18:14.092+0000] {processor.py:183} INFO - Processing /opt/airflow/dags/eda_airflow.py took 0.212 seconds
[2025-07-19T14:18:44.496+0000] {processor.py:161} INFO - Started process (PID=6897) to work on /opt/airflow/dags/eda_airflow.py
[2025-07-19T14:18:44.497+0000] {processor.py:830} INFO - Processing file /opt/airflow/dags/eda_airflow.py for tasks to queue
[2025-07-19T14:18:44.498+0000] {logging_mixin.py:188} INFO - [2025-07-19T14:18:44.498+0000] {dagbag.py:538} INFO - Filling up the DagBag from /opt/airflow/dags/eda_airflow.py
[2025-07-19T14:18:44.559+0000] {processor.py:840} INFO - DAG(s) 'launch_streamlit_dashboard' retrieved from /opt/airflow/dags/eda_airflow.py
[2025-07-19T14:18:44.600+0000] {logging_mixin.py:188} INFO - [2025-07-19T14:18:44.600+0000] {dag.py:3036} INFO - Sync 1 DAGs
[2025-07-19T14:18:44.622+0000] {logging_mixin.py:188} INFO - [2025-07-19T14:18:44.621+0000] {dag.py:3823} INFO - Setting next_dagrun for launch_streamlit_dashboard to None, run_after=None
[2025-07-19T14:18:44.655+0000] {processor.py:183} INFO - Processing /opt/airflow/dags/eda_airflow.py took 0.162 seconds
[2025-07-19T14:19:15.749+0000] {processor.py:161} INFO - Started process (PID=6932) to work on /opt/airflow/dags/eda_airflow.py
[2025-07-19T14:19:15.751+0000] {processor.py:830} INFO - Processing file /opt/airflow/dags/eda_airflow.py for tasks to queue
[2025-07-19T14:19:15.752+0000] {logging_mixin.py:188} INFO - [2025-07-19T14:19:15.752+0000] {dagbag.py:538} INFO - Filling up the DagBag from /opt/airflow/dags/eda_airflow.py
[2025-07-19T14:19:15.780+0000] {processor.py:840} INFO - DAG(s) 'launch_streamlit_dashboard' retrieved from /opt/airflow/dags/eda_airflow.py
[2025-07-19T14:19:15.887+0000] {logging_mixin.py:188} INFO - [2025-07-19T14:19:15.887+0000] {dag.py:3036} INFO - Sync 1 DAGs
[2025-07-19T14:19:15.898+0000] {logging_mixin.py:188} INFO - [2025-07-19T14:19:15.898+0000] {dag.py:3823} INFO - Setting next_dagrun for launch_streamlit_dashboard to None, run_after=None
[2025-07-19T14:19:15.953+0000] {processor.py:183} INFO - Processing /opt/airflow/dags/eda_airflow.py took 0.209 seconds
[2025-07-19T14:19:46.661+0000] {processor.py:161} INFO - Started process (PID=6967) to work on /opt/airflow/dags/eda_airflow.py
[2025-07-19T14:19:46.662+0000] {processor.py:830} INFO - Processing file /opt/airflow/dags/eda_airflow.py for tasks to queue
[2025-07-19T14:19:46.663+0000] {logging_mixin.py:188} INFO - [2025-07-19T14:19:46.663+0000] {dagbag.py:538} INFO - Filling up the DagBag from /opt/airflow/dags/eda_airflow.py
[2025-07-19T14:19:46.677+0000] {processor.py:840} INFO - DAG(s) 'launch_streamlit_dashboard' retrieved from /opt/airflow/dags/eda_airflow.py
[2025-07-19T14:19:46.706+0000] {logging_mixin.py:188} INFO - [2025-07-19T14:19:46.705+0000] {dag.py:3036} INFO - Sync 1 DAGs
[2025-07-19T14:19:46.718+0000] {logging_mixin.py:188} INFO - [2025-07-19T14:19:46.717+0000] {dag.py:3823} INFO - Setting next_dagrun for launch_streamlit_dashboard to None, run_after=None
[2025-07-19T14:19:46.739+0000] {processor.py:183} INFO - Processing /opt/airflow/dags/eda_airflow.py took 0.081 seconds
[2025-07-19T14:20:17.717+0000] {processor.py:161} INFO - Started process (PID=7002) to work on /opt/airflow/dags/eda_airflow.py
[2025-07-19T14:20:17.719+0000] {processor.py:830} INFO - Processing file /opt/airflow/dags/eda_airflow.py for tasks to queue
[2025-07-19T14:20:17.720+0000] {logging_mixin.py:188} INFO - [2025-07-19T14:20:17.720+0000] {dagbag.py:538} INFO - Filling up the DagBag from /opt/airflow/dags/eda_airflow.py
[2025-07-19T14:20:17.731+0000] {processor.py:840} INFO - DAG(s) 'launch_streamlit_dashboard' retrieved from /opt/airflow/dags/eda_airflow.py
[2025-07-19T14:20:17.832+0000] {logging_mixin.py:188} INFO - [2025-07-19T14:20:17.831+0000] {dag.py:3036} INFO - Sync 1 DAGs
[2025-07-19T14:20:18.011+0000] {logging_mixin.py:188} INFO - [2025-07-19T14:20:18.011+0000] {dag.py:3823} INFO - Setting next_dagrun for launch_streamlit_dashboard to None, run_after=None
[2025-07-19T14:20:18.035+0000] {processor.py:183} INFO - Processing /opt/airflow/dags/eda_airflow.py took 0.322 seconds
[2025-07-19T14:20:49.702+0000] {processor.py:161} INFO - Started process (PID=7039) to work on /opt/airflow/dags/eda_airflow.py
[2025-07-19T14:20:49.703+0000] {processor.py:830} INFO - Processing file /opt/airflow/dags/eda_airflow.py for tasks to queue
[2025-07-19T14:20:49.704+0000] {logging_mixin.py:188} INFO - [2025-07-19T14:20:49.704+0000] {dagbag.py:538} INFO - Filling up the DagBag from /opt/airflow/dags/eda_airflow.py
[2025-07-19T14:20:49.713+0000] {processor.py:840} INFO - DAG(s) 'launch_streamlit_dashboard' retrieved from /opt/airflow/dags/eda_airflow.py
[2025-07-19T14:20:50.263+0000] {logging_mixin.py:188} INFO - [2025-07-19T14:20:50.262+0000] {dag.py:3036} INFO - Sync 1 DAGs
[2025-07-19T14:20:50.276+0000] {logging_mixin.py:188} INFO - [2025-07-19T14:20:50.276+0000] {dag.py:3823} INFO - Setting next_dagrun for launch_streamlit_dashboard to None, run_after=None
[2025-07-19T14:20:50.298+0000] {processor.py:183} INFO - Processing /opt/airflow/dags/eda_airflow.py took 0.599 seconds
[2025-07-19T14:21:22.783+0000] {processor.py:161} INFO - Started process (PID=7074) to work on /opt/airflow/dags/eda_airflow.py
[2025-07-19T14:21:22.784+0000] {processor.py:830} INFO - Processing file /opt/airflow/dags/eda_airflow.py for tasks to queue
[2025-07-19T14:21:22.784+0000] {logging_mixin.py:188} INFO - [2025-07-19T14:21:22.784+0000] {dagbag.py:538} INFO - Filling up the DagBag from /opt/airflow/dags/eda_airflow.py
[2025-07-19T14:21:22.794+0000] {processor.py:840} INFO - DAG(s) 'launch_streamlit_dashboard' retrieved from /opt/airflow/dags/eda_airflow.py
[2025-07-19T14:21:23.203+0000] {logging_mixin.py:188} INFO - [2025-07-19T14:21:23.203+0000] {dag.py:3036} INFO - Sync 1 DAGs
[2025-07-19T14:21:23.213+0000] {logging_mixin.py:188} INFO - [2025-07-19T14:21:23.213+0000] {dag.py:3823} INFO - Setting next_dagrun for launch_streamlit_dashboard to None, run_after=None
[2025-07-19T14:21:23.288+0000] {processor.py:183} INFO - Processing /opt/airflow/dags/eda_airflow.py took 0.509 seconds
[2025-07-19T14:21:54.042+0000] {processor.py:161} INFO - Started process (PID=7109) to work on /opt/airflow/dags/eda_airflow.py
[2025-07-19T14:21:54.044+0000] {processor.py:830} INFO - Processing file /opt/airflow/dags/eda_airflow.py for tasks to queue
[2025-07-19T14:21:54.045+0000] {logging_mixin.py:188} INFO - [2025-07-19T14:21:54.045+0000] {dagbag.py:538} INFO - Filling up the DagBag from /opt/airflow/dags/eda_airflow.py
[2025-07-19T14:21:54.076+0000] {processor.py:840} INFO - DAG(s) 'launch_streamlit_dashboard' retrieved from /opt/airflow/dags/eda_airflow.py
[2025-07-19T14:21:54.360+0000] {logging_mixin.py:188} INFO - [2025-07-19T14:21:54.360+0000] {dag.py:3036} INFO - Sync 1 DAGs
[2025-07-19T14:21:54.372+0000] {logging_mixin.py:188} INFO - [2025-07-19T14:21:54.372+0000] {dag.py:3823} INFO - Setting next_dagrun for launch_streamlit_dashboard to None, run_after=None
[2025-07-19T14:21:54.396+0000] {processor.py:183} INFO - Processing /opt/airflow/dags/eda_airflow.py took 0.359 seconds
[2025-07-19T14:22:25.312+0000] {processor.py:161} INFO - Started process (PID=7144) to work on /opt/airflow/dags/eda_airflow.py
[2025-07-19T14:22:25.313+0000] {processor.py:830} INFO - Processing file /opt/airflow/dags/eda_airflow.py for tasks to queue
[2025-07-19T14:22:25.314+0000] {logging_mixin.py:188} INFO - [2025-07-19T14:22:25.314+0000] {dagbag.py:538} INFO - Filling up the DagBag from /opt/airflow/dags/eda_airflow.py
[2025-07-19T14:22:25.323+0000] {processor.py:840} INFO - DAG(s) 'launch_streamlit_dashboard' retrieved from /opt/airflow/dags/eda_airflow.py
[2025-07-19T14:22:25.333+0000] {logging_mixin.py:188} INFO - [2025-07-19T14:22:25.333+0000] {dag.py:3036} INFO - Sync 1 DAGs
[2025-07-19T14:22:25.345+0000] {logging_mixin.py:188} INFO - [2025-07-19T14:22:25.345+0000] {dag.py:3823} INFO - Setting next_dagrun for launch_streamlit_dashboard to None, run_after=None
[2025-07-19T14:22:25.424+0000] {processor.py:183} INFO - Processing /opt/airflow/dags/eda_airflow.py took 0.115 seconds
[2025-07-19T14:22:55.778+0000] {processor.py:161} INFO - Started process (PID=7179) to work on /opt/airflow/dags/eda_airflow.py
[2025-07-19T14:22:55.779+0000] {processor.py:830} INFO - Processing file /opt/airflow/dags/eda_airflow.py for tasks to queue
[2025-07-19T14:22:55.780+0000] {logging_mixin.py:188} INFO - [2025-07-19T14:22:55.780+0000] {dagbag.py:538} INFO - Filling up the DagBag from /opt/airflow/dags/eda_airflow.py
[2025-07-19T14:22:55.790+0000] {processor.py:840} INFO - DAG(s) 'launch_streamlit_dashboard' retrieved from /opt/airflow/dags/eda_airflow.py
[2025-07-19T14:22:55.899+0000] {logging_mixin.py:188} INFO - [2025-07-19T14:22:55.899+0000] {dag.py:3036} INFO - Sync 1 DAGs
[2025-07-19T14:22:55.909+0000] {logging_mixin.py:188} INFO - [2025-07-19T14:22:55.908+0000] {dag.py:3823} INFO - Setting next_dagrun for launch_streamlit_dashboard to None, run_after=None
[2025-07-19T14:22:55.931+0000] {processor.py:183} INFO - Processing /opt/airflow/dags/eda_airflow.py took 0.157 seconds
[2025-07-19T14:23:26.505+0000] {processor.py:161} INFO - Started process (PID=7214) to work on /opt/airflow/dags/eda_airflow.py
[2025-07-19T14:23:26.506+0000] {processor.py:830} INFO - Processing file /opt/airflow/dags/eda_airflow.py for tasks to queue
[2025-07-19T14:23:26.507+0000] {logging_mixin.py:188} INFO - [2025-07-19T14:23:26.507+0000] {dagbag.py:538} INFO - Filling up the DagBag from /opt/airflow/dags/eda_airflow.py
[2025-07-19T14:23:26.516+0000] {processor.py:840} INFO - DAG(s) 'launch_streamlit_dashboard' retrieved from /opt/airflow/dags/eda_airflow.py
[2025-07-19T14:23:26.539+0000] {logging_mixin.py:188} INFO - [2025-07-19T14:23:26.539+0000] {dag.py:3036} INFO - Sync 1 DAGs
[2025-07-19T14:23:26.550+0000] {logging_mixin.py:188} INFO - [2025-07-19T14:23:26.550+0000] {dag.py:3823} INFO - Setting next_dagrun for launch_streamlit_dashboard to None, run_after=None
[2025-07-19T14:23:26.570+0000] {processor.py:183} INFO - Processing /opt/airflow/dags/eda_airflow.py took 0.068 seconds
[2025-07-19T14:23:57.123+0000] {processor.py:161} INFO - Started process (PID=7247) to work on /opt/airflow/dags/eda_airflow.py
[2025-07-19T14:23:57.124+0000] {processor.py:830} INFO - Processing file /opt/airflow/dags/eda_airflow.py for tasks to queue
[2025-07-19T14:23:57.125+0000] {logging_mixin.py:188} INFO - [2025-07-19T14:23:57.124+0000] {dagbag.py:538} INFO - Filling up the DagBag from /opt/airflow/dags/eda_airflow.py
[2025-07-19T14:23:57.147+0000] {processor.py:840} INFO - DAG(s) 'launch_streamlit_dashboard' retrieved from /opt/airflow/dags/eda_airflow.py
[2025-07-19T14:23:57.171+0000] {logging_mixin.py:188} INFO - [2025-07-19T14:23:57.170+0000] {dag.py:3036} INFO - Sync 1 DAGs
[2025-07-19T14:23:57.182+0000] {logging_mixin.py:188} INFO - [2025-07-19T14:23:57.182+0000] {dag.py:3823} INFO - Setting next_dagrun for launch_streamlit_dashboard to None, run_after=None
[2025-07-19T14:23:57.200+0000] {processor.py:183} INFO - Processing /opt/airflow/dags/eda_airflow.py took 0.080 seconds
[2025-07-19T14:24:27.965+0000] {processor.py:161} INFO - Started process (PID=7277) to work on /opt/airflow/dags/eda_airflow.py
[2025-07-19T14:24:27.966+0000] {processor.py:830} INFO - Processing file /opt/airflow/dags/eda_airflow.py for tasks to queue
[2025-07-19T14:24:27.967+0000] {logging_mixin.py:188} INFO - [2025-07-19T14:24:27.967+0000] {dagbag.py:538} INFO - Filling up the DagBag from /opt/airflow/dags/eda_airflow.py
[2025-07-19T14:24:27.977+0000] {processor.py:840} INFO - DAG(s) 'launch_streamlit_dashboard' retrieved from /opt/airflow/dags/eda_airflow.py
[2025-07-19T14:24:28.001+0000] {logging_mixin.py:188} INFO - [2025-07-19T14:24:28.001+0000] {dag.py:3036} INFO - Sync 1 DAGs
[2025-07-19T14:24:28.015+0000] {logging_mixin.py:188} INFO - [2025-07-19T14:24:28.015+0000] {dag.py:3823} INFO - Setting next_dagrun for launch_streamlit_dashboard to None, run_after=None
[2025-07-19T14:24:28.035+0000] {processor.py:183} INFO - Processing /opt/airflow/dags/eda_airflow.py took 0.073 seconds
[2025-07-19T14:24:58.989+0000] {processor.py:161} INFO - Started process (PID=7307) to work on /opt/airflow/dags/eda_airflow.py
[2025-07-19T14:24:58.990+0000] {processor.py:830} INFO - Processing file /opt/airflow/dags/eda_airflow.py for tasks to queue
[2025-07-19T14:24:58.991+0000] {logging_mixin.py:188} INFO - [2025-07-19T14:24:58.991+0000] {dagbag.py:538} INFO - Filling up the DagBag from /opt/airflow/dags/eda_airflow.py
[2025-07-19T14:24:59.015+0000] {processor.py:840} INFO - DAG(s) 'launch_streamlit_dashboard' retrieved from /opt/airflow/dags/eda_airflow.py
[2025-07-19T14:24:59.038+0000] {logging_mixin.py:188} INFO - [2025-07-19T14:24:59.038+0000] {dag.py:3036} INFO - Sync 1 DAGs
[2025-07-19T14:24:59.049+0000] {logging_mixin.py:188} INFO - [2025-07-19T14:24:59.049+0000] {dag.py:3823} INFO - Setting next_dagrun for launch_streamlit_dashboard to None, run_after=None
[2025-07-19T14:24:59.069+0000] {processor.py:183} INFO - Processing /opt/airflow/dags/eda_airflow.py took 0.083 seconds
[2025-07-19T14:25:29.158+0000] {processor.py:161} INFO - Started process (PID=7342) to work on /opt/airflow/dags/eda_airflow.py
[2025-07-19T14:25:29.159+0000] {processor.py:830} INFO - Processing file /opt/airflow/dags/eda_airflow.py for tasks to queue
[2025-07-19T14:25:29.160+0000] {logging_mixin.py:188} INFO - [2025-07-19T14:25:29.160+0000] {dagbag.py:538} INFO - Filling up the DagBag from /opt/airflow/dags/eda_airflow.py
[2025-07-19T14:25:29.170+0000] {processor.py:840} INFO - DAG(s) 'launch_streamlit_dashboard' retrieved from /opt/airflow/dags/eda_airflow.py
[2025-07-19T14:25:29.184+0000] {logging_mixin.py:188} INFO - [2025-07-19T14:25:29.184+0000] {dag.py:3036} INFO - Sync 1 DAGs
[2025-07-19T14:25:29.200+0000] {logging_mixin.py:188} INFO - [2025-07-19T14:25:29.200+0000] {dag.py:3823} INFO - Setting next_dagrun for launch_streamlit_dashboard to None, run_after=None
[2025-07-19T14:25:29.224+0000] {processor.py:183} INFO - Processing /opt/airflow/dags/eda_airflow.py took 0.070 seconds
[2025-07-19T14:25:59.876+0000] {processor.py:161} INFO - Started process (PID=7377) to work on /opt/airflow/dags/eda_airflow.py
[2025-07-19T14:25:59.877+0000] {processor.py:830} INFO - Processing file /opt/airflow/dags/eda_airflow.py for tasks to queue
[2025-07-19T14:25:59.878+0000] {logging_mixin.py:188} INFO - [2025-07-19T14:25:59.878+0000] {dagbag.py:538} INFO - Filling up the DagBag from /opt/airflow/dags/eda_airflow.py
[2025-07-19T14:25:59.888+0000] {processor.py:840} INFO - DAG(s) 'launch_streamlit_dashboard' retrieved from /opt/airflow/dags/eda_airflow.py
[2025-07-19T14:25:59.982+0000] {logging_mixin.py:188} INFO - [2025-07-19T14:25:59.981+0000] {dag.py:3036} INFO - Sync 1 DAGs
[2025-07-19T14:25:59.990+0000] {logging_mixin.py:188} INFO - [2025-07-19T14:25:59.990+0000] {dag.py:3823} INFO - Setting next_dagrun for launch_streamlit_dashboard to None, run_after=None
[2025-07-19T14:26:00.029+0000] {processor.py:183} INFO - Processing /opt/airflow/dags/eda_airflow.py took 0.156 seconds
[2025-07-19T14:26:30.727+0000] {processor.py:161} INFO - Started process (PID=7412) to work on /opt/airflow/dags/eda_airflow.py
[2025-07-19T14:26:30.728+0000] {processor.py:830} INFO - Processing file /opt/airflow/dags/eda_airflow.py for tasks to queue
[2025-07-19T14:26:30.729+0000] {logging_mixin.py:188} INFO - [2025-07-19T14:26:30.729+0000] {dagbag.py:538} INFO - Filling up the DagBag from /opt/airflow/dags/eda_airflow.py
[2025-07-19T14:26:30.740+0000] {processor.py:840} INFO - DAG(s) 'launch_streamlit_dashboard' retrieved from /opt/airflow/dags/eda_airflow.py
[2025-07-19T14:26:30.768+0000] {logging_mixin.py:188} INFO - [2025-07-19T14:26:30.768+0000] {dag.py:3036} INFO - Sync 1 DAGs
[2025-07-19T14:26:30.779+0000] {logging_mixin.py:188} INFO - [2025-07-19T14:26:30.779+0000] {dag.py:3823} INFO - Setting next_dagrun for launch_streamlit_dashboard to None, run_after=None
[2025-07-19T14:26:30.799+0000] {processor.py:183} INFO - Processing /opt/airflow/dags/eda_airflow.py took 0.075 seconds
[2025-07-19T14:27:01.493+0000] {processor.py:161} INFO - Started process (PID=7447) to work on /opt/airflow/dags/eda_airflow.py
[2025-07-19T14:27:01.494+0000] {processor.py:830} INFO - Processing file /opt/airflow/dags/eda_airflow.py for tasks to queue
[2025-07-19T14:27:01.495+0000] {logging_mixin.py:188} INFO - [2025-07-19T14:27:01.495+0000] {dagbag.py:538} INFO - Filling up the DagBag from /opt/airflow/dags/eda_airflow.py
[2025-07-19T14:27:01.506+0000] {processor.py:840} INFO - DAG(s) 'launch_streamlit_dashboard' retrieved from /opt/airflow/dags/eda_airflow.py
[2025-07-19T14:27:01.516+0000] {logging_mixin.py:188} INFO - [2025-07-19T14:27:01.516+0000] {dag.py:3036} INFO - Sync 1 DAGs
[2025-07-19T14:27:01.528+0000] {logging_mixin.py:188} INFO - [2025-07-19T14:27:01.528+0000] {dag.py:3823} INFO - Setting next_dagrun for launch_streamlit_dashboard to None, run_after=None
[2025-07-19T14:27:01.549+0000] {processor.py:183} INFO - Processing /opt/airflow/dags/eda_airflow.py took 0.059 seconds
[2025-07-19T14:27:51.815+0000] {processor.py:161} INFO - Started process (PID=7480) to work on /opt/airflow/dags/eda_airflow.py
[2025-07-19T14:27:51.816+0000] {processor.py:830} INFO - Processing file /opt/airflow/dags/eda_airflow.py for tasks to queue
[2025-07-19T14:27:51.817+0000] {logging_mixin.py:188} INFO - [2025-07-19T14:27:51.816+0000] {dagbag.py:538} INFO - Filling up the DagBag from /opt/airflow/dags/eda_airflow.py
[2025-07-19T14:27:51.828+0000] {processor.py:840} INFO - DAG(s) 'launch_streamlit_dashboard' retrieved from /opt/airflow/dags/eda_airflow.py
[2025-07-19T14:27:52.598+0000] {logging_mixin.py:188} INFO - [2025-07-19T14:27:52.598+0000] {dag.py:3036} INFO - Sync 1 DAGs
[2025-07-19T14:27:52.607+0000] {logging_mixin.py:188} INFO - [2025-07-19T14:27:52.607+0000] {dag.py:3823} INFO - Setting next_dagrun for launch_streamlit_dashboard to None, run_after=None
[2025-07-19T14:27:52.648+0000] {processor.py:183} INFO - Processing /opt/airflow/dags/eda_airflow.py took 0.836 seconds
[2025-07-19T14:28:30.105+0000] {processor.py:161} INFO - Started process (PID=7515) to work on /opt/airflow/dags/eda_airflow.py
[2025-07-19T14:28:30.106+0000] {processor.py:830} INFO - Processing file /opt/airflow/dags/eda_airflow.py for tasks to queue
[2025-07-19T14:28:30.107+0000] {logging_mixin.py:188} INFO - [2025-07-19T14:28:30.107+0000] {dagbag.py:538} INFO - Filling up the DagBag from /opt/airflow/dags/eda_airflow.py
[2025-07-19T14:28:30.173+0000] {processor.py:840} INFO - DAG(s) 'launch_streamlit_dashboard' retrieved from /opt/airflow/dags/eda_airflow.py
[2025-07-19T14:28:35.061+0000] {logging_mixin.py:188} INFO - [2025-07-19T14:28:35.061+0000] {dag.py:3036} INFO - Sync 1 DAGs
[2025-07-19T14:28:35.072+0000] {logging_mixin.py:188} INFO - [2025-07-19T14:28:35.072+0000] {dag.py:3823} INFO - Setting next_dagrun for launch_streamlit_dashboard to None, run_after=None
[2025-07-19T14:28:35.123+0000] {processor.py:183} INFO - Processing /opt/airflow/dags/eda_airflow.py took 5.021 seconds
[2025-07-19T14:29:05.376+0000] {processor.py:161} INFO - Started process (PID=7550) to work on /opt/airflow/dags/eda_airflow.py
[2025-07-19T14:29:05.377+0000] {processor.py:830} INFO - Processing file /opt/airflow/dags/eda_airflow.py for tasks to queue
[2025-07-19T14:29:05.378+0000] {logging_mixin.py:188} INFO - [2025-07-19T14:29:05.378+0000] {dagbag.py:538} INFO - Filling up the DagBag from /opt/airflow/dags/eda_airflow.py
[2025-07-19T14:29:07.877+0000] {processor.py:840} INFO - DAG(s) 'launch_streamlit_dashboard' retrieved from /opt/airflow/dags/eda_airflow.py
[2025-07-19T14:29:08.142+0000] {logging_mixin.py:188} INFO - [2025-07-19T14:29:08.141+0000] {dag.py:3036} INFO - Sync 1 DAGs
[2025-07-19T14:29:08.155+0000] {logging_mixin.py:188} INFO - [2025-07-19T14:29:08.155+0000] {dag.py:3823} INFO - Setting next_dagrun for launch_streamlit_dashboard to None, run_after=None
[2025-07-19T14:29:08.178+0000] {processor.py:183} INFO - Processing /opt/airflow/dags/eda_airflow.py took 2.812 seconds
[2025-07-19T14:29:38.598+0000] {processor.py:161} INFO - Started process (PID=7587) to work on /opt/airflow/dags/eda_airflow.py
[2025-07-19T14:29:38.599+0000] {processor.py:830} INFO - Processing file /opt/airflow/dags/eda_airflow.py for tasks to queue
[2025-07-19T14:29:38.600+0000] {logging_mixin.py:188} INFO - [2025-07-19T14:29:38.600+0000] {dagbag.py:538} INFO - Filling up the DagBag from /opt/airflow/dags/eda_airflow.py
[2025-07-19T14:29:38.620+0000] {processor.py:840} INFO - DAG(s) 'launch_streamlit_dashboard' retrieved from /opt/airflow/dags/eda_airflow.py
[2025-07-19T14:29:48.819+0000] {logging_mixin.py:188} INFO - [2025-07-19T14:29:48.792+0000] {dag.py:3036} INFO - Sync 1 DAGs
[2025-07-19T14:29:48.906+0000] {logging_mixin.py:188} INFO - [2025-07-19T14:29:48.906+0000] {dag.py:3823} INFO - Setting next_dagrun for launch_streamlit_dashboard to None, run_after=None
[2025-07-19T14:29:48.936+0000] {processor.py:183} INFO - Processing /opt/airflow/dags/eda_airflow.py took 10.342 seconds
[2025-07-19T14:30:20.173+0000] {processor.py:161} INFO - Started process (PID=7635) to work on /opt/airflow/dags/eda_airflow.py
[2025-07-19T14:30:20.174+0000] {processor.py:830} INFO - Processing file /opt/airflow/dags/eda_airflow.py for tasks to queue
[2025-07-19T14:30:20.174+0000] {logging_mixin.py:188} INFO - [2025-07-19T14:30:20.174+0000] {dagbag.py:538} INFO - Filling up the DagBag from /opt/airflow/dags/eda_airflow.py
[2025-07-19T14:30:20.183+0000] {processor.py:840} INFO - DAG(s) 'launch_streamlit_dashboard' retrieved from /opt/airflow/dags/eda_airflow.py
[2025-07-19T14:30:21.551+0000] {logging_mixin.py:188} INFO - [2025-07-19T14:30:21.550+0000] {dag.py:3036} INFO - Sync 1 DAGs
[2025-07-19T14:30:21.666+0000] {logging_mixin.py:188} INFO - [2025-07-19T14:30:21.666+0000] {dag.py:3823} INFO - Setting next_dagrun for launch_streamlit_dashboard to None, run_after=None
[2025-07-19T14:30:21.685+0000] {processor.py:183} INFO - Processing /opt/airflow/dags/eda_airflow.py took 1.515 seconds
[2025-07-19T14:30:52.182+0000] {processor.py:161} INFO - Started process (PID=7670) to work on /opt/airflow/dags/eda_airflow.py
[2025-07-19T14:30:52.183+0000] {processor.py:830} INFO - Processing file /opt/airflow/dags/eda_airflow.py for tasks to queue
[2025-07-19T14:30:52.185+0000] {logging_mixin.py:188} INFO - [2025-07-19T14:30:52.184+0000] {dagbag.py:538} INFO - Filling up the DagBag from /opt/airflow/dags/eda_airflow.py
[2025-07-19T14:30:52.194+0000] {processor.py:840} INFO - DAG(s) 'launch_streamlit_dashboard' retrieved from /opt/airflow/dags/eda_airflow.py
[2025-07-19T14:30:52.297+0000] {logging_mixin.py:188} INFO - [2025-07-19T14:30:52.297+0000] {dag.py:3036} INFO - Sync 1 DAGs
[2025-07-19T14:30:52.307+0000] {logging_mixin.py:188} INFO - [2025-07-19T14:30:52.306+0000] {dag.py:3823} INFO - Setting next_dagrun for launch_streamlit_dashboard to None, run_after=None
[2025-07-19T14:30:52.327+0000] {processor.py:183} INFO - Processing /opt/airflow/dags/eda_airflow.py took 0.148 seconds
[2025-07-19T14:31:23.178+0000] {processor.py:161} INFO - Started process (PID=7705) to work on /opt/airflow/dags/eda_airflow.py
[2025-07-19T14:31:23.179+0000] {processor.py:830} INFO - Processing file /opt/airflow/dags/eda_airflow.py for tasks to queue
[2025-07-19T14:31:23.179+0000] {logging_mixin.py:188} INFO - [2025-07-19T14:31:23.179+0000] {dagbag.py:538} INFO - Filling up the DagBag from /opt/airflow/dags/eda_airflow.py
[2025-07-19T14:31:23.214+0000] {processor.py:840} INFO - DAG(s) 'launch_streamlit_dashboard' retrieved from /opt/airflow/dags/eda_airflow.py
[2025-07-19T14:31:23.237+0000] {logging_mixin.py:188} INFO - [2025-07-19T14:31:23.237+0000] {dag.py:3036} INFO - Sync 1 DAGs
[2025-07-19T14:31:23.250+0000] {logging_mixin.py:188} INFO - [2025-07-19T14:31:23.250+0000] {dag.py:3823} INFO - Setting next_dagrun for launch_streamlit_dashboard to None, run_after=None
[2025-07-19T14:31:23.270+0000] {processor.py:183} INFO - Processing /opt/airflow/dags/eda_airflow.py took 0.095 seconds
[2025-07-19T14:31:53.864+0000] {processor.py:161} INFO - Started process (PID=7740) to work on /opt/airflow/dags/eda_airflow.py
[2025-07-19T14:31:53.865+0000] {processor.py:830} INFO - Processing file /opt/airflow/dags/eda_airflow.py for tasks to queue
[2025-07-19T14:31:53.866+0000] {logging_mixin.py:188} INFO - [2025-07-19T14:31:53.866+0000] {dagbag.py:538} INFO - Filling up the DagBag from /opt/airflow/dags/eda_airflow.py
[2025-07-19T14:31:53.876+0000] {processor.py:840} INFO - DAG(s) 'launch_streamlit_dashboard' retrieved from /opt/airflow/dags/eda_airflow.py
[2025-07-19T14:31:53.972+0000] {logging_mixin.py:188} INFO - [2025-07-19T14:31:53.972+0000] {dag.py:3036} INFO - Sync 1 DAGs
[2025-07-19T14:31:53.983+0000] {logging_mixin.py:188} INFO - [2025-07-19T14:31:53.983+0000] {dag.py:3823} INFO - Setting next_dagrun for launch_streamlit_dashboard to None, run_after=None
[2025-07-19T14:31:54.006+0000] {processor.py:183} INFO - Processing /opt/airflow/dags/eda_airflow.py took 0.145 seconds
[2025-07-19T14:32:24.591+0000] {processor.py:161} INFO - Started process (PID=7775) to work on /opt/airflow/dags/eda_airflow.py
[2025-07-19T14:32:24.592+0000] {processor.py:830} INFO - Processing file /opt/airflow/dags/eda_airflow.py for tasks to queue
[2025-07-19T14:32:24.593+0000] {logging_mixin.py:188} INFO - [2025-07-19T14:32:24.593+0000] {dagbag.py:538} INFO - Filling up the DagBag from /opt/airflow/dags/eda_airflow.py
[2025-07-19T14:32:24.604+0000] {processor.py:840} INFO - DAG(s) 'launch_streamlit_dashboard' retrieved from /opt/airflow/dags/eda_airflow.py
[2025-07-19T14:32:24.626+0000] {logging_mixin.py:188} INFO - [2025-07-19T14:32:24.625+0000] {dag.py:3036} INFO - Sync 1 DAGs
[2025-07-19T14:32:24.637+0000] {logging_mixin.py:188} INFO - [2025-07-19T14:32:24.637+0000] {dag.py:3823} INFO - Setting next_dagrun for launch_streamlit_dashboard to None, run_after=None
[2025-07-19T14:32:24.656+0000] {processor.py:183} INFO - Processing /opt/airflow/dags/eda_airflow.py took 0.069 seconds
[2025-07-19T14:32:55.401+0000] {processor.py:161} INFO - Started process (PID=7810) to work on /opt/airflow/dags/eda_airflow.py
[2025-07-19T14:32:55.402+0000] {processor.py:830} INFO - Processing file /opt/airflow/dags/eda_airflow.py for tasks to queue
[2025-07-19T14:32:55.403+0000] {logging_mixin.py:188} INFO - [2025-07-19T14:32:55.403+0000] {dagbag.py:538} INFO - Filling up the DagBag from /opt/airflow/dags/eda_airflow.py
[2025-07-19T14:32:55.428+0000] {processor.py:840} INFO - DAG(s) 'launch_streamlit_dashboard' retrieved from /opt/airflow/dags/eda_airflow.py
[2025-07-19T14:32:55.533+0000] {logging_mixin.py:188} INFO - [2025-07-19T14:32:55.533+0000] {dag.py:3036} INFO - Sync 1 DAGs
[2025-07-19T14:32:55.542+0000] {logging_mixin.py:188} INFO - [2025-07-19T14:32:55.542+0000] {dag.py:3823} INFO - Setting next_dagrun for launch_streamlit_dashboard to None, run_after=None
[2025-07-19T14:32:55.561+0000] {processor.py:183} INFO - Processing /opt/airflow/dags/eda_airflow.py took 0.162 seconds
[2025-07-19T14:33:26.215+0000] {processor.py:161} INFO - Started process (PID=7845) to work on /opt/airflow/dags/eda_airflow.py
[2025-07-19T14:33:26.216+0000] {processor.py:830} INFO - Processing file /opt/airflow/dags/eda_airflow.py for tasks to queue
[2025-07-19T14:33:26.217+0000] {logging_mixin.py:188} INFO - [2025-07-19T14:33:26.217+0000] {dagbag.py:538} INFO - Filling up the DagBag from /opt/airflow/dags/eda_airflow.py
[2025-07-19T14:33:26.244+0000] {processor.py:840} INFO - DAG(s) 'launch_streamlit_dashboard' retrieved from /opt/airflow/dags/eda_airflow.py
[2025-07-19T14:33:26.268+0000] {logging_mixin.py:188} INFO - [2025-07-19T14:33:26.268+0000] {dag.py:3036} INFO - Sync 1 DAGs
[2025-07-19T14:33:26.280+0000] {logging_mixin.py:188} INFO - [2025-07-19T14:33:26.280+0000] {dag.py:3823} INFO - Setting next_dagrun for launch_streamlit_dashboard to None, run_after=None
[2025-07-19T14:33:26.300+0000] {processor.py:183} INFO - Processing /opt/airflow/dags/eda_airflow.py took 0.088 seconds
[2025-07-19T14:33:56.986+0000] {processor.py:161} INFO - Started process (PID=7880) to work on /opt/airflow/dags/eda_airflow.py
[2025-07-19T14:33:56.987+0000] {processor.py:830} INFO - Processing file /opt/airflow/dags/eda_airflow.py for tasks to queue
[2025-07-19T14:33:56.988+0000] {logging_mixin.py:188} INFO - [2025-07-19T14:33:56.987+0000] {dagbag.py:538} INFO - Filling up the DagBag from /opt/airflow/dags/eda_airflow.py
[2025-07-19T14:33:56.998+0000] {processor.py:840} INFO - DAG(s) 'launch_streamlit_dashboard' retrieved from /opt/airflow/dags/eda_airflow.py
[2025-07-19T14:33:57.100+0000] {logging_mixin.py:188} INFO - [2025-07-19T14:33:57.100+0000] {dag.py:3036} INFO - Sync 1 DAGs
[2025-07-19T14:33:57.109+0000] {logging_mixin.py:188} INFO - [2025-07-19T14:33:57.109+0000] {dag.py:3823} INFO - Setting next_dagrun for launch_streamlit_dashboard to None, run_after=None
[2025-07-19T14:33:57.248+0000] {processor.py:183} INFO - Processing /opt/airflow/dags/eda_airflow.py took 0.266 seconds
[2025-07-19T14:34:28.110+0000] {processor.py:161} INFO - Started process (PID=7915) to work on /opt/airflow/dags/eda_airflow.py
[2025-07-19T14:34:28.111+0000] {processor.py:830} INFO - Processing file /opt/airflow/dags/eda_airflow.py for tasks to queue
[2025-07-19T14:34:28.112+0000] {logging_mixin.py:188} INFO - [2025-07-19T14:34:28.112+0000] {dagbag.py:538} INFO - Filling up the DagBag from /opt/airflow/dags/eda_airflow.py
[2025-07-19T14:34:28.254+0000] {processor.py:840} INFO - DAG(s) 'launch_streamlit_dashboard' retrieved from /opt/airflow/dags/eda_airflow.py
[2025-07-19T14:34:28.393+0000] {logging_mixin.py:188} INFO - [2025-07-19T14:34:28.393+0000] {dag.py:3036} INFO - Sync 1 DAGs
[2025-07-19T14:34:30.508+0000] {logging_mixin.py:188} INFO - [2025-07-19T14:34:30.507+0000] {dag.py:3823} INFO - Setting next_dagrun for launch_streamlit_dashboard to None, run_after=None
[2025-07-19T14:34:31.071+0000] {processor.py:183} INFO - Processing /opt/airflow/dags/eda_airflow.py took 2.963 seconds
[2025-07-19T14:35:01.308+0000] {processor.py:161} INFO - Started process (PID=7950) to work on /opt/airflow/dags/eda_airflow.py
[2025-07-19T14:35:01.309+0000] {processor.py:830} INFO - Processing file /opt/airflow/dags/eda_airflow.py for tasks to queue
[2025-07-19T14:35:01.310+0000] {logging_mixin.py:188} INFO - [2025-07-19T14:35:01.310+0000] {dagbag.py:538} INFO - Filling up the DagBag from /opt/airflow/dags/eda_airflow.py
[2025-07-19T14:35:01.321+0000] {processor.py:840} INFO - DAG(s) 'launch_streamlit_dashboard' retrieved from /opt/airflow/dags/eda_airflow.py
[2025-07-19T14:35:01.430+0000] {logging_mixin.py:188} INFO - [2025-07-19T14:35:01.430+0000] {dag.py:3036} INFO - Sync 1 DAGs
[2025-07-19T14:35:01.448+0000] {logging_mixin.py:188} INFO - [2025-07-19T14:35:01.447+0000] {dag.py:3823} INFO - Setting next_dagrun for launch_streamlit_dashboard to None, run_after=None
[2025-07-19T14:35:01.475+0000] {processor.py:183} INFO - Processing /opt/airflow/dags/eda_airflow.py took 0.170 seconds
[2025-07-19T14:35:31.713+0000] {processor.py:161} INFO - Started process (PID=7957) to work on /opt/airflow/dags/eda_airflow.py
[2025-07-19T14:35:31.714+0000] {processor.py:830} INFO - Processing file /opt/airflow/dags/eda_airflow.py for tasks to queue
[2025-07-19T14:35:31.715+0000] {logging_mixin.py:188} INFO - [2025-07-19T14:35:31.715+0000] {dagbag.py:538} INFO - Filling up the DagBag from /opt/airflow/dags/eda_airflow.py
[2025-07-19T14:35:31.792+0000] {processor.py:840} INFO - DAG(s) 'launch_streamlit_dashboard' retrieved from /opt/airflow/dags/eda_airflow.py
[2025-07-19T14:35:31.819+0000] {logging_mixin.py:188} INFO - [2025-07-19T14:35:31.819+0000] {dag.py:3036} INFO - Sync 1 DAGs
[2025-07-19T14:35:31.832+0000] {logging_mixin.py:188} INFO - [2025-07-19T14:35:31.832+0000] {dag.py:3823} INFO - Setting next_dagrun for launch_streamlit_dashboard to None, run_after=None
[2025-07-19T14:35:31.853+0000] {processor.py:183} INFO - Processing /opt/airflow/dags/eda_airflow.py took 0.144 seconds
[2025-07-19T14:36:03.089+0000] {processor.py:161} INFO - Started process (PID=7962) to work on /opt/airflow/dags/eda_airflow.py
[2025-07-19T14:36:03.089+0000] {processor.py:830} INFO - Processing file /opt/airflow/dags/eda_airflow.py for tasks to queue
[2025-07-19T14:36:03.090+0000] {logging_mixin.py:188} INFO - [2025-07-19T14:36:03.090+0000] {dagbag.py:538} INFO - Filling up the DagBag from /opt/airflow/dags/eda_airflow.py
[2025-07-19T14:36:03.126+0000] {processor.py:840} INFO - DAG(s) 'launch_streamlit_dashboard' retrieved from /opt/airflow/dags/eda_airflow.py
[2025-07-19T14:36:03.198+0000] {logging_mixin.py:188} INFO - [2025-07-19T14:36:03.197+0000] {dag.py:3036} INFO - Sync 1 DAGs
[2025-07-19T14:36:03.211+0000] {logging_mixin.py:188} INFO - [2025-07-19T14:36:03.211+0000] {dag.py:3823} INFO - Setting next_dagrun for launch_streamlit_dashboard to None, run_after=None
[2025-07-19T14:36:03.286+0000] {processor.py:183} INFO - Processing /opt/airflow/dags/eda_airflow.py took 0.200 seconds
[2025-07-19T14:36:33.733+0000] {processor.py:161} INFO - Started process (PID=7967) to work on /opt/airflow/dags/eda_airflow.py
[2025-07-19T14:36:33.734+0000] {processor.py:830} INFO - Processing file /opt/airflow/dags/eda_airflow.py for tasks to queue
[2025-07-19T14:36:33.735+0000] {logging_mixin.py:188} INFO - [2025-07-19T14:36:33.734+0000] {dagbag.py:538} INFO - Filling up the DagBag from /opt/airflow/dags/eda_airflow.py
[2025-07-19T14:36:33.829+0000] {processor.py:840} INFO - DAG(s) 'launch_streamlit_dashboard' retrieved from /opt/airflow/dags/eda_airflow.py
[2025-07-19T14:36:33.858+0000] {logging_mixin.py:188} INFO - [2025-07-19T14:36:33.858+0000] {dag.py:3036} INFO - Sync 1 DAGs
[2025-07-19T14:36:33.875+0000] {logging_mixin.py:188} INFO - [2025-07-19T14:36:33.874+0000] {dag.py:3823} INFO - Setting next_dagrun for launch_streamlit_dashboard to None, run_after=None
[2025-07-19T14:36:33.917+0000] {processor.py:183} INFO - Processing /opt/airflow/dags/eda_airflow.py took 0.187 seconds
[2025-07-19T14:37:04.331+0000] {processor.py:161} INFO - Started process (PID=7972) to work on /opt/airflow/dags/eda_airflow.py
[2025-07-19T14:37:04.333+0000] {processor.py:830} INFO - Processing file /opt/airflow/dags/eda_airflow.py for tasks to queue
[2025-07-19T14:37:04.334+0000] {logging_mixin.py:188} INFO - [2025-07-19T14:37:04.334+0000] {dagbag.py:538} INFO - Filling up the DagBag from /opt/airflow/dags/eda_airflow.py
[2025-07-19T14:37:04.347+0000] {processor.py:840} INFO - DAG(s) 'launch_streamlit_dashboard' retrieved from /opt/airflow/dags/eda_airflow.py
[2025-07-19T14:37:04.370+0000] {logging_mixin.py:188} INFO - [2025-07-19T14:37:04.370+0000] {dag.py:3036} INFO - Sync 1 DAGs
[2025-07-19T14:37:04.382+0000] {logging_mixin.py:188} INFO - [2025-07-19T14:37:04.381+0000] {dag.py:3823} INFO - Setting next_dagrun for launch_streamlit_dashboard to None, run_after=None
[2025-07-19T14:37:04.400+0000] {processor.py:183} INFO - Processing /opt/airflow/dags/eda_airflow.py took 0.071 seconds
[2025-07-19T14:37:34.573+0000] {processor.py:161} INFO - Started process (PID=7977) to work on /opt/airflow/dags/eda_airflow.py
[2025-07-19T14:37:34.574+0000] {processor.py:830} INFO - Processing file /opt/airflow/dags/eda_airflow.py for tasks to queue
[2025-07-19T14:37:34.575+0000] {logging_mixin.py:188} INFO - [2025-07-19T14:37:34.575+0000] {dagbag.py:538} INFO - Filling up the DagBag from /opt/airflow/dags/eda_airflow.py
[2025-07-19T14:37:34.588+0000] {processor.py:840} INFO - DAG(s) 'launch_streamlit_dashboard' retrieved from /opt/airflow/dags/eda_airflow.py
[2025-07-19T14:37:36.726+0000] {logging_mixin.py:188} INFO - [2025-07-19T14:37:36.725+0000] {dag.py:3036} INFO - Sync 1 DAGs
[2025-07-19T14:37:37.609+0000] {logging_mixin.py:188} INFO - [2025-07-19T14:37:37.609+0000] {dag.py:3823} INFO - Setting next_dagrun for launch_streamlit_dashboard to None, run_after=None
[2025-07-19T14:37:37.628+0000] {processor.py:183} INFO - Processing /opt/airflow/dags/eda_airflow.py took 3.059 seconds
[2025-07-19T14:38:13.861+0000] {processor.py:161} INFO - Started process (PID=8020) to work on /opt/airflow/dags/eda_airflow.py
[2025-07-19T14:38:13.862+0000] {processor.py:830} INFO - Processing file /opt/airflow/dags/eda_airflow.py for tasks to queue
[2025-07-19T14:38:13.863+0000] {logging_mixin.py:188} INFO - [2025-07-19T14:38:13.862+0000] {dagbag.py:538} INFO - Filling up the DagBag from /opt/airflow/dags/eda_airflow.py
[2025-07-19T14:38:13.874+0000] {processor.py:840} INFO - DAG(s) 'launch_streamlit_dashboard' retrieved from /opt/airflow/dags/eda_airflow.py
[2025-07-19T14:38:13.970+0000] {logging_mixin.py:188} INFO - [2025-07-19T14:38:13.970+0000] {dag.py:3036} INFO - Sync 1 DAGs
[2025-07-19T14:38:13.981+0000] {logging_mixin.py:188} INFO - [2025-07-19T14:38:13.981+0000] {dag.py:3823} INFO - Setting next_dagrun for launch_streamlit_dashboard to None, run_after=None
[2025-07-19T14:38:14.004+0000] {processor.py:183} INFO - Processing /opt/airflow/dags/eda_airflow.py took 0.147 seconds
[2025-07-19T14:38:46.014+0000] {processor.py:161} INFO - Started process (PID=8055) to work on /opt/airflow/dags/eda_airflow.py
[2025-07-19T14:38:46.015+0000] {processor.py:830} INFO - Processing file /opt/airflow/dags/eda_airflow.py for tasks to queue
[2025-07-19T14:38:46.016+0000] {logging_mixin.py:188} INFO - [2025-07-19T14:38:46.016+0000] {dagbag.py:538} INFO - Filling up the DagBag from /opt/airflow/dags/eda_airflow.py
[2025-07-19T14:38:46.027+0000] {processor.py:840} INFO - DAG(s) 'launch_streamlit_dashboard' retrieved from /opt/airflow/dags/eda_airflow.py
[2025-07-19T14:38:46.054+0000] {logging_mixin.py:188} INFO - [2025-07-19T14:38:46.053+0000] {dag.py:3036} INFO - Sync 1 DAGs
[2025-07-19T14:38:46.066+0000] {logging_mixin.py:188} INFO - [2025-07-19T14:38:46.066+0000] {dag.py:3823} INFO - Setting next_dagrun for launch_streamlit_dashboard to None, run_after=None
[2025-07-19T14:38:46.088+0000] {processor.py:183} INFO - Processing /opt/airflow/dags/eda_airflow.py took 0.077 seconds
[2025-07-19T14:39:18.001+0000] {processor.py:161} INFO - Started process (PID=8092) to work on /opt/airflow/dags/eda_airflow.py
[2025-07-19T14:39:18.002+0000] {processor.py:830} INFO - Processing file /opt/airflow/dags/eda_airflow.py for tasks to queue
[2025-07-19T14:39:18.003+0000] {logging_mixin.py:188} INFO - [2025-07-19T14:39:18.002+0000] {dagbag.py:538} INFO - Filling up the DagBag from /opt/airflow/dags/eda_airflow.py
[2025-07-19T14:39:18.225+0000] {processor.py:840} INFO - DAG(s) 'launch_streamlit_dashboard' retrieved from /opt/airflow/dags/eda_airflow.py
[2025-07-19T14:39:18.336+0000] {logging_mixin.py:188} INFO - [2025-07-19T14:39:18.336+0000] {dag.py:3036} INFO - Sync 1 DAGs
[2025-07-19T14:39:18.349+0000] {logging_mixin.py:188} INFO - [2025-07-19T14:39:18.349+0000] {dag.py:3823} INFO - Setting next_dagrun for launch_streamlit_dashboard to None, run_after=None
[2025-07-19T14:39:18.632+0000] {processor.py:183} INFO - Processing /opt/airflow/dags/eda_airflow.py took 0.634 seconds
[2025-07-19T14:39:49.117+0000] {processor.py:161} INFO - Started process (PID=8132) to work on /opt/airflow/dags/eda_airflow.py
[2025-07-19T14:39:49.118+0000] {processor.py:830} INFO - Processing file /opt/airflow/dags/eda_airflow.py for tasks to queue
[2025-07-19T14:39:49.120+0000] {logging_mixin.py:188} INFO - [2025-07-19T14:39:49.119+0000] {dagbag.py:538} INFO - Filling up the DagBag from /opt/airflow/dags/eda_airflow.py
[2025-07-19T14:39:49.147+0000] {processor.py:840} INFO - DAG(s) 'launch_streamlit_dashboard' retrieved from /opt/airflow/dags/eda_airflow.py
[2025-07-19T14:39:49.172+0000] {logging_mixin.py:188} INFO - [2025-07-19T14:39:49.172+0000] {dag.py:3036} INFO - Sync 1 DAGs
[2025-07-19T14:39:49.183+0000] {logging_mixin.py:188} INFO - [2025-07-19T14:39:49.183+0000] {dag.py:3823} INFO - Setting next_dagrun for launch_streamlit_dashboard to None, run_after=None
[2025-07-19T14:39:49.224+0000] {processor.py:183} INFO - Processing /opt/airflow/dags/eda_airflow.py took 0.110 seconds
[2025-07-19T14:40:20.296+0000] {processor.py:161} INFO - Started process (PID=8165) to work on /opt/airflow/dags/eda_airflow.py
[2025-07-19T14:40:20.297+0000] {processor.py:830} INFO - Processing file /opt/airflow/dags/eda_airflow.py for tasks to queue
[2025-07-19T14:40:20.298+0000] {logging_mixin.py:188} INFO - [2025-07-19T14:40:20.297+0000] {dagbag.py:538} INFO - Filling up the DagBag from /opt/airflow/dags/eda_airflow.py
[2025-07-19T14:40:20.340+0000] {processor.py:840} INFO - DAG(s) 'launch_streamlit_dashboard' retrieved from /opt/airflow/dags/eda_airflow.py
[2025-07-19T14:40:20.353+0000] {logging_mixin.py:188} INFO - [2025-07-19T14:40:20.353+0000] {dag.py:3036} INFO - Sync 1 DAGs
[2025-07-19T14:40:20.371+0000] {logging_mixin.py:188} INFO - [2025-07-19T14:40:20.370+0000] {dag.py:3823} INFO - Setting next_dagrun for launch_streamlit_dashboard to None, run_after=None
[2025-07-19T14:40:20.400+0000] {processor.py:183} INFO - Processing /opt/airflow/dags/eda_airflow.py took 0.107 seconds
[2025-07-19T14:40:50.544+0000] {processor.py:161} INFO - Started process (PID=8200) to work on /opt/airflow/dags/eda_airflow.py
[2025-07-19T14:40:50.545+0000] {processor.py:830} INFO - Processing file /opt/airflow/dags/eda_airflow.py for tasks to queue
[2025-07-19T14:40:50.546+0000] {logging_mixin.py:188} INFO - [2025-07-19T14:40:50.545+0000] {dagbag.py:538} INFO - Filling up the DagBag from /opt/airflow/dags/eda_airflow.py
[2025-07-19T14:40:50.555+0000] {processor.py:840} INFO - DAG(s) 'launch_streamlit_dashboard' retrieved from /opt/airflow/dags/eda_airflow.py
[2025-07-19T14:40:51.984+0000] {logging_mixin.py:188} INFO - [2025-07-19T14:40:51.984+0000] {dag.py:3036} INFO - Sync 1 DAGs
[2025-07-19T14:40:51.994+0000] {logging_mixin.py:188} INFO - [2025-07-19T14:40:51.993+0000] {dag.py:3823} INFO - Setting next_dagrun for launch_streamlit_dashboard to None, run_after=None
[2025-07-19T14:40:52.039+0000] {processor.py:183} INFO - Processing /opt/airflow/dags/eda_airflow.py took 1.498 seconds
[2025-07-19T14:41:27.890+0000] {processor.py:161} INFO - Started process (PID=8250) to work on /opt/airflow/dags/eda_airflow.py
[2025-07-19T14:41:27.891+0000] {processor.py:830} INFO - Processing file /opt/airflow/dags/eda_airflow.py for tasks to queue
[2025-07-19T14:41:27.892+0000] {logging_mixin.py:188} INFO - [2025-07-19T14:41:27.892+0000] {dagbag.py:538} INFO - Filling up the DagBag from /opt/airflow/dags/eda_airflow.py
[2025-07-19T14:41:27.949+0000] {processor.py:840} INFO - DAG(s) 'launch_streamlit_dashboard' retrieved from /opt/airflow/dags/eda_airflow.py
[2025-07-19T14:41:27.960+0000] {logging_mixin.py:188} INFO - [2025-07-19T14:41:27.960+0000] {dag.py:3036} INFO - Sync 1 DAGs
[2025-07-19T14:41:27.976+0000] {logging_mixin.py:188} INFO - [2025-07-19T14:41:27.976+0000] {dag.py:3823} INFO - Setting next_dagrun for launch_streamlit_dashboard to None, run_after=None
[2025-07-19T14:41:28.221+0000] {processor.py:183} INFO - Processing /opt/airflow/dags/eda_airflow.py took 0.333 seconds
[2025-07-19T14:41:58.925+0000] {processor.py:161} INFO - Started process (PID=8287) to work on /opt/airflow/dags/eda_airflow.py
[2025-07-19T14:41:58.926+0000] {processor.py:830} INFO - Processing file /opt/airflow/dags/eda_airflow.py for tasks to queue
[2025-07-19T14:41:58.927+0000] {logging_mixin.py:188} INFO - [2025-07-19T14:41:58.926+0000] {dagbag.py:538} INFO - Filling up the DagBag from /opt/airflow/dags/eda_airflow.py
[2025-07-19T14:41:58.965+0000] {processor.py:840} INFO - DAG(s) 'launch_streamlit_dashboard' retrieved from /opt/airflow/dags/eda_airflow.py
[2025-07-19T14:41:59.061+0000] {logging_mixin.py:188} INFO - [2025-07-19T14:41:59.061+0000] {dag.py:3036} INFO - Sync 1 DAGs
[2025-07-19T14:41:59.071+0000] {logging_mixin.py:188} INFO - [2025-07-19T14:41:59.071+0000] {dag.py:3823} INFO - Setting next_dagrun for launch_streamlit_dashboard to None, run_after=None
[2025-07-19T14:41:59.139+0000] {processor.py:183} INFO - Processing /opt/airflow/dags/eda_airflow.py took 0.217 seconds
[2025-07-19T14:42:29.497+0000] {processor.py:161} INFO - Started process (PID=8322) to work on /opt/airflow/dags/eda_airflow.py
[2025-07-19T14:42:29.498+0000] {processor.py:830} INFO - Processing file /opt/airflow/dags/eda_airflow.py for tasks to queue
[2025-07-19T14:42:29.499+0000] {logging_mixin.py:188} INFO - [2025-07-19T14:42:29.499+0000] {dagbag.py:538} INFO - Filling up the DagBag from /opt/airflow/dags/eda_airflow.py
[2025-07-19T14:42:29.508+0000] {processor.py:840} INFO - DAG(s) 'launch_streamlit_dashboard' retrieved from /opt/airflow/dags/eda_airflow.py
[2025-07-19T14:42:29.533+0000] {logging_mixin.py:188} INFO - [2025-07-19T14:42:29.533+0000] {dag.py:3036} INFO - Sync 1 DAGs
[2025-07-19T14:42:29.546+0000] {logging_mixin.py:188} INFO - [2025-07-19T14:42:29.546+0000] {dag.py:3823} INFO - Setting next_dagrun for launch_streamlit_dashboard to None, run_after=None
[2025-07-19T14:42:29.566+0000] {processor.py:183} INFO - Processing /opt/airflow/dags/eda_airflow.py took 0.072 seconds
[2025-07-19T14:43:00.267+0000] {processor.py:161} INFO - Started process (PID=8357) to work on /opt/airflow/dags/eda_airflow.py
[2025-07-19T14:43:00.268+0000] {processor.py:830} INFO - Processing file /opt/airflow/dags/eda_airflow.py for tasks to queue
[2025-07-19T14:43:00.269+0000] {logging_mixin.py:188} INFO - [2025-07-19T14:43:00.269+0000] {dagbag.py:538} INFO - Filling up the DagBag from /opt/airflow/dags/eda_airflow.py
[2025-07-19T14:43:00.297+0000] {processor.py:840} INFO - DAG(s) 'launch_streamlit_dashboard' retrieved from /opt/airflow/dags/eda_airflow.py
[2025-07-19T14:43:00.307+0000] {logging_mixin.py:188} INFO - [2025-07-19T14:43:00.307+0000] {dag.py:3036} INFO - Sync 1 DAGs
[2025-07-19T14:43:00.319+0000] {logging_mixin.py:188} INFO - [2025-07-19T14:43:00.318+0000] {dag.py:3823} INFO - Setting next_dagrun for launch_streamlit_dashboard to None, run_after=None
[2025-07-19T14:43:00.340+0000] {processor.py:183} INFO - Processing /opt/airflow/dags/eda_airflow.py took 0.075 seconds
[2025-07-19T14:43:30.930+0000] {processor.py:161} INFO - Started process (PID=8392) to work on /opt/airflow/dags/eda_airflow.py
[2025-07-19T14:43:30.932+0000] {processor.py:830} INFO - Processing file /opt/airflow/dags/eda_airflow.py for tasks to queue
[2025-07-19T14:43:30.933+0000] {logging_mixin.py:188} INFO - [2025-07-19T14:43:30.932+0000] {dagbag.py:538} INFO - Filling up the DagBag from /opt/airflow/dags/eda_airflow.py
[2025-07-19T14:43:30.942+0000] {processor.py:840} INFO - DAG(s) 'launch_streamlit_dashboard' retrieved from /opt/airflow/dags/eda_airflow.py
[2025-07-19T14:43:31.042+0000] {logging_mixin.py:188} INFO - [2025-07-19T14:43:31.042+0000] {dag.py:3036} INFO - Sync 1 DAGs
[2025-07-19T14:43:31.052+0000] {logging_mixin.py:188} INFO - [2025-07-19T14:43:31.051+0000] {dag.py:3823} INFO - Setting next_dagrun for launch_streamlit_dashboard to None, run_after=None
[2025-07-19T14:43:31.074+0000] {processor.py:183} INFO - Processing /opt/airflow/dags/eda_airflow.py took 0.148 seconds
[2025-07-19T14:44:01.634+0000] {processor.py:161} INFO - Started process (PID=8425) to work on /opt/airflow/dags/eda_airflow.py
[2025-07-19T14:44:01.635+0000] {processor.py:830} INFO - Processing file /opt/airflow/dags/eda_airflow.py for tasks to queue
[2025-07-19T14:44:01.636+0000] {logging_mixin.py:188} INFO - [2025-07-19T14:44:01.636+0000] {dagbag.py:538} INFO - Filling up the DagBag from /opt/airflow/dags/eda_airflow.py
[2025-07-19T14:44:01.664+0000] {processor.py:840} INFO - DAG(s) 'launch_streamlit_dashboard' retrieved from /opt/airflow/dags/eda_airflow.py
[2025-07-19T14:44:01.687+0000] {logging_mixin.py:188} INFO - [2025-07-19T14:44:01.687+0000] {dag.py:3036} INFO - Sync 1 DAGs
[2025-07-19T14:44:01.698+0000] {logging_mixin.py:188} INFO - [2025-07-19T14:44:01.698+0000] {dag.py:3823} INFO - Setting next_dagrun for launch_streamlit_dashboard to None, run_after=None
[2025-07-19T14:44:01.718+0000] {processor.py:183} INFO - Processing /opt/airflow/dags/eda_airflow.py took 0.087 seconds
[2025-07-19T14:44:32.421+0000] {processor.py:161} INFO - Started process (PID=8462) to work on /opt/airflow/dags/eda_airflow.py
[2025-07-19T14:44:32.422+0000] {processor.py:830} INFO - Processing file /opt/airflow/dags/eda_airflow.py for tasks to queue
[2025-07-19T14:44:32.423+0000] {logging_mixin.py:188} INFO - [2025-07-19T14:44:32.423+0000] {dagbag.py:538} INFO - Filling up the DagBag from /opt/airflow/dags/eda_airflow.py
[2025-07-19T14:44:32.433+0000] {processor.py:840} INFO - DAG(s) 'launch_streamlit_dashboard' retrieved from /opt/airflow/dags/eda_airflow.py
[2025-07-19T14:44:32.459+0000] {logging_mixin.py:188} INFO - [2025-07-19T14:44:32.459+0000] {dag.py:3036} INFO - Sync 1 DAGs
[2025-07-19T14:44:32.472+0000] {logging_mixin.py:188} INFO - [2025-07-19T14:44:32.472+0000] {dag.py:3823} INFO - Setting next_dagrun for launch_streamlit_dashboard to None, run_after=None
[2025-07-19T14:44:32.491+0000] {processor.py:183} INFO - Processing /opt/airflow/dags/eda_airflow.py took 0.073 seconds
[2025-07-19T14:45:02.916+0000] {processor.py:161} INFO - Started process (PID=8497) to work on /opt/airflow/dags/eda_airflow.py
[2025-07-19T14:45:02.917+0000] {processor.py:830} INFO - Processing file /opt/airflow/dags/eda_airflow.py for tasks to queue
[2025-07-19T14:45:02.918+0000] {logging_mixin.py:188} INFO - [2025-07-19T14:45:02.917+0000] {dagbag.py:538} INFO - Filling up the DagBag from /opt/airflow/dags/eda_airflow.py
[2025-07-19T14:45:02.927+0000] {processor.py:840} INFO - DAG(s) 'launch_streamlit_dashboard' retrieved from /opt/airflow/dags/eda_airflow.py
[2025-07-19T14:45:03.018+0000] {logging_mixin.py:188} INFO - [2025-07-19T14:45:03.017+0000] {dag.py:3036} INFO - Sync 1 DAGs
[2025-07-19T14:45:03.027+0000] {logging_mixin.py:188} INFO - [2025-07-19T14:45:03.027+0000] {dag.py:3823} INFO - Setting next_dagrun for launch_streamlit_dashboard to None, run_after=None
[2025-07-19T14:45:03.049+0000] {processor.py:183} INFO - Processing /opt/airflow/dags/eda_airflow.py took 0.136 seconds
[2025-07-19T14:45:33.621+0000] {processor.py:161} INFO - Started process (PID=8532) to work on /opt/airflow/dags/eda_airflow.py
[2025-07-19T14:45:33.622+0000] {processor.py:830} INFO - Processing file /opt/airflow/dags/eda_airflow.py for tasks to queue
[2025-07-19T14:45:33.623+0000] {logging_mixin.py:188} INFO - [2025-07-19T14:45:33.622+0000] {dagbag.py:538} INFO - Filling up the DagBag from /opt/airflow/dags/eda_airflow.py
[2025-07-19T14:45:33.632+0000] {processor.py:840} INFO - DAG(s) 'launch_streamlit_dashboard' retrieved from /opt/airflow/dags/eda_airflow.py
[2025-07-19T14:45:33.655+0000] {logging_mixin.py:188} INFO - [2025-07-19T14:45:33.654+0000] {dag.py:3036} INFO - Sync 1 DAGs
[2025-07-19T14:45:33.666+0000] {logging_mixin.py:188} INFO - [2025-07-19T14:45:33.666+0000] {dag.py:3823} INFO - Setting next_dagrun for launch_streamlit_dashboard to None, run_after=None
[2025-07-19T14:45:33.685+0000] {processor.py:183} INFO - Processing /opt/airflow/dags/eda_airflow.py took 0.068 seconds
[2025-07-19T14:46:04.325+0000] {processor.py:161} INFO - Started process (PID=8567) to work on /opt/airflow/dags/eda_airflow.py
[2025-07-19T14:46:04.326+0000] {processor.py:830} INFO - Processing file /opt/airflow/dags/eda_airflow.py for tasks to queue
[2025-07-19T14:46:04.327+0000] {logging_mixin.py:188} INFO - [2025-07-19T14:46:04.326+0000] {dagbag.py:538} INFO - Filling up the DagBag from /opt/airflow/dags/eda_airflow.py
[2025-07-19T14:46:04.335+0000] {processor.py:840} INFO - DAG(s) 'launch_streamlit_dashboard' retrieved from /opt/airflow/dags/eda_airflow.py
[2025-07-19T14:46:04.346+0000] {logging_mixin.py:188} INFO - [2025-07-19T14:46:04.346+0000] {dag.py:3036} INFO - Sync 1 DAGs
[2025-07-19T14:46:04.359+0000] {logging_mixin.py:188} INFO - [2025-07-19T14:46:04.358+0000] {dag.py:3823} INFO - Setting next_dagrun for launch_streamlit_dashboard to None, run_after=None
[2025-07-19T14:46:04.380+0000] {processor.py:183} INFO - Processing /opt/airflow/dags/eda_airflow.py took 0.058 seconds
[2025-07-19T14:46:34.933+0000] {processor.py:161} INFO - Started process (PID=8602) to work on /opt/airflow/dags/eda_airflow.py
[2025-07-19T14:46:34.934+0000] {processor.py:830} INFO - Processing file /opt/airflow/dags/eda_airflow.py for tasks to queue
[2025-07-19T14:46:34.935+0000] {logging_mixin.py:188} INFO - [2025-07-19T14:46:34.935+0000] {dagbag.py:538} INFO - Filling up the DagBag from /opt/airflow/dags/eda_airflow.py
[2025-07-19T14:46:34.946+0000] {processor.py:840} INFO - DAG(s) 'launch_streamlit_dashboard' retrieved from /opt/airflow/dags/eda_airflow.py
[2025-07-19T14:46:35.040+0000] {logging_mixin.py:188} INFO - [2025-07-19T14:46:35.039+0000] {dag.py:3036} INFO - Sync 1 DAGs
[2025-07-19T14:46:35.050+0000] {logging_mixin.py:188} INFO - [2025-07-19T14:46:35.049+0000] {dag.py:3823} INFO - Setting next_dagrun for launch_streamlit_dashboard to None, run_after=None
[2025-07-19T14:46:35.070+0000] {processor.py:183} INFO - Processing /opt/airflow/dags/eda_airflow.py took 0.140 seconds
[2025-07-19T14:47:05.521+0000] {processor.py:161} INFO - Started process (PID=8635) to work on /opt/airflow/dags/eda_airflow.py
[2025-07-19T14:47:05.522+0000] {processor.py:830} INFO - Processing file /opt/airflow/dags/eda_airflow.py for tasks to queue
[2025-07-19T14:47:05.524+0000] {logging_mixin.py:188} INFO - [2025-07-19T14:47:05.523+0000] {dagbag.py:538} INFO - Filling up the DagBag from /opt/airflow/dags/eda_airflow.py
[2025-07-19T14:47:05.537+0000] {processor.py:840} INFO - DAG(s) 'launch_streamlit_dashboard' retrieved from /opt/airflow/dags/eda_airflow.py
[2025-07-19T14:47:05.717+0000] {logging_mixin.py:188} INFO - [2025-07-19T14:47:05.717+0000] {dag.py:3036} INFO - Sync 1 DAGs
[2025-07-19T14:47:05.729+0000] {logging_mixin.py:188} INFO - [2025-07-19T14:47:05.728+0000] {dag.py:3823} INFO - Setting next_dagrun for launch_streamlit_dashboard to None, run_after=None
[2025-07-19T14:47:05.748+0000] {processor.py:183} INFO - Processing /opt/airflow/dags/eda_airflow.py took 0.231 seconds
[2025-07-19T14:47:36.103+0000] {processor.py:161} INFO - Started process (PID=8672) to work on /opt/airflow/dags/eda_airflow.py
[2025-07-19T14:47:36.104+0000] {processor.py:830} INFO - Processing file /opt/airflow/dags/eda_airflow.py for tasks to queue
[2025-07-19T14:47:36.105+0000] {logging_mixin.py:188} INFO - [2025-07-19T14:47:36.104+0000] {dagbag.py:538} INFO - Filling up the DagBag from /opt/airflow/dags/eda_airflow.py
[2025-07-19T14:47:36.115+0000] {processor.py:840} INFO - DAG(s) 'launch_streamlit_dashboard' retrieved from /opt/airflow/dags/eda_airflow.py
[2025-07-19T14:47:36.127+0000] {logging_mixin.py:188} INFO - [2025-07-19T14:47:36.127+0000] {dag.py:3036} INFO - Sync 1 DAGs
[2025-07-19T14:47:36.139+0000] {logging_mixin.py:188} INFO - [2025-07-19T14:47:36.139+0000] {dag.py:3823} INFO - Setting next_dagrun for launch_streamlit_dashboard to None, run_after=None
[2025-07-19T14:47:36.159+0000] {processor.py:183} INFO - Processing /opt/airflow/dags/eda_airflow.py took 0.060 seconds
[2025-07-19T14:48:06.785+0000] {processor.py:161} INFO - Started process (PID=8707) to work on /opt/airflow/dags/eda_airflow.py
[2025-07-19T14:48:06.785+0000] {processor.py:830} INFO - Processing file /opt/airflow/dags/eda_airflow.py for tasks to queue
[2025-07-19T14:48:06.786+0000] {logging_mixin.py:188} INFO - [2025-07-19T14:48:06.786+0000] {dagbag.py:538} INFO - Filling up the DagBag from /opt/airflow/dags/eda_airflow.py
[2025-07-19T14:48:06.796+0000] {processor.py:840} INFO - DAG(s) 'launch_streamlit_dashboard' retrieved from /opt/airflow/dags/eda_airflow.py
[2025-07-19T14:48:06.888+0000] {logging_mixin.py:188} INFO - [2025-07-19T14:48:06.888+0000] {dag.py:3036} INFO - Sync 1 DAGs
[2025-07-19T14:48:06.898+0000] {logging_mixin.py:188} INFO - [2025-07-19T14:48:06.897+0000] {dag.py:3823} INFO - Setting next_dagrun for launch_streamlit_dashboard to None, run_after=None
[2025-07-19T14:48:06.918+0000] {processor.py:183} INFO - Processing /opt/airflow/dags/eda_airflow.py took 0.136 seconds
[2025-07-19T14:48:37.402+0000] {processor.py:161} INFO - Started process (PID=8742) to work on /opt/airflow/dags/eda_airflow.py
[2025-07-19T14:48:37.403+0000] {processor.py:830} INFO - Processing file /opt/airflow/dags/eda_airflow.py for tasks to queue
[2025-07-19T14:48:37.403+0000] {logging_mixin.py:188} INFO - [2025-07-19T14:48:37.403+0000] {dagbag.py:538} INFO - Filling up the DagBag from /opt/airflow/dags/eda_airflow.py
[2025-07-19T14:48:37.413+0000] {processor.py:840} INFO - DAG(s) 'launch_streamlit_dashboard' retrieved from /opt/airflow/dags/eda_airflow.py
[2025-07-19T14:48:37.436+0000] {logging_mixin.py:188} INFO - [2025-07-19T14:48:37.436+0000] {dag.py:3036} INFO - Sync 1 DAGs
[2025-07-19T14:48:37.448+0000] {logging_mixin.py:188} INFO - [2025-07-19T14:48:37.447+0000] {dag.py:3823} INFO - Setting next_dagrun for launch_streamlit_dashboard to None, run_after=None
[2025-07-19T14:48:37.467+0000] {processor.py:183} INFO - Processing /opt/airflow/dags/eda_airflow.py took 0.068 seconds
[2025-07-19T14:49:07.870+0000] {processor.py:161} INFO - Started process (PID=8777) to work on /opt/airflow/dags/eda_airflow.py
[2025-07-19T14:49:07.871+0000] {processor.py:830} INFO - Processing file /opt/airflow/dags/eda_airflow.py for tasks to queue
[2025-07-19T14:49:07.872+0000] {logging_mixin.py:188} INFO - [2025-07-19T14:49:07.872+0000] {dagbag.py:538} INFO - Filling up the DagBag from /opt/airflow/dags/eda_airflow.py
[2025-07-19T14:49:07.882+0000] {processor.py:840} INFO - DAG(s) 'launch_streamlit_dashboard' retrieved from /opt/airflow/dags/eda_airflow.py
[2025-07-19T14:49:07.893+0000] {logging_mixin.py:188} INFO - [2025-07-19T14:49:07.893+0000] {dag.py:3036} INFO - Sync 1 DAGs
[2025-07-19T14:49:07.905+0000] {logging_mixin.py:188} INFO - [2025-07-19T14:49:07.905+0000] {dag.py:3823} INFO - Setting next_dagrun for launch_streamlit_dashboard to None, run_after=None
[2025-07-19T14:49:07.926+0000] {processor.py:183} INFO - Processing /opt/airflow/dags/eda_airflow.py took 0.059 seconds
[2025-07-19T14:49:38.478+0000] {processor.py:161} INFO - Started process (PID=8812) to work on /opt/airflow/dags/eda_airflow.py
[2025-07-19T14:49:38.479+0000] {processor.py:830} INFO - Processing file /opt/airflow/dags/eda_airflow.py for tasks to queue
[2025-07-19T14:49:38.480+0000] {logging_mixin.py:188} INFO - [2025-07-19T14:49:38.479+0000] {dagbag.py:538} INFO - Filling up the DagBag from /opt/airflow/dags/eda_airflow.py
[2025-07-19T14:49:38.489+0000] {processor.py:840} INFO - DAG(s) 'launch_streamlit_dashboard' retrieved from /opt/airflow/dags/eda_airflow.py
[2025-07-19T14:49:38.585+0000] {logging_mixin.py:188} INFO - [2025-07-19T14:49:38.585+0000] {dag.py:3036} INFO - Sync 1 DAGs
[2025-07-19T14:49:38.594+0000] {logging_mixin.py:188} INFO - [2025-07-19T14:49:38.594+0000] {dag.py:3823} INFO - Setting next_dagrun for launch_streamlit_dashboard to None, run_after=None
[2025-07-19T14:49:38.617+0000] {processor.py:183} INFO - Processing /opt/airflow/dags/eda_airflow.py took 0.142 seconds
[2025-07-19T14:50:09.059+0000] {processor.py:161} INFO - Started process (PID=8847) to work on /opt/airflow/dags/eda_airflow.py
[2025-07-19T14:50:09.060+0000] {processor.py:830} INFO - Processing file /opt/airflow/dags/eda_airflow.py for tasks to queue
[2025-07-19T14:50:09.061+0000] {logging_mixin.py:188} INFO - [2025-07-19T14:50:09.061+0000] {dagbag.py:538} INFO - Filling up the DagBag from /opt/airflow/dags/eda_airflow.py
[2025-07-19T14:50:09.070+0000] {processor.py:840} INFO - DAG(s) 'launch_streamlit_dashboard' retrieved from /opt/airflow/dags/eda_airflow.py
[2025-07-19T14:50:09.093+0000] {logging_mixin.py:188} INFO - [2025-07-19T14:50:09.093+0000] {dag.py:3036} INFO - Sync 1 DAGs
[2025-07-19T14:50:09.105+0000] {logging_mixin.py:188} INFO - [2025-07-19T14:50:09.104+0000] {dag.py:3823} INFO - Setting next_dagrun for launch_streamlit_dashboard to None, run_after=None
[2025-07-19T14:50:09.125+0000] {processor.py:183} INFO - Processing /opt/airflow/dags/eda_airflow.py took 0.069 seconds
[2025-07-19T14:50:39.599+0000] {processor.py:161} INFO - Started process (PID=8882) to work on /opt/airflow/dags/eda_airflow.py
[2025-07-19T14:50:39.600+0000] {processor.py:830} INFO - Processing file /opt/airflow/dags/eda_airflow.py for tasks to queue
[2025-07-19T14:50:39.601+0000] {logging_mixin.py:188} INFO - [2025-07-19T14:50:39.601+0000] {dagbag.py:538} INFO - Filling up the DagBag from /opt/airflow/dags/eda_airflow.py
[2025-07-19T14:50:39.611+0000] {processor.py:840} INFO - DAG(s) 'launch_streamlit_dashboard' retrieved from /opt/airflow/dags/eda_airflow.py
[2025-07-19T14:50:39.622+0000] {logging_mixin.py:188} INFO - [2025-07-19T14:50:39.621+0000] {dag.py:3036} INFO - Sync 1 DAGs
[2025-07-19T14:50:39.634+0000] {logging_mixin.py:188} INFO - [2025-07-19T14:50:39.633+0000] {dag.py:3823} INFO - Setting next_dagrun for launch_streamlit_dashboard to None, run_after=None
[2025-07-19T14:50:39.658+0000] {processor.py:183} INFO - Processing /opt/airflow/dags/eda_airflow.py took 0.061 seconds
[2025-07-19T14:51:10.172+0000] {processor.py:161} INFO - Started process (PID=8917) to work on /opt/airflow/dags/eda_airflow.py
[2025-07-19T14:51:10.173+0000] {processor.py:830} INFO - Processing file /opt/airflow/dags/eda_airflow.py for tasks to queue
[2025-07-19T14:51:10.174+0000] {logging_mixin.py:188} INFO - [2025-07-19T14:51:10.174+0000] {dagbag.py:538} INFO - Filling up the DagBag from /opt/airflow/dags/eda_airflow.py
[2025-07-19T14:51:10.183+0000] {processor.py:840} INFO - DAG(s) 'launch_streamlit_dashboard' retrieved from /opt/airflow/dags/eda_airflow.py
[2025-07-19T14:51:10.274+0000] {logging_mixin.py:188} INFO - [2025-07-19T14:51:10.274+0000] {dag.py:3036} INFO - Sync 1 DAGs
[2025-07-19T14:51:10.283+0000] {logging_mixin.py:188} INFO - [2025-07-19T14:51:10.283+0000] {dag.py:3823} INFO - Setting next_dagrun for launch_streamlit_dashboard to None, run_after=None
[2025-07-19T14:51:10.305+0000] {processor.py:183} INFO - Processing /opt/airflow/dags/eda_airflow.py took 0.136 seconds
[2025-07-19T14:51:40.755+0000] {processor.py:161} INFO - Started process (PID=8952) to work on /opt/airflow/dags/eda_airflow.py
[2025-07-19T14:51:40.756+0000] {processor.py:830} INFO - Processing file /opt/airflow/dags/eda_airflow.py for tasks to queue
[2025-07-19T14:51:40.757+0000] {logging_mixin.py:188} INFO - [2025-07-19T14:51:40.757+0000] {dagbag.py:538} INFO - Filling up the DagBag from /opt/airflow/dags/eda_airflow.py
[2025-07-19T14:51:40.767+0000] {processor.py:840} INFO - DAG(s) 'launch_streamlit_dashboard' retrieved from /opt/airflow/dags/eda_airflow.py
[2025-07-19T14:51:40.789+0000] {logging_mixin.py:188} INFO - [2025-07-19T14:51:40.789+0000] {dag.py:3036} INFO - Sync 1 DAGs
[2025-07-19T14:51:40.800+0000] {logging_mixin.py:188} INFO - [2025-07-19T14:51:40.800+0000] {dag.py:3823} INFO - Setting next_dagrun for launch_streamlit_dashboard to None, run_after=None
[2025-07-19T14:51:40.820+0000] {processor.py:183} INFO - Processing /opt/airflow/dags/eda_airflow.py took 0.067 seconds
[2025-07-19T14:52:51.073+0000] {processor.py:161} INFO - Started process (PID=8985) to work on /opt/airflow/dags/eda_airflow.py
[2025-07-19T14:52:51.098+0000] {processor.py:830} INFO - Processing file /opt/airflow/dags/eda_airflow.py for tasks to queue
[2025-07-19T14:52:51.139+0000] {logging_mixin.py:188} INFO - [2025-07-19T14:52:51.138+0000] {dagbag.py:538} INFO - Filling up the DagBag from /opt/airflow/dags/eda_airflow.py
[2025-07-19T14:52:51.152+0000] {processor.py:840} INFO - DAG(s) 'launch_streamlit_dashboard' retrieved from /opt/airflow/dags/eda_airflow.py
[2025-07-19T14:52:51.359+0000] {logging_mixin.py:188} INFO - [2025-07-19T14:52:51.359+0000] {dag.py:3036} INFO - Sync 1 DAGs
[2025-07-19T14:52:51.369+0000] {logging_mixin.py:188} INFO - [2025-07-19T14:52:51.369+0000] {dag.py:3823} INFO - Setting next_dagrun for launch_streamlit_dashboard to None, run_after=None
[2025-07-19T14:52:52.644+0000] {processor.py:183} INFO - Processing /opt/airflow/dags/eda_airflow.py took 1.574 seconds
[2025-07-19T14:53:23.652+0000] {processor.py:161} INFO - Started process (PID=9025) to work on /opt/airflow/dags/eda_airflow.py
[2025-07-19T14:53:23.656+0000] {processor.py:830} INFO - Processing file /opt/airflow/dags/eda_airflow.py for tasks to queue
[2025-07-19T14:53:23.658+0000] {logging_mixin.py:188} INFO - [2025-07-19T14:53:23.657+0000] {dagbag.py:538} INFO - Filling up the DagBag from /opt/airflow/dags/eda_airflow.py
[2025-07-19T14:53:23.680+0000] {processor.py:840} INFO - DAG(s) 'launch_streamlit_dashboard' retrieved from /opt/airflow/dags/eda_airflow.py
[2025-07-19T14:53:26.356+0000] {logging_mixin.py:188} INFO - [2025-07-19T14:53:26.356+0000] {dag.py:3036} INFO - Sync 1 DAGs
[2025-07-19T14:53:26.368+0000] {logging_mixin.py:188} INFO - [2025-07-19T14:53:26.368+0000] {dag.py:3823} INFO - Setting next_dagrun for launch_streamlit_dashboard to None, run_after=None
[2025-07-19T14:53:26.390+0000] {processor.py:183} INFO - Processing /opt/airflow/dags/eda_airflow.py took 2.751 seconds
[2025-07-19T14:53:56.781+0000] {processor.py:161} INFO - Started process (PID=9065) to work on /opt/airflow/dags/eda_airflow.py
[2025-07-19T14:53:56.782+0000] {processor.py:830} INFO - Processing file /opt/airflow/dags/eda_airflow.py for tasks to queue
[2025-07-19T14:53:56.782+0000] {logging_mixin.py:188} INFO - [2025-07-19T14:53:56.782+0000] {dagbag.py:538} INFO - Filling up the DagBag from /opt/airflow/dags/eda_airflow.py
[2025-07-19T14:53:56.792+0000] {processor.py:840} INFO - DAG(s) 'launch_streamlit_dashboard' retrieved from /opt/airflow/dags/eda_airflow.py
[2025-07-19T14:54:04.562+0000] {logging_mixin.py:188} INFO - [2025-07-19T14:54:04.562+0000] {dag.py:3036} INFO - Sync 1 DAGs
[2025-07-19T14:54:04.724+0000] {logging_mixin.py:188} INFO - [2025-07-19T14:54:04.724+0000] {dag.py:3823} INFO - Setting next_dagrun for launch_streamlit_dashboard to None, run_after=None
[2025-07-19T14:54:04.856+0000] {processor.py:183} INFO - Processing /opt/airflow/dags/eda_airflow.py took 8.078 seconds
[2025-07-19T14:54:35.823+0000] {processor.py:161} INFO - Started process (PID=9105) to work on /opt/airflow/dags/eda_airflow.py
[2025-07-19T14:54:35.825+0000] {processor.py:830} INFO - Processing file /opt/airflow/dags/eda_airflow.py for tasks to queue
[2025-07-19T14:54:35.826+0000] {logging_mixin.py:188} INFO - [2025-07-19T14:54:35.826+0000] {dagbag.py:538} INFO - Filling up the DagBag from /opt/airflow/dags/eda_airflow.py
[2025-07-19T14:54:35.837+0000] {processor.py:840} INFO - DAG(s) 'launch_streamlit_dashboard' retrieved from /opt/airflow/dags/eda_airflow.py
[2025-07-19T14:54:35.861+0000] {logging_mixin.py:188} INFO - [2025-07-19T14:54:35.860+0000] {dag.py:3036} INFO - Sync 1 DAGs
[2025-07-19T14:54:35.876+0000] {logging_mixin.py:188} INFO - [2025-07-19T14:54:35.876+0000] {dag.py:3823} INFO - Setting next_dagrun for launch_streamlit_dashboard to None, run_after=None
[2025-07-19T14:54:35.903+0000] {processor.py:183} INFO - Processing /opt/airflow/dags/eda_airflow.py took 0.083 seconds
[2025-07-19T14:55:06.540+0000] {processor.py:161} INFO - Started process (PID=9140) to work on /opt/airflow/dags/eda_airflow.py
[2025-07-19T14:55:06.541+0000] {processor.py:830} INFO - Processing file /opt/airflow/dags/eda_airflow.py for tasks to queue
[2025-07-19T14:55:06.543+0000] {logging_mixin.py:188} INFO - [2025-07-19T14:55:06.542+0000] {dagbag.py:538} INFO - Filling up the DagBag from /opt/airflow/dags/eda_airflow.py
[2025-07-19T14:55:06.553+0000] {processor.py:840} INFO - DAG(s) 'launch_streamlit_dashboard' retrieved from /opt/airflow/dags/eda_airflow.py
[2025-07-19T14:55:06.726+0000] {logging_mixin.py:188} INFO - [2025-07-19T14:55:06.726+0000] {dag.py:3036} INFO - Sync 1 DAGs
[2025-07-19T14:55:06.735+0000] {logging_mixin.py:188} INFO - [2025-07-19T14:55:06.735+0000] {dag.py:3823} INFO - Setting next_dagrun for launch_streamlit_dashboard to None, run_after=None
[2025-07-19T14:55:06.755+0000] {processor.py:183} INFO - Processing /opt/airflow/dags/eda_airflow.py took 0.217 seconds
[2025-07-19T14:55:37.151+0000] {processor.py:161} INFO - Started process (PID=9175) to work on /opt/airflow/dags/eda_airflow.py
[2025-07-19T14:55:37.152+0000] {processor.py:830} INFO - Processing file /opt/airflow/dags/eda_airflow.py for tasks to queue
[2025-07-19T14:55:37.154+0000] {logging_mixin.py:188} INFO - [2025-07-19T14:55:37.153+0000] {dagbag.py:538} INFO - Filling up the DagBag from /opt/airflow/dags/eda_airflow.py
[2025-07-19T14:55:37.165+0000] {processor.py:840} INFO - DAG(s) 'launch_streamlit_dashboard' retrieved from /opt/airflow/dags/eda_airflow.py
[2025-07-19T14:55:37.201+0000] {logging_mixin.py:188} INFO - [2025-07-19T14:55:37.200+0000] {dag.py:3036} INFO - Sync 1 DAGs
[2025-07-19T14:55:37.282+0000] {logging_mixin.py:188} INFO - [2025-07-19T14:55:37.282+0000] {dag.py:3823} INFO - Setting next_dagrun for launch_streamlit_dashboard to None, run_after=None
[2025-07-19T14:55:37.304+0000] {processor.py:183} INFO - Processing /opt/airflow/dags/eda_airflow.py took 0.157 seconds
[2025-07-19T14:56:07.988+0000] {processor.py:161} INFO - Started process (PID=9210) to work on /opt/airflow/dags/eda_airflow.py
[2025-07-19T14:56:07.989+0000] {processor.py:830} INFO - Processing file /opt/airflow/dags/eda_airflow.py for tasks to queue
[2025-07-19T14:56:07.990+0000] {logging_mixin.py:188} INFO - [2025-07-19T14:56:07.989+0000] {dagbag.py:538} INFO - Filling up the DagBag from /opt/airflow/dags/eda_airflow.py
[2025-07-19T14:56:08.000+0000] {processor.py:840} INFO - DAG(s) 'launch_streamlit_dashboard' retrieved from /opt/airflow/dags/eda_airflow.py
[2025-07-19T14:56:08.132+0000] {logging_mixin.py:188} INFO - [2025-07-19T14:56:08.132+0000] {dag.py:3036} INFO - Sync 1 DAGs
[2025-07-19T14:56:08.143+0000] {logging_mixin.py:188} INFO - [2025-07-19T14:56:08.142+0000] {dag.py:3823} INFO - Setting next_dagrun for launch_streamlit_dashboard to None, run_after=None
[2025-07-19T14:56:08.163+0000] {processor.py:183} INFO - Processing /opt/airflow/dags/eda_airflow.py took 0.179 seconds
[2025-07-19T14:56:38.591+0000] {processor.py:161} INFO - Started process (PID=9245) to work on /opt/airflow/dags/eda_airflow.py
[2025-07-19T14:56:38.592+0000] {processor.py:830} INFO - Processing file /opt/airflow/dags/eda_airflow.py for tasks to queue
[2025-07-19T14:56:38.593+0000] {logging_mixin.py:188} INFO - [2025-07-19T14:56:38.593+0000] {dagbag.py:538} INFO - Filling up the DagBag from /opt/airflow/dags/eda_airflow.py
[2025-07-19T14:56:38.604+0000] {processor.py:840} INFO - DAG(s) 'launch_streamlit_dashboard' retrieved from /opt/airflow/dags/eda_airflow.py
[2025-07-19T14:56:38.630+0000] {logging_mixin.py:188} INFO - [2025-07-19T14:56:38.630+0000] {dag.py:3036} INFO - Sync 1 DAGs
[2025-07-19T14:56:38.642+0000] {logging_mixin.py:188} INFO - [2025-07-19T14:56:38.642+0000] {dag.py:3823} INFO - Setting next_dagrun for launch_streamlit_dashboard to None, run_after=None
[2025-07-19T14:56:38.664+0000] {processor.py:183} INFO - Processing /opt/airflow/dags/eda_airflow.py took 0.077 seconds
[2025-07-19T14:57:09.185+0000] {processor.py:161} INFO - Started process (PID=9280) to work on /opt/airflow/dags/eda_airflow.py
[2025-07-19T14:57:09.186+0000] {processor.py:830} INFO - Processing file /opt/airflow/dags/eda_airflow.py for tasks to queue
[2025-07-19T14:57:09.187+0000] {logging_mixin.py:188} INFO - [2025-07-19T14:57:09.186+0000] {dagbag.py:538} INFO - Filling up the DagBag from /opt/airflow/dags/eda_airflow.py
[2025-07-19T14:57:09.196+0000] {processor.py:840} INFO - DAG(s) 'launch_streamlit_dashboard' retrieved from /opt/airflow/dags/eda_airflow.py
[2025-07-19T14:57:09.293+0000] {logging_mixin.py:188} INFO - [2025-07-19T14:57:09.293+0000] {dag.py:3036} INFO - Sync 1 DAGs
[2025-07-19T14:57:09.302+0000] {logging_mixin.py:188} INFO - [2025-07-19T14:57:09.301+0000] {dag.py:3823} INFO - Setting next_dagrun for launch_streamlit_dashboard to None, run_after=None
[2025-07-19T14:57:09.323+0000] {processor.py:183} INFO - Processing /opt/airflow/dags/eda_airflow.py took 0.144 seconds
[2025-07-19T14:57:39.876+0000] {processor.py:161} INFO - Started process (PID=9315) to work on /opt/airflow/dags/eda_airflow.py
[2025-07-19T14:57:39.877+0000] {processor.py:830} INFO - Processing file /opt/airflow/dags/eda_airflow.py for tasks to queue
[2025-07-19T14:57:39.878+0000] {logging_mixin.py:188} INFO - [2025-07-19T14:57:39.877+0000] {dagbag.py:538} INFO - Filling up the DagBag from /opt/airflow/dags/eda_airflow.py
[2025-07-19T14:57:39.888+0000] {processor.py:840} INFO - DAG(s) 'launch_streamlit_dashboard' retrieved from /opt/airflow/dags/eda_airflow.py
[2025-07-19T14:57:39.916+0000] {logging_mixin.py:188} INFO - [2025-07-19T14:57:39.916+0000] {dag.py:3036} INFO - Sync 1 DAGs
[2025-07-19T14:57:39.932+0000] {logging_mixin.py:188} INFO - [2025-07-19T14:57:39.932+0000] {dag.py:3823} INFO - Setting next_dagrun for launch_streamlit_dashboard to None, run_after=None
[2025-07-19T14:57:39.956+0000] {processor.py:183} INFO - Processing /opt/airflow/dags/eda_airflow.py took 0.084 seconds
[2025-07-19T14:58:10.487+0000] {processor.py:161} INFO - Started process (PID=9350) to work on /opt/airflow/dags/eda_airflow.py
[2025-07-19T14:58:10.488+0000] {processor.py:830} INFO - Processing file /opt/airflow/dags/eda_airflow.py for tasks to queue
[2025-07-19T14:58:10.489+0000] {logging_mixin.py:188} INFO - [2025-07-19T14:58:10.489+0000] {dagbag.py:538} INFO - Filling up the DagBag from /opt/airflow/dags/eda_airflow.py
[2025-07-19T14:58:10.500+0000] {processor.py:840} INFO - DAG(s) 'launch_streamlit_dashboard' retrieved from /opt/airflow/dags/eda_airflow.py
[2025-07-19T14:58:10.597+0000] {logging_mixin.py:188} INFO - [2025-07-19T14:58:10.597+0000] {dag.py:3036} INFO - Sync 1 DAGs
[2025-07-19T14:58:10.606+0000] {logging_mixin.py:188} INFO - [2025-07-19T14:58:10.606+0000] {dag.py:3823} INFO - Setting next_dagrun for launch_streamlit_dashboard to None, run_after=None
[2025-07-19T14:58:10.626+0000] {processor.py:183} INFO - Processing /opt/airflow/dags/eda_airflow.py took 0.143 seconds
[2025-07-19T14:58:41.055+0000] {processor.py:161} INFO - Started process (PID=9385) to work on /opt/airflow/dags/eda_airflow.py
[2025-07-19T14:58:41.056+0000] {processor.py:830} INFO - Processing file /opt/airflow/dags/eda_airflow.py for tasks to queue
[2025-07-19T14:58:41.058+0000] {logging_mixin.py:188} INFO - [2025-07-19T14:58:41.057+0000] {dagbag.py:538} INFO - Filling up the DagBag from /opt/airflow/dags/eda_airflow.py
[2025-07-19T14:58:41.068+0000] {processor.py:840} INFO - DAG(s) 'launch_streamlit_dashboard' retrieved from /opt/airflow/dags/eda_airflow.py
[2025-07-19T14:58:41.092+0000] {logging_mixin.py:188} INFO - [2025-07-19T14:58:41.092+0000] {dag.py:3036} INFO - Sync 1 DAGs
[2025-07-19T14:58:41.103+0000] {logging_mixin.py:188} INFO - [2025-07-19T14:58:41.103+0000] {dag.py:3823} INFO - Setting next_dagrun for launch_streamlit_dashboard to None, run_after=None
[2025-07-19T14:58:41.123+0000] {processor.py:183} INFO - Processing /opt/airflow/dags/eda_airflow.py took 0.072 seconds
[2025-07-19T14:59:11.633+0000] {processor.py:161} INFO - Started process (PID=9420) to work on /opt/airflow/dags/eda_airflow.py
[2025-07-19T14:59:11.634+0000] {processor.py:830} INFO - Processing file /opt/airflow/dags/eda_airflow.py for tasks to queue
[2025-07-19T14:59:11.635+0000] {logging_mixin.py:188} INFO - [2025-07-19T14:59:11.635+0000] {dagbag.py:538} INFO - Filling up the DagBag from /opt/airflow/dags/eda_airflow.py
[2025-07-19T14:59:11.666+0000] {processor.py:840} INFO - DAG(s) 'launch_streamlit_dashboard' retrieved from /opt/airflow/dags/eda_airflow.py
[2025-07-19T14:59:11.763+0000] {logging_mixin.py:188} INFO - [2025-07-19T14:59:11.763+0000] {dag.py:3036} INFO - Sync 1 DAGs
[2025-07-19T14:59:11.773+0000] {logging_mixin.py:188} INFO - [2025-07-19T14:59:11.773+0000] {dag.py:3823} INFO - Setting next_dagrun for launch_streamlit_dashboard to None, run_after=None
[2025-07-19T14:59:11.793+0000] {processor.py:183} INFO - Processing /opt/airflow/dags/eda_airflow.py took 0.163 seconds
[2025-07-19T14:59:42.208+0000] {processor.py:161} INFO - Started process (PID=9455) to work on /opt/airflow/dags/eda_airflow.py
[2025-07-19T14:59:42.209+0000] {processor.py:830} INFO - Processing file /opt/airflow/dags/eda_airflow.py for tasks to queue
[2025-07-19T14:59:42.210+0000] {logging_mixin.py:188} INFO - [2025-07-19T14:59:42.210+0000] {dagbag.py:538} INFO - Filling up the DagBag from /opt/airflow/dags/eda_airflow.py
[2025-07-19T14:59:42.221+0000] {processor.py:840} INFO - DAG(s) 'launch_streamlit_dashboard' retrieved from /opt/airflow/dags/eda_airflow.py
[2025-07-19T14:59:42.247+0000] {logging_mixin.py:188} INFO - [2025-07-19T14:59:42.247+0000] {dag.py:3036} INFO - Sync 1 DAGs
[2025-07-19T14:59:42.262+0000] {logging_mixin.py:188} INFO - [2025-07-19T14:59:42.261+0000] {dag.py:3823} INFO - Setting next_dagrun for launch_streamlit_dashboard to None, run_after=None
[2025-07-19T14:59:42.282+0000] {processor.py:183} INFO - Processing /opt/airflow/dags/eda_airflow.py took 0.078 seconds
[2025-07-19T15:00:12.779+0000] {processor.py:161} INFO - Started process (PID=9490) to work on /opt/airflow/dags/eda_airflow.py
[2025-07-19T15:00:12.780+0000] {processor.py:830} INFO - Processing file /opt/airflow/dags/eda_airflow.py for tasks to queue
[2025-07-19T15:00:12.781+0000] {logging_mixin.py:188} INFO - [2025-07-19T15:00:12.781+0000] {dagbag.py:538} INFO - Filling up the DagBag from /opt/airflow/dags/eda_airflow.py
[2025-07-19T15:00:12.792+0000] {processor.py:840} INFO - DAG(s) 'launch_streamlit_dashboard' retrieved from /opt/airflow/dags/eda_airflow.py
[2025-07-19T15:00:12.889+0000] {logging_mixin.py:188} INFO - [2025-07-19T15:00:12.889+0000] {dag.py:3036} INFO - Sync 1 DAGs
[2025-07-19T15:00:12.898+0000] {logging_mixin.py:188} INFO - [2025-07-19T15:00:12.898+0000] {dag.py:3823} INFO - Setting next_dagrun for launch_streamlit_dashboard to None, run_after=None
[2025-07-19T15:00:12.919+0000] {processor.py:183} INFO - Processing /opt/airflow/dags/eda_airflow.py took 0.143 seconds
[2025-07-19T15:00:43.331+0000] {processor.py:161} INFO - Started process (PID=9525) to work on /opt/airflow/dags/eda_airflow.py
[2025-07-19T15:00:43.332+0000] {processor.py:830} INFO - Processing file /opt/airflow/dags/eda_airflow.py for tasks to queue
[2025-07-19T15:00:43.333+0000] {logging_mixin.py:188} INFO - [2025-07-19T15:00:43.333+0000] {dagbag.py:538} INFO - Filling up the DagBag from /opt/airflow/dags/eda_airflow.py
[2025-07-19T15:00:43.344+0000] {processor.py:840} INFO - DAG(s) 'launch_streamlit_dashboard' retrieved from /opt/airflow/dags/eda_airflow.py
[2025-07-19T15:00:43.367+0000] {logging_mixin.py:188} INFO - [2025-07-19T15:00:43.367+0000] {dag.py:3036} INFO - Sync 1 DAGs
[2025-07-19T15:00:43.381+0000] {logging_mixin.py:188} INFO - [2025-07-19T15:00:43.381+0000] {dag.py:3823} INFO - Setting next_dagrun for launch_streamlit_dashboard to None, run_after=None
[2025-07-19T15:00:43.402+0000] {processor.py:183} INFO - Processing /opt/airflow/dags/eda_airflow.py took 0.075 seconds
[2025-07-19T15:01:13.910+0000] {processor.py:161} INFO - Started process (PID=9560) to work on /opt/airflow/dags/eda_airflow.py
[2025-07-19T15:01:13.911+0000] {processor.py:830} INFO - Processing file /opt/airflow/dags/eda_airflow.py for tasks to queue
[2025-07-19T15:01:13.911+0000] {logging_mixin.py:188} INFO - [2025-07-19T15:01:13.911+0000] {dagbag.py:538} INFO - Filling up the DagBag from /opt/airflow/dags/eda_airflow.py
[2025-07-19T15:01:13.921+0000] {processor.py:840} INFO - DAG(s) 'launch_streamlit_dashboard' retrieved from /opt/airflow/dags/eda_airflow.py
[2025-07-19T15:01:14.017+0000] {logging_mixin.py:188} INFO - [2025-07-19T15:01:14.017+0000] {dag.py:3036} INFO - Sync 1 DAGs
[2025-07-19T15:01:14.027+0000] {logging_mixin.py:188} INFO - [2025-07-19T15:01:14.026+0000] {dag.py:3823} INFO - Setting next_dagrun for launch_streamlit_dashboard to None, run_after=None
[2025-07-19T15:01:14.049+0000] {processor.py:183} INFO - Processing /opt/airflow/dags/eda_airflow.py took 0.143 seconds
[2025-07-19T15:01:44.457+0000] {processor.py:161} INFO - Started process (PID=9595) to work on /opt/airflow/dags/eda_airflow.py
[2025-07-19T15:01:44.458+0000] {processor.py:830} INFO - Processing file /opt/airflow/dags/eda_airflow.py for tasks to queue
[2025-07-19T15:01:44.459+0000] {logging_mixin.py:188} INFO - [2025-07-19T15:01:44.458+0000] {dagbag.py:538} INFO - Filling up the DagBag from /opt/airflow/dags/eda_airflow.py
[2025-07-19T15:01:44.469+0000] {processor.py:840} INFO - DAG(s) 'launch_streamlit_dashboard' retrieved from /opt/airflow/dags/eda_airflow.py
[2025-07-19T15:01:44.492+0000] {logging_mixin.py:188} INFO - [2025-07-19T15:01:44.492+0000] {dag.py:3036} INFO - Sync 1 DAGs
[2025-07-19T15:01:44.504+0000] {logging_mixin.py:188} INFO - [2025-07-19T15:01:44.504+0000] {dag.py:3823} INFO - Setting next_dagrun for launch_streamlit_dashboard to None, run_after=None
[2025-07-19T15:01:44.525+0000] {processor.py:183} INFO - Processing /opt/airflow/dags/eda_airflow.py took 0.071 seconds
[2025-07-19T15:02:15.058+0000] {processor.py:161} INFO - Started process (PID=9630) to work on /opt/airflow/dags/eda_airflow.py
[2025-07-19T15:02:15.058+0000] {processor.py:830} INFO - Processing file /opt/airflow/dags/eda_airflow.py for tasks to queue
[2025-07-19T15:02:15.060+0000] {logging_mixin.py:188} INFO - [2025-07-19T15:02:15.060+0000] {dagbag.py:538} INFO - Filling up the DagBag from /opt/airflow/dags/eda_airflow.py
[2025-07-19T15:02:15.070+0000] {processor.py:840} INFO - DAG(s) 'launch_streamlit_dashboard' retrieved from /opt/airflow/dags/eda_airflow.py
[2025-07-19T15:02:15.166+0000] {logging_mixin.py:188} INFO - [2025-07-19T15:02:15.166+0000] {dag.py:3036} INFO - Sync 1 DAGs
[2025-07-19T15:02:15.176+0000] {logging_mixin.py:188} INFO - [2025-07-19T15:02:15.175+0000] {dag.py:3823} INFO - Setting next_dagrun for launch_streamlit_dashboard to None, run_after=None
[2025-07-19T15:02:15.194+0000] {processor.py:183} INFO - Processing /opt/airflow/dags/eda_airflow.py took 0.140 seconds
[2025-07-19T15:02:45.693+0000] {processor.py:161} INFO - Started process (PID=9665) to work on /opt/airflow/dags/eda_airflow.py
[2025-07-19T15:02:45.694+0000] {processor.py:830} INFO - Processing file /opt/airflow/dags/eda_airflow.py for tasks to queue
[2025-07-19T15:02:45.695+0000] {logging_mixin.py:188} INFO - [2025-07-19T15:02:45.695+0000] {dagbag.py:538} INFO - Filling up the DagBag from /opt/airflow/dags/eda_airflow.py
[2025-07-19T15:02:45.705+0000] {processor.py:840} INFO - DAG(s) 'launch_streamlit_dashboard' retrieved from /opt/airflow/dags/eda_airflow.py
[2025-07-19T15:02:45.729+0000] {logging_mixin.py:188} INFO - [2025-07-19T15:02:45.729+0000] {dag.py:3036} INFO - Sync 1 DAGs
[2025-07-19T15:02:45.742+0000] {logging_mixin.py:188} INFO - [2025-07-19T15:02:45.742+0000] {dag.py:3823} INFO - Setting next_dagrun for launch_streamlit_dashboard to None, run_after=None
[2025-07-19T15:02:45.763+0000] {processor.py:183} INFO - Processing /opt/airflow/dags/eda_airflow.py took 0.075 seconds
[2025-07-19T15:03:16.356+0000] {processor.py:161} INFO - Started process (PID=9700) to work on /opt/airflow/dags/eda_airflow.py
[2025-07-19T15:03:16.357+0000] {processor.py:830} INFO - Processing file /opt/airflow/dags/eda_airflow.py for tasks to queue
[2025-07-19T15:03:16.358+0000] {logging_mixin.py:188} INFO - [2025-07-19T15:03:16.357+0000] {dagbag.py:538} INFO - Filling up the DagBag from /opt/airflow/dags/eda_airflow.py
[2025-07-19T15:03:16.369+0000] {processor.py:840} INFO - DAG(s) 'launch_streamlit_dashboard' retrieved from /opt/airflow/dags/eda_airflow.py
[2025-07-19T15:03:16.464+0000] {logging_mixin.py:188} INFO - [2025-07-19T15:03:16.463+0000] {dag.py:3036} INFO - Sync 1 DAGs
[2025-07-19T15:03:16.473+0000] {logging_mixin.py:188} INFO - [2025-07-19T15:03:16.473+0000] {dag.py:3823} INFO - Setting next_dagrun for launch_streamlit_dashboard to None, run_after=None
[2025-07-19T15:03:16.493+0000] {processor.py:183} INFO - Processing /opt/airflow/dags/eda_airflow.py took 0.139 seconds
[2025-07-19T15:03:46.904+0000] {processor.py:161} INFO - Started process (PID=9735) to work on /opt/airflow/dags/eda_airflow.py
[2025-07-19T15:03:46.905+0000] {processor.py:830} INFO - Processing file /opt/airflow/dags/eda_airflow.py for tasks to queue
[2025-07-19T15:03:46.906+0000] {logging_mixin.py:188} INFO - [2025-07-19T15:03:46.906+0000] {dagbag.py:538} INFO - Filling up the DagBag from /opt/airflow/dags/eda_airflow.py
[2025-07-19T15:03:46.918+0000] {processor.py:840} INFO - DAG(s) 'launch_streamlit_dashboard' retrieved from /opt/airflow/dags/eda_airflow.py
[2025-07-19T15:03:46.941+0000] {logging_mixin.py:188} INFO - [2025-07-19T15:03:46.940+0000] {dag.py:3036} INFO - Sync 1 DAGs
[2025-07-19T15:03:46.953+0000] {logging_mixin.py:188} INFO - [2025-07-19T15:03:46.952+0000] {dag.py:3823} INFO - Setting next_dagrun for launch_streamlit_dashboard to None, run_after=None
[2025-07-19T15:03:46.972+0000] {processor.py:183} INFO - Processing /opt/airflow/dags/eda_airflow.py took 0.072 seconds
[2025-07-19T15:04:17.464+0000] {processor.py:161} INFO - Started process (PID=9770) to work on /opt/airflow/dags/eda_airflow.py
[2025-07-19T15:04:17.465+0000] {processor.py:830} INFO - Processing file /opt/airflow/dags/eda_airflow.py for tasks to queue
[2025-07-19T15:04:17.466+0000] {logging_mixin.py:188} INFO - [2025-07-19T15:04:17.466+0000] {dagbag.py:538} INFO - Filling up the DagBag from /opt/airflow/dags/eda_airflow.py
[2025-07-19T15:04:17.477+0000] {processor.py:840} INFO - DAG(s) 'launch_streamlit_dashboard' retrieved from /opt/airflow/dags/eda_airflow.py
[2025-07-19T15:04:17.573+0000] {logging_mixin.py:188} INFO - [2025-07-19T15:04:17.573+0000] {dag.py:3036} INFO - Sync 1 DAGs
[2025-07-19T15:04:17.582+0000] {logging_mixin.py:188} INFO - [2025-07-19T15:04:17.582+0000] {dag.py:3823} INFO - Setting next_dagrun for launch_streamlit_dashboard to None, run_after=None
[2025-07-19T15:04:17.603+0000] {processor.py:183} INFO - Processing /opt/airflow/dags/eda_airflow.py took 0.141 seconds
[2025-07-19T15:04:48.097+0000] {processor.py:161} INFO - Started process (PID=9805) to work on /opt/airflow/dags/eda_airflow.py
[2025-07-19T15:04:48.098+0000] {processor.py:830} INFO - Processing file /opt/airflow/dags/eda_airflow.py for tasks to queue
[2025-07-19T15:04:48.100+0000] {logging_mixin.py:188} INFO - [2025-07-19T15:04:48.099+0000] {dagbag.py:538} INFO - Filling up the DagBag from /opt/airflow/dags/eda_airflow.py
[2025-07-19T15:04:48.109+0000] {processor.py:840} INFO - DAG(s) 'launch_streamlit_dashboard' retrieved from /opt/airflow/dags/eda_airflow.py
[2025-07-19T15:04:48.132+0000] {logging_mixin.py:188} INFO - [2025-07-19T15:04:48.131+0000] {dag.py:3036} INFO - Sync 1 DAGs
[2025-07-19T15:04:48.143+0000] {logging_mixin.py:188} INFO - [2025-07-19T15:04:48.142+0000] {dag.py:3823} INFO - Setting next_dagrun for launch_streamlit_dashboard to None, run_after=None
[2025-07-19T15:04:48.163+0000] {processor.py:183} INFO - Processing /opt/airflow/dags/eda_airflow.py took 0.069 seconds
[2025-07-19T15:05:18.670+0000] {processor.py:161} INFO - Started process (PID=9840) to work on /opt/airflow/dags/eda_airflow.py
[2025-07-19T15:05:18.671+0000] {processor.py:830} INFO - Processing file /opt/airflow/dags/eda_airflow.py for tasks to queue
[2025-07-19T15:05:18.672+0000] {logging_mixin.py:188} INFO - [2025-07-19T15:05:18.672+0000] {dagbag.py:538} INFO - Filling up the DagBag from /opt/airflow/dags/eda_airflow.py
[2025-07-19T15:05:18.682+0000] {processor.py:840} INFO - DAG(s) 'launch_streamlit_dashboard' retrieved from /opt/airflow/dags/eda_airflow.py
[2025-07-19T15:05:18.776+0000] {logging_mixin.py:188} INFO - [2025-07-19T15:05:18.776+0000] {dag.py:3036} INFO - Sync 1 DAGs
[2025-07-19T15:05:18.786+0000] {logging_mixin.py:188} INFO - [2025-07-19T15:05:18.786+0000] {dag.py:3823} INFO - Setting next_dagrun for launch_streamlit_dashboard to None, run_after=None
[2025-07-19T15:05:18.807+0000] {processor.py:183} INFO - Processing /opt/airflow/dags/eda_airflow.py took 0.139 seconds
[2025-07-19T15:05:49.232+0000] {processor.py:161} INFO - Started process (PID=9875) to work on /opt/airflow/dags/eda_airflow.py
[2025-07-19T15:05:49.233+0000] {processor.py:830} INFO - Processing file /opt/airflow/dags/eda_airflow.py for tasks to queue
[2025-07-19T15:05:49.235+0000] {logging_mixin.py:188} INFO - [2025-07-19T15:05:49.234+0000] {dagbag.py:538} INFO - Filling up the DagBag from /opt/airflow/dags/eda_airflow.py
[2025-07-19T15:05:49.244+0000] {processor.py:840} INFO - DAG(s) 'launch_streamlit_dashboard' retrieved from /opt/airflow/dags/eda_airflow.py
[2025-07-19T15:05:49.268+0000] {logging_mixin.py:188} INFO - [2025-07-19T15:05:49.268+0000] {dag.py:3036} INFO - Sync 1 DAGs
[2025-07-19T15:05:49.281+0000] {logging_mixin.py:188} INFO - [2025-07-19T15:05:49.281+0000] {dag.py:3823} INFO - Setting next_dagrun for launch_streamlit_dashboard to None, run_after=None
[2025-07-19T15:05:49.298+0000] {processor.py:183} INFO - Processing /opt/airflow/dags/eda_airflow.py took 0.070 seconds
[2025-07-19T15:06:19.783+0000] {processor.py:161} INFO - Started process (PID=9910) to work on /opt/airflow/dags/eda_airflow.py
[2025-07-19T15:06:19.784+0000] {processor.py:830} INFO - Processing file /opt/airflow/dags/eda_airflow.py for tasks to queue
[2025-07-19T15:06:19.785+0000] {logging_mixin.py:188} INFO - [2025-07-19T15:06:19.785+0000] {dagbag.py:538} INFO - Filling up the DagBag from /opt/airflow/dags/eda_airflow.py
[2025-07-19T15:06:19.796+0000] {processor.py:840} INFO - DAG(s) 'launch_streamlit_dashboard' retrieved from /opt/airflow/dags/eda_airflow.py
[2025-07-19T15:06:19.896+0000] {logging_mixin.py:188} INFO - [2025-07-19T15:06:19.896+0000] {dag.py:3036} INFO - Sync 1 DAGs
[2025-07-19T15:06:19.907+0000] {logging_mixin.py:188} INFO - [2025-07-19T15:06:19.906+0000] {dag.py:3823} INFO - Setting next_dagrun for launch_streamlit_dashboard to None, run_after=None
[2025-07-19T15:06:19.928+0000] {processor.py:183} INFO - Processing /opt/airflow/dags/eda_airflow.py took 0.147 seconds
[2025-07-19T15:06:50.334+0000] {processor.py:161} INFO - Started process (PID=9945) to work on /opt/airflow/dags/eda_airflow.py
[2025-07-19T15:06:50.334+0000] {processor.py:830} INFO - Processing file /opt/airflow/dags/eda_airflow.py for tasks to queue
[2025-07-19T15:06:50.335+0000] {logging_mixin.py:188} INFO - [2025-07-19T15:06:50.335+0000] {dagbag.py:538} INFO - Filling up the DagBag from /opt/airflow/dags/eda_airflow.py
[2025-07-19T15:06:50.346+0000] {processor.py:840} INFO - DAG(s) 'launch_streamlit_dashboard' retrieved from /opt/airflow/dags/eda_airflow.py
[2025-07-19T15:06:50.369+0000] {logging_mixin.py:188} INFO - [2025-07-19T15:06:50.369+0000] {dag.py:3036} INFO - Sync 1 DAGs
[2025-07-19T15:06:50.380+0000] {logging_mixin.py:188} INFO - [2025-07-19T15:06:50.380+0000] {dag.py:3823} INFO - Setting next_dagrun for launch_streamlit_dashboard to None, run_after=None
[2025-07-19T15:06:50.403+0000] {processor.py:183} INFO - Processing /opt/airflow/dags/eda_airflow.py took 0.073 seconds
[2025-07-19T15:07:20.805+0000] {processor.py:161} INFO - Started process (PID=9977) to work on /opt/airflow/dags/eda_airflow.py
[2025-07-19T15:07:20.806+0000] {processor.py:830} INFO - Processing file /opt/airflow/dags/eda_airflow.py for tasks to queue
[2025-07-19T15:07:20.807+0000] {logging_mixin.py:188} INFO - [2025-07-19T15:07:20.807+0000] {dagbag.py:538} INFO - Filling up the DagBag from /opt/airflow/dags/eda_airflow.py
[2025-07-19T15:07:20.816+0000] {processor.py:840} INFO - DAG(s) 'launch_streamlit_dashboard' retrieved from /opt/airflow/dags/eda_airflow.py
[2025-07-19T15:07:20.906+0000] {logging_mixin.py:188} INFO - [2025-07-19T15:07:20.906+0000] {dag.py:3036} INFO - Sync 1 DAGs
[2025-07-19T15:07:20.915+0000] {logging_mixin.py:188} INFO - [2025-07-19T15:07:20.915+0000] {dag.py:3823} INFO - Setting next_dagrun for launch_streamlit_dashboard to None, run_after=None
[2025-07-19T15:07:20.936+0000] {processor.py:183} INFO - Processing /opt/airflow/dags/eda_airflow.py took 0.134 seconds
[2025-07-19T15:07:51.457+0000] {processor.py:161} INFO - Started process (PID=10012) to work on /opt/airflow/dags/eda_airflow.py
[2025-07-19T15:07:51.458+0000] {processor.py:830} INFO - Processing file /opt/airflow/dags/eda_airflow.py for tasks to queue
[2025-07-19T15:07:51.459+0000] {logging_mixin.py:188} INFO - [2025-07-19T15:07:51.459+0000] {dagbag.py:538} INFO - Filling up the DagBag from /opt/airflow/dags/eda_airflow.py
[2025-07-19T15:07:51.469+0000] {processor.py:840} INFO - DAG(s) 'launch_streamlit_dashboard' retrieved from /opt/airflow/dags/eda_airflow.py
[2025-07-19T15:07:51.491+0000] {logging_mixin.py:188} INFO - [2025-07-19T15:07:51.491+0000] {dag.py:3036} INFO - Sync 1 DAGs
[2025-07-19T15:07:51.502+0000] {logging_mixin.py:188} INFO - [2025-07-19T15:07:51.501+0000] {dag.py:3823} INFO - Setting next_dagrun for launch_streamlit_dashboard to None, run_after=None
[2025-07-19T15:07:51.523+0000] {processor.py:183} INFO - Processing /opt/airflow/dags/eda_airflow.py took 0.069 seconds
[2025-07-19T15:08:22.165+0000] {processor.py:161} INFO - Started process (PID=10047) to work on /opt/airflow/dags/eda_airflow.py
[2025-07-19T15:08:22.166+0000] {processor.py:830} INFO - Processing file /opt/airflow/dags/eda_airflow.py for tasks to queue
[2025-07-19T15:08:22.167+0000] {logging_mixin.py:188} INFO - [2025-07-19T15:08:22.166+0000] {dagbag.py:538} INFO - Filling up the DagBag from /opt/airflow/dags/eda_airflow.py
[2025-07-19T15:08:22.178+0000] {processor.py:840} INFO - DAG(s) 'launch_streamlit_dashboard' retrieved from /opt/airflow/dags/eda_airflow.py
[2025-07-19T15:08:22.188+0000] {logging_mixin.py:188} INFO - [2025-07-19T15:08:22.187+0000] {dag.py:3036} INFO - Sync 1 DAGs
[2025-07-19T15:08:22.200+0000] {logging_mixin.py:188} INFO - [2025-07-19T15:08:22.200+0000] {dag.py:3823} INFO - Setting next_dagrun for launch_streamlit_dashboard to None, run_after=None
[2025-07-19T15:08:22.223+0000] {processor.py:183} INFO - Processing /opt/airflow/dags/eda_airflow.py took 0.061 seconds
[2025-07-19T15:08:52.712+0000] {processor.py:161} INFO - Started process (PID=10082) to work on /opt/airflow/dags/eda_airflow.py
[2025-07-19T15:08:52.713+0000] {processor.py:830} INFO - Processing file /opt/airflow/dags/eda_airflow.py for tasks to queue
[2025-07-19T15:08:52.714+0000] {logging_mixin.py:188} INFO - [2025-07-19T15:08:52.713+0000] {dagbag.py:538} INFO - Filling up the DagBag from /opt/airflow/dags/eda_airflow.py
[2025-07-19T15:08:52.723+0000] {processor.py:840} INFO - DAG(s) 'launch_streamlit_dashboard' retrieved from /opt/airflow/dags/eda_airflow.py
[2025-07-19T15:08:52.813+0000] {logging_mixin.py:188} INFO - [2025-07-19T15:08:52.813+0000] {dag.py:3036} INFO - Sync 1 DAGs
[2025-07-19T15:08:52.822+0000] {logging_mixin.py:188} INFO - [2025-07-19T15:08:52.822+0000] {dag.py:3823} INFO - Setting next_dagrun for launch_streamlit_dashboard to None, run_after=None
[2025-07-19T15:08:52.841+0000] {processor.py:183} INFO - Processing /opt/airflow/dags/eda_airflow.py took 0.132 seconds
[2025-07-19T15:24:09.864+0000] {processor.py:161} INFO - Started process (PID=10147) to work on /opt/airflow/dags/eda_airflow.py
[2025-07-19T15:24:09.865+0000] {processor.py:830} INFO - Processing file /opt/airflow/dags/eda_airflow.py for tasks to queue
[2025-07-19T15:24:09.866+0000] {logging_mixin.py:188} INFO - [2025-07-19T15:24:09.866+0000] {dagbag.py:538} INFO - Filling up the DagBag from /opt/airflow/dags/eda_airflow.py
[2025-07-19T15:24:09.878+0000] {processor.py:840} INFO - DAG(s) 'launch_streamlit_dashboard' retrieved from /opt/airflow/dags/eda_airflow.py
[2025-07-19T15:24:09.889+0000] {logging_mixin.py:188} INFO - [2025-07-19T15:24:09.889+0000] {dag.py:3036} INFO - Sync 1 DAGs
[2025-07-19T15:24:09.902+0000] {logging_mixin.py:188} INFO - [2025-07-19T15:24:09.902+0000] {dag.py:3823} INFO - Setting next_dagrun for launch_streamlit_dashboard to None, run_after=None
[2025-07-19T15:24:10.401+0000] {processor.py:183} INFO - Processing /opt/airflow/dags/eda_airflow.py took 0.540 seconds
[2025-07-19T15:28:34.561+0000] {processor.py:161} INFO - Started process (PID=10190) to work on /opt/airflow/dags/eda_airflow.py
[2025-07-19T15:28:34.563+0000] {processor.py:830} INFO - Processing file /opt/airflow/dags/eda_airflow.py for tasks to queue
[2025-07-19T15:28:34.563+0000] {logging_mixin.py:188} INFO - [2025-07-19T15:28:34.563+0000] {dagbag.py:538} INFO - Filling up the DagBag from /opt/airflow/dags/eda_airflow.py
[2025-07-19T15:28:34.574+0000] {processor.py:840} INFO - DAG(s) 'launch_streamlit_dashboard' retrieved from /opt/airflow/dags/eda_airflow.py
[2025-07-19T15:31:17.186+0000] {processor.py:161} INFO - Started process (PID=10232) to work on /opt/airflow/dags/eda_airflow.py
[2025-07-19T15:31:17.226+0000] {processor.py:830} INFO - Processing file /opt/airflow/dags/eda_airflow.py for tasks to queue
[2025-07-19T15:31:17.305+0000] {logging_mixin.py:188} INFO - [2025-07-19T15:31:17.305+0000] {dagbag.py:538} INFO - Filling up the DagBag from /opt/airflow/dags/eda_airflow.py
[2025-07-19T15:31:20.181+0000] {processor.py:840} INFO - DAG(s) 'launch_streamlit_dashboard' retrieved from /opt/airflow/dags/eda_airflow.py
[2025-07-19T15:37:06.261+0000] {processor.py:161} INFO - Started process (PID=10272) to work on /opt/airflow/dags/eda_airflow.py
[2025-07-19T15:37:06.263+0000] {processor.py:830} INFO - Processing file /opt/airflow/dags/eda_airflow.py for tasks to queue
[2025-07-19T15:37:06.265+0000] {logging_mixin.py:188} INFO - [2025-07-19T15:37:06.265+0000] {dagbag.py:538} INFO - Filling up the DagBag from /opt/airflow/dags/eda_airflow.py
[2025-07-19T15:37:06.833+0000] {processor.py:840} INFO - DAG(s) 'launch_streamlit_dashboard' retrieved from /opt/airflow/dags/eda_airflow.py
[2025-07-19T15:37:06.981+0000] {logging_mixin.py:188} INFO - [2025-07-19T15:37:06.981+0000] {dag.py:3036} INFO - Sync 1 DAGs
[2025-07-19T15:37:06.992+0000] {logging_mixin.py:188} INFO - [2025-07-19T15:37:06.992+0000] {dag.py:3823} INFO - Setting next_dagrun for launch_streamlit_dashboard to None, run_after=None
[2025-07-19T15:37:07.015+0000] {processor.py:183} INFO - Processing /opt/airflow/dags/eda_airflow.py took 0.759 seconds
[2025-07-19T15:37:37.636+0000] {processor.py:161} INFO - Started process (PID=10305) to work on /opt/airflow/dags/eda_airflow.py
[2025-07-19T15:37:37.637+0000] {processor.py:830} INFO - Processing file /opt/airflow/dags/eda_airflow.py for tasks to queue
[2025-07-19T15:37:37.638+0000] {logging_mixin.py:188} INFO - [2025-07-19T15:37:37.638+0000] {dagbag.py:538} INFO - Filling up the DagBag from /opt/airflow/dags/eda_airflow.py
[2025-07-19T15:37:37.649+0000] {processor.py:840} INFO - DAG(s) 'launch_streamlit_dashboard' retrieved from /opt/airflow/dags/eda_airflow.py
[2025-07-19T15:37:37.661+0000] {logging_mixin.py:188} INFO - [2025-07-19T15:37:37.661+0000] {dag.py:3036} INFO - Sync 1 DAGs
[2025-07-19T15:37:37.676+0000] {logging_mixin.py:188} INFO - [2025-07-19T15:37:37.675+0000] {dag.py:3823} INFO - Setting next_dagrun for launch_streamlit_dashboard to None, run_after=None
[2025-07-19T15:37:37.713+0000] {processor.py:183} INFO - Processing /opt/airflow/dags/eda_airflow.py took 0.081 seconds
[2025-07-19T15:38:08.329+0000] {processor.py:161} INFO - Started process (PID=10339) to work on /opt/airflow/dags/eda_airflow.py
[2025-07-19T15:38:08.330+0000] {processor.py:830} INFO - Processing file /opt/airflow/dags/eda_airflow.py for tasks to queue
[2025-07-19T15:38:08.331+0000] {logging_mixin.py:188} INFO - [2025-07-19T15:38:08.331+0000] {dagbag.py:538} INFO - Filling up the DagBag from /opt/airflow/dags/eda_airflow.py
[2025-07-19T15:38:08.341+0000] {processor.py:840} INFO - DAG(s) 'launch_streamlit_dashboard' retrieved from /opt/airflow/dags/eda_airflow.py
[2025-07-19T15:38:08.525+0000] {logging_mixin.py:188} INFO - [2025-07-19T15:38:08.525+0000] {dag.py:3036} INFO - Sync 1 DAGs
[2025-07-19T15:38:08.536+0000] {logging_mixin.py:188} INFO - [2025-07-19T15:38:08.536+0000] {dag.py:3823} INFO - Setting next_dagrun for launch_streamlit_dashboard to None, run_after=None
[2025-07-19T15:38:08.563+0000] {processor.py:183} INFO - Processing /opt/airflow/dags/eda_airflow.py took 0.238 seconds
[2025-07-19T15:38:40.045+0000] {processor.py:161} INFO - Started process (PID=10377) to work on /opt/airflow/dags/eda_airflow.py
[2025-07-19T15:38:40.046+0000] {processor.py:830} INFO - Processing file /opt/airflow/dags/eda_airflow.py for tasks to queue
[2025-07-19T15:38:40.047+0000] {logging_mixin.py:188} INFO - [2025-07-19T15:38:40.047+0000] {dagbag.py:538} INFO - Filling up the DagBag from /opt/airflow/dags/eda_airflow.py
[2025-07-19T15:38:40.057+0000] {processor.py:840} INFO - DAG(s) 'launch_streamlit_dashboard' retrieved from /opt/airflow/dags/eda_airflow.py
[2025-07-19T15:38:40.069+0000] {logging_mixin.py:188} INFO - [2025-07-19T15:38:40.069+0000] {dag.py:3036} INFO - Sync 1 DAGs
[2025-07-19T15:38:40.083+0000] {logging_mixin.py:188} INFO - [2025-07-19T15:38:40.083+0000] {dag.py:3823} INFO - Setting next_dagrun for launch_streamlit_dashboard to None, run_after=None
[2025-07-19T15:38:40.108+0000] {processor.py:183} INFO - Processing /opt/airflow/dags/eda_airflow.py took 0.066 seconds
[2025-07-19T15:39:10.458+0000] {processor.py:161} INFO - Started process (PID=10410) to work on /opt/airflow/dags/eda_airflow.py
[2025-07-19T15:39:10.459+0000] {processor.py:830} INFO - Processing file /opt/airflow/dags/eda_airflow.py for tasks to queue
[2025-07-19T15:39:10.460+0000] {logging_mixin.py:188} INFO - [2025-07-19T15:39:10.460+0000] {dagbag.py:538} INFO - Filling up the DagBag from /opt/airflow/dags/eda_airflow.py
[2025-07-19T15:39:10.480+0000] {processor.py:840} INFO - DAG(s) 'launch_streamlit_dashboard' retrieved from /opt/airflow/dags/eda_airflow.py
[2025-07-19T15:39:10.598+0000] {logging_mixin.py:188} INFO - [2025-07-19T15:39:10.598+0000] {dag.py:3036} INFO - Sync 1 DAGs
[2025-07-19T15:39:10.626+0000] {logging_mixin.py:188} INFO - [2025-07-19T15:39:10.626+0000] {dag.py:3823} INFO - Setting next_dagrun for launch_streamlit_dashboard to None, run_after=None
[2025-07-19T15:39:10.960+0000] {processor.py:183} INFO - Processing /opt/airflow/dags/eda_airflow.py took 0.505 seconds
[2025-07-19T15:39:41.180+0000] {processor.py:161} INFO - Started process (PID=10447) to work on /opt/airflow/dags/eda_airflow.py
[2025-07-19T15:39:41.181+0000] {processor.py:830} INFO - Processing file /opt/airflow/dags/eda_airflow.py for tasks to queue
[2025-07-19T15:39:41.182+0000] {logging_mixin.py:188} INFO - [2025-07-19T15:39:41.182+0000] {dagbag.py:538} INFO - Filling up the DagBag from /opt/airflow/dags/eda_airflow.py
[2025-07-19T15:39:41.212+0000] {processor.py:840} INFO - DAG(s) 'launch_streamlit_dashboard' retrieved from /opt/airflow/dags/eda_airflow.py
[2025-07-19T15:39:41.239+0000] {logging_mixin.py:188} INFO - [2025-07-19T15:39:41.239+0000] {dag.py:3036} INFO - Sync 1 DAGs
[2025-07-19T15:39:41.252+0000] {logging_mixin.py:188} INFO - [2025-07-19T15:39:41.252+0000] {dag.py:3823} INFO - Setting next_dagrun for launch_streamlit_dashboard to None, run_after=None
[2025-07-19T15:39:41.318+0000] {processor.py:183} INFO - Processing /opt/airflow/dags/eda_airflow.py took 0.141 seconds
[2025-07-19T15:40:12.391+0000] {processor.py:161} INFO - Started process (PID=10487) to work on /opt/airflow/dags/eda_airflow.py
[2025-07-19T15:40:12.392+0000] {processor.py:830} INFO - Processing file /opt/airflow/dags/eda_airflow.py for tasks to queue
[2025-07-19T15:40:12.394+0000] {logging_mixin.py:188} INFO - [2025-07-19T15:40:12.393+0000] {dagbag.py:538} INFO - Filling up the DagBag from /opt/airflow/dags/eda_airflow.py
[2025-07-19T15:40:12.404+0000] {processor.py:840} INFO - DAG(s) 'launch_streamlit_dashboard' retrieved from /opt/airflow/dags/eda_airflow.py
[2025-07-19T15:40:12.416+0000] {logging_mixin.py:188} INFO - [2025-07-19T15:40:12.415+0000] {dag.py:3036} INFO - Sync 1 DAGs
[2025-07-19T15:40:12.428+0000] {logging_mixin.py:188} INFO - [2025-07-19T15:40:12.428+0000] {dag.py:3823} INFO - Setting next_dagrun for launch_streamlit_dashboard to None, run_after=None
[2025-07-19T15:40:12.454+0000] {processor.py:183} INFO - Processing /opt/airflow/dags/eda_airflow.py took 0.066 seconds
[2025-07-19T15:40:43.689+0000] {processor.py:161} INFO - Started process (PID=10522) to work on /opt/airflow/dags/eda_airflow.py
[2025-07-19T15:40:43.690+0000] {processor.py:830} INFO - Processing file /opt/airflow/dags/eda_airflow.py for tasks to queue
[2025-07-19T15:40:43.733+0000] {logging_mixin.py:188} INFO - [2025-07-19T15:40:43.691+0000] {dagbag.py:538} INFO - Filling up the DagBag from /opt/airflow/dags/eda_airflow.py
[2025-07-19T15:40:50.236+0000] {processor.py:840} INFO - DAG(s) 'launch_streamlit_dashboard' retrieved from /opt/airflow/dags/eda_airflow.py
[2025-07-19T15:40:56.782+0000] {logging_mixin.py:188} INFO - [2025-07-19T15:40:56.782+0000] {dag.py:3036} INFO - Sync 1 DAGs
[2025-07-19T15:40:57.706+0000] {logging_mixin.py:188} INFO - [2025-07-19T15:40:57.706+0000] {dag.py:3823} INFO - Setting next_dagrun for launch_streamlit_dashboard to None, run_after=None
[2025-07-19T15:40:58.616+0000] {processor.py:183} INFO - Processing /opt/airflow/dags/eda_airflow.py took 14.931 seconds
[2025-07-19T15:41:29.333+0000] {processor.py:161} INFO - Started process (PID=10559) to work on /opt/airflow/dags/eda_airflow.py
[2025-07-19T15:41:29.334+0000] {processor.py:830} INFO - Processing file /opt/airflow/dags/eda_airflow.py for tasks to queue
[2025-07-19T15:41:29.335+0000] {logging_mixin.py:188} INFO - [2025-07-19T15:41:29.335+0000] {dagbag.py:538} INFO - Filling up the DagBag from /opt/airflow/dags/eda_airflow.py
[2025-07-19T15:41:29.352+0000] {processor.py:840} INFO - DAG(s) 'launch_streamlit_dashboard' retrieved from /opt/airflow/dags/eda_airflow.py
[2025-07-19T15:41:29.544+0000] {logging_mixin.py:188} INFO - [2025-07-19T15:41:29.544+0000] {dag.py:3036} INFO - Sync 1 DAGs
[2025-07-19T15:41:29.558+0000] {logging_mixin.py:188} INFO - [2025-07-19T15:41:29.558+0000] {dag.py:3823} INFO - Setting next_dagrun for launch_streamlit_dashboard to None, run_after=None
[2025-07-19T15:41:29.692+0000] {processor.py:183} INFO - Processing /opt/airflow/dags/eda_airflow.py took 0.362 seconds
[2025-07-19T15:42:00.876+0000] {processor.py:161} INFO - Started process (PID=10605) to work on /opt/airflow/dags/eda_airflow.py
[2025-07-19T15:42:00.877+0000] {processor.py:830} INFO - Processing file /opt/airflow/dags/eda_airflow.py for tasks to queue
[2025-07-19T15:42:00.878+0000] {logging_mixin.py:188} INFO - [2025-07-19T15:42:00.878+0000] {dagbag.py:538} INFO - Filling up the DagBag from /opt/airflow/dags/eda_airflow.py
[2025-07-19T15:42:00.889+0000] {processor.py:840} INFO - DAG(s) 'launch_streamlit_dashboard' retrieved from /opt/airflow/dags/eda_airflow.py
[2025-07-19T15:42:00.899+0000] {logging_mixin.py:188} INFO - [2025-07-19T15:42:00.898+0000] {dag.py:3036} INFO - Sync 1 DAGs
[2025-07-19T15:42:00.911+0000] {logging_mixin.py:188} INFO - [2025-07-19T15:42:00.911+0000] {dag.py:3823} INFO - Setting next_dagrun for launch_streamlit_dashboard to None, run_after=None
[2025-07-19T15:42:01.022+0000] {processor.py:183} INFO - Processing /opt/airflow/dags/eda_airflow.py took 0.149 seconds
[2025-07-19T15:42:31.420+0000] {processor.py:161} INFO - Started process (PID=10682) to work on /opt/airflow/dags/eda_airflow.py
[2025-07-19T15:42:31.421+0000] {processor.py:830} INFO - Processing file /opt/airflow/dags/eda_airflow.py for tasks to queue
[2025-07-19T15:42:31.422+0000] {logging_mixin.py:188} INFO - [2025-07-19T15:42:31.422+0000] {dagbag.py:538} INFO - Filling up the DagBag from /opt/airflow/dags/eda_airflow.py
[2025-07-19T15:42:31.434+0000] {processor.py:840} INFO - DAG(s) 'launch_streamlit_dashboard' retrieved from /opt/airflow/dags/eda_airflow.py
[2025-07-19T15:42:31.557+0000] {logging_mixin.py:188} INFO - [2025-07-19T15:42:31.557+0000] {dag.py:3036} INFO - Sync 1 DAGs
[2025-07-19T15:42:31.571+0000] {logging_mixin.py:188} INFO - [2025-07-19T15:42:31.571+0000] {dag.py:3823} INFO - Setting next_dagrun for launch_streamlit_dashboard to None, run_after=None
[2025-07-19T15:42:31.644+0000] {processor.py:183} INFO - Processing /opt/airflow/dags/eda_airflow.py took 0.228 seconds
[2025-07-19T15:43:14.782+0000] {processor.py:161} INFO - Started process (PID=11059) to work on /opt/airflow/dags/eda_airflow.py
[2025-07-19T15:43:14.824+0000] {processor.py:830} INFO - Processing file /opt/airflow/dags/eda_airflow.py for tasks to queue
[2025-07-19T15:43:14.830+0000] {logging_mixin.py:188} INFO - [2025-07-19T15:43:14.829+0000] {dagbag.py:538} INFO - Filling up the DagBag from /opt/airflow/dags/eda_airflow.py
[2025-07-19T15:43:14.882+0000] {processor.py:840} INFO - DAG(s) 'launch_streamlit_dashboard' retrieved from /opt/airflow/dags/eda_airflow.py
[2025-07-19T15:43:15.086+0000] {logging_mixin.py:188} INFO - [2025-07-19T15:43:15.086+0000] {dag.py:3036} INFO - Sync 1 DAGs
[2025-07-19T15:43:15.317+0000] {logging_mixin.py:188} INFO - [2025-07-19T15:43:15.317+0000] {dag.py:3823} INFO - Setting next_dagrun for launch_streamlit_dashboard to None, run_after=None
[2025-07-19T15:43:15.914+0000] {processor.py:183} INFO - Processing /opt/airflow/dags/eda_airflow.py took 1.160 seconds
[2025-07-19T15:43:46.740+0000] {processor.py:161} INFO - Started process (PID=11572) to work on /opt/airflow/dags/eda_airflow.py
[2025-07-19T15:43:46.745+0000] {processor.py:830} INFO - Processing file /opt/airflow/dags/eda_airflow.py for tasks to queue
[2025-07-19T15:43:46.748+0000] {logging_mixin.py:188} INFO - [2025-07-19T15:43:46.747+0000] {dagbag.py:538} INFO - Filling up the DagBag from /opt/airflow/dags/eda_airflow.py
[2025-07-19T15:43:46.826+0000] {processor.py:840} INFO - DAG(s) 'launch_streamlit_dashboard' retrieved from /opt/airflow/dags/eda_airflow.py
[2025-07-19T15:43:48.279+0000] {logging_mixin.py:188} INFO - [2025-07-19T15:43:48.278+0000] {dag.py:3036} INFO - Sync 1 DAGs
[2025-07-19T15:43:48.439+0000] {logging_mixin.py:188} INFO - [2025-07-19T15:43:48.439+0000] {dag.py:3823} INFO - Setting next_dagrun for launch_streamlit_dashboard to None, run_after=None
[2025-07-19T15:43:49.173+0000] {processor.py:183} INFO - Processing /opt/airflow/dags/eda_airflow.py took 2.441 seconds
[2025-07-19T15:44:19.621+0000] {processor.py:161} INFO - Started process (PID=12479) to work on /opt/airflow/dags/eda_airflow.py
[2025-07-19T15:44:19.641+0000] {processor.py:830} INFO - Processing file /opt/airflow/dags/eda_airflow.py for tasks to queue
[2025-07-19T15:44:19.644+0000] {logging_mixin.py:188} INFO - [2025-07-19T15:44:19.644+0000] {dagbag.py:538} INFO - Filling up the DagBag from /opt/airflow/dags/eda_airflow.py
[2025-07-19T15:44:19.778+0000] {processor.py:840} INFO - DAG(s) 'launch_streamlit_dashboard' retrieved from /opt/airflow/dags/eda_airflow.py
[2025-07-19T15:44:19.898+0000] {logging_mixin.py:188} INFO - [2025-07-19T15:44:19.897+0000] {dag.py:3036} INFO - Sync 1 DAGs
[2025-07-19T15:44:19.924+0000] {logging_mixin.py:188} INFO - [2025-07-19T15:44:19.923+0000] {dag.py:3823} INFO - Setting next_dagrun for launch_streamlit_dashboard to None, run_after=None
[2025-07-19T15:44:20.120+0000] {processor.py:183} INFO - Processing /opt/airflow/dags/eda_airflow.py took 0.504 seconds
[2025-07-19T15:44:50.735+0000] {processor.py:161} INFO - Started process (PID=12879) to work on /opt/airflow/dags/eda_airflow.py
[2025-07-19T15:44:50.759+0000] {processor.py:830} INFO - Processing file /opt/airflow/dags/eda_airflow.py for tasks to queue
[2025-07-19T15:44:50.770+0000] {logging_mixin.py:188} INFO - [2025-07-19T15:44:50.769+0000] {dagbag.py:538} INFO - Filling up the DagBag from /opt/airflow/dags/eda_airflow.py
[2025-07-19T15:44:50.939+0000] {processor.py:840} INFO - DAG(s) 'launch_streamlit_dashboard' retrieved from /opt/airflow/dags/eda_airflow.py
[2025-07-19T15:44:51.050+0000] {logging_mixin.py:188} INFO - [2025-07-19T15:44:51.049+0000] {dag.py:3036} INFO - Sync 1 DAGs
[2025-07-19T15:44:51.252+0000] {logging_mixin.py:188} INFO - [2025-07-19T15:44:51.252+0000] {dag.py:3823} INFO - Setting next_dagrun for launch_streamlit_dashboard to None, run_after=None
[2025-07-19T15:44:51.473+0000] {processor.py:183} INFO - Processing /opt/airflow/dags/eda_airflow.py took 0.764 seconds
[2025-07-19T15:45:22.060+0000] {processor.py:161} INFO - Started process (PID=13114) to work on /opt/airflow/dags/eda_airflow.py
[2025-07-19T15:45:22.061+0000] {processor.py:830} INFO - Processing file /opt/airflow/dags/eda_airflow.py for tasks to queue
[2025-07-19T15:45:22.063+0000] {logging_mixin.py:188} INFO - [2025-07-19T15:45:22.062+0000] {dagbag.py:538} INFO - Filling up the DagBag from /opt/airflow/dags/eda_airflow.py
[2025-07-19T15:45:22.087+0000] {processor.py:840} INFO - DAG(s) 'launch_streamlit_dashboard' retrieved from /opt/airflow/dags/eda_airflow.py
[2025-07-19T15:45:22.358+0000] {logging_mixin.py:188} INFO - [2025-07-19T15:45:22.357+0000] {dag.py:3036} INFO - Sync 1 DAGs
[2025-07-19T15:45:22.407+0000] {logging_mixin.py:188} INFO - [2025-07-19T15:45:22.406+0000] {dag.py:3823} INFO - Setting next_dagrun for launch_streamlit_dashboard to None, run_after=None
[2025-07-19T15:45:22.467+0000] {processor.py:183} INFO - Processing /opt/airflow/dags/eda_airflow.py took 0.412 seconds
[2025-07-19T15:45:52.643+0000] {processor.py:161} INFO - Started process (PID=13149) to work on /opt/airflow/dags/eda_airflow.py
[2025-07-19T15:45:52.649+0000] {processor.py:830} INFO - Processing file /opt/airflow/dags/eda_airflow.py for tasks to queue
[2025-07-19T15:45:52.651+0000] {logging_mixin.py:188} INFO - [2025-07-19T15:45:52.651+0000] {dagbag.py:538} INFO - Filling up the DagBag from /opt/airflow/dags/eda_airflow.py
[2025-07-19T15:45:52.677+0000] {processor.py:840} INFO - DAG(s) 'launch_streamlit_dashboard' retrieved from /opt/airflow/dags/eda_airflow.py
[2025-07-19T15:45:52.747+0000] {logging_mixin.py:188} INFO - [2025-07-19T15:45:52.746+0000] {dag.py:3036} INFO - Sync 1 DAGs
[2025-07-19T15:45:52.785+0000] {logging_mixin.py:188} INFO - [2025-07-19T15:45:52.785+0000] {dag.py:3823} INFO - Setting next_dagrun for launch_streamlit_dashboard to None, run_after=None
[2025-07-19T15:45:52.834+0000] {processor.py:183} INFO - Processing /opt/airflow/dags/eda_airflow.py took 0.200 seconds
