[2025-07-19T09:20:32.877+0000] {processor.py:161} INFO - Started process (PID=8684) to work on /opt/airflow/dags/eda_airflow copy.py
[2025-07-19T09:20:32.878+0000] {processor.py:830} INFO - Processing file /opt/airflow/dags/eda_airflow copy.py for tasks to queue
[2025-07-19T09:20:32.879+0000] {logging_mixin.py:188} INFO - [2025-07-19T09:20:32.879+0000] {dagbag.py:538} INFO - Filling up the DagBag from /opt/airflow/dags/eda_airflow copy.py
[2025-07-19T09:20:32.943+0000] {processor.py:840} INFO - DAG(s) 'launch_streamlit_dashboard' retrieved from /opt/airflow/dags/eda_airflow copy.py
[2025-07-19T09:20:33.044+0000] {logging_mixin.py:188} INFO - [2025-07-19T09:20:33.043+0000] {dag.py:3036} INFO - Sync 1 DAGs
[2025-07-19T09:20:33.053+0000] {logging_mixin.py:188} INFO - [2025-07-19T09:20:33.052+0000] {dag.py:3823} INFO - Setting next_dagrun for launch_streamlit_dashboard to None, run_after=None
[2025-07-19T09:20:33.225+0000] {processor.py:183} INFO - Processing /opt/airflow/dags/eda_airflow copy.py took 0.351 seconds
[2025-07-19T09:21:03.793+0000] {processor.py:161} INFO - Started process (PID=8709) to work on /opt/airflow/dags/eda_airflow copy.py
[2025-07-19T09:21:03.795+0000] {processor.py:830} INFO - Processing file /opt/airflow/dags/eda_airflow copy.py for tasks to queue
[2025-07-19T09:21:03.796+0000] {logging_mixin.py:188} INFO - [2025-07-19T09:21:03.795+0000] {dagbag.py:538} INFO - Filling up the DagBag from /opt/airflow/dags/eda_airflow copy.py
[2025-07-19T09:21:03.868+0000] {processor.py:840} INFO - DAG(s) 'launch_streamlit_dashboard' retrieved from /opt/airflow/dags/eda_airflow copy.py
[2025-07-19T09:21:03.905+0000] {logging_mixin.py:188} INFO - [2025-07-19T09:21:03.905+0000] {dag.py:3036} INFO - Sync 1 DAGs
[2025-07-19T09:21:03.920+0000] {logging_mixin.py:188} INFO - [2025-07-19T09:21:03.920+0000] {dag.py:3823} INFO - Setting next_dagrun for launch_streamlit_dashboard to None, run_after=None
[2025-07-19T09:21:04.041+0000] {processor.py:183} INFO - Processing /opt/airflow/dags/eda_airflow copy.py took 0.252 seconds
[2025-07-19T09:21:34.940+0000] {processor.py:161} INFO - Started process (PID=8734) to work on /opt/airflow/dags/eda_airflow copy.py
[2025-07-19T09:21:34.942+0000] {processor.py:830} INFO - Processing file /opt/airflow/dags/eda_airflow copy.py for tasks to queue
[2025-07-19T09:21:34.944+0000] {logging_mixin.py:188} INFO - [2025-07-19T09:21:34.943+0000] {dagbag.py:538} INFO - Filling up the DagBag from /opt/airflow/dags/eda_airflow copy.py
[2025-07-19T09:21:34.962+0000] {processor.py:840} INFO - DAG(s) 'launch_streamlit_dashboard' retrieved from /opt/airflow/dags/eda_airflow copy.py
[2025-07-19T09:21:34.980+0000] {logging_mixin.py:188} INFO - [2025-07-19T09:21:34.979+0000] {dag.py:3036} INFO - Sync 1 DAGs
[2025-07-19T09:21:34.998+0000] {logging_mixin.py:188} INFO - [2025-07-19T09:21:34.997+0000] {dag.py:3823} INFO - Setting next_dagrun for launch_streamlit_dashboard to None, run_after=None
[2025-07-19T09:21:35.025+0000] {processor.py:183} INFO - Processing /opt/airflow/dags/eda_airflow copy.py took 0.089 seconds
[2025-07-19T09:22:05.109+0000] {processor.py:161} INFO - Started process (PID=8759) to work on /opt/airflow/dags/eda_airflow copy.py
[2025-07-19T09:22:05.110+0000] {processor.py:830} INFO - Processing file /opt/airflow/dags/eda_airflow copy.py for tasks to queue
[2025-07-19T09:22:05.111+0000] {logging_mixin.py:188} INFO - [2025-07-19T09:22:05.111+0000] {dagbag.py:538} INFO - Filling up the DagBag from /opt/airflow/dags/eda_airflow copy.py
[2025-07-19T09:22:05.243+0000] {processor.py:840} INFO - DAG(s) 'launch_streamlit_dashboard' retrieved from /opt/airflow/dags/eda_airflow copy.py
[2025-07-19T09:22:05.390+0000] {logging_mixin.py:188} INFO - [2025-07-19T09:22:05.390+0000] {dag.py:3036} INFO - Sync 1 DAGs
[2025-07-19T09:22:05.400+0000] {logging_mixin.py:188} INFO - [2025-07-19T09:22:05.400+0000] {dag.py:3823} INFO - Setting next_dagrun for launch_streamlit_dashboard to None, run_after=None
[2025-07-19T09:22:05.427+0000] {processor.py:183} INFO - Processing /opt/airflow/dags/eda_airflow copy.py took 0.321 seconds
[2025-07-19T09:22:36.174+0000] {processor.py:161} INFO - Started process (PID=8784) to work on /opt/airflow/dags/eda_airflow copy.py
[2025-07-19T09:22:36.175+0000] {processor.py:830} INFO - Processing file /opt/airflow/dags/eda_airflow copy.py for tasks to queue
[2025-07-19T09:22:36.176+0000] {logging_mixin.py:188} INFO - [2025-07-19T09:22:36.176+0000] {dagbag.py:538} INFO - Filling up the DagBag from /opt/airflow/dags/eda_airflow copy.py
[2025-07-19T09:22:36.190+0000] {processor.py:840} INFO - DAG(s) 'launch_streamlit_dashboard' retrieved from /opt/airflow/dags/eda_airflow copy.py
[2025-07-19T09:22:37.105+0000] {logging_mixin.py:188} INFO - [2025-07-19T09:22:37.104+0000] {dag.py:3036} INFO - Sync 1 DAGs
[2025-07-19T09:22:37.120+0000] {logging_mixin.py:188} INFO - [2025-07-19T09:22:37.120+0000] {dag.py:3823} INFO - Setting next_dagrun for launch_streamlit_dashboard to None, run_after=None
[2025-07-19T09:22:37.150+0000] {processor.py:183} INFO - Processing /opt/airflow/dags/eda_airflow copy.py took 0.981 seconds
[2025-07-19T09:23:07.865+0000] {processor.py:161} INFO - Started process (PID=8809) to work on /opt/airflow/dags/eda_airflow copy.py
[2025-07-19T09:23:07.866+0000] {processor.py:830} INFO - Processing file /opt/airflow/dags/eda_airflow copy.py for tasks to queue
[2025-07-19T09:23:07.868+0000] {logging_mixin.py:188} INFO - [2025-07-19T09:23:07.867+0000] {dagbag.py:538} INFO - Filling up the DagBag from /opt/airflow/dags/eda_airflow copy.py
[2025-07-19T09:23:07.993+0000] {processor.py:840} INFO - DAG(s) 'launch_streamlit_dashboard' retrieved from /opt/airflow/dags/eda_airflow copy.py
[2025-07-19T09:23:08.122+0000] {logging_mixin.py:188} INFO - [2025-07-19T09:23:08.122+0000] {dag.py:3036} INFO - Sync 1 DAGs
[2025-07-19T09:23:08.220+0000] {logging_mixin.py:188} INFO - [2025-07-19T09:23:08.220+0000] {dag.py:3823} INFO - Setting next_dagrun for launch_streamlit_dashboard to None, run_after=None
[2025-07-19T09:23:08.288+0000] {processor.py:183} INFO - Processing /opt/airflow/dags/eda_airflow copy.py took 0.427 seconds
[2025-07-19T09:23:38.853+0000] {processor.py:161} INFO - Started process (PID=8834) to work on /opt/airflow/dags/eda_airflow copy.py
[2025-07-19T09:23:38.855+0000] {processor.py:830} INFO - Processing file /opt/airflow/dags/eda_airflow copy.py for tasks to queue
[2025-07-19T09:23:38.856+0000] {logging_mixin.py:188} INFO - [2025-07-19T09:23:38.856+0000] {dagbag.py:538} INFO - Filling up the DagBag from /opt/airflow/dags/eda_airflow copy.py
[2025-07-19T09:23:38.935+0000] {processor.py:840} INFO - DAG(s) 'launch_streamlit_dashboard' retrieved from /opt/airflow/dags/eda_airflow copy.py
[2025-07-19T09:23:39.076+0000] {logging_mixin.py:188} INFO - [2025-07-19T09:23:39.076+0000] {dag.py:3036} INFO - Sync 1 DAGs
[2025-07-19T09:23:39.093+0000] {logging_mixin.py:188} INFO - [2025-07-19T09:23:39.092+0000] {dag.py:3823} INFO - Setting next_dagrun for launch_streamlit_dashboard to None, run_after=None
[2025-07-19T09:23:39.215+0000] {processor.py:183} INFO - Processing /opt/airflow/dags/eda_airflow copy.py took 0.367 seconds
[2025-07-19T09:24:10.159+0000] {processor.py:161} INFO - Started process (PID=8859) to work on /opt/airflow/dags/eda_airflow copy.py
[2025-07-19T09:24:10.160+0000] {processor.py:830} INFO - Processing file /opt/airflow/dags/eda_airflow copy.py for tasks to queue
[2025-07-19T09:24:10.161+0000] {logging_mixin.py:188} INFO - [2025-07-19T09:24:10.161+0000] {dagbag.py:538} INFO - Filling up the DagBag from /opt/airflow/dags/eda_airflow copy.py
[2025-07-19T09:24:10.176+0000] {processor.py:840} INFO - DAG(s) 'launch_streamlit_dashboard' retrieved from /opt/airflow/dags/eda_airflow copy.py
[2025-07-19T09:24:10.207+0000] {logging_mixin.py:188} INFO - [2025-07-19T09:24:10.206+0000] {dag.py:3036} INFO - Sync 1 DAGs
[2025-07-19T09:24:10.235+0000] {logging_mixin.py:188} INFO - [2025-07-19T09:24:10.235+0000] {dag.py:3823} INFO - Setting next_dagrun for launch_streamlit_dashboard to None, run_after=None
[2025-07-19T09:24:10.279+0000] {processor.py:183} INFO - Processing /opt/airflow/dags/eda_airflow copy.py took 0.124 seconds
[2025-07-19T09:24:40.636+0000] {processor.py:161} INFO - Started process (PID=8889) to work on /opt/airflow/dags/eda_airflow copy.py
[2025-07-19T09:24:40.638+0000] {processor.py:830} INFO - Processing file /opt/airflow/dags/eda_airflow copy.py for tasks to queue
[2025-07-19T09:24:40.639+0000] {logging_mixin.py:188} INFO - [2025-07-19T09:24:40.638+0000] {dagbag.py:538} INFO - Filling up the DagBag from /opt/airflow/dags/eda_airflow copy.py
[2025-07-19T09:24:40.651+0000] {processor.py:840} INFO - DAG(s) 'launch_streamlit_dashboard' retrieved from /opt/airflow/dags/eda_airflow copy.py
[2025-07-19T09:24:40.665+0000] {logging_mixin.py:188} INFO - [2025-07-19T09:24:40.665+0000] {dag.py:3036} INFO - Sync 1 DAGs
[2025-07-19T09:24:40.678+0000] {logging_mixin.py:188} INFO - [2025-07-19T09:24:40.678+0000] {dag.py:3823} INFO - Setting next_dagrun for launch_streamlit_dashboard to None, run_after=None
[2025-07-19T09:24:40.702+0000] {processor.py:183} INFO - Processing /opt/airflow/dags/eda_airflow copy.py took 0.070 seconds
[2025-07-19T09:25:10.978+0000] {processor.py:161} INFO - Started process (PID=8914) to work on /opt/airflow/dags/eda_airflow copy.py
[2025-07-19T09:25:10.979+0000] {processor.py:830} INFO - Processing file /opt/airflow/dags/eda_airflow copy.py for tasks to queue
[2025-07-19T09:25:10.980+0000] {logging_mixin.py:188} INFO - [2025-07-19T09:25:10.980+0000] {dagbag.py:538} INFO - Filling up the DagBag from /opt/airflow/dags/eda_airflow copy.py
[2025-07-19T09:25:10.992+0000] {processor.py:840} INFO - DAG(s) 'launch_streamlit_dashboard' retrieved from /opt/airflow/dags/eda_airflow copy.py
[2025-07-19T09:25:11.092+0000] {logging_mixin.py:188} INFO - [2025-07-19T09:25:11.092+0000] {dag.py:3036} INFO - Sync 1 DAGs
[2025-07-19T09:25:11.102+0000] {logging_mixin.py:188} INFO - [2025-07-19T09:25:11.102+0000] {dag.py:3823} INFO - Setting next_dagrun for launch_streamlit_dashboard to None, run_after=None
[2025-07-19T09:25:11.173+0000] {processor.py:183} INFO - Processing /opt/airflow/dags/eda_airflow copy.py took 0.198 seconds
[2025-07-19T09:25:41.911+0000] {processor.py:161} INFO - Started process (PID=8941) to work on /opt/airflow/dags/eda_airflow copy.py
[2025-07-19T09:25:41.912+0000] {processor.py:830} INFO - Processing file /opt/airflow/dags/eda_airflow copy.py for tasks to queue
[2025-07-19T09:25:41.914+0000] {logging_mixin.py:188} INFO - [2025-07-19T09:25:41.914+0000] {dagbag.py:538} INFO - Filling up the DagBag from /opt/airflow/dags/eda_airflow copy.py
[2025-07-19T09:25:42.083+0000] {processor.py:840} INFO - DAG(s) 'launch_streamlit_dashboard' retrieved from /opt/airflow/dags/eda_airflow copy.py
[2025-07-19T09:25:42.111+0000] {logging_mixin.py:188} INFO - [2025-07-19T09:25:42.111+0000] {dag.py:3036} INFO - Sync 1 DAGs
[2025-07-19T09:25:42.124+0000] {logging_mixin.py:188} INFO - [2025-07-19T09:25:42.124+0000] {dag.py:3823} INFO - Setting next_dagrun for launch_streamlit_dashboard to None, run_after=None
[2025-07-19T09:25:42.147+0000] {processor.py:183} INFO - Processing /opt/airflow/dags/eda_airflow copy.py took 0.239 seconds
[2025-07-19T09:26:12.622+0000] {processor.py:161} INFO - Started process (PID=8968) to work on /opt/airflow/dags/eda_airflow copy.py
[2025-07-19T09:26:12.623+0000] {processor.py:830} INFO - Processing file /opt/airflow/dags/eda_airflow copy.py for tasks to queue
[2025-07-19T09:26:12.624+0000] {logging_mixin.py:188} INFO - [2025-07-19T09:26:12.624+0000] {dagbag.py:538} INFO - Filling up the DagBag from /opt/airflow/dags/eda_airflow copy.py
[2025-07-19T09:26:12.635+0000] {processor.py:840} INFO - DAG(s) 'launch_streamlit_dashboard' retrieved from /opt/airflow/dags/eda_airflow copy.py
[2025-07-19T09:26:12.647+0000] {logging_mixin.py:188} INFO - [2025-07-19T09:26:12.647+0000] {dag.py:3036} INFO - Sync 1 DAGs
[2025-07-19T09:26:12.660+0000] {logging_mixin.py:188} INFO - [2025-07-19T09:26:12.659+0000] {dag.py:3823} INFO - Setting next_dagrun for launch_streamlit_dashboard to None, run_after=None
[2025-07-19T09:26:12.681+0000] {processor.py:183} INFO - Processing /opt/airflow/dags/eda_airflow copy.py took 0.062 seconds
[2025-07-19T09:26:43.110+0000] {processor.py:161} INFO - Started process (PID=8995) to work on /opt/airflow/dags/eda_airflow copy.py
[2025-07-19T09:26:43.111+0000] {processor.py:830} INFO - Processing file /opt/airflow/dags/eda_airflow copy.py for tasks to queue
[2025-07-19T09:26:43.112+0000] {logging_mixin.py:188} INFO - [2025-07-19T09:26:43.112+0000] {dagbag.py:538} INFO - Filling up the DagBag from /opt/airflow/dags/eda_airflow copy.py
[2025-07-19T09:26:43.125+0000] {processor.py:840} INFO - DAG(s) 'launch_streamlit_dashboard' retrieved from /opt/airflow/dags/eda_airflow copy.py
[2025-07-19T09:26:43.233+0000] {logging_mixin.py:188} INFO - [2025-07-19T09:26:43.233+0000] {dag.py:3036} INFO - Sync 1 DAGs
[2025-07-19T09:26:43.243+0000] {logging_mixin.py:188} INFO - [2025-07-19T09:26:43.243+0000] {dag.py:3823} INFO - Setting next_dagrun for launch_streamlit_dashboard to None, run_after=None
[2025-07-19T09:26:43.267+0000] {processor.py:183} INFO - Processing /opt/airflow/dags/eda_airflow copy.py took 0.160 seconds
[2025-07-19T09:27:14.091+0000] {processor.py:161} INFO - Started process (PID=9020) to work on /opt/airflow/dags/eda_airflow copy.py
[2025-07-19T09:27:14.092+0000] {processor.py:830} INFO - Processing file /opt/airflow/dags/eda_airflow copy.py for tasks to queue
[2025-07-19T09:27:14.093+0000] {logging_mixin.py:188} INFO - [2025-07-19T09:27:14.093+0000] {dagbag.py:538} INFO - Filling up the DagBag from /opt/airflow/dags/eda_airflow copy.py
[2025-07-19T09:27:14.103+0000] {processor.py:840} INFO - DAG(s) 'launch_streamlit_dashboard' retrieved from /opt/airflow/dags/eda_airflow copy.py
[2025-07-19T09:27:14.130+0000] {logging_mixin.py:188} INFO - [2025-07-19T09:27:14.129+0000] {dag.py:3036} INFO - Sync 1 DAGs
[2025-07-19T09:27:14.141+0000] {logging_mixin.py:188} INFO - [2025-07-19T09:27:14.141+0000] {dag.py:3823} INFO - Setting next_dagrun for launch_streamlit_dashboard to None, run_after=None
[2025-07-19T09:27:14.163+0000] {processor.py:183} INFO - Processing /opt/airflow/dags/eda_airflow copy.py took 0.076 seconds
[2025-07-19T09:28:03.702+0000] {processor.py:161} INFO - Started process (PID=9044) to work on /opt/airflow/dags/eda_airflow copy.py
[2025-07-19T09:28:03.704+0000] {processor.py:830} INFO - Processing file /opt/airflow/dags/eda_airflow copy.py for tasks to queue
[2025-07-19T09:28:03.705+0000] {logging_mixin.py:188} INFO - [2025-07-19T09:28:03.705+0000] {dagbag.py:538} INFO - Filling up the DagBag from /opt/airflow/dags/eda_airflow copy.py
[2025-07-19T09:28:03.717+0000] {processor.py:840} INFO - DAG(s) 'launch_streamlit_dashboard' retrieved from /opt/airflow/dags/eda_airflow copy.py
[2025-07-19T09:28:09.920+0000] {logging_mixin.py:188} INFO - [2025-07-19T09:28:09.844+0000] {dag.py:3036} INFO - Sync 1 DAGs
[2025-07-19T09:28:24.893+0000] {logging_mixin.py:188} INFO - [2025-07-19T09:28:24.893+0000] {dag.py:3823} INFO - Setting next_dagrun for launch_streamlit_dashboard to None, run_after=None
[2025-07-19T09:28:27.333+0000] {processor.py:183} INFO - Processing /opt/airflow/dags/eda_airflow copy.py took 23.616 seconds
[2025-07-19T09:28:58.181+0000] {processor.py:161} INFO - Started process (PID=9073) to work on /opt/airflow/dags/eda_airflow copy.py
[2025-07-19T09:28:58.183+0000] {processor.py:830} INFO - Processing file /opt/airflow/dags/eda_airflow copy.py for tasks to queue
[2025-07-19T09:28:58.184+0000] {logging_mixin.py:188} INFO - [2025-07-19T09:28:58.184+0000] {dagbag.py:538} INFO - Filling up the DagBag from /opt/airflow/dags/eda_airflow copy.py
[2025-07-19T09:28:58.789+0000] {processor.py:840} INFO - DAG(s) 'launch_streamlit_dashboard' retrieved from /opt/airflow/dags/eda_airflow copy.py
[2025-07-19T09:29:01.113+0000] {logging_mixin.py:188} INFO - [2025-07-19T09:29:01.112+0000] {dag.py:3036} INFO - Sync 1 DAGs
[2025-07-19T09:29:01.431+0000] {logging_mixin.py:188} INFO - [2025-07-19T09:29:01.431+0000] {dag.py:3823} INFO - Setting next_dagrun for launch_streamlit_dashboard to None, run_after=None
[2025-07-19T09:29:01.625+0000] {processor.py:183} INFO - Processing /opt/airflow/dags/eda_airflow copy.py took 3.631 seconds
[2025-07-19T09:29:32.586+0000] {processor.py:161} INFO - Started process (PID=9101) to work on /opt/airflow/dags/eda_airflow copy.py
[2025-07-19T09:29:32.587+0000] {processor.py:830} INFO - Processing file /opt/airflow/dags/eda_airflow copy.py for tasks to queue
[2025-07-19T09:29:32.588+0000] {logging_mixin.py:188} INFO - [2025-07-19T09:29:32.588+0000] {dagbag.py:538} INFO - Filling up the DagBag from /opt/airflow/dags/eda_airflow copy.py
[2025-07-19T09:29:32.599+0000] {processor.py:840} INFO - DAG(s) 'launch_streamlit_dashboard' retrieved from /opt/airflow/dags/eda_airflow copy.py
[2025-07-19T09:29:32.623+0000] {logging_mixin.py:188} INFO - [2025-07-19T09:29:32.623+0000] {dag.py:3036} INFO - Sync 1 DAGs
[2025-07-19T09:29:32.635+0000] {logging_mixin.py:188} INFO - [2025-07-19T09:29:32.635+0000] {dag.py:3823} INFO - Setting next_dagrun for launch_streamlit_dashboard to None, run_after=None
[2025-07-19T09:29:32.658+0000] {processor.py:183} INFO - Processing /opt/airflow/dags/eda_airflow copy.py took 0.075 seconds
[2025-07-19T09:30:15.619+0000] {processor.py:161} INFO - Started process (PID=9126) to work on /opt/airflow/dags/eda_airflow copy.py
[2025-07-19T09:30:15.620+0000] {processor.py:830} INFO - Processing file /opt/airflow/dags/eda_airflow copy.py for tasks to queue
[2025-07-19T09:30:15.622+0000] {logging_mixin.py:188} INFO - [2025-07-19T09:30:15.621+0000] {dagbag.py:538} INFO - Filling up the DagBag from /opt/airflow/dags/eda_airflow copy.py
[2025-07-19T09:30:15.636+0000] {processor.py:840} INFO - DAG(s) 'launch_streamlit_dashboard' retrieved from /opt/airflow/dags/eda_airflow copy.py
[2025-07-19T09:30:47.046+0000] {logging_mixin.py:188} INFO - [2025-07-19T09:30:47.045+0000] {dag.py:3036} INFO - Sync 1 DAGs
[2025-07-19T09:30:47.949+0000] {logging_mixin.py:188} INFO - [2025-07-19T09:30:47.949+0000] {dag.py:3823} INFO - Setting next_dagrun for launch_streamlit_dashboard to None, run_after=None
[2025-07-19T09:30:54.677+0000] {processor.py:183} INFO - Processing /opt/airflow/dags/eda_airflow copy.py took 40.884 seconds
[2025-07-19T09:31:26.179+0000] {processor.py:161} INFO - Started process (PID=9163) to work on /opt/airflow/dags/eda_airflow copy.py
[2025-07-19T09:31:26.180+0000] {processor.py:830} INFO - Processing file /opt/airflow/dags/eda_airflow copy.py for tasks to queue
[2025-07-19T09:31:26.181+0000] {logging_mixin.py:188} INFO - [2025-07-19T09:31:26.181+0000] {dagbag.py:538} INFO - Filling up the DagBag from /opt/airflow/dags/eda_airflow copy.py
[2025-07-19T09:31:26.384+0000] {processor.py:840} INFO - DAG(s) 'launch_streamlit_dashboard' retrieved from /opt/airflow/dags/eda_airflow copy.py
[2025-07-19T09:31:26.892+0000] {logging_mixin.py:188} INFO - [2025-07-19T09:31:26.892+0000] {dag.py:3036} INFO - Sync 1 DAGs
[2025-07-19T09:31:26.906+0000] {logging_mixin.py:188} INFO - [2025-07-19T09:31:26.906+0000] {dag.py:3823} INFO - Setting next_dagrun for launch_streamlit_dashboard to None, run_after=None
[2025-07-19T09:31:26.932+0000] {processor.py:183} INFO - Processing /opt/airflow/dags/eda_airflow copy.py took 0.864 seconds
[2025-07-19T09:31:57.838+0000] {processor.py:161} INFO - Started process (PID=9193) to work on /opt/airflow/dags/eda_airflow copy.py
[2025-07-19T09:31:57.839+0000] {processor.py:830} INFO - Processing file /opt/airflow/dags/eda_airflow copy.py for tasks to queue
[2025-07-19T09:31:57.840+0000] {logging_mixin.py:188} INFO - [2025-07-19T09:31:57.840+0000] {dagbag.py:538} INFO - Filling up the DagBag from /opt/airflow/dags/eda_airflow copy.py
[2025-07-19T09:31:57.851+0000] {processor.py:840} INFO - DAG(s) 'launch_streamlit_dashboard' retrieved from /opt/airflow/dags/eda_airflow copy.py
[2025-07-19T09:31:58.943+0000] {logging_mixin.py:188} INFO - [2025-07-19T09:31:58.942+0000] {dag.py:3036} INFO - Sync 1 DAGs
[2025-07-19T09:31:58.953+0000] {logging_mixin.py:188} INFO - [2025-07-19T09:31:58.953+0000] {dag.py:3823} INFO - Setting next_dagrun for launch_streamlit_dashboard to None, run_after=None
[2025-07-19T09:31:59.058+0000] {processor.py:183} INFO - Processing /opt/airflow/dags/eda_airflow copy.py took 1.222 seconds
[2025-07-19T09:32:29.707+0000] {processor.py:161} INFO - Started process (PID=9225) to work on /opt/airflow/dags/eda_airflow copy.py
[2025-07-19T09:32:29.708+0000] {processor.py:830} INFO - Processing file /opt/airflow/dags/eda_airflow copy.py for tasks to queue
[2025-07-19T09:32:29.709+0000] {logging_mixin.py:188} INFO - [2025-07-19T09:32:29.709+0000] {dagbag.py:538} INFO - Filling up the DagBag from /opt/airflow/dags/eda_airflow copy.py
[2025-07-19T09:32:29.720+0000] {processor.py:840} INFO - DAG(s) 'launch_streamlit_dashboard' retrieved from /opt/airflow/dags/eda_airflow copy.py
[2025-07-19T09:32:29.775+0000] {logging_mixin.py:188} INFO - [2025-07-19T09:32:29.775+0000] {dag.py:3036} INFO - Sync 1 DAGs
[2025-07-19T09:32:29.787+0000] {logging_mixin.py:188} INFO - [2025-07-19T09:32:29.787+0000] {dag.py:3823} INFO - Setting next_dagrun for launch_streamlit_dashboard to None, run_after=None
[2025-07-19T09:32:29.809+0000] {processor.py:183} INFO - Processing /opt/airflow/dags/eda_airflow copy.py took 0.105 seconds
[2025-07-19T09:34:10.977+0000] {processor.py:161} INFO - Started process (PID=9251) to work on /opt/airflow/dags/eda_airflow copy.py
[2025-07-19T09:34:10.978+0000] {processor.py:830} INFO - Processing file /opt/airflow/dags/eda_airflow copy.py for tasks to queue
[2025-07-19T09:34:10.979+0000] {logging_mixin.py:188} INFO - [2025-07-19T09:34:10.979+0000] {dagbag.py:538} INFO - Filling up the DagBag from /opt/airflow/dags/eda_airflow copy.py
[2025-07-19T09:34:10.991+0000] {processor.py:840} INFO - DAG(s) 'launch_streamlit_dashboard' retrieved from /opt/airflow/dags/eda_airflow copy.py
[2025-07-19T09:34:11.097+0000] {logging_mixin.py:188} INFO - [2025-07-19T09:34:11.097+0000] {dag.py:3036} INFO - Sync 1 DAGs
[2025-07-19T09:34:11.107+0000] {logging_mixin.py:188} INFO - [2025-07-19T09:34:11.106+0000] {dag.py:3823} INFO - Setting next_dagrun for launch_streamlit_dashboard to None, run_after=None
[2025-07-19T09:34:11.176+0000] {processor.py:183} INFO - Processing /opt/airflow/dags/eda_airflow copy.py took 0.202 seconds
[2025-07-19T09:34:41.976+0000] {processor.py:161} INFO - Started process (PID=9278) to work on /opt/airflow/dags/eda_airflow copy.py
[2025-07-19T09:34:41.977+0000] {processor.py:830} INFO - Processing file /opt/airflow/dags/eda_airflow copy.py for tasks to queue
[2025-07-19T09:34:41.978+0000] {logging_mixin.py:188} INFO - [2025-07-19T09:34:41.978+0000] {dagbag.py:538} INFO - Filling up the DagBag from /opt/airflow/dags/eda_airflow copy.py
[2025-07-19T09:34:41.989+0000] {processor.py:840} INFO - DAG(s) 'launch_streamlit_dashboard' retrieved from /opt/airflow/dags/eda_airflow copy.py
[2025-07-19T09:34:41.998+0000] {logging_mixin.py:188} INFO - [2025-07-19T09:34:41.998+0000] {dag.py:3036} INFO - Sync 1 DAGs
[2025-07-19T09:34:42.010+0000] {logging_mixin.py:188} INFO - [2025-07-19T09:34:42.010+0000] {dag.py:3823} INFO - Setting next_dagrun for launch_streamlit_dashboard to None, run_after=None
[2025-07-19T09:34:42.033+0000] {processor.py:183} INFO - Processing /opt/airflow/dags/eda_airflow copy.py took 0.059 seconds
[2025-07-19T09:35:19.956+0000] {processor.py:161} INFO - Started process (PID=9301) to work on /opt/airflow/dags/eda_airflow copy.py
[2025-07-19T09:35:19.957+0000] {processor.py:830} INFO - Processing file /opt/airflow/dags/eda_airflow copy.py for tasks to queue
[2025-07-19T09:35:19.958+0000] {logging_mixin.py:188} INFO - [2025-07-19T09:35:19.958+0000] {dagbag.py:538} INFO - Filling up the DagBag from /opt/airflow/dags/eda_airflow copy.py
[2025-07-19T09:35:20.001+0000] {processor.py:840} INFO - DAG(s) 'launch_streamlit_dashboard' retrieved from /opt/airflow/dags/eda_airflow copy.py
[2025-07-19T09:35:40.337+0000] {logging_mixin.py:188} INFO - [2025-07-19T09:35:40.336+0000] {dag.py:3036} INFO - Sync 1 DAGs
[2025-07-19T09:35:49.246+0000] {logging_mixin.py:188} INFO - [2025-07-19T09:35:49.245+0000] {dag.py:3823} INFO - Setting next_dagrun for launch_streamlit_dashboard to None, run_after=None
[2025-07-19T09:37:23.966+0000] {processor.py:161} INFO - Started process (PID=9435) to work on /opt/airflow/dags/eda_airflow copy.py
[2025-07-19T09:37:23.968+0000] {processor.py:830} INFO - Processing file /opt/airflow/dags/eda_airflow copy.py for tasks to queue
[2025-07-19T09:37:23.969+0000] {logging_mixin.py:188} INFO - [2025-07-19T09:37:23.969+0000] {dagbag.py:538} INFO - Filling up the DagBag from /opt/airflow/dags/eda_airflow copy.py
[2025-07-19T09:37:23.982+0000] {processor.py:840} INFO - DAG(s) 'launch_streamlit_dashboard' retrieved from /opt/airflow/dags/eda_airflow copy.py
[2025-07-19T09:37:24.012+0000] {logging_mixin.py:188} INFO - [2025-07-19T09:37:24.011+0000] {dag.py:3036} INFO - Sync 1 DAGs
[2025-07-19T09:37:24.101+0000] {logging_mixin.py:188} INFO - [2025-07-19T09:37:24.100+0000] {dag.py:3823} INFO - Setting next_dagrun for launch_streamlit_dashboard to None, run_after=None
[2025-07-19T09:37:37.243+0000] {processor.py:183} INFO - Processing /opt/airflow/dags/eda_airflow copy.py took 13.281 seconds
[2025-07-19T09:38:20.545+0000] {processor.py:161} INFO - Started process (PID=9691) to work on /opt/airflow/dags/eda_airflow copy.py
[2025-07-19T09:38:20.908+0000] {processor.py:830} INFO - Processing file /opt/airflow/dags/eda_airflow copy.py for tasks to queue
[2025-07-19T09:38:21.014+0000] {logging_mixin.py:188} INFO - [2025-07-19T09:38:21.014+0000] {dagbag.py:538} INFO - Filling up the DagBag from /opt/airflow/dags/eda_airflow copy.py
[2025-07-19T09:38:21.088+0000] {processor.py:840} INFO - DAG(s) 'launch_streamlit_dashboard' retrieved from /opt/airflow/dags/eda_airflow copy.py
[2025-07-19T09:38:21.441+0000] {logging_mixin.py:188} INFO - [2025-07-19T09:38:21.441+0000] {dag.py:3036} INFO - Sync 1 DAGs
[2025-07-19T09:38:21.451+0000] {logging_mixin.py:188} INFO - [2025-07-19T09:38:21.451+0000] {dag.py:3823} INFO - Setting next_dagrun for launch_streamlit_dashboard to None, run_after=None
[2025-07-19T09:38:21.498+0000] {processor.py:183} INFO - Processing /opt/airflow/dags/eda_airflow copy.py took 2.937 seconds
[2025-07-19T09:38:51.917+0000] {processor.py:161} INFO - Started process (PID=9719) to work on /opt/airflow/dags/eda_airflow copy.py
[2025-07-19T09:38:51.918+0000] {processor.py:830} INFO - Processing file /opt/airflow/dags/eda_airflow copy.py for tasks to queue
[2025-07-19T09:38:51.920+0000] {logging_mixin.py:188} INFO - [2025-07-19T09:38:51.919+0000] {dagbag.py:538} INFO - Filling up the DagBag from /opt/airflow/dags/eda_airflow copy.py
[2025-07-19T09:38:51.932+0000] {processor.py:840} INFO - DAG(s) 'launch_streamlit_dashboard' retrieved from /opt/airflow/dags/eda_airflow copy.py
[2025-07-19T09:38:51.977+0000] {logging_mixin.py:188} INFO - [2025-07-19T09:38:51.977+0000] {dag.py:3036} INFO - Sync 1 DAGs
[2025-07-19T09:38:52.021+0000] {logging_mixin.py:188} INFO - [2025-07-19T09:38:52.021+0000] {dag.py:3823} INFO - Setting next_dagrun for launch_streamlit_dashboard to None, run_after=None
[2025-07-19T09:38:52.159+0000] {processor.py:183} INFO - Processing /opt/airflow/dags/eda_airflow copy.py took 0.246 seconds
[2025-07-19T09:39:22.852+0000] {processor.py:161} INFO - Started process (PID=9751) to work on /opt/airflow/dags/eda_airflow copy.py
[2025-07-19T09:39:22.853+0000] {processor.py:830} INFO - Processing file /opt/airflow/dags/eda_airflow copy.py for tasks to queue
[2025-07-19T09:39:22.882+0000] {logging_mixin.py:188} INFO - [2025-07-19T09:39:22.854+0000] {dagbag.py:538} INFO - Filling up the DagBag from /opt/airflow/dags/eda_airflow copy.py
[2025-07-19T09:39:22.913+0000] {processor.py:840} INFO - DAG(s) 'launch_streamlit_dashboard' retrieved from /opt/airflow/dags/eda_airflow copy.py
[2025-07-19T09:39:22.927+0000] {logging_mixin.py:188} INFO - [2025-07-19T09:39:22.927+0000] {dag.py:3036} INFO - Sync 1 DAGs
[2025-07-19T09:39:22.945+0000] {logging_mixin.py:188} INFO - [2025-07-19T09:39:22.945+0000] {dag.py:3823} INFO - Setting next_dagrun for launch_streamlit_dashboard to None, run_after=None
[2025-07-19T09:39:22.975+0000] {processor.py:183} INFO - Processing /opt/airflow/dags/eda_airflow copy.py took 0.127 seconds
[2025-07-19T09:39:54.116+0000] {processor.py:161} INFO - Started process (PID=9776) to work on /opt/airflow/dags/eda_airflow copy.py
[2025-07-19T09:39:54.117+0000] {processor.py:830} INFO - Processing file /opt/airflow/dags/eda_airflow copy.py for tasks to queue
[2025-07-19T09:39:54.118+0000] {logging_mixin.py:188} INFO - [2025-07-19T09:39:54.118+0000] {dagbag.py:538} INFO - Filling up the DagBag from /opt/airflow/dags/eda_airflow copy.py
[2025-07-19T09:39:54.159+0000] {processor.py:840} INFO - DAG(s) 'launch_streamlit_dashboard' retrieved from /opt/airflow/dags/eda_airflow copy.py
[2025-07-19T09:39:55.004+0000] {logging_mixin.py:188} INFO - [2025-07-19T09:39:55.003+0000] {dag.py:3036} INFO - Sync 1 DAGs
[2025-07-19T09:39:55.035+0000] {logging_mixin.py:188} INFO - [2025-07-19T09:39:55.034+0000] {dag.py:3823} INFO - Setting next_dagrun for launch_streamlit_dashboard to None, run_after=None
[2025-07-19T09:39:55.096+0000] {processor.py:183} INFO - Processing /opt/airflow/dags/eda_airflow copy.py took 0.984 seconds
[2025-07-19T09:40:26.476+0000] {processor.py:161} INFO - Started process (PID=9808) to work on /opt/airflow/dags/eda_airflow copy.py
[2025-07-19T09:40:26.478+0000] {processor.py:830} INFO - Processing file /opt/airflow/dags/eda_airflow copy.py for tasks to queue
[2025-07-19T09:40:26.479+0000] {logging_mixin.py:188} INFO - [2025-07-19T09:40:26.479+0000] {dagbag.py:538} INFO - Filling up the DagBag from /opt/airflow/dags/eda_airflow copy.py
[2025-07-19T09:40:26.491+0000] {processor.py:840} INFO - DAG(s) 'launch_streamlit_dashboard' retrieved from /opt/airflow/dags/eda_airflow copy.py
[2025-07-19T09:40:26.565+0000] {logging_mixin.py:188} INFO - [2025-07-19T09:40:26.565+0000] {dag.py:3036} INFO - Sync 1 DAGs
[2025-07-19T09:40:26.577+0000] {logging_mixin.py:188} INFO - [2025-07-19T09:40:26.577+0000] {dag.py:3823} INFO - Setting next_dagrun for launch_streamlit_dashboard to None, run_after=None
[2025-07-19T09:40:26.598+0000] {processor.py:183} INFO - Processing /opt/airflow/dags/eda_airflow copy.py took 0.125 seconds
[2025-07-19T09:40:57.163+0000] {processor.py:161} INFO - Started process (PID=9832) to work on /opt/airflow/dags/eda_airflow copy.py
[2025-07-19T09:40:57.164+0000] {processor.py:830} INFO - Processing file /opt/airflow/dags/eda_airflow copy.py for tasks to queue
[2025-07-19T09:40:57.165+0000] {logging_mixin.py:188} INFO - [2025-07-19T09:40:57.165+0000] {dagbag.py:538} INFO - Filling up the DagBag from /opt/airflow/dags/eda_airflow copy.py
[2025-07-19T09:40:57.182+0000] {processor.py:840} INFO - DAG(s) 'launch_streamlit_dashboard' retrieved from /opt/airflow/dags/eda_airflow copy.py
[2025-07-19T09:40:57.351+0000] {logging_mixin.py:188} INFO - [2025-07-19T09:40:57.350+0000] {dag.py:3036} INFO - Sync 1 DAGs
[2025-07-19T09:40:57.386+0000] {logging_mixin.py:188} INFO - [2025-07-19T09:40:57.386+0000] {dag.py:3823} INFO - Setting next_dagrun for launch_streamlit_dashboard to None, run_after=None
[2025-07-19T09:40:57.409+0000] {processor.py:183} INFO - Processing /opt/airflow/dags/eda_airflow copy.py took 0.298 seconds
[2025-07-19T09:41:29.737+0000] {processor.py:161} INFO - Started process (PID=9854) to work on /opt/airflow/dags/eda_airflow copy.py
[2025-07-19T09:41:29.953+0000] {processor.py:830} INFO - Processing file /opt/airflow/dags/eda_airflow copy.py for tasks to queue
[2025-07-19T09:41:29.955+0000] {logging_mixin.py:188} INFO - [2025-07-19T09:41:29.954+0000] {dagbag.py:538} INFO - Filling up the DagBag from /opt/airflow/dags/eda_airflow copy.py
[2025-07-19T09:41:30.761+0000] {processor.py:840} INFO - DAG(s) 'launch_streamlit_dashboard' retrieved from /opt/airflow/dags/eda_airflow copy.py
[2025-07-19T09:41:30.876+0000] {logging_mixin.py:188} INFO - [2025-07-19T09:41:30.876+0000] {dag.py:3036} INFO - Sync 1 DAGs
[2025-07-19T09:41:30.892+0000] {logging_mixin.py:188} INFO - [2025-07-19T09:41:30.891+0000] {dag.py:3823} INFO - Setting next_dagrun for launch_streamlit_dashboard to None, run_after=None
[2025-07-19T09:41:30.933+0000] {processor.py:183} INFO - Processing /opt/airflow/dags/eda_airflow copy.py took 1.785 seconds
[2025-07-19T09:42:01.780+0000] {processor.py:161} INFO - Started process (PID=9890) to work on /opt/airflow/dags/eda_airflow copy.py
[2025-07-19T09:42:01.781+0000] {processor.py:830} INFO - Processing file /opt/airflow/dags/eda_airflow copy.py for tasks to queue
[2025-07-19T09:42:01.782+0000] {logging_mixin.py:188} INFO - [2025-07-19T09:42:01.782+0000] {dagbag.py:538} INFO - Filling up the DagBag from /opt/airflow/dags/eda_airflow copy.py
[2025-07-19T09:42:01.793+0000] {processor.py:840} INFO - DAG(s) 'launch_streamlit_dashboard' retrieved from /opt/airflow/dags/eda_airflow copy.py
[2025-07-19T09:42:01.818+0000] {logging_mixin.py:188} INFO - [2025-07-19T09:42:01.817+0000] {dag.py:3036} INFO - Sync 1 DAGs
[2025-07-19T09:42:01.829+0000] {logging_mixin.py:188} INFO - [2025-07-19T09:42:01.829+0000] {dag.py:3823} INFO - Setting next_dagrun for launch_streamlit_dashboard to None, run_after=None
[2025-07-19T09:42:01.852+0000] {processor.py:183} INFO - Processing /opt/airflow/dags/eda_airflow copy.py took 0.075 seconds
[2025-07-19T09:42:31.922+0000] {processor.py:161} INFO - Started process (PID=9915) to work on /opt/airflow/dags/eda_airflow copy.py
[2025-07-19T09:42:31.923+0000] {processor.py:830} INFO - Processing file /opt/airflow/dags/eda_airflow copy.py for tasks to queue
[2025-07-19T09:42:31.924+0000] {logging_mixin.py:188} INFO - [2025-07-19T09:42:31.924+0000] {dagbag.py:538} INFO - Filling up the DagBag from /opt/airflow/dags/eda_airflow copy.py
[2025-07-19T09:42:31.935+0000] {processor.py:840} INFO - DAG(s) 'launch_streamlit_dashboard' retrieved from /opt/airflow/dags/eda_airflow copy.py
[2025-07-19T09:42:31.947+0000] {logging_mixin.py:188} INFO - [2025-07-19T09:42:31.947+0000] {dag.py:3036} INFO - Sync 1 DAGs
[2025-07-19T09:42:31.960+0000] {logging_mixin.py:188} INFO - [2025-07-19T09:42:31.960+0000] {dag.py:3823} INFO - Setting next_dagrun for launch_streamlit_dashboard to None, run_after=None
[2025-07-19T09:42:31.983+0000] {processor.py:183} INFO - Processing /opt/airflow/dags/eda_airflow copy.py took 0.065 seconds
[2025-07-19T09:43:02.201+0000] {processor.py:161} INFO - Started process (PID=9933) to work on /opt/airflow/dags/eda_airflow copy.py
[2025-07-19T09:43:02.202+0000] {processor.py:830} INFO - Processing file /opt/airflow/dags/eda_airflow copy.py for tasks to queue
[2025-07-19T09:43:02.203+0000] {logging_mixin.py:188} INFO - [2025-07-19T09:43:02.203+0000] {dagbag.py:538} INFO - Filling up the DagBag from /opt/airflow/dags/eda_airflow copy.py
[2025-07-19T09:43:02.462+0000] {processor.py:840} INFO - DAG(s) 'launch_streamlit_dashboard' retrieved from /opt/airflow/dags/eda_airflow copy.py
[2025-07-19T09:43:02.766+0000] {logging_mixin.py:188} INFO - [2025-07-19T09:43:02.765+0000] {dag.py:3036} INFO - Sync 1 DAGs
[2025-07-19T09:43:02.782+0000] {logging_mixin.py:188} INFO - [2025-07-19T09:43:02.782+0000] {dag.py:3823} INFO - Setting next_dagrun for launch_streamlit_dashboard to None, run_after=None
[2025-07-19T09:43:02.991+0000] {processor.py:183} INFO - Processing /opt/airflow/dags/eda_airflow copy.py took 0.794 seconds
[2025-07-19T09:43:33.388+0000] {processor.py:161} INFO - Started process (PID=9960) to work on /opt/airflow/dags/eda_airflow copy.py
[2025-07-19T09:43:33.391+0000] {processor.py:830} INFO - Processing file /opt/airflow/dags/eda_airflow copy.py for tasks to queue
[2025-07-19T09:43:33.393+0000] {logging_mixin.py:188} INFO - [2025-07-19T09:43:33.392+0000] {dagbag.py:538} INFO - Filling up the DagBag from /opt/airflow/dags/eda_airflow copy.py
[2025-07-19T09:43:33.487+0000] {processor.py:840} INFO - DAG(s) 'launch_streamlit_dashboard' retrieved from /opt/airflow/dags/eda_airflow copy.py
[2025-07-19T09:43:33.513+0000] {logging_mixin.py:188} INFO - [2025-07-19T09:43:33.513+0000] {dag.py:3036} INFO - Sync 1 DAGs
[2025-07-19T09:43:33.526+0000] {logging_mixin.py:188} INFO - [2025-07-19T09:43:33.525+0000] {dag.py:3823} INFO - Setting next_dagrun for launch_streamlit_dashboard to None, run_after=None
[2025-07-19T09:43:33.545+0000] {processor.py:183} INFO - Processing /opt/airflow/dags/eda_airflow copy.py took 0.170 seconds
[2025-07-19T09:44:04.479+0000] {processor.py:161} INFO - Started process (PID=9983) to work on /opt/airflow/dags/eda_airflow copy.py
[2025-07-19T09:44:04.481+0000] {processor.py:830} INFO - Processing file /opt/airflow/dags/eda_airflow copy.py for tasks to queue
[2025-07-19T09:44:04.483+0000] {logging_mixin.py:188} INFO - [2025-07-19T09:44:04.483+0000] {dagbag.py:538} INFO - Filling up the DagBag from /opt/airflow/dags/eda_airflow copy.py
[2025-07-19T09:44:04.591+0000] {processor.py:840} INFO - DAG(s) 'launch_streamlit_dashboard' retrieved from /opt/airflow/dags/eda_airflow copy.py
[2025-07-19T09:44:04.604+0000] {logging_mixin.py:188} INFO - [2025-07-19T09:44:04.604+0000] {dag.py:3036} INFO - Sync 1 DAGs
[2025-07-19T09:44:04.616+0000] {logging_mixin.py:188} INFO - [2025-07-19T09:44:04.616+0000] {dag.py:3823} INFO - Setting next_dagrun for launch_streamlit_dashboard to None, run_after=None
[2025-07-19T09:44:04.639+0000] {processor.py:183} INFO - Processing /opt/airflow/dags/eda_airflow copy.py took 0.169 seconds
[2025-07-19T09:44:34.775+0000] {processor.py:161} INFO - Started process (PID=10008) to work on /opt/airflow/dags/eda_airflow copy.py
[2025-07-19T09:44:34.776+0000] {processor.py:830} INFO - Processing file /opt/airflow/dags/eda_airflow copy.py for tasks to queue
[2025-07-19T09:44:34.777+0000] {logging_mixin.py:188} INFO - [2025-07-19T09:44:34.777+0000] {dagbag.py:538} INFO - Filling up the DagBag from /opt/airflow/dags/eda_airflow copy.py
[2025-07-19T09:44:34.788+0000] {processor.py:840} INFO - DAG(s) 'launch_streamlit_dashboard' retrieved from /opt/airflow/dags/eda_airflow copy.py
[2025-07-19T09:44:34.887+0000] {logging_mixin.py:188} INFO - [2025-07-19T09:44:34.887+0000] {dag.py:3036} INFO - Sync 1 DAGs
[2025-07-19T09:44:34.965+0000] {logging_mixin.py:188} INFO - [2025-07-19T09:44:34.965+0000] {dag.py:3823} INFO - Setting next_dagrun for launch_streamlit_dashboard to None, run_after=None
[2025-07-19T09:44:35.101+0000] {processor.py:183} INFO - Processing /opt/airflow/dags/eda_airflow copy.py took 0.328 seconds
[2025-07-19T09:45:05.574+0000] {processor.py:161} INFO - Started process (PID=10035) to work on /opt/airflow/dags/eda_airflow copy.py
[2025-07-19T09:45:05.575+0000] {processor.py:830} INFO - Processing file /opt/airflow/dags/eda_airflow copy.py for tasks to queue
[2025-07-19T09:45:05.641+0000] {logging_mixin.py:188} INFO - [2025-07-19T09:45:05.641+0000] {dagbag.py:538} INFO - Filling up the DagBag from /opt/airflow/dags/eda_airflow copy.py
[2025-07-19T09:45:05.653+0000] {processor.py:840} INFO - DAG(s) 'launch_streamlit_dashboard' retrieved from /opt/airflow/dags/eda_airflow copy.py
[2025-07-19T09:45:05.680+0000] {logging_mixin.py:188} INFO - [2025-07-19T09:45:05.680+0000] {dag.py:3036} INFO - Sync 1 DAGs
[2025-07-19T09:45:05.693+0000] {logging_mixin.py:188} INFO - [2025-07-19T09:45:05.692+0000] {dag.py:3823} INFO - Setting next_dagrun for launch_streamlit_dashboard to None, run_after=None
[2025-07-19T09:45:05.716+0000] {processor.py:183} INFO - Processing /opt/airflow/dags/eda_airflow copy.py took 0.146 seconds
[2025-07-19T09:45:35.884+0000] {processor.py:161} INFO - Started process (PID=10058) to work on /opt/airflow/dags/eda_airflow copy.py
[2025-07-19T09:45:35.885+0000] {processor.py:830} INFO - Processing file /opt/airflow/dags/eda_airflow copy.py for tasks to queue
[2025-07-19T09:45:35.886+0000] {logging_mixin.py:188} INFO - [2025-07-19T09:45:35.886+0000] {dagbag.py:538} INFO - Filling up the DagBag from /opt/airflow/dags/eda_airflow copy.py
[2025-07-19T09:45:35.896+0000] {processor.py:840} INFO - DAG(s) 'launch_streamlit_dashboard' retrieved from /opt/airflow/dags/eda_airflow copy.py
[2025-07-19T09:45:35.959+0000] {logging_mixin.py:188} INFO - [2025-07-19T09:45:35.959+0000] {dag.py:3036} INFO - Sync 1 DAGs
[2025-07-19T09:45:35.971+0000] {logging_mixin.py:188} INFO - [2025-07-19T09:45:35.971+0000] {dag.py:3823} INFO - Setting next_dagrun for launch_streamlit_dashboard to None, run_after=None
[2025-07-19T09:45:35.995+0000] {processor.py:183} INFO - Processing /opt/airflow/dags/eda_airflow copy.py took 0.115 seconds
[2025-07-19T09:46:06.396+0000] {processor.py:161} INFO - Started process (PID=10083) to work on /opt/airflow/dags/eda_airflow copy.py
[2025-07-19T09:46:06.397+0000] {processor.py:830} INFO - Processing file /opt/airflow/dags/eda_airflow copy.py for tasks to queue
[2025-07-19T09:46:06.398+0000] {logging_mixin.py:188} INFO - [2025-07-19T09:46:06.397+0000] {dagbag.py:538} INFO - Filling up the DagBag from /opt/airflow/dags/eda_airflow copy.py
[2025-07-19T09:46:06.411+0000] {processor.py:840} INFO - DAG(s) 'launch_streamlit_dashboard' retrieved from /opt/airflow/dags/eda_airflow copy.py
[2025-07-19T09:46:06.528+0000] {logging_mixin.py:188} INFO - [2025-07-19T09:46:06.528+0000] {dag.py:3036} INFO - Sync 1 DAGs
[2025-07-19T09:46:06.543+0000] {logging_mixin.py:188} INFO - [2025-07-19T09:46:06.543+0000] {dag.py:3823} INFO - Setting next_dagrun for launch_streamlit_dashboard to None, run_after=None
[2025-07-19T09:46:06.612+0000] {processor.py:183} INFO - Processing /opt/airflow/dags/eda_airflow copy.py took 0.219 seconds
[2025-07-19T09:46:37.264+0000] {processor.py:161} INFO - Started process (PID=10108) to work on /opt/airflow/dags/eda_airflow copy.py
[2025-07-19T09:46:37.265+0000] {processor.py:830} INFO - Processing file /opt/airflow/dags/eda_airflow copy.py for tasks to queue
[2025-07-19T09:46:37.267+0000] {logging_mixin.py:188} INFO - [2025-07-19T09:46:37.266+0000] {dagbag.py:538} INFO - Filling up the DagBag from /opt/airflow/dags/eda_airflow copy.py
[2025-07-19T09:46:37.279+0000] {processor.py:840} INFO - DAG(s) 'launch_streamlit_dashboard' retrieved from /opt/airflow/dags/eda_airflow copy.py
[2025-07-19T09:46:37.796+0000] {logging_mixin.py:188} INFO - [2025-07-19T09:46:37.795+0000] {dag.py:3036} INFO - Sync 1 DAGs
[2025-07-19T09:46:37.808+0000] {logging_mixin.py:188} INFO - [2025-07-19T09:46:37.808+0000] {dag.py:3823} INFO - Setting next_dagrun for launch_streamlit_dashboard to None, run_after=None
[2025-07-19T09:46:37.834+0000] {processor.py:183} INFO - Processing /opt/airflow/dags/eda_airflow copy.py took 0.573 seconds
[2025-07-19T09:47:08.244+0000] {processor.py:161} INFO - Started process (PID=10135) to work on /opt/airflow/dags/eda_airflow copy.py
[2025-07-19T09:47:08.441+0000] {processor.py:830} INFO - Processing file /opt/airflow/dags/eda_airflow copy.py for tasks to queue
[2025-07-19T09:47:08.443+0000] {logging_mixin.py:188} INFO - [2025-07-19T09:47:08.442+0000] {dagbag.py:538} INFO - Filling up the DagBag from /opt/airflow/dags/eda_airflow copy.py
[2025-07-19T09:47:08.455+0000] {processor.py:840} INFO - DAG(s) 'launch_streamlit_dashboard' retrieved from /opt/airflow/dags/eda_airflow copy.py
[2025-07-19T09:47:08.594+0000] {logging_mixin.py:188} INFO - [2025-07-19T09:47:08.594+0000] {dag.py:3036} INFO - Sync 1 DAGs
[2025-07-19T09:47:08.612+0000] {logging_mixin.py:188} INFO - [2025-07-19T09:47:08.612+0000] {dag.py:3823} INFO - Setting next_dagrun for launch_streamlit_dashboard to None, run_after=None
[2025-07-19T09:47:08.638+0000] {processor.py:183} INFO - Processing /opt/airflow/dags/eda_airflow copy.py took 0.397 seconds
[2025-07-19T09:47:38.713+0000] {processor.py:161} INFO - Started process (PID=10158) to work on /opt/airflow/dags/eda_airflow copy.py
[2025-07-19T09:47:38.714+0000] {processor.py:830} INFO - Processing file /opt/airflow/dags/eda_airflow copy.py for tasks to queue
[2025-07-19T09:47:38.716+0000] {logging_mixin.py:188} INFO - [2025-07-19T09:47:38.715+0000] {dagbag.py:538} INFO - Filling up the DagBag from /opt/airflow/dags/eda_airflow copy.py
[2025-07-19T09:47:38.843+0000] {processor.py:840} INFO - DAG(s) 'launch_streamlit_dashboard' retrieved from /opt/airflow/dags/eda_airflow copy.py
[2025-07-19T09:47:38.945+0000] {logging_mixin.py:188} INFO - [2025-07-19T09:47:38.945+0000] {dag.py:3036} INFO - Sync 1 DAGs
[2025-07-19T09:47:38.991+0000] {logging_mixin.py:188} INFO - [2025-07-19T09:47:38.990+0000] {dag.py:3823} INFO - Setting next_dagrun for launch_streamlit_dashboard to None, run_after=None
[2025-07-19T09:47:39.123+0000] {processor.py:183} INFO - Processing /opt/airflow/dags/eda_airflow copy.py took 0.413 seconds
[2025-07-19T09:48:09.543+0000] {processor.py:161} INFO - Started process (PID=10185) to work on /opt/airflow/dags/eda_airflow copy.py
[2025-07-19T09:48:09.544+0000] {processor.py:830} INFO - Processing file /opt/airflow/dags/eda_airflow copy.py for tasks to queue
[2025-07-19T09:48:09.545+0000] {logging_mixin.py:188} INFO - [2025-07-19T09:48:09.544+0000] {dagbag.py:538} INFO - Filling up the DagBag from /opt/airflow/dags/eda_airflow copy.py
[2025-07-19T09:48:09.603+0000] {processor.py:840} INFO - DAG(s) 'launch_streamlit_dashboard' retrieved from /opt/airflow/dags/eda_airflow copy.py
[2025-07-19T09:48:09.627+0000] {logging_mixin.py:188} INFO - [2025-07-19T09:48:09.627+0000] {dag.py:3036} INFO - Sync 1 DAGs
[2025-07-19T09:48:09.638+0000] {logging_mixin.py:188} INFO - [2025-07-19T09:48:09.638+0000] {dag.py:3823} INFO - Setting next_dagrun for launch_streamlit_dashboard to None, run_after=None
[2025-07-19T09:48:09.660+0000] {processor.py:183} INFO - Processing /opt/airflow/dags/eda_airflow copy.py took 0.121 seconds
[2025-07-19T09:48:40.094+0000] {processor.py:161} INFO - Started process (PID=10208) to work on /opt/airflow/dags/eda_airflow copy.py
[2025-07-19T09:48:40.129+0000] {processor.py:830} INFO - Processing file /opt/airflow/dags/eda_airflow copy.py for tasks to queue
[2025-07-19T09:48:40.130+0000] {logging_mixin.py:188} INFO - [2025-07-19T09:48:40.130+0000] {dagbag.py:538} INFO - Filling up the DagBag from /opt/airflow/dags/eda_airflow copy.py
[2025-07-19T09:48:40.237+0000] {processor.py:840} INFO - DAG(s) 'launch_streamlit_dashboard' retrieved from /opt/airflow/dags/eda_airflow copy.py
[2025-07-19T09:48:40.350+0000] {logging_mixin.py:188} INFO - [2025-07-19T09:48:40.350+0000] {dag.py:3036} INFO - Sync 1 DAGs
[2025-07-19T09:48:40.368+0000] {logging_mixin.py:188} INFO - [2025-07-19T09:48:40.368+0000] {dag.py:3823} INFO - Setting next_dagrun for launch_streamlit_dashboard to None, run_after=None
[2025-07-19T09:48:40.478+0000] {processor.py:183} INFO - Processing /opt/airflow/dags/eda_airflow copy.py took 0.387 seconds
[2025-07-19T09:49:10.906+0000] {processor.py:161} INFO - Started process (PID=10235) to work on /opt/airflow/dags/eda_airflow copy.py
[2025-07-19T09:49:10.907+0000] {processor.py:830} INFO - Processing file /opt/airflow/dags/eda_airflow copy.py for tasks to queue
[2025-07-19T09:49:10.908+0000] {logging_mixin.py:188} INFO - [2025-07-19T09:49:10.908+0000] {dagbag.py:538} INFO - Filling up the DagBag from /opt/airflow/dags/eda_airflow copy.py
[2025-07-19T09:49:10.998+0000] {processor.py:840} INFO - DAG(s) 'launch_streamlit_dashboard' retrieved from /opt/airflow/dags/eda_airflow copy.py
[2025-07-19T09:49:11.716+0000] {logging_mixin.py:188} INFO - [2025-07-19T09:49:11.716+0000] {dag.py:3036} INFO - Sync 1 DAGs
[2025-07-19T09:49:11.725+0000] {logging_mixin.py:188} INFO - [2025-07-19T09:49:11.725+0000] {dag.py:3823} INFO - Setting next_dagrun for launch_streamlit_dashboard to None, run_after=None
[2025-07-19T09:49:11.749+0000] {processor.py:183} INFO - Processing /opt/airflow/dags/eda_airflow copy.py took 0.846 seconds
[2025-07-19T09:49:41.965+0000] {processor.py:161} INFO - Started process (PID=10263) to work on /opt/airflow/dags/eda_airflow copy.py
[2025-07-19T09:49:41.966+0000] {processor.py:830} INFO - Processing file /opt/airflow/dags/eda_airflow copy.py for tasks to queue
[2025-07-19T09:49:41.967+0000] {logging_mixin.py:188} INFO - [2025-07-19T09:49:41.967+0000] {dagbag.py:538} INFO - Filling up the DagBag from /opt/airflow/dags/eda_airflow copy.py
[2025-07-19T09:49:41.978+0000] {processor.py:840} INFO - DAG(s) 'launch_streamlit_dashboard' retrieved from /opt/airflow/dags/eda_airflow copy.py
[2025-07-19T09:49:42.006+0000] {logging_mixin.py:188} INFO - [2025-07-19T09:49:42.005+0000] {dag.py:3036} INFO - Sync 1 DAGs
[2025-07-19T09:49:43.097+0000] {logging_mixin.py:188} INFO - [2025-07-19T09:49:43.097+0000] {dag.py:3823} INFO - Setting next_dagrun for launch_streamlit_dashboard to None, run_after=None
[2025-07-19T09:49:43.264+0000] {processor.py:183} INFO - Processing /opt/airflow/dags/eda_airflow copy.py took 1.304 seconds
[2025-07-19T09:50:13.531+0000] {processor.py:161} INFO - Started process (PID=10290) to work on /opt/airflow/dags/eda_airflow copy.py
[2025-07-19T09:50:13.533+0000] {processor.py:830} INFO - Processing file /opt/airflow/dags/eda_airflow copy.py for tasks to queue
[2025-07-19T09:50:13.534+0000] {logging_mixin.py:188} INFO - [2025-07-19T09:50:13.533+0000] {dagbag.py:538} INFO - Filling up the DagBag from /opt/airflow/dags/eda_airflow copy.py
[2025-07-19T09:50:13.598+0000] {processor.py:840} INFO - DAG(s) 'launch_streamlit_dashboard' retrieved from /opt/airflow/dags/eda_airflow copy.py
[2025-07-19T09:50:13.669+0000] {logging_mixin.py:188} INFO - [2025-07-19T09:50:13.669+0000] {dag.py:3036} INFO - Sync 1 DAGs
[2025-07-19T09:50:13.687+0000] {logging_mixin.py:188} INFO - [2025-07-19T09:50:13.687+0000] {dag.py:3823} INFO - Setting next_dagrun for launch_streamlit_dashboard to None, run_after=None
[2025-07-19T09:50:13.717+0000] {processor.py:183} INFO - Processing /opt/airflow/dags/eda_airflow copy.py took 0.189 seconds
[2025-07-19T09:50:44.549+0000] {processor.py:161} INFO - Started process (PID=10315) to work on /opt/airflow/dags/eda_airflow copy.py
[2025-07-19T09:50:44.550+0000] {processor.py:830} INFO - Processing file /opt/airflow/dags/eda_airflow copy.py for tasks to queue
[2025-07-19T09:50:44.551+0000] {logging_mixin.py:188} INFO - [2025-07-19T09:50:44.551+0000] {dagbag.py:538} INFO - Filling up the DagBag from /opt/airflow/dags/eda_airflow copy.py
[2025-07-19T09:50:44.562+0000] {processor.py:840} INFO - DAG(s) 'launch_streamlit_dashboard' retrieved from /opt/airflow/dags/eda_airflow copy.py
[2025-07-19T09:50:44.665+0000] {logging_mixin.py:188} INFO - [2025-07-19T09:50:44.665+0000] {dag.py:3036} INFO - Sync 1 DAGs
[2025-07-19T09:50:44.677+0000] {logging_mixin.py:188} INFO - [2025-07-19T09:50:44.677+0000] {dag.py:3823} INFO - Setting next_dagrun for launch_streamlit_dashboard to None, run_after=None
[2025-07-19T09:50:44.702+0000] {processor.py:183} INFO - Processing /opt/airflow/dags/eda_airflow copy.py took 0.156 seconds
[2025-07-19T09:51:15.618+0000] {processor.py:161} INFO - Started process (PID=10340) to work on /opt/airflow/dags/eda_airflow copy.py
[2025-07-19T09:51:15.620+0000] {processor.py:830} INFO - Processing file /opt/airflow/dags/eda_airflow copy.py for tasks to queue
[2025-07-19T09:51:15.621+0000] {logging_mixin.py:188} INFO - [2025-07-19T09:51:15.620+0000] {dagbag.py:538} INFO - Filling up the DagBag from /opt/airflow/dags/eda_airflow copy.py
[2025-07-19T09:51:15.632+0000] {processor.py:840} INFO - DAG(s) 'launch_streamlit_dashboard' retrieved from /opt/airflow/dags/eda_airflow copy.py
[2025-07-19T09:51:15.659+0000] {logging_mixin.py:188} INFO - [2025-07-19T09:51:15.659+0000] {dag.py:3036} INFO - Sync 1 DAGs
[2025-07-19T09:51:15.674+0000] {logging_mixin.py:188} INFO - [2025-07-19T09:51:15.674+0000] {dag.py:3823} INFO - Setting next_dagrun for launch_streamlit_dashboard to None, run_after=None
[2025-07-19T09:51:15.700+0000] {processor.py:183} INFO - Processing /opt/airflow/dags/eda_airflow copy.py took 0.085 seconds
[2025-07-19T09:51:46.338+0000] {processor.py:161} INFO - Started process (PID=10365) to work on /opt/airflow/dags/eda_airflow copy.py
[2025-07-19T09:51:46.339+0000] {processor.py:830} INFO - Processing file /opt/airflow/dags/eda_airflow copy.py for tasks to queue
[2025-07-19T09:51:46.340+0000] {logging_mixin.py:188} INFO - [2025-07-19T09:51:46.340+0000] {dagbag.py:538} INFO - Filling up the DagBag from /opt/airflow/dags/eda_airflow copy.py
[2025-07-19T09:51:46.351+0000] {processor.py:840} INFO - DAG(s) 'launch_streamlit_dashboard' retrieved from /opt/airflow/dags/eda_airflow copy.py
[2025-07-19T09:51:46.363+0000] {logging_mixin.py:188} INFO - [2025-07-19T09:51:46.363+0000] {dag.py:3036} INFO - Sync 1 DAGs
[2025-07-19T09:51:46.376+0000] {logging_mixin.py:188} INFO - [2025-07-19T09:51:46.376+0000] {dag.py:3823} INFO - Setting next_dagrun for launch_streamlit_dashboard to None, run_after=None
[2025-07-19T09:51:46.401+0000] {processor.py:183} INFO - Processing /opt/airflow/dags/eda_airflow copy.py took 0.067 seconds
[2025-07-19T09:52:17.284+0000] {processor.py:161} INFO - Started process (PID=10390) to work on /opt/airflow/dags/eda_airflow copy.py
[2025-07-19T09:52:17.285+0000] {processor.py:830} INFO - Processing file /opt/airflow/dags/eda_airflow copy.py for tasks to queue
[2025-07-19T09:52:17.286+0000] {logging_mixin.py:188} INFO - [2025-07-19T09:52:17.286+0000] {dagbag.py:538} INFO - Filling up the DagBag from /opt/airflow/dags/eda_airflow copy.py
[2025-07-19T09:52:17.299+0000] {processor.py:840} INFO - DAG(s) 'launch_streamlit_dashboard' retrieved from /opt/airflow/dags/eda_airflow copy.py
[2025-07-19T09:52:17.400+0000] {logging_mixin.py:188} INFO - [2025-07-19T09:52:17.400+0000] {dag.py:3036} INFO - Sync 1 DAGs
[2025-07-19T09:52:17.409+0000] {logging_mixin.py:188} INFO - [2025-07-19T09:52:17.409+0000] {dag.py:3823} INFO - Setting next_dagrun for launch_streamlit_dashboard to None, run_after=None
[2025-07-19T09:52:17.432+0000] {processor.py:183} INFO - Processing /opt/airflow/dags/eda_airflow copy.py took 0.151 seconds
[2025-07-19T09:52:47.820+0000] {processor.py:161} INFO - Started process (PID=10415) to work on /opt/airflow/dags/eda_airflow copy.py
[2025-07-19T09:52:47.821+0000] {processor.py:830} INFO - Processing file /opt/airflow/dags/eda_airflow copy.py for tasks to queue
[2025-07-19T09:52:47.822+0000] {logging_mixin.py:188} INFO - [2025-07-19T09:52:47.821+0000] {dagbag.py:538} INFO - Filling up the DagBag from /opt/airflow/dags/eda_airflow copy.py
[2025-07-19T09:52:47.835+0000] {processor.py:840} INFO - DAG(s) 'launch_streamlit_dashboard' retrieved from /opt/airflow/dags/eda_airflow copy.py
[2025-07-19T09:52:47.867+0000] {logging_mixin.py:188} INFO - [2025-07-19T09:52:47.867+0000] {dag.py:3036} INFO - Sync 1 DAGs
[2025-07-19T09:52:47.910+0000] {logging_mixin.py:188} INFO - [2025-07-19T09:52:47.910+0000] {dag.py:3823} INFO - Setting next_dagrun for launch_streamlit_dashboard to None, run_after=None
[2025-07-19T09:52:47.939+0000] {processor.py:183} INFO - Processing /opt/airflow/dags/eda_airflow copy.py took 0.123 seconds
[2025-07-19T09:53:18.270+0000] {processor.py:161} INFO - Started process (PID=10440) to work on /opt/airflow/dags/eda_airflow copy.py
[2025-07-19T09:53:18.271+0000] {processor.py:830} INFO - Processing file /opt/airflow/dags/eda_airflow copy.py for tasks to queue
[2025-07-19T09:53:18.272+0000] {logging_mixin.py:188} INFO - [2025-07-19T09:53:18.272+0000] {dagbag.py:538} INFO - Filling up the DagBag from /opt/airflow/dags/eda_airflow copy.py
[2025-07-19T09:53:18.283+0000] {processor.py:840} INFO - DAG(s) 'launch_streamlit_dashboard' retrieved from /opt/airflow/dags/eda_airflow copy.py
[2025-07-19T09:53:18.295+0000] {logging_mixin.py:188} INFO - [2025-07-19T09:53:18.295+0000] {dag.py:3036} INFO - Sync 1 DAGs
[2025-07-19T09:53:18.307+0000] {logging_mixin.py:188} INFO - [2025-07-19T09:53:18.307+0000] {dag.py:3823} INFO - Setting next_dagrun for launch_streamlit_dashboard to None, run_after=None
[2025-07-19T09:53:18.332+0000] {processor.py:183} INFO - Processing /opt/airflow/dags/eda_airflow copy.py took 0.066 seconds
[2025-07-19T09:53:48.750+0000] {processor.py:161} INFO - Started process (PID=10465) to work on /opt/airflow/dags/eda_airflow copy.py
[2025-07-19T09:53:48.751+0000] {processor.py:830} INFO - Processing file /opt/airflow/dags/eda_airflow copy.py for tasks to queue
[2025-07-19T09:53:48.751+0000] {logging_mixin.py:188} INFO - [2025-07-19T09:53:48.751+0000] {dagbag.py:538} INFO - Filling up the DagBag from /opt/airflow/dags/eda_airflow copy.py
[2025-07-19T09:53:48.762+0000] {processor.py:840} INFO - DAG(s) 'launch_streamlit_dashboard' retrieved from /opt/airflow/dags/eda_airflow copy.py
[2025-07-19T09:53:48.866+0000] {logging_mixin.py:188} INFO - [2025-07-19T09:53:48.866+0000] {dag.py:3036} INFO - Sync 1 DAGs
[2025-07-19T09:53:48.876+0000] {logging_mixin.py:188} INFO - [2025-07-19T09:53:48.876+0000] {dag.py:3823} INFO - Setting next_dagrun for launch_streamlit_dashboard to None, run_after=None
[2025-07-19T09:53:48.896+0000] {processor.py:183} INFO - Processing /opt/airflow/dags/eda_airflow copy.py took 0.150 seconds
[2025-07-19T09:54:19.292+0000] {processor.py:161} INFO - Started process (PID=10490) to work on /opt/airflow/dags/eda_airflow copy.py
[2025-07-19T09:54:19.293+0000] {processor.py:830} INFO - Processing file /opt/airflow/dags/eda_airflow copy.py for tasks to queue
[2025-07-19T09:54:19.294+0000] {logging_mixin.py:188} INFO - [2025-07-19T09:54:19.294+0000] {dagbag.py:538} INFO - Filling up the DagBag from /opt/airflow/dags/eda_airflow copy.py
[2025-07-19T09:54:19.307+0000] {processor.py:840} INFO - DAG(s) 'launch_streamlit_dashboard' retrieved from /opt/airflow/dags/eda_airflow copy.py
[2025-07-19T09:54:19.333+0000] {logging_mixin.py:188} INFO - [2025-07-19T09:54:19.332+0000] {dag.py:3036} INFO - Sync 1 DAGs
[2025-07-19T09:54:19.344+0000] {logging_mixin.py:188} INFO - [2025-07-19T09:54:19.344+0000] {dag.py:3823} INFO - Setting next_dagrun for launch_streamlit_dashboard to None, run_after=None
[2025-07-19T09:54:19.366+0000] {processor.py:183} INFO - Processing /opt/airflow/dags/eda_airflow copy.py took 0.078 seconds
[2025-07-19T09:54:49.686+0000] {processor.py:161} INFO - Started process (PID=10515) to work on /opt/airflow/dags/eda_airflow copy.py
[2025-07-19T09:54:49.687+0000] {processor.py:830} INFO - Processing file /opt/airflow/dags/eda_airflow copy.py for tasks to queue
[2025-07-19T09:54:49.688+0000] {logging_mixin.py:188} INFO - [2025-07-19T09:54:49.688+0000] {dagbag.py:538} INFO - Filling up the DagBag from /opt/airflow/dags/eda_airflow copy.py
[2025-07-19T09:54:49.699+0000] {processor.py:840} INFO - DAG(s) 'launch_streamlit_dashboard' retrieved from /opt/airflow/dags/eda_airflow copy.py
[2025-07-19T09:54:49.711+0000] {logging_mixin.py:188} INFO - [2025-07-19T09:54:49.711+0000] {dag.py:3036} INFO - Sync 1 DAGs
[2025-07-19T09:54:49.723+0000] {logging_mixin.py:188} INFO - [2025-07-19T09:54:49.723+0000] {dag.py:3823} INFO - Setting next_dagrun for launch_streamlit_dashboard to None, run_after=None
[2025-07-19T09:54:49.753+0000] {processor.py:183} INFO - Processing /opt/airflow/dags/eda_airflow copy.py took 0.071 seconds
[2025-07-19T09:55:20.192+0000] {processor.py:161} INFO - Started process (PID=10540) to work on /opt/airflow/dags/eda_airflow copy.py
[2025-07-19T09:55:20.193+0000] {processor.py:830} INFO - Processing file /opt/airflow/dags/eda_airflow copy.py for tasks to queue
[2025-07-19T09:55:20.194+0000] {logging_mixin.py:188} INFO - [2025-07-19T09:55:20.194+0000] {dagbag.py:538} INFO - Filling up the DagBag from /opt/airflow/dags/eda_airflow copy.py
[2025-07-19T09:55:20.206+0000] {processor.py:840} INFO - DAG(s) 'launch_streamlit_dashboard' retrieved from /opt/airflow/dags/eda_airflow copy.py
[2025-07-19T09:55:20.305+0000] {logging_mixin.py:188} INFO - [2025-07-19T09:55:20.304+0000] {dag.py:3036} INFO - Sync 1 DAGs
[2025-07-19T09:55:20.314+0000] {logging_mixin.py:188} INFO - [2025-07-19T09:55:20.313+0000] {dag.py:3823} INFO - Setting next_dagrun for launch_streamlit_dashboard to None, run_after=None
[2025-07-19T09:55:20.335+0000] {processor.py:183} INFO - Processing /opt/airflow/dags/eda_airflow copy.py took 0.147 seconds
[2025-07-19T09:55:50.757+0000] {processor.py:161} INFO - Started process (PID=10565) to work on /opt/airflow/dags/eda_airflow copy.py
[2025-07-19T09:55:50.758+0000] {processor.py:830} INFO - Processing file /opt/airflow/dags/eda_airflow copy.py for tasks to queue
[2025-07-19T09:55:50.760+0000] {logging_mixin.py:188} INFO - [2025-07-19T09:55:50.759+0000] {dagbag.py:538} INFO - Filling up the DagBag from /opt/airflow/dags/eda_airflow copy.py
[2025-07-19T09:55:50.798+0000] {processor.py:840} INFO - DAG(s) 'launch_streamlit_dashboard' retrieved from /opt/airflow/dags/eda_airflow copy.py
[2025-07-19T09:55:50.824+0000] {logging_mixin.py:188} INFO - [2025-07-19T09:55:50.824+0000] {dag.py:3036} INFO - Sync 1 DAGs
[2025-07-19T09:55:50.839+0000] {logging_mixin.py:188} INFO - [2025-07-19T09:55:50.839+0000] {dag.py:3823} INFO - Setting next_dagrun for launch_streamlit_dashboard to None, run_after=None
[2025-07-19T09:55:50.863+0000] {processor.py:183} INFO - Processing /opt/airflow/dags/eda_airflow copy.py took 0.109 seconds
[2025-07-19T09:56:21.274+0000] {processor.py:161} INFO - Started process (PID=10590) to work on /opt/airflow/dags/eda_airflow copy.py
[2025-07-19T09:56:21.275+0000] {processor.py:830} INFO - Processing file /opt/airflow/dags/eda_airflow copy.py for tasks to queue
[2025-07-19T09:56:21.276+0000] {logging_mixin.py:188} INFO - [2025-07-19T09:56:21.275+0000] {dagbag.py:538} INFO - Filling up the DagBag from /opt/airflow/dags/eda_airflow copy.py
[2025-07-19T09:56:21.287+0000] {processor.py:840} INFO - DAG(s) 'launch_streamlit_dashboard' retrieved from /opt/airflow/dags/eda_airflow copy.py
[2025-07-19T09:56:21.297+0000] {logging_mixin.py:188} INFO - [2025-07-19T09:56:21.297+0000] {dag.py:3036} INFO - Sync 1 DAGs
[2025-07-19T09:56:21.309+0000] {logging_mixin.py:188} INFO - [2025-07-19T09:56:21.309+0000] {dag.py:3823} INFO - Setting next_dagrun for launch_streamlit_dashboard to None, run_after=None
[2025-07-19T09:56:21.332+0000] {processor.py:183} INFO - Processing /opt/airflow/dags/eda_airflow copy.py took 0.062 seconds
[2025-07-19T09:56:51.752+0000] {processor.py:161} INFO - Started process (PID=10615) to work on /opt/airflow/dags/eda_airflow copy.py
[2025-07-19T09:56:51.754+0000] {processor.py:830} INFO - Processing file /opt/airflow/dags/eda_airflow copy.py for tasks to queue
[2025-07-19T09:56:51.755+0000] {logging_mixin.py:188} INFO - [2025-07-19T09:56:51.754+0000] {dagbag.py:538} INFO - Filling up the DagBag from /opt/airflow/dags/eda_airflow copy.py
[2025-07-19T09:56:51.765+0000] {processor.py:840} INFO - DAG(s) 'launch_streamlit_dashboard' retrieved from /opt/airflow/dags/eda_airflow copy.py
[2025-07-19T09:56:51.864+0000] {logging_mixin.py:188} INFO - [2025-07-19T09:56:51.863+0000] {dag.py:3036} INFO - Sync 1 DAGs
[2025-07-19T09:56:51.874+0000] {logging_mixin.py:188} INFO - [2025-07-19T09:56:51.873+0000] {dag.py:3823} INFO - Setting next_dagrun for launch_streamlit_dashboard to None, run_after=None
[2025-07-19T09:56:51.896+0000] {processor.py:183} INFO - Processing /opt/airflow/dags/eda_airflow copy.py took 0.147 seconds
[2025-07-19T09:57:22.283+0000] {processor.py:161} INFO - Started process (PID=10640) to work on /opt/airflow/dags/eda_airflow copy.py
[2025-07-19T09:57:22.284+0000] {processor.py:830} INFO - Processing file /opt/airflow/dags/eda_airflow copy.py for tasks to queue
[2025-07-19T09:57:22.285+0000] {logging_mixin.py:188} INFO - [2025-07-19T09:57:22.285+0000] {dagbag.py:538} INFO - Filling up the DagBag from /opt/airflow/dags/eda_airflow copy.py
[2025-07-19T09:57:22.297+0000] {processor.py:840} INFO - DAG(s) 'launch_streamlit_dashboard' retrieved from /opt/airflow/dags/eda_airflow copy.py
[2025-07-19T09:57:22.325+0000] {logging_mixin.py:188} INFO - [2025-07-19T09:57:22.324+0000] {dag.py:3036} INFO - Sync 1 DAGs
[2025-07-19T09:57:22.338+0000] {logging_mixin.py:188} INFO - [2025-07-19T09:57:22.337+0000] {dag.py:3823} INFO - Setting next_dagrun for launch_streamlit_dashboard to None, run_after=None
[2025-07-19T09:57:22.363+0000] {processor.py:183} INFO - Processing /opt/airflow/dags/eda_airflow copy.py took 0.083 seconds
[2025-07-19T09:57:52.739+0000] {processor.py:161} INFO - Started process (PID=10665) to work on /opt/airflow/dags/eda_airflow copy.py
[2025-07-19T09:57:52.740+0000] {processor.py:830} INFO - Processing file /opt/airflow/dags/eda_airflow copy.py for tasks to queue
[2025-07-19T09:57:52.741+0000] {logging_mixin.py:188} INFO - [2025-07-19T09:57:52.741+0000] {dagbag.py:538} INFO - Filling up the DagBag from /opt/airflow/dags/eda_airflow copy.py
[2025-07-19T09:57:52.752+0000] {processor.py:840} INFO - DAG(s) 'launch_streamlit_dashboard' retrieved from /opt/airflow/dags/eda_airflow copy.py
[2025-07-19T09:57:52.762+0000] {logging_mixin.py:188} INFO - [2025-07-19T09:57:52.762+0000] {dag.py:3036} INFO - Sync 1 DAGs
[2025-07-19T09:57:52.776+0000] {logging_mixin.py:188} INFO - [2025-07-19T09:57:52.775+0000] {dag.py:3823} INFO - Setting next_dagrun for launch_streamlit_dashboard to None, run_after=None
[2025-07-19T09:57:52.799+0000] {processor.py:183} INFO - Processing /opt/airflow/dags/eda_airflow copy.py took 0.063 seconds
[2025-07-19T09:58:23.248+0000] {processor.py:161} INFO - Started process (PID=10690) to work on /opt/airflow/dags/eda_airflow copy.py
[2025-07-19T09:58:23.250+0000] {processor.py:830} INFO - Processing file /opt/airflow/dags/eda_airflow copy.py for tasks to queue
[2025-07-19T09:58:23.251+0000] {logging_mixin.py:188} INFO - [2025-07-19T09:58:23.251+0000] {dagbag.py:538} INFO - Filling up the DagBag from /opt/airflow/dags/eda_airflow copy.py
[2025-07-19T09:58:23.262+0000] {processor.py:840} INFO - DAG(s) 'launch_streamlit_dashboard' retrieved from /opt/airflow/dags/eda_airflow copy.py
[2025-07-19T09:58:23.364+0000] {logging_mixin.py:188} INFO - [2025-07-19T09:58:23.364+0000] {dag.py:3036} INFO - Sync 1 DAGs
[2025-07-19T09:58:23.372+0000] {logging_mixin.py:188} INFO - [2025-07-19T09:58:23.372+0000] {dag.py:3823} INFO - Setting next_dagrun for launch_streamlit_dashboard to None, run_after=None
[2025-07-19T09:58:23.393+0000] {processor.py:183} INFO - Processing /opt/airflow/dags/eda_airflow copy.py took 0.148 seconds
[2025-07-19T09:58:53.773+0000] {processor.py:161} INFO - Started process (PID=10715) to work on /opt/airflow/dags/eda_airflow copy.py
[2025-07-19T09:58:53.775+0000] {processor.py:830} INFO - Processing file /opt/airflow/dags/eda_airflow copy.py for tasks to queue
[2025-07-19T09:58:53.776+0000] {logging_mixin.py:188} INFO - [2025-07-19T09:58:53.775+0000] {dagbag.py:538} INFO - Filling up the DagBag from /opt/airflow/dags/eda_airflow copy.py
[2025-07-19T09:58:53.788+0000] {processor.py:840} INFO - DAG(s) 'launch_streamlit_dashboard' retrieved from /opt/airflow/dags/eda_airflow copy.py
[2025-07-19T09:58:53.813+0000] {logging_mixin.py:188} INFO - [2025-07-19T09:58:53.813+0000] {dag.py:3036} INFO - Sync 1 DAGs
[2025-07-19T09:58:53.825+0000] {logging_mixin.py:188} INFO - [2025-07-19T09:58:53.825+0000] {dag.py:3823} INFO - Setting next_dagrun for launch_streamlit_dashboard to None, run_after=None
[2025-07-19T09:58:53.865+0000] {processor.py:183} INFO - Processing /opt/airflow/dags/eda_airflow copy.py took 0.095 seconds
[2025-07-19T09:59:24.239+0000] {processor.py:161} INFO - Started process (PID=10740) to work on /opt/airflow/dags/eda_airflow copy.py
[2025-07-19T09:59:24.240+0000] {processor.py:830} INFO - Processing file /opt/airflow/dags/eda_airflow copy.py for tasks to queue
[2025-07-19T09:59:24.241+0000] {logging_mixin.py:188} INFO - [2025-07-19T09:59:24.241+0000] {dagbag.py:538} INFO - Filling up the DagBag from /opt/airflow/dags/eda_airflow copy.py
[2025-07-19T09:59:24.252+0000] {processor.py:840} INFO - DAG(s) 'launch_streamlit_dashboard' retrieved from /opt/airflow/dags/eda_airflow copy.py
[2025-07-19T09:59:24.263+0000] {logging_mixin.py:188} INFO - [2025-07-19T09:59:24.263+0000] {dag.py:3036} INFO - Sync 1 DAGs
[2025-07-19T09:59:24.275+0000] {logging_mixin.py:188} INFO - [2025-07-19T09:59:24.275+0000] {dag.py:3823} INFO - Setting next_dagrun for launch_streamlit_dashboard to None, run_after=None
[2025-07-19T09:59:24.301+0000] {processor.py:183} INFO - Processing /opt/airflow/dags/eda_airflow copy.py took 0.065 seconds
[2025-07-19T09:59:54.702+0000] {processor.py:161} INFO - Started process (PID=10765) to work on /opt/airflow/dags/eda_airflow copy.py
[2025-07-19T09:59:54.703+0000] {processor.py:830} INFO - Processing file /opt/airflow/dags/eda_airflow copy.py for tasks to queue
[2025-07-19T09:59:54.704+0000] {logging_mixin.py:188} INFO - [2025-07-19T09:59:54.704+0000] {dagbag.py:538} INFO - Filling up the DagBag from /opt/airflow/dags/eda_airflow copy.py
[2025-07-19T09:59:54.714+0000] {processor.py:840} INFO - DAG(s) 'launch_streamlit_dashboard' retrieved from /opt/airflow/dags/eda_airflow copy.py
[2025-07-19T09:59:54.817+0000] {logging_mixin.py:188} INFO - [2025-07-19T09:59:54.817+0000] {dag.py:3036} INFO - Sync 1 DAGs
[2025-07-19T09:59:54.828+0000] {logging_mixin.py:188} INFO - [2025-07-19T09:59:54.827+0000] {dag.py:3823} INFO - Setting next_dagrun for launch_streamlit_dashboard to None, run_after=None
[2025-07-19T09:59:54.860+0000] {processor.py:183} INFO - Processing /opt/airflow/dags/eda_airflow copy.py took 0.161 seconds
[2025-07-19T10:00:25.257+0000] {processor.py:161} INFO - Started process (PID=10790) to work on /opt/airflow/dags/eda_airflow copy.py
[2025-07-19T10:00:25.258+0000] {processor.py:830} INFO - Processing file /opt/airflow/dags/eda_airflow copy.py for tasks to queue
[2025-07-19T10:00:25.259+0000] {logging_mixin.py:188} INFO - [2025-07-19T10:00:25.259+0000] {dagbag.py:538} INFO - Filling up the DagBag from /opt/airflow/dags/eda_airflow copy.py
[2025-07-19T10:00:25.271+0000] {processor.py:840} INFO - DAG(s) 'launch_streamlit_dashboard' retrieved from /opt/airflow/dags/eda_airflow copy.py
[2025-07-19T10:00:25.296+0000] {logging_mixin.py:188} INFO - [2025-07-19T10:00:25.295+0000] {dag.py:3036} INFO - Sync 1 DAGs
[2025-07-19T10:00:25.307+0000] {logging_mixin.py:188} INFO - [2025-07-19T10:00:25.307+0000] {dag.py:3823} INFO - Setting next_dagrun for launch_streamlit_dashboard to None, run_after=None
[2025-07-19T10:00:25.338+0000] {processor.py:183} INFO - Processing /opt/airflow/dags/eda_airflow copy.py took 0.084 seconds
[2025-07-19T10:00:55.732+0000] {processor.py:161} INFO - Started process (PID=10815) to work on /opt/airflow/dags/eda_airflow copy.py
[2025-07-19T10:00:55.733+0000] {processor.py:830} INFO - Processing file /opt/airflow/dags/eda_airflow copy.py for tasks to queue
[2025-07-19T10:00:55.733+0000] {logging_mixin.py:188} INFO - [2025-07-19T10:00:55.733+0000] {dagbag.py:538} INFO - Filling up the DagBag from /opt/airflow/dags/eda_airflow copy.py
[2025-07-19T10:00:55.744+0000] {processor.py:840} INFO - DAG(s) 'launch_streamlit_dashboard' retrieved from /opt/airflow/dags/eda_airflow copy.py
[2025-07-19T10:00:55.755+0000] {logging_mixin.py:188} INFO - [2025-07-19T10:00:55.755+0000] {dag.py:3036} INFO - Sync 1 DAGs
[2025-07-19T10:00:55.767+0000] {logging_mixin.py:188} INFO - [2025-07-19T10:00:55.767+0000] {dag.py:3823} INFO - Setting next_dagrun for launch_streamlit_dashboard to None, run_after=None
[2025-07-19T10:00:55.792+0000] {processor.py:183} INFO - Processing /opt/airflow/dags/eda_airflow copy.py took 0.063 seconds
[2025-07-19T10:01:26.237+0000] {processor.py:161} INFO - Started process (PID=10840) to work on /opt/airflow/dags/eda_airflow copy.py
[2025-07-19T10:01:26.238+0000] {processor.py:830} INFO - Processing file /opt/airflow/dags/eda_airflow copy.py for tasks to queue
[2025-07-19T10:01:26.239+0000] {logging_mixin.py:188} INFO - [2025-07-19T10:01:26.239+0000] {dagbag.py:538} INFO - Filling up the DagBag from /opt/airflow/dags/eda_airflow copy.py
[2025-07-19T10:01:26.250+0000] {processor.py:840} INFO - DAG(s) 'launch_streamlit_dashboard' retrieved from /opt/airflow/dags/eda_airflow copy.py
[2025-07-19T10:01:26.354+0000] {logging_mixin.py:188} INFO - [2025-07-19T10:01:26.353+0000] {dag.py:3036} INFO - Sync 1 DAGs
[2025-07-19T10:01:26.363+0000] {logging_mixin.py:188} INFO - [2025-07-19T10:01:26.363+0000] {dag.py:3823} INFO - Setting next_dagrun for launch_streamlit_dashboard to None, run_after=None
[2025-07-19T10:01:26.383+0000] {processor.py:183} INFO - Processing /opt/airflow/dags/eda_airflow copy.py took 0.150 seconds
[2025-07-19T10:01:56.730+0000] {processor.py:161} INFO - Started process (PID=10865) to work on /opt/airflow/dags/eda_airflow copy.py
[2025-07-19T10:01:56.731+0000] {processor.py:830} INFO - Processing file /opt/airflow/dags/eda_airflow copy.py for tasks to queue
[2025-07-19T10:01:56.733+0000] {logging_mixin.py:188} INFO - [2025-07-19T10:01:56.732+0000] {dagbag.py:538} INFO - Filling up the DagBag from /opt/airflow/dags/eda_airflow copy.py
[2025-07-19T10:01:56.745+0000] {processor.py:840} INFO - DAG(s) 'launch_streamlit_dashboard' retrieved from /opt/airflow/dags/eda_airflow copy.py
[2025-07-19T10:01:56.773+0000] {logging_mixin.py:188} INFO - [2025-07-19T10:01:56.772+0000] {dag.py:3036} INFO - Sync 1 DAGs
[2025-07-19T10:01:56.786+0000] {logging_mixin.py:188} INFO - [2025-07-19T10:01:56.786+0000] {dag.py:3823} INFO - Setting next_dagrun for launch_streamlit_dashboard to None, run_after=None
[2025-07-19T10:01:56.816+0000] {processor.py:183} INFO - Processing /opt/airflow/dags/eda_airflow copy.py took 0.089 seconds
[2025-07-19T10:02:51.578+0000] {processor.py:161} INFO - Started process (PID=10888) to work on /opt/airflow/dags/eda_airflow copy.py
[2025-07-19T10:02:51.834+0000] {processor.py:830} INFO - Processing file /opt/airflow/dags/eda_airflow copy.py for tasks to queue
[2025-07-19T10:02:51.958+0000] {logging_mixin.py:188} INFO - [2025-07-19T10:02:51.958+0000] {dagbag.py:538} INFO - Filling up the DagBag from /opt/airflow/dags/eda_airflow copy.py
[2025-07-19T10:02:52.750+0000] {processor.py:840} INFO - DAG(s) 'launch_streamlit_dashboard' retrieved from /opt/airflow/dags/eda_airflow copy.py
[2025-07-19T10:02:54.861+0000] {logging_mixin.py:188} INFO - [2025-07-19T10:02:54.861+0000] {dag.py:3036} INFO - Sync 1 DAGs
[2025-07-19T10:02:54.871+0000] {logging_mixin.py:188} INFO - [2025-07-19T10:02:54.871+0000] {dag.py:3823} INFO - Setting next_dagrun for launch_streamlit_dashboard to None, run_after=None
[2025-07-19T10:02:54.895+0000] {processor.py:183} INFO - Processing /opt/airflow/dags/eda_airflow copy.py took 4.041 seconds
[2025-07-19T10:03:25.828+0000] {processor.py:161} INFO - Started process (PID=10925) to work on /opt/airflow/dags/eda_airflow copy.py
[2025-07-19T10:03:25.830+0000] {processor.py:830} INFO - Processing file /opt/airflow/dags/eda_airflow copy.py for tasks to queue
[2025-07-19T10:03:25.831+0000] {logging_mixin.py:188} INFO - [2025-07-19T10:03:25.830+0000] {dagbag.py:538} INFO - Filling up the DagBag from /opt/airflow/dags/eda_airflow copy.py
[2025-07-19T10:03:25.841+0000] {processor.py:840} INFO - DAG(s) 'launch_streamlit_dashboard' retrieved from /opt/airflow/dags/eda_airflow copy.py
[2025-07-19T10:03:25.870+0000] {logging_mixin.py:188} INFO - [2025-07-19T10:03:25.870+0000] {dag.py:3036} INFO - Sync 1 DAGs
[2025-07-19T10:03:25.882+0000] {logging_mixin.py:188} INFO - [2025-07-19T10:03:25.882+0000] {dag.py:3823} INFO - Setting next_dagrun for launch_streamlit_dashboard to None, run_after=None
[2025-07-19T10:03:25.905+0000] {processor.py:183} INFO - Processing /opt/airflow/dags/eda_airflow copy.py took 0.080 seconds
[2025-07-19T10:04:00.888+0000] {processor.py:161} INFO - Started process (PID=10946) to work on /opt/airflow/dags/eda_airflow copy.py
[2025-07-19T10:04:00.889+0000] {processor.py:830} INFO - Processing file /opt/airflow/dags/eda_airflow copy.py for tasks to queue
[2025-07-19T10:04:00.890+0000] {logging_mixin.py:188} INFO - [2025-07-19T10:04:00.890+0000] {dagbag.py:538} INFO - Filling up the DagBag from /opt/airflow/dags/eda_airflow copy.py
[2025-07-19T10:04:00.901+0000] {processor.py:840} INFO - DAG(s) 'launch_streamlit_dashboard' retrieved from /opt/airflow/dags/eda_airflow copy.py
[2025-07-19T10:04:00.912+0000] {logging_mixin.py:188} INFO - [2025-07-19T10:04:00.911+0000] {dag.py:3036} INFO - Sync 1 DAGs
[2025-07-19T10:04:00.923+0000] {logging_mixin.py:188} INFO - [2025-07-19T10:04:00.923+0000] {dag.py:3823} INFO - Setting next_dagrun for launch_streamlit_dashboard to None, run_after=None
[2025-07-19T10:04:00.946+0000] {processor.py:183} INFO - Processing /opt/airflow/dags/eda_airflow copy.py took 0.061 seconds
[2025-07-19T10:04:31.443+0000] {processor.py:161} INFO - Started process (PID=10963) to work on /opt/airflow/dags/eda_airflow copy.py
[2025-07-19T10:04:31.444+0000] {processor.py:830} INFO - Processing file /opt/airflow/dags/eda_airflow copy.py for tasks to queue
[2025-07-19T10:04:31.445+0000] {logging_mixin.py:188} INFO - [2025-07-19T10:04:31.444+0000] {dagbag.py:538} INFO - Filling up the DagBag from /opt/airflow/dags/eda_airflow copy.py
[2025-07-19T10:04:31.462+0000] {processor.py:840} INFO - DAG(s) 'launch_streamlit_dashboard' retrieved from /opt/airflow/dags/eda_airflow copy.py
[2025-07-19T10:04:31.996+0000] {logging_mixin.py:188} INFO - [2025-07-19T10:04:31.996+0000] {dag.py:3036} INFO - Sync 1 DAGs
[2025-07-19T10:04:32.005+0000] {logging_mixin.py:188} INFO - [2025-07-19T10:04:32.005+0000] {dag.py:3823} INFO - Setting next_dagrun for launch_streamlit_dashboard to None, run_after=None
[2025-07-19T10:04:32.029+0000] {processor.py:183} INFO - Processing /opt/airflow/dags/eda_airflow copy.py took 0.590 seconds
[2025-07-19T10:05:03.004+0000] {processor.py:161} INFO - Started process (PID=10988) to work on /opt/airflow/dags/eda_airflow copy.py
[2025-07-19T10:05:03.007+0000] {processor.py:830} INFO - Processing file /opt/airflow/dags/eda_airflow copy.py for tasks to queue
[2025-07-19T10:05:03.009+0000] {logging_mixin.py:188} INFO - [2025-07-19T10:05:03.008+0000] {dagbag.py:538} INFO - Filling up the DagBag from /opt/airflow/dags/eda_airflow copy.py
[2025-07-19T10:05:05.340+0000] {processor.py:840} INFO - DAG(s) 'launch_streamlit_dashboard' retrieved from /opt/airflow/dags/eda_airflow copy.py
[2025-07-19T10:05:07.093+0000] {logging_mixin.py:188} INFO - [2025-07-19T10:05:07.092+0000] {dag.py:3036} INFO - Sync 1 DAGs
[2025-07-19T10:05:07.104+0000] {logging_mixin.py:188} INFO - [2025-07-19T10:05:07.103+0000] {dag.py:3823} INFO - Setting next_dagrun for launch_streamlit_dashboard to None, run_after=None
[2025-07-19T10:05:07.128+0000] {processor.py:183} INFO - Processing /opt/airflow/dags/eda_airflow copy.py took 4.137 seconds
[2025-07-19T10:05:37.787+0000] {processor.py:161} INFO - Started process (PID=11013) to work on /opt/airflow/dags/eda_airflow copy.py
[2025-07-19T10:05:37.791+0000] {processor.py:830} INFO - Processing file /opt/airflow/dags/eda_airflow copy.py for tasks to queue
[2025-07-19T10:05:37.793+0000] {logging_mixin.py:188} INFO - [2025-07-19T10:05:37.792+0000] {dagbag.py:538} INFO - Filling up the DagBag from /opt/airflow/dags/eda_airflow copy.py
[2025-07-19T10:05:38.398+0000] {processor.py:840} INFO - DAG(s) 'launch_streamlit_dashboard' retrieved from /opt/airflow/dags/eda_airflow copy.py
[2025-07-19T10:05:39.455+0000] {logging_mixin.py:188} INFO - [2025-07-19T10:05:39.455+0000] {dag.py:3036} INFO - Sync 1 DAGs
[2025-07-19T10:05:39.466+0000] {logging_mixin.py:188} INFO - [2025-07-19T10:05:39.466+0000] {dag.py:3823} INFO - Setting next_dagrun for launch_streamlit_dashboard to None, run_after=None
[2025-07-19T10:05:39.489+0000] {processor.py:183} INFO - Processing /opt/airflow/dags/eda_airflow copy.py took 1.718 seconds
[2025-07-19T10:06:10.441+0000] {processor.py:161} INFO - Started process (PID=11038) to work on /opt/airflow/dags/eda_airflow copy.py
[2025-07-19T10:06:10.465+0000] {processor.py:830} INFO - Processing file /opt/airflow/dags/eda_airflow copy.py for tasks to queue
[2025-07-19T10:06:10.466+0000] {logging_mixin.py:188} INFO - [2025-07-19T10:06:10.465+0000] {dagbag.py:538} INFO - Filling up the DagBag from /opt/airflow/dags/eda_airflow copy.py
[2025-07-19T10:06:10.480+0000] {processor.py:840} INFO - DAG(s) 'launch_streamlit_dashboard' retrieved from /opt/airflow/dags/eda_airflow copy.py
[2025-07-19T10:06:10.889+0000] {logging_mixin.py:188} INFO - [2025-07-19T10:06:10.889+0000] {dag.py:3036} INFO - Sync 1 DAGs
[2025-07-19T10:06:11.162+0000] {logging_mixin.py:188} INFO - [2025-07-19T10:06:11.162+0000] {dag.py:3823} INFO - Setting next_dagrun for launch_streamlit_dashboard to None, run_after=None
[2025-07-19T10:06:11.216+0000] {processor.py:183} INFO - Processing /opt/airflow/dags/eda_airflow copy.py took 0.899 seconds
[2025-07-19T10:06:42.100+0000] {processor.py:161} INFO - Started process (PID=11063) to work on /opt/airflow/dags/eda_airflow copy.py
[2025-07-19T10:06:42.101+0000] {processor.py:830} INFO - Processing file /opt/airflow/dags/eda_airflow copy.py for tasks to queue
[2025-07-19T10:06:42.102+0000] {logging_mixin.py:188} INFO - [2025-07-19T10:06:42.102+0000] {dagbag.py:538} INFO - Filling up the DagBag from /opt/airflow/dags/eda_airflow copy.py
[2025-07-19T10:06:42.114+0000] {processor.py:840} INFO - DAG(s) 'launch_streamlit_dashboard' retrieved from /opt/airflow/dags/eda_airflow copy.py
[2025-07-19T10:06:42.292+0000] {logging_mixin.py:188} INFO - [2025-07-19T10:06:42.292+0000] {dag.py:3036} INFO - Sync 1 DAGs
[2025-07-19T10:06:42.331+0000] {logging_mixin.py:188} INFO - [2025-07-19T10:06:42.331+0000] {dag.py:3823} INFO - Setting next_dagrun for launch_streamlit_dashboard to None, run_after=None
[2025-07-19T10:06:42.372+0000] {processor.py:183} INFO - Processing /opt/airflow/dags/eda_airflow copy.py took 0.275 seconds
[2025-07-19T10:07:12.732+0000] {processor.py:161} INFO - Started process (PID=11088) to work on /opt/airflow/dags/eda_airflow copy.py
[2025-07-19T10:07:12.732+0000] {processor.py:830} INFO - Processing file /opt/airflow/dags/eda_airflow copy.py for tasks to queue
[2025-07-19T10:07:12.733+0000] {logging_mixin.py:188} INFO - [2025-07-19T10:07:12.733+0000] {dagbag.py:538} INFO - Filling up the DagBag from /opt/airflow/dags/eda_airflow copy.py
[2025-07-19T10:07:12.745+0000] {processor.py:840} INFO - DAG(s) 'launch_streamlit_dashboard' retrieved from /opt/airflow/dags/eda_airflow copy.py
[2025-07-19T10:07:12.769+0000] {logging_mixin.py:188} INFO - [2025-07-19T10:07:12.769+0000] {dag.py:3036} INFO - Sync 1 DAGs
[2025-07-19T10:07:12.781+0000] {logging_mixin.py:188} INFO - [2025-07-19T10:07:12.780+0000] {dag.py:3823} INFO - Setting next_dagrun for launch_streamlit_dashboard to None, run_after=None
[2025-07-19T10:07:12.800+0000] {processor.py:183} INFO - Processing /opt/airflow/dags/eda_airflow copy.py took 0.072 seconds
[2025-07-19T10:07:43.247+0000] {processor.py:161} INFO - Started process (PID=11113) to work on /opt/airflow/dags/eda_airflow copy.py
[2025-07-19T10:07:43.248+0000] {processor.py:830} INFO - Processing file /opt/airflow/dags/eda_airflow copy.py for tasks to queue
[2025-07-19T10:07:43.249+0000] {logging_mixin.py:188} INFO - [2025-07-19T10:07:43.249+0000] {dagbag.py:538} INFO - Filling up the DagBag from /opt/airflow/dags/eda_airflow copy.py
[2025-07-19T10:07:43.261+0000] {processor.py:840} INFO - DAG(s) 'launch_streamlit_dashboard' retrieved from /opt/airflow/dags/eda_airflow copy.py
[2025-07-19T10:07:43.366+0000] {logging_mixin.py:188} INFO - [2025-07-19T10:07:43.365+0000] {dag.py:3036} INFO - Sync 1 DAGs
[2025-07-19T10:07:43.375+0000] {logging_mixin.py:188} INFO - [2025-07-19T10:07:43.375+0000] {dag.py:3823} INFO - Setting next_dagrun for launch_streamlit_dashboard to None, run_after=None
[2025-07-19T10:07:43.399+0000] {processor.py:183} INFO - Processing /opt/airflow/dags/eda_airflow copy.py took 0.156 seconds
[2025-07-19T10:08:13.732+0000] {processor.py:161} INFO - Started process (PID=11138) to work on /opt/airflow/dags/eda_airflow copy.py
[2025-07-19T10:08:13.733+0000] {processor.py:830} INFO - Processing file /opt/airflow/dags/eda_airflow copy.py for tasks to queue
[2025-07-19T10:08:13.734+0000] {logging_mixin.py:188} INFO - [2025-07-19T10:08:13.733+0000] {dagbag.py:538} INFO - Filling up the DagBag from /opt/airflow/dags/eda_airflow copy.py
[2025-07-19T10:08:13.745+0000] {processor.py:840} INFO - DAG(s) 'launch_streamlit_dashboard' retrieved from /opt/airflow/dags/eda_airflow copy.py
[2025-07-19T10:08:13.789+0000] {logging_mixin.py:188} INFO - [2025-07-19T10:08:13.789+0000] {dag.py:3036} INFO - Sync 1 DAGs
[2025-07-19T10:08:13.800+0000] {logging_mixin.py:188} INFO - [2025-07-19T10:08:13.800+0000] {dag.py:3823} INFO - Setting next_dagrun for launch_streamlit_dashboard to None, run_after=None
[2025-07-19T10:08:13.819+0000] {processor.py:183} INFO - Processing /opt/airflow/dags/eda_airflow copy.py took 0.091 seconds
[2025-07-19T10:08:44.217+0000] {processor.py:161} INFO - Started process (PID=11163) to work on /opt/airflow/dags/eda_airflow copy.py
[2025-07-19T10:08:44.218+0000] {processor.py:830} INFO - Processing file /opt/airflow/dags/eda_airflow copy.py for tasks to queue
[2025-07-19T10:08:44.218+0000] {logging_mixin.py:188} INFO - [2025-07-19T10:08:44.218+0000] {dagbag.py:538} INFO - Filling up the DagBag from /opt/airflow/dags/eda_airflow copy.py
[2025-07-19T10:08:44.233+0000] {processor.py:840} INFO - DAG(s) 'launch_streamlit_dashboard' retrieved from /opt/airflow/dags/eda_airflow copy.py
[2025-07-19T10:08:44.346+0000] {logging_mixin.py:188} INFO - [2025-07-19T10:08:44.346+0000] {dag.py:3036} INFO - Sync 1 DAGs
[2025-07-19T10:08:44.356+0000] {logging_mixin.py:188} INFO - [2025-07-19T10:08:44.356+0000] {dag.py:3823} INFO - Setting next_dagrun for launch_streamlit_dashboard to None, run_after=None
[2025-07-19T10:08:44.378+0000] {processor.py:183} INFO - Processing /opt/airflow/dags/eda_airflow copy.py took 0.164 seconds
[2025-07-19T10:09:14.734+0000] {processor.py:161} INFO - Started process (PID=11188) to work on /opt/airflow/dags/eda_airflow copy.py
[2025-07-19T10:09:14.735+0000] {processor.py:830} INFO - Processing file /opt/airflow/dags/eda_airflow copy.py for tasks to queue
[2025-07-19T10:09:14.736+0000] {logging_mixin.py:188} INFO - [2025-07-19T10:09:14.736+0000] {dagbag.py:538} INFO - Filling up the DagBag from /opt/airflow/dags/eda_airflow copy.py
[2025-07-19T10:09:14.747+0000] {processor.py:840} INFO - DAG(s) 'launch_streamlit_dashboard' retrieved from /opt/airflow/dags/eda_airflow copy.py
[2025-07-19T10:09:14.772+0000] {logging_mixin.py:188} INFO - [2025-07-19T10:09:14.772+0000] {dag.py:3036} INFO - Sync 1 DAGs
[2025-07-19T10:09:14.783+0000] {logging_mixin.py:188} INFO - [2025-07-19T10:09:14.783+0000] {dag.py:3823} INFO - Setting next_dagrun for launch_streamlit_dashboard to None, run_after=None
[2025-07-19T10:09:14.805+0000] {processor.py:183} INFO - Processing /opt/airflow/dags/eda_airflow copy.py took 0.074 seconds
[2025-07-19T10:09:45.235+0000] {processor.py:161} INFO - Started process (PID=11213) to work on /opt/airflow/dags/eda_airflow copy.py
[2025-07-19T10:09:45.236+0000] {processor.py:830} INFO - Processing file /opt/airflow/dags/eda_airflow copy.py for tasks to queue
[2025-07-19T10:09:45.237+0000] {logging_mixin.py:188} INFO - [2025-07-19T10:09:45.237+0000] {dagbag.py:538} INFO - Filling up the DagBag from /opt/airflow/dags/eda_airflow copy.py
[2025-07-19T10:09:45.248+0000] {processor.py:840} INFO - DAG(s) 'launch_streamlit_dashboard' retrieved from /opt/airflow/dags/eda_airflow copy.py
[2025-07-19T10:09:45.352+0000] {logging_mixin.py:188} INFO - [2025-07-19T10:09:45.352+0000] {dag.py:3036} INFO - Sync 1 DAGs
[2025-07-19T10:09:45.362+0000] {logging_mixin.py:188} INFO - [2025-07-19T10:09:45.362+0000] {dag.py:3823} INFO - Setting next_dagrun for launch_streamlit_dashboard to None, run_after=None
[2025-07-19T10:09:45.386+0000] {processor.py:183} INFO - Processing /opt/airflow/dags/eda_airflow copy.py took 0.154 seconds
[2025-07-19T10:10:15.770+0000] {processor.py:161} INFO - Started process (PID=11238) to work on /opt/airflow/dags/eda_airflow copy.py
[2025-07-19T10:10:15.771+0000] {processor.py:830} INFO - Processing file /opt/airflow/dags/eda_airflow copy.py for tasks to queue
[2025-07-19T10:10:15.772+0000] {logging_mixin.py:188} INFO - [2025-07-19T10:10:15.772+0000] {dagbag.py:538} INFO - Filling up the DagBag from /opt/airflow/dags/eda_airflow copy.py
[2025-07-19T10:10:15.783+0000] {processor.py:840} INFO - DAG(s) 'launch_streamlit_dashboard' retrieved from /opt/airflow/dags/eda_airflow copy.py
[2025-07-19T10:10:15.808+0000] {logging_mixin.py:188} INFO - [2025-07-19T10:10:15.808+0000] {dag.py:3036} INFO - Sync 1 DAGs
[2025-07-19T10:10:15.820+0000] {logging_mixin.py:188} INFO - [2025-07-19T10:10:15.820+0000] {dag.py:3823} INFO - Setting next_dagrun for launch_streamlit_dashboard to None, run_after=None
[2025-07-19T10:10:15.843+0000] {processor.py:183} INFO - Processing /opt/airflow/dags/eda_airflow copy.py took 0.076 seconds
[2025-07-19T10:10:46.366+0000] {processor.py:161} INFO - Started process (PID=11263) to work on /opt/airflow/dags/eda_airflow copy.py
[2025-07-19T10:10:46.367+0000] {processor.py:830} INFO - Processing file /opt/airflow/dags/eda_airflow copy.py for tasks to queue
[2025-07-19T10:10:46.368+0000] {logging_mixin.py:188} INFO - [2025-07-19T10:10:46.367+0000] {dagbag.py:538} INFO - Filling up the DagBag from /opt/airflow/dags/eda_airflow copy.py
[2025-07-19T10:10:46.380+0000] {processor.py:840} INFO - DAG(s) 'launch_streamlit_dashboard' retrieved from /opt/airflow/dags/eda_airflow copy.py
[2025-07-19T10:10:46.493+0000] {logging_mixin.py:188} INFO - [2025-07-19T10:10:46.493+0000] {dag.py:3036} INFO - Sync 1 DAGs
[2025-07-19T10:10:46.503+0000] {logging_mixin.py:188} INFO - [2025-07-19T10:10:46.502+0000] {dag.py:3823} INFO - Setting next_dagrun for launch_streamlit_dashboard to None, run_after=None
[2025-07-19T10:10:46.528+0000] {processor.py:183} INFO - Processing /opt/airflow/dags/eda_airflow copy.py took 0.166 seconds
[2025-07-19T10:11:17.014+0000] {processor.py:161} INFO - Started process (PID=11288) to work on /opt/airflow/dags/eda_airflow copy.py
[2025-07-19T10:11:17.015+0000] {processor.py:830} INFO - Processing file /opt/airflow/dags/eda_airflow copy.py for tasks to queue
[2025-07-19T10:11:17.016+0000] {logging_mixin.py:188} INFO - [2025-07-19T10:11:17.016+0000] {dagbag.py:538} INFO - Filling up the DagBag from /opt/airflow/dags/eda_airflow copy.py
[2025-07-19T10:11:17.071+0000] {processor.py:840} INFO - DAG(s) 'launch_streamlit_dashboard' retrieved from /opt/airflow/dags/eda_airflow copy.py
[2025-07-19T10:11:17.100+0000] {logging_mixin.py:188} INFO - [2025-07-19T10:11:17.100+0000] {dag.py:3036} INFO - Sync 1 DAGs
[2025-07-19T10:11:17.112+0000] {logging_mixin.py:188} INFO - [2025-07-19T10:11:17.112+0000] {dag.py:3823} INFO - Setting next_dagrun for launch_streamlit_dashboard to None, run_after=None
[2025-07-19T10:11:17.137+0000] {processor.py:183} INFO - Processing /opt/airflow/dags/eda_airflow copy.py took 0.127 seconds
[2025-07-19T10:11:47.730+0000] {processor.py:161} INFO - Started process (PID=11313) to work on /opt/airflow/dags/eda_airflow copy.py
[2025-07-19T10:11:47.731+0000] {processor.py:830} INFO - Processing file /opt/airflow/dags/eda_airflow copy.py for tasks to queue
[2025-07-19T10:11:47.732+0000] {logging_mixin.py:188} INFO - [2025-07-19T10:11:47.732+0000] {dagbag.py:538} INFO - Filling up the DagBag from /opt/airflow/dags/eda_airflow copy.py
[2025-07-19T10:11:47.745+0000] {processor.py:840} INFO - DAG(s) 'launch_streamlit_dashboard' retrieved from /opt/airflow/dags/eda_airflow copy.py
[2025-07-19T10:11:47.850+0000] {logging_mixin.py:188} INFO - [2025-07-19T10:11:47.849+0000] {dag.py:3036} INFO - Sync 1 DAGs
[2025-07-19T10:11:47.861+0000] {logging_mixin.py:188} INFO - [2025-07-19T10:11:47.861+0000] {dag.py:3823} INFO - Setting next_dagrun for launch_streamlit_dashboard to None, run_after=None
[2025-07-19T10:11:47.956+0000] {processor.py:183} INFO - Processing /opt/airflow/dags/eda_airflow copy.py took 0.229 seconds
[2025-07-19T10:12:18.801+0000] {processor.py:161} INFO - Started process (PID=11338) to work on /opt/airflow/dags/eda_airflow copy.py
[2025-07-19T10:12:18.802+0000] {processor.py:830} INFO - Processing file /opt/airflow/dags/eda_airflow copy.py for tasks to queue
[2025-07-19T10:12:18.804+0000] {logging_mixin.py:188} INFO - [2025-07-19T10:12:18.803+0000] {dagbag.py:538} INFO - Filling up the DagBag from /opt/airflow/dags/eda_airflow copy.py
[2025-07-19T10:12:18.817+0000] {processor.py:840} INFO - DAG(s) 'launch_streamlit_dashboard' retrieved from /opt/airflow/dags/eda_airflow copy.py
[2025-07-19T10:12:18.846+0000] {logging_mixin.py:188} INFO - [2025-07-19T10:12:18.846+0000] {dag.py:3036} INFO - Sync 1 DAGs
[2025-07-19T10:12:18.863+0000] {logging_mixin.py:188} INFO - [2025-07-19T10:12:18.863+0000] {dag.py:3823} INFO - Setting next_dagrun for launch_streamlit_dashboard to None, run_after=None
[2025-07-19T10:12:18.887+0000] {processor.py:183} INFO - Processing /opt/airflow/dags/eda_airflow copy.py took 0.090 seconds
[2025-07-19T10:12:49.598+0000] {processor.py:161} INFO - Started process (PID=11363) to work on /opt/airflow/dags/eda_airflow copy.py
[2025-07-19T10:12:49.599+0000] {processor.py:830} INFO - Processing file /opt/airflow/dags/eda_airflow copy.py for tasks to queue
[2025-07-19T10:12:49.601+0000] {logging_mixin.py:188} INFO - [2025-07-19T10:12:49.600+0000] {dagbag.py:538} INFO - Filling up the DagBag from /opt/airflow/dags/eda_airflow copy.py
[2025-07-19T10:12:49.671+0000] {processor.py:840} INFO - DAG(s) 'launch_streamlit_dashboard' retrieved from /opt/airflow/dags/eda_airflow copy.py
[2025-07-19T10:12:49.786+0000] {logging_mixin.py:188} INFO - [2025-07-19T10:12:49.786+0000] {dag.py:3036} INFO - Sync 1 DAGs
[2025-07-19T10:12:49.797+0000] {logging_mixin.py:188} INFO - [2025-07-19T10:12:49.796+0000] {dag.py:3823} INFO - Setting next_dagrun for launch_streamlit_dashboard to None, run_after=None
[2025-07-19T10:12:49.819+0000] {processor.py:183} INFO - Processing /opt/airflow/dags/eda_airflow copy.py took 0.224 seconds
[2025-07-19T10:13:20.003+0000] {processor.py:161} INFO - Started process (PID=11388) to work on /opt/airflow/dags/eda_airflow copy.py
[2025-07-19T10:13:20.005+0000] {processor.py:830} INFO - Processing file /opt/airflow/dags/eda_airflow copy.py for tasks to queue
[2025-07-19T10:13:20.007+0000] {logging_mixin.py:188} INFO - [2025-07-19T10:13:20.007+0000] {dagbag.py:538} INFO - Filling up the DagBag from /opt/airflow/dags/eda_airflow copy.py
[2025-07-19T10:13:20.020+0000] {processor.py:840} INFO - DAG(s) 'launch_streamlit_dashboard' retrieved from /opt/airflow/dags/eda_airflow copy.py
[2025-07-19T10:13:20.056+0000] {logging_mixin.py:188} INFO - [2025-07-19T10:13:20.056+0000] {dag.py:3036} INFO - Sync 1 DAGs
[2025-07-19T10:13:20.078+0000] {logging_mixin.py:188} INFO - [2025-07-19T10:13:20.077+0000] {dag.py:3823} INFO - Setting next_dagrun for launch_streamlit_dashboard to None, run_after=None
[2025-07-19T10:13:20.113+0000] {processor.py:183} INFO - Processing /opt/airflow/dags/eda_airflow copy.py took 0.113 seconds
[2025-07-19T10:13:50.833+0000] {processor.py:161} INFO - Started process (PID=11413) to work on /opt/airflow/dags/eda_airflow copy.py
[2025-07-19T10:13:50.834+0000] {processor.py:830} INFO - Processing file /opt/airflow/dags/eda_airflow copy.py for tasks to queue
[2025-07-19T10:13:50.835+0000] {logging_mixin.py:188} INFO - [2025-07-19T10:13:50.835+0000] {dagbag.py:538} INFO - Filling up the DagBag from /opt/airflow/dags/eda_airflow copy.py
[2025-07-19T10:13:50.846+0000] {processor.py:840} INFO - DAG(s) 'launch_streamlit_dashboard' retrieved from /opt/airflow/dags/eda_airflow copy.py
[2025-07-19T10:13:50.947+0000] {logging_mixin.py:188} INFO - [2025-07-19T10:13:50.947+0000] {dag.py:3036} INFO - Sync 1 DAGs
[2025-07-19T10:13:50.957+0000] {logging_mixin.py:188} INFO - [2025-07-19T10:13:50.957+0000] {dag.py:3823} INFO - Setting next_dagrun for launch_streamlit_dashboard to None, run_after=None
[2025-07-19T10:13:50.980+0000] {processor.py:183} INFO - Processing /opt/airflow/dags/eda_airflow copy.py took 0.151 seconds
[2025-07-19T10:14:21.486+0000] {processor.py:161} INFO - Started process (PID=11438) to work on /opt/airflow/dags/eda_airflow copy.py
[2025-07-19T10:14:21.488+0000] {processor.py:830} INFO - Processing file /opt/airflow/dags/eda_airflow copy.py for tasks to queue
[2025-07-19T10:14:21.490+0000] {logging_mixin.py:188} INFO - [2025-07-19T10:14:21.489+0000] {dagbag.py:538} INFO - Filling up the DagBag from /opt/airflow/dags/eda_airflow copy.py
[2025-07-19T10:14:21.510+0000] {processor.py:840} INFO - DAG(s) 'launch_streamlit_dashboard' retrieved from /opt/airflow/dags/eda_airflow copy.py
[2025-07-19T10:14:21.564+0000] {logging_mixin.py:188} INFO - [2025-07-19T10:14:21.564+0000] {dag.py:3036} INFO - Sync 1 DAGs
[2025-07-19T10:14:21.577+0000] {logging_mixin.py:188} INFO - [2025-07-19T10:14:21.577+0000] {dag.py:3823} INFO - Setting next_dagrun for launch_streamlit_dashboard to None, run_after=None
[2025-07-19T10:14:21.606+0000] {processor.py:183} INFO - Processing /opt/airflow/dags/eda_airflow copy.py took 0.123 seconds
[2025-07-19T10:14:52.391+0000] {processor.py:161} INFO - Started process (PID=11463) to work on /opt/airflow/dags/eda_airflow copy.py
[2025-07-19T10:14:52.393+0000] {processor.py:830} INFO - Processing file /opt/airflow/dags/eda_airflow copy.py for tasks to queue
[2025-07-19T10:14:52.394+0000] {logging_mixin.py:188} INFO - [2025-07-19T10:14:52.394+0000] {dagbag.py:538} INFO - Filling up the DagBag from /opt/airflow/dags/eda_airflow copy.py
[2025-07-19T10:14:52.413+0000] {processor.py:840} INFO - DAG(s) 'launch_streamlit_dashboard' retrieved from /opt/airflow/dags/eda_airflow copy.py
[2025-07-19T10:14:52.527+0000] {logging_mixin.py:188} INFO - [2025-07-19T10:14:52.527+0000] {dag.py:3036} INFO - Sync 1 DAGs
[2025-07-19T10:14:52.538+0000] {logging_mixin.py:188} INFO - [2025-07-19T10:14:52.538+0000] {dag.py:3823} INFO - Setting next_dagrun for launch_streamlit_dashboard to None, run_after=None
[2025-07-19T10:14:52.562+0000] {processor.py:183} INFO - Processing /opt/airflow/dags/eda_airflow copy.py took 0.175 seconds
[2025-07-19T10:15:23.269+0000] {processor.py:161} INFO - Started process (PID=11488) to work on /opt/airflow/dags/eda_airflow copy.py
[2025-07-19T10:15:23.270+0000] {processor.py:830} INFO - Processing file /opt/airflow/dags/eda_airflow copy.py for tasks to queue
[2025-07-19T10:15:23.272+0000] {logging_mixin.py:188} INFO - [2025-07-19T10:15:23.271+0000] {dagbag.py:538} INFO - Filling up the DagBag from /opt/airflow/dags/eda_airflow copy.py
[2025-07-19T10:15:23.367+0000] {processor.py:840} INFO - DAG(s) 'launch_streamlit_dashboard' retrieved from /opt/airflow/dags/eda_airflow copy.py
[2025-07-19T10:15:23.424+0000] {logging_mixin.py:188} INFO - [2025-07-19T10:15:23.423+0000] {dag.py:3036} INFO - Sync 1 DAGs
[2025-07-19T10:15:23.464+0000] {logging_mixin.py:188} INFO - [2025-07-19T10:15:23.463+0000] {dag.py:3823} INFO - Setting next_dagrun for launch_streamlit_dashboard to None, run_after=None
[2025-07-19T10:15:23.605+0000] {processor.py:183} INFO - Processing /opt/airflow/dags/eda_airflow copy.py took 0.340 seconds
[2025-07-19T10:15:54.692+0000] {processor.py:161} INFO - Started process (PID=11513) to work on /opt/airflow/dags/eda_airflow copy.py
[2025-07-19T10:15:54.694+0000] {processor.py:830} INFO - Processing file /opt/airflow/dags/eda_airflow copy.py for tasks to queue
[2025-07-19T10:15:54.694+0000] {logging_mixin.py:188} INFO - [2025-07-19T10:15:54.694+0000] {dagbag.py:538} INFO - Filling up the DagBag from /opt/airflow/dags/eda_airflow copy.py
[2025-07-19T10:15:54.708+0000] {processor.py:840} INFO - DAG(s) 'launch_streamlit_dashboard' retrieved from /opt/airflow/dags/eda_airflow copy.py
[2025-07-19T10:15:56.943+0000] {logging_mixin.py:188} INFO - [2025-07-19T10:15:56.942+0000] {dag.py:3036} INFO - Sync 1 DAGs
[2025-07-19T10:15:56.954+0000] {logging_mixin.py:188} INFO - [2025-07-19T10:15:56.954+0000] {dag.py:3823} INFO - Setting next_dagrun for launch_streamlit_dashboard to None, run_after=None
[2025-07-19T10:15:57.007+0000] {processor.py:183} INFO - Processing /opt/airflow/dags/eda_airflow copy.py took 2.317 seconds
[2025-07-19T10:16:29.718+0000] {processor.py:161} INFO - Started process (PID=11538) to work on /opt/airflow/dags/eda_airflow copy.py
[2025-07-19T10:16:29.842+0000] {processor.py:830} INFO - Processing file /opt/airflow/dags/eda_airflow copy.py for tasks to queue
[2025-07-19T10:16:29.843+0000] {logging_mixin.py:188} INFO - [2025-07-19T10:16:29.843+0000] {dagbag.py:538} INFO - Filling up the DagBag from /opt/airflow/dags/eda_airflow copy.py
[2025-07-19T10:16:29.943+0000] {processor.py:840} INFO - DAG(s) 'launch_streamlit_dashboard' retrieved from /opt/airflow/dags/eda_airflow copy.py
[2025-07-19T10:16:29.977+0000] {logging_mixin.py:188} INFO - [2025-07-19T10:16:29.977+0000] {dag.py:3036} INFO - Sync 1 DAGs
[2025-07-19T10:16:30.819+0000] {logging_mixin.py:188} INFO - [2025-07-19T10:16:30.819+0000] {dag.py:3823} INFO - Setting next_dagrun for launch_streamlit_dashboard to None, run_after=None
[2025-07-19T10:16:30.938+0000] {processor.py:183} INFO - Processing /opt/airflow/dags/eda_airflow copy.py took 1.223 seconds
[2025-07-19T10:17:01.161+0000] {processor.py:161} INFO - Started process (PID=11563) to work on /opt/airflow/dags/eda_airflow copy.py
[2025-07-19T10:17:01.162+0000] {processor.py:830} INFO - Processing file /opt/airflow/dags/eda_airflow copy.py for tasks to queue
[2025-07-19T10:17:01.163+0000] {logging_mixin.py:188} INFO - [2025-07-19T10:17:01.163+0000] {dagbag.py:538} INFO - Filling up the DagBag from /opt/airflow/dags/eda_airflow copy.py
[2025-07-19T10:17:01.286+0000] {processor.py:840} INFO - DAG(s) 'launch_streamlit_dashboard' retrieved from /opt/airflow/dags/eda_airflow copy.py
[2025-07-19T10:17:03.395+0000] {logging_mixin.py:188} INFO - [2025-07-19T10:17:03.395+0000] {dag.py:3036} INFO - Sync 1 DAGs
[2025-07-19T10:17:03.405+0000] {logging_mixin.py:188} INFO - [2025-07-19T10:17:03.405+0000] {dag.py:3823} INFO - Setting next_dagrun for launch_streamlit_dashboard to None, run_after=None
[2025-07-19T10:17:03.427+0000] {processor.py:183} INFO - Processing /opt/airflow/dags/eda_airflow copy.py took 2.268 seconds
[2025-07-19T10:17:34.126+0000] {processor.py:161} INFO - Started process (PID=11589) to work on /opt/airflow/dags/eda_airflow copy.py
[2025-07-19T10:17:34.127+0000] {processor.py:830} INFO - Processing file /opt/airflow/dags/eda_airflow copy.py for tasks to queue
[2025-07-19T10:17:34.128+0000] {logging_mixin.py:188} INFO - [2025-07-19T10:17:34.127+0000] {dagbag.py:538} INFO - Filling up the DagBag from /opt/airflow/dags/eda_airflow copy.py
[2025-07-19T10:17:34.139+0000] {processor.py:840} INFO - DAG(s) 'launch_streamlit_dashboard' retrieved from /opt/airflow/dags/eda_airflow copy.py
[2025-07-19T10:17:34.151+0000] {logging_mixin.py:188} INFO - [2025-07-19T10:17:34.150+0000] {dag.py:3036} INFO - Sync 1 DAGs
[2025-07-19T10:17:34.163+0000] {logging_mixin.py:188} INFO - [2025-07-19T10:17:34.163+0000] {dag.py:3823} INFO - Setting next_dagrun for launch_streamlit_dashboard to None, run_after=None
[2025-07-19T10:17:34.187+0000] {processor.py:183} INFO - Processing /opt/airflow/dags/eda_airflow copy.py took 0.064 seconds
[2025-07-19T10:18:04.613+0000] {processor.py:161} INFO - Started process (PID=11614) to work on /opt/airflow/dags/eda_airflow copy.py
[2025-07-19T10:18:04.615+0000] {processor.py:830} INFO - Processing file /opt/airflow/dags/eda_airflow copy.py for tasks to queue
[2025-07-19T10:18:04.617+0000] {logging_mixin.py:188} INFO - [2025-07-19T10:18:04.616+0000] {dagbag.py:538} INFO - Filling up the DagBag from /opt/airflow/dags/eda_airflow copy.py
[2025-07-19T10:18:04.629+0000] {processor.py:840} INFO - DAG(s) 'launch_streamlit_dashboard' retrieved from /opt/airflow/dags/eda_airflow copy.py
[2025-07-19T10:18:04.755+0000] {logging_mixin.py:188} INFO - [2025-07-19T10:18:04.755+0000] {dag.py:3036} INFO - Sync 1 DAGs
[2025-07-19T10:18:04.767+0000] {logging_mixin.py:188} INFO - [2025-07-19T10:18:04.767+0000] {dag.py:3823} INFO - Setting next_dagrun for launch_streamlit_dashboard to None, run_after=None
[2025-07-19T10:18:04.791+0000] {processor.py:183} INFO - Processing /opt/airflow/dags/eda_airflow copy.py took 0.182 seconds
[2025-07-19T10:18:36.015+0000] {processor.py:161} INFO - Started process (PID=11642) to work on /opt/airflow/dags/eda_airflow copy.py
[2025-07-19T10:18:36.017+0000] {processor.py:830} INFO - Processing file /opt/airflow/dags/eda_airflow copy.py for tasks to queue
[2025-07-19T10:18:36.018+0000] {logging_mixin.py:188} INFO - [2025-07-19T10:18:36.018+0000] {dagbag.py:538} INFO - Filling up the DagBag from /opt/airflow/dags/eda_airflow copy.py
[2025-07-19T10:18:36.029+0000] {processor.py:840} INFO - DAG(s) 'launch_streamlit_dashboard' retrieved from /opt/airflow/dags/eda_airflow copy.py
[2025-07-19T10:18:36.059+0000] {logging_mixin.py:188} INFO - [2025-07-19T10:18:36.059+0000] {dag.py:3036} INFO - Sync 1 DAGs
[2025-07-19T10:18:36.073+0000] {logging_mixin.py:188} INFO - [2025-07-19T10:18:36.073+0000] {dag.py:3823} INFO - Setting next_dagrun for launch_streamlit_dashboard to None, run_after=None
[2025-07-19T10:18:36.094+0000] {processor.py:183} INFO - Processing /opt/airflow/dags/eda_airflow copy.py took 0.082 seconds
[2025-07-19T10:19:06.322+0000] {processor.py:161} INFO - Started process (PID=11667) to work on /opt/airflow/dags/eda_airflow copy.py
[2025-07-19T10:19:06.323+0000] {processor.py:830} INFO - Processing file /opt/airflow/dags/eda_airflow copy.py for tasks to queue
[2025-07-19T10:19:06.324+0000] {logging_mixin.py:188} INFO - [2025-07-19T10:19:06.324+0000] {dagbag.py:538} INFO - Filling up the DagBag from /opt/airflow/dags/eda_airflow copy.py
[2025-07-19T10:19:06.334+0000] {processor.py:840} INFO - DAG(s) 'launch_streamlit_dashboard' retrieved from /opt/airflow/dags/eda_airflow copy.py
[2025-07-19T10:19:06.362+0000] {logging_mixin.py:188} INFO - [2025-07-19T10:19:06.362+0000] {dag.py:3036} INFO - Sync 1 DAGs
[2025-07-19T10:19:06.376+0000] {logging_mixin.py:188} INFO - [2025-07-19T10:19:06.376+0000] {dag.py:3823} INFO - Setting next_dagrun for launch_streamlit_dashboard to None, run_after=None
[2025-07-19T10:19:06.452+0000] {processor.py:183} INFO - Processing /opt/airflow/dags/eda_airflow copy.py took 0.133 seconds
[2025-07-19T10:19:36.851+0000] {processor.py:161} INFO - Started process (PID=11695) to work on /opt/airflow/dags/eda_airflow copy.py
[2025-07-19T10:19:36.852+0000] {processor.py:830} INFO - Processing file /opt/airflow/dags/eda_airflow copy.py for tasks to queue
[2025-07-19T10:19:36.853+0000] {logging_mixin.py:188} INFO - [2025-07-19T10:19:36.853+0000] {dagbag.py:538} INFO - Filling up the DagBag from /opt/airflow/dags/eda_airflow copy.py
[2025-07-19T10:19:36.866+0000] {processor.py:840} INFO - DAG(s) 'launch_streamlit_dashboard' retrieved from /opt/airflow/dags/eda_airflow copy.py
[2025-07-19T10:19:37.041+0000] {logging_mixin.py:188} INFO - [2025-07-19T10:19:37.041+0000] {dag.py:3036} INFO - Sync 1 DAGs
[2025-07-19T10:19:37.056+0000] {logging_mixin.py:188} INFO - [2025-07-19T10:19:37.056+0000] {dag.py:3823} INFO - Setting next_dagrun for launch_streamlit_dashboard to None, run_after=None
[2025-07-19T10:19:37.081+0000] {processor.py:183} INFO - Processing /opt/airflow/dags/eda_airflow copy.py took 0.236 seconds
[2025-07-19T10:20:07.559+0000] {processor.py:161} INFO - Started process (PID=11720) to work on /opt/airflow/dags/eda_airflow copy.py
[2025-07-19T10:20:07.560+0000] {processor.py:830} INFO - Processing file /opt/airflow/dags/eda_airflow copy.py for tasks to queue
[2025-07-19T10:20:07.561+0000] {logging_mixin.py:188} INFO - [2025-07-19T10:20:07.560+0000] {dagbag.py:538} INFO - Filling up the DagBag from /opt/airflow/dags/eda_airflow copy.py
[2025-07-19T10:20:07.572+0000] {processor.py:840} INFO - DAG(s) 'launch_streamlit_dashboard' retrieved from /opt/airflow/dags/eda_airflow copy.py
[2025-07-19T10:20:07.599+0000] {logging_mixin.py:188} INFO - [2025-07-19T10:20:07.599+0000] {dag.py:3036} INFO - Sync 1 DAGs
[2025-07-19T10:20:07.611+0000] {logging_mixin.py:188} INFO - [2025-07-19T10:20:07.611+0000] {dag.py:3823} INFO - Setting next_dagrun for launch_streamlit_dashboard to None, run_after=None
[2025-07-19T10:20:07.646+0000] {processor.py:183} INFO - Processing /opt/airflow/dags/eda_airflow copy.py took 0.091 seconds
[2025-07-19T10:20:38.394+0000] {processor.py:161} INFO - Started process (PID=11745) to work on /opt/airflow/dags/eda_airflow copy.py
[2025-07-19T10:20:38.396+0000] {processor.py:830} INFO - Processing file /opt/airflow/dags/eda_airflow copy.py for tasks to queue
[2025-07-19T10:20:38.397+0000] {logging_mixin.py:188} INFO - [2025-07-19T10:20:38.397+0000] {dagbag.py:538} INFO - Filling up the DagBag from /opt/airflow/dags/eda_airflow copy.py
[2025-07-19T10:20:38.452+0000] {processor.py:840} INFO - DAG(s) 'launch_streamlit_dashboard' retrieved from /opt/airflow/dags/eda_airflow copy.py
[2025-07-19T10:20:38.467+0000] {logging_mixin.py:188} INFO - [2025-07-19T10:20:38.467+0000] {dag.py:3036} INFO - Sync 1 DAGs
[2025-07-19T10:20:38.488+0000] {logging_mixin.py:188} INFO - [2025-07-19T10:20:38.488+0000] {dag.py:3823} INFO - Setting next_dagrun for launch_streamlit_dashboard to None, run_after=None
[2025-07-19T10:20:38.520+0000] {processor.py:183} INFO - Processing /opt/airflow/dags/eda_airflow copy.py took 0.130 seconds
[2025-07-19T10:21:09.276+0000] {processor.py:161} INFO - Started process (PID=11770) to work on /opt/airflow/dags/eda_airflow copy.py
[2025-07-19T10:21:09.278+0000] {processor.py:830} INFO - Processing file /opt/airflow/dags/eda_airflow copy.py for tasks to queue
[2025-07-19T10:21:09.279+0000] {logging_mixin.py:188} INFO - [2025-07-19T10:21:09.279+0000] {dagbag.py:538} INFO - Filling up the DagBag from /opt/airflow/dags/eda_airflow copy.py
[2025-07-19T10:21:09.292+0000] {processor.py:840} INFO - DAG(s) 'launch_streamlit_dashboard' retrieved from /opt/airflow/dags/eda_airflow copy.py
[2025-07-19T10:21:09.440+0000] {logging_mixin.py:188} INFO - [2025-07-19T10:21:09.439+0000] {dag.py:3036} INFO - Sync 1 DAGs
[2025-07-19T10:21:09.452+0000] {logging_mixin.py:188} INFO - [2025-07-19T10:21:09.452+0000] {dag.py:3823} INFO - Setting next_dagrun for launch_streamlit_dashboard to None, run_after=None
[2025-07-19T10:21:27.284+0000] {processor.py:183} INFO - Processing /opt/airflow/dags/eda_airflow copy.py took 18.012 seconds
[2025-07-19T10:21:57.760+0000] {processor.py:161} INFO - Started process (PID=11807) to work on /opt/airflow/dags/eda_airflow copy.py
[2025-07-19T10:21:57.761+0000] {processor.py:830} INFO - Processing file /opt/airflow/dags/eda_airflow copy.py for tasks to queue
[2025-07-19T10:21:57.763+0000] {logging_mixin.py:188} INFO - [2025-07-19T10:21:57.762+0000] {dagbag.py:538} INFO - Filling up the DagBag from /opt/airflow/dags/eda_airflow copy.py
[2025-07-19T10:21:57.774+0000] {processor.py:840} INFO - DAG(s) 'launch_streamlit_dashboard' retrieved from /opt/airflow/dags/eda_airflow copy.py
[2025-07-19T10:21:57.799+0000] {logging_mixin.py:188} INFO - [2025-07-19T10:21:57.799+0000] {dag.py:3036} INFO - Sync 1 DAGs
[2025-07-19T10:21:57.811+0000] {logging_mixin.py:188} INFO - [2025-07-19T10:21:57.811+0000] {dag.py:3823} INFO - Setting next_dagrun for launch_streamlit_dashboard to None, run_after=None
[2025-07-19T10:21:57.834+0000] {processor.py:183} INFO - Processing /opt/airflow/dags/eda_airflow copy.py took 0.077 seconds
[2025-07-19T10:22:28.315+0000] {processor.py:161} INFO - Started process (PID=11832) to work on /opt/airflow/dags/eda_airflow copy.py
[2025-07-19T10:22:28.316+0000] {processor.py:830} INFO - Processing file /opt/airflow/dags/eda_airflow copy.py for tasks to queue
[2025-07-19T10:22:28.317+0000] {logging_mixin.py:188} INFO - [2025-07-19T10:22:28.317+0000] {dagbag.py:538} INFO - Filling up the DagBag from /opt/airflow/dags/eda_airflow copy.py
[2025-07-19T10:22:28.327+0000] {processor.py:840} INFO - DAG(s) 'launch_streamlit_dashboard' retrieved from /opt/airflow/dags/eda_airflow copy.py
[2025-07-19T10:22:28.338+0000] {logging_mixin.py:188} INFO - [2025-07-19T10:22:28.338+0000] {dag.py:3036} INFO - Sync 1 DAGs
[2025-07-19T10:22:28.350+0000] {logging_mixin.py:188} INFO - [2025-07-19T10:22:28.350+0000] {dag.py:3823} INFO - Setting next_dagrun for launch_streamlit_dashboard to None, run_after=None
[2025-07-19T10:22:28.371+0000] {processor.py:183} INFO - Processing /opt/airflow/dags/eda_airflow copy.py took 0.059 seconds
[2025-07-19T10:22:58.852+0000] {processor.py:161} INFO - Started process (PID=11857) to work on /opt/airflow/dags/eda_airflow copy.py
[2025-07-19T10:22:58.853+0000] {processor.py:830} INFO - Processing file /opt/airflow/dags/eda_airflow copy.py for tasks to queue
[2025-07-19T10:22:58.854+0000] {logging_mixin.py:188} INFO - [2025-07-19T10:22:58.854+0000] {dagbag.py:538} INFO - Filling up the DagBag from /opt/airflow/dags/eda_airflow copy.py
[2025-07-19T10:22:58.864+0000] {processor.py:840} INFO - DAG(s) 'launch_streamlit_dashboard' retrieved from /opt/airflow/dags/eda_airflow copy.py
[2025-07-19T10:22:58.956+0000] {logging_mixin.py:188} INFO - [2025-07-19T10:22:58.956+0000] {dag.py:3036} INFO - Sync 1 DAGs
[2025-07-19T10:22:59.138+0000] {logging_mixin.py:188} INFO - [2025-07-19T10:22:59.138+0000] {dag.py:3823} INFO - Setting next_dagrun for launch_streamlit_dashboard to None, run_after=None
[2025-07-19T10:22:59.160+0000] {processor.py:183} INFO - Processing /opt/airflow/dags/eda_airflow copy.py took 0.311 seconds
[2025-07-19T10:23:29.466+0000] {processor.py:161} INFO - Started process (PID=11882) to work on /opt/airflow/dags/eda_airflow copy.py
[2025-07-19T10:23:29.467+0000] {processor.py:830} INFO - Processing file /opt/airflow/dags/eda_airflow copy.py for tasks to queue
[2025-07-19T10:23:29.468+0000] {logging_mixin.py:188} INFO - [2025-07-19T10:23:29.468+0000] {dagbag.py:538} INFO - Filling up the DagBag from /opt/airflow/dags/eda_airflow copy.py
[2025-07-19T10:23:29.480+0000] {processor.py:840} INFO - DAG(s) 'launch_streamlit_dashboard' retrieved from /opt/airflow/dags/eda_airflow copy.py
[2025-07-19T10:23:29.503+0000] {logging_mixin.py:188} INFO - [2025-07-19T10:23:29.502+0000] {dag.py:3036} INFO - Sync 1 DAGs
[2025-07-19T10:23:29.514+0000] {logging_mixin.py:188} INFO - [2025-07-19T10:23:29.513+0000] {dag.py:3823} INFO - Setting next_dagrun for launch_streamlit_dashboard to None, run_after=None
[2025-07-19T10:23:29.536+0000] {processor.py:183} INFO - Processing /opt/airflow/dags/eda_airflow copy.py took 0.073 seconds
[2025-07-19T10:24:00.037+0000] {processor.py:161} INFO - Started process (PID=11907) to work on /opt/airflow/dags/eda_airflow copy.py
[2025-07-19T10:24:00.038+0000] {processor.py:830} INFO - Processing file /opt/airflow/dags/eda_airflow copy.py for tasks to queue
[2025-07-19T10:24:00.039+0000] {logging_mixin.py:188} INFO - [2025-07-19T10:24:00.039+0000] {dagbag.py:538} INFO - Filling up the DagBag from /opt/airflow/dags/eda_airflow copy.py
[2025-07-19T10:24:00.049+0000] {processor.py:840} INFO - DAG(s) 'launch_streamlit_dashboard' retrieved from /opt/airflow/dags/eda_airflow copy.py
[2025-07-19T10:24:00.059+0000] {logging_mixin.py:188} INFO - [2025-07-19T10:24:00.059+0000] {dag.py:3036} INFO - Sync 1 DAGs
[2025-07-19T10:24:00.071+0000] {logging_mixin.py:188} INFO - [2025-07-19T10:24:00.071+0000] {dag.py:3823} INFO - Setting next_dagrun for launch_streamlit_dashboard to None, run_after=None
[2025-07-19T10:24:00.093+0000] {processor.py:183} INFO - Processing /opt/airflow/dags/eda_airflow copy.py took 0.059 seconds
[2025-07-19T10:24:30.733+0000] {processor.py:161} INFO - Started process (PID=11932) to work on /opt/airflow/dags/eda_airflow copy.py
[2025-07-19T10:24:30.734+0000] {processor.py:830} INFO - Processing file /opt/airflow/dags/eda_airflow copy.py for tasks to queue
[2025-07-19T10:24:30.735+0000] {logging_mixin.py:188} INFO - [2025-07-19T10:24:30.735+0000] {dagbag.py:538} INFO - Filling up the DagBag from /opt/airflow/dags/eda_airflow copy.py
[2025-07-19T10:24:30.748+0000] {processor.py:840} INFO - DAG(s) 'launch_streamlit_dashboard' retrieved from /opt/airflow/dags/eda_airflow copy.py
[2025-07-19T10:24:30.851+0000] {logging_mixin.py:188} INFO - [2025-07-19T10:24:30.851+0000] {dag.py:3036} INFO - Sync 1 DAGs
[2025-07-19T10:24:30.962+0000] {logging_mixin.py:188} INFO - [2025-07-19T10:24:30.961+0000] {dag.py:3823} INFO - Setting next_dagrun for launch_streamlit_dashboard to None, run_after=None
[2025-07-19T10:24:31.069+0000] {processor.py:183} INFO - Processing /opt/airflow/dags/eda_airflow copy.py took 0.339 seconds
[2025-07-19T10:25:02.525+0000] {processor.py:161} INFO - Started process (PID=11950) to work on /opt/airflow/dags/eda_airflow copy.py
[2025-07-19T10:25:02.526+0000] {processor.py:830} INFO - Processing file /opt/airflow/dags/eda_airflow copy.py for tasks to queue
[2025-07-19T10:25:02.527+0000] {logging_mixin.py:188} INFO - [2025-07-19T10:25:02.527+0000] {dagbag.py:538} INFO - Filling up the DagBag from /opt/airflow/dags/eda_airflow copy.py
[2025-07-19T10:25:02.538+0000] {processor.py:840} INFO - DAG(s) 'launch_streamlit_dashboard' retrieved from /opt/airflow/dags/eda_airflow copy.py
[2025-07-19T10:25:04.932+0000] {logging_mixin.py:188} INFO - [2025-07-19T10:25:04.932+0000] {dag.py:3036} INFO - Sync 1 DAGs
[2025-07-19T10:25:04.943+0000] {logging_mixin.py:188} INFO - [2025-07-19T10:25:04.943+0000] {dag.py:3823} INFO - Setting next_dagrun for launch_streamlit_dashboard to None, run_after=None
[2025-07-19T10:25:04.965+0000] {processor.py:183} INFO - Processing /opt/airflow/dags/eda_airflow copy.py took 2.443 seconds
[2025-07-19T10:26:37.401+0000] {processor.py:161} INFO - Started process (PID=11971) to work on /opt/airflow/dags/eda_airflow copy.py
[2025-07-19T10:26:37.402+0000] {processor.py:830} INFO - Processing file /opt/airflow/dags/eda_airflow copy.py for tasks to queue
[2025-07-19T10:26:37.403+0000] {logging_mixin.py:188} INFO - [2025-07-19T10:26:37.402+0000] {dagbag.py:538} INFO - Filling up the DagBag from /opt/airflow/dags/eda_airflow copy.py
[2025-07-19T10:26:37.461+0000] {processor.py:840} INFO - DAG(s) 'launch_streamlit_dashboard' retrieved from /opt/airflow/dags/eda_airflow copy.py
[2025-07-19T10:26:37.485+0000] {logging_mixin.py:188} INFO - [2025-07-19T10:26:37.485+0000] {dag.py:3036} INFO - Sync 1 DAGs
[2025-07-19T10:26:37.497+0000] {logging_mixin.py:188} INFO - [2025-07-19T10:26:37.497+0000] {dag.py:3823} INFO - Setting next_dagrun for launch_streamlit_dashboard to None, run_after=None
[2025-07-19T10:26:37.516+0000] {processor.py:183} INFO - Processing /opt/airflow/dags/eda_airflow copy.py took 0.119 seconds
[2025-07-19T10:27:07.589+0000] {processor.py:161} INFO - Started process (PID=11996) to work on /opt/airflow/dags/eda_airflow copy.py
[2025-07-19T10:27:07.590+0000] {processor.py:830} INFO - Processing file /opt/airflow/dags/eda_airflow copy.py for tasks to queue
[2025-07-19T10:27:07.591+0000] {logging_mixin.py:188} INFO - [2025-07-19T10:27:07.591+0000] {dagbag.py:538} INFO - Filling up the DagBag from /opt/airflow/dags/eda_airflow copy.py
[2025-07-19T10:27:07.611+0000] {processor.py:840} INFO - DAG(s) 'launch_streamlit_dashboard' retrieved from /opt/airflow/dags/eda_airflow copy.py
[2025-07-19T10:27:07.625+0000] {logging_mixin.py:188} INFO - [2025-07-19T10:27:07.624+0000] {dag.py:3036} INFO - Sync 1 DAGs
[2025-07-19T10:27:07.638+0000] {logging_mixin.py:188} INFO - [2025-07-19T10:27:07.638+0000] {dag.py:3823} INFO - Setting next_dagrun for launch_streamlit_dashboard to None, run_after=None
[2025-07-19T10:27:07.695+0000] {processor.py:183} INFO - Processing /opt/airflow/dags/eda_airflow copy.py took 0.109 seconds
[2025-07-19T10:27:38.289+0000] {processor.py:161} INFO - Started process (PID=12021) to work on /opt/airflow/dags/eda_airflow copy.py
[2025-07-19T10:27:38.290+0000] {processor.py:830} INFO - Processing file /opt/airflow/dags/eda_airflow copy.py for tasks to queue
[2025-07-19T10:27:38.291+0000] {logging_mixin.py:188} INFO - [2025-07-19T10:27:38.291+0000] {dagbag.py:538} INFO - Filling up the DagBag from /opt/airflow/dags/eda_airflow copy.py
[2025-07-19T10:27:38.302+0000] {processor.py:840} INFO - DAG(s) 'launch_streamlit_dashboard' retrieved from /opt/airflow/dags/eda_airflow copy.py
[2025-07-19T10:27:38.395+0000] {logging_mixin.py:188} INFO - [2025-07-19T10:27:38.395+0000] {dag.py:3036} INFO - Sync 1 DAGs
[2025-07-19T10:27:38.405+0000] {logging_mixin.py:188} INFO - [2025-07-19T10:27:38.404+0000] {dag.py:3823} INFO - Setting next_dagrun for launch_streamlit_dashboard to None, run_after=None
[2025-07-19T10:27:38.428+0000] {processor.py:183} INFO - Processing /opt/airflow/dags/eda_airflow copy.py took 0.146 seconds
[2025-07-19T10:28:08.632+0000] {processor.py:161} INFO - Started process (PID=12044) to work on /opt/airflow/dags/eda_airflow copy.py
[2025-07-19T10:28:08.633+0000] {processor.py:830} INFO - Processing file /opt/airflow/dags/eda_airflow copy.py for tasks to queue
[2025-07-19T10:28:08.634+0000] {logging_mixin.py:188} INFO - [2025-07-19T10:28:08.633+0000] {dagbag.py:538} INFO - Filling up the DagBag from /opt/airflow/dags/eda_airflow copy.py
[2025-07-19T10:28:08.645+0000] {processor.py:840} INFO - DAG(s) 'launch_streamlit_dashboard' retrieved from /opt/airflow/dags/eda_airflow copy.py
[2025-07-19T10:28:08.752+0000] {logging_mixin.py:188} INFO - [2025-07-19T10:28:08.751+0000] {dag.py:3036} INFO - Sync 1 DAGs
[2025-07-19T10:28:08.761+0000] {logging_mixin.py:188} INFO - [2025-07-19T10:28:08.760+0000] {dag.py:3823} INFO - Setting next_dagrun for launch_streamlit_dashboard to None, run_after=None
[2025-07-19T10:28:08.780+0000] {processor.py:183} INFO - Processing /opt/airflow/dags/eda_airflow copy.py took 0.151 seconds
[2025-07-19T10:28:39.201+0000] {processor.py:161} INFO - Started process (PID=12069) to work on /opt/airflow/dags/eda_airflow copy.py
[2025-07-19T10:28:39.202+0000] {processor.py:830} INFO - Processing file /opt/airflow/dags/eda_airflow copy.py for tasks to queue
[2025-07-19T10:28:39.203+0000] {logging_mixin.py:188} INFO - [2025-07-19T10:28:39.203+0000] {dagbag.py:538} INFO - Filling up the DagBag from /opt/airflow/dags/eda_airflow copy.py
[2025-07-19T10:28:39.218+0000] {processor.py:840} INFO - DAG(s) 'launch_streamlit_dashboard' retrieved from /opt/airflow/dags/eda_airflow copy.py
[2025-07-19T10:28:39.245+0000] {logging_mixin.py:188} INFO - [2025-07-19T10:28:39.244+0000] {dag.py:3036} INFO - Sync 1 DAGs
[2025-07-19T10:28:39.270+0000] {logging_mixin.py:188} INFO - [2025-07-19T10:28:39.270+0000] {dag.py:3823} INFO - Setting next_dagrun for launch_streamlit_dashboard to None, run_after=None
[2025-07-19T10:28:39.291+0000] {processor.py:183} INFO - Processing /opt/airflow/dags/eda_airflow copy.py took 0.095 seconds
[2025-07-19T10:29:09.810+0000] {processor.py:161} INFO - Started process (PID=12096) to work on /opt/airflow/dags/eda_airflow copy.py
[2025-07-19T10:29:09.811+0000] {processor.py:830} INFO - Processing file /opt/airflow/dags/eda_airflow copy.py for tasks to queue
[2025-07-19T10:29:09.812+0000] {logging_mixin.py:188} INFO - [2025-07-19T10:29:09.812+0000] {dagbag.py:538} INFO - Filling up the DagBag from /opt/airflow/dags/eda_airflow copy.py
[2025-07-19T10:29:09.822+0000] {processor.py:840} INFO - DAG(s) 'launch_streamlit_dashboard' retrieved from /opt/airflow/dags/eda_airflow copy.py
[2025-07-19T10:29:09.920+0000] {logging_mixin.py:188} INFO - [2025-07-19T10:29:09.920+0000] {dag.py:3036} INFO - Sync 1 DAGs
[2025-07-19T10:29:09.930+0000] {logging_mixin.py:188} INFO - [2025-07-19T10:29:09.930+0000] {dag.py:3823} INFO - Setting next_dagrun for launch_streamlit_dashboard to None, run_after=None
[2025-07-19T10:29:09.968+0000] {processor.py:183} INFO - Processing /opt/airflow/dags/eda_airflow copy.py took 0.161 seconds
[2025-07-19T10:29:40.294+0000] {processor.py:161} INFO - Started process (PID=12119) to work on /opt/airflow/dags/eda_airflow copy.py
[2025-07-19T10:29:40.295+0000] {processor.py:830} INFO - Processing file /opt/airflow/dags/eda_airflow copy.py for tasks to queue
[2025-07-19T10:29:40.296+0000] {logging_mixin.py:188} INFO - [2025-07-19T10:29:40.296+0000] {dagbag.py:538} INFO - Filling up the DagBag from /opt/airflow/dags/eda_airflow copy.py
[2025-07-19T10:29:40.308+0000] {processor.py:840} INFO - DAG(s) 'launch_streamlit_dashboard' retrieved from /opt/airflow/dags/eda_airflow copy.py
[2025-07-19T10:29:40.334+0000] {logging_mixin.py:188} INFO - [2025-07-19T10:29:40.334+0000] {dag.py:3036} INFO - Sync 1 DAGs
[2025-07-19T10:29:40.347+0000] {logging_mixin.py:188} INFO - [2025-07-19T10:29:40.347+0000] {dag.py:3823} INFO - Setting next_dagrun for launch_streamlit_dashboard to None, run_after=None
[2025-07-19T10:29:40.372+0000] {processor.py:183} INFO - Processing /opt/airflow/dags/eda_airflow copy.py took 0.081 seconds
[2025-07-19T10:30:11.145+0000] {processor.py:161} INFO - Started process (PID=12146) to work on /opt/airflow/dags/eda_airflow copy.py
[2025-07-19T10:30:11.146+0000] {processor.py:830} INFO - Processing file /opt/airflow/dags/eda_airflow copy.py for tasks to queue
[2025-07-19T10:30:11.148+0000] {logging_mixin.py:188} INFO - [2025-07-19T10:30:11.148+0000] {dagbag.py:538} INFO - Filling up the DagBag from /opt/airflow/dags/eda_airflow copy.py
[2025-07-19T10:30:11.190+0000] {processor.py:840} INFO - DAG(s) 'launch_streamlit_dashboard' retrieved from /opt/airflow/dags/eda_airflow copy.py
[2025-07-19T10:30:11.327+0000] {logging_mixin.py:188} INFO - [2025-07-19T10:30:11.326+0000] {dag.py:3036} INFO - Sync 1 DAGs
[2025-07-19T10:30:11.339+0000] {logging_mixin.py:188} INFO - [2025-07-19T10:30:11.339+0000] {dag.py:3823} INFO - Setting next_dagrun for launch_streamlit_dashboard to None, run_after=None
[2025-07-19T10:30:11.372+0000] {processor.py:183} INFO - Processing /opt/airflow/dags/eda_airflow copy.py took 0.232 seconds
[2025-07-19T10:30:41.528+0000] {processor.py:161} INFO - Started process (PID=12169) to work on /opt/airflow/dags/eda_airflow copy.py
[2025-07-19T10:30:41.530+0000] {processor.py:830} INFO - Processing file /opt/airflow/dags/eda_airflow copy.py for tasks to queue
[2025-07-19T10:30:41.532+0000] {logging_mixin.py:188} INFO - [2025-07-19T10:30:41.531+0000] {dagbag.py:538} INFO - Filling up the DagBag from /opt/airflow/dags/eda_airflow copy.py
[2025-07-19T10:30:41.565+0000] {processor.py:840} INFO - DAG(s) 'launch_streamlit_dashboard' retrieved from /opt/airflow/dags/eda_airflow copy.py
[2025-07-19T10:30:41.608+0000] {logging_mixin.py:188} INFO - [2025-07-19T10:30:41.607+0000] {dag.py:3036} INFO - Sync 1 DAGs
[2025-07-19T10:30:41.628+0000] {logging_mixin.py:188} INFO - [2025-07-19T10:30:41.627+0000] {dag.py:3823} INFO - Setting next_dagrun for launch_streamlit_dashboard to None, run_after=None
[2025-07-19T10:30:41.666+0000] {processor.py:183} INFO - Processing /opt/airflow/dags/eda_airflow copy.py took 0.143 seconds
[2025-07-19T10:31:12.677+0000] {processor.py:161} INFO - Started process (PID=12196) to work on /opt/airflow/dags/eda_airflow copy.py
[2025-07-19T10:31:12.678+0000] {processor.py:830} INFO - Processing file /opt/airflow/dags/eda_airflow copy.py for tasks to queue
[2025-07-19T10:31:12.680+0000] {logging_mixin.py:188} INFO - [2025-07-19T10:31:12.679+0000] {dagbag.py:538} INFO - Filling up the DagBag from /opt/airflow/dags/eda_airflow copy.py
[2025-07-19T10:31:12.707+0000] {processor.py:840} INFO - DAG(s) 'launch_streamlit_dashboard' retrieved from /opt/airflow/dags/eda_airflow copy.py
[2025-07-19T10:31:12.835+0000] {logging_mixin.py:188} INFO - [2025-07-19T10:31:12.835+0000] {dag.py:3036} INFO - Sync 1 DAGs
[2025-07-19T10:31:12.846+0000] {logging_mixin.py:188} INFO - [2025-07-19T10:31:12.846+0000] {dag.py:3823} INFO - Setting next_dagrun for launch_streamlit_dashboard to None, run_after=None
[2025-07-19T10:31:12.876+0000] {processor.py:183} INFO - Processing /opt/airflow/dags/eda_airflow copy.py took 0.203 seconds
[2025-07-19T10:31:43.374+0000] {processor.py:161} INFO - Started process (PID=12219) to work on /opt/airflow/dags/eda_airflow copy.py
[2025-07-19T10:31:43.376+0000] {processor.py:830} INFO - Processing file /opt/airflow/dags/eda_airflow copy.py for tasks to queue
[2025-07-19T10:31:43.378+0000] {logging_mixin.py:188} INFO - [2025-07-19T10:31:43.378+0000] {dagbag.py:538} INFO - Filling up the DagBag from /opt/airflow/dags/eda_airflow copy.py
[2025-07-19T10:31:43.405+0000] {processor.py:840} INFO - DAG(s) 'launch_streamlit_dashboard' retrieved from /opt/airflow/dags/eda_airflow copy.py
[2025-07-19T10:31:43.588+0000] {logging_mixin.py:188} INFO - [2025-07-19T10:31:43.588+0000] {dag.py:3036} INFO - Sync 1 DAGs
[2025-07-19T10:31:43.602+0000] {logging_mixin.py:188} INFO - [2025-07-19T10:31:43.602+0000] {dag.py:3823} INFO - Setting next_dagrun for launch_streamlit_dashboard to None, run_after=None
[2025-07-19T10:31:43.639+0000] {processor.py:183} INFO - Processing /opt/airflow/dags/eda_airflow copy.py took 0.269 seconds
[2025-07-19T10:32:14.568+0000] {processor.py:161} INFO - Started process (PID=12244) to work on /opt/airflow/dags/eda_airflow copy.py
[2025-07-19T10:32:14.570+0000] {processor.py:830} INFO - Processing file /opt/airflow/dags/eda_airflow copy.py for tasks to queue
[2025-07-19T10:32:14.571+0000] {logging_mixin.py:188} INFO - [2025-07-19T10:32:14.571+0000] {dagbag.py:538} INFO - Filling up the DagBag from /opt/airflow/dags/eda_airflow copy.py
[2025-07-19T10:32:14.606+0000] {processor.py:840} INFO - DAG(s) 'launch_streamlit_dashboard' retrieved from /opt/airflow/dags/eda_airflow copy.py
[2025-07-19T10:32:14.798+0000] {logging_mixin.py:188} INFO - [2025-07-19T10:32:14.798+0000] {dag.py:3036} INFO - Sync 1 DAGs
[2025-07-19T10:32:14.821+0000] {logging_mixin.py:188} INFO - [2025-07-19T10:32:14.821+0000] {dag.py:3823} INFO - Setting next_dagrun for launch_streamlit_dashboard to None, run_after=None
[2025-07-19T10:32:14.870+0000] {processor.py:183} INFO - Processing /opt/airflow/dags/eda_airflow copy.py took 0.307 seconds
[2025-07-19T10:32:45.143+0000] {processor.py:161} INFO - Started process (PID=12269) to work on /opt/airflow/dags/eda_airflow copy.py
[2025-07-19T10:32:45.146+0000] {processor.py:830} INFO - Processing file /opt/airflow/dags/eda_airflow copy.py for tasks to queue
[2025-07-19T10:32:45.149+0000] {logging_mixin.py:188} INFO - [2025-07-19T10:32:45.148+0000] {dagbag.py:538} INFO - Filling up the DagBag from /opt/airflow/dags/eda_airflow copy.py
[2025-07-19T10:32:45.180+0000] {processor.py:840} INFO - DAG(s) 'launch_streamlit_dashboard' retrieved from /opt/airflow/dags/eda_airflow copy.py
[2025-07-19T10:32:45.232+0000] {logging_mixin.py:188} INFO - [2025-07-19T10:32:45.231+0000] {dag.py:3036} INFO - Sync 1 DAGs
[2025-07-19T10:32:45.259+0000] {logging_mixin.py:188} INFO - [2025-07-19T10:32:45.258+0000] {dag.py:3823} INFO - Setting next_dagrun for launch_streamlit_dashboard to None, run_after=None
[2025-07-19T10:32:45.327+0000] {processor.py:183} INFO - Processing /opt/airflow/dags/eda_airflow copy.py took 0.191 seconds
[2025-07-19T10:33:15.520+0000] {processor.py:161} INFO - Started process (PID=12291) to work on /opt/airflow/dags/eda_airflow copy.py
[2025-07-19T10:33:15.522+0000] {processor.py:830} INFO - Processing file /opt/airflow/dags/eda_airflow copy.py for tasks to queue
[2025-07-19T10:33:15.525+0000] {logging_mixin.py:188} INFO - [2025-07-19T10:33:15.524+0000] {dagbag.py:538} INFO - Filling up the DagBag from /opt/airflow/dags/eda_airflow copy.py
[2025-07-19T10:33:15.556+0000] {processor.py:840} INFO - DAG(s) 'launch_streamlit_dashboard' retrieved from /opt/airflow/dags/eda_airflow copy.py
[2025-07-19T10:33:15.765+0000] {logging_mixin.py:188} INFO - [2025-07-19T10:33:15.764+0000] {dag.py:3036} INFO - Sync 1 DAGs
[2025-07-19T10:33:15.781+0000] {logging_mixin.py:188} INFO - [2025-07-19T10:33:15.781+0000] {dag.py:3823} INFO - Setting next_dagrun for launch_streamlit_dashboard to None, run_after=None
[2025-07-19T10:33:15.824+0000] {processor.py:183} INFO - Processing /opt/airflow/dags/eda_airflow copy.py took 0.308 seconds
[2025-07-19T10:33:46.030+0000] {processor.py:161} INFO - Started process (PID=12316) to work on /opt/airflow/dags/eda_airflow copy.py
[2025-07-19T10:33:46.032+0000] {processor.py:830} INFO - Processing file /opt/airflow/dags/eda_airflow copy.py for tasks to queue
[2025-07-19T10:33:46.036+0000] {logging_mixin.py:188} INFO - [2025-07-19T10:33:46.036+0000] {dagbag.py:538} INFO - Filling up the DagBag from /opt/airflow/dags/eda_airflow copy.py
[2025-07-19T10:33:46.078+0000] {processor.py:840} INFO - DAG(s) 'launch_streamlit_dashboard' retrieved from /opt/airflow/dags/eda_airflow copy.py
[2025-07-19T10:33:46.138+0000] {logging_mixin.py:188} INFO - [2025-07-19T10:33:46.138+0000] {dag.py:3036} INFO - Sync 1 DAGs
[2025-07-19T10:33:46.156+0000] {logging_mixin.py:188} INFO - [2025-07-19T10:33:46.155+0000] {dag.py:3823} INFO - Setting next_dagrun for launch_streamlit_dashboard to None, run_after=None
[2025-07-19T10:33:46.187+0000] {processor.py:183} INFO - Processing /opt/airflow/dags/eda_airflow copy.py took 0.164 seconds
[2025-07-19T10:34:16.362+0000] {processor.py:161} INFO - Started process (PID=12341) to work on /opt/airflow/dags/eda_airflow copy.py
[2025-07-19T10:34:16.364+0000] {processor.py:830} INFO - Processing file /opt/airflow/dags/eda_airflow copy.py for tasks to queue
[2025-07-19T10:34:16.366+0000] {logging_mixin.py:188} INFO - [2025-07-19T10:34:16.366+0000] {dagbag.py:538} INFO - Filling up the DagBag from /opt/airflow/dags/eda_airflow copy.py
[2025-07-19T10:34:16.396+0000] {processor.py:840} INFO - DAG(s) 'launch_streamlit_dashboard' retrieved from /opt/airflow/dags/eda_airflow copy.py
[2025-07-19T10:34:16.645+0000] {logging_mixin.py:188} INFO - [2025-07-19T10:34:16.644+0000] {dag.py:3036} INFO - Sync 1 DAGs
[2025-07-19T10:34:16.665+0000] {logging_mixin.py:188} INFO - [2025-07-19T10:34:16.665+0000] {dag.py:3823} INFO - Setting next_dagrun for launch_streamlit_dashboard to None, run_after=None
[2025-07-19T10:34:16.715+0000] {processor.py:183} INFO - Processing /opt/airflow/dags/eda_airflow copy.py took 0.360 seconds
[2025-07-19T10:34:46.872+0000] {processor.py:161} INFO - Started process (PID=12366) to work on /opt/airflow/dags/eda_airflow copy.py
[2025-07-19T10:34:46.874+0000] {processor.py:830} INFO - Processing file /opt/airflow/dags/eda_airflow copy.py for tasks to queue
[2025-07-19T10:34:46.875+0000] {logging_mixin.py:188} INFO - [2025-07-19T10:34:46.875+0000] {dagbag.py:538} INFO - Filling up the DagBag from /opt/airflow/dags/eda_airflow copy.py
[2025-07-19T10:34:46.909+0000] {processor.py:840} INFO - DAG(s) 'launch_streamlit_dashboard' retrieved from /opt/airflow/dags/eda_airflow copy.py
[2025-07-19T10:34:46.969+0000] {logging_mixin.py:188} INFO - [2025-07-19T10:34:46.968+0000] {dag.py:3036} INFO - Sync 1 DAGs
[2025-07-19T10:34:46.998+0000] {logging_mixin.py:188} INFO - [2025-07-19T10:34:46.998+0000] {dag.py:3823} INFO - Setting next_dagrun for launch_streamlit_dashboard to None, run_after=None
[2025-07-19T10:34:47.058+0000] {processor.py:183} INFO - Processing /opt/airflow/dags/eda_airflow copy.py took 0.190 seconds
[2025-07-19T10:35:17.217+0000] {processor.py:161} INFO - Started process (PID=12391) to work on /opt/airflow/dags/eda_airflow copy.py
[2025-07-19T10:35:17.220+0000] {processor.py:830} INFO - Processing file /opt/airflow/dags/eda_airflow copy.py for tasks to queue
[2025-07-19T10:35:17.223+0000] {logging_mixin.py:188} INFO - [2025-07-19T10:35:17.222+0000] {dagbag.py:538} INFO - Filling up the DagBag from /opt/airflow/dags/eda_airflow copy.py
[2025-07-19T10:35:17.255+0000] {processor.py:840} INFO - DAG(s) 'launch_streamlit_dashboard' retrieved from /opt/airflow/dags/eda_airflow copy.py
[2025-07-19T10:35:17.458+0000] {logging_mixin.py:188} INFO - [2025-07-19T10:35:17.458+0000] {dag.py:3036} INFO - Sync 1 DAGs
[2025-07-19T10:35:17.475+0000] {logging_mixin.py:188} INFO - [2025-07-19T10:35:17.475+0000] {dag.py:3823} INFO - Setting next_dagrun for launch_streamlit_dashboard to None, run_after=None
[2025-07-19T10:35:17.513+0000] {processor.py:183} INFO - Processing /opt/airflow/dags/eda_airflow copy.py took 0.305 seconds
[2025-07-19T10:35:47.891+0000] {processor.py:161} INFO - Started process (PID=12419) to work on /opt/airflow/dags/eda_airflow copy.py
[2025-07-19T10:35:47.894+0000] {processor.py:830} INFO - Processing file /opt/airflow/dags/eda_airflow copy.py for tasks to queue
[2025-07-19T10:35:47.897+0000] {logging_mixin.py:188} INFO - [2025-07-19T10:35:47.896+0000] {dagbag.py:538} INFO - Filling up the DagBag from /opt/airflow/dags/eda_airflow copy.py
[2025-07-19T10:35:47.932+0000] {processor.py:840} INFO - DAG(s) 'launch_streamlit_dashboard' retrieved from /opt/airflow/dags/eda_airflow copy.py
[2025-07-19T10:35:47.997+0000] {logging_mixin.py:188} INFO - [2025-07-19T10:35:47.997+0000] {dag.py:3036} INFO - Sync 1 DAGs
[2025-07-19T10:35:48.030+0000] {logging_mixin.py:188} INFO - [2025-07-19T10:35:48.030+0000] {dag.py:3823} INFO - Setting next_dagrun for launch_streamlit_dashboard to None, run_after=None
[2025-07-19T10:35:48.086+0000] {processor.py:183} INFO - Processing /opt/airflow/dags/eda_airflow copy.py took 0.206 seconds
[2025-07-19T10:36:18.188+0000] {processor.py:161} INFO - Started process (PID=12441) to work on /opt/airflow/dags/eda_airflow copy.py
[2025-07-19T10:36:18.190+0000] {processor.py:830} INFO - Processing file /opt/airflow/dags/eda_airflow copy.py for tasks to queue
[2025-07-19T10:36:18.191+0000] {logging_mixin.py:188} INFO - [2025-07-19T10:36:18.191+0000] {dagbag.py:538} INFO - Filling up the DagBag from /opt/airflow/dags/eda_airflow copy.py
[2025-07-19T10:36:18.232+0000] {processor.py:840} INFO - DAG(s) 'launch_streamlit_dashboard' retrieved from /opt/airflow/dags/eda_airflow copy.py
[2025-07-19T10:36:18.411+0000] {logging_mixin.py:188} INFO - [2025-07-19T10:36:18.411+0000] {dag.py:3036} INFO - Sync 1 DAGs
[2025-07-19T10:36:18.426+0000] {logging_mixin.py:188} INFO - [2025-07-19T10:36:18.426+0000] {dag.py:3823} INFO - Setting next_dagrun for launch_streamlit_dashboard to None, run_after=None
[2025-07-19T10:36:18.462+0000] {processor.py:183} INFO - Processing /opt/airflow/dags/eda_airflow copy.py took 0.281 seconds
[2025-07-19T10:36:48.795+0000] {processor.py:161} INFO - Started process (PID=12466) to work on /opt/airflow/dags/eda_airflow copy.py
[2025-07-19T10:36:48.798+0000] {processor.py:830} INFO - Processing file /opt/airflow/dags/eda_airflow copy.py for tasks to queue
[2025-07-19T10:36:48.800+0000] {logging_mixin.py:188} INFO - [2025-07-19T10:36:48.799+0000] {dagbag.py:538} INFO - Filling up the DagBag from /opt/airflow/dags/eda_airflow copy.py
[2025-07-19T10:36:48.845+0000] {processor.py:840} INFO - DAG(s) 'launch_streamlit_dashboard' retrieved from /opt/airflow/dags/eda_airflow copy.py
[2025-07-19T10:36:49.024+0000] {logging_mixin.py:188} INFO - [2025-07-19T10:36:49.023+0000] {dag.py:3036} INFO - Sync 1 DAGs
[2025-07-19T10:36:49.049+0000] {logging_mixin.py:188} INFO - [2025-07-19T10:36:49.049+0000] {dag.py:3823} INFO - Setting next_dagrun for launch_streamlit_dashboard to None, run_after=None
[2025-07-19T10:36:49.080+0000] {processor.py:183} INFO - Processing /opt/airflow/dags/eda_airflow copy.py took 0.292 seconds
[2025-07-19T10:37:19.589+0000] {processor.py:161} INFO - Started process (PID=12491) to work on /opt/airflow/dags/eda_airflow copy.py
[2025-07-19T10:37:19.591+0000] {processor.py:830} INFO - Processing file /opt/airflow/dags/eda_airflow copy.py for tasks to queue
[2025-07-19T10:37:19.594+0000] {logging_mixin.py:188} INFO - [2025-07-19T10:37:19.593+0000] {dagbag.py:538} INFO - Filling up the DagBag from /opt/airflow/dags/eda_airflow copy.py
[2025-07-19T10:37:19.627+0000] {processor.py:840} INFO - DAG(s) 'launch_streamlit_dashboard' retrieved from /opt/airflow/dags/eda_airflow copy.py
[2025-07-19T10:37:19.792+0000] {logging_mixin.py:188} INFO - [2025-07-19T10:37:19.791+0000] {dag.py:3036} INFO - Sync 1 DAGs
[2025-07-19T10:37:19.812+0000] {logging_mixin.py:188} INFO - [2025-07-19T10:37:19.812+0000] {dag.py:3823} INFO - Setting next_dagrun for launch_streamlit_dashboard to None, run_after=None
[2025-07-19T10:37:19.874+0000] {processor.py:183} INFO - Processing /opt/airflow/dags/eda_airflow copy.py took 0.291 seconds
[2025-07-19T10:37:50.042+0000] {processor.py:161} INFO - Started process (PID=12521) to work on /opt/airflow/dags/eda_airflow copy.py
[2025-07-19T10:37:50.044+0000] {processor.py:830} INFO - Processing file /opt/airflow/dags/eda_airflow copy.py for tasks to queue
[2025-07-19T10:37:50.045+0000] {logging_mixin.py:188} INFO - [2025-07-19T10:37:50.045+0000] {dagbag.py:538} INFO - Filling up the DagBag from /opt/airflow/dags/eda_airflow copy.py
[2025-07-19T10:37:50.074+0000] {processor.py:840} INFO - DAG(s) 'launch_streamlit_dashboard' retrieved from /opt/airflow/dags/eda_airflow copy.py
[2025-07-19T10:37:50.111+0000] {logging_mixin.py:188} INFO - [2025-07-19T10:37:50.110+0000] {dag.py:3036} INFO - Sync 1 DAGs
[2025-07-19T10:37:50.136+0000] {logging_mixin.py:188} INFO - [2025-07-19T10:37:50.136+0000] {dag.py:3823} INFO - Setting next_dagrun for launch_streamlit_dashboard to None, run_after=None
[2025-07-19T10:37:50.176+0000] {processor.py:183} INFO - Processing /opt/airflow/dags/eda_airflow copy.py took 0.140 seconds
[2025-07-19T10:38:20.343+0000] {processor.py:161} INFO - Started process (PID=12544) to work on /opt/airflow/dags/eda_airflow copy.py
[2025-07-19T10:38:20.346+0000] {processor.py:830} INFO - Processing file /opt/airflow/dags/eda_airflow copy.py for tasks to queue
[2025-07-19T10:38:20.349+0000] {logging_mixin.py:188} INFO - [2025-07-19T10:38:20.348+0000] {dagbag.py:538} INFO - Filling up the DagBag from /opt/airflow/dags/eda_airflow copy.py
[2025-07-19T10:38:20.379+0000] {processor.py:840} INFO - DAG(s) 'launch_streamlit_dashboard' retrieved from /opt/airflow/dags/eda_airflow copy.py
[2025-07-19T10:38:20.523+0000] {logging_mixin.py:188} INFO - [2025-07-19T10:38:20.523+0000] {dag.py:3036} INFO - Sync 1 DAGs
[2025-07-19T10:38:20.539+0000] {logging_mixin.py:188} INFO - [2025-07-19T10:38:20.539+0000] {dag.py:3823} INFO - Setting next_dagrun for launch_streamlit_dashboard to None, run_after=None
[2025-07-19T10:38:20.588+0000] {processor.py:183} INFO - Processing /opt/airflow/dags/eda_airflow copy.py took 0.252 seconds
[2025-07-19T10:38:51.203+0000] {processor.py:161} INFO - Started process (PID=12573) to work on /opt/airflow/dags/eda_airflow copy.py
[2025-07-19T10:38:51.205+0000] {processor.py:830} INFO - Processing file /opt/airflow/dags/eda_airflow copy.py for tasks to queue
[2025-07-19T10:38:51.208+0000] {logging_mixin.py:188} INFO - [2025-07-19T10:38:51.207+0000] {dagbag.py:538} INFO - Filling up the DagBag from /opt/airflow/dags/eda_airflow copy.py
[2025-07-19T10:38:51.241+0000] {processor.py:840} INFO - DAG(s) 'launch_streamlit_dashboard' retrieved from /opt/airflow/dags/eda_airflow copy.py
[2025-07-19T10:38:51.290+0000] {logging_mixin.py:188} INFO - [2025-07-19T10:38:51.290+0000] {dag.py:3036} INFO - Sync 1 DAGs
[2025-07-19T10:38:51.309+0000] {logging_mixin.py:188} INFO - [2025-07-19T10:38:51.309+0000] {dag.py:3823} INFO - Setting next_dagrun for launch_streamlit_dashboard to None, run_after=None
[2025-07-19T10:38:51.346+0000] {processor.py:183} INFO - Processing /opt/airflow/dags/eda_airflow copy.py took 0.149 seconds
[2025-07-19T10:39:21.483+0000] {processor.py:161} INFO - Started process (PID=12603) to work on /opt/airflow/dags/eda_airflow copy.py
[2025-07-19T10:39:21.485+0000] {processor.py:830} INFO - Processing file /opt/airflow/dags/eda_airflow copy.py for tasks to queue
[2025-07-19T10:39:21.486+0000] {logging_mixin.py:188} INFO - [2025-07-19T10:39:21.486+0000] {dagbag.py:538} INFO - Filling up the DagBag from /opt/airflow/dags/eda_airflow copy.py
[2025-07-19T10:39:21.515+0000] {processor.py:840} INFO - DAG(s) 'launch_streamlit_dashboard' retrieved from /opt/airflow/dags/eda_airflow copy.py
[2025-07-19T10:39:21.688+0000] {logging_mixin.py:188} INFO - [2025-07-19T10:39:21.687+0000] {dag.py:3036} INFO - Sync 1 DAGs
[2025-07-19T10:39:21.706+0000] {logging_mixin.py:188} INFO - [2025-07-19T10:39:21.706+0000] {dag.py:3823} INFO - Setting next_dagrun for launch_streamlit_dashboard to None, run_after=None
[2025-07-19T10:39:21.754+0000] {processor.py:183} INFO - Processing /opt/airflow/dags/eda_airflow copy.py took 0.277 seconds
[2025-07-19T10:39:51.931+0000] {processor.py:161} INFO - Started process (PID=12628) to work on /opt/airflow/dags/eda_airflow copy.py
[2025-07-19T10:39:51.933+0000] {processor.py:830} INFO - Processing file /opt/airflow/dags/eda_airflow copy.py for tasks to queue
[2025-07-19T10:39:51.934+0000] {logging_mixin.py:188} INFO - [2025-07-19T10:39:51.934+0000] {dagbag.py:538} INFO - Filling up the DagBag from /opt/airflow/dags/eda_airflow copy.py
[2025-07-19T10:39:51.968+0000] {processor.py:840} INFO - DAG(s) 'launch_streamlit_dashboard' retrieved from /opt/airflow/dags/eda_airflow copy.py
[2025-07-19T10:39:52.014+0000] {logging_mixin.py:188} INFO - [2025-07-19T10:39:52.014+0000] {dag.py:3036} INFO - Sync 1 DAGs
[2025-07-19T10:39:52.033+0000] {logging_mixin.py:188} INFO - [2025-07-19T10:39:52.033+0000] {dag.py:3823} INFO - Setting next_dagrun for launch_streamlit_dashboard to None, run_after=None
[2025-07-19T10:39:52.066+0000] {processor.py:183} INFO - Processing /opt/airflow/dags/eda_airflow copy.py took 0.140 seconds
[2025-07-19T10:40:22.254+0000] {processor.py:161} INFO - Started process (PID=12653) to work on /opt/airflow/dags/eda_airflow copy.py
[2025-07-19T10:40:22.256+0000] {processor.py:830} INFO - Processing file /opt/airflow/dags/eda_airflow copy.py for tasks to queue
[2025-07-19T10:40:22.258+0000] {logging_mixin.py:188} INFO - [2025-07-19T10:40:22.257+0000] {dagbag.py:538} INFO - Filling up the DagBag from /opt/airflow/dags/eda_airflow copy.py
[2025-07-19T10:40:22.289+0000] {processor.py:840} INFO - DAG(s) 'launch_streamlit_dashboard' retrieved from /opt/airflow/dags/eda_airflow copy.py
[2025-07-19T10:40:22.418+0000] {logging_mixin.py:188} INFO - [2025-07-19T10:40:22.418+0000] {dag.py:3036} INFO - Sync 1 DAGs
[2025-07-19T10:40:22.429+0000] {logging_mixin.py:188} INFO - [2025-07-19T10:40:22.429+0000] {dag.py:3823} INFO - Setting next_dagrun for launch_streamlit_dashboard to None, run_after=None
[2025-07-19T10:40:22.464+0000] {processor.py:183} INFO - Processing /opt/airflow/dags/eda_airflow copy.py took 0.215 seconds
[2025-07-19T10:40:52.617+0000] {processor.py:161} INFO - Started process (PID=12673) to work on /opt/airflow/dags/eda_airflow copy.py
[2025-07-19T10:40:52.620+0000] {processor.py:830} INFO - Processing file /opt/airflow/dags/eda_airflow copy.py for tasks to queue
[2025-07-19T10:40:52.623+0000] {logging_mixin.py:188} INFO - [2025-07-19T10:40:52.622+0000] {dagbag.py:538} INFO - Filling up the DagBag from /opt/airflow/dags/eda_airflow copy.py
[2025-07-19T10:40:52.660+0000] {processor.py:840} INFO - DAG(s) 'launch_streamlit_dashboard' retrieved from /opt/airflow/dags/eda_airflow copy.py
[2025-07-19T10:40:52.711+0000] {logging_mixin.py:188} INFO - [2025-07-19T10:40:52.711+0000] {dag.py:3036} INFO - Sync 1 DAGs
[2025-07-19T10:40:52.732+0000] {logging_mixin.py:188} INFO - [2025-07-19T10:40:52.732+0000] {dag.py:3823} INFO - Setting next_dagrun for launch_streamlit_dashboard to None, run_after=None
[2025-07-19T10:40:52.774+0000] {processor.py:183} INFO - Processing /opt/airflow/dags/eda_airflow copy.py took 0.165 seconds
[2025-07-19T10:41:23.654+0000] {processor.py:161} INFO - Started process (PID=12701) to work on /opt/airflow/dags/eda_airflow copy.py
[2025-07-19T10:41:23.656+0000] {processor.py:830} INFO - Processing file /opt/airflow/dags/eda_airflow copy.py for tasks to queue
[2025-07-19T10:41:23.658+0000] {logging_mixin.py:188} INFO - [2025-07-19T10:41:23.658+0000] {dagbag.py:538} INFO - Filling up the DagBag from /opt/airflow/dags/eda_airflow copy.py
[2025-07-19T10:41:23.694+0000] {processor.py:840} INFO - DAG(s) 'launch_streamlit_dashboard' retrieved from /opt/airflow/dags/eda_airflow copy.py
[2025-07-19T10:41:23.904+0000] {logging_mixin.py:188} INFO - [2025-07-19T10:41:23.903+0000] {dag.py:3036} INFO - Sync 1 DAGs
[2025-07-19T10:41:23.922+0000] {logging_mixin.py:188} INFO - [2025-07-19T10:41:23.921+0000] {dag.py:3823} INFO - Setting next_dagrun for launch_streamlit_dashboard to None, run_after=None
[2025-07-19T10:41:23.968+0000] {processor.py:183} INFO - Processing /opt/airflow/dags/eda_airflow copy.py took 0.322 seconds
[2025-07-19T10:41:54.416+0000] {processor.py:161} INFO - Started process (PID=12728) to work on /opt/airflow/dags/eda_airflow copy.py
[2025-07-19T10:41:54.419+0000] {processor.py:830} INFO - Processing file /opt/airflow/dags/eda_airflow copy.py for tasks to queue
[2025-07-19T10:41:54.422+0000] {logging_mixin.py:188} INFO - [2025-07-19T10:41:54.421+0000] {dagbag.py:538} INFO - Filling up the DagBag from /opt/airflow/dags/eda_airflow copy.py
[2025-07-19T10:41:54.455+0000] {processor.py:840} INFO - DAG(s) 'launch_streamlit_dashboard' retrieved from /opt/airflow/dags/eda_airflow copy.py
[2025-07-19T10:41:54.484+0000] {logging_mixin.py:188} INFO - [2025-07-19T10:41:54.483+0000] {dag.py:3036} INFO - Sync 1 DAGs
[2025-07-19T10:41:54.520+0000] {logging_mixin.py:188} INFO - [2025-07-19T10:41:54.519+0000] {dag.py:3823} INFO - Setting next_dagrun for launch_streamlit_dashboard to None, run_after=None
[2025-07-19T10:41:54.572+0000] {processor.py:183} INFO - Processing /opt/airflow/dags/eda_airflow copy.py took 0.163 seconds
[2025-07-19T10:42:25.478+0000] {processor.py:161} INFO - Started process (PID=12753) to work on /opt/airflow/dags/eda_airflow copy.py
[2025-07-19T10:42:25.480+0000] {processor.py:830} INFO - Processing file /opt/airflow/dags/eda_airflow copy.py for tasks to queue
[2025-07-19T10:42:25.482+0000] {logging_mixin.py:188} INFO - [2025-07-19T10:42:25.482+0000] {dagbag.py:538} INFO - Filling up the DagBag from /opt/airflow/dags/eda_airflow copy.py
[2025-07-19T10:42:25.517+0000] {processor.py:840} INFO - DAG(s) 'launch_streamlit_dashboard' retrieved from /opt/airflow/dags/eda_airflow copy.py
[2025-07-19T10:42:25.683+0000] {logging_mixin.py:188} INFO - [2025-07-19T10:42:25.683+0000] {dag.py:3036} INFO - Sync 1 DAGs
[2025-07-19T10:42:25.696+0000] {logging_mixin.py:188} INFO - [2025-07-19T10:42:25.696+0000] {dag.py:3823} INFO - Setting next_dagrun for launch_streamlit_dashboard to None, run_after=None
[2025-07-19T10:42:25.724+0000] {processor.py:183} INFO - Processing /opt/airflow/dags/eda_airflow copy.py took 0.254 seconds
[2025-07-19T10:42:55.978+0000] {processor.py:161} INFO - Started process (PID=12788) to work on /opt/airflow/dags/eda_airflow copy.py
[2025-07-19T10:42:55.980+0000] {processor.py:830} INFO - Processing file /opt/airflow/dags/eda_airflow copy.py for tasks to queue
[2025-07-19T10:42:55.983+0000] {logging_mixin.py:188} INFO - [2025-07-19T10:42:55.982+0000] {dagbag.py:538} INFO - Filling up the DagBag from /opt/airflow/dags/eda_airflow copy.py
[2025-07-19T10:42:56.013+0000] {processor.py:840} INFO - DAG(s) 'launch_streamlit_dashboard' retrieved from /opt/airflow/dags/eda_airflow copy.py
[2025-07-19T10:42:56.073+0000] {logging_mixin.py:188} INFO - [2025-07-19T10:42:56.073+0000] {dag.py:3036} INFO - Sync 1 DAGs
[2025-07-19T10:42:56.099+0000] {logging_mixin.py:188} INFO - [2025-07-19T10:42:56.098+0000] {dag.py:3823} INFO - Setting next_dagrun for launch_streamlit_dashboard to None, run_after=None
[2025-07-19T10:42:56.155+0000] {processor.py:183} INFO - Processing /opt/airflow/dags/eda_airflow copy.py took 0.185 seconds
[2025-07-19T10:43:26.337+0000] {processor.py:161} INFO - Started process (PID=12828) to work on /opt/airflow/dags/eda_airflow copy.py
[2025-07-19T10:43:26.339+0000] {processor.py:830} INFO - Processing file /opt/airflow/dags/eda_airflow copy.py for tasks to queue
[2025-07-19T10:43:26.341+0000] {logging_mixin.py:188} INFO - [2025-07-19T10:43:26.340+0000] {dagbag.py:538} INFO - Filling up the DagBag from /opt/airflow/dags/eda_airflow copy.py
[2025-07-19T10:43:26.372+0000] {processor.py:840} INFO - DAG(s) 'launch_streamlit_dashboard' retrieved from /opt/airflow/dags/eda_airflow copy.py
[2025-07-19T10:43:26.399+0000] {logging_mixin.py:188} INFO - [2025-07-19T10:43:26.398+0000] {dag.py:3036} INFO - Sync 1 DAGs
[2025-07-19T10:43:26.421+0000] {logging_mixin.py:188} INFO - [2025-07-19T10:43:26.421+0000] {dag.py:3823} INFO - Setting next_dagrun for launch_streamlit_dashboard to None, run_after=None
[2025-07-19T10:43:26.456+0000] {processor.py:183} INFO - Processing /opt/airflow/dags/eda_airflow copy.py took 0.126 seconds
[2025-07-19T10:43:56.614+0000] {processor.py:161} INFO - Started process (PID=12858) to work on /opt/airflow/dags/eda_airflow copy.py
[2025-07-19T10:43:56.615+0000] {processor.py:830} INFO - Processing file /opt/airflow/dags/eda_airflow copy.py for tasks to queue
[2025-07-19T10:43:56.616+0000] {logging_mixin.py:188} INFO - [2025-07-19T10:43:56.616+0000] {dagbag.py:538} INFO - Filling up the DagBag from /opt/airflow/dags/eda_airflow copy.py
[2025-07-19T10:43:56.645+0000] {processor.py:840} INFO - DAG(s) 'launch_streamlit_dashboard' retrieved from /opt/airflow/dags/eda_airflow copy.py
[2025-07-19T10:43:56.850+0000] {logging_mixin.py:188} INFO - [2025-07-19T10:43:56.850+0000] {dag.py:3036} INFO - Sync 1 DAGs
[2025-07-19T10:43:56.867+0000] {logging_mixin.py:188} INFO - [2025-07-19T10:43:56.867+0000] {dag.py:3823} INFO - Setting next_dagrun for launch_streamlit_dashboard to None, run_after=None
[2025-07-19T10:43:56.910+0000] {processor.py:183} INFO - Processing /opt/airflow/dags/eda_airflow copy.py took 0.300 seconds
[2025-07-19T10:44:27.761+0000] {processor.py:161} INFO - Started process (PID=12886) to work on /opt/airflow/dags/eda_airflow copy.py
[2025-07-19T10:44:27.763+0000] {processor.py:830} INFO - Processing file /opt/airflow/dags/eda_airflow copy.py for tasks to queue
[2025-07-19T10:44:27.767+0000] {logging_mixin.py:188} INFO - [2025-07-19T10:44:27.766+0000] {dagbag.py:538} INFO - Filling up the DagBag from /opt/airflow/dags/eda_airflow copy.py
[2025-07-19T10:44:27.802+0000] {processor.py:840} INFO - DAG(s) 'launch_streamlit_dashboard' retrieved from /opt/airflow/dags/eda_airflow copy.py
[2025-07-19T10:44:27.895+0000] {logging_mixin.py:188} INFO - [2025-07-19T10:44:27.895+0000] {dag.py:3036} INFO - Sync 1 DAGs
[2025-07-19T10:44:27.917+0000] {logging_mixin.py:188} INFO - [2025-07-19T10:44:27.917+0000] {dag.py:3823} INFO - Setting next_dagrun for launch_streamlit_dashboard to None, run_after=None
[2025-07-19T10:44:27.955+0000] {processor.py:183} INFO - Processing /opt/airflow/dags/eda_airflow copy.py took 0.203 seconds
[2025-07-19T10:44:58.224+0000] {processor.py:161} INFO - Started process (PID=12990) to work on /opt/airflow/dags/eda_airflow copy.py
[2025-07-19T10:44:58.227+0000] {processor.py:830} INFO - Processing file /opt/airflow/dags/eda_airflow copy.py for tasks to queue
[2025-07-19T10:44:58.229+0000] {logging_mixin.py:188} INFO - [2025-07-19T10:44:58.228+0000] {dagbag.py:538} INFO - Filling up the DagBag from /opt/airflow/dags/eda_airflow copy.py
[2025-07-19T10:44:58.258+0000] {processor.py:840} INFO - DAG(s) 'launch_streamlit_dashboard' retrieved from /opt/airflow/dags/eda_airflow copy.py
[2025-07-19T10:44:58.566+0000] {logging_mixin.py:188} INFO - [2025-07-19T10:44:58.566+0000] {dag.py:3036} INFO - Sync 1 DAGs
[2025-07-19T10:44:58.598+0000] {logging_mixin.py:188} INFO - [2025-07-19T10:44:58.597+0000] {dag.py:3823} INFO - Setting next_dagrun for launch_streamlit_dashboard to None, run_after=None
[2025-07-19T10:44:58.659+0000] {processor.py:183} INFO - Processing /opt/airflow/dags/eda_airflow copy.py took 0.443 seconds
[2025-07-19T10:45:28.947+0000] {processor.py:161} INFO - Started process (PID=13248) to work on /opt/airflow/dags/eda_airflow copy.py
[2025-07-19T10:45:28.950+0000] {processor.py:830} INFO - Processing file /opt/airflow/dags/eda_airflow copy.py for tasks to queue
[2025-07-19T10:45:28.952+0000] {logging_mixin.py:188} INFO - [2025-07-19T10:45:28.951+0000] {dagbag.py:538} INFO - Filling up the DagBag from /opt/airflow/dags/eda_airflow copy.py
[2025-07-19T10:45:29.044+0000] {processor.py:840} INFO - DAG(s) 'launch_streamlit_dashboard' retrieved from /opt/airflow/dags/eda_airflow copy.py
[2025-07-19T10:45:29.188+0000] {logging_mixin.py:188} INFO - [2025-07-19T10:45:29.188+0000] {dag.py:3036} INFO - Sync 1 DAGs
[2025-07-19T10:45:29.219+0000] {logging_mixin.py:188} INFO - [2025-07-19T10:45:29.218+0000] {dag.py:3823} INFO - Setting next_dagrun for launch_streamlit_dashboard to None, run_after=None
[2025-07-19T10:45:29.265+0000] {processor.py:183} INFO - Processing /opt/airflow/dags/eda_airflow copy.py took 0.325 seconds
[2025-07-19T10:45:59.371+0000] {processor.py:161} INFO - Started process (PID=13308) to work on /opt/airflow/dags/eda_airflow copy.py
[2025-07-19T10:45:59.374+0000] {processor.py:830} INFO - Processing file /opt/airflow/dags/eda_airflow copy.py for tasks to queue
[2025-07-19T10:45:59.375+0000] {logging_mixin.py:188} INFO - [2025-07-19T10:45:59.375+0000] {dagbag.py:538} INFO - Filling up the DagBag from /opt/airflow/dags/eda_airflow copy.py
[2025-07-19T10:45:59.402+0000] {processor.py:840} INFO - DAG(s) 'launch_streamlit_dashboard' retrieved from /opt/airflow/dags/eda_airflow copy.py
[2025-07-19T10:45:59.458+0000] {logging_mixin.py:188} INFO - [2025-07-19T10:45:59.458+0000] {dag.py:3036} INFO - Sync 1 DAGs
[2025-07-19T10:45:59.476+0000] {logging_mixin.py:188} INFO - [2025-07-19T10:45:59.476+0000] {dag.py:3823} INFO - Setting next_dagrun for launch_streamlit_dashboard to None, run_after=None
[2025-07-19T10:45:59.509+0000] {processor.py:183} INFO - Processing /opt/airflow/dags/eda_airflow copy.py took 0.143 seconds
[2025-07-19T10:46:30.187+0000] {processor.py:161} INFO - Started process (PID=13330) to work on /opt/airflow/dags/eda_airflow copy.py
[2025-07-19T10:46:30.189+0000] {processor.py:830} INFO - Processing file /opt/airflow/dags/eda_airflow copy.py for tasks to queue
[2025-07-19T10:46:30.191+0000] {logging_mixin.py:188} INFO - [2025-07-19T10:46:30.191+0000] {dagbag.py:538} INFO - Filling up the DagBag from /opt/airflow/dags/eda_airflow copy.py
[2025-07-19T10:46:30.220+0000] {processor.py:840} INFO - DAG(s) 'launch_streamlit_dashboard' retrieved from /opt/airflow/dags/eda_airflow copy.py
[2025-07-19T10:46:30.648+0000] {logging_mixin.py:188} INFO - [2025-07-19T10:46:30.648+0000] {dag.py:3036} INFO - Sync 1 DAGs
[2025-07-19T10:46:30.664+0000] {logging_mixin.py:188} INFO - [2025-07-19T10:46:30.664+0000] {dag.py:3823} INFO - Setting next_dagrun for launch_streamlit_dashboard to None, run_after=None
[2025-07-19T10:46:30.848+0000] {processor.py:183} INFO - Processing /opt/airflow/dags/eda_airflow copy.py took 1.041 seconds
[2025-07-19T10:47:01.066+0000] {processor.py:161} INFO - Started process (PID=13362) to work on /opt/airflow/dags/eda_airflow copy.py
[2025-07-19T10:47:01.068+0000] {processor.py:830} INFO - Processing file /opt/airflow/dags/eda_airflow copy.py for tasks to queue
[2025-07-19T10:47:01.072+0000] {logging_mixin.py:188} INFO - [2025-07-19T10:47:01.070+0000] {dagbag.py:538} INFO - Filling up the DagBag from /opt/airflow/dags/eda_airflow copy.py
[2025-07-19T10:47:01.107+0000] {processor.py:840} INFO - DAG(s) 'launch_streamlit_dashboard' retrieved from /opt/airflow/dags/eda_airflow copy.py
[2025-07-19T10:47:01.151+0000] {logging_mixin.py:188} INFO - [2025-07-19T10:47:01.150+0000] {dag.py:3036} INFO - Sync 1 DAGs
[2025-07-19T10:47:01.426+0000] {logging_mixin.py:188} INFO - [2025-07-19T10:47:01.425+0000] {dag.py:3823} INFO - Setting next_dagrun for launch_streamlit_dashboard to None, run_after=None
[2025-07-19T10:47:01.992+0000] {processor.py:183} INFO - Processing /opt/airflow/dags/eda_airflow copy.py took 0.933 seconds
[2025-07-19T10:47:32.182+0000] {processor.py:161} INFO - Started process (PID=13387) to work on /opt/airflow/dags/eda_airflow copy.py
[2025-07-19T10:47:32.184+0000] {processor.py:830} INFO - Processing file /opt/airflow/dags/eda_airflow copy.py for tasks to queue
[2025-07-19T10:47:32.185+0000] {logging_mixin.py:188} INFO - [2025-07-19T10:47:32.185+0000] {dagbag.py:538} INFO - Filling up the DagBag from /opt/airflow/dags/eda_airflow copy.py
[2025-07-19T10:47:32.214+0000] {processor.py:840} INFO - DAG(s) 'launch_streamlit_dashboard' retrieved from /opt/airflow/dags/eda_airflow copy.py
[2025-07-19T10:47:32.234+0000] {logging_mixin.py:188} INFO - [2025-07-19T10:47:32.234+0000] {dag.py:3036} INFO - Sync 1 DAGs
[2025-07-19T10:47:32.254+0000] {logging_mixin.py:188} INFO - [2025-07-19T10:47:32.254+0000] {dag.py:3823} INFO - Setting next_dagrun for launch_streamlit_dashboard to None, run_after=None
[2025-07-19T10:47:32.291+0000] {processor.py:183} INFO - Processing /opt/airflow/dags/eda_airflow copy.py took 0.114 seconds
[2025-07-19T10:48:02.449+0000] {processor.py:161} INFO - Started process (PID=13412) to work on /opt/airflow/dags/eda_airflow copy.py
[2025-07-19T10:48:02.451+0000] {processor.py:830} INFO - Processing file /opt/airflow/dags/eda_airflow copy.py for tasks to queue
[2025-07-19T10:48:02.453+0000] {logging_mixin.py:188} INFO - [2025-07-19T10:48:02.453+0000] {dagbag.py:538} INFO - Filling up the DagBag from /opt/airflow/dags/eda_airflow copy.py
[2025-07-19T10:48:02.482+0000] {processor.py:840} INFO - DAG(s) 'launch_streamlit_dashboard' retrieved from /opt/airflow/dags/eda_airflow copy.py
[2025-07-19T10:48:02.651+0000] {logging_mixin.py:188} INFO - [2025-07-19T10:48:02.651+0000] {dag.py:3036} INFO - Sync 1 DAGs
[2025-07-19T10:48:02.676+0000] {logging_mixin.py:188} INFO - [2025-07-19T10:48:02.675+0000] {dag.py:3823} INFO - Setting next_dagrun for launch_streamlit_dashboard to None, run_after=None
[2025-07-19T10:48:02.715+0000] {processor.py:183} INFO - Processing /opt/airflow/dags/eda_airflow copy.py took 0.271 seconds
[2025-07-19T10:48:33.425+0000] {processor.py:161} INFO - Started process (PID=13441) to work on /opt/airflow/dags/eda_airflow copy.py
[2025-07-19T10:48:33.427+0000] {processor.py:830} INFO - Processing file /opt/airflow/dags/eda_airflow copy.py for tasks to queue
[2025-07-19T10:48:33.430+0000] {logging_mixin.py:188} INFO - [2025-07-19T10:48:33.429+0000] {dagbag.py:538} INFO - Filling up the DagBag from /opt/airflow/dags/eda_airflow copy.py
[2025-07-19T10:48:33.509+0000] {processor.py:840} INFO - DAG(s) 'launch_streamlit_dashboard' retrieved from /opt/airflow/dags/eda_airflow copy.py
[2025-07-19T10:48:36.554+0000] {logging_mixin.py:188} INFO - [2025-07-19T10:48:36.554+0000] {dag.py:3036} INFO - Sync 1 DAGs
[2025-07-19T10:48:44.618+0000] {logging_mixin.py:188} INFO - [2025-07-19T10:48:44.618+0000] {dag.py:3823} INFO - Setting next_dagrun for launch_streamlit_dashboard to None, run_after=None
[2025-07-19T10:48:44.753+0000] {processor.py:183} INFO - Processing /opt/airflow/dags/eda_airflow copy.py took 11.335 seconds
[2025-07-19T10:49:18.148+0000] {processor.py:161} INFO - Started process (PID=13483) to work on /opt/airflow/dags/eda_airflow copy.py
[2025-07-19T10:49:18.184+0000] {processor.py:830} INFO - Processing file /opt/airflow/dags/eda_airflow copy.py for tasks to queue
[2025-07-19T10:49:18.216+0000] {logging_mixin.py:188} INFO - [2025-07-19T10:49:18.214+0000] {dagbag.py:538} INFO - Filling up the DagBag from /opt/airflow/dags/eda_airflow copy.py
[2025-07-19T10:49:18.580+0000] {processor.py:840} INFO - DAG(s) 'launch_streamlit_dashboard' retrieved from /opt/airflow/dags/eda_airflow copy.py
[2025-07-19T10:49:20.936+0000] {logging_mixin.py:188} INFO - [2025-07-19T10:49:20.936+0000] {dag.py:3036} INFO - Sync 1 DAGs
[2025-07-19T10:49:20.967+0000] {logging_mixin.py:188} INFO - [2025-07-19T10:49:20.967+0000] {dag.py:3823} INFO - Setting next_dagrun for launch_streamlit_dashboard to None, run_after=None
[2025-07-19T10:49:21.059+0000] {processor.py:183} INFO - Processing /opt/airflow/dags/eda_airflow copy.py took 4.863 seconds
[2025-07-19T10:49:51.749+0000] {processor.py:161} INFO - Started process (PID=13512) to work on /opt/airflow/dags/eda_airflow copy.py
[2025-07-19T10:49:51.752+0000] {processor.py:830} INFO - Processing file /opt/airflow/dags/eda_airflow copy.py for tasks to queue
[2025-07-19T10:49:51.754+0000] {logging_mixin.py:188} INFO - [2025-07-19T10:49:51.753+0000] {dagbag.py:538} INFO - Filling up the DagBag from /opt/airflow/dags/eda_airflow copy.py
[2025-07-19T10:49:51.796+0000] {processor.py:840} INFO - DAG(s) 'launch_streamlit_dashboard' retrieved from /opt/airflow/dags/eda_airflow copy.py
[2025-07-19T10:49:51.848+0000] {logging_mixin.py:188} INFO - [2025-07-19T10:49:51.848+0000] {dag.py:3036} INFO - Sync 1 DAGs
[2025-07-19T10:49:51.873+0000] {logging_mixin.py:188} INFO - [2025-07-19T10:49:51.873+0000] {dag.py:3823} INFO - Setting next_dagrun for launch_streamlit_dashboard to None, run_after=None
[2025-07-19T10:49:51.924+0000] {processor.py:183} INFO - Processing /opt/airflow/dags/eda_airflow copy.py took 0.180 seconds
[2025-07-19T10:50:22.020+0000] {processor.py:161} INFO - Started process (PID=13537) to work on /opt/airflow/dags/eda_airflow copy.py
[2025-07-19T10:50:22.022+0000] {processor.py:830} INFO - Processing file /opt/airflow/dags/eda_airflow copy.py for tasks to queue
[2025-07-19T10:50:22.025+0000] {logging_mixin.py:188} INFO - [2025-07-19T10:50:22.024+0000] {dagbag.py:538} INFO - Filling up the DagBag from /opt/airflow/dags/eda_airflow copy.py
[2025-07-19T10:50:22.056+0000] {processor.py:840} INFO - DAG(s) 'launch_streamlit_dashboard' retrieved from /opt/airflow/dags/eda_airflow copy.py
[2025-07-19T10:50:22.075+0000] {logging_mixin.py:188} INFO - [2025-07-19T10:50:22.075+0000] {dag.py:3036} INFO - Sync 1 DAGs
[2025-07-19T10:50:22.093+0000] {logging_mixin.py:188} INFO - [2025-07-19T10:50:22.093+0000] {dag.py:3823} INFO - Setting next_dagrun for launch_streamlit_dashboard to None, run_after=None
[2025-07-19T10:50:22.129+0000] {processor.py:183} INFO - Processing /opt/airflow/dags/eda_airflow copy.py took 0.116 seconds
[2025-07-19T10:50:52.508+0000] {processor.py:161} INFO - Started process (PID=13557) to work on /opt/airflow/dags/eda_airflow copy.py
[2025-07-19T10:50:52.510+0000] {processor.py:830} INFO - Processing file /opt/airflow/dags/eda_airflow copy.py for tasks to queue
[2025-07-19T10:50:52.512+0000] {logging_mixin.py:188} INFO - [2025-07-19T10:50:52.512+0000] {dagbag.py:538} INFO - Filling up the DagBag from /opt/airflow/dags/eda_airflow copy.py
[2025-07-19T10:50:52.551+0000] {processor.py:840} INFO - DAG(s) 'launch_streamlit_dashboard' retrieved from /opt/airflow/dags/eda_airflow copy.py
[2025-07-19T10:50:52.742+0000] {logging_mixin.py:188} INFO - [2025-07-19T10:50:52.741+0000] {dag.py:3036} INFO - Sync 1 DAGs
[2025-07-19T10:50:52.759+0000] {logging_mixin.py:188} INFO - [2025-07-19T10:50:52.759+0000] {dag.py:3823} INFO - Setting next_dagrun for launch_streamlit_dashboard to None, run_after=None
[2025-07-19T10:50:52.806+0000] {processor.py:183} INFO - Processing /opt/airflow/dags/eda_airflow copy.py took 0.310 seconds
[2025-07-19T10:51:23.773+0000] {processor.py:161} INFO - Started process (PID=13585) to work on /opt/airflow/dags/eda_airflow copy.py
[2025-07-19T10:51:23.775+0000] {processor.py:830} INFO - Processing file /opt/airflow/dags/eda_airflow copy.py for tasks to queue
[2025-07-19T10:51:23.777+0000] {logging_mixin.py:188} INFO - [2025-07-19T10:51:23.776+0000] {dagbag.py:538} INFO - Filling up the DagBag from /opt/airflow/dags/eda_airflow copy.py
[2025-07-19T10:51:23.810+0000] {processor.py:840} INFO - DAG(s) 'launch_streamlit_dashboard' retrieved from /opt/airflow/dags/eda_airflow copy.py
[2025-07-19T10:51:23.853+0000] {logging_mixin.py:188} INFO - [2025-07-19T10:51:23.852+0000] {dag.py:3036} INFO - Sync 1 DAGs
[2025-07-19T10:51:23.872+0000] {logging_mixin.py:188} INFO - [2025-07-19T10:51:23.872+0000] {dag.py:3823} INFO - Setting next_dagrun for launch_streamlit_dashboard to None, run_after=None
[2025-07-19T10:51:23.911+0000] {processor.py:183} INFO - Processing /opt/airflow/dags/eda_airflow copy.py took 0.144 seconds
[2025-07-19T10:51:54.060+0000] {processor.py:161} INFO - Started process (PID=13610) to work on /opt/airflow/dags/eda_airflow copy.py
[2025-07-19T10:51:54.062+0000] {processor.py:830} INFO - Processing file /opt/airflow/dags/eda_airflow copy.py for tasks to queue
[2025-07-19T10:51:54.065+0000] {logging_mixin.py:188} INFO - [2025-07-19T10:51:54.064+0000] {dagbag.py:538} INFO - Filling up the DagBag from /opt/airflow/dags/eda_airflow copy.py
[2025-07-19T10:51:54.096+0000] {processor.py:840} INFO - DAG(s) 'launch_streamlit_dashboard' retrieved from /opt/airflow/dags/eda_airflow copy.py
[2025-07-19T10:51:54.116+0000] {logging_mixin.py:188} INFO - [2025-07-19T10:51:54.115+0000] {dag.py:3036} INFO - Sync 1 DAGs
[2025-07-19T10:51:54.137+0000] {logging_mixin.py:188} INFO - [2025-07-19T10:51:54.137+0000] {dag.py:3823} INFO - Setting next_dagrun for launch_streamlit_dashboard to None, run_after=None
[2025-07-19T10:51:54.177+0000] {processor.py:183} INFO - Processing /opt/airflow/dags/eda_airflow copy.py took 0.126 seconds
[2025-07-19T10:52:24.358+0000] {processor.py:161} INFO - Started process (PID=13635) to work on /opt/airflow/dags/eda_airflow copy.py
[2025-07-19T10:52:24.360+0000] {processor.py:830} INFO - Processing file /opt/airflow/dags/eda_airflow copy.py for tasks to queue
[2025-07-19T10:52:24.363+0000] {logging_mixin.py:188} INFO - [2025-07-19T10:52:24.362+0000] {dagbag.py:538} INFO - Filling up the DagBag from /opt/airflow/dags/eda_airflow copy.py
[2025-07-19T10:52:24.393+0000] {processor.py:840} INFO - DAG(s) 'launch_streamlit_dashboard' retrieved from /opt/airflow/dags/eda_airflow copy.py
[2025-07-19T10:52:24.579+0000] {logging_mixin.py:188} INFO - [2025-07-19T10:52:24.578+0000] {dag.py:3036} INFO - Sync 1 DAGs
[2025-07-19T10:52:24.603+0000] {logging_mixin.py:188} INFO - [2025-07-19T10:52:24.603+0000] {dag.py:3823} INFO - Setting next_dagrun for launch_streamlit_dashboard to None, run_after=None
[2025-07-19T10:52:24.642+0000] {processor.py:183} INFO - Processing /opt/airflow/dags/eda_airflow copy.py took 0.293 seconds
[2025-07-19T10:52:55.521+0000] {processor.py:161} INFO - Started process (PID=13660) to work on /opt/airflow/dags/eda_airflow copy.py
[2025-07-19T10:52:55.523+0000] {processor.py:830} INFO - Processing file /opt/airflow/dags/eda_airflow copy.py for tasks to queue
[2025-07-19T10:52:55.525+0000] {logging_mixin.py:188} INFO - [2025-07-19T10:52:55.524+0000] {dagbag.py:538} INFO - Filling up the DagBag from /opt/airflow/dags/eda_airflow copy.py
[2025-07-19T10:52:55.556+0000] {processor.py:840} INFO - DAG(s) 'launch_streamlit_dashboard' retrieved from /opt/airflow/dags/eda_airflow copy.py
[2025-07-19T10:52:55.597+0000] {logging_mixin.py:188} INFO - [2025-07-19T10:52:55.597+0000] {dag.py:3036} INFO - Sync 1 DAGs
[2025-07-19T10:52:55.615+0000] {logging_mixin.py:188} INFO - [2025-07-19T10:52:55.615+0000] {dag.py:3823} INFO - Setting next_dagrun for launch_streamlit_dashboard to None, run_after=None
[2025-07-19T10:52:55.656+0000] {processor.py:183} INFO - Processing /opt/airflow/dags/eda_airflow copy.py took 0.142 seconds
[2025-07-19T10:53:26.594+0000] {processor.py:161} INFO - Started process (PID=13685) to work on /opt/airflow/dags/eda_airflow copy.py
[2025-07-19T10:53:26.596+0000] {processor.py:830} INFO - Processing file /opt/airflow/dags/eda_airflow copy.py for tasks to queue
[2025-07-19T10:53:26.599+0000] {logging_mixin.py:188} INFO - [2025-07-19T10:53:26.598+0000] {dagbag.py:538} INFO - Filling up the DagBag from /opt/airflow/dags/eda_airflow copy.py
[2025-07-19T10:53:26.632+0000] {processor.py:840} INFO - DAG(s) 'launch_streamlit_dashboard' retrieved from /opt/airflow/dags/eda_airflow copy.py
[2025-07-19T10:53:26.652+0000] {logging_mixin.py:188} INFO - [2025-07-19T10:53:26.652+0000] {dag.py:3036} INFO - Sync 1 DAGs
[2025-07-19T10:53:26.674+0000] {logging_mixin.py:188} INFO - [2025-07-19T10:53:26.673+0000] {dag.py:3823} INFO - Setting next_dagrun for launch_streamlit_dashboard to None, run_after=None
[2025-07-19T10:53:26.719+0000] {processor.py:183} INFO - Processing /opt/airflow/dags/eda_airflow copy.py took 0.131 seconds
[2025-07-19T10:53:57.131+0000] {processor.py:161} INFO - Started process (PID=13710) to work on /opt/airflow/dags/eda_airflow copy.py
[2025-07-19T10:53:57.134+0000] {processor.py:830} INFO - Processing file /opt/airflow/dags/eda_airflow copy.py for tasks to queue
[2025-07-19T10:53:57.137+0000] {logging_mixin.py:188} INFO - [2025-07-19T10:53:57.136+0000] {dagbag.py:538} INFO - Filling up the DagBag from /opt/airflow/dags/eda_airflow copy.py
[2025-07-19T10:53:57.175+0000] {processor.py:840} INFO - DAG(s) 'launch_streamlit_dashboard' retrieved from /opt/airflow/dags/eda_airflow copy.py
[2025-07-19T10:53:57.394+0000] {logging_mixin.py:188} INFO - [2025-07-19T10:53:57.393+0000] {dag.py:3036} INFO - Sync 1 DAGs
[2025-07-19T10:53:57.416+0000] {logging_mixin.py:188} INFO - [2025-07-19T10:53:57.415+0000] {dag.py:3823} INFO - Setting next_dagrun for launch_streamlit_dashboard to None, run_after=None
[2025-07-19T10:53:57.460+0000] {processor.py:183} INFO - Processing /opt/airflow/dags/eda_airflow copy.py took 0.338 seconds
[2025-07-19T10:54:28.186+0000] {processor.py:161} INFO - Started process (PID=13735) to work on /opt/airflow/dags/eda_airflow copy.py
[2025-07-19T10:54:28.188+0000] {processor.py:830} INFO - Processing file /opt/airflow/dags/eda_airflow copy.py for tasks to queue
[2025-07-19T10:54:28.191+0000] {logging_mixin.py:188} INFO - [2025-07-19T10:54:28.190+0000] {dagbag.py:538} INFO - Filling up the DagBag from /opt/airflow/dags/eda_airflow copy.py
[2025-07-19T10:54:28.224+0000] {processor.py:840} INFO - DAG(s) 'launch_streamlit_dashboard' retrieved from /opt/airflow/dags/eda_airflow copy.py
[2025-07-19T10:54:28.264+0000] {logging_mixin.py:188} INFO - [2025-07-19T10:54:28.264+0000] {dag.py:3036} INFO - Sync 1 DAGs
[2025-07-19T10:54:28.281+0000] {logging_mixin.py:188} INFO - [2025-07-19T10:54:28.281+0000] {dag.py:3823} INFO - Setting next_dagrun for launch_streamlit_dashboard to None, run_after=None
[2025-07-19T10:54:28.317+0000] {processor.py:183} INFO - Processing /opt/airflow/dags/eda_airflow copy.py took 0.137 seconds
[2025-07-19T10:54:58.481+0000] {processor.py:161} INFO - Started process (PID=13760) to work on /opt/airflow/dags/eda_airflow copy.py
[2025-07-19T10:54:58.484+0000] {processor.py:830} INFO - Processing file /opt/airflow/dags/eda_airflow copy.py for tasks to queue
[2025-07-19T10:54:58.487+0000] {logging_mixin.py:188} INFO - [2025-07-19T10:54:58.486+0000] {dagbag.py:538} INFO - Filling up the DagBag from /opt/airflow/dags/eda_airflow copy.py
[2025-07-19T10:54:58.524+0000] {processor.py:840} INFO - DAG(s) 'launch_streamlit_dashboard' retrieved from /opt/airflow/dags/eda_airflow copy.py
[2025-07-19T10:54:58.615+0000] {logging_mixin.py:188} INFO - [2025-07-19T10:54:58.615+0000] {dag.py:3036} INFO - Sync 1 DAGs
[2025-07-19T10:54:58.642+0000] {logging_mixin.py:188} INFO - [2025-07-19T10:54:58.642+0000] {dag.py:3823} INFO - Setting next_dagrun for launch_streamlit_dashboard to None, run_after=None
[2025-07-19T10:54:58.698+0000] {processor.py:183} INFO - Processing /opt/airflow/dags/eda_airflow copy.py took 0.225 seconds
[2025-07-19T10:55:29.621+0000] {processor.py:161} INFO - Started process (PID=13785) to work on /opt/airflow/dags/eda_airflow copy.py
[2025-07-19T10:55:29.623+0000] {processor.py:830} INFO - Processing file /opt/airflow/dags/eda_airflow copy.py for tasks to queue
[2025-07-19T10:55:29.625+0000] {logging_mixin.py:188} INFO - [2025-07-19T10:55:29.624+0000] {dagbag.py:538} INFO - Filling up the DagBag from /opt/airflow/dags/eda_airflow copy.py
[2025-07-19T10:55:29.658+0000] {processor.py:840} INFO - DAG(s) 'launch_streamlit_dashboard' retrieved from /opt/airflow/dags/eda_airflow copy.py
[2025-07-19T10:55:29.853+0000] {logging_mixin.py:188} INFO - [2025-07-19T10:55:29.853+0000] {dag.py:3036} INFO - Sync 1 DAGs
[2025-07-19T10:55:29.873+0000] {logging_mixin.py:188} INFO - [2025-07-19T10:55:29.873+0000] {dag.py:3823} INFO - Setting next_dagrun for launch_streamlit_dashboard to None, run_after=None
[2025-07-19T10:55:29.914+0000] {processor.py:183} INFO - Processing /opt/airflow/dags/eda_airflow copy.py took 0.297 seconds
[2025-07-19T10:56:00.139+0000] {processor.py:161} INFO - Started process (PID=13810) to work on /opt/airflow/dags/eda_airflow copy.py
[2025-07-19T10:56:00.141+0000] {processor.py:830} INFO - Processing file /opt/airflow/dags/eda_airflow copy.py for tasks to queue
[2025-07-19T10:56:00.144+0000] {logging_mixin.py:188} INFO - [2025-07-19T10:56:00.143+0000] {dagbag.py:538} INFO - Filling up the DagBag from /opt/airflow/dags/eda_airflow copy.py
[2025-07-19T10:56:00.179+0000] {processor.py:840} INFO - DAG(s) 'launch_streamlit_dashboard' retrieved from /opt/airflow/dags/eda_airflow copy.py
[2025-07-19T10:56:00.258+0000] {logging_mixin.py:188} INFO - [2025-07-19T10:56:00.257+0000] {dag.py:3036} INFO - Sync 1 DAGs
[2025-07-19T10:56:00.301+0000] {logging_mixin.py:188} INFO - [2025-07-19T10:56:00.301+0000] {dag.py:3823} INFO - Setting next_dagrun for launch_streamlit_dashboard to None, run_after=None
[2025-07-19T10:56:00.375+0000] {processor.py:183} INFO - Processing /opt/airflow/dags/eda_airflow copy.py took 0.247 seconds
[2025-07-19T10:56:31.019+0000] {processor.py:161} INFO - Started process (PID=13835) to work on /opt/airflow/dags/eda_airflow copy.py
[2025-07-19T10:56:31.021+0000] {processor.py:830} INFO - Processing file /opt/airflow/dags/eda_airflow copy.py for tasks to queue
[2025-07-19T10:56:31.024+0000] {logging_mixin.py:188} INFO - [2025-07-19T10:56:31.023+0000] {dagbag.py:538} INFO - Filling up the DagBag from /opt/airflow/dags/eda_airflow copy.py
[2025-07-19T10:56:31.066+0000] {processor.py:840} INFO - DAG(s) 'launch_streamlit_dashboard' retrieved from /opt/airflow/dags/eda_airflow copy.py
[2025-07-19T10:56:31.089+0000] {logging_mixin.py:188} INFO - [2025-07-19T10:56:31.088+0000] {dag.py:3036} INFO - Sync 1 DAGs
[2025-07-19T10:56:31.118+0000] {logging_mixin.py:188} INFO - [2025-07-19T10:56:31.118+0000] {dag.py:3823} INFO - Setting next_dagrun for launch_streamlit_dashboard to None, run_after=None
[2025-07-19T10:56:31.178+0000] {processor.py:183} INFO - Processing /opt/airflow/dags/eda_airflow copy.py took 0.166 seconds
[2025-07-19T10:57:01.646+0000] {processor.py:161} INFO - Started process (PID=13860) to work on /opt/airflow/dags/eda_airflow copy.py
[2025-07-19T10:57:01.648+0000] {processor.py:830} INFO - Processing file /opt/airflow/dags/eda_airflow copy.py for tasks to queue
[2025-07-19T10:57:01.651+0000] {logging_mixin.py:188} INFO - [2025-07-19T10:57:01.650+0000] {dagbag.py:538} INFO - Filling up the DagBag from /opt/airflow/dags/eda_airflow copy.py
[2025-07-19T10:57:01.683+0000] {processor.py:840} INFO - DAG(s) 'launch_streamlit_dashboard' retrieved from /opt/airflow/dags/eda_airflow copy.py
[2025-07-19T10:57:01.878+0000] {logging_mixin.py:188} INFO - [2025-07-19T10:57:01.878+0000] {dag.py:3036} INFO - Sync 1 DAGs
[2025-07-19T10:57:01.895+0000] {logging_mixin.py:188} INFO - [2025-07-19T10:57:01.895+0000] {dag.py:3823} INFO - Setting next_dagrun for launch_streamlit_dashboard to None, run_after=None
[2025-07-19T10:57:01.952+0000] {processor.py:183} INFO - Processing /opt/airflow/dags/eda_airflow copy.py took 0.314 seconds
[2025-07-19T10:57:32.192+0000] {processor.py:161} INFO - Started process (PID=13887) to work on /opt/airflow/dags/eda_airflow copy.py
[2025-07-19T10:57:32.194+0000] {processor.py:830} INFO - Processing file /opt/airflow/dags/eda_airflow copy.py for tasks to queue
[2025-07-19T10:57:32.196+0000] {logging_mixin.py:188} INFO - [2025-07-19T10:57:32.196+0000] {dagbag.py:538} INFO - Filling up the DagBag from /opt/airflow/dags/eda_airflow copy.py
[2025-07-19T10:57:32.230+0000] {processor.py:840} INFO - DAG(s) 'launch_streamlit_dashboard' retrieved from /opt/airflow/dags/eda_airflow copy.py
[2025-07-19T10:57:32.272+0000] {logging_mixin.py:188} INFO - [2025-07-19T10:57:32.272+0000] {dag.py:3036} INFO - Sync 1 DAGs
[2025-07-19T10:57:32.289+0000] {logging_mixin.py:188} INFO - [2025-07-19T10:57:32.289+0000] {dag.py:3823} INFO - Setting next_dagrun for launch_streamlit_dashboard to None, run_after=None
[2025-07-19T10:57:32.348+0000] {processor.py:183} INFO - Processing /opt/airflow/dags/eda_airflow copy.py took 0.162 seconds
[2025-07-19T10:58:02.621+0000] {processor.py:161} INFO - Started process (PID=13912) to work on /opt/airflow/dags/eda_airflow copy.py
[2025-07-19T10:58:02.623+0000] {processor.py:830} INFO - Processing file /opt/airflow/dags/eda_airflow copy.py for tasks to queue
[2025-07-19T10:58:02.624+0000] {logging_mixin.py:188} INFO - [2025-07-19T10:58:02.624+0000] {dagbag.py:538} INFO - Filling up the DagBag from /opt/airflow/dags/eda_airflow copy.py
[2025-07-19T10:58:02.659+0000] {processor.py:840} INFO - DAG(s) 'launch_streamlit_dashboard' retrieved from /opt/airflow/dags/eda_airflow copy.py
[2025-07-19T10:58:02.690+0000] {logging_mixin.py:188} INFO - [2025-07-19T10:58:02.689+0000] {dag.py:3036} INFO - Sync 1 DAGs
[2025-07-19T10:58:02.726+0000] {logging_mixin.py:188} INFO - [2025-07-19T10:58:02.726+0000] {dag.py:3823} INFO - Setting next_dagrun for launch_streamlit_dashboard to None, run_after=None
[2025-07-19T10:58:02.774+0000] {processor.py:183} INFO - Processing /opt/airflow/dags/eda_airflow copy.py took 0.158 seconds
[2025-07-19T10:58:32.884+0000] {processor.py:161} INFO - Started process (PID=13937) to work on /opt/airflow/dags/eda_airflow copy.py
[2025-07-19T10:58:32.887+0000] {processor.py:830} INFO - Processing file /opt/airflow/dags/eda_airflow copy.py for tasks to queue
[2025-07-19T10:58:32.889+0000] {logging_mixin.py:188} INFO - [2025-07-19T10:58:32.889+0000] {dagbag.py:538} INFO - Filling up the DagBag from /opt/airflow/dags/eda_airflow copy.py
[2025-07-19T10:58:32.924+0000] {processor.py:840} INFO - DAG(s) 'launch_streamlit_dashboard' retrieved from /opt/airflow/dags/eda_airflow copy.py
[2025-07-19T10:58:33.445+0000] {logging_mixin.py:188} INFO - [2025-07-19T10:58:33.445+0000] {dag.py:3036} INFO - Sync 1 DAGs
[2025-07-19T10:58:33.459+0000] {logging_mixin.py:188} INFO - [2025-07-19T10:58:33.458+0000] {dag.py:3823} INFO - Setting next_dagrun for launch_streamlit_dashboard to None, run_after=None
[2025-07-19T10:58:33.489+0000] {processor.py:183} INFO - Processing /opt/airflow/dags/eda_airflow copy.py took 0.612 seconds
[2025-07-19T10:59:03.732+0000] {processor.py:161} INFO - Started process (PID=13967) to work on /opt/airflow/dags/eda_airflow copy.py
[2025-07-19T10:59:03.735+0000] {processor.py:830} INFO - Processing file /opt/airflow/dags/eda_airflow copy.py for tasks to queue
[2025-07-19T10:59:03.736+0000] {logging_mixin.py:188} INFO - [2025-07-19T10:59:03.736+0000] {dagbag.py:538} INFO - Filling up the DagBag from /opt/airflow/dags/eda_airflow copy.py
[2025-07-19T10:59:03.765+0000] {processor.py:840} INFO - DAG(s) 'launch_streamlit_dashboard' retrieved from /opt/airflow/dags/eda_airflow copy.py
[2025-07-19T10:59:03.811+0000] {logging_mixin.py:188} INFO - [2025-07-19T10:59:03.811+0000] {dag.py:3036} INFO - Sync 1 DAGs
[2025-07-19T10:59:03.836+0000] {logging_mixin.py:188} INFO - [2025-07-19T10:59:03.836+0000] {dag.py:3823} INFO - Setting next_dagrun for launch_streamlit_dashboard to None, run_after=None
[2025-07-19T10:59:03.874+0000] {processor.py:183} INFO - Processing /opt/airflow/dags/eda_airflow copy.py took 0.149 seconds
[2025-07-19T10:59:34.091+0000] {processor.py:161} INFO - Started process (PID=13992) to work on /opt/airflow/dags/eda_airflow copy.py
[2025-07-19T10:59:34.093+0000] {processor.py:830} INFO - Processing file /opt/airflow/dags/eda_airflow copy.py for tasks to queue
[2025-07-19T10:59:34.094+0000] {logging_mixin.py:188} INFO - [2025-07-19T10:59:34.094+0000] {dagbag.py:538} INFO - Filling up the DagBag from /opt/airflow/dags/eda_airflow copy.py
[2025-07-19T10:59:34.124+0000] {processor.py:840} INFO - DAG(s) 'launch_streamlit_dashboard' retrieved from /opt/airflow/dags/eda_airflow copy.py
[2025-07-19T10:59:34.142+0000] {logging_mixin.py:188} INFO - [2025-07-19T10:59:34.142+0000] {dag.py:3036} INFO - Sync 1 DAGs
[2025-07-19T10:59:34.164+0000] {logging_mixin.py:188} INFO - [2025-07-19T10:59:34.164+0000] {dag.py:3823} INFO - Setting next_dagrun for launch_streamlit_dashboard to None, run_after=None
[2025-07-19T10:59:34.205+0000] {processor.py:183} INFO - Processing /opt/airflow/dags/eda_airflow copy.py took 0.118 seconds
[2025-07-19T11:00:04.861+0000] {processor.py:161} INFO - Started process (PID=14010) to work on /opt/airflow/dags/eda_airflow copy.py
[2025-07-19T11:00:04.863+0000] {processor.py:830} INFO - Processing file /opt/airflow/dags/eda_airflow copy.py for tasks to queue
[2025-07-19T11:00:04.866+0000] {logging_mixin.py:188} INFO - [2025-07-19T11:00:04.866+0000] {dagbag.py:538} INFO - Filling up the DagBag from /opt/airflow/dags/eda_airflow copy.py
[2025-07-19T11:00:04.891+0000] {processor.py:840} INFO - DAG(s) 'launch_streamlit_dashboard' retrieved from /opt/airflow/dags/eda_airflow copy.py
[2025-07-19T11:00:05.144+0000] {logging_mixin.py:188} INFO - [2025-07-19T11:00:05.144+0000] {dag.py:3036} INFO - Sync 1 DAGs
[2025-07-19T11:00:05.164+0000] {logging_mixin.py:188} INFO - [2025-07-19T11:00:05.163+0000] {dag.py:3823} INFO - Setting next_dagrun for launch_streamlit_dashboard to None, run_after=None
[2025-07-19T11:00:05.237+0000] {processor.py:183} INFO - Processing /opt/airflow/dags/eda_airflow copy.py took 0.392 seconds
[2025-07-19T11:00:36.066+0000] {processor.py:161} INFO - Started process (PID=14035) to work on /opt/airflow/dags/eda_airflow copy.py
[2025-07-19T11:00:36.069+0000] {processor.py:830} INFO - Processing file /opt/airflow/dags/eda_airflow copy.py for tasks to queue
[2025-07-19T11:00:36.071+0000] {logging_mixin.py:188} INFO - [2025-07-19T11:00:36.070+0000] {dagbag.py:538} INFO - Filling up the DagBag from /opt/airflow/dags/eda_airflow copy.py
[2025-07-19T11:00:36.084+0000] {processor.py:840} INFO - DAG(s) 'launch_streamlit_dashboard' retrieved from /opt/airflow/dags/eda_airflow copy.py
[2025-07-19T11:00:36.124+0000] {logging_mixin.py:188} INFO - [2025-07-19T11:00:36.124+0000] {dag.py:3036} INFO - Sync 1 DAGs
[2025-07-19T11:00:36.141+0000] {logging_mixin.py:188} INFO - [2025-07-19T11:00:36.141+0000] {dag.py:3823} INFO - Setting next_dagrun for launch_streamlit_dashboard to None, run_after=None
[2025-07-19T11:00:36.246+0000] {processor.py:183} INFO - Processing /opt/airflow/dags/eda_airflow copy.py took 0.184 seconds
[2025-07-19T11:01:07.066+0000] {processor.py:161} INFO - Started process (PID=14060) to work on /opt/airflow/dags/eda_airflow copy.py
[2025-07-19T11:01:07.067+0000] {processor.py:830} INFO - Processing file /opt/airflow/dags/eda_airflow copy.py for tasks to queue
[2025-07-19T11:01:07.068+0000] {logging_mixin.py:188} INFO - [2025-07-19T11:01:07.068+0000] {dagbag.py:538} INFO - Filling up the DagBag from /opt/airflow/dags/eda_airflow copy.py
[2025-07-19T11:01:07.079+0000] {processor.py:840} INFO - DAG(s) 'launch_streamlit_dashboard' retrieved from /opt/airflow/dags/eda_airflow copy.py
[2025-07-19T11:01:07.090+0000] {logging_mixin.py:188} INFO - [2025-07-19T11:01:07.089+0000] {dag.py:3036} INFO - Sync 1 DAGs
[2025-07-19T11:01:07.103+0000] {logging_mixin.py:188} INFO - [2025-07-19T11:01:07.102+0000] {dag.py:3823} INFO - Setting next_dagrun for launch_streamlit_dashboard to None, run_after=None
[2025-07-19T11:01:07.129+0000] {processor.py:183} INFO - Processing /opt/airflow/dags/eda_airflow copy.py took 0.065 seconds
[2025-07-19T11:01:37.844+0000] {processor.py:161} INFO - Started process (PID=14085) to work on /opt/airflow/dags/eda_airflow copy.py
[2025-07-19T11:01:37.845+0000] {processor.py:830} INFO - Processing file /opt/airflow/dags/eda_airflow copy.py for tasks to queue
[2025-07-19T11:01:37.846+0000] {logging_mixin.py:188} INFO - [2025-07-19T11:01:37.846+0000] {dagbag.py:538} INFO - Filling up the DagBag from /opt/airflow/dags/eda_airflow copy.py
[2025-07-19T11:01:37.873+0000] {processor.py:840} INFO - DAG(s) 'launch_streamlit_dashboard' retrieved from /opt/airflow/dags/eda_airflow copy.py
[2025-07-19T11:01:37.994+0000] {logging_mixin.py:188} INFO - [2025-07-19T11:01:37.993+0000] {dag.py:3036} INFO - Sync 1 DAGs
[2025-07-19T11:01:38.005+0000] {logging_mixin.py:188} INFO - [2025-07-19T11:01:38.005+0000] {dag.py:3823} INFO - Setting next_dagrun for launch_streamlit_dashboard to None, run_after=None
[2025-07-19T11:01:38.031+0000] {processor.py:183} INFO - Processing /opt/airflow/dags/eda_airflow copy.py took 0.192 seconds
[2025-07-19T11:02:08.403+0000] {processor.py:161} INFO - Started process (PID=14110) to work on /opt/airflow/dags/eda_airflow copy.py
[2025-07-19T11:02:08.404+0000] {processor.py:830} INFO - Processing file /opt/airflow/dags/eda_airflow copy.py for tasks to queue
[2025-07-19T11:02:08.405+0000] {logging_mixin.py:188} INFO - [2025-07-19T11:02:08.405+0000] {dagbag.py:538} INFO - Filling up the DagBag from /opt/airflow/dags/eda_airflow copy.py
[2025-07-19T11:02:08.416+0000] {processor.py:840} INFO - DAG(s) 'launch_streamlit_dashboard' retrieved from /opt/airflow/dags/eda_airflow copy.py
[2025-07-19T11:02:08.452+0000] {logging_mixin.py:188} INFO - [2025-07-19T11:02:08.451+0000] {dag.py:3036} INFO - Sync 1 DAGs
[2025-07-19T11:02:08.464+0000] {logging_mixin.py:188} INFO - [2025-07-19T11:02:08.463+0000] {dag.py:3823} INFO - Setting next_dagrun for launch_streamlit_dashboard to None, run_after=None
[2025-07-19T11:02:08.497+0000] {processor.py:183} INFO - Processing /opt/airflow/dags/eda_airflow copy.py took 0.096 seconds
[2025-07-19T11:02:38.919+0000] {processor.py:161} INFO - Started process (PID=14135) to work on /opt/airflow/dags/eda_airflow copy.py
[2025-07-19T11:02:38.920+0000] {processor.py:830} INFO - Processing file /opt/airflow/dags/eda_airflow copy.py for tasks to queue
[2025-07-19T11:02:38.921+0000] {logging_mixin.py:188} INFO - [2025-07-19T11:02:38.921+0000] {dagbag.py:538} INFO - Filling up the DagBag from /opt/airflow/dags/eda_airflow copy.py
[2025-07-19T11:02:38.934+0000] {processor.py:840} INFO - DAG(s) 'launch_streamlit_dashboard' retrieved from /opt/airflow/dags/eda_airflow copy.py
[2025-07-19T11:02:38.945+0000] {logging_mixin.py:188} INFO - [2025-07-19T11:02:38.944+0000] {dag.py:3036} INFO - Sync 1 DAGs
[2025-07-19T11:02:38.957+0000] {logging_mixin.py:188} INFO - [2025-07-19T11:02:38.957+0000] {dag.py:3823} INFO - Setting next_dagrun for launch_streamlit_dashboard to None, run_after=None
[2025-07-19T11:02:38.983+0000] {processor.py:183} INFO - Processing /opt/airflow/dags/eda_airflow copy.py took 0.067 seconds
[2025-07-19T11:03:09.378+0000] {processor.py:161} INFO - Started process (PID=14160) to work on /opt/airflow/dags/eda_airflow copy.py
[2025-07-19T11:03:09.379+0000] {processor.py:830} INFO - Processing file /opt/airflow/dags/eda_airflow copy.py for tasks to queue
[2025-07-19T11:03:09.380+0000] {logging_mixin.py:188} INFO - [2025-07-19T11:03:09.380+0000] {dagbag.py:538} INFO - Filling up the DagBag from /opt/airflow/dags/eda_airflow copy.py
[2025-07-19T11:03:09.391+0000] {processor.py:840} INFO - DAG(s) 'launch_streamlit_dashboard' retrieved from /opt/airflow/dags/eda_airflow copy.py
[2025-07-19T11:03:09.525+0000] {logging_mixin.py:188} INFO - [2025-07-19T11:03:09.524+0000] {dag.py:3036} INFO - Sync 1 DAGs
[2025-07-19T11:03:09.534+0000] {logging_mixin.py:188} INFO - [2025-07-19T11:03:09.534+0000] {dag.py:3823} INFO - Setting next_dagrun for launch_streamlit_dashboard to None, run_after=None
[2025-07-19T11:03:09.558+0000] {processor.py:183} INFO - Processing /opt/airflow/dags/eda_airflow copy.py took 0.183 seconds
[2025-07-19T11:03:39.934+0000] {processor.py:161} INFO - Started process (PID=14185) to work on /opt/airflow/dags/eda_airflow copy.py
[2025-07-19T11:03:39.935+0000] {processor.py:830} INFO - Processing file /opt/airflow/dags/eda_airflow copy.py for tasks to queue
[2025-07-19T11:03:39.936+0000] {logging_mixin.py:188} INFO - [2025-07-19T11:03:39.936+0000] {dagbag.py:538} INFO - Filling up the DagBag from /opt/airflow/dags/eda_airflow copy.py
[2025-07-19T11:03:39.947+0000] {processor.py:840} INFO - DAG(s) 'launch_streamlit_dashboard' retrieved from /opt/airflow/dags/eda_airflow copy.py
[2025-07-19T11:03:39.971+0000] {logging_mixin.py:188} INFO - [2025-07-19T11:03:39.970+0000] {dag.py:3036} INFO - Sync 1 DAGs
[2025-07-19T11:03:39.983+0000] {logging_mixin.py:188} INFO - [2025-07-19T11:03:39.982+0000] {dag.py:3823} INFO - Setting next_dagrun for launch_streamlit_dashboard to None, run_after=None
[2025-07-19T11:03:40.006+0000] {processor.py:183} INFO - Processing /opt/airflow/dags/eda_airflow copy.py took 0.075 seconds
[2025-07-19T11:04:10.434+0000] {processor.py:161} INFO - Started process (PID=14210) to work on /opt/airflow/dags/eda_airflow copy.py
[2025-07-19T11:04:10.446+0000] {processor.py:830} INFO - Processing file /opt/airflow/dags/eda_airflow copy.py for tasks to queue
[2025-07-19T11:04:10.447+0000] {logging_mixin.py:188} INFO - [2025-07-19T11:04:10.447+0000] {dagbag.py:538} INFO - Filling up the DagBag from /opt/airflow/dags/eda_airflow copy.py
[2025-07-19T11:04:10.461+0000] {processor.py:840} INFO - DAG(s) 'launch_streamlit_dashboard' retrieved from /opt/airflow/dags/eda_airflow copy.py
[2025-07-19T11:04:10.472+0000] {logging_mixin.py:188} INFO - [2025-07-19T11:04:10.472+0000] {dag.py:3036} INFO - Sync 1 DAGs
[2025-07-19T11:04:10.485+0000] {logging_mixin.py:188} INFO - [2025-07-19T11:04:10.485+0000] {dag.py:3823} INFO - Setting next_dagrun for launch_streamlit_dashboard to None, run_after=None
[2025-07-19T11:04:10.509+0000] {processor.py:183} INFO - Processing /opt/airflow/dags/eda_airflow copy.py took 0.078 seconds
[2025-07-19T11:04:41.020+0000] {processor.py:161} INFO - Started process (PID=14235) to work on /opt/airflow/dags/eda_airflow copy.py
[2025-07-19T11:04:41.021+0000] {processor.py:830} INFO - Processing file /opt/airflow/dags/eda_airflow copy.py for tasks to queue
[2025-07-19T11:04:41.022+0000] {logging_mixin.py:188} INFO - [2025-07-19T11:04:41.022+0000] {dagbag.py:538} INFO - Filling up the DagBag from /opt/airflow/dags/eda_airflow copy.py
[2025-07-19T11:04:41.033+0000] {processor.py:840} INFO - DAG(s) 'launch_streamlit_dashboard' retrieved from /opt/airflow/dags/eda_airflow copy.py
[2025-07-19T11:04:41.148+0000] {logging_mixin.py:188} INFO - [2025-07-19T11:04:41.148+0000] {dag.py:3036} INFO - Sync 1 DAGs
[2025-07-19T11:04:41.159+0000] {logging_mixin.py:188} INFO - [2025-07-19T11:04:41.158+0000] {dag.py:3823} INFO - Setting next_dagrun for launch_streamlit_dashboard to None, run_after=None
[2025-07-19T11:04:41.204+0000] {processor.py:183} INFO - Processing /opt/airflow/dags/eda_airflow copy.py took 0.187 seconds
[2025-07-19T11:05:12.098+0000] {processor.py:161} INFO - Started process (PID=14260) to work on /opt/airflow/dags/eda_airflow copy.py
[2025-07-19T11:05:12.099+0000] {processor.py:830} INFO - Processing file /opt/airflow/dags/eda_airflow copy.py for tasks to queue
[2025-07-19T11:05:12.100+0000] {logging_mixin.py:188} INFO - [2025-07-19T11:05:12.100+0000] {dagbag.py:538} INFO - Filling up the DagBag from /opt/airflow/dags/eda_airflow copy.py
[2025-07-19T11:05:12.111+0000] {processor.py:840} INFO - DAG(s) 'launch_streamlit_dashboard' retrieved from /opt/airflow/dags/eda_airflow copy.py
[2025-07-19T11:05:12.195+0000] {logging_mixin.py:188} INFO - [2025-07-19T11:05:12.195+0000] {dag.py:3036} INFO - Sync 1 DAGs
[2025-07-19T11:05:12.207+0000] {logging_mixin.py:188} INFO - [2025-07-19T11:05:12.207+0000] {dag.py:3823} INFO - Setting next_dagrun for launch_streamlit_dashboard to None, run_after=None
[2025-07-19T11:05:12.230+0000] {processor.py:183} INFO - Processing /opt/airflow/dags/eda_airflow copy.py took 0.135 seconds
[2025-07-19T11:05:43.407+0000] {processor.py:161} INFO - Started process (PID=14285) to work on /opt/airflow/dags/eda_airflow copy.py
[2025-07-19T11:05:43.408+0000] {processor.py:830} INFO - Processing file /opt/airflow/dags/eda_airflow copy.py for tasks to queue
[2025-07-19T11:05:43.409+0000] {logging_mixin.py:188} INFO - [2025-07-19T11:05:43.409+0000] {dagbag.py:538} INFO - Filling up the DagBag from /opt/airflow/dags/eda_airflow copy.py
[2025-07-19T11:05:43.420+0000] {processor.py:840} INFO - DAG(s) 'launch_streamlit_dashboard' retrieved from /opt/airflow/dags/eda_airflow copy.py
[2025-07-19T11:05:43.433+0000] {logging_mixin.py:188} INFO - [2025-07-19T11:05:43.432+0000] {dag.py:3036} INFO - Sync 1 DAGs
[2025-07-19T11:05:43.446+0000] {logging_mixin.py:188} INFO - [2025-07-19T11:05:43.446+0000] {dag.py:3823} INFO - Setting next_dagrun for launch_streamlit_dashboard to None, run_after=None
[2025-07-19T11:05:43.471+0000] {processor.py:183} INFO - Processing /opt/airflow/dags/eda_airflow copy.py took 0.067 seconds
[2025-07-19T11:06:14.202+0000] {processor.py:161} INFO - Started process (PID=14310) to work on /opt/airflow/dags/eda_airflow copy.py
[2025-07-19T11:06:14.203+0000] {processor.py:830} INFO - Processing file /opt/airflow/dags/eda_airflow copy.py for tasks to queue
[2025-07-19T11:06:14.205+0000] {logging_mixin.py:188} INFO - [2025-07-19T11:06:14.204+0000] {dagbag.py:538} INFO - Filling up the DagBag from /opt/airflow/dags/eda_airflow copy.py
[2025-07-19T11:06:14.224+0000] {processor.py:840} INFO - DAG(s) 'launch_streamlit_dashboard' retrieved from /opt/airflow/dags/eda_airflow copy.py
[2025-07-19T11:06:14.340+0000] {logging_mixin.py:188} INFO - [2025-07-19T11:06:14.340+0000] {dag.py:3036} INFO - Sync 1 DAGs
[2025-07-19T11:06:14.350+0000] {logging_mixin.py:188} INFO - [2025-07-19T11:06:14.349+0000] {dag.py:3823} INFO - Setting next_dagrun for launch_streamlit_dashboard to None, run_after=None
[2025-07-19T11:06:14.404+0000] {processor.py:183} INFO - Processing /opt/airflow/dags/eda_airflow copy.py took 0.205 seconds
[2025-07-19T11:06:44.807+0000] {processor.py:161} INFO - Started process (PID=14335) to work on /opt/airflow/dags/eda_airflow copy.py
[2025-07-19T11:06:44.809+0000] {processor.py:830} INFO - Processing file /opt/airflow/dags/eda_airflow copy.py for tasks to queue
[2025-07-19T11:06:44.811+0000] {logging_mixin.py:188} INFO - [2025-07-19T11:06:44.810+0000] {dagbag.py:538} INFO - Filling up the DagBag from /opt/airflow/dags/eda_airflow copy.py
[2025-07-19T11:06:44.822+0000] {processor.py:840} INFO - DAG(s) 'launch_streamlit_dashboard' retrieved from /opt/airflow/dags/eda_airflow copy.py
[2025-07-19T11:06:45.063+0000] {logging_mixin.py:188} INFO - [2025-07-19T11:06:45.063+0000] {dag.py:3036} INFO - Sync 1 DAGs
[2025-07-19T11:06:45.076+0000] {logging_mixin.py:188} INFO - [2025-07-19T11:06:45.076+0000] {dag.py:3823} INFO - Setting next_dagrun for launch_streamlit_dashboard to None, run_after=None
[2025-07-19T11:06:45.132+0000] {processor.py:183} INFO - Processing /opt/airflow/dags/eda_airflow copy.py took 0.329 seconds
[2025-07-19T11:07:15.867+0000] {processor.py:161} INFO - Started process (PID=14360) to work on /opt/airflow/dags/eda_airflow copy.py
[2025-07-19T11:07:15.869+0000] {processor.py:830} INFO - Processing file /opt/airflow/dags/eda_airflow copy.py for tasks to queue
[2025-07-19T11:07:15.870+0000] {logging_mixin.py:188} INFO - [2025-07-19T11:07:15.869+0000] {dagbag.py:538} INFO - Filling up the DagBag from /opt/airflow/dags/eda_airflow copy.py
[2025-07-19T11:07:15.881+0000] {processor.py:840} INFO - DAG(s) 'launch_streamlit_dashboard' retrieved from /opt/airflow/dags/eda_airflow copy.py
[2025-07-19T11:07:15.893+0000] {logging_mixin.py:188} INFO - [2025-07-19T11:07:15.893+0000] {dag.py:3036} INFO - Sync 1 DAGs
[2025-07-19T11:07:15.905+0000] {logging_mixin.py:188} INFO - [2025-07-19T11:07:15.905+0000] {dag.py:3823} INFO - Setting next_dagrun for launch_streamlit_dashboard to None, run_after=None
[2025-07-19T11:07:15.929+0000] {processor.py:183} INFO - Processing /opt/airflow/dags/eda_airflow copy.py took 0.065 seconds
[2025-07-19T11:07:46.260+0000] {processor.py:161} INFO - Started process (PID=14382) to work on /opt/airflow/dags/eda_airflow copy.py
[2025-07-19T11:07:46.261+0000] {processor.py:830} INFO - Processing file /opt/airflow/dags/eda_airflow copy.py for tasks to queue
[2025-07-19T11:07:46.262+0000] {logging_mixin.py:188} INFO - [2025-07-19T11:07:46.262+0000] {dagbag.py:538} INFO - Filling up the DagBag from /opt/airflow/dags/eda_airflow copy.py
[2025-07-19T11:07:46.350+0000] {processor.py:840} INFO - DAG(s) 'launch_streamlit_dashboard' retrieved from /opt/airflow/dags/eda_airflow copy.py
[2025-07-19T11:07:46.558+0000] {logging_mixin.py:188} INFO - [2025-07-19T11:07:46.558+0000] {dag.py:3036} INFO - Sync 1 DAGs
[2025-07-19T11:07:46.577+0000] {logging_mixin.py:188} INFO - [2025-07-19T11:07:46.576+0000] {dag.py:3823} INFO - Setting next_dagrun for launch_streamlit_dashboard to None, run_after=None
[2025-07-19T11:07:46.598+0000] {processor.py:183} INFO - Processing /opt/airflow/dags/eda_airflow copy.py took 0.342 seconds
[2025-07-19T11:08:17.514+0000] {processor.py:161} INFO - Started process (PID=14410) to work on /opt/airflow/dags/eda_airflow copy.py
[2025-07-19T11:08:17.515+0000] {processor.py:830} INFO - Processing file /opt/airflow/dags/eda_airflow copy.py for tasks to queue
[2025-07-19T11:08:17.516+0000] {logging_mixin.py:188} INFO - [2025-07-19T11:08:17.515+0000] {dagbag.py:538} INFO - Filling up the DagBag from /opt/airflow/dags/eda_airflow copy.py
[2025-07-19T11:08:17.571+0000] {processor.py:840} INFO - DAG(s) 'launch_streamlit_dashboard' retrieved from /opt/airflow/dags/eda_airflow copy.py
[2025-07-19T11:08:17.653+0000] {logging_mixin.py:188} INFO - [2025-07-19T11:08:17.653+0000] {dag.py:3036} INFO - Sync 1 DAGs
[2025-07-19T11:08:17.667+0000] {logging_mixin.py:188} INFO - [2025-07-19T11:08:17.666+0000] {dag.py:3823} INFO - Setting next_dagrun for launch_streamlit_dashboard to None, run_after=None
[2025-07-19T11:08:17.693+0000] {processor.py:183} INFO - Processing /opt/airflow/dags/eda_airflow copy.py took 0.183 seconds
[2025-07-19T11:08:49.546+0000] {processor.py:161} INFO - Started process (PID=14435) to work on /opt/airflow/dags/eda_airflow copy.py
[2025-07-19T11:08:49.548+0000] {processor.py:830} INFO - Processing file /opt/airflow/dags/eda_airflow copy.py for tasks to queue
[2025-07-19T11:08:49.549+0000] {logging_mixin.py:188} INFO - [2025-07-19T11:08:49.549+0000] {dagbag.py:538} INFO - Filling up the DagBag from /opt/airflow/dags/eda_airflow copy.py
[2025-07-19T11:08:49.824+0000] {processor.py:840} INFO - DAG(s) 'launch_streamlit_dashboard' retrieved from /opt/airflow/dags/eda_airflow copy.py
[2025-07-19T11:08:49.836+0000] {logging_mixin.py:188} INFO - [2025-07-19T11:08:49.836+0000] {dag.py:3036} INFO - Sync 1 DAGs
[2025-07-19T11:08:49.850+0000] {logging_mixin.py:188} INFO - [2025-07-19T11:08:49.850+0000] {dag.py:3823} INFO - Setting next_dagrun for launch_streamlit_dashboard to None, run_after=None
[2025-07-19T11:08:49.872+0000] {processor.py:183} INFO - Processing /opt/airflow/dags/eda_airflow copy.py took 0.330 seconds
[2025-07-19T11:09:20.386+0000] {processor.py:161} INFO - Started process (PID=14462) to work on /opt/airflow/dags/eda_airflow copy.py
[2025-07-19T11:09:20.387+0000] {processor.py:830} INFO - Processing file /opt/airflow/dags/eda_airflow copy.py for tasks to queue
[2025-07-19T11:09:20.388+0000] {logging_mixin.py:188} INFO - [2025-07-19T11:09:20.388+0000] {dagbag.py:538} INFO - Filling up the DagBag from /opt/airflow/dags/eda_airflow copy.py
[2025-07-19T11:09:20.403+0000] {processor.py:840} INFO - DAG(s) 'launch_streamlit_dashboard' retrieved from /opt/airflow/dags/eda_airflow copy.py
[2025-07-19T11:09:20.591+0000] {logging_mixin.py:188} INFO - [2025-07-19T11:09:20.591+0000] {dag.py:3036} INFO - Sync 1 DAGs
[2025-07-19T11:09:20.607+0000] {logging_mixin.py:188} INFO - [2025-07-19T11:09:20.607+0000] {dag.py:3823} INFO - Setting next_dagrun for launch_streamlit_dashboard to None, run_after=None
[2025-07-19T11:09:20.640+0000] {processor.py:183} INFO - Processing /opt/airflow/dags/eda_airflow copy.py took 0.259 seconds
[2025-07-19T11:09:51.463+0000] {processor.py:161} INFO - Started process (PID=14487) to work on /opt/airflow/dags/eda_airflow copy.py
[2025-07-19T11:09:51.464+0000] {processor.py:830} INFO - Processing file /opt/airflow/dags/eda_airflow copy.py for tasks to queue
[2025-07-19T11:09:51.465+0000] {logging_mixin.py:188} INFO - [2025-07-19T11:09:51.465+0000] {dagbag.py:538} INFO - Filling up the DagBag from /opt/airflow/dags/eda_airflow copy.py
[2025-07-19T11:09:51.526+0000] {processor.py:840} INFO - DAG(s) 'launch_streamlit_dashboard' retrieved from /opt/airflow/dags/eda_airflow copy.py
[2025-07-19T11:09:51.569+0000] {logging_mixin.py:188} INFO - [2025-07-19T11:09:51.568+0000] {dag.py:3036} INFO - Sync 1 DAGs
[2025-07-19T11:09:51.581+0000] {logging_mixin.py:188} INFO - [2025-07-19T11:09:51.581+0000] {dag.py:3823} INFO - Setting next_dagrun for launch_streamlit_dashboard to None, run_after=None
[2025-07-19T11:09:51.608+0000] {processor.py:183} INFO - Processing /opt/airflow/dags/eda_airflow copy.py took 0.148 seconds
[2025-07-19T11:10:22.861+0000] {processor.py:161} INFO - Started process (PID=14512) to work on /opt/airflow/dags/eda_airflow copy.py
[2025-07-19T11:10:22.862+0000] {processor.py:830} INFO - Processing file /opt/airflow/dags/eda_airflow copy.py for tasks to queue
[2025-07-19T11:10:22.863+0000] {logging_mixin.py:188} INFO - [2025-07-19T11:10:22.863+0000] {dagbag.py:538} INFO - Filling up the DagBag from /opt/airflow/dags/eda_airflow copy.py
[2025-07-19T11:10:22.875+0000] {processor.py:840} INFO - DAG(s) 'launch_streamlit_dashboard' retrieved from /opt/airflow/dags/eda_airflow copy.py
[2025-07-19T11:10:22.951+0000] {logging_mixin.py:188} INFO - [2025-07-19T11:10:22.950+0000] {dag.py:3036} INFO - Sync 1 DAGs
[2025-07-19T11:10:22.964+0000] {logging_mixin.py:188} INFO - [2025-07-19T11:10:22.964+0000] {dag.py:3823} INFO - Setting next_dagrun for launch_streamlit_dashboard to None, run_after=None
[2025-07-19T11:10:22.991+0000] {processor.py:183} INFO - Processing /opt/airflow/dags/eda_airflow copy.py took 0.133 seconds
[2025-07-19T11:10:53.430+0000] {processor.py:161} INFO - Started process (PID=14535) to work on /opt/airflow/dags/eda_airflow copy.py
[2025-07-19T11:10:53.431+0000] {processor.py:830} INFO - Processing file /opt/airflow/dags/eda_airflow copy.py for tasks to queue
[2025-07-19T11:10:53.432+0000] {logging_mixin.py:188} INFO - [2025-07-19T11:10:53.432+0000] {dagbag.py:538} INFO - Filling up the DagBag from /opt/airflow/dags/eda_airflow copy.py
[2025-07-19T11:10:53.549+0000] {processor.py:840} INFO - DAG(s) 'launch_streamlit_dashboard' retrieved from /opt/airflow/dags/eda_airflow copy.py
[2025-07-19T11:10:53.747+0000] {logging_mixin.py:188} INFO - [2025-07-19T11:10:53.747+0000] {dag.py:3036} INFO - Sync 1 DAGs
[2025-07-19T11:10:53.757+0000] {logging_mixin.py:188} INFO - [2025-07-19T11:10:53.757+0000] {dag.py:3823} INFO - Setting next_dagrun for launch_streamlit_dashboard to None, run_after=None
[2025-07-19T11:10:53.809+0000] {processor.py:183} INFO - Processing /opt/airflow/dags/eda_airflow copy.py took 0.382 seconds
[2025-07-19T11:11:24.740+0000] {processor.py:161} INFO - Started process (PID=14562) to work on /opt/airflow/dags/eda_airflow copy.py
[2025-07-19T11:11:24.741+0000] {processor.py:830} INFO - Processing file /opt/airflow/dags/eda_airflow copy.py for tasks to queue
[2025-07-19T11:11:24.742+0000] {logging_mixin.py:188} INFO - [2025-07-19T11:11:24.741+0000] {dagbag.py:538} INFO - Filling up the DagBag from /opt/airflow/dags/eda_airflow copy.py
[2025-07-19T11:11:24.785+0000] {processor.py:840} INFO - DAG(s) 'launch_streamlit_dashboard' retrieved from /opt/airflow/dags/eda_airflow copy.py
[2025-07-19T11:11:24.838+0000] {logging_mixin.py:188} INFO - [2025-07-19T11:11:24.837+0000] {dag.py:3036} INFO - Sync 1 DAGs
[2025-07-19T11:11:24.849+0000] {logging_mixin.py:188} INFO - [2025-07-19T11:11:24.849+0000] {dag.py:3823} INFO - Setting next_dagrun for launch_streamlit_dashboard to None, run_after=None
[2025-07-19T11:11:24.872+0000] {processor.py:183} INFO - Processing /opt/airflow/dags/eda_airflow copy.py took 0.136 seconds
[2025-07-19T11:11:55.751+0000] {processor.py:161} INFO - Started process (PID=14587) to work on /opt/airflow/dags/eda_airflow copy.py
[2025-07-19T11:11:55.752+0000] {processor.py:830} INFO - Processing file /opt/airflow/dags/eda_airflow copy.py for tasks to queue
[2025-07-19T11:11:55.753+0000] {logging_mixin.py:188} INFO - [2025-07-19T11:11:55.753+0000] {dagbag.py:538} INFO - Filling up the DagBag from /opt/airflow/dags/eda_airflow copy.py
[2025-07-19T11:11:55.913+0000] {processor.py:840} INFO - DAG(s) 'launch_streamlit_dashboard' retrieved from /opt/airflow/dags/eda_airflow copy.py
[2025-07-19T11:11:56.015+0000] {logging_mixin.py:188} INFO - [2025-07-19T11:11:56.014+0000] {dag.py:3036} INFO - Sync 1 DAGs
[2025-07-19T11:11:56.025+0000] {logging_mixin.py:188} INFO - [2025-07-19T11:11:56.024+0000] {dag.py:3823} INFO - Setting next_dagrun for launch_streamlit_dashboard to None, run_after=None
[2025-07-19T11:11:56.491+0000] {processor.py:183} INFO - Processing /opt/airflow/dags/eda_airflow copy.py took 0.744 seconds
[2025-07-19T11:12:26.959+0000] {processor.py:161} INFO - Started process (PID=14612) to work on /opt/airflow/dags/eda_airflow copy.py
[2025-07-19T11:12:26.960+0000] {processor.py:830} INFO - Processing file /opt/airflow/dags/eda_airflow copy.py for tasks to queue
[2025-07-19T11:12:26.961+0000] {logging_mixin.py:188} INFO - [2025-07-19T11:12:26.960+0000] {dagbag.py:538} INFO - Filling up the DagBag from /opt/airflow/dags/eda_airflow copy.py
[2025-07-19T11:12:27.067+0000] {processor.py:840} INFO - DAG(s) 'launch_streamlit_dashboard' retrieved from /opt/airflow/dags/eda_airflow copy.py
[2025-07-19T11:12:27.094+0000] {logging_mixin.py:188} INFO - [2025-07-19T11:12:27.093+0000] {dag.py:3036} INFO - Sync 1 DAGs
[2025-07-19T11:12:27.105+0000] {logging_mixin.py:188} INFO - [2025-07-19T11:12:27.105+0000] {dag.py:3823} INFO - Setting next_dagrun for launch_streamlit_dashboard to None, run_after=None
[2025-07-19T11:12:27.155+0000] {processor.py:183} INFO - Processing /opt/airflow/dags/eda_airflow copy.py took 0.200 seconds
[2025-07-19T11:12:57.325+0000] {processor.py:161} INFO - Started process (PID=14637) to work on /opt/airflow/dags/eda_airflow copy.py
[2025-07-19T11:12:57.327+0000] {processor.py:830} INFO - Processing file /opt/airflow/dags/eda_airflow copy.py for tasks to queue
[2025-07-19T11:12:57.328+0000] {logging_mixin.py:188} INFO - [2025-07-19T11:12:57.327+0000] {dagbag.py:538} INFO - Filling up the DagBag from /opt/airflow/dags/eda_airflow copy.py
[2025-07-19T11:12:57.355+0000] {processor.py:840} INFO - DAG(s) 'launch_streamlit_dashboard' retrieved from /opt/airflow/dags/eda_airflow copy.py
[2025-07-19T11:12:57.555+0000] {logging_mixin.py:188} INFO - [2025-07-19T11:12:57.555+0000] {dag.py:3036} INFO - Sync 1 DAGs
[2025-07-19T11:12:57.567+0000] {logging_mixin.py:188} INFO - [2025-07-19T11:12:57.567+0000] {dag.py:3823} INFO - Setting next_dagrun for launch_streamlit_dashboard to None, run_after=None
[2025-07-19T11:12:57.592+0000] {processor.py:183} INFO - Processing /opt/airflow/dags/eda_airflow copy.py took 0.270 seconds
[2025-07-19T11:13:27.910+0000] {processor.py:161} INFO - Started process (PID=14662) to work on /opt/airflow/dags/eda_airflow copy.py
[2025-07-19T11:13:27.911+0000] {processor.py:830} INFO - Processing file /opt/airflow/dags/eda_airflow copy.py for tasks to queue
[2025-07-19T11:13:27.911+0000] {logging_mixin.py:188} INFO - [2025-07-19T11:13:27.911+0000] {dagbag.py:538} INFO - Filling up the DagBag from /opt/airflow/dags/eda_airflow copy.py
[2025-07-19T11:13:27.995+0000] {processor.py:840} INFO - DAG(s) 'launch_streamlit_dashboard' retrieved from /opt/airflow/dags/eda_airflow copy.py
[2025-07-19T11:13:28.116+0000] {logging_mixin.py:188} INFO - [2025-07-19T11:13:28.116+0000] {dag.py:3036} INFO - Sync 1 DAGs
[2025-07-19T11:13:28.126+0000] {logging_mixin.py:188} INFO - [2025-07-19T11:13:28.126+0000] {dag.py:3823} INFO - Setting next_dagrun for launch_streamlit_dashboard to None, run_after=None
[2025-07-19T11:13:28.149+0000] {processor.py:183} INFO - Processing /opt/airflow/dags/eda_airflow copy.py took 0.243 seconds
[2025-07-19T11:13:58.342+0000] {processor.py:161} INFO - Started process (PID=14685) to work on /opt/airflow/dags/eda_airflow copy.py
[2025-07-19T11:13:58.343+0000] {processor.py:830} INFO - Processing file /opt/airflow/dags/eda_airflow copy.py for tasks to queue
[2025-07-19T11:13:58.344+0000] {logging_mixin.py:188} INFO - [2025-07-19T11:13:58.344+0000] {dagbag.py:538} INFO - Filling up the DagBag from /opt/airflow/dags/eda_airflow copy.py
[2025-07-19T11:13:58.357+0000] {processor.py:840} INFO - DAG(s) 'launch_streamlit_dashboard' retrieved from /opt/airflow/dags/eda_airflow copy.py
[2025-07-19T11:13:58.481+0000] {logging_mixin.py:188} INFO - [2025-07-19T11:13:58.480+0000] {dag.py:3036} INFO - Sync 1 DAGs
[2025-07-19T11:13:58.495+0000] {logging_mixin.py:188} INFO - [2025-07-19T11:13:58.494+0000] {dag.py:3823} INFO - Setting next_dagrun for launch_streamlit_dashboard to None, run_after=None
[2025-07-19T11:13:58.531+0000] {processor.py:183} INFO - Processing /opt/airflow/dags/eda_airflow copy.py took 0.193 seconds
[2025-07-19T11:14:29.254+0000] {processor.py:161} INFO - Started process (PID=14710) to work on /opt/airflow/dags/eda_airflow copy.py
[2025-07-19T11:14:29.255+0000] {processor.py:830} INFO - Processing file /opt/airflow/dags/eda_airflow copy.py for tasks to queue
[2025-07-19T11:14:29.256+0000] {logging_mixin.py:188} INFO - [2025-07-19T11:14:29.256+0000] {dagbag.py:538} INFO - Filling up the DagBag from /opt/airflow/dags/eda_airflow copy.py
[2025-07-19T11:14:29.296+0000] {processor.py:840} INFO - DAG(s) 'launch_streamlit_dashboard' retrieved from /opt/airflow/dags/eda_airflow copy.py
[2025-07-19T11:14:29.353+0000] {logging_mixin.py:188} INFO - [2025-07-19T11:14:29.352+0000] {dag.py:3036} INFO - Sync 1 DAGs
[2025-07-19T11:14:29.388+0000] {logging_mixin.py:188} INFO - [2025-07-19T11:14:29.388+0000] {dag.py:3823} INFO - Setting next_dagrun for launch_streamlit_dashboard to None, run_after=None
[2025-07-19T11:14:29.413+0000] {processor.py:183} INFO - Processing /opt/airflow/dags/eda_airflow copy.py took 0.163 seconds
[2025-07-19T11:15:00.166+0000] {processor.py:161} INFO - Started process (PID=14735) to work on /opt/airflow/dags/eda_airflow copy.py
[2025-07-19T11:15:00.167+0000] {processor.py:830} INFO - Processing file /opt/airflow/dags/eda_airflow copy.py for tasks to queue
[2025-07-19T11:15:00.169+0000] {logging_mixin.py:188} INFO - [2025-07-19T11:15:00.168+0000] {dagbag.py:538} INFO - Filling up the DagBag from /opt/airflow/dags/eda_airflow copy.py
[2025-07-19T11:15:00.260+0000] {processor.py:840} INFO - DAG(s) 'launch_streamlit_dashboard' retrieved from /opt/airflow/dags/eda_airflow copy.py
[2025-07-19T11:15:00.398+0000] {logging_mixin.py:188} INFO - [2025-07-19T11:15:00.398+0000] {dag.py:3036} INFO - Sync 1 DAGs
[2025-07-19T11:15:00.412+0000] {logging_mixin.py:188} INFO - [2025-07-19T11:15:00.412+0000] {dag.py:3823} INFO - Setting next_dagrun for launch_streamlit_dashboard to None, run_after=None
[2025-07-19T11:15:00.436+0000] {processor.py:183} INFO - Processing /opt/airflow/dags/eda_airflow copy.py took 0.273 seconds
[2025-07-19T11:15:30.718+0000] {processor.py:161} INFO - Started process (PID=14757) to work on /opt/airflow/dags/eda_airflow copy.py
[2025-07-19T11:15:30.719+0000] {processor.py:830} INFO - Processing file /opt/airflow/dags/eda_airflow copy.py for tasks to queue
[2025-07-19T11:15:30.720+0000] {logging_mixin.py:188} INFO - [2025-07-19T11:15:30.720+0000] {dagbag.py:538} INFO - Filling up the DagBag from /opt/airflow/dags/eda_airflow copy.py
[2025-07-19T11:15:30.751+0000] {processor.py:840} INFO - DAG(s) 'launch_streamlit_dashboard' retrieved from /opt/airflow/dags/eda_airflow copy.py
[2025-07-19T11:15:30.853+0000] {logging_mixin.py:188} INFO - [2025-07-19T11:15:30.853+0000] {dag.py:3036} INFO - Sync 1 DAGs
[2025-07-19T11:15:30.866+0000] {logging_mixin.py:188} INFO - [2025-07-19T11:15:30.865+0000] {dag.py:3823} INFO - Setting next_dagrun for launch_streamlit_dashboard to None, run_after=None
[2025-07-19T11:15:30.979+0000] {processor.py:183} INFO - Processing /opt/airflow/dags/eda_airflow copy.py took 0.263 seconds
[2025-07-19T11:16:01.365+0000] {processor.py:161} INFO - Started process (PID=14782) to work on /opt/airflow/dags/eda_airflow copy.py
[2025-07-19T11:16:01.366+0000] {processor.py:830} INFO - Processing file /opt/airflow/dags/eda_airflow copy.py for tasks to queue
[2025-07-19T11:16:01.367+0000] {logging_mixin.py:188} INFO - [2025-07-19T11:16:01.367+0000] {dagbag.py:538} INFO - Filling up the DagBag from /opt/airflow/dags/eda_airflow copy.py
[2025-07-19T11:16:01.379+0000] {processor.py:840} INFO - DAG(s) 'launch_streamlit_dashboard' retrieved from /opt/airflow/dags/eda_airflow copy.py
[2025-07-19T11:16:01.458+0000] {logging_mixin.py:188} INFO - [2025-07-19T11:16:01.457+0000] {dag.py:3036} INFO - Sync 1 DAGs
[2025-07-19T11:16:01.470+0000] {logging_mixin.py:188} INFO - [2025-07-19T11:16:01.470+0000] {dag.py:3823} INFO - Setting next_dagrun for launch_streamlit_dashboard to None, run_after=None
[2025-07-19T11:16:01.516+0000] {processor.py:183} INFO - Processing /opt/airflow/dags/eda_airflow copy.py took 0.154 seconds
[2025-07-19T11:16:32.247+0000] {processor.py:161} INFO - Started process (PID=14810) to work on /opt/airflow/dags/eda_airflow copy.py
[2025-07-19T11:16:32.248+0000] {processor.py:830} INFO - Processing file /opt/airflow/dags/eda_airflow copy.py for tasks to queue
[2025-07-19T11:16:32.249+0000] {logging_mixin.py:188} INFO - [2025-07-19T11:16:32.249+0000] {dagbag.py:538} INFO - Filling up the DagBag from /opt/airflow/dags/eda_airflow copy.py
[2025-07-19T11:16:32.284+0000] {processor.py:840} INFO - DAG(s) 'launch_streamlit_dashboard' retrieved from /opt/airflow/dags/eda_airflow copy.py
[2025-07-19T11:16:32.429+0000] {logging_mixin.py:188} INFO - [2025-07-19T11:16:32.428+0000] {dag.py:3036} INFO - Sync 1 DAGs
[2025-07-19T11:16:32.438+0000] {logging_mixin.py:188} INFO - [2025-07-19T11:16:32.438+0000] {dag.py:3823} INFO - Setting next_dagrun for launch_streamlit_dashboard to None, run_after=None
[2025-07-19T11:16:32.461+0000] {processor.py:183} INFO - Processing /opt/airflow/dags/eda_airflow copy.py took 0.217 seconds
[2025-07-19T11:17:03.131+0000] {processor.py:161} INFO - Started process (PID=14835) to work on /opt/airflow/dags/eda_airflow copy.py
[2025-07-19T11:17:03.132+0000] {processor.py:830} INFO - Processing file /opt/airflow/dags/eda_airflow copy.py for tasks to queue
[2025-07-19T11:17:03.133+0000] {logging_mixin.py:188} INFO - [2025-07-19T11:17:03.132+0000] {dagbag.py:538} INFO - Filling up the DagBag from /opt/airflow/dags/eda_airflow copy.py
[2025-07-19T11:17:03.172+0000] {processor.py:840} INFO - DAG(s) 'launch_streamlit_dashboard' retrieved from /opt/airflow/dags/eda_airflow copy.py
[2025-07-19T11:17:03.253+0000] {logging_mixin.py:188} INFO - [2025-07-19T11:17:03.253+0000] {dag.py:3036} INFO - Sync 1 DAGs
[2025-07-19T11:17:03.266+0000] {logging_mixin.py:188} INFO - [2025-07-19T11:17:03.265+0000] {dag.py:3823} INFO - Setting next_dagrun for launch_streamlit_dashboard to None, run_after=None
[2025-07-19T11:17:03.289+0000] {processor.py:183} INFO - Processing /opt/airflow/dags/eda_airflow copy.py took 0.161 seconds
[2025-07-19T11:17:33.697+0000] {processor.py:161} INFO - Started process (PID=14860) to work on /opt/airflow/dags/eda_airflow copy.py
[2025-07-19T11:17:33.698+0000] {processor.py:830} INFO - Processing file /opt/airflow/dags/eda_airflow copy.py for tasks to queue
[2025-07-19T11:17:33.698+0000] {logging_mixin.py:188} INFO - [2025-07-19T11:17:33.698+0000] {dagbag.py:538} INFO - Filling up the DagBag from /opt/airflow/dags/eda_airflow copy.py
[2025-07-19T11:17:33.710+0000] {processor.py:840} INFO - DAG(s) 'launch_streamlit_dashboard' retrieved from /opt/airflow/dags/eda_airflow copy.py
[2025-07-19T11:17:33.723+0000] {logging_mixin.py:188} INFO - [2025-07-19T11:17:33.722+0000] {dag.py:3036} INFO - Sync 1 DAGs
[2025-07-19T11:17:33.735+0000] {logging_mixin.py:188} INFO - [2025-07-19T11:17:33.735+0000] {dag.py:3823} INFO - Setting next_dagrun for launch_streamlit_dashboard to None, run_after=None
[2025-07-19T11:17:33.760+0000] {processor.py:183} INFO - Processing /opt/airflow/dags/eda_airflow copy.py took 0.067 seconds
[2025-07-19T11:18:04.323+0000] {processor.py:161} INFO - Started process (PID=14885) to work on /opt/airflow/dags/eda_airflow copy.py
[2025-07-19T11:18:04.324+0000] {processor.py:830} INFO - Processing file /opt/airflow/dags/eda_airflow copy.py for tasks to queue
[2025-07-19T11:18:04.326+0000] {logging_mixin.py:188} INFO - [2025-07-19T11:18:04.325+0000] {dagbag.py:538} INFO - Filling up the DagBag from /opt/airflow/dags/eda_airflow copy.py
[2025-07-19T11:18:04.337+0000] {processor.py:840} INFO - DAG(s) 'launch_streamlit_dashboard' retrieved from /opt/airflow/dags/eda_airflow copy.py
[2025-07-19T11:18:04.439+0000] {logging_mixin.py:188} INFO - [2025-07-19T11:18:04.438+0000] {dag.py:3036} INFO - Sync 1 DAGs
[2025-07-19T11:18:04.449+0000] {logging_mixin.py:188} INFO - [2025-07-19T11:18:04.449+0000] {dag.py:3823} INFO - Setting next_dagrun for launch_streamlit_dashboard to None, run_after=None
[2025-07-19T11:18:04.475+0000] {processor.py:183} INFO - Processing /opt/airflow/dags/eda_airflow copy.py took 0.155 seconds
[2025-07-19T11:18:35.013+0000] {processor.py:161} INFO - Started process (PID=14910) to work on /opt/airflow/dags/eda_airflow copy.py
[2025-07-19T11:18:35.014+0000] {processor.py:830} INFO - Processing file /opt/airflow/dags/eda_airflow copy.py for tasks to queue
[2025-07-19T11:18:35.015+0000] {logging_mixin.py:188} INFO - [2025-07-19T11:18:35.015+0000] {dagbag.py:538} INFO - Filling up the DagBag from /opt/airflow/dags/eda_airflow copy.py
[2025-07-19T11:18:35.064+0000] {processor.py:840} INFO - DAG(s) 'launch_streamlit_dashboard' retrieved from /opt/airflow/dags/eda_airflow copy.py
[2025-07-19T11:18:35.096+0000] {logging_mixin.py:188} INFO - [2025-07-19T11:18:35.096+0000] {dag.py:3036} INFO - Sync 1 DAGs
[2025-07-19T11:18:35.107+0000] {logging_mixin.py:188} INFO - [2025-07-19T11:18:35.107+0000] {dag.py:3823} INFO - Setting next_dagrun for launch_streamlit_dashboard to None, run_after=None
[2025-07-19T11:18:35.147+0000] {processor.py:183} INFO - Processing /opt/airflow/dags/eda_airflow copy.py took 0.137 seconds
[2025-07-19T11:19:05.485+0000] {processor.py:161} INFO - Started process (PID=14935) to work on /opt/airflow/dags/eda_airflow copy.py
[2025-07-19T11:19:05.486+0000] {processor.py:830} INFO - Processing file /opt/airflow/dags/eda_airflow copy.py for tasks to queue
[2025-07-19T11:19:05.487+0000] {logging_mixin.py:188} INFO - [2025-07-19T11:19:05.487+0000] {dagbag.py:538} INFO - Filling up the DagBag from /opt/airflow/dags/eda_airflow copy.py
[2025-07-19T11:19:05.498+0000] {processor.py:840} INFO - DAG(s) 'launch_streamlit_dashboard' retrieved from /opt/airflow/dags/eda_airflow copy.py
[2025-07-19T11:19:05.510+0000] {logging_mixin.py:188} INFO - [2025-07-19T11:19:05.510+0000] {dag.py:3036} INFO - Sync 1 DAGs
[2025-07-19T11:19:05.541+0000] {logging_mixin.py:188} INFO - [2025-07-19T11:19:05.540+0000] {dag.py:3823} INFO - Setting next_dagrun for launch_streamlit_dashboard to None, run_after=None
[2025-07-19T11:19:05.590+0000] {processor.py:183} INFO - Processing /opt/airflow/dags/eda_airflow copy.py took 0.108 seconds
[2025-07-19T11:19:36.202+0000] {processor.py:161} INFO - Started process (PID=14960) to work on /opt/airflow/dags/eda_airflow copy.py
[2025-07-19T11:19:36.203+0000] {processor.py:830} INFO - Processing file /opt/airflow/dags/eda_airflow copy.py for tasks to queue
[2025-07-19T11:19:36.204+0000] {logging_mixin.py:188} INFO - [2025-07-19T11:19:36.204+0000] {dagbag.py:538} INFO - Filling up the DagBag from /opt/airflow/dags/eda_airflow copy.py
[2025-07-19T11:19:36.228+0000] {processor.py:840} INFO - DAG(s) 'launch_streamlit_dashboard' retrieved from /opt/airflow/dags/eda_airflow copy.py
[2025-07-19T11:19:36.360+0000] {logging_mixin.py:188} INFO - [2025-07-19T11:19:36.360+0000] {dag.py:3036} INFO - Sync 1 DAGs
[2025-07-19T11:19:36.371+0000] {logging_mixin.py:188} INFO - [2025-07-19T11:19:36.370+0000] {dag.py:3823} INFO - Setting next_dagrun for launch_streamlit_dashboard to None, run_after=None
[2025-07-19T11:19:36.393+0000] {processor.py:183} INFO - Processing /opt/airflow/dags/eda_airflow copy.py took 0.194 seconds
[2025-07-19T11:20:06.794+0000] {processor.py:161} INFO - Started process (PID=14985) to work on /opt/airflow/dags/eda_airflow copy.py
[2025-07-19T11:20:06.794+0000] {processor.py:830} INFO - Processing file /opt/airflow/dags/eda_airflow copy.py for tasks to queue
[2025-07-19T11:20:06.795+0000] {logging_mixin.py:188} INFO - [2025-07-19T11:20:06.795+0000] {dagbag.py:538} INFO - Filling up the DagBag from /opt/airflow/dags/eda_airflow copy.py
[2025-07-19T11:20:06.807+0000] {processor.py:840} INFO - DAG(s) 'launch_streamlit_dashboard' retrieved from /opt/airflow/dags/eda_airflow copy.py
[2025-07-19T11:20:06.848+0000] {logging_mixin.py:188} INFO - [2025-07-19T11:20:06.847+0000] {dag.py:3036} INFO - Sync 1 DAGs
[2025-07-19T11:20:06.859+0000] {logging_mixin.py:188} INFO - [2025-07-19T11:20:06.859+0000] {dag.py:3823} INFO - Setting next_dagrun for launch_streamlit_dashboard to None, run_after=None
[2025-07-19T11:20:06.886+0000] {processor.py:183} INFO - Processing /opt/airflow/dags/eda_airflow copy.py took 0.096 seconds
[2025-07-19T11:20:37.613+0000] {processor.py:161} INFO - Started process (PID=15010) to work on /opt/airflow/dags/eda_airflow copy.py
[2025-07-19T11:20:37.614+0000] {processor.py:830} INFO - Processing file /opt/airflow/dags/eda_airflow copy.py for tasks to queue
[2025-07-19T11:20:37.615+0000] {logging_mixin.py:188} INFO - [2025-07-19T11:20:37.615+0000] {dagbag.py:538} INFO - Filling up the DagBag from /opt/airflow/dags/eda_airflow copy.py
[2025-07-19T11:20:37.626+0000] {processor.py:840} INFO - DAG(s) 'launch_streamlit_dashboard' retrieved from /opt/airflow/dags/eda_airflow copy.py
[2025-07-19T11:20:37.651+0000] {logging_mixin.py:188} INFO - [2025-07-19T11:20:37.651+0000] {dag.py:3036} INFO - Sync 1 DAGs
[2025-07-19T11:20:37.664+0000] {logging_mixin.py:188} INFO - [2025-07-19T11:20:37.663+0000] {dag.py:3823} INFO - Setting next_dagrun for launch_streamlit_dashboard to None, run_after=None
[2025-07-19T11:20:37.686+0000] {processor.py:183} INFO - Processing /opt/airflow/dags/eda_airflow copy.py took 0.076 seconds
[2025-07-19T11:21:08.421+0000] {processor.py:161} INFO - Started process (PID=15028) to work on /opt/airflow/dags/eda_airflow copy.py
[2025-07-19T11:21:08.423+0000] {processor.py:830} INFO - Processing file /opt/airflow/dags/eda_airflow copy.py for tasks to queue
[2025-07-19T11:21:08.424+0000] {logging_mixin.py:188} INFO - [2025-07-19T11:21:08.423+0000] {dagbag.py:538} INFO - Filling up the DagBag from /opt/airflow/dags/eda_airflow copy.py
[2025-07-19T11:21:08.436+0000] {processor.py:840} INFO - DAG(s) 'launch_streamlit_dashboard' retrieved from /opt/airflow/dags/eda_airflow copy.py
[2025-07-19T11:21:08.480+0000] {logging_mixin.py:188} INFO - [2025-07-19T11:21:08.480+0000] {dag.py:3036} INFO - Sync 1 DAGs
[2025-07-19T11:21:08.492+0000] {logging_mixin.py:188} INFO - [2025-07-19T11:21:08.492+0000] {dag.py:3823} INFO - Setting next_dagrun for launch_streamlit_dashboard to None, run_after=None
[2025-07-19T11:21:08.514+0000] {processor.py:183} INFO - Processing /opt/airflow/dags/eda_airflow copy.py took 0.095 seconds
[2025-07-19T11:21:38.598+0000] {processor.py:161} INFO - Started process (PID=15053) to work on /opt/airflow/dags/eda_airflow copy.py
[2025-07-19T11:21:38.599+0000] {processor.py:830} INFO - Processing file /opt/airflow/dags/eda_airflow copy.py for tasks to queue
[2025-07-19T11:21:38.600+0000] {logging_mixin.py:188} INFO - [2025-07-19T11:21:38.599+0000] {dagbag.py:538} INFO - Filling up the DagBag from /opt/airflow/dags/eda_airflow copy.py
[2025-07-19T11:21:38.610+0000] {processor.py:840} INFO - DAG(s) 'launch_streamlit_dashboard' retrieved from /opt/airflow/dags/eda_airflow copy.py
[2025-07-19T11:21:38.621+0000] {logging_mixin.py:188} INFO - [2025-07-19T11:21:38.621+0000] {dag.py:3036} INFO - Sync 1 DAGs
[2025-07-19T11:21:38.633+0000] {logging_mixin.py:188} INFO - [2025-07-19T11:21:38.633+0000] {dag.py:3823} INFO - Setting next_dagrun for launch_streamlit_dashboard to None, run_after=None
[2025-07-19T11:21:38.657+0000] {processor.py:183} INFO - Processing /opt/airflow/dags/eda_airflow copy.py took 0.062 seconds
[2025-07-19T11:22:09.105+0000] {processor.py:161} INFO - Started process (PID=15078) to work on /opt/airflow/dags/eda_airflow copy.py
[2025-07-19T11:22:09.106+0000] {processor.py:830} INFO - Processing file /opt/airflow/dags/eda_airflow copy.py for tasks to queue
[2025-07-19T11:22:09.107+0000] {logging_mixin.py:188} INFO - [2025-07-19T11:22:09.107+0000] {dagbag.py:538} INFO - Filling up the DagBag from /opt/airflow/dags/eda_airflow copy.py
[2025-07-19T11:22:09.118+0000] {processor.py:840} INFO - DAG(s) 'launch_streamlit_dashboard' retrieved from /opt/airflow/dags/eda_airflow copy.py
[2025-07-19T11:22:09.225+0000] {logging_mixin.py:188} INFO - [2025-07-19T11:22:09.225+0000] {dag.py:3036} INFO - Sync 1 DAGs
[2025-07-19T11:22:09.234+0000] {logging_mixin.py:188} INFO - [2025-07-19T11:22:09.234+0000] {dag.py:3823} INFO - Setting next_dagrun for launch_streamlit_dashboard to None, run_after=None
[2025-07-19T11:22:26.792+0000] {processor.py:183} INFO - Processing /opt/airflow/dags/eda_airflow copy.py took 17.692 seconds
[2025-07-19T11:22:56.924+0000] {processor.py:161} INFO - Started process (PID=15115) to work on /opt/airflow/dags/eda_airflow copy.py
[2025-07-19T11:22:56.925+0000] {processor.py:830} INFO - Processing file /opt/airflow/dags/eda_airflow copy.py for tasks to queue
[2025-07-19T11:22:56.926+0000] {logging_mixin.py:188} INFO - [2025-07-19T11:22:56.926+0000] {dagbag.py:538} INFO - Filling up the DagBag from /opt/airflow/dags/eda_airflow copy.py
[2025-07-19T11:22:56.938+0000] {processor.py:840} INFO - DAG(s) 'launch_streamlit_dashboard' retrieved from /opt/airflow/dags/eda_airflow copy.py
[2025-07-19T11:22:56.963+0000] {logging_mixin.py:188} INFO - [2025-07-19T11:22:56.962+0000] {dag.py:3036} INFO - Sync 1 DAGs
[2025-07-19T11:22:56.973+0000] {logging_mixin.py:188} INFO - [2025-07-19T11:22:56.973+0000] {dag.py:3823} INFO - Setting next_dagrun for launch_streamlit_dashboard to None, run_after=None
[2025-07-19T11:22:56.995+0000] {processor.py:183} INFO - Processing /opt/airflow/dags/eda_airflow copy.py took 0.074 seconds
[2025-07-19T11:23:27.519+0000] {processor.py:161} INFO - Started process (PID=15140) to work on /opt/airflow/dags/eda_airflow copy.py
[2025-07-19T11:23:27.520+0000] {processor.py:830} INFO - Processing file /opt/airflow/dags/eda_airflow copy.py for tasks to queue
[2025-07-19T11:23:27.521+0000] {logging_mixin.py:188} INFO - [2025-07-19T11:23:27.520+0000] {dagbag.py:538} INFO - Filling up the DagBag from /opt/airflow/dags/eda_airflow copy.py
[2025-07-19T11:23:27.531+0000] {processor.py:840} INFO - DAG(s) 'launch_streamlit_dashboard' retrieved from /opt/airflow/dags/eda_airflow copy.py
[2025-07-19T11:23:27.542+0000] {logging_mixin.py:188} INFO - [2025-07-19T11:23:27.542+0000] {dag.py:3036} INFO - Sync 1 DAGs
[2025-07-19T11:23:27.553+0000] {logging_mixin.py:188} INFO - [2025-07-19T11:23:27.553+0000] {dag.py:3823} INFO - Setting next_dagrun for launch_streamlit_dashboard to None, run_after=None
[2025-07-19T11:23:27.575+0000] {processor.py:183} INFO - Processing /opt/airflow/dags/eda_airflow copy.py took 0.059 seconds
[2025-07-19T11:23:58.141+0000] {processor.py:161} INFO - Started process (PID=15165) to work on /opt/airflow/dags/eda_airflow copy.py
[2025-07-19T11:23:58.142+0000] {processor.py:830} INFO - Processing file /opt/airflow/dags/eda_airflow copy.py for tasks to queue
[2025-07-19T11:23:58.143+0000] {logging_mixin.py:188} INFO - [2025-07-19T11:23:58.142+0000] {dagbag.py:538} INFO - Filling up the DagBag from /opt/airflow/dags/eda_airflow copy.py
[2025-07-19T11:23:58.162+0000] {processor.py:840} INFO - DAG(s) 'launch_streamlit_dashboard' retrieved from /opt/airflow/dags/eda_airflow copy.py
[2025-07-19T11:23:58.349+0000] {logging_mixin.py:188} INFO - [2025-07-19T11:23:58.349+0000] {dag.py:3036} INFO - Sync 1 DAGs
[2025-07-19T11:23:58.358+0000] {logging_mixin.py:188} INFO - [2025-07-19T11:23:58.358+0000] {dag.py:3823} INFO - Setting next_dagrun for launch_streamlit_dashboard to None, run_after=None
[2025-07-19T11:23:58.413+0000] {processor.py:183} INFO - Processing /opt/airflow/dags/eda_airflow copy.py took 0.274 seconds
[2025-07-19T11:24:28.735+0000] {processor.py:161} INFO - Started process (PID=15190) to work on /opt/airflow/dags/eda_airflow copy.py
[2025-07-19T11:24:28.736+0000] {processor.py:830} INFO - Processing file /opt/airflow/dags/eda_airflow copy.py for tasks to queue
[2025-07-19T11:24:28.737+0000] {logging_mixin.py:188} INFO - [2025-07-19T11:24:28.736+0000] {dagbag.py:538} INFO - Filling up the DagBag from /opt/airflow/dags/eda_airflow copy.py
[2025-07-19T11:24:28.767+0000] {processor.py:840} INFO - DAG(s) 'launch_streamlit_dashboard' retrieved from /opt/airflow/dags/eda_airflow copy.py
[2025-07-19T11:24:28.791+0000] {logging_mixin.py:188} INFO - [2025-07-19T11:24:28.791+0000] {dag.py:3036} INFO - Sync 1 DAGs
[2025-07-19T11:24:28.802+0000] {logging_mixin.py:188} INFO - [2025-07-19T11:24:28.802+0000] {dag.py:3823} INFO - Setting next_dagrun for launch_streamlit_dashboard to None, run_after=None
[2025-07-19T11:24:28.823+0000] {processor.py:183} INFO - Processing /opt/airflow/dags/eda_airflow copy.py took 0.091 seconds
[2025-07-19T11:24:59.326+0000] {processor.py:161} INFO - Started process (PID=15215) to work on /opt/airflow/dags/eda_airflow copy.py
[2025-07-19T11:24:59.327+0000] {processor.py:830} INFO - Processing file /opt/airflow/dags/eda_airflow copy.py for tasks to queue
[2025-07-19T11:24:59.328+0000] {logging_mixin.py:188} INFO - [2025-07-19T11:24:59.328+0000] {dagbag.py:538} INFO - Filling up the DagBag from /opt/airflow/dags/eda_airflow copy.py
[2025-07-19T11:24:59.338+0000] {processor.py:840} INFO - DAG(s) 'launch_streamlit_dashboard' retrieved from /opt/airflow/dags/eda_airflow copy.py
[2025-07-19T11:24:59.348+0000] {logging_mixin.py:188} INFO - [2025-07-19T11:24:59.348+0000] {dag.py:3036} INFO - Sync 1 DAGs
[2025-07-19T11:24:59.360+0000] {logging_mixin.py:188} INFO - [2025-07-19T11:24:59.359+0000] {dag.py:3823} INFO - Setting next_dagrun for launch_streamlit_dashboard to None, run_after=None
[2025-07-19T11:24:59.380+0000] {processor.py:183} INFO - Processing /opt/airflow/dags/eda_airflow copy.py took 0.056 seconds
[2025-07-19T11:25:29.622+0000] {processor.py:161} INFO - Started process (PID=15240) to work on /opt/airflow/dags/eda_airflow copy.py
[2025-07-19T11:25:29.623+0000] {processor.py:830} INFO - Processing file /opt/airflow/dags/eda_airflow copy.py for tasks to queue
[2025-07-19T11:25:29.624+0000] {logging_mixin.py:188} INFO - [2025-07-19T11:25:29.624+0000] {dagbag.py:538} INFO - Filling up the DagBag from /opt/airflow/dags/eda_airflow copy.py
[2025-07-19T11:25:29.634+0000] {processor.py:840} INFO - DAG(s) 'launch_streamlit_dashboard' retrieved from /opt/airflow/dags/eda_airflow copy.py
[2025-07-19T11:25:29.730+0000] {logging_mixin.py:188} INFO - [2025-07-19T11:25:29.730+0000] {dag.py:3036} INFO - Sync 1 DAGs
[2025-07-19T11:25:29.740+0000] {logging_mixin.py:188} INFO - [2025-07-19T11:25:29.739+0000] {dag.py:3823} INFO - Setting next_dagrun for launch_streamlit_dashboard to None, run_after=None
[2025-07-19T11:25:29.774+0000] {processor.py:183} INFO - Processing /opt/airflow/dags/eda_airflow copy.py took 0.155 seconds
[2025-07-19T11:25:59.906+0000] {processor.py:161} INFO - Started process (PID=15265) to work on /opt/airflow/dags/eda_airflow copy.py
[2025-07-19T11:25:59.907+0000] {processor.py:830} INFO - Processing file /opt/airflow/dags/eda_airflow copy.py for tasks to queue
[2025-07-19T11:25:59.908+0000] {logging_mixin.py:188} INFO - [2025-07-19T11:25:59.907+0000] {dagbag.py:538} INFO - Filling up the DagBag from /opt/airflow/dags/eda_airflow copy.py
[2025-07-19T11:25:59.918+0000] {processor.py:840} INFO - DAG(s) 'launch_streamlit_dashboard' retrieved from /opt/airflow/dags/eda_airflow copy.py
[2025-07-19T11:25:59.943+0000] {logging_mixin.py:188} INFO - [2025-07-19T11:25:59.943+0000] {dag.py:3036} INFO - Sync 1 DAGs
[2025-07-19T11:25:59.954+0000] {logging_mixin.py:188} INFO - [2025-07-19T11:25:59.953+0000] {dag.py:3823} INFO - Setting next_dagrun for launch_streamlit_dashboard to None, run_after=None
[2025-07-19T11:25:59.982+0000] {processor.py:183} INFO - Processing /opt/airflow/dags/eda_airflow copy.py took 0.079 seconds
[2025-07-19T11:26:30.352+0000] {processor.py:161} INFO - Started process (PID=15290) to work on /opt/airflow/dags/eda_airflow copy.py
[2025-07-19T11:26:30.353+0000] {processor.py:830} INFO - Processing file /opt/airflow/dags/eda_airflow copy.py for tasks to queue
[2025-07-19T11:26:30.354+0000] {logging_mixin.py:188} INFO - [2025-07-19T11:26:30.354+0000] {dagbag.py:538} INFO - Filling up the DagBag from /opt/airflow/dags/eda_airflow copy.py
[2025-07-19T11:26:30.363+0000] {processor.py:840} INFO - DAG(s) 'launch_streamlit_dashboard' retrieved from /opt/airflow/dags/eda_airflow copy.py
[2025-07-19T11:26:30.373+0000] {logging_mixin.py:188} INFO - [2025-07-19T11:26:30.373+0000] {dag.py:3036} INFO - Sync 1 DAGs
[2025-07-19T11:26:30.385+0000] {logging_mixin.py:188} INFO - [2025-07-19T11:26:30.384+0000] {dag.py:3823} INFO - Setting next_dagrun for launch_streamlit_dashboard to None, run_after=None
[2025-07-19T11:26:30.407+0000] {processor.py:183} INFO - Processing /opt/airflow/dags/eda_airflow copy.py took 0.058 seconds
[2025-07-19T11:27:00.861+0000] {processor.py:161} INFO - Started process (PID=15315) to work on /opt/airflow/dags/eda_airflow copy.py
[2025-07-19T11:27:00.862+0000] {processor.py:830} INFO - Processing file /opt/airflow/dags/eda_airflow copy.py for tasks to queue
[2025-07-19T11:27:00.864+0000] {logging_mixin.py:188} INFO - [2025-07-19T11:27:00.863+0000] {dagbag.py:538} INFO - Filling up the DagBag from /opt/airflow/dags/eda_airflow copy.py
[2025-07-19T11:27:00.876+0000] {processor.py:840} INFO - DAG(s) 'launch_streamlit_dashboard' retrieved from /opt/airflow/dags/eda_airflow copy.py
[2025-07-19T11:27:00.968+0000] {logging_mixin.py:188} INFO - [2025-07-19T11:27:00.968+0000] {dag.py:3036} INFO - Sync 1 DAGs
[2025-07-19T11:27:00.978+0000] {logging_mixin.py:188} INFO - [2025-07-19T11:27:00.978+0000] {dag.py:3823} INFO - Setting next_dagrun for launch_streamlit_dashboard to None, run_after=None
[2025-07-19T11:27:01.000+0000] {processor.py:183} INFO - Processing /opt/airflow/dags/eda_airflow copy.py took 0.142 seconds
[2025-07-19T11:27:31.285+0000] {processor.py:161} INFO - Started process (PID=15340) to work on /opt/airflow/dags/eda_airflow copy.py
[2025-07-19T11:27:31.286+0000] {processor.py:830} INFO - Processing file /opt/airflow/dags/eda_airflow copy.py for tasks to queue
[2025-07-19T11:27:31.287+0000] {logging_mixin.py:188} INFO - [2025-07-19T11:27:31.286+0000] {dagbag.py:538} INFO - Filling up the DagBag from /opt/airflow/dags/eda_airflow copy.py
[2025-07-19T11:27:31.295+0000] {processor.py:840} INFO - DAG(s) 'launch_streamlit_dashboard' retrieved from /opt/airflow/dags/eda_airflow copy.py
[2025-07-19T11:27:31.318+0000] {logging_mixin.py:188} INFO - [2025-07-19T11:27:31.318+0000] {dag.py:3036} INFO - Sync 1 DAGs
[2025-07-19T11:27:31.329+0000] {logging_mixin.py:188} INFO - [2025-07-19T11:27:31.329+0000] {dag.py:3823} INFO - Setting next_dagrun for launch_streamlit_dashboard to None, run_after=None
[2025-07-19T11:27:31.354+0000] {processor.py:183} INFO - Processing /opt/airflow/dags/eda_airflow copy.py took 0.072 seconds
[2025-07-19T11:28:01.813+0000] {processor.py:161} INFO - Started process (PID=15365) to work on /opt/airflow/dags/eda_airflow copy.py
[2025-07-19T11:28:01.814+0000] {processor.py:830} INFO - Processing file /opt/airflow/dags/eda_airflow copy.py for tasks to queue
[2025-07-19T11:28:01.815+0000] {logging_mixin.py:188} INFO - [2025-07-19T11:28:01.815+0000] {dagbag.py:538} INFO - Filling up the DagBag from /opt/airflow/dags/eda_airflow copy.py
[2025-07-19T11:28:01.825+0000] {processor.py:840} INFO - DAG(s) 'launch_streamlit_dashboard' retrieved from /opt/airflow/dags/eda_airflow copy.py
[2025-07-19T11:28:01.835+0000] {logging_mixin.py:188} INFO - [2025-07-19T11:28:01.835+0000] {dag.py:3036} INFO - Sync 1 DAGs
[2025-07-19T11:28:01.848+0000] {logging_mixin.py:188} INFO - [2025-07-19T11:28:01.847+0000] {dag.py:3823} INFO - Setting next_dagrun for launch_streamlit_dashboard to None, run_after=None
[2025-07-19T11:28:01.872+0000] {processor.py:183} INFO - Processing /opt/airflow/dags/eda_airflow copy.py took 0.062 seconds
[2025-07-19T11:28:32.268+0000] {processor.py:161} INFO - Started process (PID=15390) to work on /opt/airflow/dags/eda_airflow copy.py
[2025-07-19T11:28:32.269+0000] {processor.py:830} INFO - Processing file /opt/airflow/dags/eda_airflow copy.py for tasks to queue
[2025-07-19T11:28:32.270+0000] {logging_mixin.py:188} INFO - [2025-07-19T11:28:32.270+0000] {dagbag.py:538} INFO - Filling up the DagBag from /opt/airflow/dags/eda_airflow copy.py
[2025-07-19T11:28:32.280+0000] {processor.py:840} INFO - DAG(s) 'launch_streamlit_dashboard' retrieved from /opt/airflow/dags/eda_airflow copy.py
[2025-07-19T11:28:32.372+0000] {logging_mixin.py:188} INFO - [2025-07-19T11:28:32.372+0000] {dag.py:3036} INFO - Sync 1 DAGs
[2025-07-19T11:28:32.382+0000] {logging_mixin.py:188} INFO - [2025-07-19T11:28:32.382+0000] {dag.py:3823} INFO - Setting next_dagrun for launch_streamlit_dashboard to None, run_after=None
[2025-07-19T11:28:32.405+0000] {processor.py:183} INFO - Processing /opt/airflow/dags/eda_airflow copy.py took 0.140 seconds
[2025-07-19T11:29:02.799+0000] {processor.py:161} INFO - Started process (PID=15415) to work on /opt/airflow/dags/eda_airflow copy.py
[2025-07-19T11:29:02.800+0000] {processor.py:830} INFO - Processing file /opt/airflow/dags/eda_airflow copy.py for tasks to queue
[2025-07-19T11:29:02.801+0000] {logging_mixin.py:188} INFO - [2025-07-19T11:29:02.801+0000] {dagbag.py:538} INFO - Filling up the DagBag from /opt/airflow/dags/eda_airflow copy.py
[2025-07-19T11:29:02.811+0000] {processor.py:840} INFO - DAG(s) 'launch_streamlit_dashboard' retrieved from /opt/airflow/dags/eda_airflow copy.py
[2025-07-19T11:29:02.835+0000] {logging_mixin.py:188} INFO - [2025-07-19T11:29:02.835+0000] {dag.py:3036} INFO - Sync 1 DAGs
[2025-07-19T11:29:02.846+0000] {logging_mixin.py:188} INFO - [2025-07-19T11:29:02.846+0000] {dag.py:3823} INFO - Setting next_dagrun for launch_streamlit_dashboard to None, run_after=None
[2025-07-19T11:29:02.887+0000] {processor.py:183} INFO - Processing /opt/airflow/dags/eda_airflow copy.py took 0.091 seconds
[2025-07-19T11:29:33.262+0000] {processor.py:161} INFO - Started process (PID=15440) to work on /opt/airflow/dags/eda_airflow copy.py
[2025-07-19T11:29:33.263+0000] {processor.py:830} INFO - Processing file /opt/airflow/dags/eda_airflow copy.py for tasks to queue
[2025-07-19T11:29:33.264+0000] {logging_mixin.py:188} INFO - [2025-07-19T11:29:33.264+0000] {dagbag.py:538} INFO - Filling up the DagBag from /opt/airflow/dags/eda_airflow copy.py
[2025-07-19T11:29:33.275+0000] {processor.py:840} INFO - DAG(s) 'launch_streamlit_dashboard' retrieved from /opt/airflow/dags/eda_airflow copy.py
[2025-07-19T11:29:33.286+0000] {logging_mixin.py:188} INFO - [2025-07-19T11:29:33.286+0000] {dag.py:3036} INFO - Sync 1 DAGs
[2025-07-19T11:29:33.298+0000] {logging_mixin.py:188} INFO - [2025-07-19T11:29:33.298+0000] {dag.py:3823} INFO - Setting next_dagrun for launch_streamlit_dashboard to None, run_after=None
[2025-07-19T11:29:33.319+0000] {processor.py:183} INFO - Processing /opt/airflow/dags/eda_airflow copy.py took 0.060 seconds
[2025-07-19T11:30:03.767+0000] {processor.py:161} INFO - Started process (PID=15465) to work on /opt/airflow/dags/eda_airflow copy.py
[2025-07-19T11:30:03.768+0000] {processor.py:830} INFO - Processing file /opt/airflow/dags/eda_airflow copy.py for tasks to queue
[2025-07-19T11:30:03.769+0000] {logging_mixin.py:188} INFO - [2025-07-19T11:30:03.769+0000] {dagbag.py:538} INFO - Filling up the DagBag from /opt/airflow/dags/eda_airflow copy.py
[2025-07-19T11:30:03.779+0000] {processor.py:840} INFO - DAG(s) 'launch_streamlit_dashboard' retrieved from /opt/airflow/dags/eda_airflow copy.py
[2025-07-19T11:30:03.871+0000] {logging_mixin.py:188} INFO - [2025-07-19T11:30:03.870+0000] {dag.py:3036} INFO - Sync 1 DAGs
[2025-07-19T11:30:03.881+0000] {logging_mixin.py:188} INFO - [2025-07-19T11:30:03.881+0000] {dag.py:3823} INFO - Setting next_dagrun for launch_streamlit_dashboard to None, run_after=None
[2025-07-19T11:30:03.902+0000] {processor.py:183} INFO - Processing /opt/airflow/dags/eda_airflow copy.py took 0.138 seconds
[2025-07-19T11:30:34.248+0000] {processor.py:161} INFO - Started process (PID=15490) to work on /opt/airflow/dags/eda_airflow copy.py
[2025-07-19T11:30:34.249+0000] {processor.py:830} INFO - Processing file /opt/airflow/dags/eda_airflow copy.py for tasks to queue
[2025-07-19T11:30:34.250+0000] {logging_mixin.py:188} INFO - [2025-07-19T11:30:34.249+0000] {dagbag.py:538} INFO - Filling up the DagBag from /opt/airflow/dags/eda_airflow copy.py
[2025-07-19T11:30:34.260+0000] {processor.py:840} INFO - DAG(s) 'launch_streamlit_dashboard' retrieved from /opt/airflow/dags/eda_airflow copy.py
[2025-07-19T11:30:34.283+0000] {logging_mixin.py:188} INFO - [2025-07-19T11:30:34.283+0000] {dag.py:3036} INFO - Sync 1 DAGs
[2025-07-19T11:30:34.294+0000] {logging_mixin.py:188} INFO - [2025-07-19T11:30:34.294+0000] {dag.py:3823} INFO - Setting next_dagrun for launch_streamlit_dashboard to None, run_after=None
[2025-07-19T11:30:34.315+0000] {processor.py:183} INFO - Processing /opt/airflow/dags/eda_airflow copy.py took 0.069 seconds
[2025-07-19T11:31:04.863+0000] {processor.py:161} INFO - Started process (PID=15515) to work on /opt/airflow/dags/eda_airflow copy.py
[2025-07-19T11:31:04.864+0000] {processor.py:830} INFO - Processing file /opt/airflow/dags/eda_airflow copy.py for tasks to queue
[2025-07-19T11:31:04.864+0000] {logging_mixin.py:188} INFO - [2025-07-19T11:31:04.864+0000] {dagbag.py:538} INFO - Filling up the DagBag from /opt/airflow/dags/eda_airflow copy.py
[2025-07-19T11:31:04.875+0000] {processor.py:840} INFO - DAG(s) 'launch_streamlit_dashboard' retrieved from /opt/airflow/dags/eda_airflow copy.py
[2025-07-19T11:31:04.886+0000] {logging_mixin.py:188} INFO - [2025-07-19T11:31:04.886+0000] {dag.py:3036} INFO - Sync 1 DAGs
[2025-07-19T11:31:04.898+0000] {logging_mixin.py:188} INFO - [2025-07-19T11:31:04.897+0000] {dag.py:3823} INFO - Setting next_dagrun for launch_streamlit_dashboard to None, run_after=None
[2025-07-19T11:31:04.921+0000] {processor.py:183} INFO - Processing /opt/airflow/dags/eda_airflow copy.py took 0.062 seconds
[2025-07-19T11:31:35.389+0000] {processor.py:161} INFO - Started process (PID=15540) to work on /opt/airflow/dags/eda_airflow copy.py
[2025-07-19T11:31:35.390+0000] {processor.py:830} INFO - Processing file /opt/airflow/dags/eda_airflow copy.py for tasks to queue
[2025-07-19T11:31:35.391+0000] {logging_mixin.py:188} INFO - [2025-07-19T11:31:35.391+0000] {dagbag.py:538} INFO - Filling up the DagBag from /opt/airflow/dags/eda_airflow copy.py
[2025-07-19T11:31:35.402+0000] {processor.py:840} INFO - DAG(s) 'launch_streamlit_dashboard' retrieved from /opt/airflow/dags/eda_airflow copy.py
[2025-07-19T11:31:35.492+0000] {logging_mixin.py:188} INFO - [2025-07-19T11:31:35.491+0000] {dag.py:3036} INFO - Sync 1 DAGs
[2025-07-19T11:31:35.502+0000] {logging_mixin.py:188} INFO - [2025-07-19T11:31:35.502+0000] {dag.py:3823} INFO - Setting next_dagrun for launch_streamlit_dashboard to None, run_after=None
[2025-07-19T11:31:35.540+0000] {processor.py:183} INFO - Processing /opt/airflow/dags/eda_airflow copy.py took 0.155 seconds
[2025-07-19T11:32:05.895+0000] {processor.py:161} INFO - Started process (PID=15565) to work on /opt/airflow/dags/eda_airflow copy.py
[2025-07-19T11:32:05.896+0000] {processor.py:830} INFO - Processing file /opt/airflow/dags/eda_airflow copy.py for tasks to queue
[2025-07-19T11:32:05.897+0000] {logging_mixin.py:188} INFO - [2025-07-19T11:32:05.897+0000] {dagbag.py:538} INFO - Filling up the DagBag from /opt/airflow/dags/eda_airflow copy.py
[2025-07-19T11:32:05.908+0000] {processor.py:840} INFO - DAG(s) 'launch_streamlit_dashboard' retrieved from /opt/airflow/dags/eda_airflow copy.py
[2025-07-19T11:32:06.058+0000] {logging_mixin.py:188} INFO - [2025-07-19T11:32:06.058+0000] {dag.py:3036} INFO - Sync 1 DAGs
[2025-07-19T11:32:06.072+0000] {logging_mixin.py:188} INFO - [2025-07-19T11:32:06.072+0000] {dag.py:3823} INFO - Setting next_dagrun for launch_streamlit_dashboard to None, run_after=None
[2025-07-19T11:32:06.109+0000] {processor.py:183} INFO - Processing /opt/airflow/dags/eda_airflow copy.py took 0.216 seconds
[2025-07-19T11:32:36.240+0000] {processor.py:161} INFO - Started process (PID=15590) to work on /opt/airflow/dags/eda_airflow copy.py
[2025-07-19T11:32:36.242+0000] {processor.py:830} INFO - Processing file /opt/airflow/dags/eda_airflow copy.py for tasks to queue
[2025-07-19T11:32:36.243+0000] {logging_mixin.py:188} INFO - [2025-07-19T11:32:36.242+0000] {dagbag.py:538} INFO - Filling up the DagBag from /opt/airflow/dags/eda_airflow copy.py
[2025-07-19T11:32:36.253+0000] {processor.py:840} INFO - DAG(s) 'launch_streamlit_dashboard' retrieved from /opt/airflow/dags/eda_airflow copy.py
[2025-07-19T11:32:36.265+0000] {logging_mixin.py:188} INFO - [2025-07-19T11:32:36.265+0000] {dag.py:3036} INFO - Sync 1 DAGs
[2025-07-19T11:32:36.280+0000] {logging_mixin.py:188} INFO - [2025-07-19T11:32:36.279+0000] {dag.py:3823} INFO - Setting next_dagrun for launch_streamlit_dashboard to None, run_after=None
[2025-07-19T11:32:36.311+0000] {processor.py:183} INFO - Processing /opt/airflow/dags/eda_airflow copy.py took 0.073 seconds
[2025-07-19T11:33:06.845+0000] {processor.py:161} INFO - Started process (PID=15615) to work on /opt/airflow/dags/eda_airflow copy.py
[2025-07-19T11:33:06.846+0000] {processor.py:830} INFO - Processing file /opt/airflow/dags/eda_airflow copy.py for tasks to queue
[2025-07-19T11:33:06.847+0000] {logging_mixin.py:188} INFO - [2025-07-19T11:33:06.847+0000] {dagbag.py:538} INFO - Filling up the DagBag from /opt/airflow/dags/eda_airflow copy.py
[2025-07-19T11:33:06.858+0000] {processor.py:840} INFO - DAG(s) 'launch_streamlit_dashboard' retrieved from /opt/airflow/dags/eda_airflow copy.py
[2025-07-19T11:33:06.970+0000] {logging_mixin.py:188} INFO - [2025-07-19T11:33:06.969+0000] {dag.py:3036} INFO - Sync 1 DAGs
[2025-07-19T11:33:06.985+0000] {logging_mixin.py:188} INFO - [2025-07-19T11:33:06.984+0000] {dag.py:3823} INFO - Setting next_dagrun for launch_streamlit_dashboard to None, run_after=None
[2025-07-19T11:33:07.014+0000] {processor.py:183} INFO - Processing /opt/airflow/dags/eda_airflow copy.py took 0.172 seconds
[2025-07-19T11:33:37.494+0000] {processor.py:161} INFO - Started process (PID=15640) to work on /opt/airflow/dags/eda_airflow copy.py
[2025-07-19T11:33:37.495+0000] {processor.py:830} INFO - Processing file /opt/airflow/dags/eda_airflow copy.py for tasks to queue
[2025-07-19T11:33:37.496+0000] {logging_mixin.py:188} INFO - [2025-07-19T11:33:37.496+0000] {dagbag.py:538} INFO - Filling up the DagBag from /opt/airflow/dags/eda_airflow copy.py
[2025-07-19T11:33:37.507+0000] {processor.py:840} INFO - DAG(s) 'launch_streamlit_dashboard' retrieved from /opt/airflow/dags/eda_airflow copy.py
[2025-07-19T11:33:37.533+0000] {logging_mixin.py:188} INFO - [2025-07-19T11:33:37.533+0000] {dag.py:3036} INFO - Sync 1 DAGs
[2025-07-19T11:33:37.545+0000] {logging_mixin.py:188} INFO - [2025-07-19T11:33:37.545+0000] {dag.py:3823} INFO - Setting next_dagrun for launch_streamlit_dashboard to None, run_after=None
[2025-07-19T11:33:37.566+0000] {processor.py:183} INFO - Processing /opt/airflow/dags/eda_airflow copy.py took 0.076 seconds
[2025-07-19T11:34:07.956+0000] {processor.py:161} INFO - Started process (PID=15665) to work on /opt/airflow/dags/eda_airflow copy.py
[2025-07-19T11:34:07.957+0000] {processor.py:830} INFO - Processing file /opt/airflow/dags/eda_airflow copy.py for tasks to queue
[2025-07-19T11:34:07.958+0000] {logging_mixin.py:188} INFO - [2025-07-19T11:34:07.958+0000] {dagbag.py:538} INFO - Filling up the DagBag from /opt/airflow/dags/eda_airflow copy.py
[2025-07-19T11:34:07.968+0000] {processor.py:840} INFO - DAG(s) 'launch_streamlit_dashboard' retrieved from /opt/airflow/dags/eda_airflow copy.py
[2025-07-19T11:34:07.979+0000] {logging_mixin.py:188} INFO - [2025-07-19T11:34:07.979+0000] {dag.py:3036} INFO - Sync 1 DAGs
[2025-07-19T11:34:07.991+0000] {logging_mixin.py:188} INFO - [2025-07-19T11:34:07.991+0000] {dag.py:3823} INFO - Setting next_dagrun for launch_streamlit_dashboard to None, run_after=None
[2025-07-19T11:34:08.039+0000] {processor.py:183} INFO - Processing /opt/airflow/dags/eda_airflow copy.py took 0.085 seconds
[2025-07-19T11:34:38.517+0000] {processor.py:161} INFO - Started process (PID=15690) to work on /opt/airflow/dags/eda_airflow copy.py
[2025-07-19T11:34:38.518+0000] {processor.py:830} INFO - Processing file /opt/airflow/dags/eda_airflow copy.py for tasks to queue
[2025-07-19T11:34:38.519+0000] {logging_mixin.py:188} INFO - [2025-07-19T11:34:38.519+0000] {dagbag.py:538} INFO - Filling up the DagBag from /opt/airflow/dags/eda_airflow copy.py
[2025-07-19T11:34:38.536+0000] {processor.py:840} INFO - DAG(s) 'launch_streamlit_dashboard' retrieved from /opt/airflow/dags/eda_airflow copy.py
[2025-07-19T11:34:38.660+0000] {logging_mixin.py:188} INFO - [2025-07-19T11:34:38.660+0000] {dag.py:3036} INFO - Sync 1 DAGs
[2025-07-19T11:34:38.679+0000] {logging_mixin.py:188} INFO - [2025-07-19T11:34:38.678+0000] {dag.py:3823} INFO - Setting next_dagrun for launch_streamlit_dashboard to None, run_after=None
[2025-07-19T11:34:38.703+0000] {processor.py:183} INFO - Processing /opt/airflow/dags/eda_airflow copy.py took 0.189 seconds
[2025-07-19T11:35:08.995+0000] {processor.py:161} INFO - Started process (PID=15715) to work on /opt/airflow/dags/eda_airflow copy.py
[2025-07-19T11:35:08.996+0000] {processor.py:830} INFO - Processing file /opt/airflow/dags/eda_airflow copy.py for tasks to queue
[2025-07-19T11:35:08.997+0000] {logging_mixin.py:188} INFO - [2025-07-19T11:35:08.997+0000] {dagbag.py:538} INFO - Filling up the DagBag from /opt/airflow/dags/eda_airflow copy.py
[2025-07-19T11:35:09.008+0000] {processor.py:840} INFO - DAG(s) 'launch_streamlit_dashboard' retrieved from /opt/airflow/dags/eda_airflow copy.py
[2025-07-19T11:35:09.035+0000] {logging_mixin.py:188} INFO - [2025-07-19T11:35:09.035+0000] {dag.py:3036} INFO - Sync 1 DAGs
[2025-07-19T11:35:09.048+0000] {logging_mixin.py:188} INFO - [2025-07-19T11:35:09.048+0000] {dag.py:3823} INFO - Setting next_dagrun for launch_streamlit_dashboard to None, run_after=None
[2025-07-19T11:35:09.074+0000] {processor.py:183} INFO - Processing /opt/airflow/dags/eda_airflow copy.py took 0.082 seconds
[2025-07-19T11:35:39.126+0000] {processor.py:161} INFO - Started process (PID=15740) to work on /opt/airflow/dags/eda_airflow copy.py
[2025-07-19T11:35:39.127+0000] {processor.py:830} INFO - Processing file /opt/airflow/dags/eda_airflow copy.py for tasks to queue
[2025-07-19T11:35:39.128+0000] {logging_mixin.py:188} INFO - [2025-07-19T11:35:39.128+0000] {dagbag.py:538} INFO - Filling up the DagBag from /opt/airflow/dags/eda_airflow copy.py
[2025-07-19T11:35:39.139+0000] {processor.py:840} INFO - DAG(s) 'launch_streamlit_dashboard' retrieved from /opt/airflow/dags/eda_airflow copy.py
[2025-07-19T11:35:39.150+0000] {logging_mixin.py:188} INFO - [2025-07-19T11:35:39.150+0000] {dag.py:3036} INFO - Sync 1 DAGs
[2025-07-19T11:35:39.162+0000] {logging_mixin.py:188} INFO - [2025-07-19T11:35:39.162+0000] {dag.py:3823} INFO - Setting next_dagrun for launch_streamlit_dashboard to None, run_after=None
[2025-07-19T11:35:39.185+0000] {processor.py:183} INFO - Processing /opt/airflow/dags/eda_airflow copy.py took 0.062 seconds
[2025-07-19T11:36:09.637+0000] {processor.py:161} INFO - Started process (PID=15765) to work on /opt/airflow/dags/eda_airflow copy.py
[2025-07-19T11:36:09.638+0000] {processor.py:830} INFO - Processing file /opt/airflow/dags/eda_airflow copy.py for tasks to queue
[2025-07-19T11:36:09.639+0000] {logging_mixin.py:188} INFO - [2025-07-19T11:36:09.639+0000] {dagbag.py:538} INFO - Filling up the DagBag from /opt/airflow/dags/eda_airflow copy.py
[2025-07-19T11:36:09.981+0000] {processor.py:840} INFO - DAG(s) 'launch_streamlit_dashboard' retrieved from /opt/airflow/dags/eda_airflow copy.py
[2025-07-19T11:36:11.699+0000] {logging_mixin.py:188} INFO - [2025-07-19T11:36:11.698+0000] {dag.py:3036} INFO - Sync 1 DAGs
[2025-07-19T11:36:11.907+0000] {logging_mixin.py:188} INFO - [2025-07-19T11:36:11.907+0000] {dag.py:3823} INFO - Setting next_dagrun for launch_streamlit_dashboard to None, run_after=None
[2025-07-19T11:36:12.050+0000] {processor.py:183} INFO - Processing /opt/airflow/dags/eda_airflow copy.py took 2.416 seconds
[2025-07-19T11:36:54.370+0000] {processor.py:161} INFO - Started process (PID=15790) to work on /opt/airflow/dags/eda_airflow copy.py
[2025-07-19T11:36:54.371+0000] {processor.py:830} INFO - Processing file /opt/airflow/dags/eda_airflow copy.py for tasks to queue
[2025-07-19T11:36:54.372+0000] {logging_mixin.py:188} INFO - [2025-07-19T11:36:54.372+0000] {dagbag.py:538} INFO - Filling up the DagBag from /opt/airflow/dags/eda_airflow copy.py
[2025-07-19T11:36:54.384+0000] {processor.py:840} INFO - DAG(s) 'launch_streamlit_dashboard' retrieved from /opt/airflow/dags/eda_airflow copy.py
[2025-07-19T11:37:02.190+0000] {logging_mixin.py:188} INFO - [2025-07-19T11:37:02.190+0000] {dag.py:3036} INFO - Sync 1 DAGs
[2025-07-19T11:37:11.369+0000] {logging_mixin.py:188} INFO - [2025-07-19T11:37:11.369+0000] {dag.py:3823} INFO - Setting next_dagrun for launch_streamlit_dashboard to None, run_after=None
[2025-07-19T11:37:13.966+0000] {processor.py:183} INFO - Processing /opt/airflow/dags/eda_airflow copy.py took 22.518 seconds
[2025-07-19T11:37:57.858+0000] {processor.py:161} INFO - Started process (PID=15813) to work on /opt/airflow/dags/eda_airflow copy.py
[2025-07-19T11:37:57.858+0000] {processor.py:830} INFO - Processing file /opt/airflow/dags/eda_airflow copy.py for tasks to queue
[2025-07-19T11:37:57.859+0000] {logging_mixin.py:188} INFO - [2025-07-19T11:37:57.859+0000] {dagbag.py:538} INFO - Filling up the DagBag from /opt/airflow/dags/eda_airflow copy.py
[2025-07-19T11:37:57.871+0000] {processor.py:840} INFO - DAG(s) 'launch_streamlit_dashboard' retrieved from /opt/airflow/dags/eda_airflow copy.py
[2025-07-19T11:37:59.407+0000] {logging_mixin.py:188} INFO - [2025-07-19T11:37:59.407+0000] {dag.py:3036} INFO - Sync 1 DAGs
[2025-07-19T11:37:59.417+0000] {logging_mixin.py:188} INFO - [2025-07-19T11:37:59.416+0000] {dag.py:3823} INFO - Setting next_dagrun for launch_streamlit_dashboard to None, run_after=None
[2025-07-19T11:38:00.333+0000] {processor.py:183} INFO - Processing /opt/airflow/dags/eda_airflow copy.py took 2.478 seconds
[2025-07-19T11:39:16.835+0000] {processor.py:161} INFO - Started process (PID=15829) to work on /opt/airflow/dags/eda_airflow copy.py
[2025-07-19T11:39:16.869+0000] {processor.py:830} INFO - Processing file /opt/airflow/dags/eda_airflow copy.py for tasks to queue
[2025-07-19T11:39:17.037+0000] {logging_mixin.py:188} INFO - [2025-07-19T11:39:16.999+0000] {dagbag.py:538} INFO - Filling up the DagBag from /opt/airflow/dags/eda_airflow copy.py
[2025-07-19T11:39:30.570+0000] {processor.py:840} INFO - DAG(s) 'launch_streamlit_dashboard' retrieved from /opt/airflow/dags/eda_airflow copy.py
[2025-07-19T11:39:52.451+0000] {logging_mixin.py:188} INFO - [2025-07-19T11:39:52.451+0000] {dag.py:3036} INFO - Sync 1 DAGs
[2025-07-19T11:39:58.244+0000] {logging_mixin.py:188} INFO - [2025-07-19T11:39:58.244+0000] {dag.py:3823} INFO - Setting next_dagrun for launch_streamlit_dashboard to None, run_after=None
[2025-07-19T11:40:04.346+0000] {processor.py:183} INFO - Processing /opt/airflow/dags/eda_airflow copy.py took 48.201 seconds
[2025-07-19T11:41:32.783+0000] {processor.py:161} INFO - Started process (PID=15850) to work on /opt/airflow/dags/eda_airflow copy.py
[2025-07-19T11:41:32.892+0000] {processor.py:830} INFO - Processing file /opt/airflow/dags/eda_airflow copy.py for tasks to queue
[2025-07-19T11:41:32.893+0000] {logging_mixin.py:188} INFO - [2025-07-19T11:41:32.892+0000] {dagbag.py:538} INFO - Filling up the DagBag from /opt/airflow/dags/eda_airflow copy.py
[2025-07-19T11:41:32.904+0000] {processor.py:840} INFO - DAG(s) 'launch_streamlit_dashboard' retrieved from /opt/airflow/dags/eda_airflow copy.py
[2025-07-19T11:43:41.023+0000] {processor.py:161} INFO - Started process (PID=15867) to work on /opt/airflow/dags/eda_airflow copy.py
[2025-07-19T11:43:41.024+0000] {processor.py:830} INFO - Processing file /opt/airflow/dags/eda_airflow copy.py for tasks to queue
[2025-07-19T11:43:41.026+0000] {logging_mixin.py:188} INFO - [2025-07-19T11:43:41.025+0000] {dagbag.py:538} INFO - Filling up the DagBag from /opt/airflow/dags/eda_airflow copy.py
[2025-07-19T11:43:44.361+0000] {processor.py:840} INFO - DAG(s) 'launch_streamlit_dashboard' retrieved from /opt/airflow/dags/eda_airflow copy.py
[2025-07-19T11:43:44.769+0000] {logging_mixin.py:188} INFO - [2025-07-19T11:43:44.769+0000] {dag.py:3036} INFO - Sync 1 DAGs
[2025-07-19T11:43:44.784+0000] {logging_mixin.py:188} INFO - [2025-07-19T11:43:44.784+0000] {dag.py:3823} INFO - Setting next_dagrun for launch_streamlit_dashboard to None, run_after=None
[2025-07-19T11:43:44.929+0000] {processor.py:183} INFO - Processing /opt/airflow/dags/eda_airflow copy.py took 15.748 seconds
[2025-07-19T11:44:23.515+0000] {processor.py:161} INFO - Started process (PID=15897) to work on /opt/airflow/dags/eda_airflow copy.py
[2025-07-19T11:44:23.516+0000] {processor.py:830} INFO - Processing file /opt/airflow/dags/eda_airflow copy.py for tasks to queue
[2025-07-19T11:44:23.517+0000] {logging_mixin.py:188} INFO - [2025-07-19T11:44:23.517+0000] {dagbag.py:538} INFO - Filling up the DagBag from /opt/airflow/dags/eda_airflow copy.py
[2025-07-19T11:44:23.567+0000] {processor.py:840} INFO - DAG(s) 'launch_streamlit_dashboard' retrieved from /opt/airflow/dags/eda_airflow copy.py
[2025-07-19T11:45:58.761+0000] {processor.py:161} INFO - Started process (PID=15920) to work on /opt/airflow/dags/eda_airflow copy.py
[2025-07-19T11:45:58.762+0000] {processor.py:830} INFO - Processing file /opt/airflow/dags/eda_airflow copy.py for tasks to queue
[2025-07-19T11:45:58.763+0000] {logging_mixin.py:188} INFO - [2025-07-19T11:45:58.763+0000] {dagbag.py:538} INFO - Filling up the DagBag from /opt/airflow/dags/eda_airflow copy.py
[2025-07-19T11:45:58.776+0000] {processor.py:840} INFO - DAG(s) 'launch_streamlit_dashboard' retrieved from /opt/airflow/dags/eda_airflow copy.py
[2025-07-19T11:46:00.002+0000] {logging_mixin.py:188} INFO - [2025-07-19T11:46:00.001+0000] {dag.py:3036} INFO - Sync 1 DAGs
[2025-07-19T11:46:00.012+0000] {logging_mixin.py:188} INFO - [2025-07-19T11:46:00.012+0000] {dag.py:3823} INFO - Setting next_dagrun for launch_streamlit_dashboard to None, run_after=None
[2025-07-19T11:46:03.407+0000] {processor.py:183} INFO - Processing /opt/airflow/dags/eda_airflow copy.py took 5.787 seconds
[2025-07-19T11:46:39.912+0000] {processor.py:161} INFO - Started process (PID=15943) to work on /opt/airflow/dags/eda_airflow copy.py
[2025-07-19T11:46:39.913+0000] {processor.py:830} INFO - Processing file /opt/airflow/dags/eda_airflow copy.py for tasks to queue
[2025-07-19T11:46:39.914+0000] {logging_mixin.py:188} INFO - [2025-07-19T11:46:39.914+0000] {dagbag.py:538} INFO - Filling up the DagBag from /opt/airflow/dags/eda_airflow copy.py
[2025-07-19T11:46:40.169+0000] {processor.py:840} INFO - DAG(s) 'launch_streamlit_dashboard' retrieved from /opt/airflow/dags/eda_airflow copy.py
[2025-07-19T11:46:40.309+0000] {logging_mixin.py:188} INFO - [2025-07-19T11:46:40.309+0000] {dag.py:3036} INFO - Sync 1 DAGs
[2025-07-19T11:46:40.322+0000] {logging_mixin.py:188} INFO - [2025-07-19T11:46:40.321+0000] {dag.py:3823} INFO - Setting next_dagrun for launch_streamlit_dashboard to None, run_after=None
[2025-07-19T11:46:48.188+0000] {processor.py:183} INFO - Processing /opt/airflow/dags/eda_airflow copy.py took 8.280 seconds
[2025-07-19T11:47:33.539+0000] {processor.py:161} INFO - Started process (PID=15956) to work on /opt/airflow/dags/eda_airflow copy.py
[2025-07-19T11:47:33.540+0000] {processor.py:830} INFO - Processing file /opt/airflow/dags/eda_airflow copy.py for tasks to queue
[2025-07-19T11:47:33.541+0000] {logging_mixin.py:188} INFO - [2025-07-19T11:47:33.541+0000] {dagbag.py:538} INFO - Filling up the DagBag from /opt/airflow/dags/eda_airflow copy.py
[2025-07-19T11:47:33.555+0000] {processor.py:840} INFO - DAG(s) 'launch_streamlit_dashboard' retrieved from /opt/airflow/dags/eda_airflow copy.py
[2025-07-19T11:47:35.567+0000] {logging_mixin.py:188} INFO - [2025-07-19T11:47:35.566+0000] {dag.py:3036} INFO - Sync 1 DAGs
[2025-07-19T11:47:38.850+0000] {logging_mixin.py:188} INFO - [2025-07-19T11:47:38.850+0000] {dag.py:3823} INFO - Setting next_dagrun for launch_streamlit_dashboard to None, run_after=None
[2025-07-19T11:47:38.870+0000] {processor.py:183} INFO - Processing /opt/airflow/dags/eda_airflow copy.py took 5.334 seconds
[2025-07-19T11:48:09.404+0000] {processor.py:161} INFO - Started process (PID=15978) to work on /opt/airflow/dags/eda_airflow copy.py
[2025-07-19T11:48:09.405+0000] {processor.py:830} INFO - Processing file /opt/airflow/dags/eda_airflow copy.py for tasks to queue
[2025-07-19T11:48:09.406+0000] {logging_mixin.py:188} INFO - [2025-07-19T11:48:09.406+0000] {dagbag.py:538} INFO - Filling up the DagBag from /opt/airflow/dags/eda_airflow copy.py
[2025-07-19T11:48:09.586+0000] {processor.py:840} INFO - DAG(s) 'launch_streamlit_dashboard' retrieved from /opt/airflow/dags/eda_airflow copy.py
[2025-07-19T11:48:10.101+0000] {logging_mixin.py:188} INFO - [2025-07-19T11:48:10.101+0000] {dag.py:3036} INFO - Sync 1 DAGs
[2025-07-19T11:48:10.113+0000] {logging_mixin.py:188} INFO - [2025-07-19T11:48:10.113+0000] {dag.py:3823} INFO - Setting next_dagrun for launch_streamlit_dashboard to None, run_after=None
[2025-07-19T11:48:10.135+0000] {processor.py:183} INFO - Processing /opt/airflow/dags/eda_airflow copy.py took 0.734 seconds
[2025-07-19T11:48:40.670+0000] {processor.py:161} INFO - Started process (PID=16003) to work on /opt/airflow/dags/eda_airflow copy.py
[2025-07-19T11:48:40.672+0000] {processor.py:830} INFO - Processing file /opt/airflow/dags/eda_airflow copy.py for tasks to queue
[2025-07-19T11:48:40.673+0000] {logging_mixin.py:188} INFO - [2025-07-19T11:48:40.672+0000] {dagbag.py:538} INFO - Filling up the DagBag from /opt/airflow/dags/eda_airflow copy.py
[2025-07-19T11:48:40.684+0000] {processor.py:840} INFO - DAG(s) 'launch_streamlit_dashboard' retrieved from /opt/airflow/dags/eda_airflow copy.py
[2025-07-19T11:49:12.960+0000] {logging_mixin.py:188} INFO - [2025-07-19T11:49:12.960+0000] {dag.py:3036} INFO - Sync 1 DAGs
[2025-07-19T11:49:12.984+0000] {logging_mixin.py:188} INFO - [2025-07-19T11:49:12.984+0000] {dag.py:3823} INFO - Setting next_dagrun for launch_streamlit_dashboard to None, run_after=None
[2025-07-19T11:49:13.095+0000] {processor.py:183} INFO - Processing /opt/airflow/dags/eda_airflow copy.py took 32.428 seconds
[2025-07-19T11:49:43.881+0000] {processor.py:161} INFO - Started process (PID=16028) to work on /opt/airflow/dags/eda_airflow copy.py
[2025-07-19T11:49:43.882+0000] {processor.py:830} INFO - Processing file /opt/airflow/dags/eda_airflow copy.py for tasks to queue
[2025-07-19T11:49:43.883+0000] {logging_mixin.py:188} INFO - [2025-07-19T11:49:43.883+0000] {dagbag.py:538} INFO - Filling up the DagBag from /opt/airflow/dags/eda_airflow copy.py
[2025-07-19T11:49:43.967+0000] {processor.py:840} INFO - DAG(s) 'launch_streamlit_dashboard' retrieved from /opt/airflow/dags/eda_airflow copy.py
[2025-07-19T11:49:43.991+0000] {logging_mixin.py:188} INFO - [2025-07-19T11:49:43.991+0000] {dag.py:3036} INFO - Sync 1 DAGs
[2025-07-19T11:49:44.008+0000] {logging_mixin.py:188} INFO - [2025-07-19T11:49:44.008+0000] {dag.py:3823} INFO - Setting next_dagrun for launch_streamlit_dashboard to None, run_after=None
[2025-07-19T11:49:44.059+0000] {processor.py:183} INFO - Processing /opt/airflow/dags/eda_airflow copy.py took 0.180 seconds
[2025-07-19T11:50:14.189+0000] {processor.py:161} INFO - Started process (PID=16053) to work on /opt/airflow/dags/eda_airflow copy.py
[2025-07-19T11:50:14.191+0000] {processor.py:830} INFO - Processing file /opt/airflow/dags/eda_airflow copy.py for tasks to queue
[2025-07-19T11:50:14.192+0000] {logging_mixin.py:188} INFO - [2025-07-19T11:50:14.191+0000] {dagbag.py:538} INFO - Filling up the DagBag from /opt/airflow/dags/eda_airflow copy.py
[2025-07-19T11:50:14.234+0000] {processor.py:840} INFO - DAG(s) 'launch_streamlit_dashboard' retrieved from /opt/airflow/dags/eda_airflow copy.py
[2025-07-19T11:50:14.380+0000] {logging_mixin.py:188} INFO - [2025-07-19T11:50:14.380+0000] {dag.py:3036} INFO - Sync 1 DAGs
[2025-07-19T11:50:14.390+0000] {logging_mixin.py:188} INFO - [2025-07-19T11:50:14.389+0000] {dag.py:3823} INFO - Setting next_dagrun for launch_streamlit_dashboard to None, run_after=None
[2025-07-19T11:50:14.413+0000] {processor.py:183} INFO - Processing /opt/airflow/dags/eda_airflow copy.py took 0.227 seconds
[2025-07-19T11:51:07.591+0000] {processor.py:161} INFO - Started process (PID=16076) to work on /opt/airflow/dags/eda_airflow copy.py
[2025-07-19T11:51:07.592+0000] {processor.py:830} INFO - Processing file /opt/airflow/dags/eda_airflow copy.py for tasks to queue
[2025-07-19T11:51:07.593+0000] {logging_mixin.py:188} INFO - [2025-07-19T11:51:07.593+0000] {dagbag.py:538} INFO - Filling up the DagBag from /opt/airflow/dags/eda_airflow copy.py
[2025-07-19T11:51:07.641+0000] {processor.py:840} INFO - DAG(s) 'launch_streamlit_dashboard' retrieved from /opt/airflow/dags/eda_airflow copy.py
[2025-07-19T11:51:10.324+0000] {logging_mixin.py:188} INFO - [2025-07-19T11:51:10.324+0000] {dag.py:3036} INFO - Sync 1 DAGs
[2025-07-19T11:51:10.513+0000] {logging_mixin.py:188} INFO - [2025-07-19T11:51:10.513+0000] {dag.py:3823} INFO - Setting next_dagrun for launch_streamlit_dashboard to None, run_after=None
[2025-07-19T11:51:11.803+0000] {processor.py:183} INFO - Processing /opt/airflow/dags/eda_airflow copy.py took 4.215 seconds
[2025-07-19T11:52:33.001+0000] {processor.py:161} INFO - Started process (PID=16101) to work on /opt/airflow/dags/eda_airflow copy.py
[2025-07-19T11:52:33.003+0000] {processor.py:830} INFO - Processing file /opt/airflow/dags/eda_airflow copy.py for tasks to queue
[2025-07-19T11:52:33.004+0000] {logging_mixin.py:188} INFO - [2025-07-19T11:52:33.004+0000] {dagbag.py:538} INFO - Filling up the DagBag from /opt/airflow/dags/eda_airflow copy.py
[2025-07-19T11:52:33.474+0000] {processor.py:840} INFO - DAG(s) 'launch_streamlit_dashboard' retrieved from /opt/airflow/dags/eda_airflow copy.py
[2025-07-19T11:52:33.879+0000] {logging_mixin.py:188} INFO - [2025-07-19T11:52:33.879+0000] {dag.py:3036} INFO - Sync 1 DAGs
[2025-07-19T11:52:33.893+0000] {logging_mixin.py:188} INFO - [2025-07-19T11:52:33.893+0000] {dag.py:3823} INFO - Setting next_dagrun for launch_streamlit_dashboard to None, run_after=None
[2025-07-19T11:52:33.916+0000] {processor.py:183} INFO - Processing /opt/airflow/dags/eda_airflow copy.py took 0.919 seconds
[2025-07-19T11:53:17.859+0000] {processor.py:161} INFO - Started process (PID=16131) to work on /opt/airflow/dags/eda_airflow copy.py
[2025-07-19T11:53:17.860+0000] {processor.py:830} INFO - Processing file /opt/airflow/dags/eda_airflow copy.py for tasks to queue
[2025-07-19T11:53:17.861+0000] {logging_mixin.py:188} INFO - [2025-07-19T11:53:17.861+0000] {dagbag.py:538} INFO - Filling up the DagBag from /opt/airflow/dags/eda_airflow copy.py
[2025-07-19T11:53:17.930+0000] {processor.py:840} INFO - DAG(s) 'launch_streamlit_dashboard' retrieved from /opt/airflow/dags/eda_airflow copy.py
[2025-07-19T11:53:23.524+0000] {logging_mixin.py:188} INFO - [2025-07-19T11:53:23.524+0000] {dag.py:3036} INFO - Sync 1 DAGs
[2025-07-19T11:53:27.946+0000] {logging_mixin.py:188} INFO - [2025-07-19T11:53:27.946+0000] {dag.py:3823} INFO - Setting next_dagrun for launch_streamlit_dashboard to None, run_after=None
[2025-07-19T11:53:28.055+0000] {processor.py:183} INFO - Processing /opt/airflow/dags/eda_airflow copy.py took 10.199 seconds
[2025-07-19T11:53:58.619+0000] {processor.py:161} INFO - Started process (PID=16156) to work on /opt/airflow/dags/eda_airflow copy.py
[2025-07-19T11:53:58.664+0000] {processor.py:830} INFO - Processing file /opt/airflow/dags/eda_airflow copy.py for tasks to queue
[2025-07-19T11:53:58.666+0000] {logging_mixin.py:188} INFO - [2025-07-19T11:53:58.666+0000] {dagbag.py:538} INFO - Filling up the DagBag from /opt/airflow/dags/eda_airflow copy.py
[2025-07-19T11:53:58.679+0000] {processor.py:840} INFO - DAG(s) 'launch_streamlit_dashboard' retrieved from /opt/airflow/dags/eda_airflow copy.py
[2025-07-19T11:53:58.791+0000] {logging_mixin.py:188} INFO - [2025-07-19T11:53:58.791+0000] {dag.py:3036} INFO - Sync 1 DAGs
[2025-07-19T11:53:58.837+0000] {logging_mixin.py:188} INFO - [2025-07-19T11:53:58.837+0000] {dag.py:3823} INFO - Setting next_dagrun for launch_streamlit_dashboard to None, run_after=None
[2025-07-19T11:53:58.968+0000] {processor.py:183} INFO - Processing /opt/airflow/dags/eda_airflow copy.py took 0.353 seconds
[2025-07-19T11:54:29.339+0000] {processor.py:161} INFO - Started process (PID=16181) to work on /opt/airflow/dags/eda_airflow copy.py
[2025-07-19T11:54:29.340+0000] {processor.py:830} INFO - Processing file /opt/airflow/dags/eda_airflow copy.py for tasks to queue
[2025-07-19T11:54:29.342+0000] {logging_mixin.py:188} INFO - [2025-07-19T11:54:29.341+0000] {dagbag.py:538} INFO - Filling up the DagBag from /opt/airflow/dags/eda_airflow copy.py
[2025-07-19T11:54:29.426+0000] {processor.py:840} INFO - DAG(s) 'launch_streamlit_dashboard' retrieved from /opt/airflow/dags/eda_airflow copy.py
[2025-07-19T11:54:29.454+0000] {logging_mixin.py:188} INFO - [2025-07-19T11:54:29.453+0000] {dag.py:3036} INFO - Sync 1 DAGs
[2025-07-19T11:54:29.468+0000] {logging_mixin.py:188} INFO - [2025-07-19T11:54:29.468+0000] {dag.py:3823} INFO - Setting next_dagrun for launch_streamlit_dashboard to None, run_after=None
[2025-07-19T11:54:29.503+0000] {processor.py:183} INFO - Processing /opt/airflow/dags/eda_airflow copy.py took 0.167 seconds
[2025-07-19T11:54:59.763+0000] {processor.py:161} INFO - Started process (PID=16206) to work on /opt/airflow/dags/eda_airflow copy.py
[2025-07-19T11:54:59.782+0000] {processor.py:830} INFO - Processing file /opt/airflow/dags/eda_airflow copy.py for tasks to queue
[2025-07-19T11:54:59.785+0000] {logging_mixin.py:188} INFO - [2025-07-19T11:54:59.784+0000] {dagbag.py:538} INFO - Filling up the DagBag from /opt/airflow/dags/eda_airflow copy.py
[2025-07-19T11:54:59.838+0000] {processor.py:840} INFO - DAG(s) 'launch_streamlit_dashboard' retrieved from /opt/airflow/dags/eda_airflow copy.py
[2025-07-19T11:54:59.868+0000] {logging_mixin.py:188} INFO - [2025-07-19T11:54:59.868+0000] {dag.py:3036} INFO - Sync 1 DAGs
[2025-07-19T11:54:59.885+0000] {logging_mixin.py:188} INFO - [2025-07-19T11:54:59.885+0000] {dag.py:3823} INFO - Setting next_dagrun for launch_streamlit_dashboard to None, run_after=None
[2025-07-19T11:54:59.914+0000] {processor.py:183} INFO - Processing /opt/airflow/dags/eda_airflow copy.py took 0.154 seconds
[2025-07-19T11:55:30.941+0000] {processor.py:161} INFO - Started process (PID=16231) to work on /opt/airflow/dags/eda_airflow copy.py
[2025-07-19T11:55:30.942+0000] {processor.py:830} INFO - Processing file /opt/airflow/dags/eda_airflow copy.py for tasks to queue
[2025-07-19T11:55:30.942+0000] {logging_mixin.py:188} INFO - [2025-07-19T11:55:30.942+0000] {dagbag.py:538} INFO - Filling up the DagBag from /opt/airflow/dags/eda_airflow copy.py
[2025-07-19T11:55:31.024+0000] {processor.py:840} INFO - DAG(s) 'launch_streamlit_dashboard' retrieved from /opt/airflow/dags/eda_airflow copy.py
[2025-07-19T11:55:31.122+0000] {logging_mixin.py:188} INFO - [2025-07-19T11:55:31.122+0000] {dag.py:3036} INFO - Sync 1 DAGs
[2025-07-19T11:55:31.138+0000] {logging_mixin.py:188} INFO - [2025-07-19T11:55:31.137+0000] {dag.py:3823} INFO - Setting next_dagrun for launch_streamlit_dashboard to None, run_after=None
[2025-07-19T11:55:31.163+0000] {processor.py:183} INFO - Processing /opt/airflow/dags/eda_airflow copy.py took 0.225 seconds
[2025-07-19T11:56:01.420+0000] {processor.py:161} INFO - Started process (PID=16256) to work on /opt/airflow/dags/eda_airflow copy.py
[2025-07-19T11:56:01.421+0000] {processor.py:830} INFO - Processing file /opt/airflow/dags/eda_airflow copy.py for tasks to queue
[2025-07-19T11:56:01.422+0000] {logging_mixin.py:188} INFO - [2025-07-19T11:56:01.422+0000] {dagbag.py:538} INFO - Filling up the DagBag from /opt/airflow/dags/eda_airflow copy.py
[2025-07-19T11:56:01.484+0000] {processor.py:840} INFO - DAG(s) 'launch_streamlit_dashboard' retrieved from /opt/airflow/dags/eda_airflow copy.py
[2025-07-19T11:56:01.511+0000] {logging_mixin.py:188} INFO - [2025-07-19T11:56:01.511+0000] {dag.py:3036} INFO - Sync 1 DAGs
[2025-07-19T11:56:01.523+0000] {logging_mixin.py:188} INFO - [2025-07-19T11:56:01.523+0000] {dag.py:3823} INFO - Setting next_dagrun for launch_streamlit_dashboard to None, run_after=None
[2025-07-19T11:56:01.548+0000] {processor.py:183} INFO - Processing /opt/airflow/dags/eda_airflow copy.py took 0.130 seconds
[2025-07-19T11:56:32.016+0000] {processor.py:161} INFO - Started process (PID=16281) to work on /opt/airflow/dags/eda_airflow copy.py
[2025-07-19T11:56:32.016+0000] {processor.py:830} INFO - Processing file /opt/airflow/dags/eda_airflow copy.py for tasks to queue
[2025-07-19T11:56:32.017+0000] {logging_mixin.py:188} INFO - [2025-07-19T11:56:32.017+0000] {dagbag.py:538} INFO - Filling up the DagBag from /opt/airflow/dags/eda_airflow copy.py
[2025-07-19T11:56:32.080+0000] {processor.py:840} INFO - DAG(s) 'launch_streamlit_dashboard' retrieved from /opt/airflow/dags/eda_airflow copy.py
[2025-07-19T11:56:32.097+0000] {logging_mixin.py:188} INFO - [2025-07-19T11:56:32.097+0000] {dag.py:3036} INFO - Sync 1 DAGs
[2025-07-19T11:56:32.108+0000] {logging_mixin.py:188} INFO - [2025-07-19T11:56:32.108+0000] {dag.py:3823} INFO - Setting next_dagrun for launch_streamlit_dashboard to None, run_after=None
[2025-07-19T11:56:32.130+0000] {processor.py:183} INFO - Processing /opt/airflow/dags/eda_airflow copy.py took 0.118 seconds
[2025-07-19T11:57:02.400+0000] {processor.py:161} INFO - Started process (PID=16306) to work on /opt/airflow/dags/eda_airflow copy.py
[2025-07-19T11:57:02.401+0000] {processor.py:830} INFO - Processing file /opt/airflow/dags/eda_airflow copy.py for tasks to queue
[2025-07-19T11:57:02.402+0000] {logging_mixin.py:188} INFO - [2025-07-19T11:57:02.402+0000] {dagbag.py:538} INFO - Filling up the DagBag from /opt/airflow/dags/eda_airflow copy.py
[2025-07-19T11:57:02.445+0000] {processor.py:840} INFO - DAG(s) 'launch_streamlit_dashboard' retrieved from /opt/airflow/dags/eda_airflow copy.py
[2025-07-19T11:57:03.915+0000] {logging_mixin.py:188} INFO - [2025-07-19T11:57:03.915+0000] {dag.py:3036} INFO - Sync 1 DAGs
[2025-07-19T11:57:04.023+0000] {logging_mixin.py:188} INFO - [2025-07-19T11:57:04.022+0000] {dag.py:3823} INFO - Setting next_dagrun for launch_streamlit_dashboard to None, run_after=None
[2025-07-19T11:57:04.305+0000] {processor.py:183} INFO - Processing /opt/airflow/dags/eda_airflow copy.py took 1.908 seconds
[2025-07-19T11:57:34.449+0000] {processor.py:161} INFO - Started process (PID=16331) to work on /opt/airflow/dags/eda_airflow copy.py
[2025-07-19T11:57:34.450+0000] {processor.py:830} INFO - Processing file /opt/airflow/dags/eda_airflow copy.py for tasks to queue
[2025-07-19T11:57:34.451+0000] {logging_mixin.py:188} INFO - [2025-07-19T11:57:34.451+0000] {dagbag.py:538} INFO - Filling up the DagBag from /opt/airflow/dags/eda_airflow copy.py
[2025-07-19T11:57:34.463+0000] {processor.py:840} INFO - DAG(s) 'launch_streamlit_dashboard' retrieved from /opt/airflow/dags/eda_airflow copy.py
[2025-07-19T11:57:34.488+0000] {logging_mixin.py:188} INFO - [2025-07-19T11:57:34.487+0000] {dag.py:3036} INFO - Sync 1 DAGs
[2025-07-19T11:57:34.499+0000] {logging_mixin.py:188} INFO - [2025-07-19T11:57:34.499+0000] {dag.py:3823} INFO - Setting next_dagrun for launch_streamlit_dashboard to None, run_after=None
[2025-07-19T11:57:34.541+0000] {processor.py:183} INFO - Processing /opt/airflow/dags/eda_airflow copy.py took 0.095 seconds
[2025-07-19T11:58:04.956+0000] {processor.py:161} INFO - Started process (PID=16356) to work on /opt/airflow/dags/eda_airflow copy.py
[2025-07-19T11:58:04.957+0000] {processor.py:830} INFO - Processing file /opt/airflow/dags/eda_airflow copy.py for tasks to queue
[2025-07-19T11:58:04.958+0000] {logging_mixin.py:188} INFO - [2025-07-19T11:58:04.958+0000] {dagbag.py:538} INFO - Filling up the DagBag from /opt/airflow/dags/eda_airflow copy.py
[2025-07-19T11:58:04.970+0000] {processor.py:840} INFO - DAG(s) 'launch_streamlit_dashboard' retrieved from /opt/airflow/dags/eda_airflow copy.py
[2025-07-19T11:58:04.981+0000] {logging_mixin.py:188} INFO - [2025-07-19T11:58:04.980+0000] {dag.py:3036} INFO - Sync 1 DAGs
[2025-07-19T11:58:04.993+0000] {logging_mixin.py:188} INFO - [2025-07-19T11:58:04.993+0000] {dag.py:3823} INFO - Setting next_dagrun for launch_streamlit_dashboard to None, run_after=None
[2025-07-19T11:58:05.020+0000] {processor.py:183} INFO - Processing /opt/airflow/dags/eda_airflow copy.py took 0.067 seconds
[2025-07-19T11:58:35.326+0000] {processor.py:161} INFO - Started process (PID=16381) to work on /opt/airflow/dags/eda_airflow copy.py
[2025-07-19T11:58:35.327+0000] {processor.py:830} INFO - Processing file /opt/airflow/dags/eda_airflow copy.py for tasks to queue
[2025-07-19T11:58:35.328+0000] {logging_mixin.py:188} INFO - [2025-07-19T11:58:35.328+0000] {dagbag.py:538} INFO - Filling up the DagBag from /opt/airflow/dags/eda_airflow copy.py
[2025-07-19T11:58:35.363+0000] {processor.py:840} INFO - DAG(s) 'launch_streamlit_dashboard' retrieved from /opt/airflow/dags/eda_airflow copy.py
[2025-07-19T11:58:35.464+0000] {logging_mixin.py:188} INFO - [2025-07-19T11:58:35.464+0000] {dag.py:3036} INFO - Sync 1 DAGs
[2025-07-19T11:58:35.474+0000] {logging_mixin.py:188} INFO - [2025-07-19T11:58:35.474+0000] {dag.py:3823} INFO - Setting next_dagrun for launch_streamlit_dashboard to None, run_after=None
[2025-07-19T11:58:35.502+0000] {processor.py:183} INFO - Processing /opt/airflow/dags/eda_airflow copy.py took 0.179 seconds
[2025-07-19T11:59:05.828+0000] {processor.py:161} INFO - Started process (PID=16406) to work on /opt/airflow/dags/eda_airflow copy.py
[2025-07-19T11:59:05.829+0000] {processor.py:830} INFO - Processing file /opt/airflow/dags/eda_airflow copy.py for tasks to queue
[2025-07-19T11:59:05.830+0000] {logging_mixin.py:188} INFO - [2025-07-19T11:59:05.829+0000] {dagbag.py:538} INFO - Filling up the DagBag from /opt/airflow/dags/eda_airflow copy.py
[2025-07-19T11:59:05.841+0000] {processor.py:840} INFO - DAG(s) 'launch_streamlit_dashboard' retrieved from /opt/airflow/dags/eda_airflow copy.py
[2025-07-19T11:59:05.867+0000] {logging_mixin.py:188} INFO - [2025-07-19T11:59:05.866+0000] {dag.py:3036} INFO - Sync 1 DAGs
[2025-07-19T11:59:05.877+0000] {logging_mixin.py:188} INFO - [2025-07-19T11:59:05.877+0000] {dag.py:3823} INFO - Setting next_dagrun for launch_streamlit_dashboard to None, run_after=None
[2025-07-19T11:59:05.899+0000] {processor.py:183} INFO - Processing /opt/airflow/dags/eda_airflow copy.py took 0.074 seconds
[2025-07-19T11:59:36.306+0000] {processor.py:161} INFO - Started process (PID=16431) to work on /opt/airflow/dags/eda_airflow copy.py
[2025-07-19T11:59:36.307+0000] {processor.py:830} INFO - Processing file /opt/airflow/dags/eda_airflow copy.py for tasks to queue
[2025-07-19T11:59:36.307+0000] {logging_mixin.py:188} INFO - [2025-07-19T11:59:36.307+0000] {dagbag.py:538} INFO - Filling up the DagBag from /opt/airflow/dags/eda_airflow copy.py
[2025-07-19T11:59:36.318+0000] {processor.py:840} INFO - DAG(s) 'launch_streamlit_dashboard' retrieved from /opt/airflow/dags/eda_airflow copy.py
[2025-07-19T11:59:36.329+0000] {logging_mixin.py:188} INFO - [2025-07-19T11:59:36.328+0000] {dag.py:3036} INFO - Sync 1 DAGs
[2025-07-19T11:59:36.343+0000] {logging_mixin.py:188} INFO - [2025-07-19T11:59:36.342+0000] {dag.py:3823} INFO - Setting next_dagrun for launch_streamlit_dashboard to None, run_after=None
[2025-07-19T11:59:36.367+0000] {processor.py:183} INFO - Processing /opt/airflow/dags/eda_airflow copy.py took 0.065 seconds
[2025-07-19T12:00:06.765+0000] {processor.py:161} INFO - Started process (PID=16456) to work on /opt/airflow/dags/eda_airflow copy.py
[2025-07-19T12:00:06.767+0000] {processor.py:830} INFO - Processing file /opt/airflow/dags/eda_airflow copy.py for tasks to queue
[2025-07-19T12:00:06.769+0000] {logging_mixin.py:188} INFO - [2025-07-19T12:00:06.768+0000] {dagbag.py:538} INFO - Filling up the DagBag from /opt/airflow/dags/eda_airflow copy.py
[2025-07-19T12:00:06.792+0000] {processor.py:840} INFO - DAG(s) 'launch_streamlit_dashboard' retrieved from /opt/airflow/dags/eda_airflow copy.py
[2025-07-19T12:00:06.924+0000] {logging_mixin.py:188} INFO - [2025-07-19T12:00:06.924+0000] {dag.py:3036} INFO - Sync 1 DAGs
[2025-07-19T12:00:06.935+0000] {logging_mixin.py:188} INFO - [2025-07-19T12:00:06.935+0000] {dag.py:3823} INFO - Setting next_dagrun for launch_streamlit_dashboard to None, run_after=None
[2025-07-19T12:00:06.959+0000] {processor.py:183} INFO - Processing /opt/airflow/dags/eda_airflow copy.py took 0.200 seconds
[2025-07-19T12:00:37.295+0000] {processor.py:161} INFO - Started process (PID=16481) to work on /opt/airflow/dags/eda_airflow copy.py
[2025-07-19T12:00:37.296+0000] {processor.py:830} INFO - Processing file /opt/airflow/dags/eda_airflow copy.py for tasks to queue
[2025-07-19T12:00:37.297+0000] {logging_mixin.py:188} INFO - [2025-07-19T12:00:37.297+0000] {dagbag.py:538} INFO - Filling up the DagBag from /opt/airflow/dags/eda_airflow copy.py
[2025-07-19T12:00:37.309+0000] {processor.py:840} INFO - DAG(s) 'launch_streamlit_dashboard' retrieved from /opt/airflow/dags/eda_airflow copy.py
[2025-07-19T12:00:37.334+0000] {logging_mixin.py:188} INFO - [2025-07-19T12:00:37.334+0000] {dag.py:3036} INFO - Sync 1 DAGs
[2025-07-19T12:00:37.346+0000] {logging_mixin.py:188} INFO - [2025-07-19T12:00:37.346+0000] {dag.py:3823} INFO - Setting next_dagrun for launch_streamlit_dashboard to None, run_after=None
[2025-07-19T12:00:37.370+0000] {processor.py:183} INFO - Processing /opt/airflow/dags/eda_airflow copy.py took 0.078 seconds
[2025-07-19T12:01:07.919+0000] {processor.py:161} INFO - Started process (PID=16506) to work on /opt/airflow/dags/eda_airflow copy.py
[2025-07-19T12:01:07.920+0000] {processor.py:830} INFO - Processing file /opt/airflow/dags/eda_airflow copy.py for tasks to queue
[2025-07-19T12:01:07.921+0000] {logging_mixin.py:188} INFO - [2025-07-19T12:01:07.921+0000] {dagbag.py:538} INFO - Filling up the DagBag from /opt/airflow/dags/eda_airflow copy.py
[2025-07-19T12:01:07.934+0000] {processor.py:840} INFO - DAG(s) 'launch_streamlit_dashboard' retrieved from /opt/airflow/dags/eda_airflow copy.py
[2025-07-19T12:01:07.947+0000] {logging_mixin.py:188} INFO - [2025-07-19T12:01:07.946+0000] {dag.py:3036} INFO - Sync 1 DAGs
[2025-07-19T12:01:07.963+0000] {logging_mixin.py:188} INFO - [2025-07-19T12:01:07.963+0000] {dag.py:3823} INFO - Setting next_dagrun for launch_streamlit_dashboard to None, run_after=None
[2025-07-19T12:01:07.992+0000] {processor.py:183} INFO - Processing /opt/airflow/dags/eda_airflow copy.py took 0.076 seconds
[2025-07-19T12:01:38.447+0000] {processor.py:161} INFO - Started process (PID=16531) to work on /opt/airflow/dags/eda_airflow copy.py
[2025-07-19T12:01:38.448+0000] {processor.py:830} INFO - Processing file /opt/airflow/dags/eda_airflow copy.py for tasks to queue
[2025-07-19T12:01:38.449+0000] {logging_mixin.py:188} INFO - [2025-07-19T12:01:38.449+0000] {dagbag.py:538} INFO - Filling up the DagBag from /opt/airflow/dags/eda_airflow copy.py
[2025-07-19T12:01:38.462+0000] {processor.py:840} INFO - DAG(s) 'launch_streamlit_dashboard' retrieved from /opt/airflow/dags/eda_airflow copy.py
[2025-07-19T12:01:38.582+0000] {logging_mixin.py:188} INFO - [2025-07-19T12:01:38.581+0000] {dag.py:3036} INFO - Sync 1 DAGs
[2025-07-19T12:01:38.592+0000] {logging_mixin.py:188} INFO - [2025-07-19T12:01:38.592+0000] {dag.py:3823} INFO - Setting next_dagrun for launch_streamlit_dashboard to None, run_after=None
[2025-07-19T12:01:38.620+0000] {processor.py:183} INFO - Processing /opt/airflow/dags/eda_airflow copy.py took 0.176 seconds
[2025-07-19T12:02:08.965+0000] {processor.py:161} INFO - Started process (PID=16556) to work on /opt/airflow/dags/eda_airflow copy.py
[2025-07-19T12:02:08.966+0000] {processor.py:830} INFO - Processing file /opt/airflow/dags/eda_airflow copy.py for tasks to queue
[2025-07-19T12:02:08.967+0000] {logging_mixin.py:188} INFO - [2025-07-19T12:02:08.967+0000] {dagbag.py:538} INFO - Filling up the DagBag from /opt/airflow/dags/eda_airflow copy.py
[2025-07-19T12:02:08.978+0000] {processor.py:840} INFO - DAG(s) 'launch_streamlit_dashboard' retrieved from /opt/airflow/dags/eda_airflow copy.py
[2025-07-19T12:02:09.009+0000] {logging_mixin.py:188} INFO - [2025-07-19T12:02:09.009+0000] {dag.py:3036} INFO - Sync 1 DAGs
[2025-07-19T12:02:09.023+0000] {logging_mixin.py:188} INFO - [2025-07-19T12:02:09.023+0000] {dag.py:3823} INFO - Setting next_dagrun for launch_streamlit_dashboard to None, run_after=None
[2025-07-19T12:02:09.050+0000] {processor.py:183} INFO - Processing /opt/airflow/dags/eda_airflow copy.py took 0.089 seconds
[2025-07-19T12:02:39.464+0000] {processor.py:161} INFO - Started process (PID=16581) to work on /opt/airflow/dags/eda_airflow copy.py
[2025-07-19T12:02:39.465+0000] {processor.py:830} INFO - Processing file /opt/airflow/dags/eda_airflow copy.py for tasks to queue
[2025-07-19T12:02:39.467+0000] {logging_mixin.py:188} INFO - [2025-07-19T12:02:39.466+0000] {dagbag.py:538} INFO - Filling up the DagBag from /opt/airflow/dags/eda_airflow copy.py
[2025-07-19T12:02:39.479+0000] {processor.py:840} INFO - DAG(s) 'launch_streamlit_dashboard' retrieved from /opt/airflow/dags/eda_airflow copy.py
[2025-07-19T12:02:39.493+0000] {logging_mixin.py:188} INFO - [2025-07-19T12:02:39.493+0000] {dag.py:3036} INFO - Sync 1 DAGs
[2025-07-19T12:02:39.509+0000] {logging_mixin.py:188} INFO - [2025-07-19T12:02:39.509+0000] {dag.py:3823} INFO - Setting next_dagrun for launch_streamlit_dashboard to None, run_after=None
[2025-07-19T12:02:39.534+0000] {processor.py:183} INFO - Processing /opt/airflow/dags/eda_airflow copy.py took 0.075 seconds
[2025-07-19T12:03:10.031+0000] {processor.py:161} INFO - Started process (PID=16606) to work on /opt/airflow/dags/eda_airflow copy.py
[2025-07-19T12:03:10.032+0000] {processor.py:830} INFO - Processing file /opt/airflow/dags/eda_airflow copy.py for tasks to queue
[2025-07-19T12:03:10.033+0000] {logging_mixin.py:188} INFO - [2025-07-19T12:03:10.033+0000] {dagbag.py:538} INFO - Filling up the DagBag from /opt/airflow/dags/eda_airflow copy.py
[2025-07-19T12:03:10.047+0000] {processor.py:840} INFO - DAG(s) 'launch_streamlit_dashboard' retrieved from /opt/airflow/dags/eda_airflow copy.py
[2025-07-19T12:03:10.160+0000] {logging_mixin.py:188} INFO - [2025-07-19T12:03:10.160+0000] {dag.py:3036} INFO - Sync 1 DAGs
[2025-07-19T12:03:10.171+0000] {logging_mixin.py:188} INFO - [2025-07-19T12:03:10.171+0000] {dag.py:3823} INFO - Setting next_dagrun for launch_streamlit_dashboard to None, run_after=None
[2025-07-19T12:03:10.194+0000] {processor.py:183} INFO - Processing /opt/airflow/dags/eda_airflow copy.py took 0.166 seconds
[2025-07-19T12:03:40.504+0000] {processor.py:161} INFO - Started process (PID=16631) to work on /opt/airflow/dags/eda_airflow copy.py
[2025-07-19T12:03:40.505+0000] {processor.py:830} INFO - Processing file /opt/airflow/dags/eda_airflow copy.py for tasks to queue
[2025-07-19T12:03:40.506+0000] {logging_mixin.py:188} INFO - [2025-07-19T12:03:40.506+0000] {dagbag.py:538} INFO - Filling up the DagBag from /opt/airflow/dags/eda_airflow copy.py
[2025-07-19T12:03:40.518+0000] {processor.py:840} INFO - DAG(s) 'launch_streamlit_dashboard' retrieved from /opt/airflow/dags/eda_airflow copy.py
[2025-07-19T12:03:40.544+0000] {logging_mixin.py:188} INFO - [2025-07-19T12:03:40.544+0000] {dag.py:3036} INFO - Sync 1 DAGs
[2025-07-19T12:03:40.593+0000] {logging_mixin.py:188} INFO - [2025-07-19T12:03:40.592+0000] {dag.py:3823} INFO - Setting next_dagrun for launch_streamlit_dashboard to None, run_after=None
[2025-07-19T12:03:41.217+0000] {processor.py:183} INFO - Processing /opt/airflow/dags/eda_airflow copy.py took 0.716 seconds
[2025-07-19T12:04:11.779+0000] {processor.py:161} INFO - Started process (PID=16656) to work on /opt/airflow/dags/eda_airflow copy.py
[2025-07-19T12:04:11.781+0000] {processor.py:830} INFO - Processing file /opt/airflow/dags/eda_airflow copy.py for tasks to queue
[2025-07-19T12:04:11.782+0000] {logging_mixin.py:188} INFO - [2025-07-19T12:04:11.782+0000] {dagbag.py:538} INFO - Filling up the DagBag from /opt/airflow/dags/eda_airflow copy.py
[2025-07-19T12:04:11.809+0000] {processor.py:840} INFO - DAG(s) 'launch_streamlit_dashboard' retrieved from /opt/airflow/dags/eda_airflow copy.py
[2025-07-19T12:04:11.830+0000] {logging_mixin.py:188} INFO - [2025-07-19T12:04:11.829+0000] {dag.py:3036} INFO - Sync 1 DAGs
[2025-07-19T12:04:11.849+0000] {logging_mixin.py:188} INFO - [2025-07-19T12:04:11.848+0000] {dag.py:3823} INFO - Setting next_dagrun for launch_streamlit_dashboard to None, run_after=None
[2025-07-19T12:04:11.890+0000] {processor.py:183} INFO - Processing /opt/airflow/dags/eda_airflow copy.py took 0.114 seconds
[2025-07-19T12:04:53.777+0000] {processor.py:161} INFO - Started process (PID=16681) to work on /opt/airflow/dags/eda_airflow copy.py
[2025-07-19T12:04:55.737+0000] {processor.py:830} INFO - Processing file /opt/airflow/dags/eda_airflow copy.py for tasks to queue
[2025-07-19T12:04:56.618+0000] {logging_mixin.py:188} INFO - [2025-07-19T12:04:56.487+0000] {dagbag.py:538} INFO - Filling up the DagBag from /opt/airflow/dags/eda_airflow copy.py
[2025-07-19T12:05:01.247+0000] {processor.py:840} INFO - DAG(s) 'launch_streamlit_dashboard' retrieved from /opt/airflow/dags/eda_airflow copy.py
[2025-07-19T12:05:23.821+0000] {logging_mixin.py:188} INFO - [2025-07-19T12:05:23.820+0000] {dag.py:3036} INFO - Sync 1 DAGs
[2025-07-19T12:05:23.862+0000] {logging_mixin.py:188} INFO - [2025-07-19T12:05:23.861+0000] {dag.py:3823} INFO - Setting next_dagrun for launch_streamlit_dashboard to None, run_after=None
[2025-07-19T12:05:26.535+0000] {processor.py:183} INFO - Processing /opt/airflow/dags/eda_airflow copy.py took 42.823 seconds
[2025-07-19T12:05:57.099+0000] {processor.py:161} INFO - Started process (PID=16711) to work on /opt/airflow/dags/eda_airflow copy.py
[2025-07-19T12:05:57.100+0000] {processor.py:830} INFO - Processing file /opt/airflow/dags/eda_airflow copy.py for tasks to queue
[2025-07-19T12:05:57.101+0000] {logging_mixin.py:188} INFO - [2025-07-19T12:05:57.101+0000] {dagbag.py:538} INFO - Filling up the DagBag from /opt/airflow/dags/eda_airflow copy.py
[2025-07-19T12:05:57.112+0000] {processor.py:840} INFO - DAG(s) 'launch_streamlit_dashboard' retrieved from /opt/airflow/dags/eda_airflow copy.py
[2025-07-19T12:05:57.137+0000] {logging_mixin.py:188} INFO - [2025-07-19T12:05:57.136+0000] {dag.py:3036} INFO - Sync 1 DAGs
[2025-07-19T12:05:57.149+0000] {logging_mixin.py:188} INFO - [2025-07-19T12:05:57.149+0000] {dag.py:3823} INFO - Setting next_dagrun for launch_streamlit_dashboard to None, run_after=None
[2025-07-19T12:05:57.172+0000] {processor.py:183} INFO - Processing /opt/airflow/dags/eda_airflow copy.py took 0.076 seconds
[2025-07-19T12:06:35.467+0000] {processor.py:161} INFO - Started process (PID=16734) to work on /opt/airflow/dags/eda_airflow copy.py
[2025-07-19T12:06:36.683+0000] {processor.py:830} INFO - Processing file /opt/airflow/dags/eda_airflow copy.py for tasks to queue
[2025-07-19T12:06:37.042+0000] {logging_mixin.py:188} INFO - [2025-07-19T12:06:36.952+0000] {dagbag.py:538} INFO - Filling up the DagBag from /opt/airflow/dags/eda_airflow copy.py
[2025-07-19T12:06:42.358+0000] {processor.py:840} INFO - DAG(s) 'launch_streamlit_dashboard' retrieved from /opt/airflow/dags/eda_airflow copy.py
[2025-07-19T12:06:52.176+0000] {logging_mixin.py:188} INFO - [2025-07-19T12:06:52.175+0000] {dag.py:3036} INFO - Sync 1 DAGs
[2025-07-19T12:06:52.187+0000] {logging_mixin.py:188} INFO - [2025-07-19T12:06:52.186+0000] {dag.py:3823} INFO - Setting next_dagrun for launch_streamlit_dashboard to None, run_after=None
[2025-07-19T12:06:52.210+0000] {processor.py:183} INFO - Processing /opt/airflow/dags/eda_airflow copy.py took 20.506 seconds
[2025-07-19T12:07:10.073+0000] {processor.py:161} INFO - Started process (PID=16756) to work on /opt/airflow/dags/eda_airflow copy.py
[2025-07-19T12:07:10.074+0000] {processor.py:830} INFO - Processing file /opt/airflow/dags/eda_airflow copy.py for tasks to queue
[2025-07-19T12:07:10.075+0000] {logging_mixin.py:188} INFO - [2025-07-19T12:07:10.074+0000] {dagbag.py:538} INFO - Filling up the DagBag from /opt/airflow/dags/eda_airflow copy.py
[2025-07-19T12:07:10.455+0000] {processor.py:840} INFO - DAG(s) 'launch_streamlit_dashboard' retrieved from /opt/airflow/dags/eda_airflow copy.py
[2025-07-19T12:07:10.475+0000] {logging_mixin.py:188} INFO - [2025-07-19T12:07:10.474+0000] {dag.py:3036} INFO - Sync 1 DAGs
[2025-07-19T12:07:10.489+0000] {logging_mixin.py:188} INFO - [2025-07-19T12:07:10.489+0000] {dag.py:3823} INFO - Setting next_dagrun for launch_streamlit_dashboard to None, run_after=None
[2025-07-19T12:07:10.806+0000] {processor.py:183} INFO - Processing /opt/airflow/dags/eda_airflow copy.py took 0.736 seconds
[2025-07-19T12:07:15.612+0000] {processor.py:161} INFO - Started process (PID=16766) to work on /opt/airflow/dags/eda_airflow copy.py
[2025-07-19T12:07:15.613+0000] {processor.py:830} INFO - Processing file /opt/airflow/dags/eda_airflow copy.py for tasks to queue
[2025-07-19T12:07:15.614+0000] {logging_mixin.py:188} INFO - [2025-07-19T12:07:15.614+0000] {dagbag.py:538} INFO - Filling up the DagBag from /opt/airflow/dags/eda_airflow copy.py
[2025-07-19T12:07:15.740+0000] {processor.py:840} INFO - DAG(s) 'launch_streamlit_dashboard' retrieved from /opt/airflow/dags/eda_airflow copy.py
[2025-07-19T12:07:15.753+0000] {logging_mixin.py:188} INFO - [2025-07-19T12:07:15.753+0000] {dag.py:3036} INFO - Sync 1 DAGs
[2025-07-19T12:07:15.781+0000] {logging_mixin.py:188} INFO - [2025-07-19T12:07:15.780+0000] {dag.py:3823} INFO - Setting next_dagrun for launch_streamlit_dashboard to None, run_after=None
[2025-07-19T12:07:16.020+0000] {processor.py:183} INFO - Processing /opt/airflow/dags/eda_airflow copy.py took 0.411 seconds
[2025-07-19T12:07:18.086+0000] {processor.py:161} INFO - Started process (PID=16771) to work on /opt/airflow/dags/eda_airflow copy.py
[2025-07-19T12:07:18.087+0000] {processor.py:830} INFO - Processing file /opt/airflow/dags/eda_airflow copy.py for tasks to queue
[2025-07-19T12:07:18.088+0000] {logging_mixin.py:188} INFO - [2025-07-19T12:07:18.088+0000] {dagbag.py:538} INFO - Filling up the DagBag from /opt/airflow/dags/eda_airflow copy.py
[2025-07-19T12:07:18.241+0000] {processor.py:840} INFO - DAG(s) 'launch_streamlit_dashboard' retrieved from /opt/airflow/dags/eda_airflow copy.py
[2025-07-19T12:07:18.253+0000] {logging_mixin.py:188} INFO - [2025-07-19T12:07:18.253+0000] {dag.py:3036} INFO - Sync 1 DAGs
[2025-07-19T12:07:18.267+0000] {logging_mixin.py:188} INFO - [2025-07-19T12:07:18.267+0000] {dag.py:3823} INFO - Setting next_dagrun for launch_streamlit_dashboard to None, run_after=None
[2025-07-19T12:07:18.348+0000] {processor.py:183} INFO - Processing /opt/airflow/dags/eda_airflow copy.py took 0.266 seconds
[2025-07-19T12:07:19.666+0000] {processor.py:161} INFO - Started process (PID=16776) to work on /opt/airflow/dags/eda_airflow copy.py
[2025-07-19T12:07:19.667+0000] {processor.py:830} INFO - Processing file /opt/airflow/dags/eda_airflow copy.py for tasks to queue
[2025-07-19T12:07:19.668+0000] {logging_mixin.py:188} INFO - [2025-07-19T12:07:19.668+0000] {dagbag.py:538} INFO - Filling up the DagBag from /opt/airflow/dags/eda_airflow copy.py
[2025-07-19T12:07:19.770+0000] {processor.py:840} INFO - DAG(s) 'launch_streamlit_dashboard' retrieved from /opt/airflow/dags/eda_airflow copy.py
[2025-07-19T12:07:19.781+0000] {logging_mixin.py:188} INFO - [2025-07-19T12:07:19.781+0000] {dag.py:3036} INFO - Sync 1 DAGs
[2025-07-19T12:07:29.324+0000] {logging_mixin.py:188} INFO - [2025-07-19T12:07:29.324+0000] {dag.py:3823} INFO - Setting next_dagrun for launch_streamlit_dashboard to None, run_after=None
[2025-07-19T12:07:38.269+0000] {processor.py:183} INFO - Processing /opt/airflow/dags/eda_airflow copy.py took 18.626 seconds
[2025-07-19T12:07:55.269+0000] {processor.py:161} INFO - Started process (PID=16799) to work on /opt/airflow/dags/eda_airflow copy.py
[2025-07-19T12:07:55.270+0000] {processor.py:830} INFO - Processing file /opt/airflow/dags/eda_airflow copy.py for tasks to queue
[2025-07-19T12:07:55.271+0000] {logging_mixin.py:188} INFO - [2025-07-19T12:07:55.270+0000] {dagbag.py:538} INFO - Filling up the DagBag from /opt/airflow/dags/eda_airflow copy.py
[2025-07-19T12:07:55.334+0000] {processor.py:840} INFO - DAG(s) 'launch_streamlit_dashboard' retrieved from /opt/airflow/dags/eda_airflow copy.py
[2025-07-19T12:07:55.348+0000] {logging_mixin.py:188} INFO - [2025-07-19T12:07:55.348+0000] {dag.py:3036} INFO - Sync 1 DAGs
[2025-07-19T12:07:55.361+0000] {logging_mixin.py:188} INFO - [2025-07-19T12:07:55.361+0000] {dag.py:3823} INFO - Setting next_dagrun for launch_streamlit_dashboard to None, run_after=None
[2025-07-19T12:08:00.976+0000] {processor.py:183} INFO - Processing /opt/airflow/dags/eda_airflow copy.py took 5.760 seconds
[2025-07-19T12:08:31.668+0000] {processor.py:161} INFO - Started process (PID=16826) to work on /opt/airflow/dags/eda_airflow copy.py
[2025-07-19T12:08:31.669+0000] {processor.py:830} INFO - Processing file /opt/airflow/dags/eda_airflow copy.py for tasks to queue
[2025-07-19T12:08:31.670+0000] {logging_mixin.py:188} INFO - [2025-07-19T12:08:31.669+0000] {dagbag.py:538} INFO - Filling up the DagBag from /opt/airflow/dags/eda_airflow copy.py
[2025-07-19T12:08:31.679+0000] {processor.py:840} INFO - DAG(s) 'launch_streamlit_dashboard' retrieved from /opt/airflow/dags/eda_airflow copy.py
[2025-07-19T12:09:52.413+0000] {processor.py:161} INFO - Started process (PID=16849) to work on /opt/airflow/dags/eda_airflow copy.py
[2025-07-19T12:09:52.414+0000] {processor.py:830} INFO - Processing file /opt/airflow/dags/eda_airflow copy.py for tasks to queue
[2025-07-19T12:09:52.415+0000] {logging_mixin.py:188} INFO - [2025-07-19T12:09:52.415+0000] {dagbag.py:538} INFO - Filling up the DagBag from /opt/airflow/dags/eda_airflow copy.py
[2025-07-19T12:09:52.436+0000] {processor.py:840} INFO - DAG(s) 'launch_streamlit_dashboard' retrieved from /opt/airflow/dags/eda_airflow copy.py
[2025-07-19T12:11:38.912+0000] {processor.py:161} INFO - Started process (PID=16895) to work on /opt/airflow/dags/eda_airflow copy.py
[2025-07-19T12:11:38.913+0000] {processor.py:830} INFO - Processing file /opt/airflow/dags/eda_airflow copy.py for tasks to queue
[2025-07-19T12:11:38.914+0000] {logging_mixin.py:188} INFO - [2025-07-19T12:11:38.913+0000] {dagbag.py:538} INFO - Filling up the DagBag from /opt/airflow/dags/eda_airflow copy.py
[2025-07-19T12:11:38.935+0000] {processor.py:840} INFO - DAG(s) 'launch_streamlit_dashboard' retrieved from /opt/airflow/dags/eda_airflow copy.py
[2025-07-19T12:12:59.055+0000] {processor.py:161} INFO - Started process (PID=16919) to work on /opt/airflow/dags/eda_airflow copy.py
[2025-07-19T12:12:59.055+0000] {processor.py:830} INFO - Processing file /opt/airflow/dags/eda_airflow copy.py for tasks to queue
[2025-07-19T12:12:59.057+0000] {logging_mixin.py:188} INFO - [2025-07-19T12:12:59.057+0000] {dagbag.py:538} INFO - Filling up the DagBag from /opt/airflow/dags/eda_airflow copy.py
[2025-07-19T12:12:59.348+0000] {processor.py:840} INFO - DAG(s) 'launch_streamlit_dashboard' retrieved from /opt/airflow/dags/eda_airflow copy.py
[2025-07-19T12:14:19.130+0000] {processor.py:161} INFO - Started process (PID=16948) to work on /opt/airflow/dags/eda_airflow copy.py
[2025-07-19T12:14:19.131+0000] {processor.py:830} INFO - Processing file /opt/airflow/dags/eda_airflow copy.py for tasks to queue
[2025-07-19T12:14:19.133+0000] {logging_mixin.py:188} INFO - [2025-07-19T12:14:19.132+0000] {dagbag.py:538} INFO - Filling up the DagBag from /opt/airflow/dags/eda_airflow copy.py
[2025-07-19T12:14:19.240+0000] {processor.py:840} INFO - DAG(s) 'launch_streamlit_dashboard' retrieved from /opt/airflow/dags/eda_airflow copy.py
[2025-07-19T12:16:15.167+0000] {processor.py:161} INFO - Started process (PID=16975) to work on /opt/airflow/dags/eda_airflow copy.py
[2025-07-19T12:16:15.168+0000] {processor.py:830} INFO - Processing file /opt/airflow/dags/eda_airflow copy.py for tasks to queue
[2025-07-19T12:16:15.168+0000] {logging_mixin.py:188} INFO - [2025-07-19T12:16:15.168+0000] {dagbag.py:538} INFO - Filling up the DagBag from /opt/airflow/dags/eda_airflow copy.py
[2025-07-19T12:16:15.178+0000] {processor.py:840} INFO - DAG(s) 'launch_streamlit_dashboard' retrieved from /opt/airflow/dags/eda_airflow copy.py
[2025-07-19T12:41:53.292+0000] {processor.py:161} INFO - Started process (PID=184) to work on /opt/airflow/dags/eda_airflow copy.py
[2025-07-19T12:41:53.295+0000] {processor.py:830} INFO - Processing file /opt/airflow/dags/eda_airflow copy.py for tasks to queue
[2025-07-19T12:41:53.296+0000] {logging_mixin.py:188} INFO - [2025-07-19T12:41:53.296+0000] {dagbag.py:538} INFO - Filling up the DagBag from /opt/airflow/dags/eda_airflow copy.py
[2025-07-19T12:41:53.345+0000] {processor.py:840} INFO - DAG(s) 'launch_streamlit_dashboard' retrieved from /opt/airflow/dags/eda_airflow copy.py
[2025-07-19T12:41:53.907+0000] {logging_mixin.py:188} INFO - [2025-07-19T12:41:53.906+0000] {dag.py:3036} INFO - Sync 1 DAGs
[2025-07-19T12:41:53.938+0000] {logging_mixin.py:188} INFO - [2025-07-19T12:41:53.938+0000] {dag.py:3823} INFO - Setting next_dagrun for launch_streamlit_dashboard to None, run_after=None
[2025-07-19T12:41:54.035+0000] {processor.py:183} INFO - Processing /opt/airflow/dags/eda_airflow copy.py took 0.751 seconds
[2025-07-19T12:42:25.409+0000] {processor.py:161} INFO - Started process (PID=214) to work on /opt/airflow/dags/eda_airflow copy.py
[2025-07-19T12:42:25.410+0000] {processor.py:830} INFO - Processing file /opt/airflow/dags/eda_airflow copy.py for tasks to queue
[2025-07-19T12:42:25.412+0000] {logging_mixin.py:188} INFO - [2025-07-19T12:42:25.411+0000] {dagbag.py:538} INFO - Filling up the DagBag from /opt/airflow/dags/eda_airflow copy.py
[2025-07-19T12:42:25.478+0000] {processor.py:840} INFO - DAG(s) 'launch_streamlit_dashboard' retrieved from /opt/airflow/dags/eda_airflow copy.py
[2025-07-19T12:42:26.124+0000] {logging_mixin.py:188} INFO - [2025-07-19T12:42:26.123+0000] {dag.py:3036} INFO - Sync 1 DAGs
[2025-07-19T12:42:26.135+0000] {logging_mixin.py:188} INFO - [2025-07-19T12:42:26.134+0000] {dag.py:3823} INFO - Setting next_dagrun for launch_streamlit_dashboard to None, run_after=None
[2025-07-19T12:42:26.738+0000] {processor.py:183} INFO - Processing /opt/airflow/dags/eda_airflow copy.py took 1.334 seconds
[2025-07-19T12:42:58.086+0000] {processor.py:161} INFO - Started process (PID=244) to work on /opt/airflow/dags/eda_airflow copy.py
[2025-07-19T12:42:58.088+0000] {processor.py:830} INFO - Processing file /opt/airflow/dags/eda_airflow copy.py for tasks to queue
[2025-07-19T12:42:58.089+0000] {logging_mixin.py:188} INFO - [2025-07-19T12:42:58.089+0000] {dagbag.py:538} INFO - Filling up the DagBag from /opt/airflow/dags/eda_airflow copy.py
[2025-07-19T12:42:58.341+0000] {processor.py:840} INFO - DAG(s) 'launch_streamlit_dashboard' retrieved from /opt/airflow/dags/eda_airflow copy.py
[2025-07-19T12:42:59.998+0000] {logging_mixin.py:188} INFO - [2025-07-19T12:42:59.998+0000] {dag.py:3036} INFO - Sync 1 DAGs
[2025-07-19T12:43:00.247+0000] {logging_mixin.py:188} INFO - [2025-07-19T12:43:00.247+0000] {dag.py:3823} INFO - Setting next_dagrun for launch_streamlit_dashboard to None, run_after=None
[2025-07-19T12:43:02.398+0000] {processor.py:183} INFO - Processing /opt/airflow/dags/eda_airflow copy.py took 4.316 seconds
[2025-07-19T12:43:33.961+0000] {processor.py:161} INFO - Started process (PID=281) to work on /opt/airflow/dags/eda_airflow copy.py
[2025-07-19T12:43:33.962+0000] {processor.py:830} INFO - Processing file /opt/airflow/dags/eda_airflow copy.py for tasks to queue
[2025-07-19T12:43:33.963+0000] {logging_mixin.py:188} INFO - [2025-07-19T12:43:33.963+0000] {dagbag.py:538} INFO - Filling up the DagBag from /opt/airflow/dags/eda_airflow copy.py
[2025-07-19T12:43:33.983+0000] {processor.py:840} INFO - DAG(s) 'launch_streamlit_dashboard' retrieved from /opt/airflow/dags/eda_airflow copy.py
[2025-07-19T12:43:33.999+0000] {logging_mixin.py:188} INFO - [2025-07-19T12:43:33.999+0000] {dag.py:3036} INFO - Sync 1 DAGs
[2025-07-19T12:43:34.014+0000] {logging_mixin.py:188} INFO - [2025-07-19T12:43:34.014+0000] {dag.py:3823} INFO - Setting next_dagrun for launch_streamlit_dashboard to None, run_after=None
[2025-07-19T12:43:34.249+0000] {processor.py:183} INFO - Processing /opt/airflow/dags/eda_airflow copy.py took 0.291 seconds
[2025-07-19T12:46:45.759+0000] {processor.py:161} INFO - Started process (PID=184) to work on /opt/airflow/dags/eda_airflow copy.py
[2025-07-19T12:46:45.762+0000] {processor.py:830} INFO - Processing file /opt/airflow/dags/eda_airflow copy.py for tasks to queue
[2025-07-19T12:46:45.763+0000] {logging_mixin.py:188} INFO - [2025-07-19T12:46:45.763+0000] {dagbag.py:538} INFO - Filling up the DagBag from /opt/airflow/dags/eda_airflow copy.py
[2025-07-19T12:46:45.815+0000] {processor.py:840} INFO - DAG(s) 'launch_streamlit_dashboard' retrieved from /opt/airflow/dags/eda_airflow copy.py
[2025-07-19T12:46:46.167+0000] {logging_mixin.py:188} INFO - [2025-07-19T12:46:46.167+0000] {dag.py:3036} INFO - Sync 1 DAGs
[2025-07-19T12:46:46.178+0000] {logging_mixin.py:188} INFO - [2025-07-19T12:46:46.178+0000] {dag.py:3823} INFO - Setting next_dagrun for launch_streamlit_dashboard to None, run_after=None
[2025-07-19T12:46:46.198+0000] {processor.py:183} INFO - Processing /opt/airflow/dags/eda_airflow copy.py took 0.446 seconds
[2025-07-19T12:47:16.611+0000] {processor.py:161} INFO - Started process (PID=214) to work on /opt/airflow/dags/eda_airflow copy.py
[2025-07-19T12:47:16.612+0000] {processor.py:830} INFO - Processing file /opt/airflow/dags/eda_airflow copy.py for tasks to queue
[2025-07-19T12:47:16.612+0000] {logging_mixin.py:188} INFO - [2025-07-19T12:47:16.612+0000] {dagbag.py:538} INFO - Filling up the DagBag from /opt/airflow/dags/eda_airflow copy.py
[2025-07-19T12:47:16.633+0000] {processor.py:840} INFO - DAG(s) 'launch_streamlit_dashboard' retrieved from /opt/airflow/dags/eda_airflow copy.py
[2025-07-19T12:47:16.647+0000] {logging_mixin.py:188} INFO - [2025-07-19T12:47:16.647+0000] {dag.py:3036} INFO - Sync 1 DAGs
[2025-07-19T12:47:16.664+0000] {logging_mixin.py:188} INFO - [2025-07-19T12:47:16.663+0000] {dag.py:3823} INFO - Setting next_dagrun for launch_streamlit_dashboard to None, run_after=None
[2025-07-19T12:47:16.694+0000] {processor.py:183} INFO - Processing /opt/airflow/dags/eda_airflow copy.py took 0.086 seconds
[2025-07-19T12:47:47.186+0000] {processor.py:161} INFO - Started process (PID=244) to work on /opt/airflow/dags/eda_airflow copy.py
[2025-07-19T12:47:47.187+0000] {processor.py:830} INFO - Processing file /opt/airflow/dags/eda_airflow copy.py for tasks to queue
[2025-07-19T12:47:47.188+0000] {logging_mixin.py:188} INFO - [2025-07-19T12:47:47.188+0000] {dagbag.py:538} INFO - Filling up the DagBag from /opt/airflow/dags/eda_airflow copy.py
[2025-07-19T12:47:47.214+0000] {processor.py:840} INFO - DAG(s) 'launch_streamlit_dashboard' retrieved from /opt/airflow/dags/eda_airflow copy.py
[2025-07-19T12:47:47.264+0000] {logging_mixin.py:188} INFO - [2025-07-19T12:47:47.263+0000] {dag.py:3036} INFO - Sync 1 DAGs
[2025-07-19T12:47:47.279+0000] {logging_mixin.py:188} INFO - [2025-07-19T12:47:47.278+0000] {dag.py:3823} INFO - Setting next_dagrun for launch_streamlit_dashboard to None, run_after=None
[2025-07-19T12:47:47.297+0000] {processor.py:183} INFO - Processing /opt/airflow/dags/eda_airflow copy.py took 0.114 seconds
[2025-07-19T12:48:17.887+0000] {processor.py:161} INFO - Started process (PID=277) to work on /opt/airflow/dags/eda_airflow copy.py
[2025-07-19T12:48:17.887+0000] {processor.py:830} INFO - Processing file /opt/airflow/dags/eda_airflow copy.py for tasks to queue
[2025-07-19T12:48:17.888+0000] {logging_mixin.py:188} INFO - [2025-07-19T12:48:17.888+0000] {dagbag.py:538} INFO - Filling up the DagBag from /opt/airflow/dags/eda_airflow copy.py
[2025-07-19T12:48:17.910+0000] {processor.py:840} INFO - DAG(s) 'launch_streamlit_dashboard' retrieved from /opt/airflow/dags/eda_airflow copy.py
[2025-07-19T12:48:18.052+0000] {logging_mixin.py:188} INFO - [2025-07-19T12:48:18.052+0000] {dag.py:3036} INFO - Sync 1 DAGs
[2025-07-19T12:48:18.063+0000] {logging_mixin.py:188} INFO - [2025-07-19T12:48:18.062+0000] {dag.py:3823} INFO - Setting next_dagrun for launch_streamlit_dashboard to None, run_after=None
[2025-07-19T12:48:18.093+0000] {processor.py:183} INFO - Processing /opt/airflow/dags/eda_airflow copy.py took 0.209 seconds
[2025-07-19T12:48:48.213+0000] {processor.py:161} INFO - Started process (PID=307) to work on /opt/airflow/dags/eda_airflow copy.py
[2025-07-19T12:48:48.214+0000] {processor.py:830} INFO - Processing file /opt/airflow/dags/eda_airflow copy.py for tasks to queue
[2025-07-19T12:48:48.215+0000] {logging_mixin.py:188} INFO - [2025-07-19T12:48:48.215+0000] {dagbag.py:538} INFO - Filling up the DagBag from /opt/airflow/dags/eda_airflow copy.py
[2025-07-19T12:48:48.233+0000] {processor.py:840} INFO - DAG(s) 'launch_streamlit_dashboard' retrieved from /opt/airflow/dags/eda_airflow copy.py
[2025-07-19T12:48:48.274+0000] {logging_mixin.py:188} INFO - [2025-07-19T12:48:48.273+0000] {dag.py:3036} INFO - Sync 1 DAGs
[2025-07-19T12:48:48.296+0000] {logging_mixin.py:188} INFO - [2025-07-19T12:48:48.296+0000] {dag.py:3823} INFO - Setting next_dagrun for launch_streamlit_dashboard to None, run_after=None
[2025-07-19T12:48:48.327+0000] {processor.py:183} INFO - Processing /opt/airflow/dags/eda_airflow copy.py took 0.120 seconds
[2025-07-19T12:49:19.023+0000] {processor.py:161} INFO - Started process (PID=337) to work on /opt/airflow/dags/eda_airflow copy.py
[2025-07-19T12:49:19.024+0000] {processor.py:830} INFO - Processing file /opt/airflow/dags/eda_airflow copy.py for tasks to queue
[2025-07-19T12:49:19.026+0000] {logging_mixin.py:188} INFO - [2025-07-19T12:49:19.025+0000] {dagbag.py:538} INFO - Filling up the DagBag from /opt/airflow/dags/eda_airflow copy.py
[2025-07-19T12:49:19.048+0000] {processor.py:840} INFO - DAG(s) 'launch_streamlit_dashboard' retrieved from /opt/airflow/dags/eda_airflow copy.py
[2025-07-19T12:49:19.151+0000] {logging_mixin.py:188} INFO - [2025-07-19T12:49:19.151+0000] {dag.py:3036} INFO - Sync 1 DAGs
[2025-07-19T12:49:19.161+0000] {logging_mixin.py:188} INFO - [2025-07-19T12:49:19.161+0000] {dag.py:3823} INFO - Setting next_dagrun for launch_streamlit_dashboard to None, run_after=None
[2025-07-19T12:49:19.181+0000] {processor.py:183} INFO - Processing /opt/airflow/dags/eda_airflow copy.py took 0.161 seconds
[2025-07-19T12:49:49.880+0000] {processor.py:161} INFO - Started process (PID=369) to work on /opt/airflow/dags/eda_airflow copy.py
[2025-07-19T12:49:49.881+0000] {processor.py:830} INFO - Processing file /opt/airflow/dags/eda_airflow copy.py for tasks to queue
[2025-07-19T12:49:49.882+0000] {logging_mixin.py:188} INFO - [2025-07-19T12:49:49.882+0000] {dagbag.py:538} INFO - Filling up the DagBag from /opt/airflow/dags/eda_airflow copy.py
[2025-07-19T12:49:49.897+0000] {processor.py:840} INFO - DAG(s) 'launch_streamlit_dashboard' retrieved from /opt/airflow/dags/eda_airflow copy.py
[2025-07-19T12:49:49.918+0000] {logging_mixin.py:188} INFO - [2025-07-19T12:49:49.918+0000] {dag.py:3036} INFO - Sync 1 DAGs
[2025-07-19T12:49:49.930+0000] {logging_mixin.py:188} INFO - [2025-07-19T12:49:49.930+0000] {dag.py:3823} INFO - Setting next_dagrun for launch_streamlit_dashboard to None, run_after=None
[2025-07-19T12:49:49.953+0000] {processor.py:183} INFO - Processing /opt/airflow/dags/eda_airflow copy.py took 0.076 seconds
[2025-07-19T12:50:20.446+0000] {processor.py:161} INFO - Started process (PID=405) to work on /opt/airflow/dags/eda_airflow copy.py
[2025-07-19T12:50:20.447+0000] {processor.py:830} INFO - Processing file /opt/airflow/dags/eda_airflow copy.py for tasks to queue
[2025-07-19T12:50:20.449+0000] {logging_mixin.py:188} INFO - [2025-07-19T12:50:20.448+0000] {dagbag.py:538} INFO - Filling up the DagBag from /opt/airflow/dags/eda_airflow copy.py
[2025-07-19T12:50:20.465+0000] {processor.py:840} INFO - DAG(s) 'launch_streamlit_dashboard' retrieved from /opt/airflow/dags/eda_airflow copy.py
[2025-07-19T12:50:20.566+0000] {logging_mixin.py:188} INFO - [2025-07-19T12:50:20.566+0000] {dag.py:3036} INFO - Sync 1 DAGs
[2025-07-19T12:50:20.577+0000] {logging_mixin.py:188} INFO - [2025-07-19T12:50:20.577+0000] {dag.py:3823} INFO - Setting next_dagrun for launch_streamlit_dashboard to None, run_after=None
[2025-07-19T12:50:20.602+0000] {processor.py:183} INFO - Processing /opt/airflow/dags/eda_airflow copy.py took 0.159 seconds
[2025-07-19T12:50:51.002+0000] {processor.py:161} INFO - Started process (PID=435) to work on /opt/airflow/dags/eda_airflow copy.py
[2025-07-19T12:50:51.004+0000] {processor.py:830} INFO - Processing file /opt/airflow/dags/eda_airflow copy.py for tasks to queue
[2025-07-19T12:50:51.005+0000] {logging_mixin.py:188} INFO - [2025-07-19T12:50:51.004+0000] {dagbag.py:538} INFO - Filling up the DagBag from /opt/airflow/dags/eda_airflow copy.py
[2025-07-19T12:50:51.020+0000] {processor.py:840} INFO - DAG(s) 'launch_streamlit_dashboard' retrieved from /opt/airflow/dags/eda_airflow copy.py
[2025-07-19T12:50:51.044+0000] {logging_mixin.py:188} INFO - [2025-07-19T12:50:51.043+0000] {dag.py:3036} INFO - Sync 1 DAGs
[2025-07-19T12:50:51.056+0000] {logging_mixin.py:188} INFO - [2025-07-19T12:50:51.056+0000] {dag.py:3823} INFO - Setting next_dagrun for launch_streamlit_dashboard to None, run_after=None
[2025-07-19T12:50:51.080+0000] {processor.py:183} INFO - Processing /opt/airflow/dags/eda_airflow copy.py took 0.081 seconds
[2025-07-19T12:51:21.650+0000] {processor.py:161} INFO - Started process (PID=465) to work on /opt/airflow/dags/eda_airflow copy.py
[2025-07-19T12:51:21.651+0000] {processor.py:830} INFO - Processing file /opt/airflow/dags/eda_airflow copy.py for tasks to queue
[2025-07-19T12:51:21.653+0000] {logging_mixin.py:188} INFO - [2025-07-19T12:51:21.652+0000] {dagbag.py:538} INFO - Filling up the DagBag from /opt/airflow/dags/eda_airflow copy.py
[2025-07-19T12:51:21.672+0000] {processor.py:840} INFO - DAG(s) 'launch_streamlit_dashboard' retrieved from /opt/airflow/dags/eda_airflow copy.py
[2025-07-19T12:51:21.783+0000] {logging_mixin.py:188} INFO - [2025-07-19T12:51:21.783+0000] {dag.py:3036} INFO - Sync 1 DAGs
[2025-07-19T12:51:21.792+0000] {logging_mixin.py:188} INFO - [2025-07-19T12:51:21.792+0000] {dag.py:3823} INFO - Setting next_dagrun for launch_streamlit_dashboard to None, run_after=None
[2025-07-19T12:51:21.814+0000] {processor.py:183} INFO - Processing /opt/airflow/dags/eda_airflow copy.py took 0.169 seconds
[2025-07-19T12:51:52.322+0000] {processor.py:161} INFO - Started process (PID=500) to work on /opt/airflow/dags/eda_airflow copy.py
[2025-07-19T12:51:52.327+0000] {processor.py:830} INFO - Processing file /opt/airflow/dags/eda_airflow copy.py for tasks to queue
[2025-07-19T12:51:52.328+0000] {logging_mixin.py:188} INFO - [2025-07-19T12:51:52.328+0000] {dagbag.py:538} INFO - Filling up the DagBag from /opt/airflow/dags/eda_airflow copy.py
[2025-07-19T12:51:52.345+0000] {processor.py:840} INFO - DAG(s) 'launch_streamlit_dashboard' retrieved from /opt/airflow/dags/eda_airflow copy.py
[2025-07-19T12:51:52.368+0000] {logging_mixin.py:188} INFO - [2025-07-19T12:51:52.367+0000] {dag.py:3036} INFO - Sync 1 DAGs
[2025-07-19T12:51:52.380+0000] {logging_mixin.py:188} INFO - [2025-07-19T12:51:52.380+0000] {dag.py:3823} INFO - Setting next_dagrun for launch_streamlit_dashboard to None, run_after=None
[2025-07-19T12:51:52.407+0000] {processor.py:183} INFO - Processing /opt/airflow/dags/eda_airflow copy.py took 0.088 seconds
[2025-07-19T12:52:23.095+0000] {processor.py:161} INFO - Started process (PID=536) to work on /opt/airflow/dags/eda_airflow copy.py
[2025-07-19T12:52:23.096+0000] {processor.py:830} INFO - Processing file /opt/airflow/dags/eda_airflow copy.py for tasks to queue
[2025-07-19T12:52:23.097+0000] {logging_mixin.py:188} INFO - [2025-07-19T12:52:23.097+0000] {dagbag.py:538} INFO - Filling up the DagBag from /opt/airflow/dags/eda_airflow copy.py
[2025-07-19T12:52:23.112+0000] {processor.py:840} INFO - DAG(s) 'launch_streamlit_dashboard' retrieved from /opt/airflow/dags/eda_airflow copy.py
[2025-07-19T12:52:23.217+0000] {logging_mixin.py:188} INFO - [2025-07-19T12:52:23.217+0000] {dag.py:3036} INFO - Sync 1 DAGs
[2025-07-19T12:52:23.227+0000] {logging_mixin.py:188} INFO - [2025-07-19T12:52:23.226+0000] {dag.py:3823} INFO - Setting next_dagrun for launch_streamlit_dashboard to None, run_after=None
[2025-07-19T12:52:23.248+0000] {processor.py:183} INFO - Processing /opt/airflow/dags/eda_airflow copy.py took 0.156 seconds
[2025-07-19T12:52:53.719+0000] {processor.py:161} INFO - Started process (PID=569) to work on /opt/airflow/dags/eda_airflow copy.py
[2025-07-19T12:52:53.720+0000] {processor.py:830} INFO - Processing file /opt/airflow/dags/eda_airflow copy.py for tasks to queue
[2025-07-19T12:52:53.721+0000] {logging_mixin.py:188} INFO - [2025-07-19T12:52:53.721+0000] {dagbag.py:538} INFO - Filling up the DagBag from /opt/airflow/dags/eda_airflow copy.py
[2025-07-19T12:52:53.738+0000] {processor.py:840} INFO - DAG(s) 'launch_streamlit_dashboard' retrieved from /opt/airflow/dags/eda_airflow copy.py
[2025-07-19T12:52:53.761+0000] {logging_mixin.py:188} INFO - [2025-07-19T12:52:53.760+0000] {dag.py:3036} INFO - Sync 1 DAGs
[2025-07-19T12:52:53.773+0000] {logging_mixin.py:188} INFO - [2025-07-19T12:52:53.773+0000] {dag.py:3823} INFO - Setting next_dagrun for launch_streamlit_dashboard to None, run_after=None
[2025-07-19T12:52:53.799+0000] {processor.py:183} INFO - Processing /opt/airflow/dags/eda_airflow copy.py took 0.083 seconds
[2025-07-19T12:53:24.396+0000] {processor.py:161} INFO - Started process (PID=599) to work on /opt/airflow/dags/eda_airflow copy.py
[2025-07-19T12:53:24.398+0000] {processor.py:830} INFO - Processing file /opt/airflow/dags/eda_airflow copy.py for tasks to queue
[2025-07-19T12:53:24.399+0000] {logging_mixin.py:188} INFO - [2025-07-19T12:53:24.398+0000] {dagbag.py:538} INFO - Filling up the DagBag from /opt/airflow/dags/eda_airflow copy.py
[2025-07-19T12:53:24.416+0000] {processor.py:840} INFO - DAG(s) 'launch_streamlit_dashboard' retrieved from /opt/airflow/dags/eda_airflow copy.py
[2025-07-19T12:53:24.545+0000] {logging_mixin.py:188} INFO - [2025-07-19T12:53:24.544+0000] {dag.py:3036} INFO - Sync 1 DAGs
[2025-07-19T12:53:24.556+0000] {logging_mixin.py:188} INFO - [2025-07-19T12:53:24.555+0000] {dag.py:3823} INFO - Setting next_dagrun for launch_streamlit_dashboard to None, run_after=None
[2025-07-19T12:53:24.588+0000] {processor.py:183} INFO - Processing /opt/airflow/dags/eda_airflow copy.py took 0.197 seconds
[2025-07-19T12:53:55.304+0000] {processor.py:161} INFO - Started process (PID=644) to work on /opt/airflow/dags/eda_airflow copy.py
[2025-07-19T12:53:55.306+0000] {processor.py:830} INFO - Processing file /opt/airflow/dags/eda_airflow copy.py for tasks to queue
[2025-07-19T12:53:55.307+0000] {logging_mixin.py:188} INFO - [2025-07-19T12:53:55.306+0000] {dagbag.py:538} INFO - Filling up the DagBag from /opt/airflow/dags/eda_airflow copy.py
[2025-07-19T12:53:55.324+0000] {processor.py:840} INFO - DAG(s) 'launch_streamlit_dashboard' retrieved from /opt/airflow/dags/eda_airflow copy.py
[2025-07-19T12:53:55.443+0000] {logging_mixin.py:188} INFO - [2025-07-19T12:53:55.443+0000] {dag.py:3036} INFO - Sync 1 DAGs
[2025-07-19T12:53:55.457+0000] {logging_mixin.py:188} INFO - [2025-07-19T12:53:55.457+0000] {dag.py:3823} INFO - Setting next_dagrun for launch_streamlit_dashboard to None, run_after=None
[2025-07-19T12:53:55.481+0000] {processor.py:183} INFO - Processing /opt/airflow/dags/eda_airflow copy.py took 0.180 seconds
[2025-07-19T12:54:26.016+0000] {processor.py:161} INFO - Started process (PID=695) to work on /opt/airflow/dags/eda_airflow copy.py
[2025-07-19T12:54:26.018+0000] {processor.py:830} INFO - Processing file /opt/airflow/dags/eda_airflow copy.py for tasks to queue
[2025-07-19T12:54:26.019+0000] {logging_mixin.py:188} INFO - [2025-07-19T12:54:26.019+0000] {dagbag.py:538} INFO - Filling up the DagBag from /opt/airflow/dags/eda_airflow copy.py
[2025-07-19T12:54:26.036+0000] {processor.py:840} INFO - DAG(s) 'launch_streamlit_dashboard' retrieved from /opt/airflow/dags/eda_airflow copy.py
[2025-07-19T12:54:26.067+0000] {logging_mixin.py:188} INFO - [2025-07-19T12:54:26.066+0000] {dag.py:3036} INFO - Sync 1 DAGs
[2025-07-19T12:54:26.078+0000] {logging_mixin.py:188} INFO - [2025-07-19T12:54:26.078+0000] {dag.py:3823} INFO - Setting next_dagrun for launch_streamlit_dashboard to None, run_after=None
[2025-07-19T12:54:26.102+0000] {processor.py:183} INFO - Processing /opt/airflow/dags/eda_airflow copy.py took 0.097 seconds
[2025-07-19T12:54:56.686+0000] {processor.py:161} INFO - Started process (PID=730) to work on /opt/airflow/dags/eda_airflow copy.py
[2025-07-19T12:54:56.687+0000] {processor.py:830} INFO - Processing file /opt/airflow/dags/eda_airflow copy.py for tasks to queue
[2025-07-19T12:54:56.688+0000] {logging_mixin.py:188} INFO - [2025-07-19T12:54:56.688+0000] {dagbag.py:538} INFO - Filling up the DagBag from /opt/airflow/dags/eda_airflow copy.py
[2025-07-19T12:54:56.704+0000] {processor.py:840} INFO - DAG(s) 'launch_streamlit_dashboard' retrieved from /opt/airflow/dags/eda_airflow copy.py
[2025-07-19T12:54:56.816+0000] {logging_mixin.py:188} INFO - [2025-07-19T12:54:56.816+0000] {dag.py:3036} INFO - Sync 1 DAGs
[2025-07-19T12:54:56.830+0000] {logging_mixin.py:188} INFO - [2025-07-19T12:54:56.829+0000] {dag.py:3823} INFO - Setting next_dagrun for launch_streamlit_dashboard to None, run_after=None
[2025-07-19T12:54:56.852+0000] {processor.py:183} INFO - Processing /opt/airflow/dags/eda_airflow copy.py took 0.169 seconds
[2025-07-19T12:55:27.369+0000] {processor.py:161} INFO - Started process (PID=770) to work on /opt/airflow/dags/eda_airflow copy.py
[2025-07-19T12:55:27.371+0000] {processor.py:830} INFO - Processing file /opt/airflow/dags/eda_airflow copy.py for tasks to queue
[2025-07-19T12:55:27.373+0000] {logging_mixin.py:188} INFO - [2025-07-19T12:55:27.373+0000] {dagbag.py:538} INFO - Filling up the DagBag from /opt/airflow/dags/eda_airflow copy.py
[2025-07-19T12:55:27.408+0000] {processor.py:840} INFO - DAG(s) 'launch_streamlit_dashboard' retrieved from /opt/airflow/dags/eda_airflow copy.py
[2025-07-19T12:55:27.570+0000] {logging_mixin.py:188} INFO - [2025-07-19T12:55:27.569+0000] {dag.py:3036} INFO - Sync 1 DAGs
[2025-07-19T12:55:27.583+0000] {logging_mixin.py:188} INFO - [2025-07-19T12:55:27.583+0000] {dag.py:3823} INFO - Setting next_dagrun for launch_streamlit_dashboard to None, run_after=None
[2025-07-19T12:55:27.607+0000] {processor.py:183} INFO - Processing /opt/airflow/dags/eda_airflow copy.py took 0.242 seconds
[2025-07-19T12:55:58.180+0000] {processor.py:161} INFO - Started process (PID=810) to work on /opt/airflow/dags/eda_airflow copy.py
[2025-07-19T12:55:58.181+0000] {processor.py:830} INFO - Processing file /opt/airflow/dags/eda_airflow copy.py for tasks to queue
[2025-07-19T12:55:58.182+0000] {logging_mixin.py:188} INFO - [2025-07-19T12:55:58.182+0000] {dagbag.py:538} INFO - Filling up the DagBag from /opt/airflow/dags/eda_airflow copy.py
[2025-07-19T12:55:58.199+0000] {processor.py:840} INFO - DAG(s) 'launch_streamlit_dashboard' retrieved from /opt/airflow/dags/eda_airflow copy.py
[2025-07-19T12:55:58.323+0000] {logging_mixin.py:188} INFO - [2025-07-19T12:55:58.323+0000] {dag.py:3036} INFO - Sync 1 DAGs
[2025-07-19T12:55:58.333+0000] {logging_mixin.py:188} INFO - [2025-07-19T12:55:58.333+0000] {dag.py:3823} INFO - Setting next_dagrun for launch_streamlit_dashboard to None, run_after=None
[2025-07-19T12:55:58.357+0000] {processor.py:183} INFO - Processing /opt/airflow/dags/eda_airflow copy.py took 0.181 seconds
[2025-07-19T12:56:28.909+0000] {processor.py:161} INFO - Started process (PID=850) to work on /opt/airflow/dags/eda_airflow copy.py
[2025-07-19T12:56:28.910+0000] {processor.py:830} INFO - Processing file /opt/airflow/dags/eda_airflow copy.py for tasks to queue
[2025-07-19T12:56:28.911+0000] {logging_mixin.py:188} INFO - [2025-07-19T12:56:28.910+0000] {dagbag.py:538} INFO - Filling up the DagBag from /opt/airflow/dags/eda_airflow copy.py
[2025-07-19T12:56:28.927+0000] {processor.py:840} INFO - DAG(s) 'launch_streamlit_dashboard' retrieved from /opt/airflow/dags/eda_airflow copy.py
[2025-07-19T12:56:28.951+0000] {logging_mixin.py:188} INFO - [2025-07-19T12:56:28.950+0000] {dag.py:3036} INFO - Sync 1 DAGs
[2025-07-19T12:56:28.963+0000] {logging_mixin.py:188} INFO - [2025-07-19T12:56:28.963+0000] {dag.py:3823} INFO - Setting next_dagrun for launch_streamlit_dashboard to None, run_after=None
[2025-07-19T12:56:28.989+0000] {processor.py:183} INFO - Processing /opt/airflow/dags/eda_airflow copy.py took 0.083 seconds
[2025-07-19T12:56:59.662+0000] {processor.py:161} INFO - Started process (PID=907) to work on /opt/airflow/dags/eda_airflow copy.py
[2025-07-19T12:56:59.663+0000] {processor.py:830} INFO - Processing file /opt/airflow/dags/eda_airflow copy.py for tasks to queue
[2025-07-19T12:56:59.664+0000] {logging_mixin.py:188} INFO - [2025-07-19T12:56:59.664+0000] {dagbag.py:538} INFO - Filling up the DagBag from /opt/airflow/dags/eda_airflow copy.py
[2025-07-19T12:56:59.680+0000] {processor.py:840} INFO - DAG(s) 'launch_streamlit_dashboard' retrieved from /opt/airflow/dags/eda_airflow copy.py
[2025-07-19T12:56:59.808+0000] {logging_mixin.py:188} INFO - [2025-07-19T12:56:59.807+0000] {dag.py:3036} INFO - Sync 1 DAGs
[2025-07-19T12:56:59.822+0000] {logging_mixin.py:188} INFO - [2025-07-19T12:56:59.822+0000] {dag.py:3823} INFO - Setting next_dagrun for launch_streamlit_dashboard to None, run_after=None
[2025-07-19T12:56:59.847+0000] {processor.py:183} INFO - Processing /opt/airflow/dags/eda_airflow copy.py took 0.188 seconds
[2025-07-19T12:57:30.393+0000] {processor.py:161} INFO - Started process (PID=942) to work on /opt/airflow/dags/eda_airflow copy.py
[2025-07-19T12:57:30.394+0000] {processor.py:830} INFO - Processing file /opt/airflow/dags/eda_airflow copy.py for tasks to queue
[2025-07-19T12:57:30.396+0000] {logging_mixin.py:188} INFO - [2025-07-19T12:57:30.395+0000] {dagbag.py:538} INFO - Filling up the DagBag from /opt/airflow/dags/eda_airflow copy.py
[2025-07-19T12:57:30.412+0000] {processor.py:840} INFO - DAG(s) 'launch_streamlit_dashboard' retrieved from /opt/airflow/dags/eda_airflow copy.py
[2025-07-19T12:57:30.521+0000] {logging_mixin.py:188} INFO - [2025-07-19T12:57:30.521+0000] {dag.py:3036} INFO - Sync 1 DAGs
[2025-07-19T12:57:30.534+0000] {logging_mixin.py:188} INFO - [2025-07-19T12:57:30.534+0000] {dag.py:3823} INFO - Setting next_dagrun for launch_streamlit_dashboard to None, run_after=None
[2025-07-19T12:57:30.560+0000] {processor.py:183} INFO - Processing /opt/airflow/dags/eda_airflow copy.py took 0.170 seconds
[2025-07-19T12:58:04.249+0000] {processor.py:161} INFO - Started process (PID=1041) to work on /opt/airflow/dags/eda_airflow copy.py
[2025-07-19T12:58:04.257+0000] {processor.py:830} INFO - Processing file /opt/airflow/dags/eda_airflow copy.py for tasks to queue
[2025-07-19T12:58:04.439+0000] {logging_mixin.py:188} INFO - [2025-07-19T12:58:04.288+0000] {dagbag.py:538} INFO - Filling up the DagBag from /opt/airflow/dags/eda_airflow copy.py
[2025-07-19T12:58:05.296+0000] {processor.py:840} INFO - DAG(s) 'launch_streamlit_dashboard' retrieved from /opt/airflow/dags/eda_airflow copy.py
[2025-07-19T12:58:10.371+0000] {logging_mixin.py:188} INFO - [2025-07-19T12:58:10.370+0000] {dag.py:3036} INFO - Sync 1 DAGs
[2025-07-19T12:58:23.504+0000] {logging_mixin.py:188} INFO - [2025-07-19T12:58:23.503+0000] {dag.py:3823} INFO - Setting next_dagrun for launch_streamlit_dashboard to None, run_after=None
[2025-07-19T12:58:28.583+0000] {processor.py:183} INFO - Processing /opt/airflow/dags/eda_airflow copy.py took 24.529 seconds
[2025-07-19T12:59:03.152+0000] {processor.py:161} INFO - Started process (PID=1508) to work on /opt/airflow/dags/eda_airflow copy.py
[2025-07-19T12:59:03.156+0000] {processor.py:830} INFO - Processing file /opt/airflow/dags/eda_airflow copy.py for tasks to queue
[2025-07-19T12:59:03.162+0000] {logging_mixin.py:188} INFO - [2025-07-19T12:59:03.161+0000] {dagbag.py:538} INFO - Filling up the DagBag from /opt/airflow/dags/eda_airflow copy.py
[2025-07-19T12:59:04.521+0000] {processor.py:840} INFO - DAG(s) 'launch_streamlit_dashboard' retrieved from /opt/airflow/dags/eda_airflow copy.py
[2025-07-19T12:59:05.638+0000] {logging_mixin.py:188} INFO - [2025-07-19T12:59:05.638+0000] {dag.py:3036} INFO - Sync 1 DAGs
[2025-07-19T12:59:05.901+0000] {logging_mixin.py:188} INFO - [2025-07-19T12:59:05.900+0000] {dag.py:3823} INFO - Setting next_dagrun for launch_streamlit_dashboard to None, run_after=None
[2025-07-19T12:59:06.704+0000] {processor.py:183} INFO - Processing /opt/airflow/dags/eda_airflow copy.py took 3.578 seconds
[2025-07-19T12:59:38.228+0000] {processor.py:161} INFO - Started process (PID=2519) to work on /opt/airflow/dags/eda_airflow copy.py
[2025-07-19T12:59:38.230+0000] {processor.py:830} INFO - Processing file /opt/airflow/dags/eda_airflow copy.py for tasks to queue
[2025-07-19T12:59:38.232+0000] {logging_mixin.py:188} INFO - [2025-07-19T12:59:38.232+0000] {dagbag.py:538} INFO - Filling up the DagBag from /opt/airflow/dags/eda_airflow copy.py
[2025-07-19T12:59:39.407+0000] {processor.py:840} INFO - DAG(s) 'launch_streamlit_dashboard' retrieved from /opt/airflow/dags/eda_airflow copy.py
[2025-07-19T13:00:20.315+0000] {logging_mixin.py:188} INFO - [2025-07-19T13:00:20.314+0000] {dag.py:3036} INFO - Sync 1 DAGs
[2025-07-19T13:00:20.516+0000] {logging_mixin.py:188} INFO - [2025-07-19T13:00:20.516+0000] {dag.py:3823} INFO - Setting next_dagrun for launch_streamlit_dashboard to None, run_after=None
[2025-07-19T13:00:20.929+0000] {processor.py:183} INFO - Processing /opt/airflow/dags/eda_airflow copy.py took 42.709 seconds
[2025-07-19T13:00:56.817+0000] {processor.py:161} INFO - Started process (PID=3367) to work on /opt/airflow/dags/eda_airflow copy.py
[2025-07-19T13:00:56.823+0000] {processor.py:830} INFO - Processing file /opt/airflow/dags/eda_airflow copy.py for tasks to queue
[2025-07-19T13:00:56.826+0000] {logging_mixin.py:188} INFO - [2025-07-19T13:00:56.825+0000] {dagbag.py:538} INFO - Filling up the DagBag from /opt/airflow/dags/eda_airflow copy.py
[2025-07-19T13:00:56.861+0000] {processor.py:840} INFO - DAG(s) 'launch_streamlit_dashboard' retrieved from /opt/airflow/dags/eda_airflow copy.py
[2025-07-19T13:00:56.978+0000] {logging_mixin.py:188} INFO - [2025-07-19T13:00:56.978+0000] {dag.py:3036} INFO - Sync 1 DAGs
[2025-07-19T13:00:57.012+0000] {logging_mixin.py:188} INFO - [2025-07-19T13:00:57.011+0000] {dag.py:3823} INFO - Setting next_dagrun for launch_streamlit_dashboard to None, run_after=None
[2025-07-19T13:00:57.338+0000] {processor.py:183} INFO - Processing /opt/airflow/dags/eda_airflow copy.py took 0.527 seconds
[2025-07-19T13:01:42.350+0000] {processor.py:161} INFO - Started process (PID=3395) to work on /opt/airflow/dags/eda_airflow copy.py
[2025-07-19T13:01:45.938+0000] {processor.py:830} INFO - Processing file /opt/airflow/dags/eda_airflow copy.py for tasks to queue
[2025-07-19T13:01:46.051+0000] {logging_mixin.py:188} INFO - [2025-07-19T13:01:46.051+0000] {dagbag.py:538} INFO - Filling up the DagBag from /opt/airflow/dags/eda_airflow copy.py
[2025-07-19T13:01:52.041+0000] {processor.py:840} INFO - DAG(s) 'launch_streamlit_dashboard' retrieved from /opt/airflow/dags/eda_airflow copy.py
[2025-07-19T13:20:01.707+0000] {processor.py:161} INFO - Started process (PID=3442) to work on /opt/airflow/dags/eda_airflow copy.py
[2025-07-19T13:20:01.708+0000] {processor.py:830} INFO - Processing file /opt/airflow/dags/eda_airflow copy.py for tasks to queue
[2025-07-19T13:20:02.012+0000] {logging_mixin.py:188} INFO - [2025-07-19T13:20:01.796+0000] {dagbag.py:538} INFO - Filling up the DagBag from /opt/airflow/dags/eda_airflow copy.py
[2025-07-19T13:20:03.021+0000] {processor.py:840} INFO - DAG(s) 'launch_streamlit_dashboard' retrieved from /opt/airflow/dags/eda_airflow copy.py
[2025-07-19T13:20:10.169+0000] {logging_mixin.py:188} INFO - [2025-07-19T13:20:10.169+0000] {dag.py:3036} INFO - Sync 1 DAGs
[2025-07-19T13:20:10.179+0000] {logging_mixin.py:188} INFO - [2025-07-19T13:20:10.179+0000] {dag.py:3823} INFO - Setting next_dagrun for launch_streamlit_dashboard to None, run_after=None
[2025-07-19T13:20:10.374+0000] {processor.py:183} INFO - Processing /opt/airflow/dags/eda_airflow copy.py took 8.670 seconds
[2025-07-19T13:20:40.765+0000] {processor.py:161} INFO - Started process (PID=3477) to work on /opt/airflow/dags/eda_airflow copy.py
[2025-07-19T13:20:40.767+0000] {processor.py:830} INFO - Processing file /opt/airflow/dags/eda_airflow copy.py for tasks to queue
[2025-07-19T13:20:40.768+0000] {logging_mixin.py:188} INFO - [2025-07-19T13:20:40.768+0000] {dagbag.py:538} INFO - Filling up the DagBag from /opt/airflow/dags/eda_airflow copy.py
[2025-07-19T13:20:40.780+0000] {processor.py:840} INFO - DAG(s) 'launch_streamlit_dashboard' retrieved from /opt/airflow/dags/eda_airflow copy.py
[2025-07-19T13:20:40.807+0000] {logging_mixin.py:188} INFO - [2025-07-19T13:20:40.807+0000] {dag.py:3036} INFO - Sync 1 DAGs
[2025-07-19T13:20:40.819+0000] {logging_mixin.py:188} INFO - [2025-07-19T13:20:40.819+0000] {dag.py:3823} INFO - Setting next_dagrun for launch_streamlit_dashboard to None, run_after=None
[2025-07-19T13:20:40.842+0000] {processor.py:183} INFO - Processing /opt/airflow/dags/eda_airflow copy.py took 0.080 seconds
[2025-07-19T13:21:11.511+0000] {processor.py:161} INFO - Started process (PID=3504) to work on /opt/airflow/dags/eda_airflow copy.py
[2025-07-19T13:21:11.514+0000] {processor.py:830} INFO - Processing file /opt/airflow/dags/eda_airflow copy.py for tasks to queue
[2025-07-19T13:21:11.516+0000] {logging_mixin.py:188} INFO - [2025-07-19T13:21:11.515+0000] {dagbag.py:538} INFO - Filling up the DagBag from /opt/airflow/dags/eda_airflow copy.py
[2025-07-19T13:21:11.535+0000] {processor.py:840} INFO - DAG(s) 'launch_streamlit_dashboard' retrieved from /opt/airflow/dags/eda_airflow copy.py
[2025-07-19T13:21:11.551+0000] {logging_mixin.py:188} INFO - [2025-07-19T13:21:11.551+0000] {dag.py:3036} INFO - Sync 1 DAGs
[2025-07-19T13:21:11.562+0000] {logging_mixin.py:188} INFO - [2025-07-19T13:21:11.562+0000] {dag.py:3823} INFO - Setting next_dagrun for launch_streamlit_dashboard to None, run_after=None
[2025-07-19T13:21:11.585+0000] {processor.py:183} INFO - Processing /opt/airflow/dags/eda_airflow copy.py took 0.084 seconds
[2025-07-19T13:21:42.072+0000] {processor.py:161} INFO - Started process (PID=3534) to work on /opt/airflow/dags/eda_airflow copy.py
[2025-07-19T13:21:42.073+0000] {processor.py:830} INFO - Processing file /opt/airflow/dags/eda_airflow copy.py for tasks to queue
[2025-07-19T13:21:42.074+0000] {logging_mixin.py:188} INFO - [2025-07-19T13:21:42.074+0000] {dagbag.py:538} INFO - Filling up the DagBag from /opt/airflow/dags/eda_airflow copy.py
[2025-07-19T13:21:42.083+0000] {processor.py:840} INFO - DAG(s) 'launch_streamlit_dashboard' retrieved from /opt/airflow/dags/eda_airflow copy.py
[2025-07-19T13:21:44.132+0000] {logging_mixin.py:188} INFO - [2025-07-19T13:21:44.131+0000] {dag.py:3036} INFO - Sync 1 DAGs
[2025-07-19T13:21:44.155+0000] {logging_mixin.py:188} INFO - [2025-07-19T13:21:44.154+0000] {dag.py:3823} INFO - Setting next_dagrun for launch_streamlit_dashboard to None, run_after=None
[2025-07-19T13:21:44.222+0000] {processor.py:183} INFO - Processing /opt/airflow/dags/eda_airflow copy.py took 2.152 seconds
[2025-07-19T13:22:14.526+0000] {processor.py:161} INFO - Started process (PID=3564) to work on /opt/airflow/dags/eda_airflow copy.py
[2025-07-19T13:22:14.528+0000] {processor.py:830} INFO - Processing file /opt/airflow/dags/eda_airflow copy.py for tasks to queue
[2025-07-19T13:22:14.529+0000] {logging_mixin.py:188} INFO - [2025-07-19T13:22:14.529+0000] {dagbag.py:538} INFO - Filling up the DagBag from /opt/airflow/dags/eda_airflow copy.py
[2025-07-19T13:22:14.540+0000] {processor.py:840} INFO - DAG(s) 'launch_streamlit_dashboard' retrieved from /opt/airflow/dags/eda_airflow copy.py
[2025-07-19T13:22:14.828+0000] {logging_mixin.py:188} INFO - [2025-07-19T13:22:14.828+0000] {dag.py:3036} INFO - Sync 1 DAGs
[2025-07-19T13:22:15.483+0000] {logging_mixin.py:188} INFO - [2025-07-19T13:22:15.483+0000] {dag.py:3823} INFO - Setting next_dagrun for launch_streamlit_dashboard to None, run_after=None
[2025-07-19T13:22:15.709+0000] {processor.py:183} INFO - Processing /opt/airflow/dags/eda_airflow copy.py took 1.186 seconds
[2025-07-19T13:22:46.286+0000] {processor.py:161} INFO - Started process (PID=3594) to work on /opt/airflow/dags/eda_airflow copy.py
[2025-07-19T13:22:46.287+0000] {processor.py:830} INFO - Processing file /opt/airflow/dags/eda_airflow copy.py for tasks to queue
[2025-07-19T13:22:46.288+0000] {logging_mixin.py:188} INFO - [2025-07-19T13:22:46.288+0000] {dagbag.py:538} INFO - Filling up the DagBag from /opt/airflow/dags/eda_airflow copy.py
[2025-07-19T13:22:46.326+0000] {processor.py:840} INFO - DAG(s) 'launch_streamlit_dashboard' retrieved from /opt/airflow/dags/eda_airflow copy.py
[2025-07-19T13:22:46.752+0000] {logging_mixin.py:188} INFO - [2025-07-19T13:22:46.752+0000] {dag.py:3036} INFO - Sync 1 DAGs
[2025-07-19T13:22:46.789+0000] {logging_mixin.py:188} INFO - [2025-07-19T13:22:46.789+0000] {dag.py:3823} INFO - Setting next_dagrun for launch_streamlit_dashboard to None, run_after=None
[2025-07-19T13:22:46.810+0000] {processor.py:183} INFO - Processing /opt/airflow/dags/eda_airflow copy.py took 0.527 seconds
[2025-07-19T13:23:17.203+0000] {processor.py:161} INFO - Started process (PID=3624) to work on /opt/airflow/dags/eda_airflow copy.py
[2025-07-19T13:23:17.204+0000] {processor.py:830} INFO - Processing file /opt/airflow/dags/eda_airflow copy.py for tasks to queue
[2025-07-19T13:23:17.205+0000] {logging_mixin.py:188} INFO - [2025-07-19T13:23:17.205+0000] {dagbag.py:538} INFO - Filling up the DagBag from /opt/airflow/dags/eda_airflow copy.py
[2025-07-19T13:23:17.238+0000] {processor.py:840} INFO - DAG(s) 'launch_streamlit_dashboard' retrieved from /opt/airflow/dags/eda_airflow copy.py
[2025-07-19T13:23:17.264+0000] {logging_mixin.py:188} INFO - [2025-07-19T13:23:17.263+0000] {dag.py:3036} INFO - Sync 1 DAGs
[2025-07-19T13:23:17.277+0000] {logging_mixin.py:188} INFO - [2025-07-19T13:23:17.276+0000] {dag.py:3823} INFO - Setting next_dagrun for launch_streamlit_dashboard to None, run_after=None
[2025-07-19T13:23:17.298+0000] {processor.py:183} INFO - Processing /opt/airflow/dags/eda_airflow copy.py took 0.099 seconds
[2025-07-19T13:23:48.053+0000] {processor.py:161} INFO - Started process (PID=3654) to work on /opt/airflow/dags/eda_airflow copy.py
[2025-07-19T13:23:48.055+0000] {processor.py:830} INFO - Processing file /opt/airflow/dags/eda_airflow copy.py for tasks to queue
[2025-07-19T13:23:48.056+0000] {logging_mixin.py:188} INFO - [2025-07-19T13:23:48.055+0000] {dagbag.py:538} INFO - Filling up the DagBag from /opt/airflow/dags/eda_airflow copy.py
[2025-07-19T13:23:48.066+0000] {processor.py:840} INFO - DAG(s) 'launch_streamlit_dashboard' retrieved from /opt/airflow/dags/eda_airflow copy.py
[2025-07-19T13:23:48.242+0000] {logging_mixin.py:188} INFO - [2025-07-19T13:23:48.242+0000] {dag.py:3036} INFO - Sync 1 DAGs
[2025-07-19T13:23:48.262+0000] {logging_mixin.py:188} INFO - [2025-07-19T13:23:48.262+0000] {dag.py:3823} INFO - Setting next_dagrun for launch_streamlit_dashboard to None, run_after=None
[2025-07-19T13:23:48.292+0000] {processor.py:183} INFO - Processing /opt/airflow/dags/eda_airflow copy.py took 0.241 seconds
[2025-07-19T13:24:18.711+0000] {processor.py:161} INFO - Started process (PID=3684) to work on /opt/airflow/dags/eda_airflow copy.py
[2025-07-19T13:24:18.712+0000] {processor.py:830} INFO - Processing file /opt/airflow/dags/eda_airflow copy.py for tasks to queue
[2025-07-19T13:24:18.713+0000] {logging_mixin.py:188} INFO - [2025-07-19T13:24:18.713+0000] {dagbag.py:538} INFO - Filling up the DagBag from /opt/airflow/dags/eda_airflow copy.py
[2025-07-19T13:24:18.723+0000] {processor.py:840} INFO - DAG(s) 'launch_streamlit_dashboard' retrieved from /opt/airflow/dags/eda_airflow copy.py
[2025-07-19T13:24:18.747+0000] {logging_mixin.py:188} INFO - [2025-07-19T13:24:18.747+0000] {dag.py:3036} INFO - Sync 1 DAGs
[2025-07-19T13:24:18.759+0000] {logging_mixin.py:188} INFO - [2025-07-19T13:24:18.758+0000] {dag.py:3823} INFO - Setting next_dagrun for launch_streamlit_dashboard to None, run_after=None
[2025-07-19T13:24:18.782+0000] {processor.py:183} INFO - Processing /opt/airflow/dags/eda_airflow copy.py took 0.074 seconds
[2025-07-19T13:24:49.163+0000] {processor.py:161} INFO - Started process (PID=3714) to work on /opt/airflow/dags/eda_airflow copy.py
[2025-07-19T13:24:49.164+0000] {processor.py:830} INFO - Processing file /opt/airflow/dags/eda_airflow copy.py for tasks to queue
[2025-07-19T13:24:49.165+0000] {logging_mixin.py:188} INFO - [2025-07-19T13:24:49.165+0000] {dagbag.py:538} INFO - Filling up the DagBag from /opt/airflow/dags/eda_airflow copy.py
[2025-07-19T13:24:49.177+0000] {processor.py:840} INFO - DAG(s) 'launch_streamlit_dashboard' retrieved from /opt/airflow/dags/eda_airflow copy.py
[2025-07-19T13:24:49.929+0000] {logging_mixin.py:188} INFO - [2025-07-19T13:24:49.929+0000] {dag.py:3036} INFO - Sync 1 DAGs
[2025-07-19T13:24:49.947+0000] {logging_mixin.py:188} INFO - [2025-07-19T13:24:49.947+0000] {dag.py:3823} INFO - Setting next_dagrun for launch_streamlit_dashboard to None, run_after=None
[2025-07-19T13:24:49.975+0000] {processor.py:183} INFO - Processing /opt/airflow/dags/eda_airflow copy.py took 0.815 seconds
[2025-07-19T13:25:20.583+0000] {processor.py:161} INFO - Started process (PID=3744) to work on /opt/airflow/dags/eda_airflow copy.py
[2025-07-19T13:25:20.585+0000] {processor.py:830} INFO - Processing file /opt/airflow/dags/eda_airflow copy.py for tasks to queue
[2025-07-19T13:25:20.586+0000] {logging_mixin.py:188} INFO - [2025-07-19T13:25:20.586+0000] {dagbag.py:538} INFO - Filling up the DagBag from /opt/airflow/dags/eda_airflow copy.py
[2025-07-19T13:25:20.612+0000] {processor.py:840} INFO - DAG(s) 'launch_streamlit_dashboard' retrieved from /opt/airflow/dags/eda_airflow copy.py
[2025-07-19T13:25:20.638+0000] {logging_mixin.py:188} INFO - [2025-07-19T13:25:20.638+0000] {dag.py:3036} INFO - Sync 1 DAGs
[2025-07-19T13:25:20.652+0000] {logging_mixin.py:188} INFO - [2025-07-19T13:25:20.652+0000] {dag.py:3823} INFO - Setting next_dagrun for launch_streamlit_dashboard to None, run_after=None
[2025-07-19T13:25:20.674+0000] {processor.py:183} INFO - Processing /opt/airflow/dags/eda_airflow copy.py took 0.094 seconds
[2025-07-19T13:25:51.530+0000] {processor.py:161} INFO - Started process (PID=3774) to work on /opt/airflow/dags/eda_airflow copy.py
[2025-07-19T13:25:51.531+0000] {processor.py:830} INFO - Processing file /opt/airflow/dags/eda_airflow copy.py for tasks to queue
[2025-07-19T13:25:51.532+0000] {logging_mixin.py:188} INFO - [2025-07-19T13:25:51.532+0000] {dagbag.py:538} INFO - Filling up the DagBag from /opt/airflow/dags/eda_airflow copy.py
[2025-07-19T13:25:51.548+0000] {processor.py:840} INFO - DAG(s) 'launch_streamlit_dashboard' retrieved from /opt/airflow/dags/eda_airflow copy.py
[2025-07-19T13:25:51.655+0000] {logging_mixin.py:188} INFO - [2025-07-19T13:25:51.654+0000] {dag.py:3036} INFO - Sync 1 DAGs
[2025-07-19T13:25:51.665+0000] {logging_mixin.py:188} INFO - [2025-07-19T13:25:51.665+0000] {dag.py:3823} INFO - Setting next_dagrun for launch_streamlit_dashboard to None, run_after=None
[2025-07-19T13:25:51.687+0000] {processor.py:183} INFO - Processing /opt/airflow/dags/eda_airflow copy.py took 0.161 seconds
[2025-07-19T13:26:22.186+0000] {processor.py:161} INFO - Started process (PID=3804) to work on /opt/airflow/dags/eda_airflow copy.py
[2025-07-19T13:26:22.187+0000] {processor.py:830} INFO - Processing file /opt/airflow/dags/eda_airflow copy.py for tasks to queue
[2025-07-19T13:26:22.218+0000] {logging_mixin.py:188} INFO - [2025-07-19T13:26:22.188+0000] {dagbag.py:538} INFO - Filling up the DagBag from /opt/airflow/dags/eda_airflow copy.py
[2025-07-19T13:26:22.989+0000] {processor.py:840} INFO - DAG(s) 'launch_streamlit_dashboard' retrieved from /opt/airflow/dags/eda_airflow copy.py
[2025-07-19T13:26:24.538+0000] {logging_mixin.py:188} INFO - [2025-07-19T13:26:24.538+0000] {dag.py:3036} INFO - Sync 1 DAGs
[2025-07-19T13:26:24.987+0000] {logging_mixin.py:188} INFO - [2025-07-19T13:26:24.987+0000] {dag.py:3823} INFO - Setting next_dagrun for launch_streamlit_dashboard to None, run_after=None
[2025-07-19T13:26:25.279+0000] {processor.py:183} INFO - Processing /opt/airflow/dags/eda_airflow copy.py took 3.096 seconds
[2025-07-19T13:26:56.232+0000] {processor.py:161} INFO - Started process (PID=3834) to work on /opt/airflow/dags/eda_airflow copy.py
[2025-07-19T13:26:56.237+0000] {processor.py:830} INFO - Processing file /opt/airflow/dags/eda_airflow copy.py for tasks to queue
[2025-07-19T13:26:56.238+0000] {logging_mixin.py:188} INFO - [2025-07-19T13:26:56.238+0000] {dagbag.py:538} INFO - Filling up the DagBag from /opt/airflow/dags/eda_airflow copy.py
[2025-07-19T13:26:56.252+0000] {processor.py:840} INFO - DAG(s) 'launch_streamlit_dashboard' retrieved from /opt/airflow/dags/eda_airflow copy.py
[2025-07-19T13:26:56.388+0000] {logging_mixin.py:188} INFO - [2025-07-19T13:26:56.387+0000] {dag.py:3036} INFO - Sync 1 DAGs
[2025-07-19T13:26:56.403+0000] {logging_mixin.py:188} INFO - [2025-07-19T13:26:56.402+0000] {dag.py:3823} INFO - Setting next_dagrun for launch_streamlit_dashboard to None, run_after=None
[2025-07-19T13:26:56.436+0000] {processor.py:183} INFO - Processing /opt/airflow/dags/eda_airflow copy.py took 0.208 seconds
[2025-07-19T13:27:26.922+0000] {processor.py:161} INFO - Started process (PID=3864) to work on /opt/airflow/dags/eda_airflow copy.py
[2025-07-19T13:27:26.924+0000] {processor.py:830} INFO - Processing file /opt/airflow/dags/eda_airflow copy.py for tasks to queue
[2025-07-19T13:27:26.926+0000] {logging_mixin.py:188} INFO - [2025-07-19T13:27:26.926+0000] {dagbag.py:538} INFO - Filling up the DagBag from /opt/airflow/dags/eda_airflow copy.py
[2025-07-19T13:27:26.939+0000] {processor.py:840} INFO - DAG(s) 'launch_streamlit_dashboard' retrieved from /opt/airflow/dags/eda_airflow copy.py
[2025-07-19T13:27:27.063+0000] {logging_mixin.py:188} INFO - [2025-07-19T13:27:27.063+0000] {dag.py:3036} INFO - Sync 1 DAGs
[2025-07-19T13:27:27.073+0000] {logging_mixin.py:188} INFO - [2025-07-19T13:27:27.073+0000] {dag.py:3823} INFO - Setting next_dagrun for launch_streamlit_dashboard to None, run_after=None
[2025-07-19T13:27:27.096+0000] {processor.py:183} INFO - Processing /opt/airflow/dags/eda_airflow copy.py took 0.177 seconds
[2025-07-19T13:27:57.518+0000] {processor.py:161} INFO - Started process (PID=3894) to work on /opt/airflow/dags/eda_airflow copy.py
[2025-07-19T13:27:57.519+0000] {processor.py:830} INFO - Processing file /opt/airflow/dags/eda_airflow copy.py for tasks to queue
[2025-07-19T13:27:57.520+0000] {logging_mixin.py:188} INFO - [2025-07-19T13:27:57.520+0000] {dagbag.py:538} INFO - Filling up the DagBag from /opt/airflow/dags/eda_airflow copy.py
[2025-07-19T13:27:57.531+0000] {processor.py:840} INFO - DAG(s) 'launch_streamlit_dashboard' retrieved from /opt/airflow/dags/eda_airflow copy.py
[2025-07-19T13:27:57.597+0000] {logging_mixin.py:188} INFO - [2025-07-19T13:27:57.596+0000] {dag.py:3036} INFO - Sync 1 DAGs
[2025-07-19T13:27:57.681+0000] {logging_mixin.py:188} INFO - [2025-07-19T13:27:57.681+0000] {dag.py:3823} INFO - Setting next_dagrun for launch_streamlit_dashboard to None, run_after=None
[2025-07-19T13:27:58.183+0000] {processor.py:183} INFO - Processing /opt/airflow/dags/eda_airflow copy.py took 0.668 seconds
[2025-07-19T13:28:28.777+0000] {processor.py:161} INFO - Started process (PID=3924) to work on /opt/airflow/dags/eda_airflow copy.py
[2025-07-19T13:28:28.779+0000] {processor.py:830} INFO - Processing file /opt/airflow/dags/eda_airflow copy.py for tasks to queue
[2025-07-19T13:28:28.781+0000] {logging_mixin.py:188} INFO - [2025-07-19T13:28:28.780+0000] {dagbag.py:538} INFO - Filling up the DagBag from /opt/airflow/dags/eda_airflow copy.py
[2025-07-19T13:28:28.801+0000] {processor.py:840} INFO - DAG(s) 'launch_streamlit_dashboard' retrieved from /opt/airflow/dags/eda_airflow copy.py
[2025-07-19T13:28:29.018+0000] {logging_mixin.py:188} INFO - [2025-07-19T13:28:29.017+0000] {dag.py:3036} INFO - Sync 1 DAGs
[2025-07-19T13:28:29.035+0000] {logging_mixin.py:188} INFO - [2025-07-19T13:28:29.034+0000] {dag.py:3823} INFO - Setting next_dagrun for launch_streamlit_dashboard to None, run_after=None
[2025-07-19T13:28:29.071+0000] {processor.py:183} INFO - Processing /opt/airflow/dags/eda_airflow copy.py took 0.304 seconds
[2025-07-19T13:28:59.166+0000] {processor.py:161} INFO - Started process (PID=3957) to work on /opt/airflow/dags/eda_airflow copy.py
[2025-07-19T13:28:59.167+0000] {processor.py:830} INFO - Processing file /opt/airflow/dags/eda_airflow copy.py for tasks to queue
[2025-07-19T13:28:59.168+0000] {logging_mixin.py:188} INFO - [2025-07-19T13:28:59.168+0000] {dagbag.py:538} INFO - Filling up the DagBag from /opt/airflow/dags/eda_airflow copy.py
[2025-07-19T13:28:59.180+0000] {processor.py:840} INFO - DAG(s) 'launch_streamlit_dashboard' retrieved from /opt/airflow/dags/eda_airflow copy.py
[2025-07-19T13:28:59.211+0000] {logging_mixin.py:188} INFO - [2025-07-19T13:28:59.211+0000] {dag.py:3036} INFO - Sync 1 DAGs
[2025-07-19T13:28:59.223+0000] {logging_mixin.py:188} INFO - [2025-07-19T13:28:59.222+0000] {dag.py:3823} INFO - Setting next_dagrun for launch_streamlit_dashboard to None, run_after=None
[2025-07-19T13:28:59.252+0000] {processor.py:183} INFO - Processing /opt/airflow/dags/eda_airflow copy.py took 0.088 seconds
[2025-07-19T13:29:29.635+0000] {processor.py:161} INFO - Started process (PID=3987) to work on /opt/airflow/dags/eda_airflow copy.py
[2025-07-19T13:29:29.637+0000] {processor.py:830} INFO - Processing file /opt/airflow/dags/eda_airflow copy.py for tasks to queue
[2025-07-19T13:29:29.638+0000] {logging_mixin.py:188} INFO - [2025-07-19T13:29:29.638+0000] {dagbag.py:538} INFO - Filling up the DagBag from /opt/airflow/dags/eda_airflow copy.py
[2025-07-19T13:29:29.652+0000] {processor.py:840} INFO - DAG(s) 'launch_streamlit_dashboard' retrieved from /opt/airflow/dags/eda_airflow copy.py
[2025-07-19T13:29:29.838+0000] {logging_mixin.py:188} INFO - [2025-07-19T13:29:29.838+0000] {dag.py:3036} INFO - Sync 1 DAGs
[2025-07-19T13:29:29.856+0000] {logging_mixin.py:188} INFO - [2025-07-19T13:29:29.856+0000] {dag.py:3823} INFO - Setting next_dagrun for launch_streamlit_dashboard to None, run_after=None
[2025-07-19T13:29:29.892+0000] {processor.py:183} INFO - Processing /opt/airflow/dags/eda_airflow copy.py took 0.261 seconds
[2025-07-19T13:30:00.068+0000] {processor.py:161} INFO - Started process (PID=4014) to work on /opt/airflow/dags/eda_airflow copy.py
[2025-07-19T13:30:00.069+0000] {processor.py:830} INFO - Processing file /opt/airflow/dags/eda_airflow copy.py for tasks to queue
[2025-07-19T13:30:00.070+0000] {logging_mixin.py:188} INFO - [2025-07-19T13:30:00.070+0000] {dagbag.py:538} INFO - Filling up the DagBag from /opt/airflow/dags/eda_airflow copy.py
[2025-07-19T13:30:00.113+0000] {processor.py:840} INFO - DAG(s) 'launch_streamlit_dashboard' retrieved from /opt/airflow/dags/eda_airflow copy.py
[2025-07-19T13:30:00.166+0000] {logging_mixin.py:188} INFO - [2025-07-19T13:30:00.166+0000] {dag.py:3036} INFO - Sync 1 DAGs
[2025-07-19T13:30:00.184+0000] {logging_mixin.py:188} INFO - [2025-07-19T13:30:00.183+0000] {dag.py:3823} INFO - Setting next_dagrun for launch_streamlit_dashboard to None, run_after=None
[2025-07-19T13:30:00.208+0000] {processor.py:183} INFO - Processing /opt/airflow/dags/eda_airflow copy.py took 0.142 seconds
[2025-07-19T13:30:30.840+0000] {processor.py:161} INFO - Started process (PID=4044) to work on /opt/airflow/dags/eda_airflow copy.py
[2025-07-19T13:30:30.841+0000] {processor.py:830} INFO - Processing file /opt/airflow/dags/eda_airflow copy.py for tasks to queue
[2025-07-19T13:30:30.842+0000] {logging_mixin.py:188} INFO - [2025-07-19T13:30:30.842+0000] {dagbag.py:538} INFO - Filling up the DagBag from /opt/airflow/dags/eda_airflow copy.py
[2025-07-19T13:30:30.893+0000] {processor.py:840} INFO - DAG(s) 'launch_streamlit_dashboard' retrieved from /opt/airflow/dags/eda_airflow copy.py
[2025-07-19T13:30:31.022+0000] {logging_mixin.py:188} INFO - [2025-07-19T13:30:31.022+0000] {dag.py:3036} INFO - Sync 1 DAGs
[2025-07-19T13:30:31.031+0000] {logging_mixin.py:188} INFO - [2025-07-19T13:30:31.031+0000] {dag.py:3823} INFO - Setting next_dagrun for launch_streamlit_dashboard to None, run_after=None
[2025-07-19T13:30:31.054+0000] {processor.py:183} INFO - Processing /opt/airflow/dags/eda_airflow copy.py took 0.217 seconds
[2025-07-19T13:31:01.713+0000] {processor.py:161} INFO - Started process (PID=4072) to work on /opt/airflow/dags/eda_airflow copy.py
[2025-07-19T13:31:01.716+0000] {processor.py:830} INFO - Processing file /opt/airflow/dags/eda_airflow copy.py for tasks to queue
[2025-07-19T13:31:01.719+0000] {logging_mixin.py:188} INFO - [2025-07-19T13:31:01.718+0000] {dagbag.py:538} INFO - Filling up the DagBag from /opt/airflow/dags/eda_airflow copy.py
[2025-07-19T13:31:01.918+0000] {processor.py:840} INFO - DAG(s) 'launch_streamlit_dashboard' retrieved from /opt/airflow/dags/eda_airflow copy.py
[2025-07-19T13:31:02.340+0000] {logging_mixin.py:188} INFO - [2025-07-19T13:31:02.340+0000] {dag.py:3036} INFO - Sync 1 DAGs
[2025-07-19T13:32:22.721+0000] {processor.py:161} INFO - Started process (PID=4120) to work on /opt/airflow/dags/eda_airflow copy.py
[2025-07-19T13:32:22.722+0000] {processor.py:830} INFO - Processing file /opt/airflow/dags/eda_airflow copy.py for tasks to queue
[2025-07-19T13:32:22.723+0000] {logging_mixin.py:188} INFO - [2025-07-19T13:32:22.722+0000] {dagbag.py:538} INFO - Filling up the DagBag from /opt/airflow/dags/eda_airflow copy.py
[2025-07-19T13:32:22.732+0000] {processor.py:840} INFO - DAG(s) 'launch_streamlit_dashboard' retrieved from /opt/airflow/dags/eda_airflow copy.py
[2025-07-19T13:33:43.571+0000] {processor.py:161} INFO - Started process (PID=4198) to work on /opt/airflow/dags/eda_airflow copy.py
[2025-07-19T13:33:43.572+0000] {processor.py:830} INFO - Processing file /opt/airflow/dags/eda_airflow copy.py for tasks to queue
[2025-07-19T13:33:43.573+0000] {logging_mixin.py:188} INFO - [2025-07-19T13:33:43.573+0000] {dagbag.py:538} INFO - Filling up the DagBag from /opt/airflow/dags/eda_airflow copy.py
[2025-07-19T13:33:43.599+0000] {processor.py:840} INFO - DAG(s) 'launch_streamlit_dashboard' retrieved from /opt/airflow/dags/eda_airflow copy.py
[2025-07-19T13:37:24.833+0000] {processor.py:161} INFO - Started process (PID=4262) to work on /opt/airflow/dags/eda_airflow copy.py
[2025-07-19T13:37:24.848+0000] {processor.py:830} INFO - Processing file /opt/airflow/dags/eda_airflow copy.py for tasks to queue
[2025-07-19T13:37:25.119+0000] {logging_mixin.py:188} INFO - [2025-07-19T13:37:25.119+0000] {dagbag.py:538} INFO - Filling up the DagBag from /opt/airflow/dags/eda_airflow copy.py
[2025-07-19T13:37:25.695+0000] {processor.py:840} INFO - DAG(s) 'launch_streamlit_dashboard' retrieved from /opt/airflow/dags/eda_airflow copy.py
[2025-07-19T13:37:27.619+0000] {logging_mixin.py:188} INFO - [2025-07-19T13:37:27.619+0000] {dag.py:3036} INFO - Sync 1 DAGs
[2025-07-19T13:37:27.629+0000] {logging_mixin.py:188} INFO - [2025-07-19T13:37:27.629+0000] {dag.py:3823} INFO - Setting next_dagrun for launch_streamlit_dashboard to None, run_after=None
[2025-07-19T13:37:27.851+0000] {processor.py:183} INFO - Processing /opt/airflow/dags/eda_airflow copy.py took 3.021 seconds
[2025-07-19T13:37:58.425+0000] {processor.py:161} INFO - Started process (PID=4296) to work on /opt/airflow/dags/eda_airflow copy.py
[2025-07-19T13:37:58.427+0000] {processor.py:830} INFO - Processing file /opt/airflow/dags/eda_airflow copy.py for tasks to queue
[2025-07-19T13:37:58.428+0000] {logging_mixin.py:188} INFO - [2025-07-19T13:37:58.428+0000] {dagbag.py:538} INFO - Filling up the DagBag from /opt/airflow/dags/eda_airflow copy.py
[2025-07-19T13:37:58.456+0000] {processor.py:840} INFO - DAG(s) 'launch_streamlit_dashboard' retrieved from /opt/airflow/dags/eda_airflow copy.py
[2025-07-19T13:37:58.481+0000] {logging_mixin.py:188} INFO - [2025-07-19T13:37:58.480+0000] {dag.py:3036} INFO - Sync 1 DAGs
[2025-07-19T13:37:58.492+0000] {logging_mixin.py:188} INFO - [2025-07-19T13:37:58.492+0000] {dag.py:3823} INFO - Setting next_dagrun for launch_streamlit_dashboard to None, run_after=None
[2025-07-19T13:37:58.514+0000] {processor.py:183} INFO - Processing /opt/airflow/dags/eda_airflow copy.py took 0.092 seconds
[2025-07-19T13:38:29.301+0000] {processor.py:161} INFO - Started process (PID=4322) to work on /opt/airflow/dags/eda_airflow copy.py
[2025-07-19T13:38:29.302+0000] {processor.py:830} INFO - Processing file /opt/airflow/dags/eda_airflow copy.py for tasks to queue
[2025-07-19T13:38:29.304+0000] {logging_mixin.py:188} INFO - [2025-07-19T13:38:29.303+0000] {dagbag.py:538} INFO - Filling up the DagBag from /opt/airflow/dags/eda_airflow copy.py
[2025-07-19T13:38:29.315+0000] {processor.py:840} INFO - DAG(s) 'launch_streamlit_dashboard' retrieved from /opt/airflow/dags/eda_airflow copy.py
[2025-07-19T13:38:29.328+0000] {logging_mixin.py:188} INFO - [2025-07-19T13:38:29.328+0000] {dag.py:3036} INFO - Sync 1 DAGs
[2025-07-19T13:38:29.342+0000] {logging_mixin.py:188} INFO - [2025-07-19T13:38:29.341+0000] {dag.py:3823} INFO - Setting next_dagrun for launch_streamlit_dashboard to None, run_after=None
[2025-07-19T13:38:29.366+0000] {processor.py:183} INFO - Processing /opt/airflow/dags/eda_airflow copy.py took 0.069 seconds
[2025-07-19T13:39:00.983+0000] {processor.py:161} INFO - Started process (PID=4351) to work on /opt/airflow/dags/eda_airflow copy.py
[2025-07-19T13:39:00.984+0000] {processor.py:830} INFO - Processing file /opt/airflow/dags/eda_airflow copy.py for tasks to queue
[2025-07-19T13:39:00.985+0000] {logging_mixin.py:188} INFO - [2025-07-19T13:39:00.984+0000] {dagbag.py:538} INFO - Filling up the DagBag from /opt/airflow/dags/eda_airflow copy.py
[2025-07-19T13:39:01.015+0000] {processor.py:840} INFO - DAG(s) 'launch_streamlit_dashboard' retrieved from /opt/airflow/dags/eda_airflow copy.py
[2025-07-19T13:39:01.227+0000] {logging_mixin.py:188} INFO - [2025-07-19T13:39:01.227+0000] {dag.py:3036} INFO - Sync 1 DAGs
[2025-07-19T13:39:01.239+0000] {logging_mixin.py:188} INFO - [2025-07-19T13:39:01.239+0000] {dag.py:3823} INFO - Setting next_dagrun for launch_streamlit_dashboard to None, run_after=None
[2025-07-19T13:39:01.284+0000] {processor.py:183} INFO - Processing /opt/airflow/dags/eda_airflow copy.py took 0.324 seconds
[2025-07-19T13:39:31.384+0000] {processor.py:161} INFO - Started process (PID=4384) to work on /opt/airflow/dags/eda_airflow copy.py
[2025-07-19T13:39:31.385+0000] {processor.py:830} INFO - Processing file /opt/airflow/dags/eda_airflow copy.py for tasks to queue
[2025-07-19T13:39:31.386+0000] {logging_mixin.py:188} INFO - [2025-07-19T13:39:31.386+0000] {dagbag.py:538} INFO - Filling up the DagBag from /opt/airflow/dags/eda_airflow copy.py
[2025-07-19T13:39:31.397+0000] {processor.py:840} INFO - DAG(s) 'launch_streamlit_dashboard' retrieved from /opt/airflow/dags/eda_airflow copy.py
[2025-07-19T13:39:31.455+0000] {logging_mixin.py:188} INFO - [2025-07-19T13:39:31.454+0000] {dag.py:3036} INFO - Sync 1 DAGs
[2025-07-19T13:39:31.490+0000] {logging_mixin.py:188} INFO - [2025-07-19T13:39:31.490+0000] {dag.py:3823} INFO - Setting next_dagrun for launch_streamlit_dashboard to None, run_after=None
[2025-07-19T13:39:31.918+0000] {processor.py:183} INFO - Processing /opt/airflow/dags/eda_airflow copy.py took 0.538 seconds
[2025-07-19T13:40:03.071+0000] {processor.py:161} INFO - Started process (PID=4412) to work on /opt/airflow/dags/eda_airflow copy.py
[2025-07-19T13:40:03.072+0000] {processor.py:830} INFO - Processing file /opt/airflow/dags/eda_airflow copy.py for tasks to queue
[2025-07-19T13:40:03.073+0000] {logging_mixin.py:188} INFO - [2025-07-19T13:40:03.073+0000] {dagbag.py:538} INFO - Filling up the DagBag from /opt/airflow/dags/eda_airflow copy.py
[2025-07-19T13:40:03.083+0000] {processor.py:840} INFO - DAG(s) 'launch_streamlit_dashboard' retrieved from /opt/airflow/dags/eda_airflow copy.py
[2025-07-19T13:40:03.196+0000] {logging_mixin.py:188} INFO - [2025-07-19T13:40:03.196+0000] {dag.py:3036} INFO - Sync 1 DAGs
[2025-07-19T13:40:03.207+0000] {logging_mixin.py:188} INFO - [2025-07-19T13:40:03.206+0000] {dag.py:3823} INFO - Setting next_dagrun for launch_streamlit_dashboard to None, run_after=None
[2025-07-19T13:40:03.296+0000] {processor.py:183} INFO - Processing /opt/airflow/dags/eda_airflow copy.py took 0.230 seconds
[2025-07-19T13:40:34.888+0000] {processor.py:161} INFO - Started process (PID=4469) to work on /opt/airflow/dags/eda_airflow copy.py
[2025-07-19T13:40:34.889+0000] {processor.py:830} INFO - Processing file /opt/airflow/dags/eda_airflow copy.py for tasks to queue
[2025-07-19T13:40:34.890+0000] {logging_mixin.py:188} INFO - [2025-07-19T13:40:34.890+0000] {dagbag.py:538} INFO - Filling up the DagBag from /opt/airflow/dags/eda_airflow copy.py
[2025-07-19T13:40:34.901+0000] {processor.py:840} INFO - DAG(s) 'launch_streamlit_dashboard' retrieved from /opt/airflow/dags/eda_airflow copy.py
[2025-07-19T13:40:34.932+0000] {logging_mixin.py:188} INFO - [2025-07-19T13:40:34.932+0000] {dag.py:3036} INFO - Sync 1 DAGs
[2025-07-19T13:40:34.946+0000] {logging_mixin.py:188} INFO - [2025-07-19T13:40:34.946+0000] {dag.py:3823} INFO - Setting next_dagrun for launch_streamlit_dashboard to None, run_after=None
[2025-07-19T13:40:35.376+0000] {processor.py:183} INFO - Processing /opt/airflow/dags/eda_airflow copy.py took 0.490 seconds
[2025-07-19T13:41:06.100+0000] {processor.py:161} INFO - Started process (PID=4501) to work on /opt/airflow/dags/eda_airflow copy.py
[2025-07-19T13:41:06.102+0000] {processor.py:830} INFO - Processing file /opt/airflow/dags/eda_airflow copy.py for tasks to queue
[2025-07-19T13:41:06.103+0000] {logging_mixin.py:188} INFO - [2025-07-19T13:41:06.102+0000] {dagbag.py:538} INFO - Filling up the DagBag from /opt/airflow/dags/eda_airflow copy.py
[2025-07-19T13:41:06.114+0000] {processor.py:840} INFO - DAG(s) 'launch_streamlit_dashboard' retrieved from /opt/airflow/dags/eda_airflow copy.py
[2025-07-19T13:41:06.221+0000] {logging_mixin.py:188} INFO - [2025-07-19T13:41:06.220+0000] {dag.py:3036} INFO - Sync 1 DAGs
[2025-07-19T13:41:06.231+0000] {logging_mixin.py:188} INFO - [2025-07-19T13:41:06.231+0000] {dag.py:3823} INFO - Setting next_dagrun for launch_streamlit_dashboard to None, run_after=None
[2025-07-19T13:41:06.908+0000] {processor.py:183} INFO - Processing /opt/airflow/dags/eda_airflow copy.py took 0.811 seconds
[2025-07-19T13:41:41.827+0000] {processor.py:161} INFO - Started process (PID=4531) to work on /opt/airflow/dags/eda_airflow copy.py
[2025-07-19T13:41:41.828+0000] {processor.py:830} INFO - Processing file /opt/airflow/dags/eda_airflow copy.py for tasks to queue
[2025-07-19T13:41:41.829+0000] {logging_mixin.py:188} INFO - [2025-07-19T13:41:41.829+0000] {dagbag.py:538} INFO - Filling up the DagBag from /opt/airflow/dags/eda_airflow copy.py
[2025-07-19T13:41:41.839+0000] {processor.py:840} INFO - DAG(s) 'launch_streamlit_dashboard' retrieved from /opt/airflow/dags/eda_airflow copy.py
[2025-07-19T13:41:42.982+0000] {logging_mixin.py:188} INFO - [2025-07-19T13:41:42.982+0000] {dag.py:3036} INFO - Sync 1 DAGs
[2025-07-19T13:41:43.585+0000] {logging_mixin.py:188} INFO - [2025-07-19T13:41:43.585+0000] {dag.py:3823} INFO - Setting next_dagrun for launch_streamlit_dashboard to None, run_after=None
[2025-07-19T13:41:51.113+0000] {processor.py:183} INFO - Processing /opt/airflow/dags/eda_airflow copy.py took 9.289 seconds
[2025-07-19T13:42:25.689+0000] {processor.py:161} INFO - Started process (PID=4561) to work on /opt/airflow/dags/eda_airflow copy.py
[2025-07-19T13:42:25.690+0000] {processor.py:830} INFO - Processing file /opt/airflow/dags/eda_airflow copy.py for tasks to queue
[2025-07-19T13:42:25.691+0000] {logging_mixin.py:188} INFO - [2025-07-19T13:42:25.690+0000] {dagbag.py:538} INFO - Filling up the DagBag from /opt/airflow/dags/eda_airflow copy.py
[2025-07-19T13:42:25.701+0000] {processor.py:840} INFO - DAG(s) 'launch_streamlit_dashboard' retrieved from /opt/airflow/dags/eda_airflow copy.py
[2025-07-19T13:42:25.770+0000] {logging_mixin.py:188} INFO - [2025-07-19T13:42:25.770+0000] {dag.py:3036} INFO - Sync 1 DAGs
[2025-07-19T13:42:25.783+0000] {logging_mixin.py:188} INFO - [2025-07-19T13:42:25.782+0000] {dag.py:3823} INFO - Setting next_dagrun for launch_streamlit_dashboard to None, run_after=None
[2025-07-19T13:42:25.872+0000] {processor.py:183} INFO - Processing /opt/airflow/dags/eda_airflow copy.py took 0.187 seconds
[2025-07-19T13:42:57.610+0000] {processor.py:161} INFO - Started process (PID=4591) to work on /opt/airflow/dags/eda_airflow copy.py
[2025-07-19T13:42:57.612+0000] {processor.py:830} INFO - Processing file /opt/airflow/dags/eda_airflow copy.py for tasks to queue
[2025-07-19T13:42:57.612+0000] {logging_mixin.py:188} INFO - [2025-07-19T13:42:57.612+0000] {dagbag.py:538} INFO - Filling up the DagBag from /opt/airflow/dags/eda_airflow copy.py
[2025-07-19T13:42:57.945+0000] {processor.py:840} INFO - DAG(s) 'launch_streamlit_dashboard' retrieved from /opt/airflow/dags/eda_airflow copy.py
[2025-07-19T13:42:58.225+0000] {logging_mixin.py:188} INFO - [2025-07-19T13:42:58.225+0000] {dag.py:3036} INFO - Sync 1 DAGs
[2025-07-19T13:42:58.235+0000] {logging_mixin.py:188} INFO - [2025-07-19T13:42:58.235+0000] {dag.py:3823} INFO - Setting next_dagrun for launch_streamlit_dashboard to None, run_after=None
[2025-07-19T13:42:58.259+0000] {processor.py:183} INFO - Processing /opt/airflow/dags/eda_airflow copy.py took 0.652 seconds
[2025-07-19T13:43:29.919+0000] {processor.py:161} INFO - Started process (PID=4621) to work on /opt/airflow/dags/eda_airflow copy.py
[2025-07-19T13:43:29.921+0000] {processor.py:830} INFO - Processing file /opt/airflow/dags/eda_airflow copy.py for tasks to queue
[2025-07-19T13:43:29.922+0000] {logging_mixin.py:188} INFO - [2025-07-19T13:43:29.922+0000] {dagbag.py:538} INFO - Filling up the DagBag from /opt/airflow/dags/eda_airflow copy.py
[2025-07-19T13:43:29.935+0000] {processor.py:840} INFO - DAG(s) 'launch_streamlit_dashboard' retrieved from /opt/airflow/dags/eda_airflow copy.py
[2025-07-19T13:43:30.064+0000] {logging_mixin.py:188} INFO - [2025-07-19T13:43:30.064+0000] {dag.py:3036} INFO - Sync 1 DAGs
[2025-07-19T13:43:30.080+0000] {logging_mixin.py:188} INFO - [2025-07-19T13:43:30.079+0000] {dag.py:3823} INFO - Setting next_dagrun for launch_streamlit_dashboard to None, run_after=None
[2025-07-19T13:43:30.106+0000] {processor.py:183} INFO - Processing /opt/airflow/dags/eda_airflow copy.py took 0.190 seconds
[2025-07-19T13:44:00.378+0000] {processor.py:161} INFO - Started process (PID=4651) to work on /opt/airflow/dags/eda_airflow copy.py
[2025-07-19T13:44:00.380+0000] {processor.py:830} INFO - Processing file /opt/airflow/dags/eda_airflow copy.py for tasks to queue
[2025-07-19T13:44:00.381+0000] {logging_mixin.py:188} INFO - [2025-07-19T13:44:00.381+0000] {dagbag.py:538} INFO - Filling up the DagBag from /opt/airflow/dags/eda_airflow copy.py
[2025-07-19T13:44:00.392+0000] {processor.py:840} INFO - DAG(s) 'launch_streamlit_dashboard' retrieved from /opt/airflow/dags/eda_airflow copy.py
[2025-07-19T13:44:00.521+0000] {logging_mixin.py:188} INFO - [2025-07-19T13:44:00.521+0000] {dag.py:3036} INFO - Sync 1 DAGs
[2025-07-19T13:44:00.538+0000] {logging_mixin.py:188} INFO - [2025-07-19T13:44:00.538+0000] {dag.py:3823} INFO - Setting next_dagrun for launch_streamlit_dashboard to None, run_after=None
[2025-07-19T13:44:00.618+0000] {processor.py:183} INFO - Processing /opt/airflow/dags/eda_airflow copy.py took 0.243 seconds
[2025-07-19T13:44:31.375+0000] {processor.py:161} INFO - Started process (PID=4681) to work on /opt/airflow/dags/eda_airflow copy.py
[2025-07-19T13:44:31.376+0000] {processor.py:830} INFO - Processing file /opt/airflow/dags/eda_airflow copy.py for tasks to queue
[2025-07-19T13:44:31.378+0000] {logging_mixin.py:188} INFO - [2025-07-19T13:44:31.377+0000] {dagbag.py:538} INFO - Filling up the DagBag from /opt/airflow/dags/eda_airflow copy.py
[2025-07-19T13:44:31.484+0000] {processor.py:840} INFO - DAG(s) 'launch_streamlit_dashboard' retrieved from /opt/airflow/dags/eda_airflow copy.py
[2025-07-19T13:44:31.814+0000] {logging_mixin.py:188} INFO - [2025-07-19T13:44:31.814+0000] {dag.py:3036} INFO - Sync 1 DAGs
[2025-07-19T13:44:31.833+0000] {logging_mixin.py:188} INFO - [2025-07-19T13:44:31.833+0000] {dag.py:3823} INFO - Setting next_dagrun for launch_streamlit_dashboard to None, run_after=None
[2025-07-19T13:44:31.871+0000] {processor.py:183} INFO - Processing /opt/airflow/dags/eda_airflow copy.py took 0.499 seconds
[2025-07-19T13:45:02.154+0000] {processor.py:161} INFO - Started process (PID=4711) to work on /opt/airflow/dags/eda_airflow copy.py
[2025-07-19T13:45:02.155+0000] {processor.py:830} INFO - Processing file /opt/airflow/dags/eda_airflow copy.py for tasks to queue
[2025-07-19T13:45:02.156+0000] {logging_mixin.py:188} INFO - [2025-07-19T13:45:02.156+0000] {dagbag.py:538} INFO - Filling up the DagBag from /opt/airflow/dags/eda_airflow copy.py
[2025-07-19T13:45:02.170+0000] {processor.py:840} INFO - DAG(s) 'launch_streamlit_dashboard' retrieved from /opt/airflow/dags/eda_airflow copy.py
[2025-07-19T13:45:02.197+0000] {logging_mixin.py:188} INFO - [2025-07-19T13:45:02.197+0000] {dag.py:3036} INFO - Sync 1 DAGs
[2025-07-19T13:45:02.214+0000] {logging_mixin.py:188} INFO - [2025-07-19T13:45:02.213+0000] {dag.py:3823} INFO - Setting next_dagrun for launch_streamlit_dashboard to None, run_after=None
[2025-07-19T13:45:02.318+0000] {processor.py:183} INFO - Processing /opt/airflow/dags/eda_airflow copy.py took 0.168 seconds
[2025-07-19T13:45:33.835+0000] {processor.py:161} INFO - Started process (PID=4739) to work on /opt/airflow/dags/eda_airflow copy.py
[2025-07-19T13:45:33.836+0000] {processor.py:830} INFO - Processing file /opt/airflow/dags/eda_airflow copy.py for tasks to queue
[2025-07-19T13:45:33.837+0000] {logging_mixin.py:188} INFO - [2025-07-19T13:45:33.837+0000] {dagbag.py:538} INFO - Filling up the DagBag from /opt/airflow/dags/eda_airflow copy.py
[2025-07-19T13:45:33.850+0000] {processor.py:840} INFO - DAG(s) 'launch_streamlit_dashboard' retrieved from /opt/airflow/dags/eda_airflow copy.py
[2025-07-19T13:45:33.878+0000] {logging_mixin.py:188} INFO - [2025-07-19T13:45:33.878+0000] {dag.py:3036} INFO - Sync 1 DAGs
[2025-07-19T13:45:33.890+0000] {logging_mixin.py:188} INFO - [2025-07-19T13:45:33.890+0000] {dag.py:3823} INFO - Setting next_dagrun for launch_streamlit_dashboard to None, run_after=None
[2025-07-19T13:45:33.976+0000] {processor.py:183} INFO - Processing /opt/airflow/dags/eda_airflow copy.py took 0.145 seconds
[2025-07-19T13:46:04.749+0000] {processor.py:161} INFO - Started process (PID=4764) to work on /opt/airflow/dags/eda_airflow copy.py
[2025-07-19T13:46:04.750+0000] {processor.py:830} INFO - Processing file /opt/airflow/dags/eda_airflow copy.py for tasks to queue
[2025-07-19T13:46:04.751+0000] {logging_mixin.py:188} INFO - [2025-07-19T13:46:04.751+0000] {dagbag.py:538} INFO - Filling up the DagBag from /opt/airflow/dags/eda_airflow copy.py
[2025-07-19T13:46:05.187+0000] {processor.py:840} INFO - DAG(s) 'launch_streamlit_dashboard' retrieved from /opt/airflow/dags/eda_airflow copy.py
[2025-07-19T13:46:05.321+0000] {logging_mixin.py:188} INFO - [2025-07-19T13:46:05.321+0000] {dag.py:3036} INFO - Sync 1 DAGs
[2025-07-19T13:46:05.336+0000] {logging_mixin.py:188} INFO - [2025-07-19T13:46:05.336+0000] {dag.py:3823} INFO - Setting next_dagrun for launch_streamlit_dashboard to None, run_after=None
[2025-07-19T13:46:05.358+0000] {processor.py:183} INFO - Processing /opt/airflow/dags/eda_airflow copy.py took 0.612 seconds
[2025-07-19T13:46:35.686+0000] {processor.py:161} INFO - Started process (PID=4794) to work on /opt/airflow/dags/eda_airflow copy.py
[2025-07-19T13:46:35.687+0000] {processor.py:830} INFO - Processing file /opt/airflow/dags/eda_airflow copy.py for tasks to queue
[2025-07-19T13:46:35.688+0000] {logging_mixin.py:188} INFO - [2025-07-19T13:46:35.688+0000] {dagbag.py:538} INFO - Filling up the DagBag from /opt/airflow/dags/eda_airflow copy.py
[2025-07-19T13:46:35.700+0000] {processor.py:840} INFO - DAG(s) 'launch_streamlit_dashboard' retrieved from /opt/airflow/dags/eda_airflow copy.py
[2025-07-19T13:46:35.712+0000] {logging_mixin.py:188} INFO - [2025-07-19T13:46:35.711+0000] {dag.py:3036} INFO - Sync 1 DAGs
[2025-07-19T13:46:35.724+0000] {logging_mixin.py:188} INFO - [2025-07-19T13:46:35.724+0000] {dag.py:3823} INFO - Setting next_dagrun for launch_streamlit_dashboard to None, run_after=None
[2025-07-19T13:46:36.369+0000] {processor.py:183} INFO - Processing /opt/airflow/dags/eda_airflow copy.py took 0.686 seconds
[2025-07-19T13:47:07.537+0000] {processor.py:161} INFO - Started process (PID=4826) to work on /opt/airflow/dags/eda_airflow copy.py
[2025-07-19T13:47:07.654+0000] {processor.py:830} INFO - Processing file /opt/airflow/dags/eda_airflow copy.py for tasks to queue
[2025-07-19T13:47:07.655+0000] {logging_mixin.py:188} INFO - [2025-07-19T13:47:07.655+0000] {dagbag.py:538} INFO - Filling up the DagBag from /opt/airflow/dags/eda_airflow copy.py
[2025-07-19T13:47:07.674+0000] {processor.py:840} INFO - DAG(s) 'launch_streamlit_dashboard' retrieved from /opt/airflow/dags/eda_airflow copy.py
[2025-07-19T13:47:15.410+0000] {logging_mixin.py:188} INFO - [2025-07-19T13:47:15.410+0000] {dag.py:3036} INFO - Sync 1 DAGs
[2025-07-19T13:47:15.457+0000] {logging_mixin.py:188} INFO - [2025-07-19T13:47:15.456+0000] {dag.py:3823} INFO - Setting next_dagrun for launch_streamlit_dashboard to None, run_after=None
[2025-07-19T13:47:15.740+0000] {processor.py:183} INFO - Processing /opt/airflow/dags/eda_airflow copy.py took 8.208 seconds
[2025-07-19T13:47:46.270+0000] {processor.py:161} INFO - Started process (PID=4858) to work on /opt/airflow/dags/eda_airflow copy.py
[2025-07-19T13:47:46.271+0000] {processor.py:830} INFO - Processing file /opt/airflow/dags/eda_airflow copy.py for tasks to queue
[2025-07-19T13:47:46.272+0000] {logging_mixin.py:188} INFO - [2025-07-19T13:47:46.272+0000] {dagbag.py:538} INFO - Filling up the DagBag from /opt/airflow/dags/eda_airflow copy.py
[2025-07-19T13:47:46.284+0000] {processor.py:840} INFO - DAG(s) 'launch_streamlit_dashboard' retrieved from /opt/airflow/dags/eda_airflow copy.py
[2025-07-19T13:47:46.297+0000] {logging_mixin.py:188} INFO - [2025-07-19T13:47:46.297+0000] {dag.py:3036} INFO - Sync 1 DAGs
[2025-07-19T13:47:46.316+0000] {logging_mixin.py:188} INFO - [2025-07-19T13:47:46.316+0000] {dag.py:3823} INFO - Setting next_dagrun for launch_streamlit_dashboard to None, run_after=None
[2025-07-19T13:47:46.346+0000] {processor.py:183} INFO - Processing /opt/airflow/dags/eda_airflow copy.py took 0.080 seconds
[2025-07-19T13:48:19.322+0000] {processor.py:161} INFO - Started process (PID=4886) to work on /opt/airflow/dags/eda_airflow copy.py
[2025-07-19T13:48:19.324+0000] {processor.py:830} INFO - Processing file /opt/airflow/dags/eda_airflow copy.py for tasks to queue
[2025-07-19T13:48:19.327+0000] {logging_mixin.py:188} INFO - [2025-07-19T13:48:19.326+0000] {dagbag.py:538} INFO - Filling up the DagBag from /opt/airflow/dags/eda_airflow copy.py
[2025-07-19T13:48:19.340+0000] {processor.py:840} INFO - DAG(s) 'launch_streamlit_dashboard' retrieved from /opt/airflow/dags/eda_airflow copy.py
[2025-07-19T13:48:20.968+0000] {logging_mixin.py:188} INFO - [2025-07-19T13:48:20.968+0000] {dag.py:3036} INFO - Sync 1 DAGs
[2025-07-19T13:48:20.989+0000] {logging_mixin.py:188} INFO - [2025-07-19T13:48:20.989+0000] {dag.py:3823} INFO - Setting next_dagrun for launch_streamlit_dashboard to None, run_after=None
[2025-07-19T13:48:21.815+0000] {processor.py:183} INFO - Processing /opt/airflow/dags/eda_airflow copy.py took 2.497 seconds
[2025-07-19T13:48:52.459+0000] {processor.py:161} INFO - Started process (PID=4918) to work on /opt/airflow/dags/eda_airflow copy.py
[2025-07-19T13:48:52.460+0000] {processor.py:830} INFO - Processing file /opt/airflow/dags/eda_airflow copy.py for tasks to queue
[2025-07-19T13:48:52.461+0000] {logging_mixin.py:188} INFO - [2025-07-19T13:48:52.461+0000] {dagbag.py:538} INFO - Filling up the DagBag from /opt/airflow/dags/eda_airflow copy.py
[2025-07-19T13:48:52.546+0000] {processor.py:840} INFO - DAG(s) 'launch_streamlit_dashboard' retrieved from /opt/airflow/dags/eda_airflow copy.py
[2025-07-19T13:48:52.649+0000] {logging_mixin.py:188} INFO - [2025-07-19T13:48:52.649+0000] {dag.py:3036} INFO - Sync 1 DAGs
[2025-07-19T13:48:52.661+0000] {logging_mixin.py:188} INFO - [2025-07-19T13:48:52.661+0000] {dag.py:3823} INFO - Setting next_dagrun for launch_streamlit_dashboard to None, run_after=None
[2025-07-19T13:48:52.712+0000] {processor.py:183} INFO - Processing /opt/airflow/dags/eda_airflow copy.py took 0.257 seconds
[2025-07-19T13:49:22.752+0000] {processor.py:161} INFO - Started process (PID=4952) to work on /opt/airflow/dags/eda_airflow copy.py
[2025-07-19T13:49:22.754+0000] {processor.py:830} INFO - Processing file /opt/airflow/dags/eda_airflow copy.py for tasks to queue
[2025-07-19T13:49:22.755+0000] {logging_mixin.py:188} INFO - [2025-07-19T13:49:22.754+0000] {dagbag.py:538} INFO - Filling up the DagBag from /opt/airflow/dags/eda_airflow copy.py
[2025-07-19T13:49:22.766+0000] {processor.py:840} INFO - DAG(s) 'launch_streamlit_dashboard' retrieved from /opt/airflow/dags/eda_airflow copy.py
[2025-07-19T13:49:23.317+0000] {logging_mixin.py:188} INFO - [2025-07-19T13:49:23.317+0000] {dag.py:3036} INFO - Sync 1 DAGs
[2025-07-19T13:49:23.332+0000] {logging_mixin.py:188} INFO - [2025-07-19T13:49:23.332+0000] {dag.py:3823} INFO - Setting next_dagrun for launch_streamlit_dashboard to None, run_after=None
[2025-07-19T13:49:23.410+0000] {processor.py:183} INFO - Processing /opt/airflow/dags/eda_airflow copy.py took 0.660 seconds
[2025-07-19T13:49:59.874+0000] {processor.py:161} INFO - Started process (PID=4993) to work on /opt/airflow/dags/eda_airflow copy.py
[2025-07-19T13:49:59.977+0000] {processor.py:830} INFO - Processing file /opt/airflow/dags/eda_airflow copy.py for tasks to queue
[2025-07-19T13:50:00.245+0000] {logging_mixin.py:188} INFO - [2025-07-19T13:50:00.203+0000] {dagbag.py:538} INFO - Filling up the DagBag from /opt/airflow/dags/eda_airflow copy.py
[2025-07-19T13:50:00.687+0000] {processor.py:840} INFO - DAG(s) 'launch_streamlit_dashboard' retrieved from /opt/airflow/dags/eda_airflow copy.py
[2025-07-19T13:50:05.552+0000] {logging_mixin.py:188} INFO - [2025-07-19T13:50:05.551+0000] {dag.py:3036} INFO - Sync 1 DAGs
[2025-07-19T13:50:05.640+0000] {logging_mixin.py:188} INFO - [2025-07-19T13:50:05.640+0000] {dag.py:3823} INFO - Setting next_dagrun for launch_streamlit_dashboard to None, run_after=None
[2025-07-19T13:50:05.721+0000] {processor.py:183} INFO - Processing /opt/airflow/dags/eda_airflow copy.py took 5.850 seconds
[2025-07-19T13:50:36.690+0000] {processor.py:161} INFO - Started process (PID=5034) to work on /opt/airflow/dags/eda_airflow copy.py
[2025-07-19T13:50:36.694+0000] {processor.py:830} INFO - Processing file /opt/airflow/dags/eda_airflow copy.py for tasks to queue
[2025-07-19T13:50:36.695+0000] {logging_mixin.py:188} INFO - [2025-07-19T13:50:36.695+0000] {dagbag.py:538} INFO - Filling up the DagBag from /opt/airflow/dags/eda_airflow copy.py
[2025-07-19T13:50:36.713+0000] {processor.py:840} INFO - DAG(s) 'launch_streamlit_dashboard' retrieved from /opt/airflow/dags/eda_airflow copy.py
[2025-07-19T13:50:38.023+0000] {logging_mixin.py:188} INFO - [2025-07-19T13:50:38.020+0000] {dag.py:3036} INFO - Sync 1 DAGs
[2025-07-19T13:50:38.044+0000] {logging_mixin.py:188} INFO - [2025-07-19T13:50:38.044+0000] {dag.py:3823} INFO - Setting next_dagrun for launch_streamlit_dashboard to None, run_after=None
[2025-07-19T13:50:38.237+0000] {processor.py:183} INFO - Processing /opt/airflow/dags/eda_airflow copy.py took 1.556 seconds
[2025-07-19T13:51:09.981+0000] {processor.py:161} INFO - Started process (PID=5064) to work on /opt/airflow/dags/eda_airflow copy.py
[2025-07-19T13:51:09.984+0000] {processor.py:830} INFO - Processing file /opt/airflow/dags/eda_airflow copy.py for tasks to queue
[2025-07-19T13:51:09.985+0000] {logging_mixin.py:188} INFO - [2025-07-19T13:51:09.985+0000] {dagbag.py:538} INFO - Filling up the DagBag from /opt/airflow/dags/eda_airflow copy.py
[2025-07-19T13:51:10.150+0000] {processor.py:840} INFO - DAG(s) 'launch_streamlit_dashboard' retrieved from /opt/airflow/dags/eda_airflow copy.py
[2025-07-19T13:51:10.252+0000] {logging_mixin.py:188} INFO - [2025-07-19T13:51:10.252+0000] {dag.py:3036} INFO - Sync 1 DAGs
[2025-07-19T13:51:10.268+0000] {logging_mixin.py:188} INFO - [2025-07-19T13:51:10.267+0000] {dag.py:3823} INFO - Setting next_dagrun for launch_streamlit_dashboard to None, run_after=None
[2025-07-19T13:51:10.346+0000] {processor.py:183} INFO - Processing /opt/airflow/dags/eda_airflow copy.py took 0.370 seconds
[2025-07-19T13:51:40.431+0000] {processor.py:161} INFO - Started process (PID=5103) to work on /opt/airflow/dags/eda_airflow copy.py
[2025-07-19T13:51:40.432+0000] {processor.py:830} INFO - Processing file /opt/airflow/dags/eda_airflow copy.py for tasks to queue
[2025-07-19T13:51:40.434+0000] {logging_mixin.py:188} INFO - [2025-07-19T13:51:40.433+0000] {dagbag.py:538} INFO - Filling up the DagBag from /opt/airflow/dags/eda_airflow copy.py
[2025-07-19T13:51:40.445+0000] {processor.py:840} INFO - DAG(s) 'launch_streamlit_dashboard' retrieved from /opt/airflow/dags/eda_airflow copy.py
[2025-07-19T13:51:40.592+0000] {logging_mixin.py:188} INFO - [2025-07-19T13:51:40.592+0000] {dag.py:3036} INFO - Sync 1 DAGs
[2025-07-19T13:51:40.602+0000] {logging_mixin.py:188} INFO - [2025-07-19T13:51:40.602+0000] {dag.py:3823} INFO - Setting next_dagrun for launch_streamlit_dashboard to None, run_after=None
[2025-07-19T13:51:40.644+0000] {processor.py:183} INFO - Processing /opt/airflow/dags/eda_airflow copy.py took 0.216 seconds
[2025-07-19T13:52:10.813+0000] {processor.py:161} INFO - Started process (PID=5121) to work on /opt/airflow/dags/eda_airflow copy.py
[2025-07-19T13:52:10.815+0000] {processor.py:830} INFO - Processing file /opt/airflow/dags/eda_airflow copy.py for tasks to queue
[2025-07-19T13:52:10.818+0000] {logging_mixin.py:188} INFO - [2025-07-19T13:52:10.817+0000] {dagbag.py:538} INFO - Filling up the DagBag from /opt/airflow/dags/eda_airflow copy.py
[2025-07-19T13:52:10.834+0000] {processor.py:840} INFO - DAG(s) 'launch_streamlit_dashboard' retrieved from /opt/airflow/dags/eda_airflow copy.py
[2025-07-19T13:52:10.866+0000] {logging_mixin.py:188} INFO - [2025-07-19T13:52:10.866+0000] {dag.py:3036} INFO - Sync 1 DAGs
[2025-07-19T13:52:10.881+0000] {logging_mixin.py:188} INFO - [2025-07-19T13:52:10.880+0000] {dag.py:3823} INFO - Setting next_dagrun for launch_streamlit_dashboard to None, run_after=None
[2025-07-19T13:52:10.906+0000] {processor.py:183} INFO - Processing /opt/airflow/dags/eda_airflow copy.py took 0.097 seconds
[2025-07-19T13:52:41.689+0000] {processor.py:161} INFO - Started process (PID=5151) to work on /opt/airflow/dags/eda_airflow copy.py
[2025-07-19T13:52:41.692+0000] {processor.py:830} INFO - Processing file /opt/airflow/dags/eda_airflow copy.py for tasks to queue
[2025-07-19T13:52:41.695+0000] {logging_mixin.py:188} INFO - [2025-07-19T13:52:41.694+0000] {dagbag.py:538} INFO - Filling up the DagBag from /opt/airflow/dags/eda_airflow copy.py
[2025-07-19T13:52:41.714+0000] {processor.py:840} INFO - DAG(s) 'launch_streamlit_dashboard' retrieved from /opt/airflow/dags/eda_airflow copy.py
[2025-07-19T13:52:41.871+0000] {logging_mixin.py:188} INFO - [2025-07-19T13:52:41.871+0000] {dag.py:3036} INFO - Sync 1 DAGs
[2025-07-19T13:52:41.885+0000] {logging_mixin.py:188} INFO - [2025-07-19T13:52:41.885+0000] {dag.py:3823} INFO - Setting next_dagrun for launch_streamlit_dashboard to None, run_after=None
[2025-07-19T13:52:41.915+0000] {processor.py:183} INFO - Processing /opt/airflow/dags/eda_airflow copy.py took 0.233 seconds
[2025-07-19T13:53:12.298+0000] {processor.py:161} INFO - Started process (PID=5181) to work on /opt/airflow/dags/eda_airflow copy.py
[2025-07-19T13:53:12.299+0000] {processor.py:830} INFO - Processing file /opt/airflow/dags/eda_airflow copy.py for tasks to queue
[2025-07-19T13:53:12.300+0000] {logging_mixin.py:188} INFO - [2025-07-19T13:53:12.300+0000] {dagbag.py:538} INFO - Filling up the DagBag from /opt/airflow/dags/eda_airflow copy.py
[2025-07-19T13:53:12.312+0000] {processor.py:840} INFO - DAG(s) 'launch_streamlit_dashboard' retrieved from /opt/airflow/dags/eda_airflow copy.py
[2025-07-19T13:53:12.345+0000] {logging_mixin.py:188} INFO - [2025-07-19T13:53:12.344+0000] {dag.py:3036} INFO - Sync 1 DAGs
[2025-07-19T13:53:12.359+0000] {logging_mixin.py:188} INFO - [2025-07-19T13:53:12.358+0000] {dag.py:3823} INFO - Setting next_dagrun for launch_streamlit_dashboard to None, run_after=None
[2025-07-19T13:53:12.386+0000] {processor.py:183} INFO - Processing /opt/airflow/dags/eda_airflow copy.py took 0.091 seconds
[2025-07-19T13:53:42.806+0000] {processor.py:161} INFO - Started process (PID=5238) to work on /opt/airflow/dags/eda_airflow copy.py
[2025-07-19T13:53:42.807+0000] {processor.py:830} INFO - Processing file /opt/airflow/dags/eda_airflow copy.py for tasks to queue
[2025-07-19T13:53:42.809+0000] {logging_mixin.py:188} INFO - [2025-07-19T13:53:42.808+0000] {dagbag.py:538} INFO - Filling up the DagBag from /opt/airflow/dags/eda_airflow copy.py
[2025-07-19T13:53:42.821+0000] {processor.py:840} INFO - DAG(s) 'launch_streamlit_dashboard' retrieved from /opt/airflow/dags/eda_airflow copy.py
[2025-07-19T13:53:42.950+0000] {logging_mixin.py:188} INFO - [2025-07-19T13:53:42.950+0000] {dag.py:3036} INFO - Sync 1 DAGs
[2025-07-19T13:53:42.962+0000] {logging_mixin.py:188} INFO - [2025-07-19T13:53:42.961+0000] {dag.py:3823} INFO - Setting next_dagrun for launch_streamlit_dashboard to None, run_after=None
[2025-07-19T13:53:42.989+0000] {processor.py:183} INFO - Processing /opt/airflow/dags/eda_airflow copy.py took 0.187 seconds
[2025-07-19T13:54:13.525+0000] {processor.py:161} INFO - Started process (PID=5273) to work on /opt/airflow/dags/eda_airflow copy.py
[2025-07-19T13:54:13.526+0000] {processor.py:830} INFO - Processing file /opt/airflow/dags/eda_airflow copy.py for tasks to queue
[2025-07-19T13:54:13.527+0000] {logging_mixin.py:188} INFO - [2025-07-19T13:54:13.526+0000] {dagbag.py:538} INFO - Filling up the DagBag from /opt/airflow/dags/eda_airflow copy.py
[2025-07-19T13:54:13.538+0000] {processor.py:840} INFO - DAG(s) 'launch_streamlit_dashboard' retrieved from /opt/airflow/dags/eda_airflow copy.py
[2025-07-19T13:54:13.565+0000] {logging_mixin.py:188} INFO - [2025-07-19T13:54:13.565+0000] {dag.py:3036} INFO - Sync 1 DAGs
[2025-07-19T13:54:13.579+0000] {logging_mixin.py:188} INFO - [2025-07-19T13:54:13.579+0000] {dag.py:3823} INFO - Setting next_dagrun for launch_streamlit_dashboard to None, run_after=None
[2025-07-19T13:54:13.603+0000] {processor.py:183} INFO - Processing /opt/airflow/dags/eda_airflow copy.py took 0.081 seconds
[2025-07-19T13:54:44.117+0000] {processor.py:161} INFO - Started process (PID=5303) to work on /opt/airflow/dags/eda_airflow copy.py
[2025-07-19T13:54:44.118+0000] {processor.py:830} INFO - Processing file /opt/airflow/dags/eda_airflow copy.py for tasks to queue
[2025-07-19T13:54:44.119+0000] {logging_mixin.py:188} INFO - [2025-07-19T13:54:44.119+0000] {dagbag.py:538} INFO - Filling up the DagBag from /opt/airflow/dags/eda_airflow copy.py
[2025-07-19T13:54:44.131+0000] {processor.py:840} INFO - DAG(s) 'launch_streamlit_dashboard' retrieved from /opt/airflow/dags/eda_airflow copy.py
[2025-07-19T13:54:44.268+0000] {logging_mixin.py:188} INFO - [2025-07-19T13:54:44.268+0000] {dag.py:3036} INFO - Sync 1 DAGs
[2025-07-19T13:54:44.278+0000] {logging_mixin.py:188} INFO - [2025-07-19T13:54:44.278+0000] {dag.py:3823} INFO - Setting next_dagrun for launch_streamlit_dashboard to None, run_after=None
[2025-07-19T13:54:44.323+0000] {processor.py:183} INFO - Processing /opt/airflow/dags/eda_airflow copy.py took 0.210 seconds
[2025-07-19T13:55:14.779+0000] {processor.py:161} INFO - Started process (PID=5333) to work on /opt/airflow/dags/eda_airflow copy.py
[2025-07-19T13:55:14.780+0000] {processor.py:830} INFO - Processing file /opt/airflow/dags/eda_airflow copy.py for tasks to queue
[2025-07-19T13:55:14.781+0000] {logging_mixin.py:188} INFO - [2025-07-19T13:55:14.781+0000] {dagbag.py:538} INFO - Filling up the DagBag from /opt/airflow/dags/eda_airflow copy.py
[2025-07-19T13:55:14.793+0000] {processor.py:840} INFO - DAG(s) 'launch_streamlit_dashboard' retrieved from /opt/airflow/dags/eda_airflow copy.py
[2025-07-19T13:55:14.825+0000] {logging_mixin.py:188} INFO - [2025-07-19T13:55:14.824+0000] {dag.py:3036} INFO - Sync 1 DAGs
[2025-07-19T13:55:14.838+0000] {logging_mixin.py:188} INFO - [2025-07-19T13:55:14.838+0000] {dag.py:3823} INFO - Setting next_dagrun for launch_streamlit_dashboard to None, run_after=None
[2025-07-19T13:55:14.858+0000] {processor.py:183} INFO - Processing /opt/airflow/dags/eda_airflow copy.py took 0.083 seconds
[2025-07-19T13:55:45.414+0000] {processor.py:161} INFO - Started process (PID=5363) to work on /opt/airflow/dags/eda_airflow copy.py
[2025-07-19T13:55:45.415+0000] {processor.py:830} INFO - Processing file /opt/airflow/dags/eda_airflow copy.py for tasks to queue
[2025-07-19T13:55:45.417+0000] {logging_mixin.py:188} INFO - [2025-07-19T13:55:45.416+0000] {dagbag.py:538} INFO - Filling up the DagBag from /opt/airflow/dags/eda_airflow copy.py
[2025-07-19T13:55:45.430+0000] {processor.py:840} INFO - DAG(s) 'launch_streamlit_dashboard' retrieved from /opt/airflow/dags/eda_airflow copy.py
[2025-07-19T13:55:45.558+0000] {logging_mixin.py:188} INFO - [2025-07-19T13:55:45.558+0000] {dag.py:3036} INFO - Sync 1 DAGs
[2025-07-19T13:55:45.570+0000] {logging_mixin.py:188} INFO - [2025-07-19T13:55:45.570+0000] {dag.py:3823} INFO - Setting next_dagrun for launch_streamlit_dashboard to None, run_after=None
[2025-07-19T13:55:45.594+0000] {processor.py:183} INFO - Processing /opt/airflow/dags/eda_airflow copy.py took 0.184 seconds
[2025-07-19T13:56:16.000+0000] {processor.py:161} INFO - Started process (PID=5393) to work on /opt/airflow/dags/eda_airflow copy.py
[2025-07-19T13:56:16.001+0000] {processor.py:830} INFO - Processing file /opt/airflow/dags/eda_airflow copy.py for tasks to queue
[2025-07-19T13:56:16.003+0000] {logging_mixin.py:188} INFO - [2025-07-19T13:56:16.002+0000] {dagbag.py:538} INFO - Filling up the DagBag from /opt/airflow/dags/eda_airflow copy.py
[2025-07-19T13:56:16.016+0000] {processor.py:840} INFO - DAG(s) 'launch_streamlit_dashboard' retrieved from /opt/airflow/dags/eda_airflow copy.py
[2025-07-19T13:56:16.054+0000] {logging_mixin.py:188} INFO - [2025-07-19T13:56:16.054+0000] {dag.py:3036} INFO - Sync 1 DAGs
[2025-07-19T13:56:16.074+0000] {logging_mixin.py:188} INFO - [2025-07-19T13:56:16.074+0000] {dag.py:3823} INFO - Setting next_dagrun for launch_streamlit_dashboard to None, run_after=None
[2025-07-19T13:56:16.101+0000] {processor.py:183} INFO - Processing /opt/airflow/dags/eda_airflow copy.py took 0.106 seconds
[2025-07-19T13:56:46.811+0000] {processor.py:161} INFO - Started process (PID=5423) to work on /opt/airflow/dags/eda_airflow copy.py
[2025-07-19T13:56:46.813+0000] {processor.py:830} INFO - Processing file /opt/airflow/dags/eda_airflow copy.py for tasks to queue
[2025-07-19T13:56:46.814+0000] {logging_mixin.py:188} INFO - [2025-07-19T13:56:46.814+0000] {dagbag.py:538} INFO - Filling up the DagBag from /opt/airflow/dags/eda_airflow copy.py
[2025-07-19T13:56:46.827+0000] {processor.py:840} INFO - DAG(s) 'launch_streamlit_dashboard' retrieved from /opt/airflow/dags/eda_airflow copy.py
[2025-07-19T13:56:46.941+0000] {logging_mixin.py:188} INFO - [2025-07-19T13:56:46.941+0000] {dag.py:3036} INFO - Sync 1 DAGs
[2025-07-19T13:56:46.952+0000] {logging_mixin.py:188} INFO - [2025-07-19T13:56:46.951+0000] {dag.py:3823} INFO - Setting next_dagrun for launch_streamlit_dashboard to None, run_after=None
[2025-07-19T13:56:46.977+0000] {processor.py:183} INFO - Processing /opt/airflow/dags/eda_airflow copy.py took 0.169 seconds
[2025-07-19T13:57:17.380+0000] {processor.py:161} INFO - Started process (PID=5453) to work on /opt/airflow/dags/eda_airflow copy.py
[2025-07-19T13:57:17.381+0000] {processor.py:830} INFO - Processing file /opt/airflow/dags/eda_airflow copy.py for tasks to queue
[2025-07-19T13:57:17.382+0000] {logging_mixin.py:188} INFO - [2025-07-19T13:57:17.382+0000] {dagbag.py:538} INFO - Filling up the DagBag from /opt/airflow/dags/eda_airflow copy.py
[2025-07-19T13:57:17.399+0000] {processor.py:840} INFO - DAG(s) 'launch_streamlit_dashboard' retrieved from /opt/airflow/dags/eda_airflow copy.py
[2025-07-19T13:57:17.428+0000] {logging_mixin.py:188} INFO - [2025-07-19T13:57:17.428+0000] {dag.py:3036} INFO - Sync 1 DAGs
[2025-07-19T13:57:17.444+0000] {logging_mixin.py:188} INFO - [2025-07-19T13:57:17.444+0000] {dag.py:3823} INFO - Setting next_dagrun for launch_streamlit_dashboard to None, run_after=None
[2025-07-19T13:57:17.467+0000] {processor.py:183} INFO - Processing /opt/airflow/dags/eda_airflow copy.py took 0.091 seconds
[2025-07-19T13:57:48.069+0000] {processor.py:161} INFO - Started process (PID=5483) to work on /opt/airflow/dags/eda_airflow copy.py
[2025-07-19T13:57:48.071+0000] {processor.py:830} INFO - Processing file /opt/airflow/dags/eda_airflow copy.py for tasks to queue
[2025-07-19T13:57:48.072+0000] {logging_mixin.py:188} INFO - [2025-07-19T13:57:48.072+0000] {dagbag.py:538} INFO - Filling up the DagBag from /opt/airflow/dags/eda_airflow copy.py
[2025-07-19T13:57:48.088+0000] {processor.py:840} INFO - DAG(s) 'launch_streamlit_dashboard' retrieved from /opt/airflow/dags/eda_airflow copy.py
[2025-07-19T13:57:48.222+0000] {logging_mixin.py:188} INFO - [2025-07-19T13:57:48.222+0000] {dag.py:3036} INFO - Sync 1 DAGs
[2025-07-19T13:57:48.233+0000] {logging_mixin.py:188} INFO - [2025-07-19T13:57:48.233+0000] {dag.py:3823} INFO - Setting next_dagrun for launch_streamlit_dashboard to None, run_after=None
[2025-07-19T13:57:48.258+0000] {processor.py:183} INFO - Processing /opt/airflow/dags/eda_airflow copy.py took 0.193 seconds
[2025-07-19T13:58:18.691+0000] {processor.py:161} INFO - Started process (PID=5513) to work on /opt/airflow/dags/eda_airflow copy.py
[2025-07-19T13:58:18.692+0000] {processor.py:830} INFO - Processing file /opt/airflow/dags/eda_airflow copy.py for tasks to queue
[2025-07-19T13:58:18.693+0000] {logging_mixin.py:188} INFO - [2025-07-19T13:58:18.692+0000] {dagbag.py:538} INFO - Filling up the DagBag from /opt/airflow/dags/eda_airflow copy.py
[2025-07-19T13:58:18.704+0000] {processor.py:840} INFO - DAG(s) 'launch_streamlit_dashboard' retrieved from /opt/airflow/dags/eda_airflow copy.py
[2025-07-19T13:58:18.737+0000] {logging_mixin.py:188} INFO - [2025-07-19T13:58:18.737+0000] {dag.py:3036} INFO - Sync 1 DAGs
[2025-07-19T13:58:18.754+0000] {logging_mixin.py:188} INFO - [2025-07-19T13:58:18.753+0000] {dag.py:3823} INFO - Setting next_dagrun for launch_streamlit_dashboard to None, run_after=None
[2025-07-19T13:58:18.779+0000] {processor.py:183} INFO - Processing /opt/airflow/dags/eda_airflow copy.py took 0.093 seconds
[2025-07-19T13:58:49.307+0000] {processor.py:161} INFO - Started process (PID=5543) to work on /opt/airflow/dags/eda_airflow copy.py
[2025-07-19T13:58:49.308+0000] {processor.py:830} INFO - Processing file /opt/airflow/dags/eda_airflow copy.py for tasks to queue
[2025-07-19T13:58:49.309+0000] {logging_mixin.py:188} INFO - [2025-07-19T13:58:49.309+0000] {dagbag.py:538} INFO - Filling up the DagBag from /opt/airflow/dags/eda_airflow copy.py
[2025-07-19T13:58:49.318+0000] {processor.py:840} INFO - DAG(s) 'launch_streamlit_dashboard' retrieved from /opt/airflow/dags/eda_airflow copy.py
[2025-07-19T13:58:49.427+0000] {logging_mixin.py:188} INFO - [2025-07-19T13:58:49.426+0000] {dag.py:3036} INFO - Sync 1 DAGs
[2025-07-19T13:58:49.438+0000] {logging_mixin.py:188} INFO - [2025-07-19T13:58:49.438+0000] {dag.py:3823} INFO - Setting next_dagrun for launch_streamlit_dashboard to None, run_after=None
[2025-07-19T13:58:49.465+0000] {processor.py:183} INFO - Processing /opt/airflow/dags/eda_airflow copy.py took 0.162 seconds
[2025-07-19T13:59:20.127+0000] {processor.py:161} INFO - Started process (PID=5583) to work on /opt/airflow/dags/eda_airflow copy.py
[2025-07-19T13:59:20.128+0000] {processor.py:830} INFO - Processing file /opt/airflow/dags/eda_airflow copy.py for tasks to queue
[2025-07-19T13:59:20.129+0000] {logging_mixin.py:188} INFO - [2025-07-19T13:59:20.128+0000] {dagbag.py:538} INFO - Filling up the DagBag from /opt/airflow/dags/eda_airflow copy.py
[2025-07-19T13:59:20.212+0000] {processor.py:840} INFO - DAG(s) 'launch_streamlit_dashboard' retrieved from /opt/airflow/dags/eda_airflow copy.py
[2025-07-19T13:59:20.258+0000] {logging_mixin.py:188} INFO - [2025-07-19T13:59:20.257+0000] {dag.py:3036} INFO - Sync 1 DAGs
[2025-07-19T13:59:20.278+0000] {logging_mixin.py:188} INFO - [2025-07-19T13:59:20.277+0000] {dag.py:3823} INFO - Setting next_dagrun for launch_streamlit_dashboard to None, run_after=None
[2025-07-19T13:59:20.338+0000] {processor.py:183} INFO - Processing /opt/airflow/dags/eda_airflow copy.py took 0.214 seconds
[2025-07-19T13:59:50.869+0000] {processor.py:161} INFO - Started process (PID=5613) to work on /opt/airflow/dags/eda_airflow copy.py
[2025-07-19T13:59:50.870+0000] {processor.py:830} INFO - Processing file /opt/airflow/dags/eda_airflow copy.py for tasks to queue
[2025-07-19T13:59:50.871+0000] {logging_mixin.py:188} INFO - [2025-07-19T13:59:50.871+0000] {dagbag.py:538} INFO - Filling up the DagBag from /opt/airflow/dags/eda_airflow copy.py
[2025-07-19T13:59:50.882+0000] {processor.py:840} INFO - DAG(s) 'launch_streamlit_dashboard' retrieved from /opt/airflow/dags/eda_airflow copy.py
[2025-07-19T13:59:50.999+0000] {logging_mixin.py:188} INFO - [2025-07-19T13:59:50.999+0000] {dag.py:3036} INFO - Sync 1 DAGs
[2025-07-19T13:59:51.010+0000] {logging_mixin.py:188} INFO - [2025-07-19T13:59:51.010+0000] {dag.py:3823} INFO - Setting next_dagrun for launch_streamlit_dashboard to None, run_after=None
[2025-07-19T13:59:51.033+0000] {processor.py:183} INFO - Processing /opt/airflow/dags/eda_airflow copy.py took 0.167 seconds
[2025-07-19T14:00:21.440+0000] {processor.py:161} INFO - Started process (PID=5643) to work on /opt/airflow/dags/eda_airflow copy.py
[2025-07-19T14:00:21.460+0000] {processor.py:830} INFO - Processing file /opt/airflow/dags/eda_airflow copy.py for tasks to queue
[2025-07-19T14:00:21.461+0000] {logging_mixin.py:188} INFO - [2025-07-19T14:00:21.461+0000] {dagbag.py:538} INFO - Filling up the DagBag from /opt/airflow/dags/eda_airflow copy.py
[2025-07-19T14:00:21.473+0000] {processor.py:840} INFO - DAG(s) 'launch_streamlit_dashboard' retrieved from /opt/airflow/dags/eda_airflow copy.py
[2025-07-19T14:00:21.503+0000] {logging_mixin.py:188} INFO - [2025-07-19T14:00:21.503+0000] {dag.py:3036} INFO - Sync 1 DAGs
[2025-07-19T14:00:21.517+0000] {logging_mixin.py:188} INFO - [2025-07-19T14:00:21.516+0000] {dag.py:3823} INFO - Setting next_dagrun for launch_streamlit_dashboard to None, run_after=None
[2025-07-19T14:00:21.539+0000] {processor.py:183} INFO - Processing /opt/airflow/dags/eda_airflow copy.py took 0.104 seconds
[2025-07-19T14:00:52.030+0000] {processor.py:161} INFO - Started process (PID=5673) to work on /opt/airflow/dags/eda_airflow copy.py
[2025-07-19T14:00:52.031+0000] {processor.py:830} INFO - Processing file /opt/airflow/dags/eda_airflow copy.py for tasks to queue
[2025-07-19T14:00:52.032+0000] {logging_mixin.py:188} INFO - [2025-07-19T14:00:52.032+0000] {dagbag.py:538} INFO - Filling up the DagBag from /opt/airflow/dags/eda_airflow copy.py
[2025-07-19T14:00:52.047+0000] {processor.py:840} INFO - DAG(s) 'launch_streamlit_dashboard' retrieved from /opt/airflow/dags/eda_airflow copy.py
[2025-07-19T14:00:52.178+0000] {logging_mixin.py:188} INFO - [2025-07-19T14:00:52.177+0000] {dag.py:3036} INFO - Sync 1 DAGs
[2025-07-19T14:00:52.189+0000] {logging_mixin.py:188} INFO - [2025-07-19T14:00:52.189+0000] {dag.py:3823} INFO - Setting next_dagrun for launch_streamlit_dashboard to None, run_after=None
[2025-07-19T14:00:52.214+0000] {processor.py:183} INFO - Processing /opt/airflow/dags/eda_airflow copy.py took 0.188 seconds
[2025-07-19T14:01:22.596+0000] {processor.py:161} INFO - Started process (PID=5703) to work on /opt/airflow/dags/eda_airflow copy.py
[2025-07-19T14:01:22.597+0000] {processor.py:830} INFO - Processing file /opt/airflow/dags/eda_airflow copy.py for tasks to queue
[2025-07-19T14:01:22.598+0000] {logging_mixin.py:188} INFO - [2025-07-19T14:01:22.597+0000] {dagbag.py:538} INFO - Filling up the DagBag from /opt/airflow/dags/eda_airflow copy.py
[2025-07-19T14:01:22.609+0000] {processor.py:840} INFO - DAG(s) 'launch_streamlit_dashboard' retrieved from /opt/airflow/dags/eda_airflow copy.py
[2025-07-19T14:01:22.636+0000] {logging_mixin.py:188} INFO - [2025-07-19T14:01:22.636+0000] {dag.py:3036} INFO - Sync 1 DAGs
[2025-07-19T14:01:22.651+0000] {logging_mixin.py:188} INFO - [2025-07-19T14:01:22.650+0000] {dag.py:3823} INFO - Setting next_dagrun for launch_streamlit_dashboard to None, run_after=None
[2025-07-19T14:01:22.678+0000] {processor.py:183} INFO - Processing /opt/airflow/dags/eda_airflow copy.py took 0.086 seconds
[2025-07-19T14:01:53.220+0000] {processor.py:161} INFO - Started process (PID=5733) to work on /opt/airflow/dags/eda_airflow copy.py
[2025-07-19T14:01:53.221+0000] {processor.py:830} INFO - Processing file /opt/airflow/dags/eda_airflow copy.py for tasks to queue
[2025-07-19T14:01:53.222+0000] {logging_mixin.py:188} INFO - [2025-07-19T14:01:53.222+0000] {dagbag.py:538} INFO - Filling up the DagBag from /opt/airflow/dags/eda_airflow copy.py
[2025-07-19T14:01:53.233+0000] {processor.py:840} INFO - DAG(s) 'launch_streamlit_dashboard' retrieved from /opt/airflow/dags/eda_airflow copy.py
[2025-07-19T14:01:53.355+0000] {logging_mixin.py:188} INFO - [2025-07-19T14:01:53.355+0000] {dag.py:3036} INFO - Sync 1 DAGs
[2025-07-19T14:01:53.368+0000] {logging_mixin.py:188} INFO - [2025-07-19T14:01:53.367+0000] {dag.py:3823} INFO - Setting next_dagrun for launch_streamlit_dashboard to None, run_after=None
[2025-07-19T14:01:53.391+0000] {processor.py:183} INFO - Processing /opt/airflow/dags/eda_airflow copy.py took 0.175 seconds
[2025-07-19T14:02:23.900+0000] {processor.py:161} INFO - Started process (PID=5763) to work on /opt/airflow/dags/eda_airflow copy.py
[2025-07-19T14:02:23.902+0000] {processor.py:830} INFO - Processing file /opt/airflow/dags/eda_airflow copy.py for tasks to queue
[2025-07-19T14:02:23.903+0000] {logging_mixin.py:188} INFO - [2025-07-19T14:02:23.903+0000] {dagbag.py:538} INFO - Filling up the DagBag from /opt/airflow/dags/eda_airflow copy.py
[2025-07-19T14:02:23.915+0000] {processor.py:840} INFO - DAG(s) 'launch_streamlit_dashboard' retrieved from /opt/airflow/dags/eda_airflow copy.py
[2025-07-19T14:02:23.946+0000] {logging_mixin.py:188} INFO - [2025-07-19T14:02:23.945+0000] {dag.py:3036} INFO - Sync 1 DAGs
[2025-07-19T14:02:23.959+0000] {logging_mixin.py:188} INFO - [2025-07-19T14:02:23.959+0000] {dag.py:3823} INFO - Setting next_dagrun for launch_streamlit_dashboard to None, run_after=None
[2025-07-19T14:02:23.989+0000] {processor.py:183} INFO - Processing /opt/airflow/dags/eda_airflow copy.py took 0.093 seconds
[2025-07-19T14:02:54.520+0000] {processor.py:161} INFO - Started process (PID=5793) to work on /opt/airflow/dags/eda_airflow copy.py
[2025-07-19T14:02:54.521+0000] {processor.py:830} INFO - Processing file /opt/airflow/dags/eda_airflow copy.py for tasks to queue
[2025-07-19T14:02:54.522+0000] {logging_mixin.py:188} INFO - [2025-07-19T14:02:54.522+0000] {dagbag.py:538} INFO - Filling up the DagBag from /opt/airflow/dags/eda_airflow copy.py
[2025-07-19T14:02:54.537+0000] {processor.py:840} INFO - DAG(s) 'launch_streamlit_dashboard' retrieved from /opt/airflow/dags/eda_airflow copy.py
[2025-07-19T14:02:54.686+0000] {logging_mixin.py:188} INFO - [2025-07-19T14:02:54.686+0000] {dag.py:3036} INFO - Sync 1 DAGs
[2025-07-19T14:02:54.700+0000] {logging_mixin.py:188} INFO - [2025-07-19T14:02:54.700+0000] {dag.py:3823} INFO - Setting next_dagrun for launch_streamlit_dashboard to None, run_after=None
[2025-07-19T14:02:54.737+0000] {processor.py:183} INFO - Processing /opt/airflow/dags/eda_airflow copy.py took 0.220 seconds
[2025-07-19T14:03:25.290+0000] {processor.py:161} INFO - Started process (PID=5834) to work on /opt/airflow/dags/eda_airflow copy.py
[2025-07-19T14:03:25.291+0000] {processor.py:830} INFO - Processing file /opt/airflow/dags/eda_airflow copy.py for tasks to queue
[2025-07-19T14:03:25.292+0000] {logging_mixin.py:188} INFO - [2025-07-19T14:03:25.292+0000] {dagbag.py:538} INFO - Filling up the DagBag from /opt/airflow/dags/eda_airflow copy.py
[2025-07-19T14:03:25.303+0000] {processor.py:840} INFO - DAG(s) 'launch_streamlit_dashboard' retrieved from /opt/airflow/dags/eda_airflow copy.py
[2025-07-19T14:03:25.329+0000] {logging_mixin.py:188} INFO - [2025-07-19T14:03:25.329+0000] {dag.py:3036} INFO - Sync 1 DAGs
[2025-07-19T14:03:25.342+0000] {logging_mixin.py:188} INFO - [2025-07-19T14:03:25.341+0000] {dag.py:3823} INFO - Setting next_dagrun for launch_streamlit_dashboard to None, run_after=None
[2025-07-19T14:03:25.362+0000] {processor.py:183} INFO - Processing /opt/airflow/dags/eda_airflow copy.py took 0.075 seconds
[2025-07-19T14:03:55.945+0000] {processor.py:161} INFO - Started process (PID=5904) to work on /opt/airflow/dags/eda_airflow copy.py
[2025-07-19T14:03:55.946+0000] {processor.py:830} INFO - Processing file /opt/airflow/dags/eda_airflow copy.py for tasks to queue
[2025-07-19T14:03:55.948+0000] {logging_mixin.py:188} INFO - [2025-07-19T14:03:55.947+0000] {dagbag.py:538} INFO - Filling up the DagBag from /opt/airflow/dags/eda_airflow copy.py
[2025-07-19T14:03:55.961+0000] {processor.py:840} INFO - DAG(s) 'launch_streamlit_dashboard' retrieved from /opt/airflow/dags/eda_airflow copy.py
[2025-07-19T14:03:56.111+0000] {logging_mixin.py:188} INFO - [2025-07-19T14:03:56.111+0000] {dag.py:3036} INFO - Sync 1 DAGs
[2025-07-19T14:03:56.126+0000] {logging_mixin.py:188} INFO - [2025-07-19T14:03:56.126+0000] {dag.py:3823} INFO - Setting next_dagrun for launch_streamlit_dashboard to None, run_after=None
[2025-07-19T14:03:56.158+0000] {processor.py:183} INFO - Processing /opt/airflow/dags/eda_airflow copy.py took 0.217 seconds
[2025-07-19T14:04:26.562+0000] {processor.py:161} INFO - Started process (PID=5934) to work on /opt/airflow/dags/eda_airflow copy.py
[2025-07-19T14:04:26.564+0000] {processor.py:830} INFO - Processing file /opt/airflow/dags/eda_airflow copy.py for tasks to queue
[2025-07-19T14:04:26.565+0000] {logging_mixin.py:188} INFO - [2025-07-19T14:04:26.564+0000] {dagbag.py:538} INFO - Filling up the DagBag from /opt/airflow/dags/eda_airflow copy.py
[2025-07-19T14:04:26.577+0000] {processor.py:840} INFO - DAG(s) 'launch_streamlit_dashboard' retrieved from /opt/airflow/dags/eda_airflow copy.py
[2025-07-19T14:04:26.607+0000] {logging_mixin.py:188} INFO - [2025-07-19T14:04:26.606+0000] {dag.py:3036} INFO - Sync 1 DAGs
[2025-07-19T14:04:26.619+0000] {logging_mixin.py:188} INFO - [2025-07-19T14:04:26.618+0000] {dag.py:3823} INFO - Setting next_dagrun for launch_streamlit_dashboard to None, run_after=None
[2025-07-19T14:04:26.640+0000] {processor.py:183} INFO - Processing /opt/airflow/dags/eda_airflow copy.py took 0.082 seconds
[2025-07-19T14:04:57.156+0000] {processor.py:161} INFO - Started process (PID=5964) to work on /opt/airflow/dags/eda_airflow copy.py
[2025-07-19T14:04:57.157+0000] {processor.py:830} INFO - Processing file /opt/airflow/dags/eda_airflow copy.py for tasks to queue
[2025-07-19T14:04:57.158+0000] {logging_mixin.py:188} INFO - [2025-07-19T14:04:57.157+0000] {dagbag.py:538} INFO - Filling up the DagBag from /opt/airflow/dags/eda_airflow copy.py
[2025-07-19T14:04:57.168+0000] {processor.py:840} INFO - DAG(s) 'launch_streamlit_dashboard' retrieved from /opt/airflow/dags/eda_airflow copy.py
[2025-07-19T14:04:57.275+0000] {logging_mixin.py:188} INFO - [2025-07-19T14:04:57.275+0000] {dag.py:3036} INFO - Sync 1 DAGs
[2025-07-19T14:04:57.286+0000] {logging_mixin.py:188} INFO - [2025-07-19T14:04:57.286+0000] {dag.py:3823} INFO - Setting next_dagrun for launch_streamlit_dashboard to None, run_after=None
[2025-07-19T14:04:57.309+0000] {processor.py:183} INFO - Processing /opt/airflow/dags/eda_airflow copy.py took 0.156 seconds
[2025-07-19T14:05:27.704+0000] {processor.py:161} INFO - Started process (PID=5994) to work on /opt/airflow/dags/eda_airflow copy.py
[2025-07-19T14:05:27.705+0000] {processor.py:830} INFO - Processing file /opt/airflow/dags/eda_airflow copy.py for tasks to queue
[2025-07-19T14:05:27.706+0000] {logging_mixin.py:188} INFO - [2025-07-19T14:05:27.706+0000] {dagbag.py:538} INFO - Filling up the DagBag from /opt/airflow/dags/eda_airflow copy.py
[2025-07-19T14:05:27.717+0000] {processor.py:840} INFO - DAG(s) 'launch_streamlit_dashboard' retrieved from /opt/airflow/dags/eda_airflow copy.py
[2025-07-19T14:05:27.782+0000] {logging_mixin.py:188} INFO - [2025-07-19T14:05:27.782+0000] {dag.py:3036} INFO - Sync 1 DAGs
[2025-07-19T14:05:27.794+0000] {logging_mixin.py:188} INFO - [2025-07-19T14:05:27.794+0000] {dag.py:3823} INFO - Setting next_dagrun for launch_streamlit_dashboard to None, run_after=None
[2025-07-19T14:05:27.814+0000] {processor.py:183} INFO - Processing /opt/airflow/dags/eda_airflow copy.py took 0.114 seconds
[2025-07-19T14:05:58.311+0000] {processor.py:161} INFO - Started process (PID=6024) to work on /opt/airflow/dags/eda_airflow copy.py
[2025-07-19T14:05:58.312+0000] {processor.py:830} INFO - Processing file /opt/airflow/dags/eda_airflow copy.py for tasks to queue
[2025-07-19T14:05:58.313+0000] {logging_mixin.py:188} INFO - [2025-07-19T14:05:58.312+0000] {dagbag.py:538} INFO - Filling up the DagBag from /opt/airflow/dags/eda_airflow copy.py
[2025-07-19T14:05:58.323+0000] {processor.py:840} INFO - DAG(s) 'launch_streamlit_dashboard' retrieved from /opt/airflow/dags/eda_airflow copy.py
[2025-07-19T14:05:58.459+0000] {logging_mixin.py:188} INFO - [2025-07-19T14:05:58.459+0000] {dag.py:3036} INFO - Sync 1 DAGs
[2025-07-19T14:05:58.469+0000] {logging_mixin.py:188} INFO - [2025-07-19T14:05:58.469+0000] {dag.py:3823} INFO - Setting next_dagrun for launch_streamlit_dashboard to None, run_after=None
[2025-07-19T14:05:58.494+0000] {processor.py:183} INFO - Processing /opt/airflow/dags/eda_airflow copy.py took 0.187 seconds
[2025-07-19T14:06:28.946+0000] {processor.py:161} INFO - Started process (PID=6054) to work on /opt/airflow/dags/eda_airflow copy.py
[2025-07-19T14:06:28.948+0000] {processor.py:830} INFO - Processing file /opt/airflow/dags/eda_airflow copy.py for tasks to queue
[2025-07-19T14:06:28.949+0000] {logging_mixin.py:188} INFO - [2025-07-19T14:06:28.949+0000] {dagbag.py:538} INFO - Filling up the DagBag from /opt/airflow/dags/eda_airflow copy.py
[2025-07-19T14:06:28.961+0000] {processor.py:840} INFO - DAG(s) 'launch_streamlit_dashboard' retrieved from /opt/airflow/dags/eda_airflow copy.py
[2025-07-19T14:06:28.991+0000] {logging_mixin.py:188} INFO - [2025-07-19T14:06:28.990+0000] {dag.py:3036} INFO - Sync 1 DAGs
[2025-07-19T14:06:29.007+0000] {logging_mixin.py:188} INFO - [2025-07-19T14:06:29.006+0000] {dag.py:3823} INFO - Setting next_dagrun for launch_streamlit_dashboard to None, run_after=None
[2025-07-19T14:06:29.033+0000] {processor.py:183} INFO - Processing /opt/airflow/dags/eda_airflow copy.py took 0.092 seconds
[2025-07-19T14:06:59.523+0000] {processor.py:161} INFO - Started process (PID=6084) to work on /opt/airflow/dags/eda_airflow copy.py
[2025-07-19T14:06:59.524+0000] {processor.py:830} INFO - Processing file /opt/airflow/dags/eda_airflow copy.py for tasks to queue
[2025-07-19T14:06:59.525+0000] {logging_mixin.py:188} INFO - [2025-07-19T14:06:59.525+0000] {dagbag.py:538} INFO - Filling up the DagBag from /opt/airflow/dags/eda_airflow copy.py
[2025-07-19T14:06:59.534+0000] {processor.py:840} INFO - DAG(s) 'launch_streamlit_dashboard' retrieved from /opt/airflow/dags/eda_airflow copy.py
[2025-07-19T14:06:59.645+0000] {logging_mixin.py:188} INFO - [2025-07-19T14:06:59.645+0000] {dag.py:3036} INFO - Sync 1 DAGs
[2025-07-19T14:06:59.655+0000] {logging_mixin.py:188} INFO - [2025-07-19T14:06:59.655+0000] {dag.py:3823} INFO - Setting next_dagrun for launch_streamlit_dashboard to None, run_after=None
[2025-07-19T14:06:59.682+0000] {processor.py:183} INFO - Processing /opt/airflow/dags/eda_airflow copy.py took 0.163 seconds
[2025-07-19T14:07:29.957+0000] {processor.py:161} INFO - Started process (PID=6119) to work on /opt/airflow/dags/eda_airflow copy.py
[2025-07-19T14:07:29.959+0000] {processor.py:830} INFO - Processing file /opt/airflow/dags/eda_airflow copy.py for tasks to queue
[2025-07-19T14:07:29.960+0000] {logging_mixin.py:188} INFO - [2025-07-19T14:07:29.959+0000] {dagbag.py:538} INFO - Filling up the DagBag from /opt/airflow/dags/eda_airflow copy.py
[2025-07-19T14:07:29.971+0000] {processor.py:840} INFO - DAG(s) 'launch_streamlit_dashboard' retrieved from /opt/airflow/dags/eda_airflow copy.py
[2025-07-19T14:07:29.997+0000] {logging_mixin.py:188} INFO - [2025-07-19T14:07:29.996+0000] {dag.py:3036} INFO - Sync 1 DAGs
[2025-07-19T14:07:30.010+0000] {logging_mixin.py:188} INFO - [2025-07-19T14:07:30.010+0000] {dag.py:3823} INFO - Setting next_dagrun for launch_streamlit_dashboard to None, run_after=None
[2025-07-19T14:07:30.033+0000] {processor.py:183} INFO - Processing /opt/airflow/dags/eda_airflow copy.py took 0.080 seconds
[2025-07-19T14:08:01.021+0000] {processor.py:161} INFO - Started process (PID=6154) to work on /opt/airflow/dags/eda_airflow copy.py
[2025-07-19T14:08:01.023+0000] {processor.py:830} INFO - Processing file /opt/airflow/dags/eda_airflow copy.py for tasks to queue
[2025-07-19T14:08:01.024+0000] {logging_mixin.py:188} INFO - [2025-07-19T14:08:01.024+0000] {dagbag.py:538} INFO - Filling up the DagBag from /opt/airflow/dags/eda_airflow copy.py
[2025-07-19T14:08:01.048+0000] {processor.py:840} INFO - DAG(s) 'launch_streamlit_dashboard' retrieved from /opt/airflow/dags/eda_airflow copy.py
[2025-07-19T14:08:01.280+0000] {logging_mixin.py:188} INFO - [2025-07-19T14:08:01.280+0000] {dag.py:3036} INFO - Sync 1 DAGs
[2025-07-19T14:08:01.290+0000] {logging_mixin.py:188} INFO - [2025-07-19T14:08:01.290+0000] {dag.py:3823} INFO - Setting next_dagrun for launch_streamlit_dashboard to None, run_after=None
[2025-07-19T14:08:01.313+0000] {processor.py:183} INFO - Processing /opt/airflow/dags/eda_airflow copy.py took 0.295 seconds
[2025-07-19T14:08:31.684+0000] {processor.py:161} INFO - Started process (PID=6194) to work on /opt/airflow/dags/eda_airflow copy.py
[2025-07-19T14:08:31.685+0000] {processor.py:830} INFO - Processing file /opt/airflow/dags/eda_airflow copy.py for tasks to queue
[2025-07-19T14:08:31.686+0000] {logging_mixin.py:188} INFO - [2025-07-19T14:08:31.685+0000] {dagbag.py:538} INFO - Filling up the DagBag from /opt/airflow/dags/eda_airflow copy.py
[2025-07-19T14:08:31.697+0000] {processor.py:840} INFO - DAG(s) 'launch_streamlit_dashboard' retrieved from /opt/airflow/dags/eda_airflow copy.py
[2025-07-19T14:08:31.824+0000] {logging_mixin.py:188} INFO - [2025-07-19T14:08:31.823+0000] {dag.py:3036} INFO - Sync 1 DAGs
[2025-07-19T14:08:31.877+0000] {logging_mixin.py:188} INFO - [2025-07-19T14:08:31.876+0000] {dag.py:3823} INFO - Setting next_dagrun for launch_streamlit_dashboard to None, run_after=None
[2025-07-19T14:08:31.906+0000] {processor.py:183} INFO - Processing /opt/airflow/dags/eda_airflow copy.py took 0.226 seconds
[2025-07-19T14:09:02.865+0000] {processor.py:161} INFO - Started process (PID=6229) to work on /opt/airflow/dags/eda_airflow copy.py
[2025-07-19T14:09:02.866+0000] {processor.py:830} INFO - Processing file /opt/airflow/dags/eda_airflow copy.py for tasks to queue
[2025-07-19T14:09:02.867+0000] {logging_mixin.py:188} INFO - [2025-07-19T14:09:02.867+0000] {dagbag.py:538} INFO - Filling up the DagBag from /opt/airflow/dags/eda_airflow copy.py
[2025-07-19T14:09:02.879+0000] {processor.py:840} INFO - DAG(s) 'launch_streamlit_dashboard' retrieved from /opt/airflow/dags/eda_airflow copy.py
[2025-07-19T14:09:03.158+0000] {logging_mixin.py:188} INFO - [2025-07-19T14:09:03.158+0000] {dag.py:3036} INFO - Sync 1 DAGs
[2025-07-19T14:09:03.170+0000] {logging_mixin.py:188} INFO - [2025-07-19T14:09:03.170+0000] {dag.py:3823} INFO - Setting next_dagrun for launch_streamlit_dashboard to None, run_after=None
[2025-07-19T14:09:03.198+0000] {processor.py:183} INFO - Processing /opt/airflow/dags/eda_airflow copy.py took 0.336 seconds
[2025-07-19T14:09:33.411+0000] {processor.py:161} INFO - Started process (PID=6269) to work on /opt/airflow/dags/eda_airflow copy.py
[2025-07-19T14:09:33.412+0000] {processor.py:830} INFO - Processing file /opt/airflow/dags/eda_airflow copy.py for tasks to queue
[2025-07-19T14:09:33.413+0000] {logging_mixin.py:188} INFO - [2025-07-19T14:09:33.413+0000] {dagbag.py:538} INFO - Filling up the DagBag from /opt/airflow/dags/eda_airflow copy.py
[2025-07-19T14:09:33.421+0000] {processor.py:840} INFO - DAG(s) 'launch_streamlit_dashboard' retrieved from /opt/airflow/dags/eda_airflow copy.py
[2025-07-19T14:09:33.446+0000] {logging_mixin.py:188} INFO - [2025-07-19T14:09:33.446+0000] {dag.py:3036} INFO - Sync 1 DAGs
[2025-07-19T14:09:33.460+0000] {logging_mixin.py:188} INFO - [2025-07-19T14:09:33.460+0000] {dag.py:3823} INFO - Setting next_dagrun for launch_streamlit_dashboard to None, run_after=None
[2025-07-19T14:09:33.517+0000] {processor.py:183} INFO - Processing /opt/airflow/dags/eda_airflow copy.py took 0.109 seconds
[2025-07-19T14:10:03.909+0000] {processor.py:161} INFO - Started process (PID=6304) to work on /opt/airflow/dags/eda_airflow copy.py
[2025-07-19T14:10:03.910+0000] {processor.py:830} INFO - Processing file /opt/airflow/dags/eda_airflow copy.py for tasks to queue
[2025-07-19T14:10:03.912+0000] {logging_mixin.py:188} INFO - [2025-07-19T14:10:03.911+0000] {dagbag.py:538} INFO - Filling up the DagBag from /opt/airflow/dags/eda_airflow copy.py
[2025-07-19T14:10:04.015+0000] {processor.py:840} INFO - DAG(s) 'launch_streamlit_dashboard' retrieved from /opt/airflow/dags/eda_airflow copy.py
[2025-07-19T14:10:04.027+0000] {logging_mixin.py:188} INFO - [2025-07-19T14:10:04.027+0000] {dag.py:3036} INFO - Sync 1 DAGs
[2025-07-19T14:10:04.040+0000] {logging_mixin.py:188} INFO - [2025-07-19T14:10:04.040+0000] {dag.py:3823} INFO - Setting next_dagrun for launch_streamlit_dashboard to None, run_after=None
[2025-07-19T14:10:04.113+0000] {processor.py:183} INFO - Processing /opt/airflow/dags/eda_airflow copy.py took 0.209 seconds
[2025-07-19T14:10:34.330+0000] {processor.py:161} INFO - Started process (PID=6329) to work on /opt/airflow/dags/eda_airflow copy.py
[2025-07-19T14:10:34.331+0000] {processor.py:830} INFO - Processing file /opt/airflow/dags/eda_airflow copy.py for tasks to queue
[2025-07-19T14:10:34.332+0000] {logging_mixin.py:188} INFO - [2025-07-19T14:10:34.332+0000] {dagbag.py:538} INFO - Filling up the DagBag from /opt/airflow/dags/eda_airflow copy.py
[2025-07-19T14:10:34.399+0000] {processor.py:840} INFO - DAG(s) 'launch_streamlit_dashboard' retrieved from /opt/airflow/dags/eda_airflow copy.py
[2025-07-19T14:10:34.541+0000] {logging_mixin.py:188} INFO - [2025-07-19T14:10:34.541+0000] {dag.py:3036} INFO - Sync 1 DAGs
[2025-07-19T14:10:34.687+0000] {logging_mixin.py:188} INFO - [2025-07-19T14:10:34.687+0000] {dag.py:3823} INFO - Setting next_dagrun for launch_streamlit_dashboard to None, run_after=None
[2025-07-19T14:10:34.748+0000] {processor.py:183} INFO - Processing /opt/airflow/dags/eda_airflow copy.py took 0.421 seconds
[2025-07-19T14:11:04.894+0000] {processor.py:161} INFO - Started process (PID=6364) to work on /opt/airflow/dags/eda_airflow copy.py
[2025-07-19T14:11:04.896+0000] {processor.py:830} INFO - Processing file /opt/airflow/dags/eda_airflow copy.py for tasks to queue
[2025-07-19T14:11:04.898+0000] {logging_mixin.py:188} INFO - [2025-07-19T14:11:04.897+0000] {dagbag.py:538} INFO - Filling up the DagBag from /opt/airflow/dags/eda_airflow copy.py
[2025-07-19T14:11:04.945+0000] {processor.py:840} INFO - DAG(s) 'launch_streamlit_dashboard' retrieved from /opt/airflow/dags/eda_airflow copy.py
[2025-07-19T14:11:05.023+0000] {logging_mixin.py:188} INFO - [2025-07-19T14:11:05.022+0000] {dag.py:3036} INFO - Sync 1 DAGs
[2025-07-19T14:11:05.047+0000] {logging_mixin.py:188} INFO - [2025-07-19T14:11:05.047+0000] {dag.py:3823} INFO - Setting next_dagrun for launch_streamlit_dashboard to None, run_after=None
[2025-07-19T14:11:05.069+0000] {processor.py:183} INFO - Processing /opt/airflow/dags/eda_airflow copy.py took 0.179 seconds
[2025-07-19T14:11:35.718+0000] {processor.py:161} INFO - Started process (PID=6399) to work on /opt/airflow/dags/eda_airflow copy.py
[2025-07-19T14:11:35.719+0000] {processor.py:830} INFO - Processing file /opt/airflow/dags/eda_airflow copy.py for tasks to queue
[2025-07-19T14:11:35.721+0000] {logging_mixin.py:188} INFO - [2025-07-19T14:11:35.721+0000] {dagbag.py:538} INFO - Filling up the DagBag from /opt/airflow/dags/eda_airflow copy.py
[2025-07-19T14:11:35.772+0000] {processor.py:840} INFO - DAG(s) 'launch_streamlit_dashboard' retrieved from /opt/airflow/dags/eda_airflow copy.py
[2025-07-19T14:11:35.914+0000] {logging_mixin.py:188} INFO - [2025-07-19T14:11:35.914+0000] {dag.py:3036} INFO - Sync 1 DAGs
[2025-07-19T14:11:35.929+0000] {logging_mixin.py:188} INFO - [2025-07-19T14:11:35.929+0000] {dag.py:3823} INFO - Setting next_dagrun for launch_streamlit_dashboard to None, run_after=None
[2025-07-19T14:11:35.958+0000] {processor.py:183} INFO - Processing /opt/airflow/dags/eda_airflow copy.py took 0.245 seconds
[2025-07-19T14:12:06.200+0000] {processor.py:161} INFO - Started process (PID=6439) to work on /opt/airflow/dags/eda_airflow copy.py
[2025-07-19T14:12:06.203+0000] {processor.py:830} INFO - Processing file /opt/airflow/dags/eda_airflow copy.py for tasks to queue
[2025-07-19T14:12:06.205+0000] {logging_mixin.py:188} INFO - [2025-07-19T14:12:06.204+0000] {dagbag.py:538} INFO - Filling up the DagBag from /opt/airflow/dags/eda_airflow copy.py
[2025-07-19T14:12:06.235+0000] {processor.py:840} INFO - DAG(s) 'launch_streamlit_dashboard' retrieved from /opt/airflow/dags/eda_airflow copy.py
[2025-07-19T14:12:06.270+0000] {logging_mixin.py:188} INFO - [2025-07-19T14:12:06.270+0000] {dag.py:3036} INFO - Sync 1 DAGs
[2025-07-19T14:12:06.296+0000] {logging_mixin.py:188} INFO - [2025-07-19T14:12:06.295+0000] {dag.py:3823} INFO - Setting next_dagrun for launch_streamlit_dashboard to None, run_after=None
[2025-07-19T14:12:06.341+0000] {processor.py:183} INFO - Processing /opt/airflow/dags/eda_airflow copy.py took 0.147 seconds
[2025-07-19T14:12:36.615+0000] {processor.py:161} INFO - Started process (PID=6474) to work on /opt/airflow/dags/eda_airflow copy.py
[2025-07-19T14:12:36.620+0000] {processor.py:830} INFO - Processing file /opt/airflow/dags/eda_airflow copy.py for tasks to queue
[2025-07-19T14:12:36.624+0000] {logging_mixin.py:188} INFO - [2025-07-19T14:12:36.623+0000] {dagbag.py:538} INFO - Filling up the DagBag from /opt/airflow/dags/eda_airflow copy.py
[2025-07-19T14:12:36.644+0000] {processor.py:840} INFO - DAG(s) 'launch_streamlit_dashboard' retrieved from /opt/airflow/dags/eda_airflow copy.py
[2025-07-19T14:12:36.848+0000] {logging_mixin.py:188} INFO - [2025-07-19T14:12:36.847+0000] {dag.py:3036} INFO - Sync 1 DAGs
[2025-07-19T14:12:36.867+0000] {logging_mixin.py:188} INFO - [2025-07-19T14:12:36.867+0000] {dag.py:3823} INFO - Setting next_dagrun for launch_streamlit_dashboard to None, run_after=None
[2025-07-19T14:12:36.902+0000] {processor.py:183} INFO - Processing /opt/airflow/dags/eda_airflow copy.py took 0.302 seconds
[2025-07-19T14:13:07.659+0000] {processor.py:161} INFO - Started process (PID=6509) to work on /opt/airflow/dags/eda_airflow copy.py
[2025-07-19T14:13:07.660+0000] {processor.py:830} INFO - Processing file /opt/airflow/dags/eda_airflow copy.py for tasks to queue
[2025-07-19T14:13:07.662+0000] {logging_mixin.py:188} INFO - [2025-07-19T14:13:07.661+0000] {dagbag.py:538} INFO - Filling up the DagBag from /opt/airflow/dags/eda_airflow copy.py
[2025-07-19T14:13:07.687+0000] {processor.py:840} INFO - DAG(s) 'launch_streamlit_dashboard' retrieved from /opt/airflow/dags/eda_airflow copy.py
[2025-07-19T14:13:07.725+0000] {logging_mixin.py:188} INFO - [2025-07-19T14:13:07.724+0000] {dag.py:3036} INFO - Sync 1 DAGs
[2025-07-19T14:13:07.739+0000] {logging_mixin.py:188} INFO - [2025-07-19T14:13:07.739+0000] {dag.py:3823} INFO - Setting next_dagrun for launch_streamlit_dashboard to None, run_after=None
[2025-07-19T14:13:07.764+0000] {processor.py:183} INFO - Processing /opt/airflow/dags/eda_airflow copy.py took 0.119 seconds
[2025-07-19T14:13:37.828+0000] {processor.py:161} INFO - Started process (PID=6544) to work on /opt/airflow/dags/eda_airflow copy.py
[2025-07-19T14:13:37.830+0000] {processor.py:830} INFO - Processing file /opt/airflow/dags/eda_airflow copy.py for tasks to queue
[2025-07-19T14:13:37.831+0000] {logging_mixin.py:188} INFO - [2025-07-19T14:13:37.831+0000] {dagbag.py:538} INFO - Filling up the DagBag from /opt/airflow/dags/eda_airflow copy.py
[2025-07-19T14:13:37.840+0000] {processor.py:840} INFO - DAG(s) 'launch_streamlit_dashboard' retrieved from /opt/airflow/dags/eda_airflow copy.py
[2025-07-19T14:13:37.949+0000] {logging_mixin.py:188} INFO - [2025-07-19T14:13:37.948+0000] {dag.py:3036} INFO - Sync 1 DAGs
[2025-07-19T14:13:37.960+0000] {logging_mixin.py:188} INFO - [2025-07-19T14:13:37.960+0000] {dag.py:3823} INFO - Setting next_dagrun for launch_streamlit_dashboard to None, run_after=None
[2025-07-19T14:13:37.983+0000] {processor.py:183} INFO - Processing /opt/airflow/dags/eda_airflow copy.py took 0.158 seconds
[2025-07-19T14:14:08.201+0000] {processor.py:161} INFO - Started process (PID=6579) to work on /opt/airflow/dags/eda_airflow copy.py
[2025-07-19T14:14:08.203+0000] {processor.py:830} INFO - Processing file /opt/airflow/dags/eda_airflow copy.py for tasks to queue
[2025-07-19T14:14:08.204+0000] {logging_mixin.py:188} INFO - [2025-07-19T14:14:08.203+0000] {dagbag.py:538} INFO - Filling up the DagBag from /opt/airflow/dags/eda_airflow copy.py
[2025-07-19T14:14:08.216+0000] {processor.py:840} INFO - DAG(s) 'launch_streamlit_dashboard' retrieved from /opt/airflow/dags/eda_airflow copy.py
[2025-07-19T14:14:08.267+0000] {logging_mixin.py:188} INFO - [2025-07-19T14:14:08.266+0000] {dag.py:3036} INFO - Sync 1 DAGs
[2025-07-19T14:14:08.308+0000] {logging_mixin.py:188} INFO - [2025-07-19T14:14:08.308+0000] {dag.py:3823} INFO - Setting next_dagrun for launch_streamlit_dashboard to None, run_after=None
[2025-07-19T14:14:08.385+0000] {processor.py:183} INFO - Processing /opt/airflow/dags/eda_airflow copy.py took 0.188 seconds
[2025-07-19T14:14:39.111+0000] {processor.py:161} INFO - Started process (PID=6614) to work on /opt/airflow/dags/eda_airflow copy.py
[2025-07-19T14:14:39.113+0000] {processor.py:830} INFO - Processing file /opt/airflow/dags/eda_airflow copy.py for tasks to queue
[2025-07-19T14:14:39.116+0000] {logging_mixin.py:188} INFO - [2025-07-19T14:14:39.115+0000] {dagbag.py:538} INFO - Filling up the DagBag from /opt/airflow/dags/eda_airflow copy.py
[2025-07-19T14:14:39.131+0000] {processor.py:840} INFO - DAG(s) 'launch_streamlit_dashboard' retrieved from /opt/airflow/dags/eda_airflow copy.py
[2025-07-19T14:14:39.301+0000] {logging_mixin.py:188} INFO - [2025-07-19T14:14:39.300+0000] {dag.py:3036} INFO - Sync 1 DAGs
[2025-07-19T14:14:39.312+0000] {logging_mixin.py:188} INFO - [2025-07-19T14:14:39.312+0000] {dag.py:3823} INFO - Setting next_dagrun for launch_streamlit_dashboard to None, run_after=None
[2025-07-19T14:14:39.350+0000] {processor.py:183} INFO - Processing /opt/airflow/dags/eda_airflow copy.py took 0.243 seconds
[2025-07-19T14:15:09.931+0000] {processor.py:161} INFO - Started process (PID=6649) to work on /opt/airflow/dags/eda_airflow copy.py
[2025-07-19T14:15:09.932+0000] {processor.py:830} INFO - Processing file /opt/airflow/dags/eda_airflow copy.py for tasks to queue
[2025-07-19T14:15:09.933+0000] {logging_mixin.py:188} INFO - [2025-07-19T14:15:09.933+0000] {dagbag.py:538} INFO - Filling up the DagBag from /opt/airflow/dags/eda_airflow copy.py
[2025-07-19T14:15:09.958+0000] {processor.py:840} INFO - DAG(s) 'launch_streamlit_dashboard' retrieved from /opt/airflow/dags/eda_airflow copy.py
[2025-07-19T14:15:09.988+0000] {logging_mixin.py:188} INFO - [2025-07-19T14:15:09.988+0000] {dag.py:3036} INFO - Sync 1 DAGs
[2025-07-19T14:15:10.005+0000] {logging_mixin.py:188} INFO - [2025-07-19T14:15:10.005+0000] {dag.py:3823} INFO - Setting next_dagrun for launch_streamlit_dashboard to None, run_after=None
[2025-07-19T14:15:10.033+0000] {processor.py:183} INFO - Processing /opt/airflow/dags/eda_airflow copy.py took 0.106 seconds
[2025-07-19T14:15:40.684+0000] {processor.py:161} INFO - Started process (PID=6684) to work on /opt/airflow/dags/eda_airflow copy.py
[2025-07-19T14:15:40.686+0000] {processor.py:830} INFO - Processing file /opt/airflow/dags/eda_airflow copy.py for tasks to queue
[2025-07-19T14:15:40.687+0000] {logging_mixin.py:188} INFO - [2025-07-19T14:15:40.687+0000] {dagbag.py:538} INFO - Filling up the DagBag from /opt/airflow/dags/eda_airflow copy.py
[2025-07-19T14:15:40.700+0000] {processor.py:840} INFO - DAG(s) 'launch_streamlit_dashboard' retrieved from /opt/airflow/dags/eda_airflow copy.py
[2025-07-19T14:15:40.828+0000] {logging_mixin.py:188} INFO - [2025-07-19T14:15:40.828+0000] {dag.py:3036} INFO - Sync 1 DAGs
[2025-07-19T14:15:40.841+0000] {logging_mixin.py:188} INFO - [2025-07-19T14:15:40.840+0000] {dag.py:3823} INFO - Setting next_dagrun for launch_streamlit_dashboard to None, run_after=None
[2025-07-19T14:15:40.870+0000] {processor.py:183} INFO - Processing /opt/airflow/dags/eda_airflow copy.py took 0.189 seconds
[2025-07-19T14:16:11.416+0000] {processor.py:161} INFO - Started process (PID=6719) to work on /opt/airflow/dags/eda_airflow copy.py
[2025-07-19T14:16:11.418+0000] {processor.py:830} INFO - Processing file /opt/airflow/dags/eda_airflow copy.py for tasks to queue
[2025-07-19T14:16:11.419+0000] {logging_mixin.py:188} INFO - [2025-07-19T14:16:11.419+0000] {dagbag.py:538} INFO - Filling up the DagBag from /opt/airflow/dags/eda_airflow copy.py
[2025-07-19T14:16:11.467+0000] {processor.py:840} INFO - DAG(s) 'launch_streamlit_dashboard' retrieved from /opt/airflow/dags/eda_airflow copy.py
[2025-07-19T14:16:11.502+0000] {logging_mixin.py:188} INFO - [2025-07-19T14:16:11.502+0000] {dag.py:3036} INFO - Sync 1 DAGs
[2025-07-19T14:16:11.516+0000] {logging_mixin.py:188} INFO - [2025-07-19T14:16:11.516+0000] {dag.py:3823} INFO - Setting next_dagrun for launch_streamlit_dashboard to None, run_after=None
[2025-07-19T14:16:11.540+0000] {processor.py:183} INFO - Processing /opt/airflow/dags/eda_airflow copy.py took 0.129 seconds
[2025-07-19T14:16:42.243+0000] {processor.py:161} INFO - Started process (PID=6754) to work on /opt/airflow/dags/eda_airflow copy.py
[2025-07-19T14:16:42.245+0000] {processor.py:830} INFO - Processing file /opt/airflow/dags/eda_airflow copy.py for tasks to queue
[2025-07-19T14:16:42.246+0000] {logging_mixin.py:188} INFO - [2025-07-19T14:16:42.246+0000] {dagbag.py:538} INFO - Filling up the DagBag from /opt/airflow/dags/eda_airflow copy.py
[2025-07-19T14:16:42.265+0000] {processor.py:840} INFO - DAG(s) 'launch_streamlit_dashboard' retrieved from /opt/airflow/dags/eda_airflow copy.py
[2025-07-19T14:16:42.384+0000] {logging_mixin.py:188} INFO - [2025-07-19T14:16:42.384+0000] {dag.py:3036} INFO - Sync 1 DAGs
[2025-07-19T14:16:42.394+0000] {logging_mixin.py:188} INFO - [2025-07-19T14:16:42.394+0000] {dag.py:3823} INFO - Setting next_dagrun for launch_streamlit_dashboard to None, run_after=None
[2025-07-19T14:16:42.416+0000] {processor.py:183} INFO - Processing /opt/airflow/dags/eda_airflow copy.py took 0.176 seconds
[2025-07-19T14:17:12.851+0000] {processor.py:161} INFO - Started process (PID=6789) to work on /opt/airflow/dags/eda_airflow copy.py
[2025-07-19T14:17:12.852+0000] {processor.py:830} INFO - Processing file /opt/airflow/dags/eda_airflow copy.py for tasks to queue
[2025-07-19T14:17:12.853+0000] {logging_mixin.py:188} INFO - [2025-07-19T14:17:12.853+0000] {dagbag.py:538} INFO - Filling up the DagBag from /opt/airflow/dags/eda_airflow copy.py
[2025-07-19T14:17:12.864+0000] {processor.py:840} INFO - DAG(s) 'launch_streamlit_dashboard' retrieved from /opt/airflow/dags/eda_airflow copy.py
[2025-07-19T14:17:12.888+0000] {logging_mixin.py:188} INFO - [2025-07-19T14:17:12.887+0000] {dag.py:3036} INFO - Sync 1 DAGs
[2025-07-19T14:17:12.900+0000] {logging_mixin.py:188} INFO - [2025-07-19T14:17:12.900+0000] {dag.py:3823} INFO - Setting next_dagrun for launch_streamlit_dashboard to None, run_after=None
[2025-07-19T14:17:12.921+0000] {processor.py:183} INFO - Processing /opt/airflow/dags/eda_airflow copy.py took 0.073 seconds
[2025-07-19T14:17:43.368+0000] {processor.py:161} INFO - Started process (PID=6824) to work on /opt/airflow/dags/eda_airflow copy.py
[2025-07-19T14:17:43.369+0000] {processor.py:830} INFO - Processing file /opt/airflow/dags/eda_airflow copy.py for tasks to queue
[2025-07-19T14:17:43.371+0000] {logging_mixin.py:188} INFO - [2025-07-19T14:17:43.370+0000] {dagbag.py:538} INFO - Filling up the DagBag from /opt/airflow/dags/eda_airflow copy.py
[2025-07-19T14:17:43.382+0000] {processor.py:840} INFO - DAG(s) 'launch_streamlit_dashboard' retrieved from /opt/airflow/dags/eda_airflow copy.py
[2025-07-19T14:17:43.564+0000] {logging_mixin.py:188} INFO - [2025-07-19T14:17:43.563+0000] {dag.py:3036} INFO - Sync 1 DAGs
[2025-07-19T14:17:43.585+0000] {logging_mixin.py:188} INFO - [2025-07-19T14:17:43.585+0000] {dag.py:3823} INFO - Setting next_dagrun for launch_streamlit_dashboard to None, run_after=None
[2025-07-19T14:17:43.621+0000] {processor.py:183} INFO - Processing /opt/airflow/dags/eda_airflow copy.py took 0.256 seconds
[2025-07-19T14:18:13.851+0000] {processor.py:161} INFO - Started process (PID=6859) to work on /opt/airflow/dags/eda_airflow copy.py
[2025-07-19T14:18:13.852+0000] {processor.py:830} INFO - Processing file /opt/airflow/dags/eda_airflow copy.py for tasks to queue
[2025-07-19T14:18:13.853+0000] {logging_mixin.py:188} INFO - [2025-07-19T14:18:13.852+0000] {dagbag.py:538} INFO - Filling up the DagBag from /opt/airflow/dags/eda_airflow copy.py
[2025-07-19T14:18:13.883+0000] {processor.py:840} INFO - DAG(s) 'launch_streamlit_dashboard' retrieved from /opt/airflow/dags/eda_airflow copy.py
[2025-07-19T14:18:13.915+0000] {logging_mixin.py:188} INFO - [2025-07-19T14:18:13.915+0000] {dag.py:3036} INFO - Sync 1 DAGs
[2025-07-19T14:18:13.930+0000] {logging_mixin.py:188} INFO - [2025-07-19T14:18:13.930+0000] {dag.py:3823} INFO - Setting next_dagrun for launch_streamlit_dashboard to None, run_after=None
[2025-07-19T14:18:13.965+0000] {processor.py:183} INFO - Processing /opt/airflow/dags/eda_airflow copy.py took 0.118 seconds
[2025-07-19T14:18:44.496+0000] {processor.py:161} INFO - Started process (PID=6894) to work on /opt/airflow/dags/eda_airflow copy.py
[2025-07-19T14:18:44.497+0000] {processor.py:830} INFO - Processing file /opt/airflow/dags/eda_airflow copy.py for tasks to queue
[2025-07-19T14:18:44.498+0000] {logging_mixin.py:188} INFO - [2025-07-19T14:18:44.498+0000] {dagbag.py:538} INFO - Filling up the DagBag from /opt/airflow/dags/eda_airflow copy.py
[2025-07-19T14:18:44.562+0000] {processor.py:840} INFO - DAG(s) 'launch_streamlit_dashboard' retrieved from /opt/airflow/dags/eda_airflow copy.py
[2025-07-19T14:18:44.715+0000] {logging_mixin.py:188} INFO - [2025-07-19T14:18:44.715+0000] {dag.py:3036} INFO - Sync 1 DAGs
[2025-07-19T14:18:44.744+0000] {logging_mixin.py:188} INFO - [2025-07-19T14:18:44.743+0000] {dag.py:3823} INFO - Setting next_dagrun for launch_streamlit_dashboard to None, run_after=None
[2025-07-19T14:18:44.779+0000] {processor.py:183} INFO - Processing /opt/airflow/dags/eda_airflow copy.py took 0.287 seconds
[2025-07-19T14:19:15.745+0000] {processor.py:161} INFO - Started process (PID=6929) to work on /opt/airflow/dags/eda_airflow copy.py
[2025-07-19T14:19:15.746+0000] {processor.py:830} INFO - Processing file /opt/airflow/dags/eda_airflow copy.py for tasks to queue
[2025-07-19T14:19:15.747+0000] {logging_mixin.py:188} INFO - [2025-07-19T14:19:15.747+0000] {dagbag.py:538} INFO - Filling up the DagBag from /opt/airflow/dags/eda_airflow copy.py
[2025-07-19T14:19:15.763+0000] {processor.py:840} INFO - DAG(s) 'launch_streamlit_dashboard' retrieved from /opt/airflow/dags/eda_airflow copy.py
[2025-07-19T14:19:15.790+0000] {logging_mixin.py:188} INFO - [2025-07-19T14:19:15.790+0000] {dag.py:3036} INFO - Sync 1 DAGs
[2025-07-19T14:19:15.804+0000] {logging_mixin.py:188} INFO - [2025-07-19T14:19:15.804+0000] {dag.py:3823} INFO - Setting next_dagrun for launch_streamlit_dashboard to None, run_after=None
[2025-07-19T14:19:15.827+0000] {processor.py:183} INFO - Processing /opt/airflow/dags/eda_airflow copy.py took 0.086 seconds
[2025-07-19T14:19:46.643+0000] {processor.py:161} INFO - Started process (PID=6964) to work on /opt/airflow/dags/eda_airflow copy.py
[2025-07-19T14:19:46.644+0000] {processor.py:830} INFO - Processing file /opt/airflow/dags/eda_airflow copy.py for tasks to queue
[2025-07-19T14:19:46.646+0000] {logging_mixin.py:188} INFO - [2025-07-19T14:19:46.645+0000] {dagbag.py:538} INFO - Filling up the DagBag from /opt/airflow/dags/eda_airflow copy.py
[2025-07-19T14:19:46.661+0000] {processor.py:840} INFO - DAG(s) 'launch_streamlit_dashboard' retrieved from /opt/airflow/dags/eda_airflow copy.py
[2025-07-19T14:19:46.773+0000] {logging_mixin.py:188} INFO - [2025-07-19T14:19:46.773+0000] {dag.py:3036} INFO - Sync 1 DAGs
[2025-07-19T14:19:46.783+0000] {logging_mixin.py:188} INFO - [2025-07-19T14:19:46.782+0000] {dag.py:3823} INFO - Setting next_dagrun for launch_streamlit_dashboard to None, run_after=None
[2025-07-19T14:19:46.808+0000] {processor.py:183} INFO - Processing /opt/airflow/dags/eda_airflow copy.py took 0.168 seconds
[2025-07-19T14:20:17.712+0000] {processor.py:161} INFO - Started process (PID=6999) to work on /opt/airflow/dags/eda_airflow copy.py
[2025-07-19T14:20:17.713+0000] {processor.py:830} INFO - Processing file /opt/airflow/dags/eda_airflow copy.py for tasks to queue
[2025-07-19T14:20:17.715+0000] {logging_mixin.py:188} INFO - [2025-07-19T14:20:17.714+0000] {dagbag.py:538} INFO - Filling up the DagBag from /opt/airflow/dags/eda_airflow copy.py
[2025-07-19T14:20:17.752+0000] {processor.py:840} INFO - DAG(s) 'launch_streamlit_dashboard' retrieved from /opt/airflow/dags/eda_airflow copy.py
[2025-07-19T14:20:18.024+0000] {logging_mixin.py:188} INFO - [2025-07-19T14:20:18.024+0000] {dag.py:3036} INFO - Sync 1 DAGs
[2025-07-19T14:20:18.039+0000] {logging_mixin.py:188} INFO - [2025-07-19T14:20:18.039+0000] {dag.py:3823} INFO - Setting next_dagrun for launch_streamlit_dashboard to None, run_after=None
[2025-07-19T14:20:18.081+0000] {processor.py:183} INFO - Processing /opt/airflow/dags/eda_airflow copy.py took 0.372 seconds
[2025-07-19T14:20:48.665+0000] {processor.py:161} INFO - Started process (PID=7034) to work on /opt/airflow/dags/eda_airflow copy.py
[2025-07-19T14:20:48.666+0000] {processor.py:830} INFO - Processing file /opt/airflow/dags/eda_airflow copy.py for tasks to queue
[2025-07-19T14:20:48.667+0000] {logging_mixin.py:188} INFO - [2025-07-19T14:20:48.666+0000] {dagbag.py:538} INFO - Filling up the DagBag from /opt/airflow/dags/eda_airflow copy.py
[2025-07-19T14:20:48.676+0000] {processor.py:840} INFO - DAG(s) 'launch_streamlit_dashboard' retrieved from /opt/airflow/dags/eda_airflow copy.py
[2025-07-19T14:20:48.779+0000] {logging_mixin.py:188} INFO - [2025-07-19T14:20:48.779+0000] {dag.py:3036} INFO - Sync 1 DAGs
[2025-07-19T14:20:48.789+0000] {logging_mixin.py:188} INFO - [2025-07-19T14:20:48.789+0000] {dag.py:3823} INFO - Setting next_dagrun for launch_streamlit_dashboard to None, run_after=None
[2025-07-19T14:20:48.811+0000] {processor.py:183} INFO - Processing /opt/airflow/dags/eda_airflow copy.py took 0.150 seconds
[2025-07-19T14:21:20.253+0000] {processor.py:161} INFO - Started process (PID=7069) to work on /opt/airflow/dags/eda_airflow copy.py
[2025-07-19T14:21:20.256+0000] {processor.py:830} INFO - Processing file /opt/airflow/dags/eda_airflow copy.py for tasks to queue
[2025-07-19T14:21:20.257+0000] {logging_mixin.py:188} INFO - [2025-07-19T14:21:20.257+0000] {dagbag.py:538} INFO - Filling up the DagBag from /opt/airflow/dags/eda_airflow copy.py
[2025-07-19T14:21:20.272+0000] {processor.py:840} INFO - DAG(s) 'launch_streamlit_dashboard' retrieved from /opt/airflow/dags/eda_airflow copy.py
[2025-07-19T14:21:20.714+0000] {logging_mixin.py:188} INFO - [2025-07-19T14:21:20.714+0000] {dag.py:3036} INFO - Sync 1 DAGs
[2025-07-19T14:21:20.731+0000] {logging_mixin.py:188} INFO - [2025-07-19T14:21:20.731+0000] {dag.py:3823} INFO - Setting next_dagrun for launch_streamlit_dashboard to None, run_after=None
[2025-07-19T14:21:20.762+0000] {processor.py:183} INFO - Processing /opt/airflow/dags/eda_airflow copy.py took 0.515 seconds
[2025-07-19T14:21:51.371+0000] {processor.py:161} INFO - Started process (PID=7104) to work on /opt/airflow/dags/eda_airflow copy.py
[2025-07-19T14:21:51.372+0000] {processor.py:830} INFO - Processing file /opt/airflow/dags/eda_airflow copy.py for tasks to queue
[2025-07-19T14:21:51.373+0000] {logging_mixin.py:188} INFO - [2025-07-19T14:21:51.373+0000] {dagbag.py:538} INFO - Filling up the DagBag from /opt/airflow/dags/eda_airflow copy.py
[2025-07-19T14:21:51.384+0000] {processor.py:840} INFO - DAG(s) 'launch_streamlit_dashboard' retrieved from /opt/airflow/dags/eda_airflow copy.py
[2025-07-19T14:21:51.755+0000] {logging_mixin.py:188} INFO - [2025-07-19T14:21:51.755+0000] {dag.py:3036} INFO - Sync 1 DAGs
[2025-07-19T14:21:51.846+0000] {logging_mixin.py:188} INFO - [2025-07-19T14:21:51.845+0000] {dag.py:3823} INFO - Setting next_dagrun for launch_streamlit_dashboard to None, run_after=None
[2025-07-19T14:21:51.898+0000] {processor.py:183} INFO - Processing /opt/airflow/dags/eda_airflow copy.py took 0.530 seconds
[2025-07-19T14:22:22.731+0000] {processor.py:161} INFO - Started process (PID=7139) to work on /opt/airflow/dags/eda_airflow copy.py
[2025-07-19T14:22:22.732+0000] {processor.py:830} INFO - Processing file /opt/airflow/dags/eda_airflow copy.py for tasks to queue
[2025-07-19T14:22:22.733+0000] {logging_mixin.py:188} INFO - [2025-07-19T14:22:22.733+0000] {dagbag.py:538} INFO - Filling up the DagBag from /opt/airflow/dags/eda_airflow copy.py
[2025-07-19T14:22:22.742+0000] {processor.py:840} INFO - DAG(s) 'launch_streamlit_dashboard' retrieved from /opt/airflow/dags/eda_airflow copy.py
[2025-07-19T14:22:22.881+0000] {logging_mixin.py:188} INFO - [2025-07-19T14:22:22.881+0000] {dag.py:3036} INFO - Sync 1 DAGs
[2025-07-19T14:22:22.890+0000] {logging_mixin.py:188} INFO - [2025-07-19T14:22:22.890+0000] {dag.py:3823} INFO - Setting next_dagrun for launch_streamlit_dashboard to None, run_after=None
[2025-07-19T14:22:22.913+0000] {processor.py:183} INFO - Processing /opt/airflow/dags/eda_airflow copy.py took 0.185 seconds
[2025-07-19T14:22:53.732+0000] {processor.py:161} INFO - Started process (PID=7174) to work on /opt/airflow/dags/eda_airflow copy.py
[2025-07-19T14:22:53.733+0000] {processor.py:830} INFO - Processing file /opt/airflow/dags/eda_airflow copy.py for tasks to queue
[2025-07-19T14:22:53.734+0000] {logging_mixin.py:188} INFO - [2025-07-19T14:22:53.734+0000] {dagbag.py:538} INFO - Filling up the DagBag from /opt/airflow/dags/eda_airflow copy.py
[2025-07-19T14:22:53.776+0000] {processor.py:840} INFO - DAG(s) 'launch_streamlit_dashboard' retrieved from /opt/airflow/dags/eda_airflow copy.py
[2025-07-19T14:22:53.801+0000] {logging_mixin.py:188} INFO - [2025-07-19T14:22:53.801+0000] {dag.py:3036} INFO - Sync 1 DAGs
[2025-07-19T14:22:53.816+0000] {logging_mixin.py:188} INFO - [2025-07-19T14:22:53.815+0000] {dag.py:3823} INFO - Setting next_dagrun for launch_streamlit_dashboard to None, run_after=None
[2025-07-19T14:22:53.839+0000] {processor.py:183} INFO - Processing /opt/airflow/dags/eda_airflow copy.py took 0.109 seconds
[2025-07-19T14:23:24.526+0000] {processor.py:161} INFO - Started process (PID=7209) to work on /opt/airflow/dags/eda_airflow copy.py
[2025-07-19T14:23:24.528+0000] {processor.py:830} INFO - Processing file /opt/airflow/dags/eda_airflow copy.py for tasks to queue
[2025-07-19T14:23:24.529+0000] {logging_mixin.py:188} INFO - [2025-07-19T14:23:24.528+0000] {dagbag.py:538} INFO - Filling up the DagBag from /opt/airflow/dags/eda_airflow copy.py
[2025-07-19T14:23:24.539+0000] {processor.py:840} INFO - DAG(s) 'launch_streamlit_dashboard' retrieved from /opt/airflow/dags/eda_airflow copy.py
[2025-07-19T14:23:24.549+0000] {logging_mixin.py:188} INFO - [2025-07-19T14:23:24.549+0000] {dag.py:3036} INFO - Sync 1 DAGs
[2025-07-19T14:23:24.562+0000] {logging_mixin.py:188} INFO - [2025-07-19T14:23:24.561+0000] {dag.py:3823} INFO - Setting next_dagrun for launch_streamlit_dashboard to None, run_after=None
[2025-07-19T14:23:24.585+0000] {processor.py:183} INFO - Processing /opt/airflow/dags/eda_airflow copy.py took 0.061 seconds
[2025-07-19T14:23:55.108+0000] {processor.py:161} INFO - Started process (PID=7244) to work on /opt/airflow/dags/eda_airflow copy.py
[2025-07-19T14:23:55.109+0000] {processor.py:830} INFO - Processing file /opt/airflow/dags/eda_airflow copy.py for tasks to queue
[2025-07-19T14:23:55.110+0000] {logging_mixin.py:188} INFO - [2025-07-19T14:23:55.110+0000] {dagbag.py:538} INFO - Filling up the DagBag from /opt/airflow/dags/eda_airflow copy.py
[2025-07-19T14:23:55.120+0000] {processor.py:840} INFO - DAG(s) 'launch_streamlit_dashboard' retrieved from /opt/airflow/dags/eda_airflow copy.py
[2025-07-19T14:25:19.063+0000] {processor.py:161} INFO - Started process (PID=7337) to work on /opt/airflow/dags/eda_airflow copy.py
[2025-07-19T14:25:19.064+0000] {processor.py:830} INFO - Processing file /opt/airflow/dags/eda_airflow copy.py for tasks to queue
[2025-07-19T14:25:19.065+0000] {logging_mixin.py:188} INFO - [2025-07-19T14:25:19.065+0000] {dagbag.py:538} INFO - Filling up the DagBag from /opt/airflow/dags/eda_airflow copy.py
[2025-07-19T14:25:19.076+0000] {processor.py:840} INFO - DAG(s) 'launch_streamlit_dashboard' retrieved from /opt/airflow/dags/eda_airflow copy.py
[2025-07-19T14:25:19.185+0000] {logging_mixin.py:188} INFO - [2025-07-19T14:25:19.185+0000] {dag.py:3036} INFO - Sync 1 DAGs
[2025-07-19T14:25:19.194+0000] {logging_mixin.py:188} INFO - [2025-07-19T14:25:19.194+0000] {dag.py:3823} INFO - Setting next_dagrun for launch_streamlit_dashboard to None, run_after=None
[2025-07-19T14:25:19.215+0000] {processor.py:183} INFO - Processing /opt/airflow/dags/eda_airflow copy.py took 0.155 seconds
[2025-07-19T14:25:49.542+0000] {processor.py:161} INFO - Started process (PID=7355) to work on /opt/airflow/dags/eda_airflow copy.py
[2025-07-19T14:25:49.543+0000] {processor.py:830} INFO - Processing file /opt/airflow/dags/eda_airflow copy.py for tasks to queue
[2025-07-19T14:25:49.544+0000] {logging_mixin.py:188} INFO - [2025-07-19T14:25:49.544+0000] {dagbag.py:538} INFO - Filling up the DagBag from /opt/airflow/dags/eda_airflow copy.py
[2025-07-19T14:25:49.554+0000] {processor.py:840} INFO - DAG(s) 'launch_streamlit_dashboard' retrieved from /opt/airflow/dags/eda_airflow copy.py
[2025-07-19T14:25:49.578+0000] {logging_mixin.py:188} INFO - [2025-07-19T14:25:49.578+0000] {dag.py:3036} INFO - Sync 1 DAGs
[2025-07-19T14:25:49.590+0000] {logging_mixin.py:188} INFO - [2025-07-19T14:25:49.590+0000] {dag.py:3823} INFO - Setting next_dagrun for launch_streamlit_dashboard to None, run_after=None
[2025-07-19T14:25:49.613+0000] {processor.py:183} INFO - Processing /opt/airflow/dags/eda_airflow copy.py took 0.074 seconds
[2025-07-19T14:26:20.200+0000] {processor.py:161} INFO - Started process (PID=7392) to work on /opt/airflow/dags/eda_airflow copy.py
[2025-07-19T14:26:20.202+0000] {processor.py:830} INFO - Processing file /opt/airflow/dags/eda_airflow copy.py for tasks to queue
[2025-07-19T14:26:20.203+0000] {logging_mixin.py:188} INFO - [2025-07-19T14:26:20.202+0000] {dagbag.py:538} INFO - Filling up the DagBag from /opt/airflow/dags/eda_airflow copy.py
[2025-07-19T14:26:20.214+0000] {processor.py:840} INFO - DAG(s) 'launch_streamlit_dashboard' retrieved from /opt/airflow/dags/eda_airflow copy.py
[2025-07-19T14:26:20.228+0000] {logging_mixin.py:188} INFO - [2025-07-19T14:26:20.228+0000] {dag.py:3036} INFO - Sync 1 DAGs
[2025-07-19T14:26:20.242+0000] {logging_mixin.py:188} INFO - [2025-07-19T14:26:20.242+0000] {dag.py:3823} INFO - Setting next_dagrun for launch_streamlit_dashboard to None, run_after=None
[2025-07-19T14:26:20.278+0000] {processor.py:183} INFO - Processing /opt/airflow/dags/eda_airflow copy.py took 0.081 seconds
[2025-07-19T14:26:50.985+0000] {processor.py:161} INFO - Started process (PID=7427) to work on /opt/airflow/dags/eda_airflow copy.py
[2025-07-19T14:26:50.986+0000] {processor.py:830} INFO - Processing file /opt/airflow/dags/eda_airflow copy.py for tasks to queue
[2025-07-19T14:26:50.987+0000] {logging_mixin.py:188} INFO - [2025-07-19T14:26:50.987+0000] {dagbag.py:538} INFO - Filling up the DagBag from /opt/airflow/dags/eda_airflow copy.py
[2025-07-19T14:26:50.995+0000] {processor.py:840} INFO - DAG(s) 'launch_streamlit_dashboard' retrieved from /opt/airflow/dags/eda_airflow copy.py
[2025-07-19T14:26:51.087+0000] {logging_mixin.py:188} INFO - [2025-07-19T14:26:51.087+0000] {dag.py:3036} INFO - Sync 1 DAGs
[2025-07-19T14:26:51.097+0000] {logging_mixin.py:188} INFO - [2025-07-19T14:26:51.097+0000] {dag.py:3823} INFO - Setting next_dagrun for launch_streamlit_dashboard to None, run_after=None
[2025-07-19T14:26:51.120+0000] {processor.py:183} INFO - Processing /opt/airflow/dags/eda_airflow copy.py took 0.138 seconds
[2025-07-19T14:27:39.068+0000] {processor.py:161} INFO - Started process (PID=7460) to work on /opt/airflow/dags/eda_airflow copy.py
[2025-07-19T14:27:39.069+0000] {processor.py:830} INFO - Processing file /opt/airflow/dags/eda_airflow copy.py for tasks to queue
[2025-07-19T14:27:39.070+0000] {logging_mixin.py:188} INFO - [2025-07-19T14:27:39.070+0000] {dagbag.py:538} INFO - Filling up the DagBag from /opt/airflow/dags/eda_airflow copy.py
[2025-07-19T14:27:39.279+0000] {processor.py:840} INFO - DAG(s) 'launch_streamlit_dashboard' retrieved from /opt/airflow/dags/eda_airflow copy.py
[2025-07-19T14:27:39.340+0000] {logging_mixin.py:188} INFO - [2025-07-19T14:27:39.339+0000] {dag.py:3036} INFO - Sync 1 DAGs
[2025-07-19T14:27:41.402+0000] {logging_mixin.py:188} INFO - [2025-07-19T14:27:41.401+0000] {dag.py:3823} INFO - Setting next_dagrun for launch_streamlit_dashboard to None, run_after=None
[2025-07-19T14:27:42.815+0000] {processor.py:183} INFO - Processing /opt/airflow/dags/eda_airflow copy.py took 3.752 seconds
[2025-07-19T14:28:13.270+0000] {processor.py:161} INFO - Started process (PID=7497) to work on /opt/airflow/dags/eda_airflow copy.py
[2025-07-19T14:28:13.271+0000] {processor.py:830} INFO - Processing file /opt/airflow/dags/eda_airflow copy.py for tasks to queue
[2025-07-19T14:28:13.272+0000] {logging_mixin.py:188} INFO - [2025-07-19T14:28:13.272+0000] {dagbag.py:538} INFO - Filling up the DagBag from /opt/airflow/dags/eda_airflow copy.py
[2025-07-19T14:28:13.283+0000] {processor.py:840} INFO - DAG(s) 'launch_streamlit_dashboard' retrieved from /opt/airflow/dags/eda_airflow copy.py
[2025-07-19T14:28:13.293+0000] {logging_mixin.py:188} INFO - [2025-07-19T14:28:13.292+0000] {dag.py:3036} INFO - Sync 1 DAGs
[2025-07-19T14:28:13.304+0000] {logging_mixin.py:188} INFO - [2025-07-19T14:28:13.304+0000] {dag.py:3823} INFO - Setting next_dagrun for launch_streamlit_dashboard to None, run_after=None
[2025-07-19T14:28:13.325+0000] {processor.py:183} INFO - Processing /opt/airflow/dags/eda_airflow copy.py took 0.058 seconds
[2025-07-19T14:28:43.785+0000] {processor.py:161} INFO - Started process (PID=7532) to work on /opt/airflow/dags/eda_airflow copy.py
[2025-07-19T14:28:43.786+0000] {processor.py:830} INFO - Processing file /opt/airflow/dags/eda_airflow copy.py for tasks to queue
[2025-07-19T14:28:43.786+0000] {logging_mixin.py:188} INFO - [2025-07-19T14:28:43.786+0000] {dagbag.py:538} INFO - Filling up the DagBag from /opt/airflow/dags/eda_airflow copy.py
[2025-07-19T14:28:43.796+0000] {processor.py:840} INFO - DAG(s) 'launch_streamlit_dashboard' retrieved from /opt/airflow/dags/eda_airflow copy.py
[2025-07-19T14:28:45.065+0000] {logging_mixin.py:188} INFO - [2025-07-19T14:28:45.056+0000] {dag.py:3036} INFO - Sync 1 DAGs
[2025-07-19T14:28:46.525+0000] {logging_mixin.py:188} INFO - [2025-07-19T14:28:46.524+0000] {dag.py:3823} INFO - Setting next_dagrun for launch_streamlit_dashboard to None, run_after=None
[2025-07-19T14:28:47.623+0000] {processor.py:183} INFO - Processing /opt/airflow/dags/eda_airflow copy.py took 3.841 seconds
[2025-07-19T14:29:18.496+0000] {processor.py:161} INFO - Started process (PID=7567) to work on /opt/airflow/dags/eda_airflow copy.py
[2025-07-19T14:29:18.497+0000] {processor.py:830} INFO - Processing file /opt/airflow/dags/eda_airflow copy.py for tasks to queue
[2025-07-19T14:29:18.498+0000] {logging_mixin.py:188} INFO - [2025-07-19T14:29:18.497+0000] {dagbag.py:538} INFO - Filling up the DagBag from /opt/airflow/dags/eda_airflow copy.py
[2025-07-19T14:29:18.564+0000] {processor.py:840} INFO - DAG(s) 'launch_streamlit_dashboard' retrieved from /opt/airflow/dags/eda_airflow copy.py
[2025-07-19T14:29:18.594+0000] {logging_mixin.py:188} INFO - [2025-07-19T14:29:18.594+0000] {dag.py:3036} INFO - Sync 1 DAGs
[2025-07-19T14:29:18.776+0000] {logging_mixin.py:188} INFO - [2025-07-19T14:29:18.776+0000] {dag.py:3823} INFO - Setting next_dagrun for launch_streamlit_dashboard to None, run_after=None
[2025-07-19T14:29:18.859+0000] {processor.py:183} INFO - Processing /opt/airflow/dags/eda_airflow copy.py took 0.367 seconds
[2025-07-19T14:29:48.985+0000] {processor.py:161} INFO - Started process (PID=7600) to work on /opt/airflow/dags/eda_airflow copy.py
[2025-07-19T14:29:48.986+0000] {processor.py:830} INFO - Processing file /opt/airflow/dags/eda_airflow copy.py for tasks to queue
[2025-07-19T14:29:48.988+0000] {logging_mixin.py:188} INFO - [2025-07-19T14:29:48.987+0000] {dagbag.py:538} INFO - Filling up the DagBag from /opt/airflow/dags/eda_airflow copy.py
[2025-07-19T14:29:49.001+0000] {processor.py:840} INFO - DAG(s) 'launch_streamlit_dashboard' retrieved from /opt/airflow/dags/eda_airflow copy.py
[2025-07-19T14:29:49.030+0000] {logging_mixin.py:188} INFO - [2025-07-19T14:29:49.029+0000] {dag.py:3036} INFO - Sync 1 DAGs
[2025-07-19T14:29:49.045+0000] {logging_mixin.py:188} INFO - [2025-07-19T14:29:49.045+0000] {dag.py:3823} INFO - Setting next_dagrun for launch_streamlit_dashboard to None, run_after=None
[2025-07-19T14:29:49.077+0000] {processor.py:183} INFO - Processing /opt/airflow/dags/eda_airflow copy.py took 0.096 seconds
[2025-07-19T14:30:20.142+0000] {processor.py:161} INFO - Started process (PID=7630) to work on /opt/airflow/dags/eda_airflow copy.py
[2025-07-19T14:30:20.144+0000] {processor.py:830} INFO - Processing file /opt/airflow/dags/eda_airflow copy.py for tasks to queue
[2025-07-19T14:30:20.145+0000] {logging_mixin.py:188} INFO - [2025-07-19T14:30:20.144+0000] {dagbag.py:538} INFO - Filling up the DagBag from /opt/airflow/dags/eda_airflow copy.py
[2025-07-19T14:30:20.157+0000] {processor.py:840} INFO - DAG(s) 'launch_streamlit_dashboard' retrieved from /opt/airflow/dags/eda_airflow copy.py
[2025-07-19T14:30:21.592+0000] {logging_mixin.py:188} INFO - [2025-07-19T14:30:21.592+0000] {dag.py:3036} INFO - Sync 1 DAGs
[2025-07-19T14:30:21.602+0000] {logging_mixin.py:188} INFO - [2025-07-19T14:30:21.602+0000] {dag.py:3823} INFO - Setting next_dagrun for launch_streamlit_dashboard to None, run_after=None
[2025-07-19T14:30:21.624+0000] {processor.py:183} INFO - Processing /opt/airflow/dags/eda_airflow copy.py took 1.485 seconds
[2025-07-19T14:30:52.178+0000] {processor.py:161} INFO - Started process (PID=7667) to work on /opt/airflow/dags/eda_airflow copy.py
[2025-07-19T14:30:52.179+0000] {processor.py:830} INFO - Processing file /opt/airflow/dags/eda_airflow copy.py for tasks to queue
[2025-07-19T14:30:52.180+0000] {logging_mixin.py:188} INFO - [2025-07-19T14:30:52.179+0000] {dagbag.py:538} INFO - Filling up the DagBag from /opt/airflow/dags/eda_airflow copy.py
[2025-07-19T14:30:52.190+0000] {processor.py:840} INFO - DAG(s) 'launch_streamlit_dashboard' retrieved from /opt/airflow/dags/eda_airflow copy.py
[2025-07-19T14:30:52.214+0000] {logging_mixin.py:188} INFO - [2025-07-19T14:30:52.214+0000] {dag.py:3036} INFO - Sync 1 DAGs
[2025-07-19T14:30:52.226+0000] {logging_mixin.py:188} INFO - [2025-07-19T14:30:52.225+0000] {dag.py:3823} INFO - Setting next_dagrun for launch_streamlit_dashboard to None, run_after=None
[2025-07-19T14:30:52.249+0000] {processor.py:183} INFO - Processing /opt/airflow/dags/eda_airflow copy.py took 0.074 seconds
[2025-07-19T14:31:23.156+0000] {processor.py:161} INFO - Started process (PID=7702) to work on /opt/airflow/dags/eda_airflow copy.py
[2025-07-19T14:31:23.157+0000] {processor.py:830} INFO - Processing file /opt/airflow/dags/eda_airflow copy.py for tasks to queue
[2025-07-19T14:31:23.158+0000] {logging_mixin.py:188} INFO - [2025-07-19T14:31:23.158+0000] {dagbag.py:538} INFO - Filling up the DagBag from /opt/airflow/dags/eda_airflow copy.py
[2025-07-19T14:31:23.189+0000] {processor.py:840} INFO - DAG(s) 'launch_streamlit_dashboard' retrieved from /opt/airflow/dags/eda_airflow copy.py
[2025-07-19T14:31:23.294+0000] {logging_mixin.py:188} INFO - [2025-07-19T14:31:23.293+0000] {dag.py:3036} INFO - Sync 1 DAGs
[2025-07-19T14:31:23.303+0000] {logging_mixin.py:188} INFO - [2025-07-19T14:31:23.303+0000] {dag.py:3823} INFO - Setting next_dagrun for launch_streamlit_dashboard to None, run_after=None
[2025-07-19T14:31:23.335+0000] {processor.py:183} INFO - Processing /opt/airflow/dags/eda_airflow copy.py took 0.183 seconds
[2025-07-19T14:31:53.856+0000] {processor.py:161} INFO - Started process (PID=7737) to work on /opt/airflow/dags/eda_airflow copy.py
[2025-07-19T14:31:53.857+0000] {processor.py:830} INFO - Processing file /opt/airflow/dags/eda_airflow copy.py for tasks to queue
[2025-07-19T14:31:53.858+0000] {logging_mixin.py:188} INFO - [2025-07-19T14:31:53.858+0000] {dagbag.py:538} INFO - Filling up the DagBag from /opt/airflow/dags/eda_airflow copy.py
[2025-07-19T14:31:53.869+0000] {processor.py:840} INFO - DAG(s) 'launch_streamlit_dashboard' retrieved from /opt/airflow/dags/eda_airflow copy.py
[2025-07-19T14:31:53.892+0000] {logging_mixin.py:188} INFO - [2025-07-19T14:31:53.892+0000] {dag.py:3036} INFO - Sync 1 DAGs
[2025-07-19T14:31:53.904+0000] {logging_mixin.py:188} INFO - [2025-07-19T14:31:53.904+0000] {dag.py:3823} INFO - Setting next_dagrun for launch_streamlit_dashboard to None, run_after=None
[2025-07-19T14:31:53.925+0000] {processor.py:183} INFO - Processing /opt/airflow/dags/eda_airflow copy.py took 0.072 seconds
[2025-07-19T14:32:24.591+0000] {processor.py:161} INFO - Started process (PID=7772) to work on /opt/airflow/dags/eda_airflow copy.py
[2025-07-19T14:32:24.592+0000] {processor.py:830} INFO - Processing file /opt/airflow/dags/eda_airflow copy.py for tasks to queue
[2025-07-19T14:32:24.593+0000] {logging_mixin.py:188} INFO - [2025-07-19T14:32:24.592+0000] {dagbag.py:538} INFO - Filling up the DagBag from /opt/airflow/dags/eda_airflow copy.py
[2025-07-19T14:32:24.603+0000] {processor.py:840} INFO - DAG(s) 'launch_streamlit_dashboard' retrieved from /opt/airflow/dags/eda_airflow copy.py
[2025-07-19T14:32:24.697+0000] {logging_mixin.py:188} INFO - [2025-07-19T14:32:24.697+0000] {dag.py:3036} INFO - Sync 1 DAGs
[2025-07-19T14:32:24.706+0000] {logging_mixin.py:188} INFO - [2025-07-19T14:32:24.706+0000] {dag.py:3823} INFO - Setting next_dagrun for launch_streamlit_dashboard to None, run_after=None
[2025-07-19T14:32:24.728+0000] {processor.py:183} INFO - Processing /opt/airflow/dags/eda_airflow copy.py took 0.140 seconds
[2025-07-19T14:32:55.374+0000] {processor.py:161} INFO - Started process (PID=7807) to work on /opt/airflow/dags/eda_airflow copy.py
[2025-07-19T14:32:55.375+0000] {processor.py:830} INFO - Processing file /opt/airflow/dags/eda_airflow copy.py for tasks to queue
[2025-07-19T14:32:55.376+0000] {logging_mixin.py:188} INFO - [2025-07-19T14:32:55.376+0000] {dagbag.py:538} INFO - Filling up the DagBag from /opt/airflow/dags/eda_airflow copy.py
[2025-07-19T14:32:55.386+0000] {processor.py:840} INFO - DAG(s) 'launch_streamlit_dashboard' retrieved from /opt/airflow/dags/eda_airflow copy.py
[2025-07-19T14:32:55.409+0000] {logging_mixin.py:188} INFO - [2025-07-19T14:32:55.408+0000] {dag.py:3036} INFO - Sync 1 DAGs
[2025-07-19T14:32:55.422+0000] {logging_mixin.py:188} INFO - [2025-07-19T14:32:55.422+0000] {dag.py:3823} INFO - Setting next_dagrun for launch_streamlit_dashboard to None, run_after=None
[2025-07-19T14:32:55.439+0000] {processor.py:183} INFO - Processing /opt/airflow/dags/eda_airflow copy.py took 0.068 seconds
[2025-07-19T14:33:26.215+0000] {processor.py:161} INFO - Started process (PID=7842) to work on /opt/airflow/dags/eda_airflow copy.py
[2025-07-19T14:33:26.216+0000] {processor.py:830} INFO - Processing file /opt/airflow/dags/eda_airflow copy.py for tasks to queue
[2025-07-19T14:33:26.217+0000] {logging_mixin.py:188} INFO - [2025-07-19T14:33:26.217+0000] {dagbag.py:538} INFO - Filling up the DagBag from /opt/airflow/dags/eda_airflow copy.py
[2025-07-19T14:33:26.272+0000] {processor.py:840} INFO - DAG(s) 'launch_streamlit_dashboard' retrieved from /opt/airflow/dags/eda_airflow copy.py
[2025-07-19T14:33:26.369+0000] {logging_mixin.py:188} INFO - [2025-07-19T14:33:26.369+0000] {dag.py:3036} INFO - Sync 1 DAGs
[2025-07-19T14:33:26.380+0000] {logging_mixin.py:188} INFO - [2025-07-19T14:33:26.380+0000] {dag.py:3823} INFO - Setting next_dagrun for launch_streamlit_dashboard to None, run_after=None
[2025-07-19T14:33:26.401+0000] {processor.py:183} INFO - Processing /opt/airflow/dags/eda_airflow copy.py took 0.189 seconds
[2025-07-19T14:33:56.556+0000] {processor.py:161} INFO - Started process (PID=7875) to work on /opt/airflow/dags/eda_airflow copy.py
[2025-07-19T14:33:56.557+0000] {processor.py:830} INFO - Processing file /opt/airflow/dags/eda_airflow copy.py for tasks to queue
[2025-07-19T14:33:56.558+0000] {logging_mixin.py:188} INFO - [2025-07-19T14:33:56.558+0000] {dagbag.py:538} INFO - Filling up the DagBag from /opt/airflow/dags/eda_airflow copy.py
[2025-07-19T14:33:56.569+0000] {processor.py:840} INFO - DAG(s) 'launch_streamlit_dashboard' retrieved from /opt/airflow/dags/eda_airflow copy.py
[2025-07-19T14:33:56.601+0000] {logging_mixin.py:188} INFO - [2025-07-19T14:33:56.601+0000] {dag.py:3036} INFO - Sync 1 DAGs
[2025-07-19T14:33:56.615+0000] {logging_mixin.py:188} INFO - [2025-07-19T14:33:56.614+0000] {dag.py:3823} INFO - Setting next_dagrun for launch_streamlit_dashboard to None, run_after=None
[2025-07-19T14:33:56.928+0000] {processor.py:183} INFO - Processing /opt/airflow/dags/eda_airflow copy.py took 0.375 seconds
[2025-07-19T14:34:27.983+0000] {processor.py:161} INFO - Started process (PID=7912) to work on /opt/airflow/dags/eda_airflow copy.py
[2025-07-19T14:34:27.985+0000] {processor.py:830} INFO - Processing file /opt/airflow/dags/eda_airflow copy.py for tasks to queue
[2025-07-19T14:34:27.986+0000] {logging_mixin.py:188} INFO - [2025-07-19T14:34:27.986+0000] {dagbag.py:538} INFO - Filling up the DagBag from /opt/airflow/dags/eda_airflow copy.py
[2025-07-19T14:34:27.998+0000] {processor.py:840} INFO - DAG(s) 'launch_streamlit_dashboard' retrieved from /opt/airflow/dags/eda_airflow copy.py
[2025-07-19T14:34:30.409+0000] {logging_mixin.py:188} INFO - [2025-07-19T14:34:30.409+0000] {dag.py:3036} INFO - Sync 1 DAGs
[2025-07-19T14:34:30.420+0000] {logging_mixin.py:188} INFO - [2025-07-19T14:34:30.420+0000] {dag.py:3823} INFO - Setting next_dagrun for launch_streamlit_dashboard to None, run_after=None
[2025-07-19T14:34:30.515+0000] {processor.py:183} INFO - Processing /opt/airflow/dags/eda_airflow copy.py took 2.537 seconds
[2025-07-19T14:35:01.264+0000] {processor.py:161} INFO - Started process (PID=7947) to work on /opt/airflow/dags/eda_airflow copy.py
[2025-07-19T14:35:01.265+0000] {processor.py:830} INFO - Processing file /opt/airflow/dags/eda_airflow copy.py for tasks to queue
[2025-07-19T14:35:01.266+0000] {logging_mixin.py:188} INFO - [2025-07-19T14:35:01.266+0000] {dagbag.py:538} INFO - Filling up the DagBag from /opt/airflow/dags/eda_airflow copy.py
[2025-07-19T14:35:01.357+0000] {processor.py:840} INFO - DAG(s) 'launch_streamlit_dashboard' retrieved from /opt/airflow/dags/eda_airflow copy.py
[2025-07-19T14:35:01.417+0000] {logging_mixin.py:188} INFO - [2025-07-19T14:35:01.417+0000] {dag.py:3036} INFO - Sync 1 DAGs
[2025-07-19T14:35:01.431+0000] {logging_mixin.py:188} INFO - [2025-07-19T14:35:01.431+0000] {dag.py:3823} INFO - Setting next_dagrun for launch_streamlit_dashboard to None, run_after=None
[2025-07-19T14:35:01.454+0000] {processor.py:183} INFO - Processing /opt/airflow/dags/eda_airflow copy.py took 0.194 seconds
[2025-07-19T14:37:43.511+0000] {processor.py:161} INFO - Started process (PID=7992) to work on /opt/airflow/dags/eda_airflow copy.py
[2025-07-19T14:37:43.513+0000] {processor.py:830} INFO - Processing file /opt/airflow/dags/eda_airflow copy.py for tasks to queue
[2025-07-19T14:37:43.513+0000] {logging_mixin.py:188} INFO - [2025-07-19T14:37:43.513+0000] {dagbag.py:538} INFO - Filling up the DagBag from /opt/airflow/dags/eda_airflow copy.py
[2025-07-19T14:37:43.751+0000] {processor.py:840} INFO - DAG(s) 'launch_streamlit_dashboard' retrieved from /opt/airflow/dags/eda_airflow copy.py
[2025-07-19T14:37:43.860+0000] {logging_mixin.py:188} INFO - [2025-07-19T14:37:43.860+0000] {dag.py:3036} INFO - Sync 1 DAGs
[2025-07-19T14:37:43.869+0000] {logging_mixin.py:188} INFO - [2025-07-19T14:37:43.869+0000] {dag.py:3823} INFO - Setting next_dagrun for launch_streamlit_dashboard to None, run_after=None
[2025-07-19T14:37:43.898+0000] {processor.py:183} INFO - Processing /opt/airflow/dags/eda_airflow copy.py took 0.390 seconds
[2025-07-19T14:38:14.510+0000] {processor.py:161} INFO - Started process (PID=8027) to work on /opt/airflow/dags/eda_airflow copy.py
[2025-07-19T14:38:14.511+0000] {processor.py:830} INFO - Processing file /opt/airflow/dags/eda_airflow copy.py for tasks to queue
[2025-07-19T14:38:14.511+0000] {logging_mixin.py:188} INFO - [2025-07-19T14:38:14.511+0000] {dagbag.py:538} INFO - Filling up the DagBag from /opt/airflow/dags/eda_airflow copy.py
[2025-07-19T14:38:14.521+0000] {processor.py:840} INFO - DAG(s) 'launch_streamlit_dashboard' retrieved from /opt/airflow/dags/eda_airflow copy.py
[2025-07-19T14:38:14.533+0000] {logging_mixin.py:188} INFO - [2025-07-19T14:38:14.532+0000] {dag.py:3036} INFO - Sync 1 DAGs
[2025-07-19T14:38:14.559+0000] {logging_mixin.py:188} INFO - [2025-07-19T14:38:14.559+0000] {dag.py:3823} INFO - Setting next_dagrun for launch_streamlit_dashboard to None, run_after=None
[2025-07-19T14:38:14.584+0000] {processor.py:183} INFO - Processing /opt/airflow/dags/eda_airflow copy.py took 0.077 seconds
[2025-07-19T14:38:46.244+0000] {processor.py:161} INFO - Started process (PID=8060) to work on /opt/airflow/dags/eda_airflow copy.py
[2025-07-19T14:38:46.245+0000] {processor.py:830} INFO - Processing file /opt/airflow/dags/eda_airflow copy.py for tasks to queue
[2025-07-19T14:38:46.246+0000] {logging_mixin.py:188} INFO - [2025-07-19T14:38:46.246+0000] {dagbag.py:538} INFO - Filling up the DagBag from /opt/airflow/dags/eda_airflow copy.py
[2025-07-19T14:38:46.255+0000] {processor.py:840} INFO - DAG(s) 'launch_streamlit_dashboard' retrieved from /opt/airflow/dags/eda_airflow copy.py
[2025-07-19T14:38:46.353+0000] {logging_mixin.py:188} INFO - [2025-07-19T14:38:46.353+0000] {dag.py:3036} INFO - Sync 1 DAGs
[2025-07-19T14:38:46.365+0000] {logging_mixin.py:188} INFO - [2025-07-19T14:38:46.365+0000] {dag.py:3823} INFO - Setting next_dagrun for launch_streamlit_dashboard to None, run_after=None
[2025-07-19T14:38:46.393+0000] {processor.py:183} INFO - Processing /opt/airflow/dags/eda_airflow copy.py took 0.152 seconds
[2025-07-19T14:39:16.989+0000] {processor.py:161} INFO - Started process (PID=8085) to work on /opt/airflow/dags/eda_airflow copy.py
[2025-07-19T14:39:16.990+0000] {processor.py:830} INFO - Processing file /opt/airflow/dags/eda_airflow copy.py for tasks to queue
[2025-07-19T14:39:16.991+0000] {logging_mixin.py:188} INFO - [2025-07-19T14:39:16.991+0000] {dagbag.py:538} INFO - Filling up the DagBag from /opt/airflow/dags/eda_airflow copy.py
[2025-07-19T14:39:17.025+0000] {processor.py:840} INFO - DAG(s) 'launch_streamlit_dashboard' retrieved from /opt/airflow/dags/eda_airflow copy.py
[2025-07-19T14:39:17.051+0000] {logging_mixin.py:188} INFO - [2025-07-19T14:39:17.050+0000] {dag.py:3036} INFO - Sync 1 DAGs
[2025-07-19T14:39:17.065+0000] {logging_mixin.py:188} INFO - [2025-07-19T14:39:17.065+0000] {dag.py:3823} INFO - Setting next_dagrun for launch_streamlit_dashboard to None, run_after=None
[2025-07-19T14:39:17.084+0000] {processor.py:183} INFO - Processing /opt/airflow/dags/eda_airflow copy.py took 0.099 seconds
[2025-07-19T14:39:47.527+0000] {processor.py:161} INFO - Started process (PID=8120) to work on /opt/airflow/dags/eda_airflow copy.py
[2025-07-19T14:39:47.528+0000] {processor.py:830} INFO - Processing file /opt/airflow/dags/eda_airflow copy.py for tasks to queue
[2025-07-19T14:39:47.529+0000] {logging_mixin.py:188} INFO - [2025-07-19T14:39:47.529+0000] {dagbag.py:538} INFO - Filling up the DagBag from /opt/airflow/dags/eda_airflow copy.py
[2025-07-19T14:39:47.711+0000] {processor.py:840} INFO - DAG(s) 'launch_streamlit_dashboard' retrieved from /opt/airflow/dags/eda_airflow copy.py
[2025-07-19T14:39:47.726+0000] {logging_mixin.py:188} INFO - [2025-07-19T14:39:47.725+0000] {dag.py:3036} INFO - Sync 1 DAGs
[2025-07-19T14:39:47.742+0000] {logging_mixin.py:188} INFO - [2025-07-19T14:39:47.742+0000] {dag.py:3823} INFO - Setting next_dagrun for launch_streamlit_dashboard to None, run_after=None
[2025-07-19T14:39:47.774+0000] {processor.py:183} INFO - Processing /opt/airflow/dags/eda_airflow copy.py took 0.251 seconds
[2025-07-19T14:40:18.587+0000] {processor.py:161} INFO - Started process (PID=8155) to work on /opt/airflow/dags/eda_airflow copy.py
[2025-07-19T14:40:18.588+0000] {processor.py:830} INFO - Processing file /opt/airflow/dags/eda_airflow copy.py for tasks to queue
[2025-07-19T14:40:18.589+0000] {logging_mixin.py:188} INFO - [2025-07-19T14:40:18.589+0000] {dagbag.py:538} INFO - Filling up the DagBag from /opt/airflow/dags/eda_airflow copy.py
[2025-07-19T14:40:18.631+0000] {processor.py:840} INFO - DAG(s) 'launch_streamlit_dashboard' retrieved from /opt/airflow/dags/eda_airflow copy.py
[2025-07-19T14:40:18.759+0000] {logging_mixin.py:188} INFO - [2025-07-19T14:40:18.759+0000] {dag.py:3036} INFO - Sync 1 DAGs
[2025-07-19T14:40:18.771+0000] {logging_mixin.py:188} INFO - [2025-07-19T14:40:18.771+0000] {dag.py:3823} INFO - Setting next_dagrun for launch_streamlit_dashboard to None, run_after=None
[2025-07-19T14:40:18.793+0000] {processor.py:183} INFO - Processing /opt/airflow/dags/eda_airflow copy.py took 0.210 seconds
[2025-07-19T14:40:49.375+0000] {processor.py:161} INFO - Started process (PID=8190) to work on /opt/airflow/dags/eda_airflow copy.py
[2025-07-19T14:40:49.376+0000] {processor.py:830} INFO - Processing file /opt/airflow/dags/eda_airflow copy.py for tasks to queue
[2025-07-19T14:40:49.377+0000] {logging_mixin.py:188} INFO - [2025-07-19T14:40:49.377+0000] {dagbag.py:538} INFO - Filling up the DagBag from /opt/airflow/dags/eda_airflow copy.py
[2025-07-19T14:40:49.387+0000] {processor.py:840} INFO - DAG(s) 'launch_streamlit_dashboard' retrieved from /opt/airflow/dags/eda_airflow copy.py
[2025-07-19T14:40:49.444+0000] {logging_mixin.py:188} INFO - [2025-07-19T14:40:49.444+0000] {dag.py:3036} INFO - Sync 1 DAGs
[2025-07-19T14:40:49.456+0000] {logging_mixin.py:188} INFO - [2025-07-19T14:40:49.456+0000] {dag.py:3823} INFO - Setting next_dagrun for launch_streamlit_dashboard to None, run_after=None
[2025-07-19T14:40:49.510+0000] {processor.py:183} INFO - Processing /opt/airflow/dags/eda_airflow copy.py took 0.139 seconds
[2025-07-19T14:41:21.558+0000] {processor.py:161} INFO - Started process (PID=8225) to work on /opt/airflow/dags/eda_airflow copy.py
[2025-07-19T14:41:21.559+0000] {processor.py:830} INFO - Processing file /opt/airflow/dags/eda_airflow copy.py for tasks to queue
[2025-07-19T14:41:21.560+0000] {logging_mixin.py:188} INFO - [2025-07-19T14:41:21.559+0000] {dagbag.py:538} INFO - Filling up the DagBag from /opt/airflow/dags/eda_airflow copy.py
[2025-07-19T14:41:21.570+0000] {processor.py:840} INFO - DAG(s) 'launch_streamlit_dashboard' retrieved from /opt/airflow/dags/eda_airflow copy.py
[2025-07-19T14:41:21.673+0000] {logging_mixin.py:188} INFO - [2025-07-19T14:41:21.672+0000] {dag.py:3036} INFO - Sync 1 DAGs
[2025-07-19T14:41:21.683+0000] {logging_mixin.py:188} INFO - [2025-07-19T14:41:21.683+0000] {dag.py:3823} INFO - Setting next_dagrun for launch_streamlit_dashboard to None, run_after=None
[2025-07-19T14:41:21.854+0000] {processor.py:183} INFO - Processing /opt/airflow/dags/eda_airflow copy.py took 0.300 seconds
[2025-07-19T14:41:52.966+0000] {processor.py:161} INFO - Started process (PID=8257) to work on /opt/airflow/dags/eda_airflow copy.py
[2025-07-19T14:41:52.967+0000] {processor.py:830} INFO - Processing file /opt/airflow/dags/eda_airflow copy.py for tasks to queue
[2025-07-19T14:41:52.968+0000] {logging_mixin.py:188} INFO - [2025-07-19T14:41:52.968+0000] {dagbag.py:538} INFO - Filling up the DagBag from /opt/airflow/dags/eda_airflow copy.py
[2025-07-19T14:41:53.097+0000] {processor.py:840} INFO - DAG(s) 'launch_streamlit_dashboard' retrieved from /opt/airflow/dags/eda_airflow copy.py
[2025-07-19T14:41:53.122+0000] {logging_mixin.py:188} INFO - [2025-07-19T14:41:53.122+0000] {dag.py:3036} INFO - Sync 1 DAGs
[2025-07-19T14:41:53.135+0000] {logging_mixin.py:188} INFO - [2025-07-19T14:41:53.134+0000] {dag.py:3823} INFO - Setting next_dagrun for launch_streamlit_dashboard to None, run_after=None
[2025-07-19T14:41:53.157+0000] {processor.py:183} INFO - Processing /opt/airflow/dags/eda_airflow copy.py took 0.194 seconds
[2025-07-19T14:42:23.616+0000] {processor.py:161} INFO - Started process (PID=8292) to work on /opt/airflow/dags/eda_airflow copy.py
[2025-07-19T14:42:23.617+0000] {processor.py:830} INFO - Processing file /opt/airflow/dags/eda_airflow copy.py for tasks to queue
[2025-07-19T14:42:23.618+0000] {logging_mixin.py:188} INFO - [2025-07-19T14:42:23.618+0000] {dagbag.py:538} INFO - Filling up the DagBag from /opt/airflow/dags/eda_airflow copy.py
[2025-07-19T14:42:23.675+0000] {processor.py:840} INFO - DAG(s) 'launch_streamlit_dashboard' retrieved from /opt/airflow/dags/eda_airflow copy.py
[2025-07-19T14:42:23.743+0000] {logging_mixin.py:188} INFO - [2025-07-19T14:42:23.743+0000] {dag.py:3036} INFO - Sync 1 DAGs
[2025-07-19T14:42:23.758+0000] {logging_mixin.py:188} INFO - [2025-07-19T14:42:23.758+0000] {dag.py:3823} INFO - Setting next_dagrun for launch_streamlit_dashboard to None, run_after=None
[2025-07-19T14:42:23.785+0000] {processor.py:183} INFO - Processing /opt/airflow/dags/eda_airflow copy.py took 0.172 seconds
[2025-07-19T14:42:54.097+0000] {processor.py:161} INFO - Started process (PID=8327) to work on /opt/airflow/dags/eda_airflow copy.py
[2025-07-19T14:42:54.098+0000] {processor.py:830} INFO - Processing file /opt/airflow/dags/eda_airflow copy.py for tasks to queue
[2025-07-19T14:42:54.099+0000] {logging_mixin.py:188} INFO - [2025-07-19T14:42:54.099+0000] {dagbag.py:538} INFO - Filling up the DagBag from /opt/airflow/dags/eda_airflow copy.py
[2025-07-19T14:42:54.110+0000] {processor.py:840} INFO - DAG(s) 'launch_streamlit_dashboard' retrieved from /opt/airflow/dags/eda_airflow copy.py
[2025-07-19T14:42:54.218+0000] {logging_mixin.py:188} INFO - [2025-07-19T14:42:54.217+0000] {dag.py:3036} INFO - Sync 1 DAGs
[2025-07-19T14:42:54.226+0000] {logging_mixin.py:188} INFO - [2025-07-19T14:42:54.226+0000] {dag.py:3823} INFO - Setting next_dagrun for launch_streamlit_dashboard to None, run_after=None
[2025-07-19T14:42:54.248+0000] {processor.py:183} INFO - Processing /opt/airflow/dags/eda_airflow copy.py took 0.153 seconds
[2025-07-19T14:43:24.466+0000] {processor.py:161} INFO - Started process (PID=8362) to work on /opt/airflow/dags/eda_airflow copy.py
[2025-07-19T14:43:24.467+0000] {processor.py:830} INFO - Processing file /opt/airflow/dags/eda_airflow copy.py for tasks to queue
[2025-07-19T14:43:24.468+0000] {logging_mixin.py:188} INFO - [2025-07-19T14:43:24.468+0000] {dagbag.py:538} INFO - Filling up the DagBag from /opt/airflow/dags/eda_airflow copy.py
[2025-07-19T14:43:24.478+0000] {processor.py:840} INFO - DAG(s) 'launch_streamlit_dashboard' retrieved from /opt/airflow/dags/eda_airflow copy.py
[2025-07-19T14:43:24.501+0000] {logging_mixin.py:188} INFO - [2025-07-19T14:43:24.501+0000] {dag.py:3036} INFO - Sync 1 DAGs
[2025-07-19T14:43:24.512+0000] {logging_mixin.py:188} INFO - [2025-07-19T14:43:24.512+0000] {dag.py:3823} INFO - Setting next_dagrun for launch_streamlit_dashboard to None, run_after=None
[2025-07-19T14:43:24.534+0000] {processor.py:183} INFO - Processing /opt/airflow/dags/eda_airflow copy.py took 0.071 seconds
[2025-07-19T14:43:55.284+0000] {processor.py:161} INFO - Started process (PID=8397) to work on /opt/airflow/dags/eda_airflow copy.py
[2025-07-19T14:43:55.285+0000] {processor.py:830} INFO - Processing file /opt/airflow/dags/eda_airflow copy.py for tasks to queue
[2025-07-19T14:43:55.286+0000] {logging_mixin.py:188} INFO - [2025-07-19T14:43:55.286+0000] {dagbag.py:538} INFO - Filling up the DagBag from /opt/airflow/dags/eda_airflow copy.py
[2025-07-19T14:43:55.296+0000] {processor.py:840} INFO - DAG(s) 'launch_streamlit_dashboard' retrieved from /opt/airflow/dags/eda_airflow copy.py
[2025-07-19T14:43:55.306+0000] {logging_mixin.py:188} INFO - [2025-07-19T14:43:55.306+0000] {dag.py:3036} INFO - Sync 1 DAGs
[2025-07-19T14:43:55.318+0000] {logging_mixin.py:188} INFO - [2025-07-19T14:43:55.318+0000] {dag.py:3823} INFO - Setting next_dagrun for launch_streamlit_dashboard to None, run_after=None
[2025-07-19T14:43:55.339+0000] {processor.py:183} INFO - Processing /opt/airflow/dags/eda_airflow copy.py took 0.058 seconds
[2025-07-19T14:44:25.898+0000] {processor.py:161} INFO - Started process (PID=8432) to work on /opt/airflow/dags/eda_airflow copy.py
[2025-07-19T14:44:25.899+0000] {processor.py:830} INFO - Processing file /opt/airflow/dags/eda_airflow copy.py for tasks to queue
[2025-07-19T14:44:25.900+0000] {logging_mixin.py:188} INFO - [2025-07-19T14:44:25.900+0000] {dagbag.py:538} INFO - Filling up the DagBag from /opt/airflow/dags/eda_airflow copy.py
[2025-07-19T14:44:25.928+0000] {processor.py:840} INFO - DAG(s) 'launch_streamlit_dashboard' retrieved from /opt/airflow/dags/eda_airflow copy.py
[2025-07-19T14:44:26.024+0000] {logging_mixin.py:188} INFO - [2025-07-19T14:44:26.024+0000] {dag.py:3036} INFO - Sync 1 DAGs
[2025-07-19T14:44:26.034+0000] {logging_mixin.py:188} INFO - [2025-07-19T14:44:26.034+0000] {dag.py:3823} INFO - Setting next_dagrun for launch_streamlit_dashboard to None, run_after=None
[2025-07-19T14:44:26.057+0000] {processor.py:183} INFO - Processing /opt/airflow/dags/eda_airflow copy.py took 0.161 seconds
[2025-07-19T14:44:56.633+0000] {processor.py:161} INFO - Started process (PID=8467) to work on /opt/airflow/dags/eda_airflow copy.py
[2025-07-19T14:44:56.634+0000] {processor.py:830} INFO - Processing file /opt/airflow/dags/eda_airflow copy.py for tasks to queue
[2025-07-19T14:44:56.635+0000] {logging_mixin.py:188} INFO - [2025-07-19T14:44:56.635+0000] {dagbag.py:538} INFO - Filling up the DagBag from /opt/airflow/dags/eda_airflow copy.py
[2025-07-19T14:44:56.646+0000] {processor.py:840} INFO - DAG(s) 'launch_streamlit_dashboard' retrieved from /opt/airflow/dags/eda_airflow copy.py
[2025-07-19T14:44:56.669+0000] {logging_mixin.py:188} INFO - [2025-07-19T14:44:56.668+0000] {dag.py:3036} INFO - Sync 1 DAGs
[2025-07-19T14:44:56.680+0000] {logging_mixin.py:188} INFO - [2025-07-19T14:44:56.680+0000] {dag.py:3823} INFO - Setting next_dagrun for launch_streamlit_dashboard to None, run_after=None
[2025-07-19T14:44:56.703+0000] {processor.py:183} INFO - Processing /opt/airflow/dags/eda_airflow copy.py took 0.074 seconds
[2025-07-19T14:45:27.235+0000] {processor.py:161} INFO - Started process (PID=8502) to work on /opt/airflow/dags/eda_airflow copy.py
[2025-07-19T14:45:27.236+0000] {processor.py:830} INFO - Processing file /opt/airflow/dags/eda_airflow copy.py for tasks to queue
[2025-07-19T14:45:27.237+0000] {logging_mixin.py:188} INFO - [2025-07-19T14:45:27.237+0000] {dagbag.py:538} INFO - Filling up the DagBag from /opt/airflow/dags/eda_airflow copy.py
[2025-07-19T14:45:27.249+0000] {processor.py:840} INFO - DAG(s) 'launch_streamlit_dashboard' retrieved from /opt/airflow/dags/eda_airflow copy.py
[2025-07-19T14:45:27.258+0000] {logging_mixin.py:188} INFO - [2025-07-19T14:45:27.258+0000] {dag.py:3036} INFO - Sync 1 DAGs
[2025-07-19T14:45:27.270+0000] {logging_mixin.py:188} INFO - [2025-07-19T14:45:27.270+0000] {dag.py:3823} INFO - Setting next_dagrun for launch_streamlit_dashboard to None, run_after=None
[2025-07-19T14:45:27.292+0000] {processor.py:183} INFO - Processing /opt/airflow/dags/eda_airflow copy.py took 0.060 seconds
[2025-07-19T14:45:57.851+0000] {processor.py:161} INFO - Started process (PID=8537) to work on /opt/airflow/dags/eda_airflow copy.py
[2025-07-19T14:45:57.852+0000] {processor.py:830} INFO - Processing file /opt/airflow/dags/eda_airflow copy.py for tasks to queue
[2025-07-19T14:45:57.853+0000] {logging_mixin.py:188} INFO - [2025-07-19T14:45:57.853+0000] {dagbag.py:538} INFO - Filling up the DagBag from /opt/airflow/dags/eda_airflow copy.py
[2025-07-19T14:45:57.865+0000] {processor.py:840} INFO - DAG(s) 'launch_streamlit_dashboard' retrieved from /opt/airflow/dags/eda_airflow copy.py
[2025-07-19T14:45:57.971+0000] {logging_mixin.py:188} INFO - [2025-07-19T14:45:57.971+0000] {dag.py:3036} INFO - Sync 1 DAGs
[2025-07-19T14:45:57.981+0000] {logging_mixin.py:188} INFO - [2025-07-19T14:45:57.981+0000] {dag.py:3823} INFO - Setting next_dagrun for launch_streamlit_dashboard to None, run_after=None
[2025-07-19T14:45:58.002+0000] {processor.py:183} INFO - Processing /opt/airflow/dags/eda_airflow copy.py took 0.156 seconds
[2025-07-19T14:46:28.532+0000] {processor.py:161} INFO - Started process (PID=8572) to work on /opt/airflow/dags/eda_airflow copy.py
[2025-07-19T14:46:28.533+0000] {processor.py:830} INFO - Processing file /opt/airflow/dags/eda_airflow copy.py for tasks to queue
[2025-07-19T14:46:28.534+0000] {logging_mixin.py:188} INFO - [2025-07-19T14:46:28.533+0000] {dagbag.py:538} INFO - Filling up the DagBag from /opt/airflow/dags/eda_airflow copy.py
[2025-07-19T14:46:28.543+0000] {processor.py:840} INFO - DAG(s) 'launch_streamlit_dashboard' retrieved from /opt/airflow/dags/eda_airflow copy.py
[2025-07-19T14:46:28.567+0000] {logging_mixin.py:188} INFO - [2025-07-19T14:46:28.566+0000] {dag.py:3036} INFO - Sync 1 DAGs
[2025-07-19T14:46:28.582+0000] {logging_mixin.py:188} INFO - [2025-07-19T14:46:28.581+0000] {dag.py:3823} INFO - Setting next_dagrun for launch_streamlit_dashboard to None, run_after=None
[2025-07-19T14:46:28.610+0000] {processor.py:183} INFO - Processing /opt/airflow/dags/eda_airflow copy.py took 0.081 seconds
[2025-07-19T14:46:59.135+0000] {processor.py:161} INFO - Started process (PID=8607) to work on /opt/airflow/dags/eda_airflow copy.py
[2025-07-19T14:46:59.136+0000] {processor.py:830} INFO - Processing file /opt/airflow/dags/eda_airflow copy.py for tasks to queue
[2025-07-19T14:46:59.137+0000] {logging_mixin.py:188} INFO - [2025-07-19T14:46:59.136+0000] {dagbag.py:538} INFO - Filling up the DagBag from /opt/airflow/dags/eda_airflow copy.py
[2025-07-19T14:46:59.147+0000] {processor.py:840} INFO - DAG(s) 'launch_streamlit_dashboard' retrieved from /opt/airflow/dags/eda_airflow copy.py
[2025-07-19T14:46:59.157+0000] {logging_mixin.py:188} INFO - [2025-07-19T14:46:59.157+0000] {dag.py:3036} INFO - Sync 1 DAGs
[2025-07-19T14:46:59.170+0000] {logging_mixin.py:188} INFO - [2025-07-19T14:46:59.169+0000] {dag.py:3823} INFO - Setting next_dagrun for launch_streamlit_dashboard to None, run_after=None
[2025-07-19T14:46:59.192+0000] {processor.py:183} INFO - Processing /opt/airflow/dags/eda_airflow copy.py took 0.060 seconds
[2025-07-19T14:47:29.754+0000] {processor.py:161} INFO - Started process (PID=8642) to work on /opt/airflow/dags/eda_airflow copy.py
[2025-07-19T14:47:29.755+0000] {processor.py:830} INFO - Processing file /opt/airflow/dags/eda_airflow copy.py for tasks to queue
[2025-07-19T14:47:29.756+0000] {logging_mixin.py:188} INFO - [2025-07-19T14:47:29.755+0000] {dagbag.py:538} INFO - Filling up the DagBag from /opt/airflow/dags/eda_airflow copy.py
[2025-07-19T14:47:29.765+0000] {processor.py:840} INFO - DAG(s) 'launch_streamlit_dashboard' retrieved from /opt/airflow/dags/eda_airflow copy.py
[2025-07-19T14:47:29.877+0000] {logging_mixin.py:188} INFO - [2025-07-19T14:47:29.877+0000] {dag.py:3036} INFO - Sync 1 DAGs
[2025-07-19T14:47:29.886+0000] {logging_mixin.py:188} INFO - [2025-07-19T14:47:29.886+0000] {dag.py:3823} INFO - Setting next_dagrun for launch_streamlit_dashboard to None, run_after=None
[2025-07-19T14:47:29.909+0000] {processor.py:183} INFO - Processing /opt/airflow/dags/eda_airflow copy.py took 0.158 seconds
[2025-07-19T14:48:00.401+0000] {processor.py:161} INFO - Started process (PID=8677) to work on /opt/airflow/dags/eda_airflow copy.py
[2025-07-19T14:48:00.401+0000] {processor.py:830} INFO - Processing file /opt/airflow/dags/eda_airflow copy.py for tasks to queue
[2025-07-19T14:48:00.402+0000] {logging_mixin.py:188} INFO - [2025-07-19T14:48:00.402+0000] {dagbag.py:538} INFO - Filling up the DagBag from /opt/airflow/dags/eda_airflow copy.py
[2025-07-19T14:48:00.412+0000] {processor.py:840} INFO - DAG(s) 'launch_streamlit_dashboard' retrieved from /opt/airflow/dags/eda_airflow copy.py
[2025-07-19T14:48:00.433+0000] {logging_mixin.py:188} INFO - [2025-07-19T14:48:00.433+0000] {dag.py:3036} INFO - Sync 1 DAGs
[2025-07-19T14:48:00.444+0000] {logging_mixin.py:188} INFO - [2025-07-19T14:48:00.444+0000] {dag.py:3823} INFO - Setting next_dagrun for launch_streamlit_dashboard to None, run_after=None
[2025-07-19T14:48:00.468+0000] {processor.py:183} INFO - Processing /opt/airflow/dags/eda_airflow copy.py took 0.070 seconds
[2025-07-19T14:48:30.994+0000] {processor.py:161} INFO - Started process (PID=8712) to work on /opt/airflow/dags/eda_airflow copy.py
[2025-07-19T14:48:30.995+0000] {processor.py:830} INFO - Processing file /opt/airflow/dags/eda_airflow copy.py for tasks to queue
[2025-07-19T14:48:30.996+0000] {logging_mixin.py:188} INFO - [2025-07-19T14:48:30.996+0000] {dagbag.py:538} INFO - Filling up the DagBag from /opt/airflow/dags/eda_airflow copy.py
[2025-07-19T14:48:31.006+0000] {processor.py:840} INFO - DAG(s) 'launch_streamlit_dashboard' retrieved from /opt/airflow/dags/eda_airflow copy.py
[2025-07-19T14:48:31.017+0000] {logging_mixin.py:188} INFO - [2025-07-19T14:48:31.017+0000] {dag.py:3036} INFO - Sync 1 DAGs
[2025-07-19T14:48:31.030+0000] {logging_mixin.py:188} INFO - [2025-07-19T14:48:31.030+0000] {dag.py:3823} INFO - Setting next_dagrun for launch_streamlit_dashboard to None, run_after=None
[2025-07-19T14:48:31.052+0000] {processor.py:183} INFO - Processing /opt/airflow/dags/eda_airflow copy.py took 0.061 seconds
[2025-07-19T14:49:01.614+0000] {processor.py:161} INFO - Started process (PID=8747) to work on /opt/airflow/dags/eda_airflow copy.py
[2025-07-19T14:49:01.615+0000] {processor.py:830} INFO - Processing file /opt/airflow/dags/eda_airflow copy.py for tasks to queue
[2025-07-19T14:49:01.616+0000] {logging_mixin.py:188} INFO - [2025-07-19T14:49:01.616+0000] {dagbag.py:538} INFO - Filling up the DagBag from /opt/airflow/dags/eda_airflow copy.py
[2025-07-19T14:49:01.627+0000] {processor.py:840} INFO - DAG(s) 'launch_streamlit_dashboard' retrieved from /opt/airflow/dags/eda_airflow copy.py
[2025-07-19T14:49:01.751+0000] {logging_mixin.py:188} INFO - [2025-07-19T14:49:01.750+0000] {dag.py:3036} INFO - Sync 1 DAGs
[2025-07-19T14:49:01.760+0000] {logging_mixin.py:188} INFO - [2025-07-19T14:49:01.760+0000] {dag.py:3823} INFO - Setting next_dagrun for launch_streamlit_dashboard to None, run_after=None
[2025-07-19T14:49:01.782+0000] {processor.py:183} INFO - Processing /opt/airflow/dags/eda_airflow copy.py took 0.171 seconds
[2025-07-19T14:49:32.113+0000] {processor.py:161} INFO - Started process (PID=8782) to work on /opt/airflow/dags/eda_airflow copy.py
[2025-07-19T14:49:32.114+0000] {processor.py:830} INFO - Processing file /opt/airflow/dags/eda_airflow copy.py for tasks to queue
[2025-07-19T14:49:32.115+0000] {logging_mixin.py:188} INFO - [2025-07-19T14:49:32.115+0000] {dagbag.py:538} INFO - Filling up the DagBag from /opt/airflow/dags/eda_airflow copy.py
[2025-07-19T14:49:32.125+0000] {processor.py:840} INFO - DAG(s) 'launch_streamlit_dashboard' retrieved from /opt/airflow/dags/eda_airflow copy.py
[2025-07-19T14:49:32.147+0000] {logging_mixin.py:188} INFO - [2025-07-19T14:49:32.147+0000] {dag.py:3036} INFO - Sync 1 DAGs
[2025-07-19T14:49:32.159+0000] {logging_mixin.py:188} INFO - [2025-07-19T14:49:32.159+0000] {dag.py:3823} INFO - Setting next_dagrun for launch_streamlit_dashboard to None, run_after=None
[2025-07-19T14:49:32.178+0000] {processor.py:183} INFO - Processing /opt/airflow/dags/eda_airflow copy.py took 0.068 seconds
[2025-07-19T14:50:02.695+0000] {processor.py:161} INFO - Started process (PID=8817) to work on /opt/airflow/dags/eda_airflow copy.py
[2025-07-19T14:50:02.696+0000] {processor.py:830} INFO - Processing file /opt/airflow/dags/eda_airflow copy.py for tasks to queue
[2025-07-19T14:50:02.697+0000] {logging_mixin.py:188} INFO - [2025-07-19T14:50:02.696+0000] {dagbag.py:538} INFO - Filling up the DagBag from /opt/airflow/dags/eda_airflow copy.py
[2025-07-19T14:50:02.706+0000] {processor.py:840} INFO - DAG(s) 'launch_streamlit_dashboard' retrieved from /opt/airflow/dags/eda_airflow copy.py
[2025-07-19T14:50:02.716+0000] {logging_mixin.py:188} INFO - [2025-07-19T14:50:02.716+0000] {dag.py:3036} INFO - Sync 1 DAGs
[2025-07-19T14:50:02.728+0000] {logging_mixin.py:188} INFO - [2025-07-19T14:50:02.728+0000] {dag.py:3823} INFO - Setting next_dagrun for launch_streamlit_dashboard to None, run_after=None
[2025-07-19T14:50:02.750+0000] {processor.py:183} INFO - Processing /opt/airflow/dags/eda_airflow copy.py took 0.058 seconds
[2025-07-19T14:50:33.266+0000] {processor.py:161} INFO - Started process (PID=8852) to work on /opt/airflow/dags/eda_airflow copy.py
[2025-07-19T14:50:33.267+0000] {processor.py:830} INFO - Processing file /opt/airflow/dags/eda_airflow copy.py for tasks to queue
[2025-07-19T14:50:33.268+0000] {logging_mixin.py:188} INFO - [2025-07-19T14:50:33.268+0000] {dagbag.py:538} INFO - Filling up the DagBag from /opt/airflow/dags/eda_airflow copy.py
[2025-07-19T14:50:33.278+0000] {processor.py:840} INFO - DAG(s) 'launch_streamlit_dashboard' retrieved from /opt/airflow/dags/eda_airflow copy.py
[2025-07-19T14:50:33.372+0000] {logging_mixin.py:188} INFO - [2025-07-19T14:50:33.372+0000] {dag.py:3036} INFO - Sync 1 DAGs
[2025-07-19T14:50:33.381+0000] {logging_mixin.py:188} INFO - [2025-07-19T14:50:33.381+0000] {dag.py:3823} INFO - Setting next_dagrun for launch_streamlit_dashboard to None, run_after=None
[2025-07-19T14:50:33.403+0000] {processor.py:183} INFO - Processing /opt/airflow/dags/eda_airflow copy.py took 0.140 seconds
[2025-07-19T14:51:03.812+0000] {processor.py:161} INFO - Started process (PID=8887) to work on /opt/airflow/dags/eda_airflow copy.py
[2025-07-19T14:51:03.813+0000] {processor.py:830} INFO - Processing file /opt/airflow/dags/eda_airflow copy.py for tasks to queue
[2025-07-19T14:51:03.814+0000] {logging_mixin.py:188} INFO - [2025-07-19T14:51:03.813+0000] {dagbag.py:538} INFO - Filling up the DagBag from /opt/airflow/dags/eda_airflow copy.py
[2025-07-19T14:51:03.824+0000] {processor.py:840} INFO - DAG(s) 'launch_streamlit_dashboard' retrieved from /opt/airflow/dags/eda_airflow copy.py
[2025-07-19T14:51:03.847+0000] {logging_mixin.py:188} INFO - [2025-07-19T14:51:03.846+0000] {dag.py:3036} INFO - Sync 1 DAGs
[2025-07-19T14:51:03.859+0000] {logging_mixin.py:188} INFO - [2025-07-19T14:51:03.859+0000] {dag.py:3823} INFO - Setting next_dagrun for launch_streamlit_dashboard to None, run_after=None
[2025-07-19T14:51:03.880+0000] {processor.py:183} INFO - Processing /opt/airflow/dags/eda_airflow copy.py took 0.072 seconds
[2025-07-19T14:51:34.395+0000] {processor.py:161} INFO - Started process (PID=8922) to work on /opt/airflow/dags/eda_airflow copy.py
[2025-07-19T14:51:34.396+0000] {processor.py:830} INFO - Processing file /opt/airflow/dags/eda_airflow copy.py for tasks to queue
[2025-07-19T14:51:34.397+0000] {logging_mixin.py:188} INFO - [2025-07-19T14:51:34.397+0000] {dagbag.py:538} INFO - Filling up the DagBag from /opt/airflow/dags/eda_airflow copy.py
[2025-07-19T14:51:34.409+0000] {processor.py:840} INFO - DAG(s) 'launch_streamlit_dashboard' retrieved from /opt/airflow/dags/eda_airflow copy.py
[2025-07-19T14:51:34.422+0000] {logging_mixin.py:188} INFO - [2025-07-19T14:51:34.422+0000] {dag.py:3036} INFO - Sync 1 DAGs
[2025-07-19T14:51:34.436+0000] {logging_mixin.py:188} INFO - [2025-07-19T14:51:34.436+0000] {dag.py:3823} INFO - Setting next_dagrun for launch_streamlit_dashboard to None, run_after=None
[2025-07-19T14:51:34.461+0000] {processor.py:183} INFO - Processing /opt/airflow/dags/eda_airflow copy.py took 0.069 seconds
[2025-07-19T14:52:05.055+0000] {processor.py:161} INFO - Started process (PID=8957) to work on /opt/airflow/dags/eda_airflow copy.py
[2025-07-19T14:52:05.056+0000] {processor.py:830} INFO - Processing file /opt/airflow/dags/eda_airflow copy.py for tasks to queue
[2025-07-19T14:52:05.058+0000] {logging_mixin.py:188} INFO - [2025-07-19T14:52:05.057+0000] {dagbag.py:538} INFO - Filling up the DagBag from /opt/airflow/dags/eda_airflow copy.py
[2025-07-19T14:52:05.069+0000] {processor.py:840} INFO - DAG(s) 'launch_streamlit_dashboard' retrieved from /opt/airflow/dags/eda_airflow copy.py
[2025-07-19T14:52:08.494+0000] {logging_mixin.py:188} INFO - [2025-07-19T14:52:08.493+0000] {dag.py:3036} INFO - Sync 1 DAGs
[2025-07-19T14:52:09.571+0000] {logging_mixin.py:188} INFO - [2025-07-19T14:52:09.571+0000] {dag.py:3823} INFO - Setting next_dagrun for launch_streamlit_dashboard to None, run_after=None
[2025-07-19T14:52:09.912+0000] {processor.py:183} INFO - Processing /opt/airflow/dags/eda_airflow copy.py took 4.860 seconds
[2025-07-19T14:52:53.368+0000] {processor.py:161} INFO - Started process (PID=8995) to work on /opt/airflow/dags/eda_airflow copy.py
[2025-07-19T14:52:53.369+0000] {processor.py:830} INFO - Processing file /opt/airflow/dags/eda_airflow copy.py for tasks to queue
[2025-07-19T14:52:53.370+0000] {logging_mixin.py:188} INFO - [2025-07-19T14:52:53.370+0000] {dagbag.py:538} INFO - Filling up the DagBag from /opt/airflow/dags/eda_airflow copy.py
[2025-07-19T14:52:53.379+0000] {processor.py:840} INFO - DAG(s) 'launch_streamlit_dashboard' retrieved from /opt/airflow/dags/eda_airflow copy.py
[2025-07-19T14:52:53.495+0000] {logging_mixin.py:188} INFO - [2025-07-19T14:52:53.495+0000] {dag.py:3036} INFO - Sync 1 DAGs
[2025-07-19T14:52:53.507+0000] {logging_mixin.py:188} INFO - [2025-07-19T14:52:53.507+0000] {dag.py:3823} INFO - Setting next_dagrun for launch_streamlit_dashboard to None, run_after=None
[2025-07-19T14:52:53.944+0000] {processor.py:183} INFO - Processing /opt/airflow/dags/eda_airflow copy.py took 0.579 seconds
[2025-07-19T14:53:26.370+0000] {processor.py:161} INFO - Started process (PID=9035) to work on /opt/airflow/dags/eda_airflow copy.py
[2025-07-19T14:53:26.371+0000] {processor.py:830} INFO - Processing file /opt/airflow/dags/eda_airflow copy.py for tasks to queue
[2025-07-19T14:53:26.372+0000] {logging_mixin.py:188} INFO - [2025-07-19T14:53:26.372+0000] {dagbag.py:538} INFO - Filling up the DagBag from /opt/airflow/dags/eda_airflow copy.py
[2025-07-19T14:53:26.383+0000] {processor.py:840} INFO - DAG(s) 'launch_streamlit_dashboard' retrieved from /opt/airflow/dags/eda_airflow copy.py
[2025-07-19T14:53:27.896+0000] {logging_mixin.py:188} INFO - [2025-07-19T14:53:27.896+0000] {dag.py:3036} INFO - Sync 1 DAGs
[2025-07-19T14:53:28.412+0000] {logging_mixin.py:188} INFO - [2025-07-19T14:53:28.412+0000] {dag.py:3823} INFO - Setting next_dagrun for launch_streamlit_dashboard to None, run_after=None
[2025-07-19T14:53:28.844+0000] {processor.py:183} INFO - Processing /opt/airflow/dags/eda_airflow copy.py took 2.477 seconds
[2025-07-19T14:54:01.433+0000] {processor.py:161} INFO - Started process (PID=9070) to work on /opt/airflow/dags/eda_airflow copy.py
[2025-07-19T14:54:01.435+0000] {processor.py:830} INFO - Processing file /opt/airflow/dags/eda_airflow copy.py for tasks to queue
[2025-07-19T14:54:01.436+0000] {logging_mixin.py:188} INFO - [2025-07-19T14:54:01.435+0000] {dagbag.py:538} INFO - Filling up the DagBag from /opt/airflow/dags/eda_airflow copy.py
[2025-07-19T14:54:01.445+0000] {processor.py:840} INFO - DAG(s) 'launch_streamlit_dashboard' retrieved from /opt/airflow/dags/eda_airflow copy.py
[2025-07-19T14:54:03.721+0000] {logging_mixin.py:188} INFO - [2025-07-19T14:54:03.721+0000] {dag.py:3036} INFO - Sync 1 DAGs
[2025-07-19T14:54:04.320+0000] {logging_mixin.py:188} INFO - [2025-07-19T14:54:04.320+0000] {dag.py:3823} INFO - Setting next_dagrun for launch_streamlit_dashboard to None, run_after=None
[2025-07-19T14:54:04.773+0000] {processor.py:183} INFO - Processing /opt/airflow/dags/eda_airflow copy.py took 3.344 seconds
[2025-07-19T14:54:35.817+0000] {processor.py:161} INFO - Started process (PID=9102) to work on /opt/airflow/dags/eda_airflow copy.py
[2025-07-19T14:54:35.818+0000] {processor.py:830} INFO - Processing file /opt/airflow/dags/eda_airflow copy.py for tasks to queue
[2025-07-19T14:54:35.820+0000] {logging_mixin.py:188} INFO - [2025-07-19T14:54:35.819+0000] {dagbag.py:538} INFO - Filling up the DagBag from /opt/airflow/dags/eda_airflow copy.py
[2025-07-19T14:54:35.830+0000] {processor.py:840} INFO - DAG(s) 'launch_streamlit_dashboard' retrieved from /opt/airflow/dags/eda_airflow copy.py
[2025-07-19T14:54:35.943+0000] {logging_mixin.py:188} INFO - [2025-07-19T14:54:35.943+0000] {dag.py:3036} INFO - Sync 1 DAGs
[2025-07-19T14:54:35.953+0000] {logging_mixin.py:188} INFO - [2025-07-19T14:54:35.953+0000] {dag.py:3823} INFO - Setting next_dagrun for launch_streamlit_dashboard to None, run_after=None
[2025-07-19T14:54:35.975+0000] {processor.py:183} INFO - Processing /opt/airflow/dags/eda_airflow copy.py took 0.160 seconds
[2025-07-19T14:55:06.535+0000] {processor.py:161} INFO - Started process (PID=9137) to work on /opt/airflow/dags/eda_airflow copy.py
[2025-07-19T14:55:06.536+0000] {processor.py:830} INFO - Processing file /opt/airflow/dags/eda_airflow copy.py for tasks to queue
[2025-07-19T14:55:06.537+0000] {logging_mixin.py:188} INFO - [2025-07-19T14:55:06.536+0000] {dagbag.py:538} INFO - Filling up the DagBag from /opt/airflow/dags/eda_airflow copy.py
[2025-07-19T14:55:06.547+0000] {processor.py:840} INFO - DAG(s) 'launch_streamlit_dashboard' retrieved from /opt/airflow/dags/eda_airflow copy.py
[2025-07-19T14:55:06.572+0000] {logging_mixin.py:188} INFO - [2025-07-19T14:55:06.572+0000] {dag.py:3036} INFO - Sync 1 DAGs
[2025-07-19T14:55:06.583+0000] {logging_mixin.py:188} INFO - [2025-07-19T14:55:06.583+0000] {dag.py:3823} INFO - Setting next_dagrun for launch_streamlit_dashboard to None, run_after=None
[2025-07-19T14:55:06.624+0000] {processor.py:183} INFO - Processing /opt/airflow/dags/eda_airflow copy.py took 0.092 seconds
[2025-07-19T14:55:37.143+0000] {processor.py:161} INFO - Started process (PID=9172) to work on /opt/airflow/dags/eda_airflow copy.py
[2025-07-19T14:55:37.144+0000] {processor.py:830} INFO - Processing file /opt/airflow/dags/eda_airflow copy.py for tasks to queue
[2025-07-19T14:55:37.145+0000] {logging_mixin.py:188} INFO - [2025-07-19T14:55:37.145+0000] {dagbag.py:538} INFO - Filling up the DagBag from /opt/airflow/dags/eda_airflow copy.py
[2025-07-19T14:55:37.156+0000] {processor.py:840} INFO - DAG(s) 'launch_streamlit_dashboard' retrieved from /opt/airflow/dags/eda_airflow copy.py
[2025-07-19T14:55:37.313+0000] {logging_mixin.py:188} INFO - [2025-07-19T14:55:37.313+0000] {dag.py:3036} INFO - Sync 1 DAGs
[2025-07-19T14:55:37.324+0000] {logging_mixin.py:188} INFO - [2025-07-19T14:55:37.323+0000] {dag.py:3823} INFO - Setting next_dagrun for launch_streamlit_dashboard to None, run_after=None
[2025-07-19T14:55:37.347+0000] {processor.py:183} INFO - Processing /opt/airflow/dags/eda_airflow copy.py took 0.207 seconds
[2025-07-19T14:56:07.980+0000] {processor.py:161} INFO - Started process (PID=9207) to work on /opt/airflow/dags/eda_airflow copy.py
[2025-07-19T14:56:07.981+0000] {processor.py:830} INFO - Processing file /opt/airflow/dags/eda_airflow copy.py for tasks to queue
[2025-07-19T14:56:07.983+0000] {logging_mixin.py:188} INFO - [2025-07-19T14:56:07.982+0000] {dagbag.py:538} INFO - Filling up the DagBag from /opt/airflow/dags/eda_airflow copy.py
[2025-07-19T14:56:07.992+0000] {processor.py:840} INFO - DAG(s) 'launch_streamlit_dashboard' retrieved from /opt/airflow/dags/eda_airflow copy.py
[2025-07-19T14:56:08.018+0000] {logging_mixin.py:188} INFO - [2025-07-19T14:56:08.017+0000] {dag.py:3036} INFO - Sync 1 DAGs
[2025-07-19T14:56:08.033+0000] {logging_mixin.py:188} INFO - [2025-07-19T14:56:08.033+0000] {dag.py:3823} INFO - Setting next_dagrun for launch_streamlit_dashboard to None, run_after=None
[2025-07-19T14:56:08.052+0000] {processor.py:183} INFO - Processing /opt/airflow/dags/eda_airflow copy.py took 0.075 seconds
[2025-07-19T14:56:38.584+0000] {processor.py:161} INFO - Started process (PID=9242) to work on /opt/airflow/dags/eda_airflow copy.py
[2025-07-19T14:56:38.585+0000] {processor.py:830} INFO - Processing file /opt/airflow/dags/eda_airflow copy.py for tasks to queue
[2025-07-19T14:56:38.586+0000] {logging_mixin.py:188} INFO - [2025-07-19T14:56:38.585+0000] {dagbag.py:538} INFO - Filling up the DagBag from /opt/airflow/dags/eda_airflow copy.py
[2025-07-19T14:56:38.617+0000] {processor.py:840} INFO - DAG(s) 'launch_streamlit_dashboard' retrieved from /opt/airflow/dags/eda_airflow copy.py
[2025-07-19T14:56:38.719+0000] {logging_mixin.py:188} INFO - [2025-07-19T14:56:38.718+0000] {dag.py:3036} INFO - Sync 1 DAGs
[2025-07-19T14:56:38.727+0000] {logging_mixin.py:188} INFO - [2025-07-19T14:56:38.727+0000] {dag.py:3823} INFO - Setting next_dagrun for launch_streamlit_dashboard to None, run_after=None
[2025-07-19T14:56:38.752+0000] {processor.py:183} INFO - Processing /opt/airflow/dags/eda_airflow copy.py took 0.172 seconds
[2025-07-19T14:57:09.178+0000] {processor.py:161} INFO - Started process (PID=9277) to work on /opt/airflow/dags/eda_airflow copy.py
[2025-07-19T14:57:09.179+0000] {processor.py:830} INFO - Processing file /opt/airflow/dags/eda_airflow copy.py for tasks to queue
[2025-07-19T14:57:09.180+0000] {logging_mixin.py:188} INFO - [2025-07-19T14:57:09.180+0000] {dagbag.py:538} INFO - Filling up the DagBag from /opt/airflow/dags/eda_airflow copy.py
[2025-07-19T14:57:09.189+0000] {processor.py:840} INFO - DAG(s) 'launch_streamlit_dashboard' retrieved from /opt/airflow/dags/eda_airflow copy.py
[2025-07-19T14:57:09.213+0000] {logging_mixin.py:188} INFO - [2025-07-19T14:57:09.213+0000] {dag.py:3036} INFO - Sync 1 DAGs
[2025-07-19T14:57:09.225+0000] {logging_mixin.py:188} INFO - [2025-07-19T14:57:09.225+0000] {dag.py:3823} INFO - Setting next_dagrun for launch_streamlit_dashboard to None, run_after=None
[2025-07-19T14:57:09.245+0000] {processor.py:183} INFO - Processing /opt/airflow/dags/eda_airflow copy.py took 0.070 seconds
[2025-07-19T14:57:39.869+0000] {processor.py:161} INFO - Started process (PID=9312) to work on /opt/airflow/dags/eda_airflow copy.py
[2025-07-19T14:57:39.870+0000] {processor.py:830} INFO - Processing file /opt/airflow/dags/eda_airflow copy.py for tasks to queue
[2025-07-19T14:57:39.872+0000] {logging_mixin.py:188} INFO - [2025-07-19T14:57:39.871+0000] {dagbag.py:538} INFO - Filling up the DagBag from /opt/airflow/dags/eda_airflow copy.py
[2025-07-19T14:57:39.883+0000] {processor.py:840} INFO - DAG(s) 'launch_streamlit_dashboard' retrieved from /opt/airflow/dags/eda_airflow copy.py
[2025-07-19T14:57:40.033+0000] {logging_mixin.py:188} INFO - [2025-07-19T14:57:40.033+0000] {dag.py:3036} INFO - Sync 1 DAGs
[2025-07-19T14:57:40.044+0000] {logging_mixin.py:188} INFO - [2025-07-19T14:57:40.044+0000] {dag.py:3823} INFO - Setting next_dagrun for launch_streamlit_dashboard to None, run_after=None
[2025-07-19T14:57:40.066+0000] {processor.py:183} INFO - Processing /opt/airflow/dags/eda_airflow copy.py took 0.199 seconds
[2025-07-19T14:58:10.480+0000] {processor.py:161} INFO - Started process (PID=9347) to work on /opt/airflow/dags/eda_airflow copy.py
[2025-07-19T14:58:10.481+0000] {processor.py:830} INFO - Processing file /opt/airflow/dags/eda_airflow copy.py for tasks to queue
[2025-07-19T14:58:10.482+0000] {logging_mixin.py:188} INFO - [2025-07-19T14:58:10.482+0000] {dagbag.py:538} INFO - Filling up the DagBag from /opt/airflow/dags/eda_airflow copy.py
[2025-07-19T14:58:10.492+0000] {processor.py:840} INFO - DAG(s) 'launch_streamlit_dashboard' retrieved from /opt/airflow/dags/eda_airflow copy.py
[2025-07-19T14:58:10.517+0000] {logging_mixin.py:188} INFO - [2025-07-19T14:58:10.517+0000] {dag.py:3036} INFO - Sync 1 DAGs
[2025-07-19T14:58:10.530+0000] {logging_mixin.py:188} INFO - [2025-07-19T14:58:10.530+0000] {dag.py:3823} INFO - Setting next_dagrun for launch_streamlit_dashboard to None, run_after=None
[2025-07-19T14:58:10.551+0000] {processor.py:183} INFO - Processing /opt/airflow/dags/eda_airflow copy.py took 0.074 seconds
[2025-07-19T14:58:41.048+0000] {processor.py:161} INFO - Started process (PID=9382) to work on /opt/airflow/dags/eda_airflow copy.py
[2025-07-19T14:58:41.049+0000] {processor.py:830} INFO - Processing file /opt/airflow/dags/eda_airflow copy.py for tasks to queue
[2025-07-19T14:58:41.050+0000] {logging_mixin.py:188} INFO - [2025-07-19T14:58:41.050+0000] {dagbag.py:538} INFO - Filling up the DagBag from /opt/airflow/dags/eda_airflow copy.py
[2025-07-19T14:58:41.061+0000] {processor.py:840} INFO - DAG(s) 'launch_streamlit_dashboard' retrieved from /opt/airflow/dags/eda_airflow copy.py
[2025-07-19T14:58:41.162+0000] {logging_mixin.py:188} INFO - [2025-07-19T14:58:41.162+0000] {dag.py:3036} INFO - Sync 1 DAGs
[2025-07-19T14:58:41.171+0000] {logging_mixin.py:188} INFO - [2025-07-19T14:58:41.171+0000] {dag.py:3823} INFO - Setting next_dagrun for launch_streamlit_dashboard to None, run_after=None
[2025-07-19T14:58:41.192+0000] {processor.py:183} INFO - Processing /opt/airflow/dags/eda_airflow copy.py took 0.147 seconds
[2025-07-19T14:59:11.625+0000] {processor.py:161} INFO - Started process (PID=9417) to work on /opt/airflow/dags/eda_airflow copy.py
[2025-07-19T14:59:11.626+0000] {processor.py:830} INFO - Processing file /opt/airflow/dags/eda_airflow copy.py for tasks to queue
[2025-07-19T14:59:11.627+0000] {logging_mixin.py:188} INFO - [2025-07-19T14:59:11.626+0000] {dagbag.py:538} INFO - Filling up the DagBag from /opt/airflow/dags/eda_airflow copy.py
[2025-07-19T14:59:11.638+0000] {processor.py:840} INFO - DAG(s) 'launch_streamlit_dashboard' retrieved from /opt/airflow/dags/eda_airflow copy.py
[2025-07-19T14:59:11.660+0000] {logging_mixin.py:188} INFO - [2025-07-19T14:59:11.660+0000] {dag.py:3036} INFO - Sync 1 DAGs
[2025-07-19T14:59:11.676+0000] {logging_mixin.py:188} INFO - [2025-07-19T14:59:11.675+0000] {dag.py:3823} INFO - Setting next_dagrun for launch_streamlit_dashboard to None, run_after=None
[2025-07-19T14:59:11.696+0000] {processor.py:183} INFO - Processing /opt/airflow/dags/eda_airflow copy.py took 0.074 seconds
[2025-07-19T14:59:42.200+0000] {processor.py:161} INFO - Started process (PID=9452) to work on /opt/airflow/dags/eda_airflow copy.py
[2025-07-19T14:59:42.201+0000] {processor.py:830} INFO - Processing file /opt/airflow/dags/eda_airflow copy.py for tasks to queue
[2025-07-19T14:59:42.202+0000] {logging_mixin.py:188} INFO - [2025-07-19T14:59:42.201+0000] {dagbag.py:538} INFO - Filling up the DagBag from /opt/airflow/dags/eda_airflow copy.py
[2025-07-19T14:59:42.212+0000] {processor.py:840} INFO - DAG(s) 'launch_streamlit_dashboard' retrieved from /opt/airflow/dags/eda_airflow copy.py
[2025-07-19T14:59:42.335+0000] {logging_mixin.py:188} INFO - [2025-07-19T14:59:42.335+0000] {dag.py:3036} INFO - Sync 1 DAGs
[2025-07-19T14:59:42.344+0000] {logging_mixin.py:188} INFO - [2025-07-19T14:59:42.344+0000] {dag.py:3823} INFO - Setting next_dagrun for launch_streamlit_dashboard to None, run_after=None
[2025-07-19T14:59:42.365+0000] {processor.py:183} INFO - Processing /opt/airflow/dags/eda_airflow copy.py took 0.168 seconds
[2025-07-19T15:00:12.769+0000] {processor.py:161} INFO - Started process (PID=9487) to work on /opt/airflow/dags/eda_airflow copy.py
[2025-07-19T15:00:12.771+0000] {processor.py:830} INFO - Processing file /opt/airflow/dags/eda_airflow copy.py for tasks to queue
[2025-07-19T15:00:12.772+0000] {logging_mixin.py:188} INFO - [2025-07-19T15:00:12.772+0000] {dagbag.py:538} INFO - Filling up the DagBag from /opt/airflow/dags/eda_airflow copy.py
[2025-07-19T15:00:12.784+0000] {processor.py:840} INFO - DAG(s) 'launch_streamlit_dashboard' retrieved from /opt/airflow/dags/eda_airflow copy.py
[2025-07-19T15:00:12.808+0000] {logging_mixin.py:188} INFO - [2025-07-19T15:00:12.808+0000] {dag.py:3036} INFO - Sync 1 DAGs
[2025-07-19T15:00:12.819+0000] {logging_mixin.py:188} INFO - [2025-07-19T15:00:12.819+0000] {dag.py:3823} INFO - Setting next_dagrun for launch_streamlit_dashboard to None, run_after=None
[2025-07-19T15:00:12.840+0000] {processor.py:183} INFO - Processing /opt/airflow/dags/eda_airflow copy.py took 0.074 seconds
[2025-07-19T15:00:43.323+0000] {processor.py:161} INFO - Started process (PID=9522) to work on /opt/airflow/dags/eda_airflow copy.py
[2025-07-19T15:00:43.324+0000] {processor.py:830} INFO - Processing file /opt/airflow/dags/eda_airflow copy.py for tasks to queue
[2025-07-19T15:00:43.325+0000] {logging_mixin.py:188} INFO - [2025-07-19T15:00:43.325+0000] {dagbag.py:538} INFO - Filling up the DagBag from /opt/airflow/dags/eda_airflow copy.py
[2025-07-19T15:00:43.336+0000] {processor.py:840} INFO - DAG(s) 'launch_streamlit_dashboard' retrieved from /opt/airflow/dags/eda_airflow copy.py
[2025-07-19T15:00:43.480+0000] {logging_mixin.py:188} INFO - [2025-07-19T15:00:43.479+0000] {dag.py:3036} INFO - Sync 1 DAGs
[2025-07-19T15:00:43.490+0000] {logging_mixin.py:188} INFO - [2025-07-19T15:00:43.490+0000] {dag.py:3823} INFO - Setting next_dagrun for launch_streamlit_dashboard to None, run_after=None
[2025-07-19T15:00:43.516+0000] {processor.py:183} INFO - Processing /opt/airflow/dags/eda_airflow copy.py took 0.196 seconds
[2025-07-19T15:01:13.901+0000] {processor.py:161} INFO - Started process (PID=9557) to work on /opt/airflow/dags/eda_airflow copy.py
[2025-07-19T15:01:13.902+0000] {processor.py:830} INFO - Processing file /opt/airflow/dags/eda_airflow copy.py for tasks to queue
[2025-07-19T15:01:13.903+0000] {logging_mixin.py:188} INFO - [2025-07-19T15:01:13.902+0000] {dagbag.py:538} INFO - Filling up the DagBag from /opt/airflow/dags/eda_airflow copy.py
[2025-07-19T15:01:13.913+0000] {processor.py:840} INFO - DAG(s) 'launch_streamlit_dashboard' retrieved from /opt/airflow/dags/eda_airflow copy.py
[2025-07-19T15:01:13.937+0000] {logging_mixin.py:188} INFO - [2025-07-19T15:01:13.936+0000] {dag.py:3036} INFO - Sync 1 DAGs
[2025-07-19T15:01:13.949+0000] {logging_mixin.py:188} INFO - [2025-07-19T15:01:13.949+0000] {dag.py:3823} INFO - Setting next_dagrun for launch_streamlit_dashboard to None, run_after=None
[2025-07-19T15:01:13.971+0000] {processor.py:183} INFO - Processing /opt/airflow/dags/eda_airflow copy.py took 0.073 seconds
[2025-07-19T15:01:44.450+0000] {processor.py:161} INFO - Started process (PID=9592) to work on /opt/airflow/dags/eda_airflow copy.py
[2025-07-19T15:01:44.451+0000] {processor.py:830} INFO - Processing file /opt/airflow/dags/eda_airflow copy.py for tasks to queue
[2025-07-19T15:01:44.452+0000] {logging_mixin.py:188} INFO - [2025-07-19T15:01:44.451+0000] {dagbag.py:538} INFO - Filling up the DagBag from /opt/airflow/dags/eda_airflow copy.py
[2025-07-19T15:01:44.462+0000] {processor.py:840} INFO - DAG(s) 'launch_streamlit_dashboard' retrieved from /opt/airflow/dags/eda_airflow copy.py
[2025-07-19T15:01:44.563+0000] {logging_mixin.py:188} INFO - [2025-07-19T15:01:44.563+0000] {dag.py:3036} INFO - Sync 1 DAGs
[2025-07-19T15:01:44.572+0000] {logging_mixin.py:188} INFO - [2025-07-19T15:01:44.571+0000] {dag.py:3823} INFO - Setting next_dagrun for launch_streamlit_dashboard to None, run_after=None
[2025-07-19T15:01:44.589+0000] {processor.py:183} INFO - Processing /opt/airflow/dags/eda_airflow copy.py took 0.143 seconds
[2025-07-19T15:02:15.050+0000] {processor.py:161} INFO - Started process (PID=9627) to work on /opt/airflow/dags/eda_airflow copy.py
[2025-07-19T15:02:15.051+0000] {processor.py:830} INFO - Processing file /opt/airflow/dags/eda_airflow copy.py for tasks to queue
[2025-07-19T15:02:15.052+0000] {logging_mixin.py:188} INFO - [2025-07-19T15:02:15.052+0000] {dagbag.py:538} INFO - Filling up the DagBag from /opt/airflow/dags/eda_airflow copy.py
[2025-07-19T15:02:15.063+0000] {processor.py:840} INFO - DAG(s) 'launch_streamlit_dashboard' retrieved from /opt/airflow/dags/eda_airflow copy.py
[2025-07-19T15:02:15.086+0000] {logging_mixin.py:188} INFO - [2025-07-19T15:02:15.086+0000] {dag.py:3036} INFO - Sync 1 DAGs
[2025-07-19T15:02:15.098+0000] {logging_mixin.py:188} INFO - [2025-07-19T15:02:15.098+0000] {dag.py:3823} INFO - Setting next_dagrun for launch_streamlit_dashboard to None, run_after=None
[2025-07-19T15:02:15.119+0000] {processor.py:183} INFO - Processing /opt/airflow/dags/eda_airflow copy.py took 0.072 seconds
[2025-07-19T15:02:45.685+0000] {processor.py:161} INFO - Started process (PID=9662) to work on /opt/airflow/dags/eda_airflow copy.py
[2025-07-19T15:02:45.686+0000] {processor.py:830} INFO - Processing file /opt/airflow/dags/eda_airflow copy.py for tasks to queue
[2025-07-19T15:02:45.687+0000] {logging_mixin.py:188} INFO - [2025-07-19T15:02:45.686+0000] {dagbag.py:538} INFO - Filling up the DagBag from /opt/airflow/dags/eda_airflow copy.py
[2025-07-19T15:02:45.697+0000] {processor.py:840} INFO - DAG(s) 'launch_streamlit_dashboard' retrieved from /opt/airflow/dags/eda_airflow copy.py
[2025-07-19T15:02:45.831+0000] {logging_mixin.py:188} INFO - [2025-07-19T15:02:45.831+0000] {dag.py:3036} INFO - Sync 1 DAGs
[2025-07-19T15:02:45.840+0000] {logging_mixin.py:188} INFO - [2025-07-19T15:02:45.840+0000] {dag.py:3823} INFO - Setting next_dagrun for launch_streamlit_dashboard to None, run_after=None
[2025-07-19T15:02:45.864+0000] {processor.py:183} INFO - Processing /opt/airflow/dags/eda_airflow copy.py took 0.182 seconds
[2025-07-19T15:03:16.348+0000] {processor.py:161} INFO - Started process (PID=9697) to work on /opt/airflow/dags/eda_airflow copy.py
[2025-07-19T15:03:16.349+0000] {processor.py:830} INFO - Processing file /opt/airflow/dags/eda_airflow copy.py for tasks to queue
[2025-07-19T15:03:16.351+0000] {logging_mixin.py:188} INFO - [2025-07-19T15:03:16.350+0000] {dagbag.py:538} INFO - Filling up the DagBag from /opt/airflow/dags/eda_airflow copy.py
[2025-07-19T15:03:16.362+0000] {processor.py:840} INFO - DAG(s) 'launch_streamlit_dashboard' retrieved from /opt/airflow/dags/eda_airflow copy.py
[2025-07-19T15:03:16.385+0000] {logging_mixin.py:188} INFO - [2025-07-19T15:03:16.385+0000] {dag.py:3036} INFO - Sync 1 DAGs
[2025-07-19T15:03:16.396+0000] {logging_mixin.py:188} INFO - [2025-07-19T15:03:16.396+0000] {dag.py:3823} INFO - Setting next_dagrun for launch_streamlit_dashboard to None, run_after=None
[2025-07-19T15:03:16.417+0000] {processor.py:183} INFO - Processing /opt/airflow/dags/eda_airflow copy.py took 0.072 seconds
[2025-07-19T15:03:46.895+0000] {processor.py:161} INFO - Started process (PID=9732) to work on /opt/airflow/dags/eda_airflow copy.py
[2025-07-19T15:03:46.897+0000] {processor.py:830} INFO - Processing file /opt/airflow/dags/eda_airflow copy.py for tasks to queue
[2025-07-19T15:03:46.898+0000] {logging_mixin.py:188} INFO - [2025-07-19T15:03:46.897+0000] {dagbag.py:538} INFO - Filling up the DagBag from /opt/airflow/dags/eda_airflow copy.py
[2025-07-19T15:03:46.911+0000] {processor.py:840} INFO - DAG(s) 'launch_streamlit_dashboard' retrieved from /opt/airflow/dags/eda_airflow copy.py
[2025-07-19T15:03:47.110+0000] {logging_mixin.py:188} INFO - [2025-07-19T15:03:47.110+0000] {dag.py:3036} INFO - Sync 1 DAGs
[2025-07-19T15:03:47.124+0000] {logging_mixin.py:188} INFO - [2025-07-19T15:03:47.123+0000] {dag.py:3823} INFO - Setting next_dagrun for launch_streamlit_dashboard to None, run_after=None
[2025-07-19T15:03:47.144+0000] {processor.py:183} INFO - Processing /opt/airflow/dags/eda_airflow copy.py took 0.253 seconds
[2025-07-19T15:04:17.458+0000] {processor.py:161} INFO - Started process (PID=9767) to work on /opt/airflow/dags/eda_airflow copy.py
[2025-07-19T15:04:17.459+0000] {processor.py:830} INFO - Processing file /opt/airflow/dags/eda_airflow copy.py for tasks to queue
[2025-07-19T15:04:17.460+0000] {logging_mixin.py:188} INFO - [2025-07-19T15:04:17.460+0000] {dagbag.py:538} INFO - Filling up the DagBag from /opt/airflow/dags/eda_airflow copy.py
[2025-07-19T15:04:17.471+0000] {processor.py:840} INFO - DAG(s) 'launch_streamlit_dashboard' retrieved from /opt/airflow/dags/eda_airflow copy.py
[2025-07-19T15:04:17.494+0000] {logging_mixin.py:188} INFO - [2025-07-19T15:04:17.494+0000] {dag.py:3036} INFO - Sync 1 DAGs
[2025-07-19T15:04:17.506+0000] {logging_mixin.py:188} INFO - [2025-07-19T15:04:17.505+0000] {dag.py:3823} INFO - Setting next_dagrun for launch_streamlit_dashboard to None, run_after=None
[2025-07-19T15:04:17.527+0000] {processor.py:183} INFO - Processing /opt/airflow/dags/eda_airflow copy.py took 0.073 seconds
[2025-07-19T15:04:48.090+0000] {processor.py:161} INFO - Started process (PID=9802) to work on /opt/airflow/dags/eda_airflow copy.py
[2025-07-19T15:04:48.091+0000] {processor.py:830} INFO - Processing file /opt/airflow/dags/eda_airflow copy.py for tasks to queue
[2025-07-19T15:04:48.092+0000] {logging_mixin.py:188} INFO - [2025-07-19T15:04:48.091+0000] {dagbag.py:538} INFO - Filling up the DagBag from /opt/airflow/dags/eda_airflow copy.py
[2025-07-19T15:04:48.103+0000] {processor.py:840} INFO - DAG(s) 'launch_streamlit_dashboard' retrieved from /opt/airflow/dags/eda_airflow copy.py
[2025-07-19T15:04:48.233+0000] {logging_mixin.py:188} INFO - [2025-07-19T15:04:48.233+0000] {dag.py:3036} INFO - Sync 1 DAGs
[2025-07-19T15:04:48.242+0000] {logging_mixin.py:188} INFO - [2025-07-19T15:04:48.242+0000] {dag.py:3823} INFO - Setting next_dagrun for launch_streamlit_dashboard to None, run_after=None
[2025-07-19T15:04:48.266+0000] {processor.py:183} INFO - Processing /opt/airflow/dags/eda_airflow copy.py took 0.179 seconds
[2025-07-19T15:05:18.665+0000] {processor.py:161} INFO - Started process (PID=9837) to work on /opt/airflow/dags/eda_airflow copy.py
[2025-07-19T15:05:18.666+0000] {processor.py:830} INFO - Processing file /opt/airflow/dags/eda_airflow copy.py for tasks to queue
[2025-07-19T15:05:18.667+0000] {logging_mixin.py:188} INFO - [2025-07-19T15:05:18.667+0000] {dagbag.py:538} INFO - Filling up the DagBag from /opt/airflow/dags/eda_airflow copy.py
[2025-07-19T15:05:18.681+0000] {processor.py:840} INFO - DAG(s) 'launch_streamlit_dashboard' retrieved from /opt/airflow/dags/eda_airflow copy.py
[2025-07-19T15:05:18.703+0000] {logging_mixin.py:188} INFO - [2025-07-19T15:05:18.703+0000] {dag.py:3036} INFO - Sync 1 DAGs
[2025-07-19T15:05:18.715+0000] {logging_mixin.py:188} INFO - [2025-07-19T15:05:18.715+0000] {dag.py:3823} INFO - Setting next_dagrun for launch_streamlit_dashboard to None, run_after=None
[2025-07-19T15:05:18.735+0000] {processor.py:183} INFO - Processing /opt/airflow/dags/eda_airflow copy.py took 0.072 seconds
[2025-07-19T15:05:49.226+0000] {processor.py:161} INFO - Started process (PID=9872) to work on /opt/airflow/dags/eda_airflow copy.py
[2025-07-19T15:05:49.227+0000] {processor.py:830} INFO - Processing file /opt/airflow/dags/eda_airflow copy.py for tasks to queue
[2025-07-19T15:05:49.228+0000] {logging_mixin.py:188} INFO - [2025-07-19T15:05:49.228+0000] {dagbag.py:538} INFO - Filling up the DagBag from /opt/airflow/dags/eda_airflow copy.py
[2025-07-19T15:05:49.238+0000] {processor.py:840} INFO - DAG(s) 'launch_streamlit_dashboard' retrieved from /opt/airflow/dags/eda_airflow copy.py
[2025-07-19T15:05:49.337+0000] {logging_mixin.py:188} INFO - [2025-07-19T15:05:49.337+0000] {dag.py:3036} INFO - Sync 1 DAGs
[2025-07-19T15:05:49.346+0000] {logging_mixin.py:188} INFO - [2025-07-19T15:05:49.346+0000] {dag.py:3823} INFO - Setting next_dagrun for launch_streamlit_dashboard to None, run_after=None
[2025-07-19T15:05:49.668+0000] {processor.py:183} INFO - Processing /opt/airflow/dags/eda_airflow copy.py took 0.445 seconds
[2025-07-19T15:06:19.777+0000] {processor.py:161} INFO - Started process (PID=9907) to work on /opt/airflow/dags/eda_airflow copy.py
[2025-07-19T15:06:19.778+0000] {processor.py:830} INFO - Processing file /opt/airflow/dags/eda_airflow copy.py for tasks to queue
[2025-07-19T15:06:19.779+0000] {logging_mixin.py:188} INFO - [2025-07-19T15:06:19.779+0000] {dagbag.py:538} INFO - Filling up the DagBag from /opt/airflow/dags/eda_airflow copy.py
[2025-07-19T15:06:19.790+0000] {processor.py:840} INFO - DAG(s) 'launch_streamlit_dashboard' retrieved from /opt/airflow/dags/eda_airflow copy.py
[2025-07-19T15:06:19.813+0000] {logging_mixin.py:188} INFO - [2025-07-19T15:06:19.813+0000] {dag.py:3036} INFO - Sync 1 DAGs
[2025-07-19T15:06:19.824+0000] {logging_mixin.py:188} INFO - [2025-07-19T15:06:19.824+0000] {dag.py:3823} INFO - Setting next_dagrun for launch_streamlit_dashboard to None, run_after=None
[2025-07-19T15:06:19.844+0000] {processor.py:183} INFO - Processing /opt/airflow/dags/eda_airflow copy.py took 0.070 seconds
[2025-07-19T15:06:50.328+0000] {processor.py:161} INFO - Started process (PID=9942) to work on /opt/airflow/dags/eda_airflow copy.py
[2025-07-19T15:06:50.328+0000] {processor.py:830} INFO - Processing file /opt/airflow/dags/eda_airflow copy.py for tasks to queue
[2025-07-19T15:06:50.329+0000] {logging_mixin.py:188} INFO - [2025-07-19T15:06:50.329+0000] {dagbag.py:538} INFO - Filling up the DagBag from /opt/airflow/dags/eda_airflow copy.py
[2025-07-19T15:06:50.340+0000] {processor.py:840} INFO - DAG(s) 'launch_streamlit_dashboard' retrieved from /opt/airflow/dags/eda_airflow copy.py
[2025-07-19T15:06:50.438+0000] {logging_mixin.py:188} INFO - [2025-07-19T15:06:50.437+0000] {dag.py:3036} INFO - Sync 1 DAGs
[2025-07-19T15:06:50.449+0000] {logging_mixin.py:188} INFO - [2025-07-19T15:06:50.449+0000] {dag.py:3823} INFO - Setting next_dagrun for launch_streamlit_dashboard to None, run_after=None
[2025-07-19T15:06:56.370+0000] {processor.py:183} INFO - Processing /opt/airflow/dags/eda_airflow copy.py took 6.045 seconds
[2025-07-19T15:07:27.049+0000] {processor.py:161} INFO - Started process (PID=9982) to work on /opt/airflow/dags/eda_airflow copy.py
[2025-07-19T15:07:27.050+0000] {processor.py:830} INFO - Processing file /opt/airflow/dags/eda_airflow copy.py for tasks to queue
[2025-07-19T15:07:27.051+0000] {logging_mixin.py:188} INFO - [2025-07-19T15:07:27.050+0000] {dagbag.py:538} INFO - Filling up the DagBag from /opt/airflow/dags/eda_airflow copy.py
[2025-07-19T15:07:27.060+0000] {processor.py:840} INFO - DAG(s) 'launch_streamlit_dashboard' retrieved from /opt/airflow/dags/eda_airflow copy.py
[2025-07-19T15:07:27.070+0000] {logging_mixin.py:188} INFO - [2025-07-19T15:07:27.070+0000] {dag.py:3036} INFO - Sync 1 DAGs
[2025-07-19T15:07:27.081+0000] {logging_mixin.py:188} INFO - [2025-07-19T15:07:27.081+0000] {dag.py:3823} INFO - Setting next_dagrun for launch_streamlit_dashboard to None, run_after=None
[2025-07-19T15:07:27.103+0000] {processor.py:183} INFO - Processing /opt/airflow/dags/eda_airflow copy.py took 0.057 seconds
[2025-07-19T15:07:57.596+0000] {processor.py:161} INFO - Started process (PID=10017) to work on /opt/airflow/dags/eda_airflow copy.py
[2025-07-19T15:07:57.597+0000] {processor.py:830} INFO - Processing file /opt/airflow/dags/eda_airflow copy.py for tasks to queue
[2025-07-19T15:07:57.598+0000] {logging_mixin.py:188} INFO - [2025-07-19T15:07:57.597+0000] {dagbag.py:538} INFO - Filling up the DagBag from /opt/airflow/dags/eda_airflow copy.py
[2025-07-19T15:07:57.607+0000] {processor.py:840} INFO - DAG(s) 'launch_streamlit_dashboard' retrieved from /opt/airflow/dags/eda_airflow copy.py
[2025-07-19T15:07:57.695+0000] {logging_mixin.py:188} INFO - [2025-07-19T15:07:57.695+0000] {dag.py:3036} INFO - Sync 1 DAGs
[2025-07-19T15:07:57.704+0000] {logging_mixin.py:188} INFO - [2025-07-19T15:07:57.704+0000] {dag.py:3823} INFO - Setting next_dagrun for launch_streamlit_dashboard to None, run_after=None
[2025-07-19T15:07:57.727+0000] {processor.py:183} INFO - Processing /opt/airflow/dags/eda_airflow copy.py took 0.134 seconds
[2025-07-19T15:08:28.230+0000] {processor.py:161} INFO - Started process (PID=10052) to work on /opt/airflow/dags/eda_airflow copy.py
[2025-07-19T15:08:28.231+0000] {processor.py:830} INFO - Processing file /opt/airflow/dags/eda_airflow copy.py for tasks to queue
[2025-07-19T15:08:28.232+0000] {logging_mixin.py:188} INFO - [2025-07-19T15:08:28.232+0000] {dagbag.py:538} INFO - Filling up the DagBag from /opt/airflow/dags/eda_airflow copy.py
[2025-07-19T15:08:28.241+0000] {processor.py:840} INFO - DAG(s) 'launch_streamlit_dashboard' retrieved from /opt/airflow/dags/eda_airflow copy.py
[2025-07-19T15:08:28.264+0000] {logging_mixin.py:188} INFO - [2025-07-19T15:08:28.263+0000] {dag.py:3036} INFO - Sync 1 DAGs
[2025-07-19T15:08:28.276+0000] {logging_mixin.py:188} INFO - [2025-07-19T15:08:28.275+0000] {dag.py:3823} INFO - Setting next_dagrun for launch_streamlit_dashboard to None, run_after=None
[2025-07-19T15:08:28.297+0000] {processor.py:183} INFO - Processing /opt/airflow/dags/eda_airflow copy.py took 0.070 seconds
[2025-07-19T15:08:58.806+0000] {processor.py:161} INFO - Started process (PID=10087) to work on /opt/airflow/dags/eda_airflow copy.py
[2025-07-19T15:08:58.807+0000] {processor.py:830} INFO - Processing file /opt/airflow/dags/eda_airflow copy.py for tasks to queue
[2025-07-19T15:08:58.808+0000] {logging_mixin.py:188} INFO - [2025-07-19T15:08:58.808+0000] {dagbag.py:538} INFO - Filling up the DagBag from /opt/airflow/dags/eda_airflow copy.py
[2025-07-19T15:08:58.826+0000] {processor.py:840} INFO - DAG(s) 'launch_streamlit_dashboard' retrieved from /opt/airflow/dags/eda_airflow copy.py
[2025-07-19T15:08:58.837+0000] {logging_mixin.py:188} INFO - [2025-07-19T15:08:58.837+0000] {dag.py:3036} INFO - Sync 1 DAGs
[2025-07-19T15:08:58.849+0000] {logging_mixin.py:188} INFO - [2025-07-19T15:08:58.849+0000] {dag.py:3823} INFO - Setting next_dagrun for launch_streamlit_dashboard to None, run_after=None
[2025-07-19T15:08:58.873+0000] {processor.py:183} INFO - Processing /opt/airflow/dags/eda_airflow copy.py took 0.070 seconds
[2025-07-19T15:24:07.811+0000] {processor.py:161} INFO - Started process (PID=10127) to work on /opt/airflow/dags/eda_airflow copy.py
[2025-07-19T15:24:07.812+0000] {processor.py:830} INFO - Processing file /opt/airflow/dags/eda_airflow copy.py for tasks to queue
[2025-07-19T15:24:07.813+0000] {logging_mixin.py:188} INFO - [2025-07-19T15:24:07.813+0000] {dagbag.py:538} INFO - Filling up the DagBag from /opt/airflow/dags/eda_airflow copy.py
[2025-07-19T15:24:07.823+0000] {processor.py:840} INFO - DAG(s) 'launch_streamlit_dashboard' retrieved from /opt/airflow/dags/eda_airflow copy.py
[2025-07-19T15:24:08.106+0000] {logging_mixin.py:188} INFO - [2025-07-19T15:24:08.105+0000] {dag.py:3036} INFO - Sync 1 DAGs
[2025-07-19T15:24:08.114+0000] {logging_mixin.py:188} INFO - [2025-07-19T15:24:08.114+0000] {dag.py:3823} INFO - Setting next_dagrun for launch_streamlit_dashboard to None, run_after=None
[2025-07-19T15:24:08.580+0000] {processor.py:183} INFO - Processing /opt/airflow/dags/eda_airflow copy.py took 0.772 seconds
[2025-07-19T15:26:04.175+0000] {processor.py:161} INFO - Started process (PID=10160) to work on /opt/airflow/dags/eda_airflow copy.py
[2025-07-19T15:26:04.253+0000] {processor.py:830} INFO - Processing file /opt/airflow/dags/eda_airflow copy.py for tasks to queue
[2025-07-19T15:26:05.239+0000] {logging_mixin.py:188} INFO - [2025-07-19T15:26:04.679+0000] {dagbag.py:538} INFO - Filling up the DagBag from /opt/airflow/dags/eda_airflow copy.py
[2025-07-19T15:26:10.112+0000] {processor.py:840} INFO - DAG(s) 'launch_streamlit_dashboard' retrieved from /opt/airflow/dags/eda_airflow copy.py
[2025-07-19T15:28:20.819+0000] {processor.py:161} INFO - Started process (PID=10187) to work on /opt/airflow/dags/eda_airflow copy.py
[2025-07-19T15:28:20.820+0000] {processor.py:830} INFO - Processing file /opt/airflow/dags/eda_airflow copy.py for tasks to queue
[2025-07-19T15:28:20.821+0000] {logging_mixin.py:188} INFO - [2025-07-19T15:28:20.820+0000] {dagbag.py:538} INFO - Filling up the DagBag from /opt/airflow/dags/eda_airflow copy.py
[2025-07-19T15:28:20.944+0000] {processor.py:840} INFO - DAG(s) 'launch_streamlit_dashboard' retrieved from /opt/airflow/dags/eda_airflow copy.py
[2025-07-19T15:28:34.404+0000] {logging_mixin.py:188} INFO - [2025-07-19T15:28:34.404+0000] {dag.py:3036} INFO - Sync 1 DAGs
[2025-07-19T15:28:34.417+0000] {logging_mixin.py:188} INFO - [2025-07-19T15:28:34.417+0000] {dag.py:3823} INFO - Setting next_dagrun for launch_streamlit_dashboard to None, run_after=None
[2025-07-19T15:28:34.442+0000] {processor.py:183} INFO - Processing /opt/airflow/dags/eda_airflow copy.py took 14.021 seconds
[2025-07-19T15:30:29.614+0000] {processor.py:161} INFO - Started process (PID=10214) to work on /opt/airflow/dags/eda_airflow copy.py
[2025-07-19T15:30:29.614+0000] {processor.py:830} INFO - Processing file /opt/airflow/dags/eda_airflow copy.py for tasks to queue
[2025-07-19T15:30:29.615+0000] {logging_mixin.py:188} INFO - [2025-07-19T15:30:29.615+0000] {dagbag.py:538} INFO - Filling up the DagBag from /opt/airflow/dags/eda_airflow copy.py
[2025-07-19T15:30:29.434+0000] {processor.py:840} INFO - DAG(s) 'launch_streamlit_dashboard' retrieved from /opt/airflow/dags/eda_airflow copy.py
[2025-07-19T15:30:37.064+0000] {logging_mixin.py:188} INFO - [2025-07-19T15:30:37.064+0000] {dag.py:3036} INFO - Sync 1 DAGs
[2025-07-19T15:30:51.121+0000] {logging_mixin.py:188} INFO - [2025-07-19T15:30:51.120+0000] {dag.py:3823} INFO - Setting next_dagrun for launch_streamlit_dashboard to None, run_after=None
[2025-07-19T15:30:59.770+0000] {processor.py:183} INFO - Processing /opt/airflow/dags/eda_airflow copy.py took 31.240 seconds
[2025-07-19T15:32:21.531+0000] {processor.py:161} INFO - Started process (PID=10241) to work on /opt/airflow/dags/eda_airflow copy.py
[2025-07-19T15:32:21.532+0000] {processor.py:830} INFO - Processing file /opt/airflow/dags/eda_airflow copy.py for tasks to queue
[2025-07-19T15:32:21.533+0000] {logging_mixin.py:188} INFO - [2025-07-19T15:32:21.533+0000] {dagbag.py:538} INFO - Filling up the DagBag from /opt/airflow/dags/eda_airflow copy.py
[2025-07-19T15:32:21.760+0000] {processor.py:840} INFO - DAG(s) 'launch_streamlit_dashboard' retrieved from /opt/airflow/dags/eda_airflow copy.py
[2025-07-19T15:32:52.752+0000] {logging_mixin.py:188} INFO - [2025-07-19T15:32:52.709+0000] {dag.py:3036} INFO - Sync 1 DAGs
[2025-07-19T15:32:58.952+0000] {logging_mixin.py:188} INFO - [2025-07-19T15:32:58.952+0000] {dag.py:3823} INFO - Setting next_dagrun for launch_streamlit_dashboard to None, run_after=None
[2025-07-19T15:32:59.398+0000] {processor.py:183} INFO - Processing /opt/airflow/dags/eda_airflow copy.py took 37.842 seconds
[2025-07-19T15:37:06.166+0000] {processor.py:161} INFO - Started process (PID=10267) to work on /opt/airflow/dags/eda_airflow copy.py
[2025-07-19T15:37:06.167+0000] {processor.py:830} INFO - Processing file /opt/airflow/dags/eda_airflow copy.py for tasks to queue
[2025-07-19T15:37:06.169+0000] {logging_mixin.py:188} INFO - [2025-07-19T15:37:06.169+0000] {dagbag.py:538} INFO - Filling up the DagBag from /opt/airflow/dags/eda_airflow copy.py
[2025-07-19T15:37:06.231+0000] {processor.py:840} INFO - DAG(s) 'launch_streamlit_dashboard' retrieved from /opt/airflow/dags/eda_airflow copy.py
[2025-07-19T15:37:06.255+0000] {logging_mixin.py:188} INFO - [2025-07-19T15:37:06.255+0000] {dag.py:3036} INFO - Sync 1 DAGs
[2025-07-19T15:37:06.270+0000] {logging_mixin.py:188} INFO - [2025-07-19T15:37:06.270+0000] {dag.py:3823} INFO - Setting next_dagrun for launch_streamlit_dashboard to None, run_after=None
[2025-07-19T15:37:06.887+0000] {processor.py:183} INFO - Processing /opt/airflow/dags/eda_airflow copy.py took 0.726 seconds
[2025-07-19T15:37:37.140+0000] {processor.py:161} INFO - Started process (PID=10300) to work on /opt/airflow/dags/eda_airflow copy.py
[2025-07-19T15:37:37.142+0000] {processor.py:830} INFO - Processing file /opt/airflow/dags/eda_airflow copy.py for tasks to queue
[2025-07-19T15:37:37.144+0000] {logging_mixin.py:188} INFO - [2025-07-19T15:37:37.144+0000] {dagbag.py:538} INFO - Filling up the DagBag from /opt/airflow/dags/eda_airflow copy.py
[2025-07-19T15:37:37.155+0000] {processor.py:840} INFO - DAG(s) 'launch_streamlit_dashboard' retrieved from /opt/airflow/dags/eda_airflow copy.py
[2025-07-19T15:37:37.383+0000] {logging_mixin.py:188} INFO - [2025-07-19T15:37:37.383+0000] {dag.py:3036} INFO - Sync 1 DAGs
[2025-07-19T15:37:37.394+0000] {logging_mixin.py:188} INFO - [2025-07-19T15:37:37.393+0000] {dag.py:3823} INFO - Setting next_dagrun for launch_streamlit_dashboard to None, run_after=None
[2025-07-19T15:37:37.420+0000] {processor.py:183} INFO - Processing /opt/airflow/dags/eda_airflow copy.py took 0.283 seconds
[2025-07-19T15:38:08.032+0000] {processor.py:161} INFO - Started process (PID=10332) to work on /opt/airflow/dags/eda_airflow copy.py
[2025-07-19T15:38:08.033+0000] {processor.py:830} INFO - Processing file /opt/airflow/dags/eda_airflow copy.py for tasks to queue
[2025-07-19T15:38:08.034+0000] {logging_mixin.py:188} INFO - [2025-07-19T15:38:08.034+0000] {dagbag.py:538} INFO - Filling up the DagBag from /opt/airflow/dags/eda_airflow copy.py
[2025-07-19T15:38:08.045+0000] {processor.py:840} INFO - DAG(s) 'launch_streamlit_dashboard' retrieved from /opt/airflow/dags/eda_airflow copy.py
[2025-07-19T15:38:08.128+0000] {logging_mixin.py:188} INFO - [2025-07-19T15:38:08.128+0000] {dag.py:3036} INFO - Sync 1 DAGs
[2025-07-19T15:38:08.144+0000] {logging_mixin.py:188} INFO - [2025-07-19T15:38:08.144+0000] {dag.py:3823} INFO - Setting next_dagrun for launch_streamlit_dashboard to None, run_after=None
[2025-07-19T15:38:08.168+0000] {processor.py:183} INFO - Processing /opt/airflow/dags/eda_airflow copy.py took 0.139 seconds
[2025-07-19T15:38:38.790+0000] {processor.py:161} INFO - Started process (PID=10367) to work on /opt/airflow/dags/eda_airflow copy.py
[2025-07-19T15:38:38.791+0000] {processor.py:830} INFO - Processing file /opt/airflow/dags/eda_airflow copy.py for tasks to queue
[2025-07-19T15:38:38.792+0000] {logging_mixin.py:188} INFO - [2025-07-19T15:38:38.792+0000] {dagbag.py:538} INFO - Filling up the DagBag from /opt/airflow/dags/eda_airflow copy.py
[2025-07-19T15:38:38.804+0000] {processor.py:840} INFO - DAG(s) 'launch_streamlit_dashboard' retrieved from /opt/airflow/dags/eda_airflow copy.py
[2025-07-19T15:38:38.991+0000] {logging_mixin.py:188} INFO - [2025-07-19T15:38:38.991+0000] {dag.py:3036} INFO - Sync 1 DAGs
[2025-07-19T15:38:39.002+0000] {logging_mixin.py:188} INFO - [2025-07-19T15:38:39.002+0000] {dag.py:3823} INFO - Setting next_dagrun for launch_streamlit_dashboard to None, run_after=None
[2025-07-19T15:38:39.035+0000] {processor.py:183} INFO - Processing /opt/airflow/dags/eda_airflow copy.py took 0.249 seconds
[2025-07-19T15:39:09.390+0000] {processor.py:161} INFO - Started process (PID=10404) to work on /opt/airflow/dags/eda_airflow copy.py
[2025-07-19T15:39:09.391+0000] {processor.py:830} INFO - Processing file /opt/airflow/dags/eda_airflow copy.py for tasks to queue
[2025-07-19T15:39:09.392+0000] {logging_mixin.py:188} INFO - [2025-07-19T15:39:09.392+0000] {dagbag.py:538} INFO - Filling up the DagBag from /opt/airflow/dags/eda_airflow copy.py
[2025-07-19T15:39:09.402+0000] {processor.py:840} INFO - DAG(s) 'launch_streamlit_dashboard' retrieved from /opt/airflow/dags/eda_airflow copy.py
[2025-07-19T15:39:09.428+0000] {logging_mixin.py:188} INFO - [2025-07-19T15:39:09.427+0000] {dag.py:3036} INFO - Sync 1 DAGs
[2025-07-19T15:39:09.441+0000] {logging_mixin.py:188} INFO - [2025-07-19T15:39:09.440+0000] {dag.py:3823} INFO - Setting next_dagrun for launch_streamlit_dashboard to None, run_after=None
[2025-07-19T15:39:09.464+0000] {processor.py:183} INFO - Processing /opt/airflow/dags/eda_airflow copy.py took 0.077 seconds
[2025-07-19T15:39:40.087+0000] {processor.py:161} INFO - Started process (PID=10437) to work on /opt/airflow/dags/eda_airflow copy.py
[2025-07-19T15:39:40.089+0000] {processor.py:830} INFO - Processing file /opt/airflow/dags/eda_airflow copy.py for tasks to queue
[2025-07-19T15:39:40.090+0000] {logging_mixin.py:188} INFO - [2025-07-19T15:39:40.089+0000] {dagbag.py:538} INFO - Filling up the DagBag from /opt/airflow/dags/eda_airflow copy.py
[2025-07-19T15:39:40.130+0000] {processor.py:840} INFO - DAG(s) 'launch_streamlit_dashboard' retrieved from /opt/airflow/dags/eda_airflow copy.py
[2025-07-19T15:39:40.141+0000] {logging_mixin.py:188} INFO - [2025-07-19T15:39:40.141+0000] {dag.py:3036} INFO - Sync 1 DAGs
[2025-07-19T15:39:40.154+0000] {logging_mixin.py:188} INFO - [2025-07-19T15:39:40.154+0000] {dag.py:3823} INFO - Setting next_dagrun for launch_streamlit_dashboard to None, run_after=None
[2025-07-19T15:39:40.180+0000] {processor.py:183} INFO - Processing /opt/airflow/dags/eda_airflow copy.py took 0.097 seconds
[2025-07-19T15:40:10.956+0000] {processor.py:161} INFO - Started process (PID=10477) to work on /opt/airflow/dags/eda_airflow copy.py
[2025-07-19T15:40:10.957+0000] {processor.py:830} INFO - Processing file /opt/airflow/dags/eda_airflow copy.py for tasks to queue
[2025-07-19T15:40:10.958+0000] {logging_mixin.py:188} INFO - [2025-07-19T15:40:10.958+0000] {dagbag.py:538} INFO - Filling up the DagBag from /opt/airflow/dags/eda_airflow copy.py
[2025-07-19T15:40:10.968+0000] {processor.py:840} INFO - DAG(s) 'launch_streamlit_dashboard' retrieved from /opt/airflow/dags/eda_airflow copy.py
[2025-07-19T15:40:11.073+0000] {logging_mixin.py:188} INFO - [2025-07-19T15:40:11.073+0000] {dag.py:3036} INFO - Sync 1 DAGs
[2025-07-19T15:40:11.082+0000] {logging_mixin.py:188} INFO - [2025-07-19T15:40:11.082+0000] {dag.py:3823} INFO - Setting next_dagrun for launch_streamlit_dashboard to None, run_after=None
[2025-07-19T15:40:11.108+0000] {processor.py:183} INFO - Processing /opt/airflow/dags/eda_airflow copy.py took 0.155 seconds
[2025-07-19T15:40:41.888+0000] {processor.py:161} INFO - Started process (PID=10512) to work on /opt/airflow/dags/eda_airflow copy.py
[2025-07-19T15:40:41.897+0000] {processor.py:830} INFO - Processing file /opt/airflow/dags/eda_airflow copy.py for tasks to queue
[2025-07-19T15:40:41.933+0000] {logging_mixin.py:188} INFO - [2025-07-19T15:40:41.932+0000] {dagbag.py:538} INFO - Filling up the DagBag from /opt/airflow/dags/eda_airflow copy.py
[2025-07-19T15:40:42.243+0000] {processor.py:840} INFO - DAG(s) 'launch_streamlit_dashboard' retrieved from /opt/airflow/dags/eda_airflow copy.py
[2025-07-19T15:40:42.269+0000] {logging_mixin.py:188} INFO - [2025-07-19T15:40:42.269+0000] {dag.py:3036} INFO - Sync 1 DAGs
[2025-07-19T15:40:42.378+0000] {logging_mixin.py:188} INFO - [2025-07-19T15:40:42.378+0000] {dag.py:3823} INFO - Setting next_dagrun for launch_streamlit_dashboard to None, run_after=None
[2025-07-19T15:40:42.407+0000] {processor.py:183} INFO - Processing /opt/airflow/dags/eda_airflow copy.py took 0.522 seconds
[2025-07-19T15:41:26.411+0000] {processor.py:161} INFO - Started process (PID=10547) to work on /opt/airflow/dags/eda_airflow copy.py
[2025-07-19T15:41:26.412+0000] {processor.py:830} INFO - Processing file /opt/airflow/dags/eda_airflow copy.py for tasks to queue
[2025-07-19T15:41:26.413+0000] {logging_mixin.py:188} INFO - [2025-07-19T15:41:26.413+0000] {dagbag.py:538} INFO - Filling up the DagBag from /opt/airflow/dags/eda_airflow copy.py
[2025-07-19T15:41:26.424+0000] {processor.py:840} INFO - DAG(s) 'launch_streamlit_dashboard' retrieved from /opt/airflow/dags/eda_airflow copy.py
[2025-07-19T15:41:26.442+0000] {logging_mixin.py:188} INFO - [2025-07-19T15:41:26.442+0000] {dag.py:3036} INFO - Sync 1 DAGs
[2025-07-19T15:41:26.455+0000] {logging_mixin.py:188} INFO - [2025-07-19T15:41:26.455+0000] {dag.py:3823} INFO - Setting next_dagrun for launch_streamlit_dashboard to None, run_after=None
[2025-07-19T15:41:26.480+0000] {processor.py:183} INFO - Processing /opt/airflow/dags/eda_airflow copy.py took 0.072 seconds
[2025-07-19T15:41:56.955+0000] {processor.py:161} INFO - Started process (PID=10582) to work on /opt/airflow/dags/eda_airflow copy.py
[2025-07-19T15:41:56.956+0000] {processor.py:830} INFO - Processing file /opt/airflow/dags/eda_airflow copy.py for tasks to queue
[2025-07-19T15:41:56.957+0000] {logging_mixin.py:188} INFO - [2025-07-19T15:41:56.956+0000] {dagbag.py:538} INFO - Filling up the DagBag from /opt/airflow/dags/eda_airflow copy.py
[2025-07-19T15:41:57.502+0000] {processor.py:840} INFO - DAG(s) 'launch_streamlit_dashboard' retrieved from /opt/airflow/dags/eda_airflow copy.py
[2025-07-19T15:41:58.066+0000] {logging_mixin.py:188} INFO - [2025-07-19T15:41:58.066+0000] {dag.py:3036} INFO - Sync 1 DAGs
[2025-07-19T15:41:58.077+0000] {logging_mixin.py:188} INFO - [2025-07-19T15:41:58.077+0000] {dag.py:3823} INFO - Setting next_dagrun for launch_streamlit_dashboard to None, run_after=None
[2025-07-19T15:41:58.269+0000] {processor.py:183} INFO - Processing /opt/airflow/dags/eda_airflow copy.py took 1.318 seconds
[2025-07-19T15:42:29.090+0000] {processor.py:161} INFO - Started process (PID=10667) to work on /opt/airflow/dags/eda_airflow copy.py
[2025-07-19T15:42:29.092+0000] {processor.py:830} INFO - Processing file /opt/airflow/dags/eda_airflow copy.py for tasks to queue
[2025-07-19T15:42:29.123+0000] {logging_mixin.py:188} INFO - [2025-07-19T15:42:29.122+0000] {dagbag.py:538} INFO - Filling up the DagBag from /opt/airflow/dags/eda_airflow copy.py
[2025-07-19T15:42:29.322+0000] {processor.py:840} INFO - DAG(s) 'launch_streamlit_dashboard' retrieved from /opt/airflow/dags/eda_airflow copy.py
[2025-07-19T15:42:29.592+0000] {logging_mixin.py:188} INFO - [2025-07-19T15:42:29.592+0000] {dag.py:3036} INFO - Sync 1 DAGs
[2025-07-19T15:42:29.720+0000] {logging_mixin.py:188} INFO - [2025-07-19T15:42:29.720+0000] {dag.py:3823} INFO - Setting next_dagrun for launch_streamlit_dashboard to None, run_after=None
[2025-07-19T15:42:29.814+0000] {processor.py:183} INFO - Processing /opt/airflow/dags/eda_airflow copy.py took 0.746 seconds
[2025-07-19T15:43:11.664+0000] {processor.py:161} INFO - Started process (PID=11046) to work on /opt/airflow/dags/eda_airflow copy.py
[2025-07-19T15:43:11.671+0000] {processor.py:830} INFO - Processing file /opt/airflow/dags/eda_airflow copy.py for tasks to queue
[2025-07-19T15:43:11.703+0000] {logging_mixin.py:188} INFO - [2025-07-19T15:43:11.673+0000] {dagbag.py:538} INFO - Filling up the DagBag from /opt/airflow/dags/eda_airflow copy.py
[2025-07-19T15:43:11.819+0000] {processor.py:840} INFO - DAG(s) 'launch_streamlit_dashboard' retrieved from /opt/airflow/dags/eda_airflow copy.py
[2025-07-19T15:43:18.854+0000] {logging_mixin.py:188} INFO - [2025-07-19T15:43:18.853+0000] {dag.py:3036} INFO - Sync 1 DAGs
[2025-07-19T15:43:19.040+0000] {logging_mixin.py:188} INFO - [2025-07-19T15:43:19.039+0000] {dag.py:3823} INFO - Setting next_dagrun for launch_streamlit_dashboard to None, run_after=None
[2025-07-19T15:43:19.298+0000] {processor.py:183} INFO - Processing /opt/airflow/dags/eda_airflow copy.py took 7.695 seconds
[2025-07-19T15:43:50.256+0000] {processor.py:161} INFO - Started process (PID=11701) to work on /opt/airflow/dags/eda_airflow copy.py
[2025-07-19T15:43:50.262+0000] {processor.py:830} INFO - Processing file /opt/airflow/dags/eda_airflow copy.py for tasks to queue
[2025-07-19T15:43:50.289+0000] {logging_mixin.py:188} INFO - [2025-07-19T15:43:50.288+0000] {dagbag.py:538} INFO - Filling up the DagBag from /opt/airflow/dags/eda_airflow copy.py
[2025-07-19T15:43:50.306+0000] {processor.py:840} INFO - DAG(s) 'launch_streamlit_dashboard' retrieved from /opt/airflow/dags/eda_airflow copy.py
[2025-07-19T15:43:50.336+0000] {logging_mixin.py:188} INFO - [2025-07-19T15:43:50.335+0000] {dag.py:3036} INFO - Sync 1 DAGs
[2025-07-19T15:43:50.452+0000] {logging_mixin.py:188} INFO - [2025-07-19T15:43:50.451+0000] {dag.py:3823} INFO - Setting next_dagrun for launch_streamlit_dashboard to None, run_after=None
[2025-07-19T15:43:50.676+0000] {processor.py:183} INFO - Processing /opt/airflow/dags/eda_airflow copy.py took 0.426 seconds
[2025-07-19T15:44:20.978+0000] {processor.py:161} INFO - Started process (PID=12517) to work on /opt/airflow/dags/eda_airflow copy.py
[2025-07-19T15:44:21.051+0000] {processor.py:830} INFO - Processing file /opt/airflow/dags/eda_airflow copy.py for tasks to queue
[2025-07-19T15:44:21.063+0000] {logging_mixin.py:188} INFO - [2025-07-19T15:44:21.062+0000] {dagbag.py:538} INFO - Filling up the DagBag from /opt/airflow/dags/eda_airflow copy.py
[2025-07-19T15:44:21.104+0000] {processor.py:840} INFO - DAG(s) 'launch_streamlit_dashboard' retrieved from /opt/airflow/dags/eda_airflow copy.py
[2025-07-19T15:44:22.079+0000] {logging_mixin.py:188} INFO - [2025-07-19T15:44:22.078+0000] {dag.py:3036} INFO - Sync 1 DAGs
[2025-07-19T15:44:22.344+0000] {logging_mixin.py:188} INFO - [2025-07-19T15:44:22.343+0000] {dag.py:3823} INFO - Setting next_dagrun for launch_streamlit_dashboard to None, run_after=None
[2025-07-19T15:44:22.612+0000] {processor.py:183} INFO - Processing /opt/airflow/dags/eda_airflow copy.py took 1.640 seconds
[2025-07-19T15:44:53.809+0000] {processor.py:161} INFO - Started process (PID=12994) to work on /opt/airflow/dags/eda_airflow copy.py
[2025-07-19T15:44:53.811+0000] {processor.py:830} INFO - Processing file /opt/airflow/dags/eda_airflow copy.py for tasks to queue
[2025-07-19T15:44:53.815+0000] {logging_mixin.py:188} INFO - [2025-07-19T15:44:53.814+0000] {dagbag.py:538} INFO - Filling up the DagBag from /opt/airflow/dags/eda_airflow copy.py
[2025-07-19T15:44:53.833+0000] {processor.py:840} INFO - DAG(s) 'launch_streamlit_dashboard' retrieved from /opt/airflow/dags/eda_airflow copy.py
[2025-07-19T15:44:53.960+0000] {logging_mixin.py:188} INFO - [2025-07-19T15:44:53.960+0000] {dag.py:3036} INFO - Sync 1 DAGs
[2025-07-19T15:44:54.029+0000] {logging_mixin.py:188} INFO - [2025-07-19T15:44:54.029+0000] {dag.py:3823} INFO - Setting next_dagrun for launch_streamlit_dashboard to None, run_after=None
[2025-07-19T15:44:54.350+0000] {processor.py:183} INFO - Processing /opt/airflow/dags/eda_airflow copy.py took 0.544 seconds
[2025-07-19T15:45:24.659+0000] {processor.py:161} INFO - Started process (PID=13119) to work on /opt/airflow/dags/eda_airflow copy.py
[2025-07-19T15:45:24.661+0000] {processor.py:830} INFO - Processing file /opt/airflow/dags/eda_airflow copy.py for tasks to queue
[2025-07-19T15:45:24.662+0000] {logging_mixin.py:188} INFO - [2025-07-19T15:45:24.662+0000] {dagbag.py:538} INFO - Filling up the DagBag from /opt/airflow/dags/eda_airflow copy.py
[2025-07-19T15:45:24.691+0000] {processor.py:840} INFO - DAG(s) 'launch_streamlit_dashboard' retrieved from /opt/airflow/dags/eda_airflow copy.py
[2025-07-19T15:45:24.735+0000] {logging_mixin.py:188} INFO - [2025-07-19T15:45:24.735+0000] {dag.py:3036} INFO - Sync 1 DAGs
[2025-07-19T15:45:24.759+0000] {logging_mixin.py:188} INFO - [2025-07-19T15:45:24.759+0000] {dag.py:3823} INFO - Setting next_dagrun for launch_streamlit_dashboard to None, run_after=None
[2025-07-19T15:45:24.836+0000] {processor.py:183} INFO - Processing /opt/airflow/dags/eda_airflow copy.py took 0.183 seconds
[2025-07-19T15:45:55.693+0000] {processor.py:161} INFO - Started process (PID=13154) to work on /opt/airflow/dags/eda_airflow copy.py
[2025-07-19T15:45:55.694+0000] {processor.py:830} INFO - Processing file /opt/airflow/dags/eda_airflow copy.py for tasks to queue
[2025-07-19T15:45:55.695+0000] {logging_mixin.py:188} INFO - [2025-07-19T15:45:55.695+0000] {dagbag.py:538} INFO - Filling up the DagBag from /opt/airflow/dags/eda_airflow copy.py
[2025-07-19T15:45:55.707+0000] {processor.py:840} INFO - DAG(s) 'launch_streamlit_dashboard' retrieved from /opt/airflow/dags/eda_airflow copy.py
[2025-07-19T15:45:55.812+0000] {logging_mixin.py:188} INFO - [2025-07-19T15:45:55.812+0000] {dag.py:3036} INFO - Sync 1 DAGs
[2025-07-19T15:45:55.823+0000] {logging_mixin.py:188} INFO - [2025-07-19T15:45:55.823+0000] {dag.py:3823} INFO - Setting next_dagrun for launch_streamlit_dashboard to None, run_after=None
[2025-07-19T15:45:55.849+0000] {processor.py:183} INFO - Processing /opt/airflow/dags/eda_airflow copy.py took 0.160 seconds
