[2025-07-19T12:10:53.590+0000] {processor.py:161} INFO - Started process (PID=16882) to work on /opt/airflow/dags/main_full_processs.py
[2025-07-19T12:10:53.591+0000] {processor.py:830} INFO - Processing file /opt/airflow/dags/main_full_processs.py for tasks to queue
[2025-07-19T12:10:53.592+0000] {logging_mixin.py:188} INFO - [2025-07-19T12:10:53.591+0000] {dagbag.py:538} INFO - Filling up the DagBag from /opt/airflow/dags/main_full_processs.py
[2025-07-19T12:10:54.108+0000] {processor.py:840} INFO - DAG(s) 'ml_pipeline_with_dashboard' retrieved from /opt/airflow/dags/main_full_processs.py
[2025-07-19T12:12:30.881+0000] {processor.py:161} INFO - Started process (PID=16906) to work on /opt/airflow/dags/main_full_processs.py
[2025-07-19T12:12:30.882+0000] {processor.py:830} INFO - Processing file /opt/airflow/dags/main_full_processs.py for tasks to queue
[2025-07-19T12:12:30.884+0000] {logging_mixin.py:188} INFO - [2025-07-19T12:12:30.883+0000] {dagbag.py:538} INFO - Filling up the DagBag from /opt/airflow/dags/main_full_processs.py
[2025-07-19T12:12:31.416+0000] {processor.py:840} INFO - DAG(s) 'ml_pipeline_with_dashboard' retrieved from /opt/airflow/dags/main_full_processs.py
[2025-07-19T12:13:51.068+0000] {processor.py:161} INFO - Started process (PID=16940) to work on /opt/airflow/dags/main_full_processs.py
[2025-07-19T12:13:51.069+0000] {processor.py:830} INFO - Processing file /opt/airflow/dags/main_full_processs.py for tasks to queue
[2025-07-19T12:13:51.070+0000] {logging_mixin.py:188} INFO - [2025-07-19T12:13:51.070+0000] {dagbag.py:538} INFO - Filling up the DagBag from /opt/airflow/dags/main_full_processs.py
[2025-07-19T12:13:51.173+0000] {processor.py:840} INFO - DAG(s) 'ml_pipeline_with_dashboard' retrieved from /opt/airflow/dags/main_full_processs.py
[2025-07-19T12:15:38.861+0000] {processor.py:161} INFO - Started process (PID=16967) to work on /opt/airflow/dags/main_full_processs.py
[2025-07-19T12:15:38.862+0000] {processor.py:830} INFO - Processing file /opt/airflow/dags/main_full_processs.py for tasks to queue
[2025-07-19T12:15:38.863+0000] {logging_mixin.py:188} INFO - [2025-07-19T12:15:38.863+0000] {dagbag.py:538} INFO - Filling up the DagBag from /opt/airflow/dags/main_full_processs.py
[2025-07-19T12:15:38.874+0000] {processor.py:840} INFO - DAG(s) 'ml_pipeline_with_dashboard' retrieved from /opt/airflow/dags/main_full_processs.py
[2025-07-19T12:17:23.670+0000] {processor.py:161} INFO - Started process (PID=16984) to work on /opt/airflow/dags/main_full_processs.py
[2025-07-19T12:17:23.672+0000] {processor.py:830} INFO - Processing file /opt/airflow/dags/main_full_processs.py for tasks to queue
[2025-07-19T12:17:23.676+0000] {logging_mixin.py:188} INFO - [2025-07-19T12:17:23.675+0000] {dagbag.py:538} INFO - Filling up the DagBag from /opt/airflow/dags/main_full_processs.py
[2025-07-19T12:17:23.786+0000] {processor.py:840} INFO - DAG(s) 'ml_pipeline_with_dashboard' retrieved from /opt/airflow/dags/main_full_processs.py
[2025-07-19T12:41:53.272+0000] {processor.py:161} INFO - Started process (PID=181) to work on /opt/airflow/dags/main_full_processs.py
[2025-07-19T12:41:53.275+0000] {processor.py:830} INFO - Processing file /opt/airflow/dags/main_full_processs.py for tasks to queue
[2025-07-19T12:41:53.278+0000] {logging_mixin.py:188} INFO - [2025-07-19T12:41:53.277+0000] {dagbag.py:538} INFO - Filling up the DagBag from /opt/airflow/dags/main_full_processs.py
[2025-07-19T12:41:53.329+0000] {processor.py:840} INFO - DAG(s) 'ml_pipeline_with_dashboard' retrieved from /opt/airflow/dags/main_full_processs.py
[2025-07-19T12:41:53.928+0000] {logging_mixin.py:188} INFO - [2025-07-19T12:41:53.926+0000] {override.py:1769} INFO - Created Permission View: can read on DAG:ml_pipeline_with_dashboard
[2025-07-19T12:41:53.959+0000] {logging_mixin.py:188} INFO - [2025-07-19T12:41:53.958+0000] {override.py:1769} INFO - Created Permission View: can edit on DAG:ml_pipeline_with_dashboard
[2025-07-19T12:41:53.987+0000] {logging_mixin.py:188} INFO - [2025-07-19T12:41:53.986+0000] {override.py:1769} INFO - Created Permission View: can delete on DAG:ml_pipeline_with_dashboard
[2025-07-19T12:41:53.992+0000] {logging_mixin.py:188} INFO - [2025-07-19T12:41:53.992+0000] {dag.py:3036} INFO - Sync 1 DAGs
[2025-07-19T12:41:54.022+0000] {logging_mixin.py:188} INFO - [2025-07-19T12:41:54.022+0000] {dag.py:3058} INFO - Creating ORM DAG for ml_pipeline_with_dashboard
[2025-07-19T12:41:54.025+0000] {logging_mixin.py:188} INFO - [2025-07-19T12:41:54.025+0000] {dag.py:3823} INFO - Setting next_dagrun for ml_pipeline_with_dashboard to None, run_after=None
[2025-07-19T12:41:54.125+0000] {processor.py:183} INFO - Processing /opt/airflow/dags/main_full_processs.py took 0.891 seconds
[2025-07-19T12:42:25.417+0000] {processor.py:161} INFO - Started process (PID=211) to work on /opt/airflow/dags/main_full_processs.py
[2025-07-19T12:42:25.418+0000] {processor.py:830} INFO - Processing file /opt/airflow/dags/main_full_processs.py for tasks to queue
[2025-07-19T12:42:25.423+0000] {logging_mixin.py:188} INFO - [2025-07-19T12:42:25.422+0000] {dagbag.py:538} INFO - Filling up the DagBag from /opt/airflow/dags/main_full_processs.py
[2025-07-19T12:42:25.495+0000] {processor.py:840} INFO - DAG(s) 'ml_pipeline_with_dashboard' retrieved from /opt/airflow/dags/main_full_processs.py
[2025-07-19T12:42:25.635+0000] {logging_mixin.py:188} INFO - [2025-07-19T12:42:25.635+0000] {dag.py:3036} INFO - Sync 1 DAGs
[2025-07-19T12:42:25.909+0000] {logging_mixin.py:188} INFO - [2025-07-19T12:42:25.909+0000] {dag.py:3823} INFO - Setting next_dagrun for ml_pipeline_with_dashboard to None, run_after=None
[2025-07-19T12:42:25.957+0000] {processor.py:183} INFO - Processing /opt/airflow/dags/main_full_processs.py took 0.574 seconds
[2025-07-19T12:42:56.839+0000] {processor.py:161} INFO - Started process (PID=241) to work on /opt/airflow/dags/main_full_processs.py
[2025-07-19T12:42:56.841+0000] {processor.py:830} INFO - Processing file /opt/airflow/dags/main_full_processs.py for tasks to queue
[2025-07-19T12:42:56.842+0000] {logging_mixin.py:188} INFO - [2025-07-19T12:42:56.841+0000] {dagbag.py:538} INFO - Filling up the DagBag from /opt/airflow/dags/main_full_processs.py
[2025-07-19T12:42:57.632+0000] {processor.py:840} INFO - DAG(s) 'ml_pipeline_with_dashboard' retrieved from /opt/airflow/dags/main_full_processs.py
[2025-07-19T12:42:57.896+0000] {logging_mixin.py:188} INFO - [2025-07-19T12:42:57.896+0000] {dag.py:3036} INFO - Sync 1 DAGs
[2025-07-19T12:42:57.909+0000] {logging_mixin.py:188} INFO - [2025-07-19T12:42:57.909+0000] {dag.py:3823} INFO - Setting next_dagrun for ml_pipeline_with_dashboard to None, run_after=None
[2025-07-19T12:42:57.929+0000] {processor.py:183} INFO - Processing /opt/airflow/dags/main_full_processs.py took 1.093 seconds
[2025-07-19T12:43:31.372+0000] {processor.py:161} INFO - Started process (PID=271) to work on /opt/airflow/dags/main_full_processs.py
[2025-07-19T12:43:31.373+0000] {processor.py:830} INFO - Processing file /opt/airflow/dags/main_full_processs.py for tasks to queue
[2025-07-19T12:43:31.374+0000] {logging_mixin.py:188} INFO - [2025-07-19T12:43:31.374+0000] {dagbag.py:538} INFO - Filling up the DagBag from /opt/airflow/dags/main_full_processs.py
[2025-07-19T12:43:31.485+0000] {processor.py:840} INFO - DAG(s) 'ml_pipeline_with_dashboard' retrieved from /opt/airflow/dags/main_full_processs.py
[2025-07-19T12:43:32.309+0000] {logging_mixin.py:188} INFO - [2025-07-19T12:43:32.308+0000] {dag.py:3036} INFO - Sync 1 DAGs
[2025-07-19T12:43:32.608+0000] {logging_mixin.py:188} INFO - [2025-07-19T12:43:32.608+0000] {dag.py:3823} INFO - Setting next_dagrun for ml_pipeline_with_dashboard to None, run_after=None
[2025-07-19T12:43:33.382+0000] {processor.py:183} INFO - Processing /opt/airflow/dags/main_full_processs.py took 2.014 seconds
[2025-07-19T12:46:45.743+0000] {processor.py:161} INFO - Started process (PID=181) to work on /opt/airflow/dags/main_full_processs.py
[2025-07-19T12:46:45.746+0000] {processor.py:830} INFO - Processing file /opt/airflow/dags/main_full_processs.py for tasks to queue
[2025-07-19T12:46:45.748+0000] {logging_mixin.py:188} INFO - [2025-07-19T12:46:45.747+0000] {dagbag.py:538} INFO - Filling up the DagBag from /opt/airflow/dags/main_full_processs.py
[2025-07-19T12:46:45.787+0000] {processor.py:840} INFO - DAG(s) 'ml_pipeline_with_dashboard' retrieved from /opt/airflow/dags/main_full_processs.py
[2025-07-19T12:46:45.964+0000] {logging_mixin.py:188} INFO - [2025-07-19T12:46:45.964+0000] {dag.py:3036} INFO - Sync 1 DAGs
[2025-07-19T12:46:45.983+0000] {logging_mixin.py:188} INFO - [2025-07-19T12:46:45.983+0000] {dag.py:3823} INFO - Setting next_dagrun for ml_pipeline_with_dashboard to None, run_after=None
[2025-07-19T12:46:46.009+0000] {processor.py:183} INFO - Processing /opt/airflow/dags/main_full_processs.py took 0.278 seconds
[2025-07-19T12:47:16.607+0000] {processor.py:161} INFO - Started process (PID=211) to work on /opt/airflow/dags/main_full_processs.py
[2025-07-19T12:47:16.609+0000] {processor.py:830} INFO - Processing file /opt/airflow/dags/main_full_processs.py for tasks to queue
[2025-07-19T12:47:16.610+0000] {logging_mixin.py:188} INFO - [2025-07-19T12:47:16.610+0000] {dagbag.py:538} INFO - Filling up the DagBag from /opt/airflow/dags/main_full_processs.py
[2025-07-19T12:47:16.633+0000] {processor.py:840} INFO - DAG(s) 'ml_pipeline_with_dashboard' retrieved from /opt/airflow/dags/main_full_processs.py
[2025-07-19T12:47:16.688+0000] {logging_mixin.py:188} INFO - [2025-07-19T12:47:16.687+0000] {dag.py:3036} INFO - Sync 1 DAGs
[2025-07-19T12:47:16.704+0000] {logging_mixin.py:188} INFO - [2025-07-19T12:47:16.704+0000] {dag.py:3823} INFO - Setting next_dagrun for ml_pipeline_with_dashboard to None, run_after=None
[2025-07-19T12:47:16.727+0000] {processor.py:183} INFO - Processing /opt/airflow/dags/main_full_processs.py took 0.127 seconds
[2025-07-19T12:47:47.175+0000] {processor.py:161} INFO - Started process (PID=241) to work on /opt/airflow/dags/main_full_processs.py
[2025-07-19T12:47:47.177+0000] {processor.py:830} INFO - Processing file /opt/airflow/dags/main_full_processs.py for tasks to queue
[2025-07-19T12:47:47.178+0000] {logging_mixin.py:188} INFO - [2025-07-19T12:47:47.178+0000] {dagbag.py:538} INFO - Filling up the DagBag from /opt/airflow/dags/main_full_processs.py
[2025-07-19T12:47:47.215+0000] {processor.py:840} INFO - DAG(s) 'ml_pipeline_with_dashboard' retrieved from /opt/airflow/dags/main_full_processs.py
[2025-07-19T12:47:47.228+0000] {logging_mixin.py:188} INFO - [2025-07-19T12:47:47.228+0000] {dag.py:3036} INFO - Sync 1 DAGs
[2025-07-19T12:47:47.242+0000] {logging_mixin.py:188} INFO - [2025-07-19T12:47:47.242+0000] {dag.py:3823} INFO - Setting next_dagrun for ml_pipeline_with_dashboard to None, run_after=None
[2025-07-19T12:47:47.260+0000] {processor.py:183} INFO - Processing /opt/airflow/dags/main_full_processs.py took 0.090 seconds
[2025-07-19T12:48:17.885+0000] {processor.py:161} INFO - Started process (PID=274) to work on /opt/airflow/dags/main_full_processs.py
[2025-07-19T12:48:17.887+0000] {processor.py:830} INFO - Processing file /opt/airflow/dags/main_full_processs.py for tasks to queue
[2025-07-19T12:48:17.888+0000] {logging_mixin.py:188} INFO - [2025-07-19T12:48:17.888+0000] {dagbag.py:538} INFO - Filling up the DagBag from /opt/airflow/dags/main_full_processs.py
[2025-07-19T12:48:17.910+0000] {processor.py:840} INFO - DAG(s) 'ml_pipeline_with_dashboard' retrieved from /opt/airflow/dags/main_full_processs.py
[2025-07-19T12:48:18.052+0000] {logging_mixin.py:188} INFO - [2025-07-19T12:48:18.052+0000] {dag.py:3036} INFO - Sync 1 DAGs
[2025-07-19T12:48:18.063+0000] {logging_mixin.py:188} INFO - [2025-07-19T12:48:18.062+0000] {dag.py:3823} INFO - Setting next_dagrun for ml_pipeline_with_dashboard to None, run_after=None
[2025-07-19T12:48:18.090+0000] {processor.py:183} INFO - Processing /opt/airflow/dags/main_full_processs.py took 0.209 seconds
[2025-07-19T12:48:48.205+0000] {processor.py:161} INFO - Started process (PID=304) to work on /opt/airflow/dags/main_full_processs.py
[2025-07-19T12:48:48.207+0000] {processor.py:830} INFO - Processing file /opt/airflow/dags/main_full_processs.py for tasks to queue
[2025-07-19T12:48:48.208+0000] {logging_mixin.py:188} INFO - [2025-07-19T12:48:48.208+0000] {dagbag.py:538} INFO - Filling up the DagBag from /opt/airflow/dags/main_full_processs.py
[2025-07-19T12:48:48.230+0000] {processor.py:840} INFO - DAG(s) 'ml_pipeline_with_dashboard' retrieved from /opt/airflow/dags/main_full_processs.py
[2025-07-19T12:48:48.275+0000] {logging_mixin.py:188} INFO - [2025-07-19T12:48:48.275+0000] {dag.py:3036} INFO - Sync 1 DAGs
[2025-07-19T12:48:48.298+0000] {logging_mixin.py:188} INFO - [2025-07-19T12:48:48.297+0000] {dag.py:3823} INFO - Setting next_dagrun for ml_pipeline_with_dashboard to None, run_after=None
[2025-07-19T12:48:48.325+0000] {processor.py:183} INFO - Processing /opt/airflow/dags/main_full_processs.py took 0.126 seconds
[2025-07-19T12:49:19.014+0000] {processor.py:161} INFO - Started process (PID=334) to work on /opt/airflow/dags/main_full_processs.py
[2025-07-19T12:49:19.015+0000] {processor.py:830} INFO - Processing file /opt/airflow/dags/main_full_processs.py for tasks to queue
[2025-07-19T12:49:19.017+0000] {logging_mixin.py:188} INFO - [2025-07-19T12:49:19.016+0000] {dagbag.py:538} INFO - Filling up the DagBag from /opt/airflow/dags/main_full_processs.py
[2025-07-19T12:49:19.038+0000] {processor.py:840} INFO - DAG(s) 'ml_pipeline_with_dashboard' retrieved from /opt/airflow/dags/main_full_processs.py
[2025-07-19T12:49:19.067+0000] {logging_mixin.py:188} INFO - [2025-07-19T12:49:19.067+0000] {dag.py:3036} INFO - Sync 1 DAGs
[2025-07-19T12:49:19.079+0000] {logging_mixin.py:188} INFO - [2025-07-19T12:49:19.079+0000] {dag.py:3823} INFO - Setting next_dagrun for ml_pipeline_with_dashboard to None, run_after=None
[2025-07-19T12:49:19.108+0000] {processor.py:183} INFO - Processing /opt/airflow/dags/main_full_processs.py took 0.097 seconds
[2025-07-19T12:49:48.858+0000] {processor.py:161} INFO - Started process (PID=364) to work on /opt/airflow/dags/main_full_processs.py
[2025-07-19T12:49:48.859+0000] {processor.py:830} INFO - Processing file /opt/airflow/dags/main_full_processs.py for tasks to queue
[2025-07-19T12:49:48.860+0000] {logging_mixin.py:188} INFO - [2025-07-19T12:49:48.860+0000] {dagbag.py:538} INFO - Filling up the DagBag from /opt/airflow/dags/main_full_processs.py
[2025-07-19T12:49:48.884+0000] {processor.py:840} INFO - DAG(s) 'ml_pipeline_with_dashboard' retrieved from /opt/airflow/dags/main_full_processs.py
[2025-07-19T12:49:48.976+0000] {logging_mixin.py:188} INFO - [2025-07-19T12:49:48.975+0000] {dag.py:3036} INFO - Sync 1 DAGs
[2025-07-19T12:49:48.985+0000] {logging_mixin.py:188} INFO - [2025-07-19T12:49:48.985+0000] {dag.py:3823} INFO - Setting next_dagrun for ml_pipeline_with_dashboard to None, run_after=None
[2025-07-19T12:49:49.008+0000] {processor.py:183} INFO - Processing /opt/airflow/dags/main_full_processs.py took 0.152 seconds
[2025-07-19T12:49:52.193+0000] {processor.py:161} INFO - Started process (PID=394) to work on /opt/airflow/dags/main_full_processs.py
[2025-07-19T12:49:52.194+0000] {processor.py:830} INFO - Processing file /opt/airflow/dags/main_full_processs.py for tasks to queue
[2025-07-19T12:49:52.195+0000] {logging_mixin.py:188} INFO - [2025-07-19T12:49:52.195+0000] {dagbag.py:538} INFO - Filling up the DagBag from /opt/airflow/dags/main_full_processs.py
[2025-07-19T12:49:52.218+0000] {processor.py:840} INFO - DAG(s) 'ml_pipeline_with_dashboard' retrieved from /opt/airflow/dags/main_full_processs.py
[2025-07-19T12:49:52.227+0000] {logging_mixin.py:188} INFO - [2025-07-19T12:49:52.227+0000] {dag.py:3036} INFO - Sync 1 DAGs
[2025-07-19T12:49:52.239+0000] {logging_mixin.py:188} INFO - [2025-07-19T12:49:52.239+0000] {dag.py:3823} INFO - Setting next_dagrun for ml_pipeline_with_dashboard to None, run_after=None
[2025-07-19T12:49:52.263+0000] {processor.py:183} INFO - Processing /opt/airflow/dags/main_full_processs.py took 0.073 seconds
[2025-07-19T12:50:22.762+0000] {processor.py:161} INFO - Started process (PID=430) to work on /opt/airflow/dags/main_full_processs.py
[2025-07-19T12:50:22.763+0000] {processor.py:830} INFO - Processing file /opt/airflow/dags/main_full_processs.py for tasks to queue
[2025-07-19T12:50:22.764+0000] {logging_mixin.py:188} INFO - [2025-07-19T12:50:22.764+0000] {dagbag.py:538} INFO - Filling up the DagBag from /opt/airflow/dags/main_full_processs.py
[2025-07-19T12:50:22.781+0000] {processor.py:840} INFO - DAG(s) 'ml_pipeline_with_dashboard' retrieved from /opt/airflow/dags/main_full_processs.py
[2025-07-19T12:50:22.877+0000] {logging_mixin.py:188} INFO - [2025-07-19T12:50:22.877+0000] {dag.py:3036} INFO - Sync 1 DAGs
[2025-07-19T12:50:22.888+0000] {logging_mixin.py:188} INFO - [2025-07-19T12:50:22.888+0000] {dag.py:3823} INFO - Setting next_dagrun for ml_pipeline_with_dashboard to None, run_after=None
[2025-07-19T12:50:22.908+0000] {processor.py:183} INFO - Processing /opt/airflow/dags/main_full_processs.py took 0.150 seconds
[2025-07-19T12:50:53.333+0000] {processor.py:161} INFO - Started process (PID=460) to work on /opt/airflow/dags/main_full_processs.py
[2025-07-19T12:50:53.334+0000] {processor.py:830} INFO - Processing file /opt/airflow/dags/main_full_processs.py for tasks to queue
[2025-07-19T12:50:53.335+0000] {logging_mixin.py:188} INFO - [2025-07-19T12:50:53.335+0000] {dagbag.py:538} INFO - Filling up the DagBag from /opt/airflow/dags/main_full_processs.py
[2025-07-19T12:50:53.350+0000] {processor.py:840} INFO - DAG(s) 'ml_pipeline_with_dashboard' retrieved from /opt/airflow/dags/main_full_processs.py
[2025-07-19T12:50:53.375+0000] {logging_mixin.py:188} INFO - [2025-07-19T12:50:53.375+0000] {dag.py:3036} INFO - Sync 1 DAGs
[2025-07-19T12:50:53.388+0000] {logging_mixin.py:188} INFO - [2025-07-19T12:50:53.388+0000] {dag.py:3823} INFO - Setting next_dagrun for ml_pipeline_with_dashboard to None, run_after=None
[2025-07-19T12:50:53.407+0000] {processor.py:183} INFO - Processing /opt/airflow/dags/main_full_processs.py took 0.077 seconds
[2025-07-19T12:51:23.971+0000] {processor.py:161} INFO - Started process (PID=490) to work on /opt/airflow/dags/main_full_processs.py
[2025-07-19T12:51:23.972+0000] {processor.py:830} INFO - Processing file /opt/airflow/dags/main_full_processs.py for tasks to queue
[2025-07-19T12:51:23.973+0000] {logging_mixin.py:188} INFO - [2025-07-19T12:51:23.973+0000] {dagbag.py:538} INFO - Filling up the DagBag from /opt/airflow/dags/main_full_processs.py
[2025-07-19T12:51:23.987+0000] {processor.py:840} INFO - DAG(s) 'ml_pipeline_with_dashboard' retrieved from /opt/airflow/dags/main_full_processs.py
[2025-07-19T12:51:24.010+0000] {logging_mixin.py:188} INFO - [2025-07-19T12:51:24.010+0000] {dag.py:3036} INFO - Sync 1 DAGs
[2025-07-19T12:51:24.021+0000] {logging_mixin.py:188} INFO - [2025-07-19T12:51:24.021+0000] {dag.py:3823} INFO - Setting next_dagrun for ml_pipeline_with_dashboard to None, run_after=None
[2025-07-19T12:51:24.041+0000] {processor.py:183} INFO - Processing /opt/airflow/dags/main_full_processs.py took 0.072 seconds
[2025-07-19T12:51:46.252+0000] {processor.py:161} INFO - Started process (PID=495) to work on /opt/airflow/dags/main_full_processs.py
[2025-07-19T12:51:46.253+0000] {processor.py:830} INFO - Processing file /opt/airflow/dags/main_full_processs.py for tasks to queue
[2025-07-19T12:51:46.254+0000] {logging_mixin.py:188} INFO - [2025-07-19T12:51:46.254+0000] {dagbag.py:538} INFO - Filling up the DagBag from /opt/airflow/dags/main_full_processs.py
[2025-07-19T12:51:46.273+0000] {processor.py:840} INFO - DAG(s) 'ml_pipeline_with_dashboard' retrieved from /opt/airflow/dags/main_full_processs.py
[2025-07-19T12:51:46.373+0000] {logging_mixin.py:188} INFO - [2025-07-19T12:51:46.373+0000] {dag.py:3036} INFO - Sync 1 DAGs
[2025-07-19T12:51:46.384+0000] {logging_mixin.py:188} INFO - [2025-07-19T12:51:46.383+0000] {dag.py:3823} INFO - Setting next_dagrun for ml_pipeline_with_dashboard to None, run_after=None
[2025-07-19T12:51:46.404+0000] {processor.py:183} INFO - Processing /opt/airflow/dags/main_full_processs.py took 0.154 seconds
[2025-07-19T12:52:01.829+0000] {processor.py:161} INFO - Started process (PID=525) to work on /opt/airflow/dags/main_full_processs.py
[2025-07-19T12:52:01.830+0000] {processor.py:830} INFO - Processing file /opt/airflow/dags/main_full_processs.py for tasks to queue
[2025-07-19T12:52:01.831+0000] {logging_mixin.py:188} INFO - [2025-07-19T12:52:01.831+0000] {dagbag.py:538} INFO - Filling up the DagBag from /opt/airflow/dags/main_full_processs.py
[2025-07-19T12:52:01.842+0000] {logging_mixin.py:188} INFO - [2025-07-19T12:52:01.841+0000] {dagbag.py:348} ERROR - Failed to import: /opt/airflow/dags/main_full_processs.py
Traceback (most recent call last):
  File "/home/airflow/.local/lib/python3.8/site-packages/airflow/models/dagbag.py", line 344, in parse
    loader.exec_module(new_module)
  File "<frozen importlib._bootstrap_external>", line 839, in exec_module
  File "<frozen importlib._bootstrap_external>", line 976, in get_code
  File "<frozen importlib._bootstrap_external>", line 906, in source_to_code
  File "<frozen importlib._bootstrap>", line 219, in _call_with_frames_removed
  File "/opt/airflow/dags/main_full_processs.py", line 24
    bash_command='python /opt/airflow/dag/eda
                                            ^
SyntaxError: EOL while scanning string literal
[2025-07-19T12:52:01.843+0000] {processor.py:842} WARNING - No viable dags retrieved from /opt/airflow/dags/main_full_processs.py
[2025-07-19T12:52:01.907+0000] {processor.py:183} INFO - Processing /opt/airflow/dags/main_full_processs.py took 0.080 seconds
[2025-07-19T12:52:20.986+0000] {processor.py:161} INFO - Started process (PID=531) to work on /opt/airflow/dags/main_full_processs.py
[2025-07-19T12:52:20.987+0000] {processor.py:830} INFO - Processing file /opt/airflow/dags/main_full_processs.py for tasks to queue
[2025-07-19T12:52:20.988+0000] {logging_mixin.py:188} INFO - [2025-07-19T12:52:20.987+0000] {dagbag.py:538} INFO - Filling up the DagBag from /opt/airflow/dags/main_full_processs.py
[2025-07-19T12:52:21.034+0000] {processor.py:840} INFO - DAG(s) 'ml_pipeline_with_dashboard' retrieved from /opt/airflow/dags/main_full_processs.py
[2025-07-19T12:52:21.142+0000] {logging_mixin.py:188} INFO - [2025-07-19T12:52:21.141+0000] {dag.py:3036} INFO - Sync 1 DAGs
[2025-07-19T12:52:21.151+0000] {logging_mixin.py:188} INFO - [2025-07-19T12:52:21.151+0000] {dag.py:3823} INFO - Setting next_dagrun for ml_pipeline_with_dashboard to None, run_after=None
[2025-07-19T12:52:21.177+0000] {processor.py:183} INFO - Processing /opt/airflow/dags/main_full_processs.py took 0.194 seconds
[2025-07-19T12:52:37.525+0000] {processor.py:161} INFO - Started process (PID=561) to work on /opt/airflow/dags/main_full_processs.py
[2025-07-19T12:52:37.526+0000] {processor.py:830} INFO - Processing file /opt/airflow/dags/main_full_processs.py for tasks to queue
[2025-07-19T12:52:37.527+0000] {logging_mixin.py:188} INFO - [2025-07-19T12:52:37.526+0000] {dagbag.py:538} INFO - Filling up the DagBag from /opt/airflow/dags/main_full_processs.py
[2025-07-19T12:52:37.552+0000] {processor.py:840} INFO - DAG(s) 'ml_pipeline_with_dashboard' retrieved from /opt/airflow/dags/main_full_processs.py
[2025-07-19T12:52:37.566+0000] {logging_mixin.py:188} INFO - [2025-07-19T12:52:37.566+0000] {dag.py:3036} INFO - Sync 1 DAGs
[2025-07-19T12:52:37.581+0000] {logging_mixin.py:188} INFO - [2025-07-19T12:52:37.580+0000] {dag.py:3823} INFO - Setting next_dagrun for ml_pipeline_with_dashboard to None, run_after=None
[2025-07-19T12:52:37.607+0000] {processor.py:183} INFO - Processing /opt/airflow/dags/main_full_processs.py took 0.085 seconds
[2025-07-19T12:53:08.142+0000] {processor.py:161} INFO - Started process (PID=594) to work on /opt/airflow/dags/main_full_processs.py
[2025-07-19T12:53:08.143+0000] {processor.py:830} INFO - Processing file /opt/airflow/dags/main_full_processs.py for tasks to queue
[2025-07-19T12:53:08.144+0000] {logging_mixin.py:188} INFO - [2025-07-19T12:53:08.144+0000] {dagbag.py:538} INFO - Filling up the DagBag from /opt/airflow/dags/main_full_processs.py
[2025-07-19T12:53:08.159+0000] {processor.py:840} INFO - DAG(s) 'ml_pipeline_with_dashboard' retrieved from /opt/airflow/dags/main_full_processs.py
[2025-07-19T12:53:08.257+0000] {logging_mixin.py:188} INFO - [2025-07-19T12:53:08.256+0000] {dag.py:3036} INFO - Sync 1 DAGs
[2025-07-19T12:53:08.270+0000] {logging_mixin.py:188} INFO - [2025-07-19T12:53:08.270+0000] {dag.py:3823} INFO - Setting next_dagrun for ml_pipeline_with_dashboard to None, run_after=None
[2025-07-19T12:53:08.295+0000] {processor.py:183} INFO - Processing /opt/airflow/dags/main_full_processs.py took 0.156 seconds
[2025-07-19T12:53:24.891+0000] {processor.py:161} INFO - Started process (PID=624) to work on /opt/airflow/dags/main_full_processs.py
[2025-07-19T12:53:24.892+0000] {processor.py:830} INFO - Processing file /opt/airflow/dags/main_full_processs.py for tasks to queue
[2025-07-19T12:53:24.893+0000] {logging_mixin.py:188} INFO - [2025-07-19T12:53:24.893+0000] {dagbag.py:538} INFO - Filling up the DagBag from /opt/airflow/dags/main_full_processs.py
[2025-07-19T12:53:24.917+0000] {logging_mixin.py:188} INFO - [2025-07-19T12:53:24.912+0000] {dagbag.py:348} ERROR - Failed to import: /opt/airflow/dags/main_full_processs.py
Traceback (most recent call last):
  File "/home/airflow/.local/lib/python3.8/site-packages/airflow/models/dagbag.py", line 344, in parse
    loader.exec_module(new_module)
  File "<frozen importlib._bootstrap_external>", line 843, in exec_module
  File "<frozen importlib._bootstrap>", line 219, in _call_with_frames_removed
  File "/opt/airflow/dags/main_full_processs.py", line 50, in <module>
    run_dashboard = BashOperator(
  File "/home/airflow/.local/lib/python3.8/site-packages/airflow/models/baseoperator.py", line 437, in apply_defaults
    result = func(self, **kwargs, default_args=default_args)
  File "/home/airflow/.local/lib/python3.8/site-packages/airflow/operators/bash.py", line 152, in __init__
    super().__init__(**kwargs)
  File "/home/airflow/.local/lib/python3.8/site-packages/airflow/models/baseoperator.py", line 437, in apply_defaults
    result = func(self, **kwargs, default_args=default_args)
  File "/home/airflow/.local/lib/python3.8/site-packages/airflow/models/baseoperator.py", line 811, in __init__
    task_group.add(self)
  File "/home/airflow/.local/lib/python3.8/site-packages/airflow/utils/task_group.py", line 231, in add
    raise DuplicateTaskIdFound(f"{node_type} id '{key}' has already been added to the DAG")
airflow.exceptions.DuplicateTaskIdFound: Task id 'run_streamlit_dashboard' has already been added to the DAG
[2025-07-19T12:53:24.918+0000] {processor.py:842} WARNING - No viable dags retrieved from /opt/airflow/dags/main_full_processs.py
[2025-07-19T12:53:24.937+0000] {processor.py:183} INFO - Processing /opt/airflow/dags/main_full_processs.py took 0.049 seconds
[2025-07-19T12:53:35.996+0000] {processor.py:161} INFO - Started process (PID=629) to work on /opt/airflow/dags/main_full_processs.py
[2025-07-19T12:53:35.997+0000] {processor.py:830} INFO - Processing file /opt/airflow/dags/main_full_processs.py for tasks to queue
[2025-07-19T12:53:35.998+0000] {logging_mixin.py:188} INFO - [2025-07-19T12:53:35.997+0000] {dagbag.py:538} INFO - Filling up the DagBag from /opt/airflow/dags/main_full_processs.py
[2025-07-19T12:53:36.008+0000] {logging_mixin.py:188} INFO - [2025-07-19T12:53:36.007+0000] {dagbag.py:348} ERROR - Failed to import: /opt/airflow/dags/main_full_processs.py
Traceback (most recent call last):
  File "/home/airflow/.local/lib/python3.8/site-packages/airflow/models/dagbag.py", line 344, in parse
    loader.exec_module(new_module)
  File "<frozen importlib._bootstrap_external>", line 839, in exec_module
  File "<frozen importlib._bootstrap_external>", line 976, in get_code
  File "<frozen importlib._bootstrap_external>", line 906, in source_to_code
  File "<frozen importlib._bootstrap>", line 219, in _call_with_frames_removed
  File "/opt/airflow/dags/main_full_processs.py", line 57
    >> run_preprocess >> run_model_training >> run_dashboard
    ^
IndentationError: unexpected indent
[2025-07-19T12:53:36.008+0000] {processor.py:842} WARNING - No viable dags retrieved from /opt/airflow/dags/main_full_processs.py
[2025-07-19T12:53:36.059+0000] {processor.py:183} INFO - Processing /opt/airflow/dags/main_full_processs.py took 0.067 seconds
[2025-07-19T12:53:39.089+0000] {processor.py:161} INFO - Started process (PID=634) to work on /opt/airflow/dags/main_full_processs.py
[2025-07-19T12:53:39.090+0000] {processor.py:830} INFO - Processing file /opt/airflow/dags/main_full_processs.py for tasks to queue
[2025-07-19T12:53:39.091+0000] {logging_mixin.py:188} INFO - [2025-07-19T12:53:39.091+0000] {dagbag.py:538} INFO - Filling up the DagBag from /opt/airflow/dags/main_full_processs.py
[2025-07-19T12:53:39.112+0000] {logging_mixin.py:188} INFO - [2025-07-19T12:53:39.108+0000] {dagbag.py:348} ERROR - Failed to import: /opt/airflow/dags/main_full_processs.py
Traceback (most recent call last):
  File "/home/airflow/.local/lib/python3.8/site-packages/airflow/models/dagbag.py", line 344, in parse
    loader.exec_module(new_module)
  File "<frozen importlib._bootstrap_external>", line 843, in exec_module
  File "<frozen importlib._bootstrap>", line 219, in _call_with_frames_removed
  File "/opt/airflow/dags/main_full_processs.py", line 50, in <module>
    run_dashboard = BashOperator(
  File "/home/airflow/.local/lib/python3.8/site-packages/airflow/models/baseoperator.py", line 437, in apply_defaults
    result = func(self, **kwargs, default_args=default_args)
  File "/home/airflow/.local/lib/python3.8/site-packages/airflow/operators/bash.py", line 152, in __init__
    super().__init__(**kwargs)
  File "/home/airflow/.local/lib/python3.8/site-packages/airflow/models/baseoperator.py", line 437, in apply_defaults
    result = func(self, **kwargs, default_args=default_args)
  File "/home/airflow/.local/lib/python3.8/site-packages/airflow/models/baseoperator.py", line 811, in __init__
    task_group.add(self)
  File "/home/airflow/.local/lib/python3.8/site-packages/airflow/utils/task_group.py", line 231, in add
    raise DuplicateTaskIdFound(f"{node_type} id '{key}' has already been added to the DAG")
airflow.exceptions.DuplicateTaskIdFound: Task id 'run_streamlit_dashboard' has already been added to the DAG
[2025-07-19T12:53:39.112+0000] {processor.py:842} WARNING - No viable dags retrieved from /opt/airflow/dags/main_full_processs.py
[2025-07-19T12:53:39.128+0000] {processor.py:183} INFO - Processing /opt/airflow/dags/main_full_processs.py took 0.042 seconds
[2025-07-19T12:53:44.205+0000] {processor.py:161} INFO - Started process (PID=639) to work on /opt/airflow/dags/main_full_processs.py
[2025-07-19T12:53:44.207+0000] {processor.py:830} INFO - Processing file /opt/airflow/dags/main_full_processs.py for tasks to queue
[2025-07-19T12:53:44.208+0000] {logging_mixin.py:188} INFO - [2025-07-19T12:53:44.208+0000] {dagbag.py:538} INFO - Filling up the DagBag from /opt/airflow/dags/main_full_processs.py
[2025-07-19T12:53:44.239+0000] {logging_mixin.py:188} INFO - [2025-07-19T12:53:44.235+0000] {dagbag.py:348} ERROR - Failed to import: /opt/airflow/dags/main_full_processs.py
Traceback (most recent call last):
  File "/home/airflow/.local/lib/python3.8/site-packages/airflow/models/dagbag.py", line 344, in parse
    loader.exec_module(new_module)
  File "<frozen importlib._bootstrap_external>", line 843, in exec_module
  File "<frozen importlib._bootstrap>", line 219, in _call_with_frames_removed
  File "/opt/airflow/dags/main_full_processs.py", line 50, in <module>
    run_dashboard = BashOperator(
  File "/home/airflow/.local/lib/python3.8/site-packages/airflow/models/baseoperator.py", line 437, in apply_defaults
    result = func(self, **kwargs, default_args=default_args)
  File "/home/airflow/.local/lib/python3.8/site-packages/airflow/operators/bash.py", line 152, in __init__
    super().__init__(**kwargs)
  File "/home/airflow/.local/lib/python3.8/site-packages/airflow/models/baseoperator.py", line 437, in apply_defaults
    result = func(self, **kwargs, default_args=default_args)
  File "/home/airflow/.local/lib/python3.8/site-packages/airflow/models/baseoperator.py", line 811, in __init__
    task_group.add(self)
  File "/home/airflow/.local/lib/python3.8/site-packages/airflow/utils/task_group.py", line 231, in add
    raise DuplicateTaskIdFound(f"{node_type} id '{key}' has already been added to the DAG")
airflow.exceptions.DuplicateTaskIdFound: Task id 'run_streamlit_dashboard' has already been added to the DAG
[2025-07-19T12:53:44.240+0000] {processor.py:842} WARNING - No viable dags retrieved from /opt/airflow/dags/main_full_processs.py
[2025-07-19T12:53:44.265+0000] {processor.py:183} INFO - Processing /opt/airflow/dags/main_full_processs.py took 0.065 seconds
[2025-07-19T12:53:56.707+0000] {processor.py:161} INFO - Started process (PID=669) to work on /opt/airflow/dags/main_full_processs.py
[2025-07-19T12:53:56.708+0000] {processor.py:830} INFO - Processing file /opt/airflow/dags/main_full_processs.py for tasks to queue
[2025-07-19T12:53:56.709+0000] {logging_mixin.py:188} INFO - [2025-07-19T12:53:56.709+0000] {dagbag.py:538} INFO - Filling up the DagBag from /opt/airflow/dags/main_full_processs.py
[2025-07-19T12:53:56.734+0000] {logging_mixin.py:188} INFO - [2025-07-19T12:53:56.731+0000] {dagbag.py:348} ERROR - Failed to import: /opt/airflow/dags/main_full_processs.py
Traceback (most recent call last):
  File "/home/airflow/.local/lib/python3.8/site-packages/airflow/models/dagbag.py", line 344, in parse
    loader.exec_module(new_module)
  File "<frozen importlib._bootstrap_external>", line 843, in exec_module
  File "<frozen importlib._bootstrap>", line 219, in _call_with_frames_removed
  File "/opt/airflow/dags/main_full_processs.py", line 52, in <module>
    run_streamlit >> run_preprocess >> run_model_training >> run_dashboard
NameError: name 'run_dashboard' is not defined
[2025-07-19T12:53:56.735+0000] {processor.py:842} WARNING - No viable dags retrieved from /opt/airflow/dags/main_full_processs.py
[2025-07-19T12:53:56.751+0000] {processor.py:183} INFO - Processing /opt/airflow/dags/main_full_processs.py took 0.046 seconds
[2025-07-19T12:53:59.793+0000] {processor.py:161} INFO - Started process (PID=674) to work on /opt/airflow/dags/main_full_processs.py
[2025-07-19T12:53:59.794+0000] {processor.py:830} INFO - Processing file /opt/airflow/dags/main_full_processs.py for tasks to queue
[2025-07-19T12:53:59.796+0000] {logging_mixin.py:188} INFO - [2025-07-19T12:53:59.795+0000] {dagbag.py:538} INFO - Filling up the DagBag from /opt/airflow/dags/main_full_processs.py
[2025-07-19T12:53:59.824+0000] {processor.py:840} INFO - DAG(s) 'ml_pipeline_with_dashboard' retrieved from /opt/airflow/dags/main_full_processs.py
[2025-07-19T12:53:59.954+0000] {logging_mixin.py:188} INFO - [2025-07-19T12:53:59.953+0000] {dag.py:3036} INFO - Sync 1 DAGs
[2025-07-19T12:53:59.967+0000] {logging_mixin.py:188} INFO - [2025-07-19T12:53:59.967+0000] {dag.py:3823} INFO - Setting next_dagrun for ml_pipeline_with_dashboard to None, run_after=None
[2025-07-19T12:53:59.993+0000] {processor.py:183} INFO - Processing /opt/airflow/dags/main_full_processs.py took 0.203 seconds
[2025-07-19T12:54:30.353+0000] {processor.py:161} INFO - Started process (PID=720) to work on /opt/airflow/dags/main_full_processs.py
[2025-07-19T12:54:30.354+0000] {processor.py:830} INFO - Processing file /opt/airflow/dags/main_full_processs.py for tasks to queue
[2025-07-19T12:54:30.354+0000] {logging_mixin.py:188} INFO - [2025-07-19T12:54:30.354+0000] {dagbag.py:538} INFO - Filling up the DagBag from /opt/airflow/dags/main_full_processs.py
[2025-07-19T12:54:30.368+0000] {processor.py:840} INFO - DAG(s) 'ml_pipeline_with_dashboard' retrieved from /opt/airflow/dags/main_full_processs.py
[2025-07-19T12:54:30.392+0000] {logging_mixin.py:188} INFO - [2025-07-19T12:54:30.391+0000] {dag.py:3036} INFO - Sync 1 DAGs
[2025-07-19T12:54:30.403+0000] {logging_mixin.py:188} INFO - [2025-07-19T12:54:30.403+0000] {dag.py:3823} INFO - Setting next_dagrun for ml_pipeline_with_dashboard to None, run_after=None
[2025-07-19T12:54:30.426+0000] {processor.py:183} INFO - Processing /opt/airflow/dags/main_full_processs.py took 0.076 seconds
[2025-07-19T12:54:44.570+0000] {processor.py:161} INFO - Started process (PID=725) to work on /opt/airflow/dags/main_full_processs.py
[2025-07-19T12:54:44.571+0000] {processor.py:830} INFO - Processing file /opt/airflow/dags/main_full_processs.py for tasks to queue
[2025-07-19T12:54:44.572+0000] {logging_mixin.py:188} INFO - [2025-07-19T12:54:44.572+0000] {dagbag.py:538} INFO - Filling up the DagBag from /opt/airflow/dags/main_full_processs.py
[2025-07-19T12:54:44.583+0000] {logging_mixin.py:188} INFO - [2025-07-19T12:54:44.583+0000] {dagbag.py:348} ERROR - Failed to import: /opt/airflow/dags/main_full_processs.py
Traceback (most recent call last):
  File "/home/airflow/.local/lib/python3.8/site-packages/airflow/models/dagbag.py", line 344, in parse
    loader.exec_module(new_module)
  File "<frozen importlib._bootstrap_external>", line 839, in exec_module
  File "<frozen importlib._bootstrap_external>", line 976, in get_code
  File "<frozen importlib._bootstrap_external>", line 906, in source_to_code
  File "<frozen importlib._bootstrap>", line 219, in _call_with_frames_removed
  File "/opt/airflow/dags/main_full_processs.py", line 39
    dag=dag
    ^
SyntaxError: invalid syntax
[2025-07-19T12:54:44.584+0000] {processor.py:842} WARNING - No viable dags retrieved from /opt/airflow/dags/main_full_processs.py
[2025-07-19T12:54:44.602+0000] {processor.py:183} INFO - Processing /opt/airflow/dags/main_full_processs.py took 0.034 seconds
[2025-07-19T12:55:15.145+0000] {processor.py:161} INFO - Started process (PID=755) to work on /opt/airflow/dags/main_full_processs.py
[2025-07-19T12:55:15.146+0000] {processor.py:830} INFO - Processing file /opt/airflow/dags/main_full_processs.py for tasks to queue
[2025-07-19T12:55:15.147+0000] {logging_mixin.py:188} INFO - [2025-07-19T12:55:15.147+0000] {dagbag.py:538} INFO - Filling up the DagBag from /opt/airflow/dags/main_full_processs.py
[2025-07-19T12:55:15.157+0000] {logging_mixin.py:188} INFO - [2025-07-19T12:55:15.156+0000] {dagbag.py:348} ERROR - Failed to import: /opt/airflow/dags/main_full_processs.py
Traceback (most recent call last):
  File "/home/airflow/.local/lib/python3.8/site-packages/airflow/models/dagbag.py", line 344, in parse
    loader.exec_module(new_module)
  File "<frozen importlib._bootstrap_external>", line 839, in exec_module
  File "<frozen importlib._bootstrap_external>", line 976, in get_code
  File "<frozen importlib._bootstrap_external>", line 906, in source_to_code
  File "<frozen importlib._bootstrap>", line 219, in _call_with_frames_removed
  File "/opt/airflow/dags/main_full_processs.py", line 39
    dag=dag
    ^
SyntaxError: invalid syntax
[2025-07-19T12:55:15.157+0000] {processor.py:842} WARNING - No viable dags retrieved from /opt/airflow/dags/main_full_processs.py
[2025-07-19T12:55:15.175+0000] {processor.py:183} INFO - Processing /opt/airflow/dags/main_full_processs.py took 0.033 seconds
[2025-07-19T12:55:20.228+0000] {processor.py:161} INFO - Started process (PID=760) to work on /opt/airflow/dags/main_full_processs.py
[2025-07-19T12:55:20.229+0000] {processor.py:830} INFO - Processing file /opt/airflow/dags/main_full_processs.py for tasks to queue
[2025-07-19T12:55:20.230+0000] {logging_mixin.py:188} INFO - [2025-07-19T12:55:20.230+0000] {dagbag.py:538} INFO - Filling up the DagBag from /opt/airflow/dags/main_full_processs.py
[2025-07-19T12:55:20.250+0000] {logging_mixin.py:188} INFO - [2025-07-19T12:55:20.248+0000] {dagbag.py:348} ERROR - Failed to import: /opt/airflow/dags/main_full_processs.py
Traceback (most recent call last):
  File "/home/airflow/.local/lib/python3.8/site-packages/airflow/models/dagbag.py", line 344, in parse
    loader.exec_module(new_module)
  File "<frozen importlib._bootstrap_external>", line 843, in exec_module
  File "<frozen importlib._bootstrap>", line 219, in _call_with_frames_removed
  File "/opt/airflow/dags/main_full_processs.py", line 36, in <module>
    run_preprocess = BashOperator(
  File "/home/airflow/.local/lib/python3.8/site-packages/airflow/models/baseoperator.py", line 420, in apply_defaults
    raise AirflowException(f"missing keyword argument {missing_args.pop()!r}")
airflow.exceptions.AirflowException: missing keyword argument 'bash_command'
[2025-07-19T12:55:20.251+0000] {processor.py:842} WARNING - No viable dags retrieved from /opt/airflow/dags/main_full_processs.py
[2025-07-19T12:55:20.268+0000] {processor.py:183} INFO - Processing /opt/airflow/dags/main_full_processs.py took 0.043 seconds
[2025-07-19T12:55:23.273+0000] {processor.py:161} INFO - Started process (PID=765) to work on /opt/airflow/dags/main_full_processs.py
[2025-07-19T12:55:23.274+0000] {processor.py:830} INFO - Processing file /opt/airflow/dags/main_full_processs.py for tasks to queue
[2025-07-19T12:55:23.275+0000] {logging_mixin.py:188} INFO - [2025-07-19T12:55:23.274+0000] {dagbag.py:538} INFO - Filling up the DagBag from /opt/airflow/dags/main_full_processs.py
[2025-07-19T12:55:23.284+0000] {logging_mixin.py:188} INFO - [2025-07-19T12:55:23.283+0000] {dagbag.py:348} ERROR - Failed to import: /opt/airflow/dags/main_full_processs.py
Traceback (most recent call last):
  File "/home/airflow/.local/lib/python3.8/site-packages/airflow/models/dagbag.py", line 344, in parse
    loader.exec_module(new_module)
  File "<frozen importlib._bootstrap_external>", line 839, in exec_module
  File "<frozen importlib._bootstrap_external>", line 976, in get_code
  File "<frozen importlib._bootstrap_external>", line 906, in source_to_code
  File "<frozen importlib._bootstrap>", line 219, in _call_with_frames_removed
  File "/opt/airflow/dags/main_full_processs.py", line 39
    dag=dag
    ^
SyntaxError: invalid syntax
[2025-07-19T12:55:23.285+0000] {processor.py:842} WARNING - No viable dags retrieved from /opt/airflow/dags/main_full_processs.py
[2025-07-19T12:55:23.311+0000] {processor.py:183} INFO - Processing /opt/airflow/dags/main_full_processs.py took 0.042 seconds
[2025-07-19T12:55:28.784+0000] {processor.py:161} INFO - Started process (PID=795) to work on /opt/airflow/dags/main_full_processs.py
[2025-07-19T12:55:28.785+0000] {processor.py:830} INFO - Processing file /opt/airflow/dags/main_full_processs.py for tasks to queue
[2025-07-19T12:55:28.787+0000] {logging_mixin.py:188} INFO - [2025-07-19T12:55:28.786+0000] {dagbag.py:538} INFO - Filling up the DagBag from /opt/airflow/dags/main_full_processs.py
[2025-07-19T12:55:28.814+0000] {processor.py:840} INFO - DAG(s) 'ml_pipeline_with_dashboard' retrieved from /opt/airflow/dags/main_full_processs.py
[2025-07-19T12:55:28.855+0000] {logging_mixin.py:188} INFO - [2025-07-19T12:55:28.855+0000] {dag.py:3036} INFO - Sync 1 DAGs
[2025-07-19T12:55:28.874+0000] {logging_mixin.py:188} INFO - [2025-07-19T12:55:28.874+0000] {dag.py:3823} INFO - Setting next_dagrun for ml_pipeline_with_dashboard to None, run_after=None
[2025-07-19T12:55:28.906+0000] {processor.py:183} INFO - Processing /opt/airflow/dags/main_full_processs.py took 0.126 seconds
[2025-07-19T12:55:36.935+0000] {processor.py:161} INFO - Started process (PID=800) to work on /opt/airflow/dags/main_full_processs.py
[2025-07-19T12:55:36.937+0000] {processor.py:830} INFO - Processing file /opt/airflow/dags/main_full_processs.py for tasks to queue
[2025-07-19T12:55:36.938+0000] {logging_mixin.py:188} INFO - [2025-07-19T12:55:36.938+0000] {dagbag.py:538} INFO - Filling up the DagBag from /opt/airflow/dags/main_full_processs.py
[2025-07-19T12:55:36.950+0000] {logging_mixin.py:188} INFO - [2025-07-19T12:55:36.949+0000] {dagbag.py:348} ERROR - Failed to import: /opt/airflow/dags/main_full_processs.py
Traceback (most recent call last):
  File "/home/airflow/.local/lib/python3.8/site-packages/airflow/models/dagbag.py", line 344, in parse
    loader.exec_module(new_module)
  File "<frozen importlib._bootstrap_external>", line 839, in exec_module
  File "<frozen importlib._bootstrap_external>", line 976, in get_code
  File "<frozen importlib._bootstrap_external>", line 906, in source_to_code
  File "<frozen importlib._bootstrap>", line 219, in _call_with_frames_removed
  File "/opt/airflow/dags/main_full_processs.py", line 52
    run_streamlit >> run_preprocess >> run_model_training >>
                                                            ^
SyntaxError: invalid syntax
[2025-07-19T12:55:36.950+0000] {processor.py:842} WARNING - No viable dags retrieved from /opt/airflow/dags/main_full_processs.py
[2025-07-19T12:55:36.972+0000] {processor.py:183} INFO - Processing /opt/airflow/dags/main_full_processs.py took 0.040 seconds
[2025-07-19T12:55:39.011+0000] {processor.py:161} INFO - Started process (PID=805) to work on /opt/airflow/dags/main_full_processs.py
[2025-07-19T12:55:39.012+0000] {processor.py:830} INFO - Processing file /opt/airflow/dags/main_full_processs.py for tasks to queue
[2025-07-19T12:55:39.013+0000] {logging_mixin.py:188} INFO - [2025-07-19T12:55:39.013+0000] {dagbag.py:538} INFO - Filling up the DagBag from /opt/airflow/dags/main_full_processs.py
[2025-07-19T12:55:39.035+0000] {processor.py:840} INFO - DAG(s) 'ml_pipeline_with_dashboard' retrieved from /opt/airflow/dags/main_full_processs.py
[2025-07-19T12:55:39.061+0000] {logging_mixin.py:188} INFO - [2025-07-19T12:55:39.061+0000] {dag.py:3036} INFO - Sync 1 DAGs
[2025-07-19T12:55:39.074+0000] {logging_mixin.py:188} INFO - [2025-07-19T12:55:39.074+0000] {dag.py:3823} INFO - Setting next_dagrun for ml_pipeline_with_dashboard to None, run_after=None
[2025-07-19T12:55:39.136+0000] {processor.py:183} INFO - Processing /opt/airflow/dags/main_full_processs.py took 0.129 seconds
[2025-07-19T12:56:09.595+0000] {processor.py:161} INFO - Started process (PID=835) to work on /opt/airflow/dags/main_full_processs.py
[2025-07-19T12:56:09.596+0000] {processor.py:830} INFO - Processing file /opt/airflow/dags/main_full_processs.py for tasks to queue
[2025-07-19T12:56:09.597+0000] {logging_mixin.py:188} INFO - [2025-07-19T12:56:09.597+0000] {dagbag.py:538} INFO - Filling up the DagBag from /opt/airflow/dags/main_full_processs.py
[2025-07-19T12:56:09.613+0000] {processor.py:840} INFO - DAG(s) 'ml_pipeline_with_dashboard' retrieved from /opt/airflow/dags/main_full_processs.py
[2025-07-19T12:56:09.638+0000] {logging_mixin.py:188} INFO - [2025-07-19T12:56:09.638+0000] {dag.py:3036} INFO - Sync 1 DAGs
[2025-07-19T12:56:09.651+0000] {logging_mixin.py:188} INFO - [2025-07-19T12:56:09.650+0000] {dag.py:3823} INFO - Setting next_dagrun for ml_pipeline_with_dashboard to None, run_after=None
[2025-07-19T12:56:09.671+0000] {processor.py:183} INFO - Processing /opt/airflow/dags/main_full_processs.py took 0.079 seconds
[2025-07-19T12:56:24.762+0000] {processor.py:161} INFO - Started process (PID=840) to work on /opt/airflow/dags/main_full_processs.py
[2025-07-19T12:56:24.763+0000] {processor.py:830} INFO - Processing file /opt/airflow/dags/main_full_processs.py for tasks to queue
[2025-07-19T12:56:24.764+0000] {logging_mixin.py:188} INFO - [2025-07-19T12:56:24.764+0000] {dagbag.py:538} INFO - Filling up the DagBag from /opt/airflow/dags/main_full_processs.py
[2025-07-19T12:56:24.780+0000] {logging_mixin.py:188} INFO - [2025-07-19T12:56:24.778+0000] {dagbag.py:348} ERROR - Failed to import: /opt/airflow/dags/main_full_processs.py
Traceback (most recent call last):
  File "/home/airflow/.local/lib/python3.8/site-packages/airflow/models/dagbag.py", line 344, in parse
    loader.exec_module(new_module)
  File "<frozen importlib._bootstrap_external>", line 839, in exec_module
  File "<frozen importlib._bootstrap_external>", line 976, in get_code
  File "<frozen importlib._bootstrap_external>", line 906, in source_to_code
  File "<frozen importlib._bootstrap>", line 219, in _call_with_frames_removed
  File "/opt/airflow/dags/main_full_processs.py", line 38
    ,
    ^
SyntaxError: invalid syntax
[2025-07-19T12:56:24.781+0000] {processor.py:842} WARNING - No viable dags retrieved from /opt/airflow/dags/main_full_processs.py
[2025-07-19T12:56:24.824+0000] {processor.py:183} INFO - Processing /opt/airflow/dags/main_full_processs.py took 0.066 seconds
[2025-07-19T12:56:25.829+0000] {processor.py:161} INFO - Started process (PID=845) to work on /opt/airflow/dags/main_full_processs.py
[2025-07-19T12:56:25.830+0000] {processor.py:830} INFO - Processing file /opt/airflow/dags/main_full_processs.py for tasks to queue
[2025-07-19T12:56:25.831+0000] {logging_mixin.py:188} INFO - [2025-07-19T12:56:25.831+0000] {dagbag.py:538} INFO - Filling up the DagBag from /opt/airflow/dags/main_full_processs.py
[2025-07-19T12:56:25.853+0000] {processor.py:840} INFO - DAG(s) 'ml_pipeline_with_dashboard' retrieved from /opt/airflow/dags/main_full_processs.py
[2025-07-19T12:56:25.948+0000] {logging_mixin.py:188} INFO - [2025-07-19T12:56:25.948+0000] {dag.py:3036} INFO - Sync 1 DAGs
[2025-07-19T12:56:25.960+0000] {logging_mixin.py:188} INFO - [2025-07-19T12:56:25.960+0000] {dag.py:3823} INFO - Setting next_dagrun for ml_pipeline_with_dashboard to None, run_after=None
[2025-07-19T12:56:25.991+0000] {processor.py:183} INFO - Processing /opt/airflow/dags/main_full_processs.py took 0.164 seconds
[2025-07-19T12:56:56.621+0000] {processor.py:161} INFO - Started process (PID=902) to work on /opt/airflow/dags/main_full_processs.py
[2025-07-19T12:56:56.621+0000] {processor.py:830} INFO - Processing file /opt/airflow/dags/main_full_processs.py for tasks to queue
[2025-07-19T12:56:56.623+0000] {logging_mixin.py:188} INFO - [2025-07-19T12:56:56.622+0000] {dagbag.py:538} INFO - Filling up the DagBag from /opt/airflow/dags/main_full_processs.py
[2025-07-19T12:56:56.638+0000] {processor.py:840} INFO - DAG(s) 'ml_pipeline_with_dashboard' retrieved from /opt/airflow/dags/main_full_processs.py
[2025-07-19T12:56:56.660+0000] {logging_mixin.py:188} INFO - [2025-07-19T12:56:56.660+0000] {dag.py:3036} INFO - Sync 1 DAGs
[2025-07-19T12:56:56.671+0000] {logging_mixin.py:188} INFO - [2025-07-19T12:56:56.671+0000] {dag.py:3823} INFO - Setting next_dagrun for ml_pipeline_with_dashboard to None, run_after=None
[2025-07-19T12:56:56.693+0000] {processor.py:183} INFO - Processing /opt/airflow/dags/main_full_processs.py took 0.076 seconds
[2025-07-19T12:57:27.253+0000] {processor.py:161} INFO - Started process (PID=932) to work on /opt/airflow/dags/main_full_processs.py
[2025-07-19T12:57:27.255+0000] {processor.py:830} INFO - Processing file /opt/airflow/dags/main_full_processs.py for tasks to queue
[2025-07-19T12:57:27.256+0000] {logging_mixin.py:188} INFO - [2025-07-19T12:57:27.256+0000] {dagbag.py:538} INFO - Filling up the DagBag from /opt/airflow/dags/main_full_processs.py
[2025-07-19T12:57:27.274+0000] {processor.py:840} INFO - DAG(s) 'ml_pipeline_with_dashboard' retrieved from /opt/airflow/dags/main_full_processs.py
[2025-07-19T12:57:27.298+0000] {logging_mixin.py:188} INFO - [2025-07-19T12:57:27.298+0000] {dag.py:3036} INFO - Sync 1 DAGs
[2025-07-19T12:57:27.312+0000] {logging_mixin.py:188} INFO - [2025-07-19T12:57:27.311+0000] {dag.py:3823} INFO - Setting next_dagrun for ml_pipeline_with_dashboard to None, run_after=None
[2025-07-19T12:57:27.334+0000] {processor.py:183} INFO - Processing /opt/airflow/dags/main_full_processs.py took 0.086 seconds
[2025-07-19T12:57:28.310+0000] {processor.py:161} INFO - Started process (PID=937) to work on /opt/airflow/dags/main_full_processs.py
[2025-07-19T12:57:28.311+0000] {processor.py:830} INFO - Processing file /opt/airflow/dags/main_full_processs.py for tasks to queue
[2025-07-19T12:57:28.312+0000] {logging_mixin.py:188} INFO - [2025-07-19T12:57:28.312+0000] {dagbag.py:538} INFO - Filling up the DagBag from /opt/airflow/dags/main_full_processs.py
[2025-07-19T12:57:28.335+0000] {processor.py:840} INFO - DAG(s) 'ml_pipeline_with_dashboard' retrieved from /opt/airflow/dags/main_full_processs.py
[2025-07-19T12:57:28.436+0000] {logging_mixin.py:188} INFO - [2025-07-19T12:57:28.435+0000] {dag.py:3036} INFO - Sync 1 DAGs
[2025-07-19T12:57:28.445+0000] {logging_mixin.py:188} INFO - [2025-07-19T12:57:28.445+0000] {dag.py:3823} INFO - Setting next_dagrun for ml_pipeline_with_dashboard to None, run_after=None
[2025-07-19T12:57:28.469+0000] {processor.py:183} INFO - Processing /opt/airflow/dags/main_full_processs.py took 0.162 seconds
[2025-07-19T12:58:04.007+0000] {processor.py:161} INFO - Started process (PID=1038) to work on /opt/airflow/dags/main_full_processs.py
[2025-07-19T12:58:04.037+0000] {processor.py:830} INFO - Processing file /opt/airflow/dags/main_full_processs.py for tasks to queue
[2025-07-19T12:58:04.418+0000] {logging_mixin.py:188} INFO - [2025-07-19T12:58:04.040+0000] {dagbag.py:538} INFO - Filling up the DagBag from /opt/airflow/dags/main_full_processs.py
[2025-07-19T12:58:05.290+0000] {processor.py:840} INFO - DAG(s) 'ml_pipeline_with_dashboard' retrieved from /opt/airflow/dags/main_full_processs.py
[2025-07-19T12:58:10.234+0000] {logging_mixin.py:188} INFO - [2025-07-19T12:58:10.233+0000] {dag.py:3036} INFO - Sync 1 DAGs
[2025-07-19T12:58:23.502+0000] {logging_mixin.py:188} INFO - [2025-07-19T12:58:23.501+0000] {dag.py:3823} INFO - Setting next_dagrun for ml_pipeline_with_dashboard to None, run_after=None
[2025-07-19T12:58:28.580+0000] {processor.py:183} INFO - Processing /opt/airflow/dags/main_full_processs.py took 24.745 seconds
[2025-07-19T12:58:54.985+0000] {processor.py:161} INFO - Started process (PID=1404) to work on /opt/airflow/dags/main_full_processs.py
[2025-07-19T12:58:55.684+0000] {processor.py:830} INFO - Processing file /opt/airflow/dags/main_full_processs.py for tasks to queue
[2025-07-19T12:58:55.701+0000] {logging_mixin.py:188} INFO - [2025-07-19T12:58:55.700+0000] {dagbag.py:538} INFO - Filling up the DagBag from /opt/airflow/dags/main_full_processs.py
[2025-07-19T12:58:56.233+0000] {processor.py:840} INFO - DAG(s) 'ml_pipeline_with_dashboard' retrieved from /opt/airflow/dags/main_full_processs.py
[2025-07-19T12:59:01.303+0000] {logging_mixin.py:188} INFO - [2025-07-19T12:59:01.303+0000] {dag.py:3036} INFO - Sync 1 DAGs
[2025-07-19T12:59:01.947+0000] {logging_mixin.py:188} INFO - [2025-07-19T12:59:01.947+0000] {dag.py:3823} INFO - Setting next_dagrun for ml_pipeline_with_dashboard to None, run_after=None
[2025-07-19T12:59:02.681+0000] {processor.py:183} INFO - Processing /opt/airflow/dags/main_full_processs.py took 7.703 seconds
[2025-07-19T12:59:33.332+0000] {processor.py:161} INFO - Started process (PID=2393) to work on /opt/airflow/dags/main_full_processs.py
[2025-07-19T12:59:33.341+0000] {processor.py:830} INFO - Processing file /opt/airflow/dags/main_full_processs.py for tasks to queue
[2025-07-19T12:59:33.362+0000] {logging_mixin.py:188} INFO - [2025-07-19T12:59:33.361+0000] {dagbag.py:538} INFO - Filling up the DagBag from /opt/airflow/dags/main_full_processs.py
[2025-07-19T12:59:33.531+0000] {processor.py:840} INFO - DAG(s) 'ml_pipeline_with_dashboard' retrieved from /opt/airflow/dags/main_full_processs.py
[2025-07-19T12:59:33.716+0000] {logging_mixin.py:188} INFO - [2025-07-19T12:59:33.716+0000] {dag.py:3036} INFO - Sync 1 DAGs
[2025-07-19T12:59:34.400+0000] {logging_mixin.py:188} INFO - [2025-07-19T12:59:34.400+0000] {dag.py:3823} INFO - Setting next_dagrun for ml_pipeline_with_dashboard to None, run_after=None
[2025-07-19T12:59:36.031+0000] {processor.py:183} INFO - Processing /opt/airflow/dags/main_full_processs.py took 2.711 seconds
[2025-07-19T13:00:21.403+0000] {processor.py:161} INFO - Started process (PID=2900) to work on /opt/airflow/dags/main_full_processs.py
[2025-07-19T13:00:21.442+0000] {processor.py:830} INFO - Processing file /opt/airflow/dags/main_full_processs.py for tasks to queue
[2025-07-19T13:00:21.454+0000] {logging_mixin.py:188} INFO - [2025-07-19T13:00:21.453+0000] {dagbag.py:538} INFO - Filling up the DagBag from /opt/airflow/dags/main_full_processs.py
[2025-07-19T13:00:21.579+0000] {processor.py:840} INFO - DAG(s) 'ml_pipeline_with_dashboard' retrieved from /opt/airflow/dags/main_full_processs.py
[2025-07-19T13:00:21.912+0000] {logging_mixin.py:188} INFO - [2025-07-19T13:00:21.912+0000] {dag.py:3036} INFO - Sync 1 DAGs
[2025-07-19T13:00:22.066+0000] {logging_mixin.py:188} INFO - [2025-07-19T13:00:22.066+0000] {dag.py:3823} INFO - Setting next_dagrun for ml_pipeline_with_dashboard to None, run_after=None
[2025-07-19T13:00:22.448+0000] {processor.py:183} INFO - Processing /opt/airflow/dags/main_full_processs.py took 1.079 seconds
[2025-07-19T13:00:55.885+0000] {processor.py:161} INFO - Started process (PID=3360) to work on /opt/airflow/dags/main_full_processs.py
[2025-07-19T13:00:55.888+0000] {processor.py:830} INFO - Processing file /opt/airflow/dags/main_full_processs.py for tasks to queue
[2025-07-19T13:00:55.902+0000] {logging_mixin.py:188} INFO - [2025-07-19T13:00:55.901+0000] {dagbag.py:538} INFO - Filling up the DagBag from /opt/airflow/dags/main_full_processs.py
[2025-07-19T13:00:56.373+0000] {processor.py:840} INFO - DAG(s) 'ml_pipeline_with_dashboard' retrieved from /opt/airflow/dags/main_full_processs.py
[2025-07-19T13:00:56.484+0000] {logging_mixin.py:188} INFO - [2025-07-19T13:00:56.483+0000] {dag.py:3036} INFO - Sync 1 DAGs
[2025-07-19T13:00:56.539+0000] {logging_mixin.py:188} INFO - [2025-07-19T13:00:56.539+0000] {dag.py:3823} INFO - Setting next_dagrun for ml_pipeline_with_dashboard to None, run_after=None
[2025-07-19T13:00:56.638+0000] {processor.py:183} INFO - Processing /opt/airflow/dags/main_full_processs.py took 0.759 seconds
[2025-07-19T13:01:27.551+0000] {processor.py:161} INFO - Started process (PID=3387) to work on /opt/airflow/dags/main_full_processs.py
[2025-07-19T13:01:27.562+0000] {processor.py:830} INFO - Processing file /opt/airflow/dags/main_full_processs.py for tasks to queue
[2025-07-19T13:01:28.929+0000] {logging_mixin.py:188} INFO - [2025-07-19T13:01:28.928+0000] {dagbag.py:538} INFO - Filling up the DagBag from /opt/airflow/dags/main_full_processs.py
[2025-07-19T13:01:30.563+0000] {processor.py:840} INFO - DAG(s) 'ml_pipeline_with_dashboard' retrieved from /opt/airflow/dags/main_full_processs.py
[2025-07-19T13:01:35.610+0000] {logging_mixin.py:188} INFO - [2025-07-19T13:01:35.610+0000] {dag.py:3036} INFO - Sync 1 DAGs
[2025-07-19T13:01:35.944+0000] {logging_mixin.py:188} INFO - [2025-07-19T13:01:35.943+0000] {dag.py:3823} INFO - Setting next_dagrun for ml_pipeline_with_dashboard to None, run_after=None
[2025-07-19T13:01:40.434+0000] {processor.py:183} INFO - Processing /opt/airflow/dags/main_full_processs.py took 12.890 seconds
[2025-07-19T13:03:29.143+0000] {processor.py:161} INFO - Started process (PID=3403) to work on /opt/airflow/dags/main_full_processs.py
[2025-07-19T13:03:29.148+0000] {processor.py:830} INFO - Processing file /opt/airflow/dags/main_full_processs.py for tasks to queue
[2025-07-19T13:03:29.150+0000] {logging_mixin.py:188} INFO - [2025-07-19T13:03:29.149+0000] {dagbag.py:538} INFO - Filling up the DagBag from /opt/airflow/dags/main_full_processs.py
[2025-07-19T13:03:30.792+0000] {processor.py:840} INFO - DAG(s) 'ml_pipeline_with_dashboard' retrieved from /opt/airflow/dags/main_full_processs.py
[2025-07-19T13:20:01.656+0000] {processor.py:161} INFO - Started process (PID=3439) to work on /opt/airflow/dags/main_full_processs.py
[2025-07-19T13:20:01.701+0000] {processor.py:830} INFO - Processing file /opt/airflow/dags/main_full_processs.py for tasks to queue
[2025-07-19T13:20:02.012+0000] {logging_mixin.py:188} INFO - [2025-07-19T13:20:01.796+0000] {dagbag.py:538} INFO - Filling up the DagBag from /opt/airflow/dags/main_full_processs.py
[2025-07-19T13:20:03.022+0000] {processor.py:840} INFO - DAG(s) 'ml_pipeline_with_dashboard' retrieved from /opt/airflow/dags/main_full_processs.py
[2025-07-19T13:20:05.713+0000] {logging_mixin.py:188} INFO - [2025-07-19T13:20:05.712+0000] {dag.py:3036} INFO - Sync 1 DAGs
[2025-07-19T13:20:05.963+0000] {logging_mixin.py:188} INFO - [2025-07-19T13:20:05.963+0000] {dag.py:3823} INFO - Setting next_dagrun for ml_pipeline_with_dashboard to None, run_after=None
[2025-07-19T13:20:06.268+0000] {processor.py:183} INFO - Processing /opt/airflow/dags/main_full_processs.py took 4.615 seconds
[2025-07-19T13:20:36.511+0000] {processor.py:161} INFO - Started process (PID=3469) to work on /opt/airflow/dags/main_full_processs.py
[2025-07-19T13:20:36.514+0000] {processor.py:830} INFO - Processing file /opt/airflow/dags/main_full_processs.py for tasks to queue
[2025-07-19T13:20:36.516+0000] {logging_mixin.py:188} INFO - [2025-07-19T13:20:36.516+0000] {dagbag.py:538} INFO - Filling up the DagBag from /opt/airflow/dags/main_full_processs.py
[2025-07-19T13:20:36.528+0000] {processor.py:840} INFO - DAG(s) 'ml_pipeline_with_dashboard' retrieved from /opt/airflow/dags/main_full_processs.py
[2025-07-19T13:20:36.646+0000] {logging_mixin.py:188} INFO - [2025-07-19T13:20:36.646+0000] {dag.py:3036} INFO - Sync 1 DAGs
[2025-07-19T13:20:36.659+0000] {logging_mixin.py:188} INFO - [2025-07-19T13:20:36.659+0000] {dag.py:3823} INFO - Setting next_dagrun for ml_pipeline_with_dashboard to None, run_after=None
[2025-07-19T13:20:36.703+0000] {processor.py:183} INFO - Processing /opt/airflow/dags/main_full_processs.py took 0.203 seconds
[2025-07-19T13:21:07.454+0000] {processor.py:161} INFO - Started process (PID=3499) to work on /opt/airflow/dags/main_full_processs.py
[2025-07-19T13:21:07.455+0000] {processor.py:830} INFO - Processing file /opt/airflow/dags/main_full_processs.py for tasks to queue
[2025-07-19T13:21:07.457+0000] {logging_mixin.py:188} INFO - [2025-07-19T13:21:07.457+0000] {dagbag.py:538} INFO - Filling up the DagBag from /opt/airflow/dags/main_full_processs.py
[2025-07-19T13:21:07.466+0000] {processor.py:840} INFO - DAG(s) 'ml_pipeline_with_dashboard' retrieved from /opt/airflow/dags/main_full_processs.py
[2025-07-19T13:21:07.492+0000] {logging_mixin.py:188} INFO - [2025-07-19T13:21:07.492+0000] {dag.py:3036} INFO - Sync 1 DAGs
[2025-07-19T13:21:07.504+0000] {logging_mixin.py:188} INFO - [2025-07-19T13:21:07.504+0000] {dag.py:3823} INFO - Setting next_dagrun for ml_pipeline_with_dashboard to None, run_after=None
[2025-07-19T13:21:07.570+0000] {processor.py:183} INFO - Processing /opt/airflow/dags/main_full_processs.py took 0.119 seconds
[2025-07-19T13:21:37.981+0000] {processor.py:161} INFO - Started process (PID=3529) to work on /opt/airflow/dags/main_full_processs.py
[2025-07-19T13:21:37.983+0000] {processor.py:830} INFO - Processing file /opt/airflow/dags/main_full_processs.py for tasks to queue
[2025-07-19T13:21:37.984+0000] {logging_mixin.py:188} INFO - [2025-07-19T13:21:37.983+0000] {dagbag.py:538} INFO - Filling up the DagBag from /opt/airflow/dags/main_full_processs.py
[2025-07-19T13:21:37.998+0000] {processor.py:840} INFO - DAG(s) 'ml_pipeline_with_dashboard' retrieved from /opt/airflow/dags/main_full_processs.py
[2025-07-19T13:21:38.874+0000] {logging_mixin.py:188} INFO - [2025-07-19T13:21:38.874+0000] {dag.py:3036} INFO - Sync 1 DAGs
[2025-07-19T13:21:40.103+0000] {logging_mixin.py:188} INFO - [2025-07-19T13:21:40.103+0000] {dag.py:3823} INFO - Setting next_dagrun for ml_pipeline_with_dashboard to None, run_after=None
[2025-07-19T13:21:40.564+0000] {processor.py:183} INFO - Processing /opt/airflow/dags/main_full_processs.py took 2.587 seconds
[2025-07-19T13:22:11.423+0000] {processor.py:161} INFO - Started process (PID=3559) to work on /opt/airflow/dags/main_full_processs.py
[2025-07-19T13:22:11.424+0000] {processor.py:830} INFO - Processing file /opt/airflow/dags/main_full_processs.py for tasks to queue
[2025-07-19T13:22:11.425+0000] {logging_mixin.py:188} INFO - [2025-07-19T13:22:11.425+0000] {dagbag.py:538} INFO - Filling up the DagBag from /opt/airflow/dags/main_full_processs.py
[2025-07-19T13:22:11.435+0000] {processor.py:840} INFO - DAG(s) 'ml_pipeline_with_dashboard' retrieved from /opt/airflow/dags/main_full_processs.py
[2025-07-19T13:22:11.458+0000] {logging_mixin.py:188} INFO - [2025-07-19T13:22:11.458+0000] {dag.py:3036} INFO - Sync 1 DAGs
[2025-07-19T13:22:11.469+0000] {logging_mixin.py:188} INFO - [2025-07-19T13:22:11.469+0000] {dag.py:3823} INFO - Setting next_dagrun for ml_pipeline_with_dashboard to None, run_after=None
[2025-07-19T13:22:11.487+0000] {processor.py:183} INFO - Processing /opt/airflow/dags/main_full_processs.py took 0.067 seconds
[2025-07-19T13:22:42.196+0000] {processor.py:161} INFO - Started process (PID=3589) to work on /opt/airflow/dags/main_full_processs.py
[2025-07-19T13:22:42.197+0000] {processor.py:830} INFO - Processing file /opt/airflow/dags/main_full_processs.py for tasks to queue
[2025-07-19T13:22:42.199+0000] {logging_mixin.py:188} INFO - [2025-07-19T13:22:42.198+0000] {dagbag.py:538} INFO - Filling up the DagBag from /opt/airflow/dags/main_full_processs.py
[2025-07-19T13:22:42.214+0000] {processor.py:840} INFO - DAG(s) 'ml_pipeline_with_dashboard' retrieved from /opt/airflow/dags/main_full_processs.py
[2025-07-19T13:22:42.252+0000] {logging_mixin.py:188} INFO - [2025-07-19T13:22:42.251+0000] {dag.py:3036} INFO - Sync 1 DAGs
[2025-07-19T13:22:42.266+0000] {logging_mixin.py:188} INFO - [2025-07-19T13:22:42.266+0000] {dag.py:3823} INFO - Setting next_dagrun for ml_pipeline_with_dashboard to None, run_after=None
[2025-07-19T13:22:42.287+0000] {processor.py:183} INFO - Processing /opt/airflow/dags/main_full_processs.py took 0.098 seconds
[2025-07-19T13:23:13.217+0000] {processor.py:161} INFO - Started process (PID=3619) to work on /opt/airflow/dags/main_full_processs.py
[2025-07-19T13:23:13.218+0000] {processor.py:830} INFO - Processing file /opt/airflow/dags/main_full_processs.py for tasks to queue
[2025-07-19T13:23:13.219+0000] {logging_mixin.py:188} INFO - [2025-07-19T13:23:13.219+0000] {dagbag.py:538} INFO - Filling up the DagBag from /opt/airflow/dags/main_full_processs.py
[2025-07-19T13:23:13.230+0000] {processor.py:840} INFO - DAG(s) 'ml_pipeline_with_dashboard' retrieved from /opt/airflow/dags/main_full_processs.py
[2025-07-19T13:23:13.252+0000] {logging_mixin.py:188} INFO - [2025-07-19T13:23:13.252+0000] {dag.py:3036} INFO - Sync 1 DAGs
[2025-07-19T13:23:13.264+0000] {logging_mixin.py:188} INFO - [2025-07-19T13:23:13.263+0000] {dag.py:3823} INFO - Setting next_dagrun for ml_pipeline_with_dashboard to None, run_after=None
[2025-07-19T13:23:13.284+0000] {processor.py:183} INFO - Processing /opt/airflow/dags/main_full_processs.py took 0.069 seconds
[2025-07-19T13:23:44.008+0000] {processor.py:161} INFO - Started process (PID=3649) to work on /opt/airflow/dags/main_full_processs.py
[2025-07-19T13:23:44.009+0000] {processor.py:830} INFO - Processing file /opt/airflow/dags/main_full_processs.py for tasks to queue
[2025-07-19T13:23:44.010+0000] {logging_mixin.py:188} INFO - [2025-07-19T13:23:44.010+0000] {dagbag.py:538} INFO - Filling up the DagBag from /opt/airflow/dags/main_full_processs.py
[2025-07-19T13:23:44.021+0000] {processor.py:840} INFO - DAG(s) 'ml_pipeline_with_dashboard' retrieved from /opt/airflow/dags/main_full_processs.py
[2025-07-19T13:23:44.045+0000] {logging_mixin.py:188} INFO - [2025-07-19T13:23:44.045+0000] {dag.py:3036} INFO - Sync 1 DAGs
[2025-07-19T13:23:44.057+0000] {logging_mixin.py:188} INFO - [2025-07-19T13:23:44.057+0000] {dag.py:3823} INFO - Setting next_dagrun for ml_pipeline_with_dashboard to None, run_after=None
[2025-07-19T13:23:44.079+0000] {processor.py:183} INFO - Processing /opt/airflow/dags/main_full_processs.py took 0.075 seconds
[2025-07-19T13:24:14.663+0000] {processor.py:161} INFO - Started process (PID=3679) to work on /opt/airflow/dags/main_full_processs.py
[2025-07-19T13:24:14.664+0000] {processor.py:830} INFO - Processing file /opt/airflow/dags/main_full_processs.py for tasks to queue
[2025-07-19T13:24:14.665+0000] {logging_mixin.py:188} INFO - [2025-07-19T13:24:14.664+0000] {dagbag.py:538} INFO - Filling up the DagBag from /opt/airflow/dags/main_full_processs.py
[2025-07-19T13:24:14.673+0000] {processor.py:840} INFO - DAG(s) 'ml_pipeline_with_dashboard' retrieved from /opt/airflow/dags/main_full_processs.py
[2025-07-19T13:24:14.698+0000] {logging_mixin.py:188} INFO - [2025-07-19T13:24:14.698+0000] {dag.py:3036} INFO - Sync 1 DAGs
[2025-07-19T13:24:14.710+0000] {logging_mixin.py:188} INFO - [2025-07-19T13:24:14.709+0000] {dag.py:3823} INFO - Setting next_dagrun for ml_pipeline_with_dashboard to None, run_after=None
[2025-07-19T13:24:14.730+0000] {processor.py:183} INFO - Processing /opt/airflow/dags/main_full_processs.py took 0.070 seconds
[2025-07-19T13:24:45.045+0000] {processor.py:161} INFO - Started process (PID=3709) to work on /opt/airflow/dags/main_full_processs.py
[2025-07-19T13:24:45.046+0000] {processor.py:830} INFO - Processing file /opt/airflow/dags/main_full_processs.py for tasks to queue
[2025-07-19T13:24:45.048+0000] {logging_mixin.py:188} INFO - [2025-07-19T13:24:45.047+0000] {dagbag.py:538} INFO - Filling up the DagBag from /opt/airflow/dags/main_full_processs.py
[2025-07-19T13:24:45.072+0000] {processor.py:840} INFO - DAG(s) 'ml_pipeline_with_dashboard' retrieved from /opt/airflow/dags/main_full_processs.py
[2025-07-19T13:24:45.096+0000] {logging_mixin.py:188} INFO - [2025-07-19T13:24:45.096+0000] {dag.py:3036} INFO - Sync 1 DAGs
[2025-07-19T13:24:45.109+0000] {logging_mixin.py:188} INFO - [2025-07-19T13:24:45.109+0000] {dag.py:3823} INFO - Setting next_dagrun for ml_pipeline_with_dashboard to None, run_after=None
[2025-07-19T13:24:45.130+0000] {processor.py:183} INFO - Processing /opt/airflow/dags/main_full_processs.py took 0.088 seconds
[2025-07-19T13:25:15.526+0000] {processor.py:161} INFO - Started process (PID=3739) to work on /opt/airflow/dags/main_full_processs.py
[2025-07-19T13:25:15.527+0000] {processor.py:830} INFO - Processing file /opt/airflow/dags/main_full_processs.py for tasks to queue
[2025-07-19T13:25:15.528+0000] {logging_mixin.py:188} INFO - [2025-07-19T13:25:15.528+0000] {dagbag.py:538} INFO - Filling up the DagBag from /opt/airflow/dags/main_full_processs.py
[2025-07-19T13:25:15.538+0000] {processor.py:840} INFO - DAG(s) 'ml_pipeline_with_dashboard' retrieved from /opt/airflow/dags/main_full_processs.py
[2025-07-19T13:25:15.562+0000] {logging_mixin.py:188} INFO - [2025-07-19T13:25:15.562+0000] {dag.py:3036} INFO - Sync 1 DAGs
[2025-07-19T13:25:15.573+0000] {logging_mixin.py:188} INFO - [2025-07-19T13:25:15.573+0000] {dag.py:3823} INFO - Setting next_dagrun for ml_pipeline_with_dashboard to None, run_after=None
[2025-07-19T13:25:15.594+0000] {processor.py:183} INFO - Processing /opt/airflow/dags/main_full_processs.py took 0.071 seconds
[2025-07-19T13:25:46.406+0000] {processor.py:161} INFO - Started process (PID=3769) to work on /opt/airflow/dags/main_full_processs.py
[2025-07-19T13:25:46.407+0000] {processor.py:830} INFO - Processing file /opt/airflow/dags/main_full_processs.py for tasks to queue
[2025-07-19T13:25:46.408+0000] {logging_mixin.py:188} INFO - [2025-07-19T13:25:46.408+0000] {dagbag.py:538} INFO - Filling up the DagBag from /opt/airflow/dags/main_full_processs.py
[2025-07-19T13:25:46.421+0000] {processor.py:840} INFO - DAG(s) 'ml_pipeline_with_dashboard' retrieved from /opt/airflow/dags/main_full_processs.py
[2025-07-19T13:25:46.448+0000] {logging_mixin.py:188} INFO - [2025-07-19T13:25:46.447+0000] {dag.py:3036} INFO - Sync 1 DAGs
[2025-07-19T13:25:46.460+0000] {logging_mixin.py:188} INFO - [2025-07-19T13:25:46.460+0000] {dag.py:3823} INFO - Setting next_dagrun for ml_pipeline_with_dashboard to None, run_after=None
[2025-07-19T13:25:46.489+0000] {processor.py:183} INFO - Processing /opt/airflow/dags/main_full_processs.py took 0.087 seconds
[2025-07-19T13:26:17.096+0000] {processor.py:161} INFO - Started process (PID=3799) to work on /opt/airflow/dags/main_full_processs.py
[2025-07-19T13:26:17.098+0000] {processor.py:830} INFO - Processing file /opt/airflow/dags/main_full_processs.py for tasks to queue
[2025-07-19T13:26:17.099+0000] {logging_mixin.py:188} INFO - [2025-07-19T13:26:17.098+0000] {dagbag.py:538} INFO - Filling up the DagBag from /opt/airflow/dags/main_full_processs.py
[2025-07-19T13:26:17.110+0000] {processor.py:840} INFO - DAG(s) 'ml_pipeline_with_dashboard' retrieved from /opt/airflow/dags/main_full_processs.py
[2025-07-19T13:26:17.134+0000] {logging_mixin.py:188} INFO - [2025-07-19T13:26:17.133+0000] {dag.py:3036} INFO - Sync 1 DAGs
[2025-07-19T13:26:17.145+0000] {logging_mixin.py:188} INFO - [2025-07-19T13:26:17.145+0000] {dag.py:3823} INFO - Setting next_dagrun for ml_pipeline_with_dashboard to None, run_after=None
[2025-07-19T13:26:17.168+0000] {processor.py:183} INFO - Processing /opt/airflow/dags/main_full_processs.py took 0.075 seconds
[2025-07-19T13:26:48.102+0000] {processor.py:161} INFO - Started process (PID=3829) to work on /opt/airflow/dags/main_full_processs.py
[2025-07-19T13:26:48.103+0000] {processor.py:830} INFO - Processing file /opt/airflow/dags/main_full_processs.py for tasks to queue
[2025-07-19T13:26:48.105+0000] {logging_mixin.py:188} INFO - [2025-07-19T13:26:48.104+0000] {dagbag.py:538} INFO - Filling up the DagBag from /opt/airflow/dags/main_full_processs.py
[2025-07-19T13:26:48.138+0000] {processor.py:840} INFO - DAG(s) 'ml_pipeline_with_dashboard' retrieved from /opt/airflow/dags/main_full_processs.py
[2025-07-19T13:26:48.179+0000] {logging_mixin.py:188} INFO - [2025-07-19T13:26:48.179+0000] {dag.py:3036} INFO - Sync 1 DAGs
[2025-07-19T13:26:48.193+0000] {logging_mixin.py:188} INFO - [2025-07-19T13:26:48.192+0000] {dag.py:3823} INFO - Setting next_dagrun for ml_pipeline_with_dashboard to None, run_after=None
[2025-07-19T13:26:48.216+0000] {processor.py:183} INFO - Processing /opt/airflow/dags/main_full_processs.py took 0.118 seconds
[2025-07-19T13:27:18.792+0000] {processor.py:161} INFO - Started process (PID=3859) to work on /opt/airflow/dags/main_full_processs.py
[2025-07-19T13:27:18.793+0000] {processor.py:830} INFO - Processing file /opt/airflow/dags/main_full_processs.py for tasks to queue
[2025-07-19T13:27:18.794+0000] {logging_mixin.py:188} INFO - [2025-07-19T13:27:18.794+0000] {dagbag.py:538} INFO - Filling up the DagBag from /opt/airflow/dags/main_full_processs.py
[2025-07-19T13:27:18.837+0000] {processor.py:840} INFO - DAG(s) 'ml_pipeline_with_dashboard' retrieved from /opt/airflow/dags/main_full_processs.py
[2025-07-19T13:27:18.931+0000] {logging_mixin.py:188} INFO - [2025-07-19T13:27:18.930+0000] {dag.py:3036} INFO - Sync 1 DAGs
[2025-07-19T13:27:18.943+0000] {logging_mixin.py:188} INFO - [2025-07-19T13:27:18.943+0000] {dag.py:3823} INFO - Setting next_dagrun for ml_pipeline_with_dashboard to None, run_after=None
[2025-07-19T13:27:18.964+0000] {processor.py:183} INFO - Processing /opt/airflow/dags/main_full_processs.py took 0.177 seconds
[2025-07-19T13:27:49.437+0000] {processor.py:161} INFO - Started process (PID=3889) to work on /opt/airflow/dags/main_full_processs.py
[2025-07-19T13:27:49.438+0000] {processor.py:830} INFO - Processing file /opt/airflow/dags/main_full_processs.py for tasks to queue
[2025-07-19T13:27:49.439+0000] {logging_mixin.py:188} INFO - [2025-07-19T13:27:49.439+0000] {dagbag.py:538} INFO - Filling up the DagBag from /opt/airflow/dags/main_full_processs.py
[2025-07-19T13:27:49.477+0000] {processor.py:840} INFO - DAG(s) 'ml_pipeline_with_dashboard' retrieved from /opt/airflow/dags/main_full_processs.py
[2025-07-19T13:27:49.524+0000] {logging_mixin.py:188} INFO - [2025-07-19T13:27:49.524+0000] {dag.py:3036} INFO - Sync 1 DAGs
[2025-07-19T13:27:49.536+0000] {logging_mixin.py:188} INFO - [2025-07-19T13:27:49.536+0000] {dag.py:3823} INFO - Setting next_dagrun for ml_pipeline_with_dashboard to None, run_after=None
[2025-07-19T13:27:49.556+0000] {processor.py:183} INFO - Processing /opt/airflow/dags/main_full_processs.py took 0.122 seconds
[2025-07-19T13:28:19.659+0000] {processor.py:161} INFO - Started process (PID=3919) to work on /opt/airflow/dags/main_full_processs.py
[2025-07-19T13:28:19.661+0000] {processor.py:830} INFO - Processing file /opt/airflow/dags/main_full_processs.py for tasks to queue
[2025-07-19T13:28:19.662+0000] {logging_mixin.py:188} INFO - [2025-07-19T13:28:19.661+0000] {dagbag.py:538} INFO - Filling up the DagBag from /opt/airflow/dags/main_full_processs.py
[2025-07-19T13:28:19.687+0000] {processor.py:840} INFO - DAG(s) 'ml_pipeline_with_dashboard' retrieved from /opt/airflow/dags/main_full_processs.py
[2025-07-19T13:28:19.713+0000] {logging_mixin.py:188} INFO - [2025-07-19T13:28:19.712+0000] {dag.py:3036} INFO - Sync 1 DAGs
[2025-07-19T13:28:19.724+0000] {logging_mixin.py:188} INFO - [2025-07-19T13:28:19.724+0000] {dag.py:3823} INFO - Setting next_dagrun for ml_pipeline_with_dashboard to None, run_after=None
[2025-07-19T13:28:19.745+0000] {processor.py:183} INFO - Processing /opt/airflow/dags/main_full_processs.py took 0.088 seconds
[2025-07-19T13:28:50.501+0000] {processor.py:161} INFO - Started process (PID=3949) to work on /opt/airflow/dags/main_full_processs.py
[2025-07-19T13:28:50.502+0000] {processor.py:830} INFO - Processing file /opt/airflow/dags/main_full_processs.py for tasks to queue
[2025-07-19T13:28:50.503+0000] {logging_mixin.py:188} INFO - [2025-07-19T13:28:50.503+0000] {dagbag.py:538} INFO - Filling up the DagBag from /opt/airflow/dags/main_full_processs.py
[2025-07-19T13:28:50.515+0000] {processor.py:840} INFO - DAG(s) 'ml_pipeline_with_dashboard' retrieved from /opt/airflow/dags/main_full_processs.py
[2025-07-19T13:28:51.013+0000] {logging_mixin.py:188} INFO - [2025-07-19T13:28:51.012+0000] {dag.py:3036} INFO - Sync 1 DAGs
[2025-07-19T13:28:51.027+0000] {logging_mixin.py:188} INFO - [2025-07-19T13:28:51.026+0000] {dag.py:3823} INFO - Setting next_dagrun for ml_pipeline_with_dashboard to None, run_after=None
[2025-07-19T13:28:51.049+0000] {processor.py:183} INFO - Processing /opt/airflow/dags/main_full_processs.py took 0.552 seconds
[2025-07-19T13:29:21.299+0000] {processor.py:161} INFO - Started process (PID=3979) to work on /opt/airflow/dags/main_full_processs.py
[2025-07-19T13:29:21.301+0000] {processor.py:830} INFO - Processing file /opt/airflow/dags/main_full_processs.py for tasks to queue
[2025-07-19T13:29:21.303+0000] {logging_mixin.py:188} INFO - [2025-07-19T13:29:21.302+0000] {dagbag.py:538} INFO - Filling up the DagBag from /opt/airflow/dags/main_full_processs.py
[2025-07-19T13:29:21.366+0000] {processor.py:840} INFO - DAG(s) 'ml_pipeline_with_dashboard' retrieved from /opt/airflow/dags/main_full_processs.py
[2025-07-19T13:29:21.432+0000] {logging_mixin.py:188} INFO - [2025-07-19T13:29:21.432+0000] {dag.py:3036} INFO - Sync 1 DAGs
[2025-07-19T13:29:21.445+0000] {logging_mixin.py:188} INFO - [2025-07-19T13:29:21.445+0000] {dag.py:3823} INFO - Setting next_dagrun for ml_pipeline_with_dashboard to None, run_after=None
[2025-07-19T13:29:21.470+0000] {processor.py:183} INFO - Processing /opt/airflow/dags/main_full_processs.py took 0.174 seconds
[2025-07-19T13:29:52.359+0000] {processor.py:161} INFO - Started process (PID=4009) to work on /opt/airflow/dags/main_full_processs.py
[2025-07-19T13:29:52.360+0000] {processor.py:830} INFO - Processing file /opt/airflow/dags/main_full_processs.py for tasks to queue
[2025-07-19T13:29:52.361+0000] {logging_mixin.py:188} INFO - [2025-07-19T13:29:52.361+0000] {dagbag.py:538} INFO - Filling up the DagBag from /opt/airflow/dags/main_full_processs.py
[2025-07-19T13:29:52.420+0000] {processor.py:840} INFO - DAG(s) 'ml_pipeline_with_dashboard' retrieved from /opt/airflow/dags/main_full_processs.py
[2025-07-19T13:29:52.507+0000] {logging_mixin.py:188} INFO - [2025-07-19T13:29:52.507+0000] {dag.py:3036} INFO - Sync 1 DAGs
[2025-07-19T13:29:52.520+0000] {logging_mixin.py:188} INFO - [2025-07-19T13:29:52.519+0000] {dag.py:3823} INFO - Setting next_dagrun for ml_pipeline_with_dashboard to None, run_after=None
[2025-07-19T13:29:52.600+0000] {processor.py:183} INFO - Processing /opt/airflow/dags/main_full_processs.py took 0.246 seconds
[2025-07-19T13:30:22.715+0000] {processor.py:161} INFO - Started process (PID=4039) to work on /opt/airflow/dags/main_full_processs.py
[2025-07-19T13:30:22.716+0000] {processor.py:830} INFO - Processing file /opt/airflow/dags/main_full_processs.py for tasks to queue
[2025-07-19T13:30:22.717+0000] {logging_mixin.py:188} INFO - [2025-07-19T13:30:22.717+0000] {dagbag.py:538} INFO - Filling up the DagBag from /opt/airflow/dags/main_full_processs.py
[2025-07-19T13:30:22.741+0000] {processor.py:840} INFO - DAG(s) 'ml_pipeline_with_dashboard' retrieved from /opt/airflow/dags/main_full_processs.py
[2025-07-19T13:30:22.765+0000] {logging_mixin.py:188} INFO - [2025-07-19T13:30:22.765+0000] {dag.py:3036} INFO - Sync 1 DAGs
[2025-07-19T13:30:22.776+0000] {logging_mixin.py:188} INFO - [2025-07-19T13:30:22.776+0000] {dag.py:3823} INFO - Setting next_dagrun for ml_pipeline_with_dashboard to None, run_after=None
[2025-07-19T13:30:22.795+0000] {processor.py:183} INFO - Processing /opt/airflow/dags/main_full_processs.py took 0.083 seconds
[2025-07-19T13:30:53.901+0000] {processor.py:161} INFO - Started process (PID=4067) to work on /opt/airflow/dags/main_full_processs.py
[2025-07-19T13:30:53.901+0000] {processor.py:830} INFO - Processing file /opt/airflow/dags/main_full_processs.py for tasks to queue
[2025-07-19T13:30:53.902+0000] {logging_mixin.py:188} INFO - [2025-07-19T13:30:53.902+0000] {dagbag.py:538} INFO - Filling up the DagBag from /opt/airflow/dags/main_full_processs.py
[2025-07-19T13:30:53.914+0000] {processor.py:840} INFO - DAG(s) 'ml_pipeline_with_dashboard' retrieved from /opt/airflow/dags/main_full_processs.py
[2025-07-19T13:30:53.937+0000] {logging_mixin.py:188} INFO - [2025-07-19T13:30:53.937+0000] {dag.py:3036} INFO - Sync 1 DAGs
[2025-07-19T13:30:53.948+0000] {logging_mixin.py:188} INFO - [2025-07-19T13:30:53.948+0000] {dag.py:3823} INFO - Setting next_dagrun for ml_pipeline_with_dashboard to None, run_after=None
[2025-07-19T13:30:54.214+0000] {processor.py:183} INFO - Processing /opt/airflow/dags/main_full_processs.py took 0.316 seconds
[2025-07-19T13:31:24.846+0000] {processor.py:161} INFO - Started process (PID=4090) to work on /opt/airflow/dags/main_full_processs.py
[2025-07-19T13:31:24.848+0000] {processor.py:830} INFO - Processing file /opt/airflow/dags/main_full_processs.py for tasks to queue
[2025-07-19T13:31:24.849+0000] {logging_mixin.py:188} INFO - [2025-07-19T13:31:24.848+0000] {dagbag.py:538} INFO - Filling up the DagBag from /opt/airflow/dags/main_full_processs.py
[2025-07-19T13:31:24.886+0000] {processor.py:840} INFO - DAG(s) 'ml_pipeline_with_dashboard' retrieved from /opt/airflow/dags/main_full_processs.py
[2025-07-19T13:31:24.911+0000] {logging_mixin.py:188} INFO - [2025-07-19T13:31:24.911+0000] {dag.py:3036} INFO - Sync 1 DAGs
[2025-07-19T13:31:24.923+0000] {logging_mixin.py:188} INFO - [2025-07-19T13:31:24.923+0000] {dag.py:3823} INFO - Setting next_dagrun for ml_pipeline_with_dashboard to None, run_after=None
[2025-07-19T13:31:24.943+0000] {processor.py:183} INFO - Processing /opt/airflow/dags/main_full_processs.py took 0.100 seconds
[2025-07-19T13:31:55.578+0000] {processor.py:161} INFO - Started process (PID=4115) to work on /opt/airflow/dags/main_full_processs.py
[2025-07-19T13:31:55.579+0000] {processor.py:830} INFO - Processing file /opt/airflow/dags/main_full_processs.py for tasks to queue
[2025-07-19T13:31:55.580+0000] {logging_mixin.py:188} INFO - [2025-07-19T13:31:55.580+0000] {dagbag.py:538} INFO - Filling up the DagBag from /opt/airflow/dags/main_full_processs.py
[2025-07-19T13:31:55.645+0000] {processor.py:840} INFO - DAG(s) 'ml_pipeline_with_dashboard' retrieved from /opt/airflow/dags/main_full_processs.py
[2025-07-19T13:31:55.670+0000] {logging_mixin.py:188} INFO - [2025-07-19T13:31:55.669+0000] {dag.py:3036} INFO - Sync 1 DAGs
[2025-07-19T13:31:55.681+0000] {logging_mixin.py:188} INFO - [2025-07-19T13:31:55.681+0000] {dag.py:3823} INFO - Setting next_dagrun for ml_pipeline_with_dashboard to None, run_after=None
[2025-07-19T13:31:55.701+0000] {processor.py:183} INFO - Processing /opt/airflow/dags/main_full_processs.py took 0.126 seconds
[2025-07-19T13:32:25.949+0000] {processor.py:161} INFO - Started process (PID=4143) to work on /opt/airflow/dags/main_full_processs.py
[2025-07-19T13:32:25.950+0000] {processor.py:830} INFO - Processing file /opt/airflow/dags/main_full_processs.py for tasks to queue
[2025-07-19T13:32:25.951+0000] {logging_mixin.py:188} INFO - [2025-07-19T13:32:25.951+0000] {dagbag.py:538} INFO - Filling up the DagBag from /opt/airflow/dags/main_full_processs.py
[2025-07-19T13:32:26.026+0000] {processor.py:840} INFO - DAG(s) 'ml_pipeline_with_dashboard' retrieved from /opt/airflow/dags/main_full_processs.py
[2025-07-19T13:32:26.050+0000] {logging_mixin.py:188} INFO - [2025-07-19T13:32:26.050+0000] {dag.py:3036} INFO - Sync 1 DAGs
[2025-07-19T13:32:26.061+0000] {logging_mixin.py:188} INFO - [2025-07-19T13:32:26.061+0000] {dag.py:3823} INFO - Setting next_dagrun for ml_pipeline_with_dashboard to None, run_after=None
[2025-07-19T13:32:26.083+0000] {processor.py:183} INFO - Processing /opt/airflow/dags/main_full_processs.py took 0.137 seconds
[2025-07-19T13:32:56.510+0000] {processor.py:161} INFO - Started process (PID=4168) to work on /opt/airflow/dags/main_full_processs.py
[2025-07-19T13:32:56.511+0000] {processor.py:830} INFO - Processing file /opt/airflow/dags/main_full_processs.py for tasks to queue
[2025-07-19T13:32:56.511+0000] {logging_mixin.py:188} INFO - [2025-07-19T13:32:56.511+0000] {dagbag.py:538} INFO - Filling up the DagBag from /opt/airflow/dags/main_full_processs.py
[2025-07-19T13:32:56.587+0000] {processor.py:840} INFO - DAG(s) 'ml_pipeline_with_dashboard' retrieved from /opt/airflow/dags/main_full_processs.py
[2025-07-19T13:32:56.611+0000] {logging_mixin.py:188} INFO - [2025-07-19T13:32:56.611+0000] {dag.py:3036} INFO - Sync 1 DAGs
[2025-07-19T13:32:56.623+0000] {logging_mixin.py:188} INFO - [2025-07-19T13:32:56.622+0000] {dag.py:3823} INFO - Setting next_dagrun for ml_pipeline_with_dashboard to None, run_after=None
[2025-07-19T13:32:56.642+0000] {processor.py:183} INFO - Processing /opt/airflow/dags/main_full_processs.py took 0.135 seconds
[2025-07-19T13:33:27.343+0000] {processor.py:161} INFO - Started process (PID=4193) to work on /opt/airflow/dags/main_full_processs.py
[2025-07-19T13:33:27.344+0000] {processor.py:830} INFO - Processing file /opt/airflow/dags/main_full_processs.py for tasks to queue
[2025-07-19T13:33:27.344+0000] {logging_mixin.py:188} INFO - [2025-07-19T13:33:27.344+0000] {dagbag.py:538} INFO - Filling up the DagBag from /opt/airflow/dags/main_full_processs.py
[2025-07-19T13:33:27.355+0000] {processor.py:840} INFO - DAG(s) 'ml_pipeline_with_dashboard' retrieved from /opt/airflow/dags/main_full_processs.py
[2025-07-19T13:33:27.380+0000] {logging_mixin.py:188} INFO - [2025-07-19T13:33:27.380+0000] {dag.py:3036} INFO - Sync 1 DAGs
[2025-07-19T13:33:27.395+0000] {logging_mixin.py:188} INFO - [2025-07-19T13:33:27.394+0000] {dag.py:3823} INFO - Setting next_dagrun for ml_pipeline_with_dashboard to None, run_after=None
[2025-07-19T13:33:27.421+0000] {processor.py:183} INFO - Processing /opt/airflow/dags/main_full_processs.py took 0.081 seconds
[2025-07-19T13:33:57.453+0000] {processor.py:161} INFO - Started process (PID=4221) to work on /opt/airflow/dags/main_full_processs.py
[2025-07-19T13:33:57.454+0000] {processor.py:830} INFO - Processing file /opt/airflow/dags/main_full_processs.py for tasks to queue
[2025-07-19T13:33:57.454+0000] {logging_mixin.py:188} INFO - [2025-07-19T13:33:57.454+0000] {dagbag.py:538} INFO - Filling up the DagBag from /opt/airflow/dags/main_full_processs.py
[2025-07-19T13:33:57.464+0000] {processor.py:840} INFO - DAG(s) 'ml_pipeline_with_dashboard' retrieved from /opt/airflow/dags/main_full_processs.py
[2025-07-19T13:33:57.488+0000] {logging_mixin.py:188} INFO - [2025-07-19T13:33:57.488+0000] {dag.py:3036} INFO - Sync 1 DAGs
[2025-07-19T13:33:57.499+0000] {logging_mixin.py:188} INFO - [2025-07-19T13:33:57.499+0000] {dag.py:3823} INFO - Setting next_dagrun for ml_pipeline_with_dashboard to None, run_after=None
[2025-07-19T13:33:57.518+0000] {processor.py:183} INFO - Processing /opt/airflow/dags/main_full_processs.py took 0.068 seconds
[2025-07-19T13:34:28.030+0000] {processor.py:161} INFO - Started process (PID=4246) to work on /opt/airflow/dags/main_full_processs.py
[2025-07-19T13:34:28.031+0000] {processor.py:830} INFO - Processing file /opt/airflow/dags/main_full_processs.py for tasks to queue
[2025-07-19T13:34:28.032+0000] {logging_mixin.py:188} INFO - [2025-07-19T13:34:28.032+0000] {dagbag.py:538} INFO - Filling up the DagBag from /opt/airflow/dags/main_full_processs.py
[2025-07-19T13:34:28.091+0000] {processor.py:840} INFO - DAG(s) 'ml_pipeline_with_dashboard' retrieved from /opt/airflow/dags/main_full_processs.py
[2025-07-19T13:34:28.117+0000] {logging_mixin.py:188} INFO - [2025-07-19T13:34:28.117+0000] {dag.py:3036} INFO - Sync 1 DAGs
[2025-07-19T13:34:28.129+0000] {logging_mixin.py:188} INFO - [2025-07-19T13:34:28.129+0000] {dag.py:3823} INFO - Setting next_dagrun for ml_pipeline_with_dashboard to None, run_after=None
[2025-07-19T13:34:28.153+0000] {processor.py:183} INFO - Processing /opt/airflow/dags/main_full_processs.py took 0.126 seconds
[2025-07-19T13:37:24.833+0000] {processor.py:161} INFO - Started process (PID=4261) to work on /opt/airflow/dags/main_full_processs.py
[2025-07-19T13:37:24.849+0000] {processor.py:830} INFO - Processing file /opt/airflow/dags/main_full_processs.py for tasks to queue
[2025-07-19T13:37:25.119+0000] {logging_mixin.py:188} INFO - [2025-07-19T13:37:25.119+0000] {dagbag.py:538} INFO - Filling up the DagBag from /opt/airflow/dags/main_full_processs.py
[2025-07-19T13:37:25.695+0000] {processor.py:840} INFO - DAG(s) 'ml_pipeline_with_dashboard' retrieved from /opt/airflow/dags/main_full_processs.py
[2025-07-19T13:37:26.383+0000] {logging_mixin.py:188} INFO - [2025-07-19T13:37:26.383+0000] {dag.py:3036} INFO - Sync 1 DAGs
[2025-07-19T13:37:26.844+0000] {logging_mixin.py:188} INFO - [2025-07-19T13:37:26.844+0000] {dag.py:3823} INFO - Setting next_dagrun for ml_pipeline_with_dashboard to None, run_after=None
[2025-07-19T13:37:27.111+0000] {processor.py:183} INFO - Processing /opt/airflow/dags/main_full_processs.py took 2.282 seconds
[2025-07-19T13:37:58.160+0000] {processor.py:161} INFO - Started process (PID=4291) to work on /opt/airflow/dags/main_full_processs.py
[2025-07-19T13:37:58.161+0000] {processor.py:830} INFO - Processing file /opt/airflow/dags/main_full_processs.py for tasks to queue
[2025-07-19T13:37:58.162+0000] {logging_mixin.py:188} INFO - [2025-07-19T13:37:58.162+0000] {dagbag.py:538} INFO - Filling up the DagBag from /opt/airflow/dags/main_full_processs.py
[2025-07-19T13:37:58.234+0000] {processor.py:840} INFO - DAG(s) 'ml_pipeline_with_dashboard' retrieved from /opt/airflow/dags/main_full_processs.py
[2025-07-19T13:37:58.306+0000] {logging_mixin.py:188} INFO - [2025-07-19T13:37:58.305+0000] {dag.py:3036} INFO - Sync 1 DAGs
[2025-07-19T13:37:58.319+0000] {logging_mixin.py:188} INFO - [2025-07-19T13:37:58.319+0000] {dag.py:3823} INFO - Setting next_dagrun for ml_pipeline_with_dashboard to None, run_after=None
[2025-07-19T13:37:58.340+0000] {processor.py:183} INFO - Processing /opt/airflow/dags/main_full_processs.py took 0.183 seconds
[2025-07-19T13:38:29.450+0000] {processor.py:161} INFO - Started process (PID=4321) to work on /opt/airflow/dags/main_full_processs.py
[2025-07-19T13:38:29.450+0000] {processor.py:830} INFO - Processing file /opt/airflow/dags/main_full_processs.py for tasks to queue
[2025-07-19T13:38:29.451+0000] {logging_mixin.py:188} INFO - [2025-07-19T13:38:29.451+0000] {dagbag.py:538} INFO - Filling up the DagBag from /opt/airflow/dags/main_full_processs.py
[2025-07-19T13:38:29.463+0000] {processor.py:840} INFO - DAG(s) 'ml_pipeline_with_dashboard' retrieved from /opt/airflow/dags/main_full_processs.py
[2025-07-19T13:38:29.532+0000] {logging_mixin.py:188} INFO - [2025-07-19T13:38:29.531+0000] {dag.py:3036} INFO - Sync 1 DAGs
[2025-07-19T13:38:29.576+0000] {logging_mixin.py:188} INFO - [2025-07-19T13:38:29.576+0000] {dag.py:3823} INFO - Setting next_dagrun for ml_pipeline_with_dashboard to None, run_after=None
[2025-07-19T13:38:29.667+0000] {processor.py:183} INFO - Processing /opt/airflow/dags/main_full_processs.py took 0.220 seconds
[2025-07-19T13:39:01.022+0000] {processor.py:161} INFO - Started process (PID=4354) to work on /opt/airflow/dags/main_full_processs.py
[2025-07-19T13:39:01.088+0000] {processor.py:830} INFO - Processing file /opt/airflow/dags/main_full_processs.py for tasks to queue
[2025-07-19T13:39:01.090+0000] {logging_mixin.py:188} INFO - [2025-07-19T13:39:01.090+0000] {dagbag.py:538} INFO - Filling up the DagBag from /opt/airflow/dags/main_full_processs.py
[2025-07-19T13:39:01.106+0000] {processor.py:840} INFO - DAG(s) 'ml_pipeline_with_dashboard' retrieved from /opt/airflow/dags/main_full_processs.py
[2025-07-19T13:39:01.139+0000] {logging_mixin.py:188} INFO - [2025-07-19T13:39:01.139+0000] {dag.py:3036} INFO - Sync 1 DAGs
[2025-07-19T13:39:01.159+0000] {logging_mixin.py:188} INFO - [2025-07-19T13:39:01.158+0000] {dag.py:3823} INFO - Setting next_dagrun for ml_pipeline_with_dashboard to None, run_after=None
[2025-07-19T13:39:01.182+0000] {processor.py:183} INFO - Processing /opt/airflow/dags/main_full_processs.py took 0.164 seconds
[2025-07-19T13:39:31.375+0000] {processor.py:161} INFO - Started process (PID=4381) to work on /opt/airflow/dags/main_full_processs.py
[2025-07-19T13:39:31.376+0000] {processor.py:830} INFO - Processing file /opt/airflow/dags/main_full_processs.py for tasks to queue
[2025-07-19T13:39:31.377+0000] {logging_mixin.py:188} INFO - [2025-07-19T13:39:31.377+0000] {dagbag.py:538} INFO - Filling up the DagBag from /opt/airflow/dags/main_full_processs.py
[2025-07-19T13:39:31.389+0000] {processor.py:840} INFO - DAG(s) 'ml_pipeline_with_dashboard' retrieved from /opt/airflow/dags/main_full_processs.py
[2025-07-19T13:39:31.460+0000] {logging_mixin.py:188} INFO - [2025-07-19T13:39:31.459+0000] {dag.py:3036} INFO - Sync 1 DAGs
[2025-07-19T13:39:31.490+0000] {logging_mixin.py:188} INFO - [2025-07-19T13:39:31.490+0000] {dag.py:3823} INFO - Setting next_dagrun for ml_pipeline_with_dashboard to None, run_after=None
[2025-07-19T13:39:31.917+0000] {processor.py:183} INFO - Processing /opt/airflow/dags/main_full_processs.py took 0.545 seconds
[2025-07-19T13:40:03.307+0000] {processor.py:161} INFO - Started process (PID=4411) to work on /opt/airflow/dags/main_full_processs.py
[2025-07-19T13:40:03.308+0000] {processor.py:830} INFO - Processing file /opt/airflow/dags/main_full_processs.py for tasks to queue
[2025-07-19T13:40:03.309+0000] {logging_mixin.py:188} INFO - [2025-07-19T13:40:03.309+0000] {dagbag.py:538} INFO - Filling up the DagBag from /opt/airflow/dags/main_full_processs.py
[2025-07-19T13:40:03.323+0000] {processor.py:840} INFO - DAG(s) 'ml_pipeline_with_dashboard' retrieved from /opt/airflow/dags/main_full_processs.py
[2025-07-19T13:40:03.357+0000] {logging_mixin.py:188} INFO - [2025-07-19T13:40:03.356+0000] {dag.py:3036} INFO - Sync 1 DAGs
[2025-07-19T13:40:03.369+0000] {logging_mixin.py:188} INFO - [2025-07-19T13:40:03.369+0000] {dag.py:3823} INFO - Setting next_dagrun for ml_pipeline_with_dashboard to None, run_after=None
[2025-07-19T13:40:03.798+0000] {processor.py:183} INFO - Processing /opt/airflow/dags/main_full_processs.py took 0.494 seconds
[2025-07-19T13:40:09.796+0000] {processor.py:161} INFO - Started process (PID=4441) to work on /opt/airflow/dags/main_full_processs.py
[2025-07-19T13:40:09.797+0000] {processor.py:830} INFO - Processing file /opt/airflow/dags/main_full_processs.py for tasks to queue
[2025-07-19T13:40:09.798+0000] {logging_mixin.py:188} INFO - [2025-07-19T13:40:09.798+0000] {dagbag.py:538} INFO - Filling up the DagBag from /opt/airflow/dags/main_full_processs.py
[2025-07-19T13:40:10.330+0000] {logging_mixin.py:188} INFO - [2025-07-19T13:40:10.038+0000] {dagbag.py:348} ERROR - Failed to import: /opt/airflow/dags/main_full_processs.py
Traceback (most recent call last):
  File "/home/airflow/.local/lib/python3.8/site-packages/airflow/models/dagbag.py", line 344, in parse
    loader.exec_module(new_module)
  File "<frozen importlib._bootstrap_external>", line 843, in exec_module
  File "<frozen importlib._bootstrap>", line 219, in _call_with_frames_removed
  File "/opt/airflow/dags/main_full_processs.py", line 40, in <module>
    run_preprocess = BashOperator(
  File "/home/airflow/.local/lib/python3.8/site-packages/airflow/models/baseoperator.py", line 437, in apply_defaults
    result = func(self, **kwargs, default_args=default_args)
  File "/home/airflow/.local/lib/python3.8/site-packages/airflow/operators/bash.py", line 152, in __init__
    super().__init__(**kwargs)
  File "/home/airflow/.local/lib/python3.8/site-packages/airflow/models/baseoperator.py", line 437, in apply_defaults
    result = func(self, **kwargs, default_args=default_args)
  File "/home/airflow/.local/lib/python3.8/site-packages/airflow/models/baseoperator.py", line 811, in __init__
    task_group.add(self)
  File "/home/airflow/.local/lib/python3.8/site-packages/airflow/utils/task_group.py", line 231, in add
    raise DuplicateTaskIdFound(f"{node_type} id '{key}' has already been added to the DAG")
airflow.exceptions.DuplicateTaskIdFound: Task id 'run_preprocess' has already been added to the DAG
[2025-07-19T13:40:10.330+0000] {processor.py:842} WARNING - No viable dags retrieved from /opt/airflow/dags/main_full_processs.py
[2025-07-19T13:40:11.161+0000] {processor.py:183} INFO - Processing /opt/airflow/dags/main_full_processs.py took 1.368 seconds
[2025-07-19T13:40:13.225+0000] {processor.py:161} INFO - Started process (PID=4446) to work on /opt/airflow/dags/main_full_processs.py
[2025-07-19T13:40:13.226+0000] {processor.py:830} INFO - Processing file /opt/airflow/dags/main_full_processs.py for tasks to queue
[2025-07-19T13:40:13.227+0000] {logging_mixin.py:188} INFO - [2025-07-19T13:40:13.227+0000] {dagbag.py:538} INFO - Filling up the DagBag from /opt/airflow/dags/main_full_processs.py
[2025-07-19T13:40:13.296+0000] {logging_mixin.py:188} INFO - [2025-07-19T13:40:13.291+0000] {dagbag.py:348} ERROR - Failed to import: /opt/airflow/dags/main_full_processs.py
Traceback (most recent call last):
  File "/home/airflow/.local/lib/python3.8/site-packages/airflow/models/dagbag.py", line 344, in parse
    loader.exec_module(new_module)
  File "<frozen importlib._bootstrap_external>", line 843, in exec_module
  File "<frozen importlib._bootstrap>", line 219, in _call_with_frames_removed
  File "/opt/airflow/dags/main_full_processs.py", line 40, in <module>
    run_preprocess = BashOperator(
  File "/home/airflow/.local/lib/python3.8/site-packages/airflow/models/baseoperator.py", line 437, in apply_defaults
    result = func(self, **kwargs, default_args=default_args)
  File "/home/airflow/.local/lib/python3.8/site-packages/airflow/operators/bash.py", line 152, in __init__
    super().__init__(**kwargs)
  File "/home/airflow/.local/lib/python3.8/site-packages/airflow/models/baseoperator.py", line 437, in apply_defaults
    result = func(self, **kwargs, default_args=default_args)
  File "/home/airflow/.local/lib/python3.8/site-packages/airflow/models/baseoperator.py", line 811, in __init__
    task_group.add(self)
  File "/home/airflow/.local/lib/python3.8/site-packages/airflow/utils/task_group.py", line 231, in add
    raise DuplicateTaskIdFound(f"{node_type} id '{key}' has already been added to the DAG")
airflow.exceptions.DuplicateTaskIdFound: Task id 'run_preprocess' has already been added to the DAG
[2025-07-19T13:40:13.296+0000] {processor.py:842} WARNING - No viable dags retrieved from /opt/airflow/dags/main_full_processs.py
[2025-07-19T13:40:13.347+0000] {processor.py:183} INFO - Processing /opt/airflow/dags/main_full_processs.py took 0.127 seconds
[2025-07-19T13:40:19.562+0000] {processor.py:161} INFO - Started process (PID=4451) to work on /opt/airflow/dags/main_full_processs.py
[2025-07-19T13:40:19.563+0000] {processor.py:830} INFO - Processing file /opt/airflow/dags/main_full_processs.py for tasks to queue
[2025-07-19T13:40:19.564+0000] {logging_mixin.py:188} INFO - [2025-07-19T13:40:19.564+0000] {dagbag.py:538} INFO - Filling up the DagBag from /opt/airflow/dags/main_full_processs.py
[2025-07-19T13:40:19.603+0000] {processor.py:840} INFO - DAG(s) 'ml_pipeline_with_dashboard' retrieved from /opt/airflow/dags/main_full_processs.py
[2025-07-19T13:40:19.763+0000] {logging_mixin.py:188} INFO - [2025-07-19T13:40:19.762+0000] {dag.py:3036} INFO - Sync 1 DAGs
[2025-07-19T13:40:19.773+0000] {logging_mixin.py:188} INFO - [2025-07-19T13:40:19.773+0000] {dag.py:3823} INFO - Setting next_dagrun for ml_pipeline_with_dashboard to None, run_after=None
[2025-07-19T13:40:19.930+0000] {processor.py:183} INFO - Processing /opt/airflow/dags/main_full_processs.py took 0.371 seconds
[2025-07-19T13:40:21.350+0000] {processor.py:161} INFO - Started process (PID=4456) to work on /opt/airflow/dags/main_full_processs.py
[2025-07-19T13:40:21.351+0000] {processor.py:830} INFO - Processing file /opt/airflow/dags/main_full_processs.py for tasks to queue
[2025-07-19T13:40:21.353+0000] {logging_mixin.py:188} INFO - [2025-07-19T13:40:21.352+0000] {dagbag.py:538} INFO - Filling up the DagBag from /opt/airflow/dags/main_full_processs.py
[2025-07-19T13:40:21.379+0000] {processor.py:840} INFO - DAG(s) 'ml_pipeline_with_dashboard' retrieved from /opt/airflow/dags/main_full_processs.py
[2025-07-19T13:40:21.413+0000] {logging_mixin.py:188} INFO - [2025-07-19T13:40:21.411+0000] {dag.py:3036} INFO - Sync 1 DAGs
[2025-07-19T13:40:21.434+0000] {logging_mixin.py:188} INFO - [2025-07-19T13:40:21.434+0000] {dag.py:3823} INFO - Setting next_dagrun for ml_pipeline_with_dashboard to None, run_after=None
[2025-07-19T13:40:21.481+0000] {processor.py:183} INFO - Processing /opt/airflow/dags/main_full_processs.py took 0.135 seconds
[2025-07-19T13:40:25.600+0000] {processor.py:161} INFO - Started process (PID=4461) to work on /opt/airflow/dags/main_full_processs.py
[2025-07-19T13:40:25.602+0000] {processor.py:830} INFO - Processing file /opt/airflow/dags/main_full_processs.py for tasks to queue
[2025-07-19T13:40:25.603+0000] {logging_mixin.py:188} INFO - [2025-07-19T13:40:25.602+0000] {dagbag.py:538} INFO - Filling up the DagBag from /opt/airflow/dags/main_full_processs.py
[2025-07-19T13:40:25.663+0000] {processor.py:840} INFO - DAG(s) 'ml_pipeline_with_dashboard' retrieved from /opt/airflow/dags/main_full_processs.py
[2025-07-19T13:40:25.680+0000] {logging_mixin.py:188} INFO - [2025-07-19T13:40:25.680+0000] {dag.py:3036} INFO - Sync 1 DAGs
[2025-07-19T13:40:25.699+0000] {logging_mixin.py:188} INFO - [2025-07-19T13:40:25.698+0000] {dag.py:3823} INFO - Setting next_dagrun for ml_pipeline_with_dashboard to None, run_after=None
[2025-07-19T13:40:25.776+0000] {processor.py:183} INFO - Processing /opt/airflow/dags/main_full_processs.py took 0.179 seconds
[2025-07-19T13:40:34.888+0000] {processor.py:161} INFO - Started process (PID=4466) to work on /opt/airflow/dags/main_full_processs.py
[2025-07-19T13:40:34.889+0000] {processor.py:830} INFO - Processing file /opt/airflow/dags/main_full_processs.py for tasks to queue
[2025-07-19T13:40:34.890+0000] {logging_mixin.py:188} INFO - [2025-07-19T13:40:34.890+0000] {dagbag.py:538} INFO - Filling up the DagBag from /opt/airflow/dags/main_full_processs.py
[2025-07-19T13:40:35.027+0000] {processor.py:840} INFO - DAG(s) 'ml_pipeline_with_dashboard' retrieved from /opt/airflow/dags/main_full_processs.py
[2025-07-19T13:40:35.038+0000] {logging_mixin.py:188} INFO - [2025-07-19T13:40:35.038+0000] {dag.py:3036} INFO - Sync 1 DAGs
[2025-07-19T13:40:35.051+0000] {logging_mixin.py:188} INFO - [2025-07-19T13:40:35.051+0000] {dag.py:3823} INFO - Setting next_dagrun for ml_pipeline_with_dashboard to None, run_after=None
[2025-07-19T13:40:35.572+0000] {processor.py:183} INFO - Processing /opt/airflow/dags/main_full_processs.py took 0.688 seconds
[2025-07-19T13:40:36.750+0000] {processor.py:161} INFO - Started process (PID=4489) to work on /opt/airflow/dags/main_full_processs.py
[2025-07-19T13:40:36.753+0000] {processor.py:830} INFO - Processing file /opt/airflow/dags/main_full_processs.py for tasks to queue
[2025-07-19T13:40:36.755+0000] {logging_mixin.py:188} INFO - [2025-07-19T13:40:36.754+0000] {dagbag.py:538} INFO - Filling up the DagBag from /opt/airflow/dags/main_full_processs.py
[2025-07-19T13:40:38.443+0000] {processor.py:840} INFO - DAG(s) 'ml_pipeline_with_dashboard' retrieved from /opt/airflow/dags/main_full_processs.py
[2025-07-19T13:40:39.524+0000] {logging_mixin.py:188} INFO - [2025-07-19T13:40:39.523+0000] {dag.py:3036} INFO - Sync 1 DAGs
[2025-07-19T13:40:39.537+0000] {logging_mixin.py:188} INFO - [2025-07-19T13:40:39.536+0000] {dag.py:3823} INFO - Setting next_dagrun for ml_pipeline_with_dashboard to None, run_after=None
[2025-07-19T13:40:40.723+0000] {processor.py:183} INFO - Processing /opt/airflow/dags/main_full_processs.py took 3.976 seconds
[2025-07-19T13:41:14.921+0000] {processor.py:161} INFO - Started process (PID=4526) to work on /opt/airflow/dags/main_full_processs.py
[2025-07-19T13:41:14.922+0000] {processor.py:830} INFO - Processing file /opt/airflow/dags/main_full_processs.py for tasks to queue
[2025-07-19T13:41:14.923+0000] {logging_mixin.py:188} INFO - [2025-07-19T13:41:14.923+0000] {dagbag.py:538} INFO - Filling up the DagBag from /opt/airflow/dags/main_full_processs.py
[2025-07-19T13:41:14.938+0000] {processor.py:840} INFO - DAG(s) 'ml_pipeline_with_dashboard' retrieved from /opt/airflow/dags/main_full_processs.py
[2025-07-19T13:41:15.045+0000] {logging_mixin.py:188} INFO - [2025-07-19T13:41:15.045+0000] {dag.py:3036} INFO - Sync 1 DAGs
[2025-07-19T13:41:15.057+0000] {logging_mixin.py:188} INFO - [2025-07-19T13:41:15.057+0000] {dag.py:3823} INFO - Setting next_dagrun for ml_pipeline_with_dashboard to None, run_after=None
[2025-07-19T13:41:15.430+0000] {processor.py:183} INFO - Processing /opt/airflow/dags/main_full_processs.py took 0.514 seconds
[2025-07-19T13:42:14.791+0000] {processor.py:161} INFO - Started process (PID=4551) to work on /opt/airflow/dags/main_full_processs.py
[2025-07-19T13:42:14.793+0000] {processor.py:830} INFO - Processing file /opt/airflow/dags/main_full_processs.py for tasks to queue
[2025-07-19T13:42:14.838+0000] {logging_mixin.py:188} INFO - [2025-07-19T13:42:14.798+0000] {dagbag.py:538} INFO - Filling up the DagBag from /opt/airflow/dags/main_full_processs.py
[2025-07-19T13:42:16.983+0000] {processor.py:840} INFO - DAG(s) 'ml_pipeline_with_dashboard' retrieved from /opt/airflow/dags/main_full_processs.py
[2025-07-19T13:42:17.416+0000] {logging_mixin.py:188} INFO - [2025-07-19T13:42:17.415+0000] {dag.py:3036} INFO - Sync 1 DAGs
[2025-07-19T13:42:17.709+0000] {logging_mixin.py:188} INFO - [2025-07-19T13:42:17.709+0000] {dag.py:3823} INFO - Setting next_dagrun for ml_pipeline_with_dashboard to None, run_after=None
[2025-07-19T13:42:18.276+0000] {processor.py:183} INFO - Processing /opt/airflow/dags/main_full_processs.py took 3.489 seconds
[2025-07-19T13:42:54.938+0000] {processor.py:161} INFO - Started process (PID=4581) to work on /opt/airflow/dags/main_full_processs.py
[2025-07-19T13:42:54.939+0000] {processor.py:830} INFO - Processing file /opt/airflow/dags/main_full_processs.py for tasks to queue
[2025-07-19T13:42:54.941+0000] {logging_mixin.py:188} INFO - [2025-07-19T13:42:54.941+0000] {dagbag.py:538} INFO - Filling up the DagBag from /opt/airflow/dags/main_full_processs.py
[2025-07-19T13:42:54.952+0000] {processor.py:840} INFO - DAG(s) 'ml_pipeline_with_dashboard' retrieved from /opt/airflow/dags/main_full_processs.py
[2025-07-19T13:42:55.493+0000] {logging_mixin.py:188} INFO - [2025-07-19T13:42:55.493+0000] {dag.py:3036} INFO - Sync 1 DAGs
[2025-07-19T13:42:55.513+0000] {logging_mixin.py:188} INFO - [2025-07-19T13:42:55.512+0000] {dag.py:3823} INFO - Setting next_dagrun for ml_pipeline_with_dashboard to None, run_after=None
[2025-07-19T13:42:56.306+0000] {processor.py:183} INFO - Processing /opt/airflow/dags/main_full_processs.py took 1.371 seconds
[2025-07-19T13:43:26.694+0000] {processor.py:161} INFO - Started process (PID=4611) to work on /opt/airflow/dags/main_full_processs.py
[2025-07-19T13:43:26.695+0000] {processor.py:830} INFO - Processing file /opt/airflow/dags/main_full_processs.py for tasks to queue
[2025-07-19T13:43:26.696+0000] {logging_mixin.py:188} INFO - [2025-07-19T13:43:26.696+0000] {dagbag.py:538} INFO - Filling up the DagBag from /opt/airflow/dags/main_full_processs.py
[2025-07-19T13:43:26.762+0000] {processor.py:840} INFO - DAG(s) 'ml_pipeline_with_dashboard' retrieved from /opt/airflow/dags/main_full_processs.py
[2025-07-19T13:43:26.797+0000] {logging_mixin.py:188} INFO - [2025-07-19T13:43:26.796+0000] {dag.py:3036} INFO - Sync 1 DAGs
[2025-07-19T13:43:26.817+0000] {logging_mixin.py:188} INFO - [2025-07-19T13:43:26.816+0000] {dag.py:3823} INFO - Setting next_dagrun for ml_pipeline_with_dashboard to None, run_after=None
[2025-07-19T13:43:26.846+0000] {processor.py:183} INFO - Processing /opt/airflow/dags/main_full_processs.py took 0.155 seconds
[2025-07-19T13:43:57.286+0000] {processor.py:161} INFO - Started process (PID=4641) to work on /opt/airflow/dags/main_full_processs.py
[2025-07-19T13:43:57.288+0000] {processor.py:830} INFO - Processing file /opt/airflow/dags/main_full_processs.py for tasks to queue
[2025-07-19T13:43:57.289+0000] {logging_mixin.py:188} INFO - [2025-07-19T13:43:57.289+0000] {dagbag.py:538} INFO - Filling up the DagBag from /opt/airflow/dags/main_full_processs.py
[2025-07-19T13:43:57.303+0000] {processor.py:840} INFO - DAG(s) 'ml_pipeline_with_dashboard' retrieved from /opt/airflow/dags/main_full_processs.py
[2025-07-19T13:43:57.338+0000] {logging_mixin.py:188} INFO - [2025-07-19T13:43:57.337+0000] {dag.py:3036} INFO - Sync 1 DAGs
[2025-07-19T13:43:57.350+0000] {logging_mixin.py:188} INFO - [2025-07-19T13:43:57.350+0000] {dag.py:3823} INFO - Setting next_dagrun for ml_pipeline_with_dashboard to None, run_after=None
[2025-07-19T13:43:57.522+0000] {processor.py:183} INFO - Processing /opt/airflow/dags/main_full_processs.py took 0.240 seconds
[2025-07-19T13:44:27.905+0000] {processor.py:161} INFO - Started process (PID=4671) to work on /opt/airflow/dags/main_full_processs.py
[2025-07-19T13:44:27.906+0000] {processor.py:830} INFO - Processing file /opt/airflow/dags/main_full_processs.py for tasks to queue
[2025-07-19T13:44:27.907+0000] {logging_mixin.py:188} INFO - [2025-07-19T13:44:27.907+0000] {dagbag.py:538} INFO - Filling up the DagBag from /opt/airflow/dags/main_full_processs.py
[2025-07-19T13:44:27.922+0000] {processor.py:840} INFO - DAG(s) 'ml_pipeline_with_dashboard' retrieved from /opt/airflow/dags/main_full_processs.py
[2025-07-19T13:44:27.953+0000] {logging_mixin.py:188} INFO - [2025-07-19T13:44:27.953+0000] {dag.py:3036} INFO - Sync 1 DAGs
[2025-07-19T13:44:27.967+0000] {logging_mixin.py:188} INFO - [2025-07-19T13:44:27.967+0000] {dag.py:3823} INFO - Setting next_dagrun for ml_pipeline_with_dashboard to None, run_after=None
[2025-07-19T13:44:28.088+0000] {processor.py:183} INFO - Processing /opt/airflow/dags/main_full_processs.py took 0.187 seconds
[2025-07-19T13:44:59.900+0000] {processor.py:161} INFO - Started process (PID=4701) to work on /opt/airflow/dags/main_full_processs.py
[2025-07-19T13:44:59.953+0000] {processor.py:830} INFO - Processing file /opt/airflow/dags/main_full_processs.py for tasks to queue
[2025-07-19T13:44:59.963+0000] {logging_mixin.py:188} INFO - [2025-07-19T13:44:59.963+0000] {dagbag.py:538} INFO - Filling up the DagBag from /opt/airflow/dags/main_full_processs.py
[2025-07-19T13:45:00.893+0000] {processor.py:840} INFO - DAG(s) 'ml_pipeline_with_dashboard' retrieved from /opt/airflow/dags/main_full_processs.py
[2025-07-19T13:45:00.923+0000] {logging_mixin.py:188} INFO - [2025-07-19T13:45:00.923+0000] {dag.py:3036} INFO - Sync 1 DAGs
[2025-07-19T13:45:00.935+0000] {logging_mixin.py:188} INFO - [2025-07-19T13:45:00.935+0000] {dag.py:3823} INFO - Setting next_dagrun for ml_pipeline_with_dashboard to None, run_after=None
[2025-07-19T13:45:00.963+0000] {processor.py:183} INFO - Processing /opt/airflow/dags/main_full_processs.py took 1.066 seconds
[2025-07-19T13:45:32.068+0000] {processor.py:161} INFO - Started process (PID=4729) to work on /opt/airflow/dags/main_full_processs.py
[2025-07-19T13:45:32.070+0000] {processor.py:830} INFO - Processing file /opt/airflow/dags/main_full_processs.py for tasks to queue
[2025-07-19T13:45:32.071+0000] {logging_mixin.py:188} INFO - [2025-07-19T13:45:32.071+0000] {dagbag.py:538} INFO - Filling up the DagBag from /opt/airflow/dags/main_full_processs.py
[2025-07-19T13:45:32.088+0000] {processor.py:840} INFO - DAG(s) 'ml_pipeline_with_dashboard' retrieved from /opt/airflow/dags/main_full_processs.py
[2025-07-19T13:45:32.721+0000] {logging_mixin.py:188} INFO - [2025-07-19T13:45:32.721+0000] {dag.py:3036} INFO - Sync 1 DAGs
[2025-07-19T13:45:32.962+0000] {logging_mixin.py:188} INFO - [2025-07-19T13:45:32.961+0000] {dag.py:3823} INFO - Setting next_dagrun for ml_pipeline_with_dashboard to None, run_after=None
[2025-07-19T13:45:33.084+0000] {processor.py:183} INFO - Processing /opt/airflow/dags/main_full_processs.py took 1.133 seconds
[2025-07-19T13:46:03.837+0000] {processor.py:161} INFO - Started process (PID=4754) to work on /opt/airflow/dags/main_full_processs.py
[2025-07-19T13:46:03.838+0000] {processor.py:830} INFO - Processing file /opt/airflow/dags/main_full_processs.py for tasks to queue
[2025-07-19T13:46:03.839+0000] {logging_mixin.py:188} INFO - [2025-07-19T13:46:03.839+0000] {dagbag.py:538} INFO - Filling up the DagBag from /opt/airflow/dags/main_full_processs.py
[2025-07-19T13:46:03.854+0000] {processor.py:840} INFO - DAG(s) 'ml_pipeline_with_dashboard' retrieved from /opt/airflow/dags/main_full_processs.py
[2025-07-19T13:46:03.881+0000] {logging_mixin.py:188} INFO - [2025-07-19T13:46:03.881+0000] {dag.py:3036} INFO - Sync 1 DAGs
[2025-07-19T13:46:03.894+0000] {logging_mixin.py:188} INFO - [2025-07-19T13:46:03.894+0000] {dag.py:3823} INFO - Setting next_dagrun for ml_pipeline_with_dashboard to None, run_after=None
[2025-07-19T13:46:04.446+0000] {processor.py:183} INFO - Processing /opt/airflow/dags/main_full_processs.py took 0.612 seconds
[2025-07-19T13:46:35.067+0000] {processor.py:161} INFO - Started process (PID=4784) to work on /opt/airflow/dags/main_full_processs.py
[2025-07-19T13:46:35.068+0000] {processor.py:830} INFO - Processing file /opt/airflow/dags/main_full_processs.py for tasks to queue
[2025-07-19T13:46:35.069+0000] {logging_mixin.py:188} INFO - [2025-07-19T13:46:35.069+0000] {dagbag.py:538} INFO - Filling up the DagBag from /opt/airflow/dags/main_full_processs.py
[2025-07-19T13:46:35.083+0000] {processor.py:840} INFO - DAG(s) 'ml_pipeline_with_dashboard' retrieved from /opt/airflow/dags/main_full_processs.py
[2025-07-19T13:46:35.176+0000] {logging_mixin.py:188} INFO - [2025-07-19T13:46:35.176+0000] {dag.py:3036} INFO - Sync 1 DAGs
[2025-07-19T13:46:35.190+0000] {logging_mixin.py:188} INFO - [2025-07-19T13:46:35.190+0000] {dag.py:3823} INFO - Setting next_dagrun for ml_pipeline_with_dashboard to None, run_after=None
[2025-07-19T13:46:35.454+0000] {processor.py:183} INFO - Processing /opt/airflow/dags/main_full_processs.py took 0.391 seconds
[2025-07-19T13:47:06.715+0000] {processor.py:161} INFO - Started process (PID=4821) to work on /opt/airflow/dags/main_full_processs.py
[2025-07-19T13:47:06.716+0000] {processor.py:830} INFO - Processing file /opt/airflow/dags/main_full_processs.py for tasks to queue
[2025-07-19T13:47:06.717+0000] {logging_mixin.py:188} INFO - [2025-07-19T13:47:06.717+0000] {dagbag.py:538} INFO - Filling up the DagBag from /opt/airflow/dags/main_full_processs.py
[2025-07-19T13:47:06.733+0000] {processor.py:840} INFO - DAG(s) 'ml_pipeline_with_dashboard' retrieved from /opt/airflow/dags/main_full_processs.py
[2025-07-19T13:47:06.849+0000] {logging_mixin.py:188} INFO - [2025-07-19T13:47:06.849+0000] {dag.py:3036} INFO - Sync 1 DAGs
[2025-07-19T13:47:07.092+0000] {logging_mixin.py:188} INFO - [2025-07-19T13:47:07.092+0000] {dag.py:3823} INFO - Setting next_dagrun for ml_pipeline_with_dashboard to None, run_after=None
[2025-07-19T13:47:07.251+0000] {processor.py:183} INFO - Processing /opt/airflow/dags/main_full_processs.py took 0.673 seconds
[2025-07-19T13:47:40.273+0000] {processor.py:161} INFO - Started process (PID=4846) to work on /opt/airflow/dags/main_full_processs.py
[2025-07-19T13:47:40.329+0000] {processor.py:830} INFO - Processing file /opt/airflow/dags/main_full_processs.py for tasks to queue
[2025-07-19T13:47:40.365+0000] {logging_mixin.py:188} INFO - [2025-07-19T13:47:40.365+0000] {dagbag.py:538} INFO - Filling up the DagBag from /opt/airflow/dags/main_full_processs.py
[2025-07-19T13:47:42.009+0000] {processor.py:840} INFO - DAG(s) 'ml_pipeline_with_dashboard' retrieved from /opt/airflow/dags/main_full_processs.py
[2025-07-19T13:47:42.036+0000] {logging_mixin.py:188} INFO - [2025-07-19T13:47:42.036+0000] {dag.py:3036} INFO - Sync 1 DAGs
[2025-07-19T13:47:42.073+0000] {logging_mixin.py:188} INFO - [2025-07-19T13:47:42.072+0000] {dag.py:3823} INFO - Setting next_dagrun for ml_pipeline_with_dashboard to None, run_after=None
[2025-07-19T13:47:42.248+0000] {processor.py:183} INFO - Processing /opt/airflow/dags/main_full_processs.py took 1.978 seconds
[2025-07-19T13:48:12.614+0000] {processor.py:161} INFO - Started process (PID=4876) to work on /opt/airflow/dags/main_full_processs.py
[2025-07-19T13:48:12.615+0000] {processor.py:830} INFO - Processing file /opt/airflow/dags/main_full_processs.py for tasks to queue
[2025-07-19T13:48:12.616+0000] {logging_mixin.py:188} INFO - [2025-07-19T13:48:12.616+0000] {dagbag.py:538} INFO - Filling up the DagBag from /opt/airflow/dags/main_full_processs.py
[2025-07-19T13:48:12.632+0000] {processor.py:840} INFO - DAG(s) 'ml_pipeline_with_dashboard' retrieved from /opt/airflow/dags/main_full_processs.py
[2025-07-19T13:48:12.684+0000] {logging_mixin.py:188} INFO - [2025-07-19T13:48:12.684+0000] {dag.py:3036} INFO - Sync 1 DAGs
[2025-07-19T13:48:12.908+0000] {logging_mixin.py:188} INFO - [2025-07-19T13:48:12.907+0000] {dag.py:3823} INFO - Setting next_dagrun for ml_pipeline_with_dashboard to None, run_after=None
[2025-07-19T13:48:13.175+0000] {processor.py:183} INFO - Processing /opt/airflow/dags/main_full_processs.py took 0.565 seconds
[2025-07-19T13:48:44.162+0000] {processor.py:161} INFO - Started process (PID=4903) to work on /opt/airflow/dags/main_full_processs.py
[2025-07-19T13:48:44.194+0000] {processor.py:830} INFO - Processing file /opt/airflow/dags/main_full_processs.py for tasks to queue
[2025-07-19T13:48:44.196+0000] {logging_mixin.py:188} INFO - [2025-07-19T13:48:44.195+0000] {dagbag.py:538} INFO - Filling up the DagBag from /opt/airflow/dags/main_full_processs.py
[2025-07-19T13:48:44.861+0000] {processor.py:840} INFO - DAG(s) 'ml_pipeline_with_dashboard' retrieved from /opt/airflow/dags/main_full_processs.py
[2025-07-19T13:48:44.949+0000] {logging_mixin.py:188} INFO - [2025-07-19T13:48:44.949+0000] {dag.py:3036} INFO - Sync 1 DAGs
[2025-07-19T13:48:45.085+0000] {logging_mixin.py:188} INFO - [2025-07-19T13:48:45.085+0000] {dag.py:3823} INFO - Setting next_dagrun for ml_pipeline_with_dashboard to None, run_after=None
[2025-07-19T13:48:45.550+0000] {processor.py:183} INFO - Processing /opt/airflow/dags/main_full_processs.py took 1.391 seconds
[2025-07-19T13:49:18.133+0000] {processor.py:161} INFO - Started process (PID=4940) to work on /opt/airflow/dags/main_full_processs.py
[2025-07-19T13:49:18.135+0000] {processor.py:830} INFO - Processing file /opt/airflow/dags/main_full_processs.py for tasks to queue
[2025-07-19T13:49:18.136+0000] {logging_mixin.py:188} INFO - [2025-07-19T13:49:18.136+0000] {dagbag.py:538} INFO - Filling up the DagBag from /opt/airflow/dags/main_full_processs.py
[2025-07-19T13:49:18.184+0000] {processor.py:840} INFO - DAG(s) 'ml_pipeline_with_dashboard' retrieved from /opt/airflow/dags/main_full_processs.py
[2025-07-19T13:49:18.541+0000] {logging_mixin.py:188} INFO - [2025-07-19T13:49:18.540+0000] {dag.py:3036} INFO - Sync 1 DAGs
[2025-07-19T13:49:18.558+0000] {logging_mixin.py:188} INFO - [2025-07-19T13:49:18.558+0000] {dag.py:3823} INFO - Setting next_dagrun for ml_pipeline_with_dashboard to None, run_after=None
[2025-07-19T13:49:18.582+0000] {processor.py:183} INFO - Processing /opt/airflow/dags/main_full_processs.py took 0.456 seconds
[2025-07-19T13:49:52.525+0000] {processor.py:161} INFO - Started process (PID=4976) to work on /opt/airflow/dags/main_full_processs.py
[2025-07-19T13:49:53.296+0000] {processor.py:830} INFO - Processing file /opt/airflow/dags/main_full_processs.py for tasks to queue
[2025-07-19T13:49:53.576+0000] {logging_mixin.py:188} INFO - [2025-07-19T13:49:53.488+0000] {dagbag.py:538} INFO - Filling up the DagBag from /opt/airflow/dags/main_full_processs.py
[2025-07-19T13:49:54.746+0000] {processor.py:840} INFO - DAG(s) 'ml_pipeline_with_dashboard' retrieved from /opt/airflow/dags/main_full_processs.py
[2025-07-19T13:49:58.246+0000] {logging_mixin.py:188} INFO - [2025-07-19T13:49:58.246+0000] {dag.py:3036} INFO - Sync 1 DAGs
[2025-07-19T13:49:58.294+0000] {logging_mixin.py:188} INFO - [2025-07-19T13:49:58.294+0000] {dag.py:3823} INFO - Setting next_dagrun for ml_pipeline_with_dashboard to None, run_after=None
[2025-07-19T13:49:58.505+0000] {processor.py:183} INFO - Processing /opt/airflow/dags/main_full_processs.py took 6.408 seconds
[2025-07-19T13:50:30.195+0000] {processor.py:161} INFO - Started process (PID=5021) to work on /opt/airflow/dags/main_full_processs.py
[2025-07-19T13:50:30.196+0000] {processor.py:830} INFO - Processing file /opt/airflow/dags/main_full_processs.py for tasks to queue
[2025-07-19T13:50:30.197+0000] {logging_mixin.py:188} INFO - [2025-07-19T13:50:30.197+0000] {dagbag.py:538} INFO - Filling up the DagBag from /opt/airflow/dags/main_full_processs.py
[2025-07-19T13:50:30.262+0000] {processor.py:840} INFO - DAG(s) 'ml_pipeline_with_dashboard' retrieved from /opt/airflow/dags/main_full_processs.py
[2025-07-19T13:50:34.384+0000] {logging_mixin.py:188} INFO - [2025-07-19T13:50:34.384+0000] {dag.py:3036} INFO - Sync 1 DAGs
[2025-07-19T13:50:35.311+0000] {logging_mixin.py:188} INFO - [2025-07-19T13:50:35.311+0000] {dag.py:3823} INFO - Setting next_dagrun for ml_pipeline_with_dashboard to None, run_after=None
[2025-07-19T13:50:36.305+0000] {processor.py:183} INFO - Processing /opt/airflow/dags/main_full_processs.py took 6.114 seconds
[2025-07-19T13:51:09.324+0000] {processor.py:161} INFO - Started process (PID=5054) to work on /opt/airflow/dags/main_full_processs.py
[2025-07-19T13:51:09.325+0000] {processor.py:830} INFO - Processing file /opt/airflow/dags/main_full_processs.py for tasks to queue
[2025-07-19T13:51:09.326+0000] {logging_mixin.py:188} INFO - [2025-07-19T13:51:09.326+0000] {dagbag.py:538} INFO - Filling up the DagBag from /opt/airflow/dags/main_full_processs.py
[2025-07-19T13:51:09.340+0000] {processor.py:840} INFO - DAG(s) 'ml_pipeline_with_dashboard' retrieved from /opt/airflow/dags/main_full_processs.py
[2025-07-19T13:51:09.594+0000] {logging_mixin.py:188} INFO - [2025-07-19T13:51:09.593+0000] {dag.py:3036} INFO - Sync 1 DAGs
[2025-07-19T13:51:09.705+0000] {logging_mixin.py:188} INFO - [2025-07-19T13:51:09.705+0000] {dag.py:3823} INFO - Setting next_dagrun for ml_pipeline_with_dashboard to None, run_after=None
[2025-07-19T13:51:09.728+0000] {processor.py:183} INFO - Processing /opt/airflow/dags/main_full_processs.py took 1.069 seconds
[2025-07-19T13:51:39.903+0000] {processor.py:161} INFO - Started process (PID=5091) to work on /opt/airflow/dags/main_full_processs.py
[2025-07-19T13:51:39.904+0000] {processor.py:830} INFO - Processing file /opt/airflow/dags/main_full_processs.py for tasks to queue
[2025-07-19T13:51:39.905+0000] {logging_mixin.py:188} INFO - [2025-07-19T13:51:39.905+0000] {dagbag.py:538} INFO - Filling up the DagBag from /opt/airflow/dags/main_full_processs.py
[2025-07-19T13:51:40.005+0000] {processor.py:840} INFO - DAG(s) 'ml_pipeline_with_dashboard' retrieved from /opt/airflow/dags/main_full_processs.py
[2025-07-19T13:51:40.034+0000] {logging_mixin.py:188} INFO - [2025-07-19T13:51:40.033+0000] {dag.py:3036} INFO - Sync 1 DAGs
[2025-07-19T13:51:40.048+0000] {logging_mixin.py:188} INFO - [2025-07-19T13:51:40.048+0000] {dag.py:3823} INFO - Setting next_dagrun for ml_pipeline_with_dashboard to None, run_after=None
[2025-07-19T13:51:40.071+0000] {processor.py:183} INFO - Processing /opt/airflow/dags/main_full_processs.py took 0.173 seconds
[2025-07-19T13:52:10.813+0000] {processor.py:161} INFO - Started process (PID=5118) to work on /opt/airflow/dags/main_full_processs.py
[2025-07-19T13:52:10.815+0000] {processor.py:830} INFO - Processing file /opt/airflow/dags/main_full_processs.py for tasks to queue
[2025-07-19T13:52:10.818+0000] {logging_mixin.py:188} INFO - [2025-07-19T13:52:10.817+0000] {dagbag.py:538} INFO - Filling up the DagBag from /opt/airflow/dags/main_full_processs.py
[2025-07-19T13:52:10.836+0000] {processor.py:840} INFO - DAG(s) 'ml_pipeline_with_dashboard' retrieved from /opt/airflow/dags/main_full_processs.py
[2025-07-19T13:52:10.869+0000] {logging_mixin.py:188} INFO - [2025-07-19T13:52:10.869+0000] {dag.py:3036} INFO - Sync 1 DAGs
[2025-07-19T13:52:10.883+0000] {logging_mixin.py:188} INFO - [2025-07-19T13:52:10.883+0000] {dag.py:3823} INFO - Setting next_dagrun for ml_pipeline_with_dashboard to None, run_after=None
[2025-07-19T13:52:10.909+0000] {processor.py:183} INFO - Processing /opt/airflow/dags/main_full_processs.py took 0.101 seconds
[2025-07-19T13:52:41.675+0000] {processor.py:161} INFO - Started process (PID=5148) to work on /opt/airflow/dags/main_full_processs.py
[2025-07-19T13:52:41.676+0000] {processor.py:830} INFO - Processing file /opt/airflow/dags/main_full_processs.py for tasks to queue
[2025-07-19T13:52:41.678+0000] {logging_mixin.py:188} INFO - [2025-07-19T13:52:41.677+0000] {dagbag.py:538} INFO - Filling up the DagBag from /opt/airflow/dags/main_full_processs.py
[2025-07-19T13:52:41.693+0000] {processor.py:840} INFO - DAG(s) 'ml_pipeline_with_dashboard' retrieved from /opt/airflow/dags/main_full_processs.py
[2025-07-19T13:52:41.731+0000] {logging_mixin.py:188} INFO - [2025-07-19T13:52:41.731+0000] {dag.py:3036} INFO - Sync 1 DAGs
[2025-07-19T13:52:41.747+0000] {logging_mixin.py:188} INFO - [2025-07-19T13:52:41.747+0000] {dag.py:3823} INFO - Setting next_dagrun for ml_pipeline_with_dashboard to None, run_after=None
[2025-07-19T13:52:41.770+0000] {processor.py:183} INFO - Processing /opt/airflow/dags/main_full_processs.py took 0.100 seconds
[2025-07-19T13:53:12.281+0000] {processor.py:161} INFO - Started process (PID=5178) to work on /opt/airflow/dags/main_full_processs.py
[2025-07-19T13:53:12.283+0000] {processor.py:830} INFO - Processing file /opt/airflow/dags/main_full_processs.py for tasks to queue
[2025-07-19T13:53:12.284+0000] {logging_mixin.py:188} INFO - [2025-07-19T13:53:12.283+0000] {dagbag.py:538} INFO - Filling up the DagBag from /opt/airflow/dags/main_full_processs.py
[2025-07-19T13:53:12.313+0000] {processor.py:840} INFO - DAG(s) 'ml_pipeline_with_dashboard' retrieved from /opt/airflow/dags/main_full_processs.py
[2025-07-19T13:53:12.345+0000] {logging_mixin.py:188} INFO - [2025-07-19T13:53:12.345+0000] {dag.py:3036} INFO - Sync 1 DAGs
[2025-07-19T13:53:12.359+0000] {logging_mixin.py:188} INFO - [2025-07-19T13:53:12.358+0000] {dag.py:3823} INFO - Setting next_dagrun for ml_pipeline_with_dashboard to None, run_after=None
[2025-07-19T13:53:12.383+0000] {processor.py:183} INFO - Processing /opt/airflow/dags/main_full_processs.py took 0.106 seconds
[2025-07-19T13:53:20.065+0000] {processor.py:161} INFO - Started process (PID=5208) to work on /opt/airflow/dags/main_full_processs.py
[2025-07-19T13:53:20.066+0000] {processor.py:830} INFO - Processing file /opt/airflow/dags/main_full_processs.py for tasks to queue
[2025-07-19T13:53:20.067+0000] {logging_mixin.py:188} INFO - [2025-07-19T13:53:20.067+0000] {dagbag.py:538} INFO - Filling up the DagBag from /opt/airflow/dags/main_full_processs.py
[2025-07-19T13:53:20.079+0000] {logging_mixin.py:188} INFO - [2025-07-19T13:53:20.077+0000] {dagbag.py:348} ERROR - Failed to import: /opt/airflow/dags/main_full_processs.py
Traceback (most recent call last):
  File "/home/airflow/.local/lib/python3.8/site-packages/airflow/models/dagbag.py", line 344, in parse
    loader.exec_module(new_module)
  File "<frozen importlib._bootstrap_external>", line 839, in exec_module
  File "<frozen importlib._bootstrap_external>", line 976, in get_code
  File "<frozen importlib._bootstrap_external>", line 906, in source_to_code
  File "<frozen importlib._bootstrap>", line 219, in _call_with_frames_removed
  File "/opt/airflow/dags/main_full_processs.py", line 56
    >>run_streamlit >> run_preprocess >> run_model_training
    ^
SyntaxError: invalid syntax
[2025-07-19T13:53:20.079+0000] {processor.py:842} WARNING - No viable dags retrieved from /opt/airflow/dags/main_full_processs.py
[2025-07-19T13:53:20.102+0000] {processor.py:183} INFO - Processing /opt/airflow/dags/main_full_processs.py took 0.041 seconds
[2025-07-19T13:53:24.198+0000] {processor.py:161} INFO - Started process (PID=5213) to work on /opt/airflow/dags/main_full_processs.py
[2025-07-19T13:53:24.199+0000] {processor.py:830} INFO - Processing file /opt/airflow/dags/main_full_processs.py for tasks to queue
[2025-07-19T13:53:24.200+0000] {logging_mixin.py:188} INFO - [2025-07-19T13:53:24.200+0000] {dagbag.py:538} INFO - Filling up the DagBag from /opt/airflow/dags/main_full_processs.py
[2025-07-19T13:53:24.223+0000] {processor.py:840} INFO - DAG(s) 'ml_pipeline_with_dashboard' retrieved from /opt/airflow/dags/main_full_processs.py
[2025-07-19T13:53:24.344+0000] {logging_mixin.py:188} INFO - [2025-07-19T13:53:24.343+0000] {dag.py:3036} INFO - Sync 1 DAGs
[2025-07-19T13:53:24.355+0000] {logging_mixin.py:188} INFO - [2025-07-19T13:53:24.355+0000] {dag.py:3823} INFO - Setting next_dagrun for ml_pipeline_with_dashboard to None, run_after=None
[2025-07-19T13:53:24.386+0000] {processor.py:183} INFO - Processing /opt/airflow/dags/main_full_processs.py took 0.192 seconds
[2025-07-19T13:53:25.205+0000] {processor.py:161} INFO - Started process (PID=5218) to work on /opt/airflow/dags/main_full_processs.py
[2025-07-19T13:53:25.207+0000] {processor.py:830} INFO - Processing file /opt/airflow/dags/main_full_processs.py for tasks to queue
[2025-07-19T13:53:25.208+0000] {logging_mixin.py:188} INFO - [2025-07-19T13:53:25.208+0000] {dagbag.py:538} INFO - Filling up the DagBag from /opt/airflow/dags/main_full_processs.py
[2025-07-19T13:53:25.236+0000] {processor.py:840} INFO - DAG(s) 'ml_pipeline_with_dashboard' retrieved from /opt/airflow/dags/main_full_processs.py
[2025-07-19T13:53:25.253+0000] {logging_mixin.py:188} INFO - [2025-07-19T13:53:25.252+0000] {dag.py:3036} INFO - Sync 1 DAGs
[2025-07-19T13:53:25.270+0000] {logging_mixin.py:188} INFO - [2025-07-19T13:53:25.270+0000] {dag.py:3823} INFO - Setting next_dagrun for ml_pipeline_with_dashboard to None, run_after=None
[2025-07-19T13:53:25.339+0000] {processor.py:183} INFO - Processing /opt/airflow/dags/main_full_processs.py took 0.137 seconds
[2025-07-19T13:53:32.438+0000] {processor.py:161} INFO - Started process (PID=5223) to work on /opt/airflow/dags/main_full_processs.py
[2025-07-19T13:53:32.440+0000] {processor.py:830} INFO - Processing file /opt/airflow/dags/main_full_processs.py for tasks to queue
[2025-07-19T13:53:32.441+0000] {logging_mixin.py:188} INFO - [2025-07-19T13:53:32.440+0000] {dagbag.py:538} INFO - Filling up the DagBag from /opt/airflow/dags/main_full_processs.py
[2025-07-19T13:53:32.531+0000] {logging_mixin.py:188} INFO - [2025-07-19T13:53:32.530+0000] {dagbag.py:348} ERROR - Failed to import: /opt/airflow/dags/main_full_processs.py
Traceback (most recent call last):
  File "/home/airflow/.local/lib/python3.8/site-packages/airflow/models/dagbag.py", line 344, in parse
    loader.exec_module(new_module)
  File "<frozen importlib._bootstrap_external>", line 839, in exec_module
  File "<frozen importlib._bootstrap_external>", line 976, in get_code
  File "<frozen importlib._bootstrap_external>", line 906, in source_to_code
  File "<frozen importlib._bootstrap>", line 219, in _call_with_frames_removed
  File "/opt/airflow/dags/main_full_processs.py", line 56
    extract >> run_streamlit >> run_preprocess >> run_model_training >>
                                                                       ^
SyntaxError: invalid syntax
[2025-07-19T13:53:32.532+0000] {processor.py:842} WARNING - No viable dags retrieved from /opt/airflow/dags/main_full_processs.py
[2025-07-19T13:53:32.555+0000] {processor.py:183} INFO - Processing /opt/airflow/dags/main_full_processs.py took 0.120 seconds
[2025-07-19T13:53:36.562+0000] {processor.py:161} INFO - Started process (PID=5228) to work on /opt/airflow/dags/main_full_processs.py
[2025-07-19T13:53:36.563+0000] {processor.py:830} INFO - Processing file /opt/airflow/dags/main_full_processs.py for tasks to queue
[2025-07-19T13:53:36.564+0000] {logging_mixin.py:188} INFO - [2025-07-19T13:53:36.564+0000] {dagbag.py:538} INFO - Filling up the DagBag from /opt/airflow/dags/main_full_processs.py
[2025-07-19T13:53:36.681+0000] {logging_mixin.py:188} INFO - [2025-07-19T13:53:36.677+0000] {dagbag.py:348} ERROR - Failed to import: /opt/airflow/dags/main_full_processs.py
Traceback (most recent call last):
  File "/home/airflow/.local/lib/python3.8/site-packages/airflow/models/dagbag.py", line 344, in parse
    loader.exec_module(new_module)
  File "<frozen importlib._bootstrap_external>", line 843, in exec_module
  File "<frozen importlib._bootstrap>", line 219, in _call_with_frames_removed
  File "/opt/airflow/dags/main_full_processs.py", line 56, in <module>
    extract >> run_streamlit >> run_preprocess >> run_model_training >> mlflow
NameError: name 'mlflow' is not defined
[2025-07-19T13:53:36.683+0000] {processor.py:842} WARNING - No viable dags retrieved from /opt/airflow/dags/main_full_processs.py
[2025-07-19T13:53:36.706+0000] {processor.py:183} INFO - Processing /opt/airflow/dags/main_full_processs.py took 0.147 seconds
[2025-07-19T13:53:41.791+0000] {processor.py:161} INFO - Started process (PID=5233) to work on /opt/airflow/dags/main_full_processs.py
[2025-07-19T13:53:41.792+0000] {processor.py:830} INFO - Processing file /opt/airflow/dags/main_full_processs.py for tasks to queue
[2025-07-19T13:53:41.793+0000] {logging_mixin.py:188} INFO - [2025-07-19T13:53:41.792+0000] {dagbag.py:538} INFO - Filling up the DagBag from /opt/airflow/dags/main_full_processs.py
[2025-07-19T13:53:41.817+0000] {logging_mixin.py:188} INFO - [2025-07-19T13:53:41.814+0000] {dagbag.py:348} ERROR - Failed to import: /opt/airflow/dags/main_full_processs.py
Traceback (most recent call last):
  File "/home/airflow/.local/lib/python3.8/site-packages/airflow/models/dagbag.py", line 344, in parse
    loader.exec_module(new_module)
  File "<frozen importlib._bootstrap_external>", line 843, in exec_module
  File "<frozen importlib._bootstrap>", line 219, in _call_with_frames_removed
  File "/opt/airflow/dags/main_full_processs.py", line 53, in <module>
    mlflow
NameError: name 'mlflow' is not defined
[2025-07-19T13:53:41.818+0000] {processor.py:842} WARNING - No viable dags retrieved from /opt/airflow/dags/main_full_processs.py
[2025-07-19T13:53:41.838+0000] {processor.py:183} INFO - Processing /opt/airflow/dags/main_full_processs.py took 0.051 seconds
[2025-07-19T13:53:46.279+0000] {processor.py:161} INFO - Started process (PID=5263) to work on /opt/airflow/dags/main_full_processs.py
[2025-07-19T13:53:46.281+0000] {processor.py:830} INFO - Processing file /opt/airflow/dags/main_full_processs.py for tasks to queue
[2025-07-19T13:53:46.282+0000] {logging_mixin.py:188} INFO - [2025-07-19T13:53:46.281+0000] {dagbag.py:538} INFO - Filling up the DagBag from /opt/airflow/dags/main_full_processs.py
[2025-07-19T13:53:46.293+0000] {logging_mixin.py:188} INFO - [2025-07-19T13:53:46.292+0000] {dagbag.py:348} ERROR - Failed to import: /opt/airflow/dags/main_full_processs.py
Traceback (most recent call last):
  File "/home/airflow/.local/lib/python3.8/site-packages/airflow/models/dagbag.py", line 344, in parse
    loader.exec_module(new_module)
  File "<frozen importlib._bootstrap_external>", line 839, in exec_module
  File "<frozen importlib._bootstrap_external>", line 976, in get_code
  File "<frozen importlib._bootstrap_external>", line 906, in source_to_code
  File "<frozen importlib._bootstrap>", line 219, in _call_with_frames_removed
  File "/opt/airflow/dags/main_full_processs.py", line 58
    
    ^
SyntaxError: unexpected EOF while parsing
[2025-07-19T13:53:46.293+0000] {processor.py:842} WARNING - No viable dags retrieved from /opt/airflow/dags/main_full_processs.py
[2025-07-19T13:53:46.374+0000] {processor.py:183} INFO - Processing /opt/airflow/dags/main_full_processs.py took 0.099 seconds
[2025-07-19T13:53:48.322+0000] {processor.py:161} INFO - Started process (PID=5268) to work on /opt/airflow/dags/main_full_processs.py
[2025-07-19T13:53:48.323+0000] {processor.py:830} INFO - Processing file /opt/airflow/dags/main_full_processs.py for tasks to queue
[2025-07-19T13:53:48.324+0000] {logging_mixin.py:188} INFO - [2025-07-19T13:53:48.323+0000] {dagbag.py:538} INFO - Filling up the DagBag from /opt/airflow/dags/main_full_processs.py
[2025-07-19T13:53:48.344+0000] {processor.py:840} INFO - DAG(s) 'ml_pipeline_with_dashboard' retrieved from /opt/airflow/dags/main_full_processs.py
[2025-07-19T13:53:48.358+0000] {logging_mixin.py:188} INFO - [2025-07-19T13:53:48.358+0000] {dag.py:3036} INFO - Sync 1 DAGs
[2025-07-19T13:53:48.373+0000] {logging_mixin.py:188} INFO - [2025-07-19T13:53:48.372+0000] {dag.py:3823} INFO - Setting next_dagrun for ml_pipeline_with_dashboard to None, run_after=None
[2025-07-19T13:53:48.407+0000] {processor.py:183} INFO - Processing /opt/airflow/dags/main_full_processs.py took 0.088 seconds
[2025-07-19T13:54:18.909+0000] {processor.py:161} INFO - Started process (PID=5298) to work on /opt/airflow/dags/main_full_processs.py
[2025-07-19T13:54:18.910+0000] {processor.py:830} INFO - Processing file /opt/airflow/dags/main_full_processs.py for tasks to queue
[2025-07-19T13:54:18.911+0000] {logging_mixin.py:188} INFO - [2025-07-19T13:54:18.910+0000] {dagbag.py:538} INFO - Filling up the DagBag from /opt/airflow/dags/main_full_processs.py
[2025-07-19T13:54:18.922+0000] {processor.py:840} INFO - DAG(s) 'ml_pipeline_with_dashboard' retrieved from /opt/airflow/dags/main_full_processs.py
[2025-07-19T13:54:19.042+0000] {logging_mixin.py:188} INFO - [2025-07-19T13:54:19.041+0000] {dag.py:3036} INFO - Sync 1 DAGs
[2025-07-19T13:54:19.052+0000] {logging_mixin.py:188} INFO - [2025-07-19T13:54:19.052+0000] {dag.py:3823} INFO - Setting next_dagrun for ml_pipeline_with_dashboard to None, run_after=None
[2025-07-19T13:54:19.075+0000] {processor.py:183} INFO - Processing /opt/airflow/dags/main_full_processs.py took 0.169 seconds
[2025-07-19T13:54:49.536+0000] {processor.py:161} INFO - Started process (PID=5328) to work on /opt/airflow/dags/main_full_processs.py
[2025-07-19T13:54:49.537+0000] {processor.py:830} INFO - Processing file /opt/airflow/dags/main_full_processs.py for tasks to queue
[2025-07-19T13:54:49.538+0000] {logging_mixin.py:188} INFO - [2025-07-19T13:54:49.537+0000] {dagbag.py:538} INFO - Filling up the DagBag from /opt/airflow/dags/main_full_processs.py
[2025-07-19T13:54:49.550+0000] {processor.py:840} INFO - DAG(s) 'ml_pipeline_with_dashboard' retrieved from /opt/airflow/dags/main_full_processs.py
[2025-07-19T13:54:49.576+0000] {logging_mixin.py:188} INFO - [2025-07-19T13:54:49.576+0000] {dag.py:3036} INFO - Sync 1 DAGs
[2025-07-19T13:54:49.589+0000] {logging_mixin.py:188} INFO - [2025-07-19T13:54:49.588+0000] {dag.py:3823} INFO - Setting next_dagrun for ml_pipeline_with_dashboard to None, run_after=None
[2025-07-19T13:54:49.611+0000] {processor.py:183} INFO - Processing /opt/airflow/dags/main_full_processs.py took 0.078 seconds
[2025-07-19T13:55:20.185+0000] {processor.py:161} INFO - Started process (PID=5358) to work on /opt/airflow/dags/main_full_processs.py
[2025-07-19T13:55:20.186+0000] {processor.py:830} INFO - Processing file /opt/airflow/dags/main_full_processs.py for tasks to queue
[2025-07-19T13:55:20.187+0000] {logging_mixin.py:188} INFO - [2025-07-19T13:55:20.187+0000] {dagbag.py:538} INFO - Filling up the DagBag from /opt/airflow/dags/main_full_processs.py
[2025-07-19T13:55:20.198+0000] {processor.py:840} INFO - DAG(s) 'ml_pipeline_with_dashboard' retrieved from /opt/airflow/dags/main_full_processs.py
[2025-07-19T13:55:20.224+0000] {logging_mixin.py:188} INFO - [2025-07-19T13:55:20.223+0000] {dag.py:3036} INFO - Sync 1 DAGs
[2025-07-19T13:55:20.235+0000] {logging_mixin.py:188} INFO - [2025-07-19T13:55:20.235+0000] {dag.py:3823} INFO - Setting next_dagrun for ml_pipeline_with_dashboard to None, run_after=None
[2025-07-19T13:55:20.254+0000] {processor.py:183} INFO - Processing /opt/airflow/dags/main_full_processs.py took 0.072 seconds
[2025-07-19T13:55:50.703+0000] {processor.py:161} INFO - Started process (PID=5388) to work on /opt/airflow/dags/main_full_processs.py
[2025-07-19T13:55:50.704+0000] {processor.py:830} INFO - Processing file /opt/airflow/dags/main_full_processs.py for tasks to queue
[2025-07-19T13:55:50.705+0000] {logging_mixin.py:188} INFO - [2025-07-19T13:55:50.705+0000] {dagbag.py:538} INFO - Filling up the DagBag from /opt/airflow/dags/main_full_processs.py
[2025-07-19T13:55:50.717+0000] {processor.py:840} INFO - DAG(s) 'ml_pipeline_with_dashboard' retrieved from /opt/airflow/dags/main_full_processs.py
[2025-07-19T13:55:50.745+0000] {logging_mixin.py:188} INFO - [2025-07-19T13:55:50.745+0000] {dag.py:3036} INFO - Sync 1 DAGs
[2025-07-19T13:55:50.757+0000] {logging_mixin.py:188} INFO - [2025-07-19T13:55:50.757+0000] {dag.py:3823} INFO - Setting next_dagrun for ml_pipeline_with_dashboard to None, run_after=None
[2025-07-19T13:55:50.776+0000] {processor.py:183} INFO - Processing /opt/airflow/dags/main_full_processs.py took 0.076 seconds
[2025-07-19T13:56:21.503+0000] {processor.py:161} INFO - Started process (PID=5418) to work on /opt/airflow/dags/main_full_processs.py
[2025-07-19T13:56:21.505+0000] {processor.py:830} INFO - Processing file /opt/airflow/dags/main_full_processs.py for tasks to queue
[2025-07-19T13:56:21.506+0000] {logging_mixin.py:188} INFO - [2025-07-19T13:56:21.505+0000] {dagbag.py:538} INFO - Filling up the DagBag from /opt/airflow/dags/main_full_processs.py
[2025-07-19T13:56:21.520+0000] {processor.py:840} INFO - DAG(s) 'ml_pipeline_with_dashboard' retrieved from /opt/airflow/dags/main_full_processs.py
[2025-07-19T13:56:21.553+0000] {logging_mixin.py:188} INFO - [2025-07-19T13:56:21.553+0000] {dag.py:3036} INFO - Sync 1 DAGs
[2025-07-19T13:56:21.565+0000] {logging_mixin.py:188} INFO - [2025-07-19T13:56:21.565+0000] {dag.py:3823} INFO - Setting next_dagrun for ml_pipeline_with_dashboard to None, run_after=None
[2025-07-19T13:56:21.590+0000] {processor.py:183} INFO - Processing /opt/airflow/dags/main_full_processs.py took 0.090 seconds
[2025-07-19T13:56:52.091+0000] {processor.py:161} INFO - Started process (PID=5448) to work on /opt/airflow/dags/main_full_processs.py
[2025-07-19T13:56:52.092+0000] {processor.py:830} INFO - Processing file /opt/airflow/dags/main_full_processs.py for tasks to queue
[2025-07-19T13:56:52.093+0000] {logging_mixin.py:188} INFO - [2025-07-19T13:56:52.092+0000] {dagbag.py:538} INFO - Filling up the DagBag from /opt/airflow/dags/main_full_processs.py
[2025-07-19T13:56:52.105+0000] {processor.py:840} INFO - DAG(s) 'ml_pipeline_with_dashboard' retrieved from /opt/airflow/dags/main_full_processs.py
[2025-07-19T13:56:52.133+0000] {logging_mixin.py:188} INFO - [2025-07-19T13:56:52.132+0000] {dag.py:3036} INFO - Sync 1 DAGs
[2025-07-19T13:56:52.146+0000] {logging_mixin.py:188} INFO - [2025-07-19T13:56:52.146+0000] {dag.py:3823} INFO - Setting next_dagrun for ml_pipeline_with_dashboard to None, run_after=None
[2025-07-19T13:56:52.170+0000] {processor.py:183} INFO - Processing /opt/airflow/dags/main_full_processs.py took 0.083 seconds
[2025-07-19T13:57:22.847+0000] {processor.py:161} INFO - Started process (PID=5478) to work on /opt/airflow/dags/main_full_processs.py
[2025-07-19T13:57:22.847+0000] {processor.py:830} INFO - Processing file /opt/airflow/dags/main_full_processs.py for tasks to queue
[2025-07-19T13:57:22.848+0000] {logging_mixin.py:188} INFO - [2025-07-19T13:57:22.848+0000] {dagbag.py:538} INFO - Filling up the DagBag from /opt/airflow/dags/main_full_processs.py
[2025-07-19T13:57:22.862+0000] {processor.py:840} INFO - DAG(s) 'ml_pipeline_with_dashboard' retrieved from /opt/airflow/dags/main_full_processs.py
[2025-07-19T13:57:22.890+0000] {logging_mixin.py:188} INFO - [2025-07-19T13:57:22.890+0000] {dag.py:3036} INFO - Sync 1 DAGs
[2025-07-19T13:57:22.905+0000] {logging_mixin.py:188} INFO - [2025-07-19T13:57:22.905+0000] {dag.py:3823} INFO - Setting next_dagrun for ml_pipeline_with_dashboard to None, run_after=None
[2025-07-19T13:57:22.927+0000] {processor.py:183} INFO - Processing /opt/airflow/dags/main_full_processs.py took 0.083 seconds
[2025-07-19T13:57:53.375+0000] {processor.py:161} INFO - Started process (PID=5508) to work on /opt/airflow/dags/main_full_processs.py
[2025-07-19T13:57:53.376+0000] {processor.py:830} INFO - Processing file /opt/airflow/dags/main_full_processs.py for tasks to queue
[2025-07-19T13:57:53.377+0000] {logging_mixin.py:188} INFO - [2025-07-19T13:57:53.377+0000] {dagbag.py:538} INFO - Filling up the DagBag from /opt/airflow/dags/main_full_processs.py
[2025-07-19T13:57:53.389+0000] {processor.py:840} INFO - DAG(s) 'ml_pipeline_with_dashboard' retrieved from /opt/airflow/dags/main_full_processs.py
[2025-07-19T13:57:53.417+0000] {logging_mixin.py:188} INFO - [2025-07-19T13:57:53.416+0000] {dag.py:3036} INFO - Sync 1 DAGs
[2025-07-19T13:57:53.431+0000] {logging_mixin.py:188} INFO - [2025-07-19T13:57:53.430+0000] {dag.py:3823} INFO - Setting next_dagrun for ml_pipeline_with_dashboard to None, run_after=None
[2025-07-19T13:57:53.461+0000] {processor.py:183} INFO - Processing /opt/airflow/dags/main_full_processs.py took 0.089 seconds
[2025-07-19T13:58:24.003+0000] {processor.py:161} INFO - Started process (PID=5538) to work on /opt/airflow/dags/main_full_processs.py
[2025-07-19T13:58:24.004+0000] {processor.py:830} INFO - Processing file /opt/airflow/dags/main_full_processs.py for tasks to queue
[2025-07-19T13:58:24.005+0000] {logging_mixin.py:188} INFO - [2025-07-19T13:58:24.004+0000] {dagbag.py:538} INFO - Filling up the DagBag from /opt/airflow/dags/main_full_processs.py
[2025-07-19T13:58:24.029+0000] {processor.py:840} INFO - DAG(s) 'ml_pipeline_with_dashboard' retrieved from /opt/airflow/dags/main_full_processs.py
[2025-07-19T13:58:24.056+0000] {logging_mixin.py:188} INFO - [2025-07-19T13:58:24.056+0000] {dag.py:3036} INFO - Sync 1 DAGs
[2025-07-19T13:58:24.068+0000] {logging_mixin.py:188} INFO - [2025-07-19T13:58:24.068+0000] {dag.py:3823} INFO - Setting next_dagrun for ml_pipeline_with_dashboard to None, run_after=None
[2025-07-19T13:58:24.090+0000] {processor.py:183} INFO - Processing /opt/airflow/dags/main_full_processs.py took 0.091 seconds
[2025-07-19T13:58:54.616+0000] {processor.py:161} INFO - Started process (PID=5568) to work on /opt/airflow/dags/main_full_processs.py
[2025-07-19T13:58:54.617+0000] {processor.py:830} INFO - Processing file /opt/airflow/dags/main_full_processs.py for tasks to queue
[2025-07-19T13:58:54.618+0000] {logging_mixin.py:188} INFO - [2025-07-19T13:58:54.618+0000] {dagbag.py:538} INFO - Filling up the DagBag from /opt/airflow/dags/main_full_processs.py
[2025-07-19T13:58:54.630+0000] {processor.py:840} INFO - DAG(s) 'ml_pipeline_with_dashboard' retrieved from /opt/airflow/dags/main_full_processs.py
[2025-07-19T13:58:54.659+0000] {logging_mixin.py:188} INFO - [2025-07-19T13:58:54.659+0000] {dag.py:3036} INFO - Sync 1 DAGs
[2025-07-19T13:58:54.672+0000] {logging_mixin.py:188} INFO - [2025-07-19T13:58:54.672+0000] {dag.py:3823} INFO - Setting next_dagrun for ml_pipeline_with_dashboard to None, run_after=None
[2025-07-19T13:58:54.691+0000] {processor.py:183} INFO - Processing /opt/airflow/dags/main_full_processs.py took 0.078 seconds
[2025-07-19T13:59:05.781+0000] {processor.py:161} INFO - Started process (PID=5573) to work on /opt/airflow/dags/main_full_processs.py
[2025-07-19T13:59:05.783+0000] {processor.py:830} INFO - Processing file /opt/airflow/dags/main_full_processs.py for tasks to queue
[2025-07-19T13:59:05.784+0000] {logging_mixin.py:188} INFO - [2025-07-19T13:59:05.784+0000] {dagbag.py:538} INFO - Filling up the DagBag from /opt/airflow/dags/main_full_processs.py
[2025-07-19T13:59:05.798+0000] {processor.py:842} WARNING - No viable dags retrieved from /opt/airflow/dags/main_full_processs.py
[2025-07-19T13:59:05.811+0000] {processor.py:183} INFO - Processing /opt/airflow/dags/main_full_processs.py took 0.035 seconds
[2025-07-19T13:59:07.970+0000] {processor.py:161} INFO - Started process (PID=5578) to work on /opt/airflow/dags/main_full_processs.py
[2025-07-19T13:59:07.971+0000] {processor.py:830} INFO - Processing file /opt/airflow/dags/main_full_processs.py for tasks to queue
[2025-07-19T13:59:07.974+0000] {logging_mixin.py:188} INFO - [2025-07-19T13:59:07.973+0000] {dagbag.py:538} INFO - Filling up the DagBag from /opt/airflow/dags/main_full_processs.py
[2025-07-19T13:59:07.995+0000] {processor.py:840} INFO - DAG(s) 'ml_pipeline_with_dashboard' retrieved from /opt/airflow/dags/main_full_processs.py
[2025-07-19T13:59:08.164+0000] {logging_mixin.py:188} INFO - [2025-07-19T13:59:08.164+0000] {dag.py:3036} INFO - Sync 1 DAGs
[2025-07-19T13:59:08.175+0000] {logging_mixin.py:188} INFO - [2025-07-19T13:59:08.175+0000] {dag.py:3823} INFO - Setting next_dagrun for ml_pipeline_with_dashboard to None, run_after=None
[2025-07-19T13:59:08.214+0000] {processor.py:183} INFO - Processing /opt/airflow/dags/main_full_processs.py took 0.247 seconds
[2025-07-19T13:59:38.667+0000] {processor.py:161} INFO - Started process (PID=5608) to work on /opt/airflow/dags/main_full_processs.py
[2025-07-19T13:59:38.668+0000] {processor.py:830} INFO - Processing file /opt/airflow/dags/main_full_processs.py for tasks to queue
[2025-07-19T13:59:38.669+0000] {logging_mixin.py:188} INFO - [2025-07-19T13:59:38.669+0000] {dagbag.py:538} INFO - Filling up the DagBag from /opt/airflow/dags/main_full_processs.py
[2025-07-19T13:59:38.682+0000] {processor.py:840} INFO - DAG(s) 'ml_pipeline_with_dashboard' retrieved from /opt/airflow/dags/main_full_processs.py
[2025-07-19T13:59:38.713+0000] {logging_mixin.py:188} INFO - [2025-07-19T13:59:38.712+0000] {dag.py:3036} INFO - Sync 1 DAGs
[2025-07-19T13:59:38.726+0000] {logging_mixin.py:188} INFO - [2025-07-19T13:59:38.725+0000] {dag.py:3823} INFO - Setting next_dagrun for ml_pipeline_with_dashboard to None, run_after=None
[2025-07-19T13:59:38.747+0000] {processor.py:183} INFO - Processing /opt/airflow/dags/main_full_processs.py took 0.083 seconds
[2025-07-19T14:00:09.245+0000] {processor.py:161} INFO - Started process (PID=5638) to work on /opt/airflow/dags/main_full_processs.py
[2025-07-19T14:00:09.246+0000] {processor.py:830} INFO - Processing file /opt/airflow/dags/main_full_processs.py for tasks to queue
[2025-07-19T14:00:09.247+0000] {logging_mixin.py:188} INFO - [2025-07-19T14:00:09.247+0000] {dagbag.py:538} INFO - Filling up the DagBag from /opt/airflow/dags/main_full_processs.py
[2025-07-19T14:00:09.260+0000] {processor.py:840} INFO - DAG(s) 'ml_pipeline_with_dashboard' retrieved from /opt/airflow/dags/main_full_processs.py
[2025-07-19T14:00:09.290+0000] {logging_mixin.py:188} INFO - [2025-07-19T14:00:09.289+0000] {dag.py:3036} INFO - Sync 1 DAGs
[2025-07-19T14:00:09.306+0000] {logging_mixin.py:188} INFO - [2025-07-19T14:00:09.306+0000] {dag.py:3823} INFO - Setting next_dagrun for ml_pipeline_with_dashboard to None, run_after=None
[2025-07-19T14:00:09.329+0000] {processor.py:183} INFO - Processing /opt/airflow/dags/main_full_processs.py took 0.088 seconds
[2025-07-19T14:00:39.884+0000] {processor.py:161} INFO - Started process (PID=5668) to work on /opt/airflow/dags/main_full_processs.py
[2025-07-19T14:00:39.885+0000] {processor.py:830} INFO - Processing file /opt/airflow/dags/main_full_processs.py for tasks to queue
[2025-07-19T14:00:39.886+0000] {logging_mixin.py:188} INFO - [2025-07-19T14:00:39.886+0000] {dagbag.py:538} INFO - Filling up the DagBag from /opt/airflow/dags/main_full_processs.py
[2025-07-19T14:00:39.901+0000] {processor.py:840} INFO - DAG(s) 'ml_pipeline_with_dashboard' retrieved from /opt/airflow/dags/main_full_processs.py
[2025-07-19T14:00:39.931+0000] {logging_mixin.py:188} INFO - [2025-07-19T14:00:39.931+0000] {dag.py:3036} INFO - Sync 1 DAGs
[2025-07-19T14:00:39.944+0000] {logging_mixin.py:188} INFO - [2025-07-19T14:00:39.944+0000] {dag.py:3823} INFO - Setting next_dagrun for ml_pipeline_with_dashboard to None, run_after=None
[2025-07-19T14:00:39.964+0000] {processor.py:183} INFO - Processing /opt/airflow/dags/main_full_processs.py took 0.084 seconds
[2025-07-19T14:01:10.445+0000] {processor.py:161} INFO - Started process (PID=5698) to work on /opt/airflow/dags/main_full_processs.py
[2025-07-19T14:01:10.446+0000] {processor.py:830} INFO - Processing file /opt/airflow/dags/main_full_processs.py for tasks to queue
[2025-07-19T14:01:10.447+0000] {logging_mixin.py:188} INFO - [2025-07-19T14:01:10.447+0000] {dagbag.py:538} INFO - Filling up the DagBag from /opt/airflow/dags/main_full_processs.py
[2025-07-19T14:01:10.461+0000] {processor.py:840} INFO - DAG(s) 'ml_pipeline_with_dashboard' retrieved from /opt/airflow/dags/main_full_processs.py
[2025-07-19T14:01:10.490+0000] {logging_mixin.py:188} INFO - [2025-07-19T14:01:10.490+0000] {dag.py:3036} INFO - Sync 1 DAGs
[2025-07-19T14:01:10.503+0000] {logging_mixin.py:188} INFO - [2025-07-19T14:01:10.502+0000] {dag.py:3823} INFO - Setting next_dagrun for ml_pipeline_with_dashboard to None, run_after=None
[2025-07-19T14:01:10.528+0000] {processor.py:183} INFO - Processing /opt/airflow/dags/main_full_processs.py took 0.087 seconds
[2025-07-19T14:01:40.985+0000] {processor.py:161} INFO - Started process (PID=5728) to work on /opt/airflow/dags/main_full_processs.py
[2025-07-19T14:01:40.986+0000] {processor.py:830} INFO - Processing file /opt/airflow/dags/main_full_processs.py for tasks to queue
[2025-07-19T14:01:40.987+0000] {logging_mixin.py:188} INFO - [2025-07-19T14:01:40.987+0000] {dagbag.py:538} INFO - Filling up the DagBag from /opt/airflow/dags/main_full_processs.py
[2025-07-19T14:01:41.000+0000] {processor.py:840} INFO - DAG(s) 'ml_pipeline_with_dashboard' retrieved from /opt/airflow/dags/main_full_processs.py
[2025-07-19T14:01:41.029+0000] {logging_mixin.py:188} INFO - [2025-07-19T14:01:41.029+0000] {dag.py:3036} INFO - Sync 1 DAGs
[2025-07-19T14:01:41.041+0000] {logging_mixin.py:188} INFO - [2025-07-19T14:01:41.041+0000] {dag.py:3823} INFO - Setting next_dagrun for ml_pipeline_with_dashboard to None, run_after=None
[2025-07-19T14:01:41.062+0000] {processor.py:183} INFO - Processing /opt/airflow/dags/main_full_processs.py took 0.080 seconds
[2025-07-19T14:02:11.605+0000] {processor.py:161} INFO - Started process (PID=5758) to work on /opt/airflow/dags/main_full_processs.py
[2025-07-19T14:02:11.606+0000] {processor.py:830} INFO - Processing file /opt/airflow/dags/main_full_processs.py for tasks to queue
[2025-07-19T14:02:11.607+0000] {logging_mixin.py:188} INFO - [2025-07-19T14:02:11.607+0000] {dagbag.py:538} INFO - Filling up the DagBag from /opt/airflow/dags/main_full_processs.py
[2025-07-19T14:02:11.618+0000] {processor.py:840} INFO - DAG(s) 'ml_pipeline_with_dashboard' retrieved from /opt/airflow/dags/main_full_processs.py
[2025-07-19T14:02:11.645+0000] {logging_mixin.py:188} INFO - [2025-07-19T14:02:11.645+0000] {dag.py:3036} INFO - Sync 1 DAGs
[2025-07-19T14:02:11.657+0000] {logging_mixin.py:188} INFO - [2025-07-19T14:02:11.657+0000] {dag.py:3823} INFO - Setting next_dagrun for ml_pipeline_with_dashboard to None, run_after=None
[2025-07-19T14:02:11.676+0000] {processor.py:183} INFO - Processing /opt/airflow/dags/main_full_processs.py took 0.074 seconds
[2025-07-19T14:02:42.323+0000] {processor.py:161} INFO - Started process (PID=5788) to work on /opt/airflow/dags/main_full_processs.py
[2025-07-19T14:02:42.325+0000] {processor.py:830} INFO - Processing file /opt/airflow/dags/main_full_processs.py for tasks to queue
[2025-07-19T14:02:42.326+0000] {logging_mixin.py:188} INFO - [2025-07-19T14:02:42.326+0000] {dagbag.py:538} INFO - Filling up the DagBag from /opt/airflow/dags/main_full_processs.py
[2025-07-19T14:02:42.342+0000] {processor.py:840} INFO - DAG(s) 'ml_pipeline_with_dashboard' retrieved from /opt/airflow/dags/main_full_processs.py
[2025-07-19T14:02:42.376+0000] {logging_mixin.py:188} INFO - [2025-07-19T14:02:42.376+0000] {dag.py:3036} INFO - Sync 1 DAGs
[2025-07-19T14:02:42.393+0000] {logging_mixin.py:188} INFO - [2025-07-19T14:02:42.392+0000] {dag.py:3823} INFO - Setting next_dagrun for ml_pipeline_with_dashboard to None, run_after=None
[2025-07-19T14:02:42.417+0000] {processor.py:183} INFO - Processing /opt/airflow/dags/main_full_processs.py took 0.098 seconds
[2025-07-19T14:03:02.922+0000] {processor.py:161} INFO - Started process (PID=5818) to work on /opt/airflow/dags/main_full_processs.py
[2025-07-19T14:03:02.924+0000] {processor.py:830} INFO - Processing file /opt/airflow/dags/main_full_processs.py for tasks to queue
[2025-07-19T14:03:02.925+0000] {logging_mixin.py:188} INFO - [2025-07-19T14:03:02.925+0000] {dagbag.py:538} INFO - Filling up the DagBag from /opt/airflow/dags/main_full_processs.py
[2025-07-19T14:03:02.972+0000] {processor.py:842} WARNING - No viable dags retrieved from /opt/airflow/dags/main_full_processs.py
[2025-07-19T14:03:02.987+0000] {processor.py:183} INFO - Processing /opt/airflow/dags/main_full_processs.py took 0.069 seconds
[2025-07-19T14:03:04.032+0000] {processor.py:161} INFO - Started process (PID=5823) to work on /opt/airflow/dags/main_full_processs.py
[2025-07-19T14:03:04.035+0000] {processor.py:830} INFO - Processing file /opt/airflow/dags/main_full_processs.py for tasks to queue
[2025-07-19T14:03:04.037+0000] {logging_mixin.py:188} INFO - [2025-07-19T14:03:04.036+0000] {dagbag.py:538} INFO - Filling up the DagBag from /opt/airflow/dags/main_full_processs.py
[2025-07-19T14:03:04.071+0000] {processor.py:840} INFO - DAG(s) 'ml_pipeline_with_dashboard' retrieved from /opt/airflow/dags/main_full_processs.py
[2025-07-19T14:03:04.253+0000] {logging_mixin.py:188} INFO - [2025-07-19T14:03:04.253+0000] {dag.py:3036} INFO - Sync 1 DAGs
[2025-07-19T14:03:04.274+0000] {logging_mixin.py:188} INFO - [2025-07-19T14:03:04.273+0000] {dag.py:3823} INFO - Setting next_dagrun for ml_pipeline_with_dashboard to None, run_after=None
[2025-07-19T14:03:04.330+0000] {processor.py:183} INFO - Processing /opt/airflow/dags/main_full_processs.py took 0.303 seconds
[2025-07-19T14:03:34.647+0000] {processor.py:161} INFO - Started process (PID=5876) to work on /opt/airflow/dags/main_full_processs.py
[2025-07-19T14:03:34.648+0000] {processor.py:830} INFO - Processing file /opt/airflow/dags/main_full_processs.py for tasks to queue
[2025-07-19T14:03:34.649+0000] {logging_mixin.py:188} INFO - [2025-07-19T14:03:34.648+0000] {dagbag.py:538} INFO - Filling up the DagBag from /opt/airflow/dags/main_full_processs.py
[2025-07-19T14:03:34.661+0000] {processor.py:840} INFO - DAG(s) 'ml_pipeline_with_dashboard' retrieved from /opt/airflow/dags/main_full_processs.py
[2025-07-19T14:03:34.687+0000] {logging_mixin.py:188} INFO - [2025-07-19T14:03:34.687+0000] {dag.py:3036} INFO - Sync 1 DAGs
[2025-07-19T14:03:34.699+0000] {logging_mixin.py:188} INFO - [2025-07-19T14:03:34.698+0000] {dag.py:3823} INFO - Setting next_dagrun for ml_pipeline_with_dashboard to None, run_after=None
[2025-07-19T14:03:34.723+0000] {processor.py:183} INFO - Processing /opt/airflow/dags/main_full_processs.py took 0.079 seconds
[2025-07-19T14:04:05.315+0000] {processor.py:161} INFO - Started process (PID=5929) to work on /opt/airflow/dags/main_full_processs.py
[2025-07-19T14:04:05.316+0000] {processor.py:830} INFO - Processing file /opt/airflow/dags/main_full_processs.py for tasks to queue
[2025-07-19T14:04:05.317+0000] {logging_mixin.py:188} INFO - [2025-07-19T14:04:05.317+0000] {dagbag.py:538} INFO - Filling up the DagBag from /opt/airflow/dags/main_full_processs.py
[2025-07-19T14:04:05.332+0000] {processor.py:840} INFO - DAG(s) 'ml_pipeline_with_dashboard' retrieved from /opt/airflow/dags/main_full_processs.py
[2025-07-19T14:04:05.366+0000] {logging_mixin.py:188} INFO - [2025-07-19T14:04:05.366+0000] {dag.py:3036} INFO - Sync 1 DAGs
[2025-07-19T14:04:05.381+0000] {logging_mixin.py:188} INFO - [2025-07-19T14:04:05.381+0000] {dag.py:3823} INFO - Setting next_dagrun for ml_pipeline_with_dashboard to None, run_after=None
[2025-07-19T14:04:05.407+0000] {processor.py:183} INFO - Processing /opt/airflow/dags/main_full_processs.py took 0.096 seconds
[2025-07-19T14:04:35.971+0000] {processor.py:161} INFO - Started process (PID=5959) to work on /opt/airflow/dags/main_full_processs.py
[2025-07-19T14:04:35.972+0000] {processor.py:830} INFO - Processing file /opt/airflow/dags/main_full_processs.py for tasks to queue
[2025-07-19T14:04:35.973+0000] {logging_mixin.py:188} INFO - [2025-07-19T14:04:35.972+0000] {dagbag.py:538} INFO - Filling up the DagBag from /opt/airflow/dags/main_full_processs.py
[2025-07-19T14:04:35.988+0000] {processor.py:840} INFO - DAG(s) 'ml_pipeline_with_dashboard' retrieved from /opt/airflow/dags/main_full_processs.py
[2025-07-19T14:04:36.018+0000] {logging_mixin.py:188} INFO - [2025-07-19T14:04:36.018+0000] {dag.py:3036} INFO - Sync 1 DAGs
[2025-07-19T14:04:36.032+0000] {logging_mixin.py:188} INFO - [2025-07-19T14:04:36.031+0000] {dag.py:3823} INFO - Setting next_dagrun for ml_pipeline_with_dashboard to None, run_after=None
[2025-07-19T14:04:36.054+0000] {processor.py:183} INFO - Processing /opt/airflow/dags/main_full_processs.py took 0.086 seconds
[2025-07-19T14:05:06.452+0000] {processor.py:161} INFO - Started process (PID=5989) to work on /opt/airflow/dags/main_full_processs.py
[2025-07-19T14:05:06.453+0000] {processor.py:830} INFO - Processing file /opt/airflow/dags/main_full_processs.py for tasks to queue
[2025-07-19T14:05:06.454+0000] {logging_mixin.py:188} INFO - [2025-07-19T14:05:06.453+0000] {dagbag.py:538} INFO - Filling up the DagBag from /opt/airflow/dags/main_full_processs.py
[2025-07-19T14:05:06.464+0000] {processor.py:840} INFO - DAG(s) 'ml_pipeline_with_dashboard' retrieved from /opt/airflow/dags/main_full_processs.py
[2025-07-19T14:05:06.489+0000] {logging_mixin.py:188} INFO - [2025-07-19T14:05:06.489+0000] {dag.py:3036} INFO - Sync 1 DAGs
[2025-07-19T14:05:06.500+0000] {logging_mixin.py:188} INFO - [2025-07-19T14:05:06.500+0000] {dag.py:3823} INFO - Setting next_dagrun for ml_pipeline_with_dashboard to None, run_after=None
[2025-07-19T14:05:06.520+0000] {processor.py:183} INFO - Processing /opt/airflow/dags/main_full_processs.py took 0.071 seconds
[2025-07-19T14:05:37.052+0000] {processor.py:161} INFO - Started process (PID=6019) to work on /opt/airflow/dags/main_full_processs.py
[2025-07-19T14:05:37.053+0000] {processor.py:830} INFO - Processing file /opt/airflow/dags/main_full_processs.py for tasks to queue
[2025-07-19T14:05:37.054+0000] {logging_mixin.py:188} INFO - [2025-07-19T14:05:37.053+0000] {dagbag.py:538} INFO - Filling up the DagBag from /opt/airflow/dags/main_full_processs.py
[2025-07-19T14:05:37.066+0000] {processor.py:840} INFO - DAG(s) 'ml_pipeline_with_dashboard' retrieved from /opt/airflow/dags/main_full_processs.py
[2025-07-19T14:05:37.091+0000] {logging_mixin.py:188} INFO - [2025-07-19T14:05:37.091+0000] {dag.py:3036} INFO - Sync 1 DAGs
[2025-07-19T14:05:37.103+0000] {logging_mixin.py:188} INFO - [2025-07-19T14:05:37.103+0000] {dag.py:3823} INFO - Setting next_dagrun for ml_pipeline_with_dashboard to None, run_after=None
[2025-07-19T14:05:37.129+0000] {processor.py:183} INFO - Processing /opt/airflow/dags/main_full_processs.py took 0.080 seconds
[2025-07-19T14:06:07.682+0000] {processor.py:161} INFO - Started process (PID=6049) to work on /opt/airflow/dags/main_full_processs.py
[2025-07-19T14:06:07.683+0000] {processor.py:830} INFO - Processing file /opt/airflow/dags/main_full_processs.py for tasks to queue
[2025-07-19T14:06:07.684+0000] {logging_mixin.py:188} INFO - [2025-07-19T14:06:07.684+0000] {dagbag.py:538} INFO - Filling up the DagBag from /opt/airflow/dags/main_full_processs.py
[2025-07-19T14:06:07.698+0000] {processor.py:840} INFO - DAG(s) 'ml_pipeline_with_dashboard' retrieved from /opt/airflow/dags/main_full_processs.py
[2025-07-19T14:06:07.733+0000] {logging_mixin.py:188} INFO - [2025-07-19T14:06:07.732+0000] {dag.py:3036} INFO - Sync 1 DAGs
[2025-07-19T14:06:07.747+0000] {logging_mixin.py:188} INFO - [2025-07-19T14:06:07.747+0000] {dag.py:3823} INFO - Setting next_dagrun for ml_pipeline_with_dashboard to None, run_after=None
[2025-07-19T14:06:07.769+0000] {processor.py:183} INFO - Processing /opt/airflow/dags/main_full_processs.py took 0.093 seconds
[2025-07-19T14:06:38.263+0000] {processor.py:161} INFO - Started process (PID=6079) to work on /opt/airflow/dags/main_full_processs.py
[2025-07-19T14:06:38.264+0000] {processor.py:830} INFO - Processing file /opt/airflow/dags/main_full_processs.py for tasks to queue
[2025-07-19T14:06:38.265+0000] {logging_mixin.py:188} INFO - [2025-07-19T14:06:38.265+0000] {dagbag.py:538} INFO - Filling up the DagBag from /opt/airflow/dags/main_full_processs.py
[2025-07-19T14:06:38.277+0000] {processor.py:840} INFO - DAG(s) 'ml_pipeline_with_dashboard' retrieved from /opt/airflow/dags/main_full_processs.py
[2025-07-19T14:06:38.317+0000] {logging_mixin.py:188} INFO - [2025-07-19T14:06:38.317+0000] {dag.py:3036} INFO - Sync 1 DAGs
[2025-07-19T14:06:38.330+0000] {logging_mixin.py:188} INFO - [2025-07-19T14:06:38.329+0000] {dag.py:3823} INFO - Setting next_dagrun for ml_pipeline_with_dashboard to None, run_after=None
[2025-07-19T14:06:38.349+0000] {processor.py:183} INFO - Processing /opt/airflow/dags/main_full_processs.py took 0.089 seconds
[2025-07-19T14:07:08.847+0000] {processor.py:161} INFO - Started process (PID=6109) to work on /opt/airflow/dags/main_full_processs.py
[2025-07-19T14:07:08.848+0000] {processor.py:830} INFO - Processing file /opt/airflow/dags/main_full_processs.py for tasks to queue
[2025-07-19T14:07:08.849+0000] {logging_mixin.py:188} INFO - [2025-07-19T14:07:08.849+0000] {dagbag.py:538} INFO - Filling up the DagBag from /opt/airflow/dags/main_full_processs.py
[2025-07-19T14:07:08.869+0000] {processor.py:840} INFO - DAG(s) 'ml_pipeline_with_dashboard' retrieved from /opt/airflow/dags/main_full_processs.py
[2025-07-19T14:07:08.945+0000] {logging_mixin.py:188} INFO - [2025-07-19T14:07:08.944+0000] {dag.py:3036} INFO - Sync 1 DAGs
[2025-07-19T14:07:08.975+0000] {logging_mixin.py:188} INFO - [2025-07-19T14:07:08.975+0000] {dag.py:3823} INFO - Setting next_dagrun for ml_pipeline_with_dashboard to None, run_after=None
[2025-07-19T14:07:08.998+0000] {processor.py:183} INFO - Processing /opt/airflow/dags/main_full_processs.py took 0.155 seconds
[2025-07-19T14:07:39.623+0000] {processor.py:161} INFO - Started process (PID=6144) to work on /opt/airflow/dags/main_full_processs.py
[2025-07-19T14:07:39.624+0000] {processor.py:830} INFO - Processing file /opt/airflow/dags/main_full_processs.py for tasks to queue
[2025-07-19T14:07:39.625+0000] {logging_mixin.py:188} INFO - [2025-07-19T14:07:39.625+0000] {dagbag.py:538} INFO - Filling up the DagBag from /opt/airflow/dags/main_full_processs.py
[2025-07-19T14:07:39.637+0000] {processor.py:840} INFO - DAG(s) 'ml_pipeline_with_dashboard' retrieved from /opt/airflow/dags/main_full_processs.py
[2025-07-19T14:07:39.666+0000] {logging_mixin.py:188} INFO - [2025-07-19T14:07:39.666+0000] {dag.py:3036} INFO - Sync 1 DAGs
[2025-07-19T14:07:39.678+0000] {logging_mixin.py:188} INFO - [2025-07-19T14:07:39.678+0000] {dag.py:3823} INFO - Setting next_dagrun for ml_pipeline_with_dashboard to None, run_after=None
[2025-07-19T14:07:39.701+0000] {processor.py:183} INFO - Processing /opt/airflow/dags/main_full_processs.py took 0.081 seconds
[2025-07-19T14:08:09.806+0000] {processor.py:161} INFO - Started process (PID=6179) to work on /opt/airflow/dags/main_full_processs.py
[2025-07-19T14:08:09.808+0000] {processor.py:830} INFO - Processing file /opt/airflow/dags/main_full_processs.py for tasks to queue
[2025-07-19T14:08:09.808+0000] {logging_mixin.py:188} INFO - [2025-07-19T14:08:09.808+0000] {dagbag.py:538} INFO - Filling up the DagBag from /opt/airflow/dags/main_full_processs.py
[2025-07-19T14:08:09.847+0000] {processor.py:840} INFO - DAG(s) 'ml_pipeline_with_dashboard' retrieved from /opt/airflow/dags/main_full_processs.py
[2025-07-19T14:08:09.908+0000] {logging_mixin.py:188} INFO - [2025-07-19T14:08:09.908+0000] {dag.py:3036} INFO - Sync 1 DAGs
[2025-07-19T14:08:09.919+0000] {logging_mixin.py:188} INFO - [2025-07-19T14:08:09.919+0000] {dag.py:3823} INFO - Setting next_dagrun for ml_pipeline_with_dashboard to None, run_after=None
[2025-07-19T14:08:09.943+0000] {processor.py:183} INFO - Processing /opt/airflow/dags/main_full_processs.py took 0.141 seconds
[2025-07-19T14:08:40.028+0000] {processor.py:161} INFO - Started process (PID=6214) to work on /opt/airflow/dags/main_full_processs.py
[2025-07-19T14:08:40.029+0000] {processor.py:830} INFO - Processing file /opt/airflow/dags/main_full_processs.py for tasks to queue
[2025-07-19T14:08:40.030+0000] {logging_mixin.py:188} INFO - [2025-07-19T14:08:40.030+0000] {dagbag.py:538} INFO - Filling up the DagBag from /opt/airflow/dags/main_full_processs.py
[2025-07-19T14:08:40.045+0000] {processor.py:840} INFO - DAG(s) 'ml_pipeline_with_dashboard' retrieved from /opt/airflow/dags/main_full_processs.py
[2025-07-19T14:08:40.159+0000] {logging_mixin.py:188} INFO - [2025-07-19T14:08:40.159+0000] {dag.py:3036} INFO - Sync 1 DAGs
[2025-07-19T14:08:40.170+0000] {logging_mixin.py:188} INFO - [2025-07-19T14:08:40.170+0000] {dag.py:3823} INFO - Setting next_dagrun for ml_pipeline_with_dashboard to None, run_after=None
[2025-07-19T14:08:40.196+0000] {processor.py:183} INFO - Processing /opt/airflow/dags/main_full_processs.py took 0.171 seconds
[2025-07-19T14:09:10.353+0000] {processor.py:161} INFO - Started process (PID=6249) to work on /opt/airflow/dags/main_full_processs.py
[2025-07-19T14:09:10.355+0000] {processor.py:830} INFO - Processing file /opt/airflow/dags/main_full_processs.py for tasks to queue
[2025-07-19T14:09:10.357+0000] {logging_mixin.py:188} INFO - [2025-07-19T14:09:10.357+0000] {dagbag.py:538} INFO - Filling up the DagBag from /opt/airflow/dags/main_full_processs.py
[2025-07-19T14:09:10.372+0000] {processor.py:840} INFO - DAG(s) 'ml_pipeline_with_dashboard' retrieved from /opt/airflow/dags/main_full_processs.py
[2025-07-19T14:09:10.401+0000] {logging_mixin.py:188} INFO - [2025-07-19T14:09:10.401+0000] {dag.py:3036} INFO - Sync 1 DAGs
[2025-07-19T14:09:10.413+0000] {logging_mixin.py:188} INFO - [2025-07-19T14:09:10.413+0000] {dag.py:3823} INFO - Setting next_dagrun for ml_pipeline_with_dashboard to None, run_after=None
[2025-07-19T14:09:10.438+0000] {processor.py:183} INFO - Processing /opt/airflow/dags/main_full_processs.py took 0.089 seconds
[2025-07-19T14:09:40.765+0000] {processor.py:161} INFO - Started process (PID=6284) to work on /opt/airflow/dags/main_full_processs.py
[2025-07-19T14:09:40.766+0000] {processor.py:830} INFO - Processing file /opt/airflow/dags/main_full_processs.py for tasks to queue
[2025-07-19T14:09:40.767+0000] {logging_mixin.py:188} INFO - [2025-07-19T14:09:40.766+0000] {dagbag.py:538} INFO - Filling up the DagBag from /opt/airflow/dags/main_full_processs.py
[2025-07-19T14:09:41.015+0000] {processor.py:840} INFO - DAG(s) 'ml_pipeline_with_dashboard' retrieved from /opt/airflow/dags/main_full_processs.py
[2025-07-19T14:09:41.045+0000] {logging_mixin.py:188} INFO - [2025-07-19T14:09:41.045+0000] {dag.py:3036} INFO - Sync 1 DAGs
[2025-07-19T14:09:41.057+0000] {logging_mixin.py:188} INFO - [2025-07-19T14:09:41.057+0000] {dag.py:3823} INFO - Setting next_dagrun for ml_pipeline_with_dashboard to None, run_after=None
[2025-07-19T14:09:41.220+0000] {processor.py:183} INFO - Processing /opt/airflow/dags/main_full_processs.py took 0.458 seconds
[2025-07-19T14:10:11.447+0000] {processor.py:161} INFO - Started process (PID=6319) to work on /opt/airflow/dags/main_full_processs.py
[2025-07-19T14:10:11.448+0000] {processor.py:830} INFO - Processing file /opt/airflow/dags/main_full_processs.py for tasks to queue
[2025-07-19T14:10:11.449+0000] {logging_mixin.py:188} INFO - [2025-07-19T14:10:11.449+0000] {dagbag.py:538} INFO - Filling up the DagBag from /opt/airflow/dags/main_full_processs.py
[2025-07-19T14:10:11.462+0000] {processor.py:840} INFO - DAG(s) 'ml_pipeline_with_dashboard' retrieved from /opt/airflow/dags/main_full_processs.py
[2025-07-19T14:10:11.646+0000] {logging_mixin.py:188} INFO - [2025-07-19T14:10:11.646+0000] {dag.py:3036} INFO - Sync 1 DAGs
[2025-07-19T14:10:11.657+0000] {logging_mixin.py:188} INFO - [2025-07-19T14:10:11.657+0000] {dag.py:3823} INFO - Setting next_dagrun for ml_pipeline_with_dashboard to None, run_after=None
[2025-07-19T14:10:11.792+0000] {processor.py:183} INFO - Processing /opt/airflow/dags/main_full_processs.py took 0.347 seconds
[2025-07-19T14:10:42.460+0000] {processor.py:161} INFO - Started process (PID=6354) to work on /opt/airflow/dags/main_full_processs.py
[2025-07-19T14:10:42.462+0000] {processor.py:830} INFO - Processing file /opt/airflow/dags/main_full_processs.py for tasks to queue
[2025-07-19T14:10:42.463+0000] {logging_mixin.py:188} INFO - [2025-07-19T14:10:42.462+0000] {dagbag.py:538} INFO - Filling up the DagBag from /opt/airflow/dags/main_full_processs.py
[2025-07-19T14:10:42.477+0000] {processor.py:840} INFO - DAG(s) 'ml_pipeline_with_dashboard' retrieved from /opt/airflow/dags/main_full_processs.py
[2025-07-19T14:10:42.640+0000] {logging_mixin.py:188} INFO - [2025-07-19T14:10:42.640+0000] {dag.py:3036} INFO - Sync 1 DAGs
[2025-07-19T14:10:42.652+0000] {logging_mixin.py:188} INFO - [2025-07-19T14:10:42.652+0000] {dag.py:3823} INFO - Setting next_dagrun for ml_pipeline_with_dashboard to None, run_after=None
[2025-07-19T14:10:42.671+0000] {processor.py:183} INFO - Processing /opt/airflow/dags/main_full_processs.py took 0.214 seconds
[2025-07-19T14:11:13.231+0000] {processor.py:161} INFO - Started process (PID=6389) to work on /opt/airflow/dags/main_full_processs.py
[2025-07-19T14:11:13.232+0000] {processor.py:830} INFO - Processing file /opt/airflow/dags/main_full_processs.py for tasks to queue
[2025-07-19T14:11:13.234+0000] {logging_mixin.py:188} INFO - [2025-07-19T14:11:13.234+0000] {dagbag.py:538} INFO - Filling up the DagBag from /opt/airflow/dags/main_full_processs.py
[2025-07-19T14:11:13.250+0000] {processor.py:840} INFO - DAG(s) 'ml_pipeline_with_dashboard' retrieved from /opt/airflow/dags/main_full_processs.py
[2025-07-19T14:11:13.281+0000] {logging_mixin.py:188} INFO - [2025-07-19T14:11:13.281+0000] {dag.py:3036} INFO - Sync 1 DAGs
[2025-07-19T14:11:13.295+0000] {logging_mixin.py:188} INFO - [2025-07-19T14:11:13.295+0000] {dag.py:3823} INFO - Setting next_dagrun for ml_pipeline_with_dashboard to None, run_after=None
[2025-07-19T14:11:13.319+0000] {processor.py:183} INFO - Processing /opt/airflow/dags/main_full_processs.py took 0.092 seconds
[2025-07-19T14:11:43.540+0000] {processor.py:161} INFO - Started process (PID=6424) to work on /opt/airflow/dags/main_full_processs.py
[2025-07-19T14:11:43.541+0000] {processor.py:830} INFO - Processing file /opt/airflow/dags/main_full_processs.py for tasks to queue
[2025-07-19T14:11:43.542+0000] {logging_mixin.py:188} INFO - [2025-07-19T14:11:43.542+0000] {dagbag.py:538} INFO - Filling up the DagBag from /opt/airflow/dags/main_full_processs.py
[2025-07-19T14:11:43.590+0000] {processor.py:840} INFO - DAG(s) 'ml_pipeline_with_dashboard' retrieved from /opt/airflow/dags/main_full_processs.py
[2025-07-19T14:11:43.777+0000] {logging_mixin.py:188} INFO - [2025-07-19T14:11:43.777+0000] {dag.py:3036} INFO - Sync 1 DAGs
[2025-07-19T14:11:43.789+0000] {logging_mixin.py:188} INFO - [2025-07-19T14:11:43.789+0000] {dag.py:3823} INFO - Setting next_dagrun for ml_pipeline_with_dashboard to None, run_after=None
[2025-07-19T14:11:43.808+0000] {processor.py:183} INFO - Processing /opt/airflow/dags/main_full_processs.py took 0.271 seconds
[2025-07-19T14:12:14.041+0000] {processor.py:161} INFO - Started process (PID=6464) to work on /opt/airflow/dags/main_full_processs.py
[2025-07-19T14:12:15.569+0000] {processor.py:830} INFO - Processing file /opt/airflow/dags/main_full_processs.py for tasks to queue
[2025-07-19T14:12:15.571+0000] {logging_mixin.py:188} INFO - [2025-07-19T14:12:15.570+0000] {dagbag.py:538} INFO - Filling up the DagBag from /opt/airflow/dags/main_full_processs.py
[2025-07-19T14:12:15.586+0000] {processor.py:840} INFO - DAG(s) 'ml_pipeline_with_dashboard' retrieved from /opt/airflow/dags/main_full_processs.py
[2025-07-19T14:12:15.619+0000] {logging_mixin.py:188} INFO - [2025-07-19T14:12:15.618+0000] {dag.py:3036} INFO - Sync 1 DAGs
[2025-07-19T14:12:15.637+0000] {logging_mixin.py:188} INFO - [2025-07-19T14:12:15.637+0000] {dag.py:3823} INFO - Setting next_dagrun for ml_pipeline_with_dashboard to None, run_after=None
[2025-07-19T14:12:15.673+0000] {processor.py:183} INFO - Processing /opt/airflow/dags/main_full_processs.py took 1.636 seconds
[2025-07-19T14:12:46.229+0000] {processor.py:161} INFO - Started process (PID=6499) to work on /opt/airflow/dags/main_full_processs.py
[2025-07-19T14:12:46.230+0000] {processor.py:830} INFO - Processing file /opt/airflow/dags/main_full_processs.py for tasks to queue
[2025-07-19T14:12:46.231+0000] {logging_mixin.py:188} INFO - [2025-07-19T14:12:46.230+0000] {dagbag.py:538} INFO - Filling up the DagBag from /opt/airflow/dags/main_full_processs.py
[2025-07-19T14:12:46.243+0000] {processor.py:840} INFO - DAG(s) 'ml_pipeline_with_dashboard' retrieved from /opt/airflow/dags/main_full_processs.py
[2025-07-19T14:12:46.267+0000] {logging_mixin.py:188} INFO - [2025-07-19T14:12:46.267+0000] {dag.py:3036} INFO - Sync 1 DAGs
[2025-07-19T14:12:46.280+0000] {logging_mixin.py:188} INFO - [2025-07-19T14:12:46.280+0000] {dag.py:3823} INFO - Setting next_dagrun for ml_pipeline_with_dashboard to None, run_after=None
[2025-07-19T14:12:46.299+0000] {processor.py:183} INFO - Processing /opt/airflow/dags/main_full_processs.py took 0.073 seconds
[2025-07-19T14:13:17.154+0000] {processor.py:161} INFO - Started process (PID=6534) to work on /opt/airflow/dags/main_full_processs.py
[2025-07-19T14:13:17.155+0000] {processor.py:830} INFO - Processing file /opt/airflow/dags/main_full_processs.py for tasks to queue
[2025-07-19T14:13:17.156+0000] {logging_mixin.py:188} INFO - [2025-07-19T14:13:17.156+0000] {dagbag.py:538} INFO - Filling up the DagBag from /opt/airflow/dags/main_full_processs.py
[2025-07-19T14:13:17.171+0000] {processor.py:840} INFO - DAG(s) 'ml_pipeline_with_dashboard' retrieved from /opt/airflow/dags/main_full_processs.py
[2025-07-19T14:13:17.198+0000] {logging_mixin.py:188} INFO - [2025-07-19T14:13:17.198+0000] {dag.py:3036} INFO - Sync 1 DAGs
[2025-07-19T14:13:17.210+0000] {logging_mixin.py:188} INFO - [2025-07-19T14:13:17.210+0000] {dag.py:3823} INFO - Setting next_dagrun for ml_pipeline_with_dashboard to None, run_after=None
[2025-07-19T14:13:17.293+0000] {processor.py:183} INFO - Processing /opt/airflow/dags/main_full_processs.py took 0.142 seconds
[2025-07-19T14:13:47.612+0000] {processor.py:161} INFO - Started process (PID=6569) to work on /opt/airflow/dags/main_full_processs.py
[2025-07-19T14:13:47.614+0000] {processor.py:830} INFO - Processing file /opt/airflow/dags/main_full_processs.py for tasks to queue
[2025-07-19T14:13:47.616+0000] {logging_mixin.py:188} INFO - [2025-07-19T14:13:47.615+0000] {dagbag.py:538} INFO - Filling up the DagBag from /opt/airflow/dags/main_full_processs.py
[2025-07-19T14:13:47.673+0000] {processor.py:840} INFO - DAG(s) 'ml_pipeline_with_dashboard' retrieved from /opt/airflow/dags/main_full_processs.py
[2025-07-19T14:13:47.707+0000] {logging_mixin.py:188} INFO - [2025-07-19T14:13:47.707+0000] {dag.py:3036} INFO - Sync 1 DAGs
[2025-07-19T14:13:47.721+0000] {logging_mixin.py:188} INFO - [2025-07-19T14:13:47.721+0000] {dag.py:3823} INFO - Setting next_dagrun for ml_pipeline_with_dashboard to None, run_after=None
[2025-07-19T14:13:47.746+0000] {processor.py:183} INFO - Processing /opt/airflow/dags/main_full_processs.py took 0.140 seconds
[2025-07-19T14:14:18.784+0000] {processor.py:161} INFO - Started process (PID=6604) to work on /opt/airflow/dags/main_full_processs.py
[2025-07-19T14:14:18.785+0000] {processor.py:830} INFO - Processing file /opt/airflow/dags/main_full_processs.py for tasks to queue
[2025-07-19T14:14:18.786+0000] {logging_mixin.py:188} INFO - [2025-07-19T14:14:18.786+0000] {dagbag.py:538} INFO - Filling up the DagBag from /opt/airflow/dags/main_full_processs.py
[2025-07-19T14:14:18.810+0000] {processor.py:840} INFO - DAG(s) 'ml_pipeline_with_dashboard' retrieved from /opt/airflow/dags/main_full_processs.py
[2025-07-19T14:14:18.842+0000] {logging_mixin.py:188} INFO - [2025-07-19T14:14:18.842+0000] {dag.py:3036} INFO - Sync 1 DAGs
[2025-07-19T14:14:18.855+0000] {logging_mixin.py:188} INFO - [2025-07-19T14:14:18.855+0000] {dag.py:3823} INFO - Setting next_dagrun for ml_pipeline_with_dashboard to None, run_after=None
[2025-07-19T14:14:18.880+0000] {processor.py:183} INFO - Processing /opt/airflow/dags/main_full_processs.py took 0.099 seconds
[2025-07-19T14:14:49.588+0000] {processor.py:161} INFO - Started process (PID=6639) to work on /opt/airflow/dags/main_full_processs.py
[2025-07-19T14:14:49.590+0000] {processor.py:830} INFO - Processing file /opt/airflow/dags/main_full_processs.py for tasks to queue
[2025-07-19T14:14:49.591+0000] {logging_mixin.py:188} INFO - [2025-07-19T14:14:49.590+0000] {dagbag.py:538} INFO - Filling up the DagBag from /opt/airflow/dags/main_full_processs.py
[2025-07-19T14:14:49.605+0000] {processor.py:840} INFO - DAG(s) 'ml_pipeline_with_dashboard' retrieved from /opt/airflow/dags/main_full_processs.py
[2025-07-19T14:14:49.638+0000] {logging_mixin.py:188} INFO - [2025-07-19T14:14:49.638+0000] {dag.py:3036} INFO - Sync 1 DAGs
[2025-07-19T14:14:49.660+0000] {logging_mixin.py:188} INFO - [2025-07-19T14:14:49.660+0000] {dag.py:3823} INFO - Setting next_dagrun for ml_pipeline_with_dashboard to None, run_after=None
[2025-07-19T14:14:49.686+0000] {processor.py:183} INFO - Processing /opt/airflow/dags/main_full_processs.py took 0.101 seconds
[2025-07-19T14:15:20.419+0000] {processor.py:161} INFO - Started process (PID=6674) to work on /opt/airflow/dags/main_full_processs.py
[2025-07-19T14:15:20.420+0000] {processor.py:830} INFO - Processing file /opt/airflow/dags/main_full_processs.py for tasks to queue
[2025-07-19T14:15:20.421+0000] {logging_mixin.py:188} INFO - [2025-07-19T14:15:20.421+0000] {dagbag.py:538} INFO - Filling up the DagBag from /opt/airflow/dags/main_full_processs.py
[2025-07-19T14:15:20.455+0000] {processor.py:840} INFO - DAG(s) 'ml_pipeline_with_dashboard' retrieved from /opt/airflow/dags/main_full_processs.py
[2025-07-19T14:15:20.496+0000] {logging_mixin.py:188} INFO - [2025-07-19T14:15:20.495+0000] {dag.py:3036} INFO - Sync 1 DAGs
[2025-07-19T14:15:20.511+0000] {logging_mixin.py:188} INFO - [2025-07-19T14:15:20.510+0000] {dag.py:3823} INFO - Setting next_dagrun for ml_pipeline_with_dashboard to None, run_after=None
[2025-07-19T14:15:20.554+0000] {processor.py:183} INFO - Processing /opt/airflow/dags/main_full_processs.py took 0.137 seconds
[2025-07-19T14:15:51.069+0000] {processor.py:161} INFO - Started process (PID=6709) to work on /opt/airflow/dags/main_full_processs.py
[2025-07-19T14:15:51.070+0000] {processor.py:830} INFO - Processing file /opt/airflow/dags/main_full_processs.py for tasks to queue
[2025-07-19T14:15:51.071+0000] {logging_mixin.py:188} INFO - [2025-07-19T14:15:51.070+0000] {dagbag.py:538} INFO - Filling up the DagBag from /opt/airflow/dags/main_full_processs.py
[2025-07-19T14:15:51.084+0000] {processor.py:840} INFO - DAG(s) 'ml_pipeline_with_dashboard' retrieved from /opt/airflow/dags/main_full_processs.py
[2025-07-19T14:15:51.114+0000] {logging_mixin.py:188} INFO - [2025-07-19T14:15:51.113+0000] {dag.py:3036} INFO - Sync 1 DAGs
[2025-07-19T14:15:51.125+0000] {logging_mixin.py:188} INFO - [2025-07-19T14:15:51.125+0000] {dag.py:3823} INFO - Setting next_dagrun for ml_pipeline_with_dashboard to None, run_after=None
[2025-07-19T14:15:51.150+0000] {processor.py:183} INFO - Processing /opt/airflow/dags/main_full_processs.py took 0.085 seconds
[2025-07-19T14:16:21.931+0000] {processor.py:161} INFO - Started process (PID=6744) to work on /opt/airflow/dags/main_full_processs.py
[2025-07-19T14:16:21.932+0000] {processor.py:830} INFO - Processing file /opt/airflow/dags/main_full_processs.py for tasks to queue
[2025-07-19T14:16:21.933+0000] {logging_mixin.py:188} INFO - [2025-07-19T14:16:21.933+0000] {dagbag.py:538} INFO - Filling up the DagBag from /opt/airflow/dags/main_full_processs.py
[2025-07-19T14:16:21.947+0000] {processor.py:840} INFO - DAG(s) 'ml_pipeline_with_dashboard' retrieved from /opt/airflow/dags/main_full_processs.py
[2025-07-19T14:16:21.977+0000] {logging_mixin.py:188} INFO - [2025-07-19T14:16:21.977+0000] {dag.py:3036} INFO - Sync 1 DAGs
[2025-07-19T14:16:21.989+0000] {logging_mixin.py:188} INFO - [2025-07-19T14:16:21.989+0000] {dag.py:3823} INFO - Setting next_dagrun for ml_pipeline_with_dashboard to None, run_after=None
[2025-07-19T14:16:22.009+0000] {processor.py:183} INFO - Processing /opt/airflow/dags/main_full_processs.py took 0.081 seconds
[2025-07-19T14:16:52.566+0000] {processor.py:161} INFO - Started process (PID=6779) to work on /opt/airflow/dags/main_full_processs.py
[2025-07-19T14:16:52.567+0000] {processor.py:830} INFO - Processing file /opt/airflow/dags/main_full_processs.py for tasks to queue
[2025-07-19T14:16:52.568+0000] {logging_mixin.py:188} INFO - [2025-07-19T14:16:52.567+0000] {dagbag.py:538} INFO - Filling up the DagBag from /opt/airflow/dags/main_full_processs.py
[2025-07-19T14:16:52.579+0000] {processor.py:840} INFO - DAG(s) 'ml_pipeline_with_dashboard' retrieved from /opt/airflow/dags/main_full_processs.py
[2025-07-19T14:16:52.604+0000] {logging_mixin.py:188} INFO - [2025-07-19T14:16:52.604+0000] {dag.py:3036} INFO - Sync 1 DAGs
[2025-07-19T14:16:52.615+0000] {logging_mixin.py:188} INFO - [2025-07-19T14:16:52.615+0000] {dag.py:3823} INFO - Setting next_dagrun for ml_pipeline_with_dashboard to None, run_after=None
[2025-07-19T14:16:52.634+0000] {processor.py:183} INFO - Processing /opt/airflow/dags/main_full_processs.py took 0.072 seconds
[2025-07-19T14:17:24.045+0000] {processor.py:161} INFO - Started process (PID=6814) to work on /opt/airflow/dags/main_full_processs.py
[2025-07-19T14:17:24.049+0000] {processor.py:830} INFO - Processing file /opt/airflow/dags/main_full_processs.py for tasks to queue
[2025-07-19T14:17:24.050+0000] {logging_mixin.py:188} INFO - [2025-07-19T14:17:24.050+0000] {dagbag.py:538} INFO - Filling up the DagBag from /opt/airflow/dags/main_full_processs.py
[2025-07-19T14:17:24.063+0000] {processor.py:840} INFO - DAG(s) 'ml_pipeline_with_dashboard' retrieved from /opt/airflow/dags/main_full_processs.py
[2025-07-19T14:17:24.092+0000] {logging_mixin.py:188} INFO - [2025-07-19T14:17:24.091+0000] {dag.py:3036} INFO - Sync 1 DAGs
[2025-07-19T14:17:24.106+0000] {logging_mixin.py:188} INFO - [2025-07-19T14:17:24.106+0000] {dag.py:3823} INFO - Setting next_dagrun for ml_pipeline_with_dashboard to None, run_after=None
[2025-07-19T14:17:24.132+0000] {processor.py:183} INFO - Processing /opt/airflow/dags/main_full_processs.py took 0.092 seconds
[2025-07-19T14:17:54.515+0000] {processor.py:161} INFO - Started process (PID=6849) to work on /opt/airflow/dags/main_full_processs.py
[2025-07-19T14:17:54.516+0000] {processor.py:830} INFO - Processing file /opt/airflow/dags/main_full_processs.py for tasks to queue
[2025-07-19T14:17:54.518+0000] {logging_mixin.py:188} INFO - [2025-07-19T14:17:54.517+0000] {dagbag.py:538} INFO - Filling up the DagBag from /opt/airflow/dags/main_full_processs.py
[2025-07-19T14:17:54.531+0000] {processor.py:840} INFO - DAG(s) 'ml_pipeline_with_dashboard' retrieved from /opt/airflow/dags/main_full_processs.py
[2025-07-19T14:17:54.584+0000] {logging_mixin.py:188} INFO - [2025-07-19T14:17:54.584+0000] {dag.py:3036} INFO - Sync 1 DAGs
[2025-07-19T14:17:54.604+0000] {logging_mixin.py:188} INFO - [2025-07-19T14:17:54.603+0000] {dag.py:3823} INFO - Setting next_dagrun for ml_pipeline_with_dashboard to None, run_after=None
[2025-07-19T14:17:54.628+0000] {processor.py:183} INFO - Processing /opt/airflow/dags/main_full_processs.py took 0.116 seconds
[2025-07-19T14:18:25.247+0000] {processor.py:161} INFO - Started process (PID=6884) to work on /opt/airflow/dags/main_full_processs.py
[2025-07-19T14:18:25.248+0000] {processor.py:830} INFO - Processing file /opt/airflow/dags/main_full_processs.py for tasks to queue
[2025-07-19T14:18:25.250+0000] {logging_mixin.py:188} INFO - [2025-07-19T14:18:25.250+0000] {dagbag.py:538} INFO - Filling up the DagBag from /opt/airflow/dags/main_full_processs.py
[2025-07-19T14:18:25.313+0000] {processor.py:840} INFO - DAG(s) 'ml_pipeline_with_dashboard' retrieved from /opt/airflow/dags/main_full_processs.py
[2025-07-19T14:18:25.351+0000] {logging_mixin.py:188} INFO - [2025-07-19T14:18:25.351+0000] {dag.py:3036} INFO - Sync 1 DAGs
[2025-07-19T14:18:25.363+0000] {logging_mixin.py:188} INFO - [2025-07-19T14:18:25.363+0000] {dag.py:3823} INFO - Setting next_dagrun for ml_pipeline_with_dashboard to None, run_after=None
[2025-07-19T14:18:25.385+0000] {processor.py:183} INFO - Processing /opt/airflow/dags/main_full_processs.py took 0.142 seconds
[2025-07-19T14:18:56.166+0000] {processor.py:161} INFO - Started process (PID=6919) to work on /opt/airflow/dags/main_full_processs.py
[2025-07-19T14:18:56.167+0000] {processor.py:830} INFO - Processing file /opt/airflow/dags/main_full_processs.py for tasks to queue
[2025-07-19T14:18:56.168+0000] {logging_mixin.py:188} INFO - [2025-07-19T14:18:56.168+0000] {dagbag.py:538} INFO - Filling up the DagBag from /opt/airflow/dags/main_full_processs.py
[2025-07-19T14:18:56.182+0000] {processor.py:840} INFO - DAG(s) 'ml_pipeline_with_dashboard' retrieved from /opt/airflow/dags/main_full_processs.py
[2025-07-19T14:18:56.211+0000] {logging_mixin.py:188} INFO - [2025-07-19T14:18:56.211+0000] {dag.py:3036} INFO - Sync 1 DAGs
[2025-07-19T14:18:56.223+0000] {logging_mixin.py:188} INFO - [2025-07-19T14:18:56.223+0000] {dag.py:3823} INFO - Setting next_dagrun for ml_pipeline_with_dashboard to None, run_after=None
[2025-07-19T14:18:56.251+0000] {processor.py:183} INFO - Processing /opt/airflow/dags/main_full_processs.py took 0.087 seconds
[2025-07-19T14:19:26.604+0000] {processor.py:161} INFO - Started process (PID=6954) to work on /opt/airflow/dags/main_full_processs.py
[2025-07-19T14:19:26.605+0000] {processor.py:830} INFO - Processing file /opt/airflow/dags/main_full_processs.py for tasks to queue
[2025-07-19T14:19:26.606+0000] {logging_mixin.py:188} INFO - [2025-07-19T14:19:26.606+0000] {dagbag.py:538} INFO - Filling up the DagBag from /opt/airflow/dags/main_full_processs.py
[2025-07-19T14:19:26.658+0000] {processor.py:840} INFO - DAG(s) 'ml_pipeline_with_dashboard' retrieved from /opt/airflow/dags/main_full_processs.py
[2025-07-19T14:19:26.686+0000] {logging_mixin.py:188} INFO - [2025-07-19T14:19:26.685+0000] {dag.py:3036} INFO - Sync 1 DAGs
[2025-07-19T14:19:26.697+0000] {logging_mixin.py:188} INFO - [2025-07-19T14:19:26.697+0000] {dag.py:3823} INFO - Setting next_dagrun for ml_pipeline_with_dashboard to None, run_after=None
[2025-07-19T14:19:26.717+0000] {processor.py:183} INFO - Processing /opt/airflow/dags/main_full_processs.py took 0.117 seconds
[2025-07-19T14:19:57.958+0000] {processor.py:161} INFO - Started process (PID=6989) to work on /opt/airflow/dags/main_full_processs.py
[2025-07-19T14:19:57.959+0000] {processor.py:830} INFO - Processing file /opt/airflow/dags/main_full_processs.py for tasks to queue
[2025-07-19T14:19:57.960+0000] {logging_mixin.py:188} INFO - [2025-07-19T14:19:57.960+0000] {dagbag.py:538} INFO - Filling up the DagBag from /opt/airflow/dags/main_full_processs.py
[2025-07-19T14:19:58.520+0000] {processor.py:840} INFO - DAG(s) 'ml_pipeline_with_dashboard' retrieved from /opt/airflow/dags/main_full_processs.py
[2025-07-19T14:19:58.548+0000] {logging_mixin.py:188} INFO - [2025-07-19T14:19:58.548+0000] {dag.py:3036} INFO - Sync 1 DAGs
[2025-07-19T14:19:58.559+0000] {logging_mixin.py:188} INFO - [2025-07-19T14:19:58.559+0000] {dag.py:3823} INFO - Setting next_dagrun for ml_pipeline_with_dashboard to None, run_after=None
[2025-07-19T14:20:01.262+0000] {processor.py:183} INFO - Processing /opt/airflow/dags/main_full_processs.py took 3.306 seconds
[2025-07-19T14:20:31.448+0000] {processor.py:161} INFO - Started process (PID=7024) to work on /opt/airflow/dags/main_full_processs.py
[2025-07-19T14:20:31.449+0000] {processor.py:830} INFO - Processing file /opt/airflow/dags/main_full_processs.py for tasks to queue
[2025-07-19T14:20:31.450+0000] {logging_mixin.py:188} INFO - [2025-07-19T14:20:31.449+0000] {dagbag.py:538} INFO - Filling up the DagBag from /opt/airflow/dags/main_full_processs.py
[2025-07-19T14:20:31.464+0000] {processor.py:840} INFO - DAG(s) 'ml_pipeline_with_dashboard' retrieved from /opt/airflow/dags/main_full_processs.py
[2025-07-19T14:20:31.492+0000] {logging_mixin.py:188} INFO - [2025-07-19T14:20:31.491+0000] {dag.py:3036} INFO - Sync 1 DAGs
[2025-07-19T14:20:31.503+0000] {logging_mixin.py:188} INFO - [2025-07-19T14:20:31.503+0000] {dag.py:3823} INFO - Setting next_dagrun for ml_pipeline_with_dashboard to None, run_after=None
[2025-07-19T14:20:31.851+0000] {processor.py:183} INFO - Processing /opt/airflow/dags/main_full_processs.py took 0.406 seconds
[2025-07-19T14:21:03.248+0000] {processor.py:161} INFO - Started process (PID=7059) to work on /opt/airflow/dags/main_full_processs.py
[2025-07-19T14:21:03.249+0000] {processor.py:830} INFO - Processing file /opt/airflow/dags/main_full_processs.py for tasks to queue
[2025-07-19T14:21:03.250+0000] {logging_mixin.py:188} INFO - [2025-07-19T14:21:03.250+0000] {dagbag.py:538} INFO - Filling up the DagBag from /opt/airflow/dags/main_full_processs.py
[2025-07-19T14:21:03.262+0000] {processor.py:840} INFO - DAG(s) 'ml_pipeline_with_dashboard' retrieved from /opt/airflow/dags/main_full_processs.py
[2025-07-19T14:21:03.483+0000] {logging_mixin.py:188} INFO - [2025-07-19T14:21:03.482+0000] {dag.py:3036} INFO - Sync 1 DAGs
[2025-07-19T14:21:03.495+0000] {logging_mixin.py:188} INFO - [2025-07-19T14:21:03.495+0000] {dag.py:3823} INFO - Setting next_dagrun for ml_pipeline_with_dashboard to None, run_after=None
[2025-07-19T14:21:03.514+0000] {processor.py:183} INFO - Processing /opt/airflow/dags/main_full_processs.py took 0.269 seconds
[2025-07-19T14:21:35.165+0000] {processor.py:161} INFO - Started process (PID=7097) to work on /opt/airflow/dags/main_full_processs.py
[2025-07-19T14:21:35.166+0000] {processor.py:830} INFO - Processing file /opt/airflow/dags/main_full_processs.py for tasks to queue
[2025-07-19T14:21:35.166+0000] {logging_mixin.py:188} INFO - [2025-07-19T14:21:35.166+0000] {dagbag.py:538} INFO - Filling up the DagBag from /opt/airflow/dags/main_full_processs.py
[2025-07-19T14:21:35.179+0000] {processor.py:840} INFO - DAG(s) 'ml_pipeline_with_dashboard' retrieved from /opt/airflow/dags/main_full_processs.py
[2025-07-19T14:21:35.208+0000] {logging_mixin.py:188} INFO - [2025-07-19T14:21:35.207+0000] {dag.py:3036} INFO - Sync 1 DAGs
[2025-07-19T14:21:35.656+0000] {logging_mixin.py:188} INFO - [2025-07-19T14:21:35.656+0000] {dag.py:3823} INFO - Setting next_dagrun for ml_pipeline_with_dashboard to None, run_after=None
[2025-07-19T14:21:35.786+0000] {processor.py:183} INFO - Processing /opt/airflow/dags/main_full_processs.py took 0.624 seconds
[2025-07-19T14:22:09.202+0000] {processor.py:161} INFO - Started process (PID=7134) to work on /opt/airflow/dags/main_full_processs.py
[2025-07-19T14:22:09.203+0000] {processor.py:830} INFO - Processing file /opt/airflow/dags/main_full_processs.py for tasks to queue
[2025-07-19T14:22:09.204+0000] {logging_mixin.py:188} INFO - [2025-07-19T14:22:09.204+0000] {dagbag.py:538} INFO - Filling up the DagBag from /opt/airflow/dags/main_full_processs.py
[2025-07-19T14:22:09.263+0000] {processor.py:840} INFO - DAG(s) 'ml_pipeline_with_dashboard' retrieved from /opt/airflow/dags/main_full_processs.py
[2025-07-19T14:22:09.391+0000] {logging_mixin.py:188} INFO - [2025-07-19T14:22:09.391+0000] {dag.py:3036} INFO - Sync 1 DAGs
[2025-07-19T14:22:09.403+0000] {logging_mixin.py:188} INFO - [2025-07-19T14:22:09.402+0000] {dag.py:3823} INFO - Setting next_dagrun for ml_pipeline_with_dashboard to None, run_after=None
[2025-07-19T14:22:09.430+0000] {processor.py:183} INFO - Processing /opt/airflow/dags/main_full_processs.py took 0.231 seconds
[2025-07-19T14:22:39.524+0000] {processor.py:161} INFO - Started process (PID=7169) to work on /opt/airflow/dags/main_full_processs.py
[2025-07-19T14:22:39.525+0000] {processor.py:830} INFO - Processing file /opt/airflow/dags/main_full_processs.py for tasks to queue
[2025-07-19T14:22:39.526+0000] {logging_mixin.py:188} INFO - [2025-07-19T14:22:39.525+0000] {dagbag.py:538} INFO - Filling up the DagBag from /opt/airflow/dags/main_full_processs.py
[2025-07-19T14:22:39.670+0000] {processor.py:840} INFO - DAG(s) 'ml_pipeline_with_dashboard' retrieved from /opt/airflow/dags/main_full_processs.py
[2025-07-19T14:22:39.697+0000] {logging_mixin.py:188} INFO - [2025-07-19T14:22:39.697+0000] {dag.py:3036} INFO - Sync 1 DAGs
[2025-07-19T14:22:39.709+0000] {logging_mixin.py:188} INFO - [2025-07-19T14:22:39.708+0000] {dag.py:3823} INFO - Setting next_dagrun for ml_pipeline_with_dashboard to None, run_after=None
[2025-07-19T14:22:39.727+0000] {processor.py:183} INFO - Processing /opt/airflow/dags/main_full_processs.py took 0.206 seconds
[2025-07-19T14:23:10.258+0000] {processor.py:161} INFO - Started process (PID=7202) to work on /opt/airflow/dags/main_full_processs.py
[2025-07-19T14:23:10.283+0000] {processor.py:830} INFO - Processing file /opt/airflow/dags/main_full_processs.py for tasks to queue
[2025-07-19T14:23:10.284+0000] {logging_mixin.py:188} INFO - [2025-07-19T14:23:10.284+0000] {dagbag.py:538} INFO - Filling up the DagBag from /opt/airflow/dags/main_full_processs.py
[2025-07-19T14:23:10.330+0000] {processor.py:840} INFO - DAG(s) 'ml_pipeline_with_dashboard' retrieved from /opt/airflow/dags/main_full_processs.py
[2025-07-19T14:23:10.383+0000] {logging_mixin.py:188} INFO - [2025-07-19T14:23:10.382+0000] {dag.py:3036} INFO - Sync 1 DAGs
[2025-07-19T14:23:10.397+0000] {logging_mixin.py:188} INFO - [2025-07-19T14:23:10.397+0000] {dag.py:3823} INFO - Setting next_dagrun for ml_pipeline_with_dashboard to None, run_after=None
[2025-07-19T14:23:10.435+0000] {processor.py:183} INFO - Processing /opt/airflow/dags/main_full_processs.py took 0.180 seconds
[2025-07-19T14:23:40.861+0000] {processor.py:161} INFO - Started process (PID=7237) to work on /opt/airflow/dags/main_full_processs.py
[2025-07-19T14:23:40.862+0000] {processor.py:830} INFO - Processing file /opt/airflow/dags/main_full_processs.py for tasks to queue
[2025-07-19T14:23:40.863+0000] {logging_mixin.py:188} INFO - [2025-07-19T14:23:40.863+0000] {dagbag.py:538} INFO - Filling up the DagBag from /opt/airflow/dags/main_full_processs.py
[2025-07-19T14:23:40.875+0000] {processor.py:840} INFO - DAG(s) 'ml_pipeline_with_dashboard' retrieved from /opt/airflow/dags/main_full_processs.py
[2025-07-19T14:23:40.912+0000] {logging_mixin.py:188} INFO - [2025-07-19T14:23:40.911+0000] {dag.py:3036} INFO - Sync 1 DAGs
[2025-07-19T14:23:40.923+0000] {logging_mixin.py:188} INFO - [2025-07-19T14:23:40.923+0000] {dag.py:3823} INFO - Setting next_dagrun for ml_pipeline_with_dashboard to None, run_after=None
[2025-07-19T14:23:40.943+0000] {processor.py:183} INFO - Processing /opt/airflow/dags/main_full_processs.py took 0.085 seconds
[2025-07-19T14:24:11.821+0000] {processor.py:161} INFO - Started process (PID=7272) to work on /opt/airflow/dags/main_full_processs.py
[2025-07-19T14:24:11.822+0000] {processor.py:830} INFO - Processing file /opt/airflow/dags/main_full_processs.py for tasks to queue
[2025-07-19T14:24:11.823+0000] {logging_mixin.py:188} INFO - [2025-07-19T14:24:11.822+0000] {dagbag.py:538} INFO - Filling up the DagBag from /opt/airflow/dags/main_full_processs.py
[2025-07-19T14:24:11.834+0000] {processor.py:840} INFO - DAG(s) 'ml_pipeline_with_dashboard' retrieved from /opt/airflow/dags/main_full_processs.py
[2025-07-19T14:24:11.861+0000] {logging_mixin.py:188} INFO - [2025-07-19T14:24:11.861+0000] {dag.py:3036} INFO - Sync 1 DAGs
[2025-07-19T14:24:11.874+0000] {logging_mixin.py:188} INFO - [2025-07-19T14:24:11.874+0000] {dag.py:3823} INFO - Setting next_dagrun for ml_pipeline_with_dashboard to None, run_after=None
[2025-07-19T14:24:11.895+0000] {processor.py:183} INFO - Processing /opt/airflow/dags/main_full_processs.py took 0.078 seconds
[2025-07-19T14:24:42.765+0000] {processor.py:161} INFO - Started process (PID=7302) to work on /opt/airflow/dags/main_full_processs.py
[2025-07-19T14:24:42.766+0000] {processor.py:830} INFO - Processing file /opt/airflow/dags/main_full_processs.py for tasks to queue
[2025-07-19T14:24:42.767+0000] {logging_mixin.py:188} INFO - [2025-07-19T14:24:42.767+0000] {dagbag.py:538} INFO - Filling up the DagBag from /opt/airflow/dags/main_full_processs.py
[2025-07-19T14:24:42.779+0000] {processor.py:840} INFO - DAG(s) 'ml_pipeline_with_dashboard' retrieved from /opt/airflow/dags/main_full_processs.py
[2025-07-19T14:24:42.805+0000] {logging_mixin.py:188} INFO - [2025-07-19T14:24:42.805+0000] {dag.py:3036} INFO - Sync 1 DAGs
[2025-07-19T14:24:42.816+0000] {logging_mixin.py:188} INFO - [2025-07-19T14:24:42.816+0000] {dag.py:3823} INFO - Setting next_dagrun for ml_pipeline_with_dashboard to None, run_after=None
[2025-07-19T14:24:42.836+0000] {processor.py:183} INFO - Processing /opt/airflow/dags/main_full_processs.py took 0.073 seconds
[2025-07-19T14:25:18.943+0000] {processor.py:161} INFO - Started process (PID=7330) to work on /opt/airflow/dags/main_full_processs.py
[2025-07-19T14:25:18.944+0000] {processor.py:830} INFO - Processing file /opt/airflow/dags/main_full_processs.py for tasks to queue
[2025-07-19T14:25:18.945+0000] {logging_mixin.py:188} INFO - [2025-07-19T14:25:18.944+0000] {dagbag.py:538} INFO - Filling up the DagBag from /opt/airflow/dags/main_full_processs.py
[2025-07-19T14:25:18.957+0000] {processor.py:840} INFO - DAG(s) 'ml_pipeline_with_dashboard' retrieved from /opt/airflow/dags/main_full_processs.py
[2025-07-19T14:25:18.986+0000] {logging_mixin.py:188} INFO - [2025-07-19T14:25:18.986+0000] {dag.py:3036} INFO - Sync 1 DAGs
[2025-07-19T14:25:19.000+0000] {logging_mixin.py:188} INFO - [2025-07-19T14:25:18.999+0000] {dag.py:3823} INFO - Setting next_dagrun for ml_pipeline_with_dashboard to None, run_after=None
[2025-07-19T14:25:19.026+0000] {processor.py:183} INFO - Processing /opt/airflow/dags/main_full_processs.py took 0.087 seconds
[2025-07-19T14:25:49.359+0000] {processor.py:161} INFO - Started process (PID=7350) to work on /opt/airflow/dags/main_full_processs.py
[2025-07-19T14:25:49.360+0000] {processor.py:830} INFO - Processing file /opt/airflow/dags/main_full_processs.py for tasks to queue
[2025-07-19T14:25:49.362+0000] {logging_mixin.py:188} INFO - [2025-07-19T14:25:49.361+0000] {dagbag.py:538} INFO - Filling up the DagBag from /opt/airflow/dags/main_full_processs.py
[2025-07-19T14:25:49.374+0000] {processor.py:840} INFO - DAG(s) 'ml_pipeline_with_dashboard' retrieved from /opt/airflow/dags/main_full_processs.py
[2025-07-19T14:25:49.403+0000] {logging_mixin.py:188} INFO - [2025-07-19T14:25:49.403+0000] {dag.py:3036} INFO - Sync 1 DAGs
[2025-07-19T14:25:49.415+0000] {logging_mixin.py:188} INFO - [2025-07-19T14:25:49.415+0000] {dag.py:3823} INFO - Setting next_dagrun for ml_pipeline_with_dashboard to None, run_after=None
[2025-07-19T14:25:49.437+0000] {processor.py:183} INFO - Processing /opt/airflow/dags/main_full_processs.py took 0.081 seconds
[2025-07-19T14:26:20.072+0000] {processor.py:161} INFO - Started process (PID=7385) to work on /opt/airflow/dags/main_full_processs.py
[2025-07-19T14:26:20.073+0000] {processor.py:830} INFO - Processing file /opt/airflow/dags/main_full_processs.py for tasks to queue
[2025-07-19T14:26:20.074+0000] {logging_mixin.py:188} INFO - [2025-07-19T14:26:20.074+0000] {dagbag.py:538} INFO - Filling up the DagBag from /opt/airflow/dags/main_full_processs.py
[2025-07-19T14:26:20.087+0000] {processor.py:840} INFO - DAG(s) 'ml_pipeline_with_dashboard' retrieved from /opt/airflow/dags/main_full_processs.py
[2025-07-19T14:26:20.123+0000] {logging_mixin.py:188} INFO - [2025-07-19T14:26:20.122+0000] {dag.py:3036} INFO - Sync 1 DAGs
[2025-07-19T14:26:20.137+0000] {logging_mixin.py:188} INFO - [2025-07-19T14:26:20.137+0000] {dag.py:3823} INFO - Setting next_dagrun for ml_pipeline_with_dashboard to None, run_after=None
[2025-07-19T14:26:20.162+0000] {processor.py:183} INFO - Processing /opt/airflow/dags/main_full_processs.py took 0.094 seconds
[2025-07-19T14:26:50.877+0000] {processor.py:161} INFO - Started process (PID=7420) to work on /opt/airflow/dags/main_full_processs.py
[2025-07-19T14:26:50.878+0000] {processor.py:830} INFO - Processing file /opt/airflow/dags/main_full_processs.py for tasks to queue
[2025-07-19T14:26:50.879+0000] {logging_mixin.py:188} INFO - [2025-07-19T14:26:50.878+0000] {dagbag.py:538} INFO - Filling up the DagBag from /opt/airflow/dags/main_full_processs.py
[2025-07-19T14:26:50.889+0000] {processor.py:840} INFO - DAG(s) 'ml_pipeline_with_dashboard' retrieved from /opt/airflow/dags/main_full_processs.py
[2025-07-19T14:26:50.917+0000] {logging_mixin.py:188} INFO - [2025-07-19T14:26:50.916+0000] {dag.py:3036} INFO - Sync 1 DAGs
[2025-07-19T14:26:50.929+0000] {logging_mixin.py:188} INFO - [2025-07-19T14:26:50.929+0000] {dag.py:3823} INFO - Setting next_dagrun for ml_pipeline_with_dashboard to None, run_after=None
[2025-07-19T14:26:50.951+0000] {processor.py:183} INFO - Processing /opt/airflow/dags/main_full_processs.py took 0.078 seconds
[2025-07-19T14:27:29.556+0000] {processor.py:161} INFO - Started process (PID=7455) to work on /opt/airflow/dags/main_full_processs.py
[2025-07-19T14:27:29.557+0000] {processor.py:830} INFO - Processing file /opt/airflow/dags/main_full_processs.py for tasks to queue
[2025-07-19T14:27:29.558+0000] {logging_mixin.py:188} INFO - [2025-07-19T14:27:29.558+0000] {dagbag.py:538} INFO - Filling up the DagBag from /opt/airflow/dags/main_full_processs.py
[2025-07-19T14:27:32.027+0000] {processor.py:840} INFO - DAG(s) 'ml_pipeline_with_dashboard' retrieved from /opt/airflow/dags/main_full_processs.py
[2025-07-19T14:27:34.689+0000] {logging_mixin.py:188} INFO - [2025-07-19T14:27:34.688+0000] {dag.py:3036} INFO - Sync 1 DAGs
[2025-07-19T14:27:35.483+0000] {logging_mixin.py:188} INFO - [2025-07-19T14:27:35.483+0000] {dag.py:3823} INFO - Setting next_dagrun for ml_pipeline_with_dashboard to None, run_after=None
[2025-07-19T14:27:37.361+0000] {processor.py:183} INFO - Processing /opt/airflow/dags/main_full_processs.py took 7.807 seconds
[2025-07-19T14:28:08.931+0000] {processor.py:161} INFO - Started process (PID=7487) to work on /opt/airflow/dags/main_full_processs.py
[2025-07-19T14:28:08.932+0000] {processor.py:830} INFO - Processing file /opt/airflow/dags/main_full_processs.py for tasks to queue
[2025-07-19T14:28:08.933+0000] {logging_mixin.py:188} INFO - [2025-07-19T14:28:08.933+0000] {dagbag.py:538} INFO - Filling up the DagBag from /opt/airflow/dags/main_full_processs.py
[2025-07-19T14:28:08.956+0000] {processor.py:840} INFO - DAG(s) 'ml_pipeline_with_dashboard' retrieved from /opt/airflow/dags/main_full_processs.py
[2025-07-19T14:28:08.988+0000] {logging_mixin.py:188} INFO - [2025-07-19T14:28:08.988+0000] {dag.py:3036} INFO - Sync 1 DAGs
[2025-07-19T14:28:08.999+0000] {logging_mixin.py:188} INFO - [2025-07-19T14:28:08.999+0000] {dag.py:3823} INFO - Setting next_dagrun for ml_pipeline_with_dashboard to None, run_after=None
[2025-07-19T14:28:09.020+0000] {processor.py:183} INFO - Processing /opt/airflow/dags/main_full_processs.py took 0.093 seconds
[2025-07-19T14:28:39.185+0000] {processor.py:161} INFO - Started process (PID=7522) to work on /opt/airflow/dags/main_full_processs.py
[2025-07-19T14:28:39.186+0000] {processor.py:830} INFO - Processing file /opt/airflow/dags/main_full_processs.py for tasks to queue
[2025-07-19T14:28:39.187+0000] {logging_mixin.py:188} INFO - [2025-07-19T14:28:39.186+0000] {dagbag.py:538} INFO - Filling up the DagBag from /opt/airflow/dags/main_full_processs.py
[2025-07-19T14:28:39.197+0000] {processor.py:840} INFO - DAG(s) 'ml_pipeline_with_dashboard' retrieved from /opt/airflow/dags/main_full_processs.py
[2025-07-19T14:28:39.223+0000] {logging_mixin.py:188} INFO - [2025-07-19T14:28:39.223+0000] {dag.py:3036} INFO - Sync 1 DAGs
[2025-07-19T14:28:39.234+0000] {logging_mixin.py:188} INFO - [2025-07-19T14:28:39.234+0000] {dag.py:3823} INFO - Setting next_dagrun for ml_pipeline_with_dashboard to None, run_after=None
[2025-07-19T14:28:39.254+0000] {processor.py:183} INFO - Processing /opt/airflow/dags/main_full_processs.py took 0.072 seconds
[2025-07-19T14:29:09.965+0000] {processor.py:161} INFO - Started process (PID=7557) to work on /opt/airflow/dags/main_full_processs.py
[2025-07-19T14:29:09.966+0000] {processor.py:830} INFO - Processing file /opt/airflow/dags/main_full_processs.py for tasks to queue
[2025-07-19T14:29:09.967+0000] {logging_mixin.py:188} INFO - [2025-07-19T14:29:09.967+0000] {dagbag.py:538} INFO - Filling up the DagBag from /opt/airflow/dags/main_full_processs.py
[2025-07-19T14:29:09.980+0000] {processor.py:840} INFO - DAG(s) 'ml_pipeline_with_dashboard' retrieved from /opt/airflow/dags/main_full_processs.py
[2025-07-19T14:29:10.006+0000] {logging_mixin.py:188} INFO - [2025-07-19T14:29:10.006+0000] {dag.py:3036} INFO - Sync 1 DAGs
[2025-07-19T14:29:10.017+0000] {logging_mixin.py:188} INFO - [2025-07-19T14:29:10.017+0000] {dag.py:3823} INFO - Setting next_dagrun for ml_pipeline_with_dashboard to None, run_after=None
[2025-07-19T14:29:10.386+0000] {processor.py:183} INFO - Processing /opt/airflow/dags/main_full_processs.py took 0.425 seconds
[2025-07-19T14:29:40.568+0000] {processor.py:161} INFO - Started process (PID=7590) to work on /opt/airflow/dags/main_full_processs.py
[2025-07-19T14:29:40.569+0000] {processor.py:830} INFO - Processing file /opt/airflow/dags/main_full_processs.py for tasks to queue
[2025-07-19T14:29:40.570+0000] {logging_mixin.py:188} INFO - [2025-07-19T14:29:40.570+0000] {dagbag.py:538} INFO - Filling up the DagBag from /opt/airflow/dags/main_full_processs.py
[2025-07-19T14:29:40.583+0000] {processor.py:840} INFO - DAG(s) 'ml_pipeline_with_dashboard' retrieved from /opt/airflow/dags/main_full_processs.py
[2025-07-19T14:29:47.091+0000] {logging_mixin.py:188} INFO - [2025-07-19T14:29:47.091+0000] {dag.py:3036} INFO - Sync 1 DAGs
[2025-07-19T14:29:48.020+0000] {logging_mixin.py:188} INFO - [2025-07-19T14:29:48.020+0000] {dag.py:3823} INFO - Setting next_dagrun for ml_pipeline_with_dashboard to None, run_after=None
[2025-07-19T14:29:48.868+0000] {processor.py:183} INFO - Processing /opt/airflow/dags/main_full_processs.py took 8.303 seconds
[2025-07-19T14:30:19.667+0000] {processor.py:161} INFO - Started process (PID=7625) to work on /opt/airflow/dags/main_full_processs.py
[2025-07-19T14:30:19.669+0000] {processor.py:830} INFO - Processing file /opt/airflow/dags/main_full_processs.py for tasks to queue
[2025-07-19T14:30:19.670+0000] {logging_mixin.py:188} INFO - [2025-07-19T14:30:19.670+0000] {dagbag.py:538} INFO - Filling up the DagBag from /opt/airflow/dags/main_full_processs.py
[2025-07-19T14:30:19.684+0000] {processor.py:840} INFO - DAG(s) 'ml_pipeline_with_dashboard' retrieved from /opt/airflow/dags/main_full_processs.py
[2025-07-19T14:30:19.731+0000] {logging_mixin.py:188} INFO - [2025-07-19T14:30:19.731+0000] {dag.py:3036} INFO - Sync 1 DAGs
[2025-07-19T14:30:20.085+0000] {logging_mixin.py:188} INFO - [2025-07-19T14:30:20.084+0000] {dag.py:3823} INFO - Setting next_dagrun for ml_pipeline_with_dashboard to None, run_after=None
[2025-07-19T14:30:20.107+0000] {processor.py:183} INFO - Processing /opt/airflow/dags/main_full_processs.py took 0.444 seconds
[2025-07-19T14:30:51.084+0000] {processor.py:161} INFO - Started process (PID=7660) to work on /opt/airflow/dags/main_full_processs.py
[2025-07-19T14:30:51.085+0000] {processor.py:830} INFO - Processing file /opt/airflow/dags/main_full_processs.py for tasks to queue
[2025-07-19T14:30:51.086+0000] {logging_mixin.py:188} INFO - [2025-07-19T14:30:51.086+0000] {dagbag.py:538} INFO - Filling up the DagBag from /opt/airflow/dags/main_full_processs.py
[2025-07-19T14:30:51.097+0000] {processor.py:840} INFO - DAG(s) 'ml_pipeline_with_dashboard' retrieved from /opt/airflow/dags/main_full_processs.py
[2025-07-19T14:30:51.125+0000] {logging_mixin.py:188} INFO - [2025-07-19T14:30:51.125+0000] {dag.py:3036} INFO - Sync 1 DAGs
[2025-07-19T14:30:51.139+0000] {logging_mixin.py:188} INFO - [2025-07-19T14:30:51.139+0000] {dag.py:3823} INFO - Setting next_dagrun for ml_pipeline_with_dashboard to None, run_after=None
[2025-07-19T14:30:51.161+0000] {processor.py:183} INFO - Processing /opt/airflow/dags/main_full_processs.py took 0.079 seconds
[2025-07-19T14:31:22.006+0000] {processor.py:161} INFO - Started process (PID=7695) to work on /opt/airflow/dags/main_full_processs.py
[2025-07-19T14:31:22.007+0000] {processor.py:830} INFO - Processing file /opt/airflow/dags/main_full_processs.py for tasks to queue
[2025-07-19T14:31:22.008+0000] {logging_mixin.py:188} INFO - [2025-07-19T14:31:22.008+0000] {dagbag.py:538} INFO - Filling up the DagBag from /opt/airflow/dags/main_full_processs.py
[2025-07-19T14:31:22.021+0000] {processor.py:840} INFO - DAG(s) 'ml_pipeline_with_dashboard' retrieved from /opt/airflow/dags/main_full_processs.py
[2025-07-19T14:31:22.050+0000] {logging_mixin.py:188} INFO - [2025-07-19T14:31:22.049+0000] {dag.py:3036} INFO - Sync 1 DAGs
[2025-07-19T14:31:22.062+0000] {logging_mixin.py:188} INFO - [2025-07-19T14:31:22.062+0000] {dag.py:3823} INFO - Setting next_dagrun for ml_pipeline_with_dashboard to None, run_after=None
[2025-07-19T14:31:22.086+0000] {processor.py:183} INFO - Processing /opt/airflow/dags/main_full_processs.py took 0.083 seconds
[2025-07-19T14:31:52.739+0000] {processor.py:161} INFO - Started process (PID=7730) to work on /opt/airflow/dags/main_full_processs.py
[2025-07-19T14:31:52.740+0000] {processor.py:830} INFO - Processing file /opt/airflow/dags/main_full_processs.py for tasks to queue
[2025-07-19T14:31:52.741+0000] {logging_mixin.py:188} INFO - [2025-07-19T14:31:52.740+0000] {dagbag.py:538} INFO - Filling up the DagBag from /opt/airflow/dags/main_full_processs.py
[2025-07-19T14:31:52.756+0000] {processor.py:840} INFO - DAG(s) 'ml_pipeline_with_dashboard' retrieved from /opt/airflow/dags/main_full_processs.py
[2025-07-19T14:31:52.784+0000] {logging_mixin.py:188} INFO - [2025-07-19T14:31:52.784+0000] {dag.py:3036} INFO - Sync 1 DAGs
[2025-07-19T14:31:52.797+0000] {logging_mixin.py:188} INFO - [2025-07-19T14:31:52.797+0000] {dag.py:3823} INFO - Setting next_dagrun for ml_pipeline_with_dashboard to None, run_after=None
[2025-07-19T14:31:52.819+0000] {processor.py:183} INFO - Processing /opt/airflow/dags/main_full_processs.py took 0.083 seconds
[2025-07-19T14:32:23.459+0000] {processor.py:161} INFO - Started process (PID=7765) to work on /opt/airflow/dags/main_full_processs.py
[2025-07-19T14:32:23.460+0000] {processor.py:830} INFO - Processing file /opt/airflow/dags/main_full_processs.py for tasks to queue
[2025-07-19T14:32:23.461+0000] {logging_mixin.py:188} INFO - [2025-07-19T14:32:23.461+0000] {dagbag.py:538} INFO - Filling up the DagBag from /opt/airflow/dags/main_full_processs.py
[2025-07-19T14:32:23.477+0000] {processor.py:840} INFO - DAG(s) 'ml_pipeline_with_dashboard' retrieved from /opt/airflow/dags/main_full_processs.py
[2025-07-19T14:32:23.507+0000] {logging_mixin.py:188} INFO - [2025-07-19T14:32:23.506+0000] {dag.py:3036} INFO - Sync 1 DAGs
[2025-07-19T14:32:23.519+0000] {logging_mixin.py:188} INFO - [2025-07-19T14:32:23.518+0000] {dag.py:3823} INFO - Setting next_dagrun for ml_pipeline_with_dashboard to None, run_after=None
[2025-07-19T14:32:23.536+0000] {processor.py:183} INFO - Processing /opt/airflow/dags/main_full_processs.py took 0.083 seconds
[2025-07-19T14:32:54.232+0000] {processor.py:161} INFO - Started process (PID=7800) to work on /opt/airflow/dags/main_full_processs.py
[2025-07-19T14:32:54.233+0000] {processor.py:830} INFO - Processing file /opt/airflow/dags/main_full_processs.py for tasks to queue
[2025-07-19T14:32:54.234+0000] {logging_mixin.py:188} INFO - [2025-07-19T14:32:54.234+0000] {dagbag.py:538} INFO - Filling up the DagBag from /opt/airflow/dags/main_full_processs.py
[2025-07-19T14:32:54.247+0000] {processor.py:840} INFO - DAG(s) 'ml_pipeline_with_dashboard' retrieved from /opt/airflow/dags/main_full_processs.py
[2025-07-19T14:32:54.283+0000] {logging_mixin.py:188} INFO - [2025-07-19T14:32:54.283+0000] {dag.py:3036} INFO - Sync 1 DAGs
[2025-07-19T14:32:54.294+0000] {logging_mixin.py:188} INFO - [2025-07-19T14:32:54.294+0000] {dag.py:3823} INFO - Setting next_dagrun for ml_pipeline_with_dashboard to None, run_after=None
[2025-07-19T14:32:54.314+0000] {processor.py:183} INFO - Processing /opt/airflow/dags/main_full_processs.py took 0.085 seconds
[2025-07-19T14:33:24.982+0000] {processor.py:161} INFO - Started process (PID=7835) to work on /opt/airflow/dags/main_full_processs.py
[2025-07-19T14:33:24.983+0000] {processor.py:830} INFO - Processing file /opt/airflow/dags/main_full_processs.py for tasks to queue
[2025-07-19T14:33:24.984+0000] {logging_mixin.py:188} INFO - [2025-07-19T14:33:24.983+0000] {dagbag.py:538} INFO - Filling up the DagBag from /opt/airflow/dags/main_full_processs.py
[2025-07-19T14:33:24.995+0000] {processor.py:840} INFO - DAG(s) 'ml_pipeline_with_dashboard' retrieved from /opt/airflow/dags/main_full_processs.py
[2025-07-19T14:33:25.024+0000] {logging_mixin.py:188} INFO - [2025-07-19T14:33:25.024+0000] {dag.py:3036} INFO - Sync 1 DAGs
[2025-07-19T14:33:25.037+0000] {logging_mixin.py:188} INFO - [2025-07-19T14:33:25.037+0000] {dag.py:3823} INFO - Setting next_dagrun for ml_pipeline_with_dashboard to None, run_after=None
[2025-07-19T14:33:25.059+0000] {processor.py:183} INFO - Processing /opt/airflow/dags/main_full_processs.py took 0.081 seconds
[2025-07-19T14:33:58.853+0000] {processor.py:161} INFO - Started process (PID=7868) to work on /opt/airflow/dags/main_full_processs.py
[2025-07-19T14:33:58.854+0000] {processor.py:830} INFO - Processing file /opt/airflow/dags/main_full_processs.py for tasks to queue
[2025-07-19T14:33:58.855+0000] {logging_mixin.py:188} INFO - [2025-07-19T14:33:58.855+0000] {dagbag.py:538} INFO - Filling up the DagBag from /opt/airflow/dags/main_full_processs.py
[2025-07-19T14:33:58.922+0000] {processor.py:840} INFO - DAG(s) 'ml_pipeline_with_dashboard' retrieved from /opt/airflow/dags/main_full_processs.py
[2025-07-19T14:33:59.519+0000] {logging_mixin.py:188} INFO - [2025-07-19T14:33:59.519+0000] {dag.py:3036} INFO - Sync 1 DAGs
[2025-07-19T14:33:59.839+0000] {logging_mixin.py:188} INFO - [2025-07-19T14:33:59.839+0000] {dag.py:3823} INFO - Setting next_dagrun for ml_pipeline_with_dashboard to None, run_after=None
[2025-07-19T14:34:01.064+0000] {processor.py:183} INFO - Processing /opt/airflow/dags/main_full_processs.py took 3.851 seconds
[2025-07-19T14:34:25.105+0000] {processor.py:161} INFO - Started process (PID=7902) to work on /opt/airflow/dags/main_full_processs.py
[2025-07-19T14:34:25.106+0000] {processor.py:830} INFO - Processing file /opt/airflow/dags/main_full_processs.py for tasks to queue
[2025-07-19T14:34:25.107+0000] {logging_mixin.py:188} INFO - [2025-07-19T14:34:25.107+0000] {dagbag.py:538} INFO - Filling up the DagBag from /opt/airflow/dags/main_full_processs.py
[2025-07-19T14:34:25.400+0000] {processor.py:840} INFO - DAG(s) 'ml_pipeline_with_dashboard' retrieved from /opt/airflow/dags/main_full_processs.py
[2025-07-19T14:34:25.554+0000] {logging_mixin.py:188} INFO - [2025-07-19T14:34:25.554+0000] {dag.py:3036} INFO - Sync 1 DAGs
[2025-07-19T14:34:25.568+0000] {logging_mixin.py:188} INFO - [2025-07-19T14:34:25.567+0000] {dag.py:3823} INFO - Setting next_dagrun for ml_pipeline_with_dashboard to None, run_after=None
[2025-07-19T14:34:25.672+0000] {processor.py:183} INFO - Processing /opt/airflow/dags/main_full_processs.py took 0.569 seconds
[2025-07-19T14:34:56.314+0000] {processor.py:161} INFO - Started process (PID=7937) to work on /opt/airflow/dags/main_full_processs.py
[2025-07-19T14:34:56.316+0000] {processor.py:830} INFO - Processing file /opt/airflow/dags/main_full_processs.py for tasks to queue
[2025-07-19T14:34:56.317+0000] {logging_mixin.py:188} INFO - [2025-07-19T14:34:56.316+0000] {dagbag.py:538} INFO - Filling up the DagBag from /opt/airflow/dags/main_full_processs.py
[2025-07-19T14:34:56.327+0000] {processor.py:840} INFO - DAG(s) 'ml_pipeline_with_dashboard' retrieved from /opt/airflow/dags/main_full_processs.py
[2025-07-19T14:34:56.355+0000] {logging_mixin.py:188} INFO - [2025-07-19T14:34:56.355+0000] {dag.py:3036} INFO - Sync 1 DAGs
[2025-07-19T14:34:56.368+0000] {logging_mixin.py:188} INFO - [2025-07-19T14:34:56.368+0000] {dag.py:3823} INFO - Setting next_dagrun for ml_pipeline_with_dashboard to None, run_after=None
[2025-07-19T14:34:56.388+0000] {processor.py:183} INFO - Processing /opt/airflow/dags/main_full_processs.py took 0.077 seconds
[2025-07-19T14:37:44.171+0000] {processor.py:161} INFO - Started process (PID=8002) to work on /opt/airflow/dags/main_full_processs.py
[2025-07-19T14:37:44.172+0000] {processor.py:830} INFO - Processing file /opt/airflow/dags/main_full_processs.py for tasks to queue
[2025-07-19T14:37:44.175+0000] {logging_mixin.py:188} INFO - [2025-07-19T14:37:44.175+0000] {dagbag.py:538} INFO - Filling up the DagBag from /opt/airflow/dags/main_full_processs.py
[2025-07-19T14:37:44.291+0000] {processor.py:840} INFO - DAG(s) 'ml_pipeline_with_dashboard' retrieved from /opt/airflow/dags/main_full_processs.py
[2025-07-19T14:37:44.329+0000] {logging_mixin.py:188} INFO - [2025-07-19T14:37:44.328+0000] {dag.py:3036} INFO - Sync 1 DAGs
[2025-07-19T14:37:44.343+0000] {logging_mixin.py:188} INFO - [2025-07-19T14:37:44.343+0000] {dag.py:3823} INFO - Setting next_dagrun for ml_pipeline_with_dashboard to None, run_after=None
[2025-07-19T14:37:44.366+0000] {processor.py:183} INFO - Processing /opt/airflow/dags/main_full_processs.py took 0.198 seconds
[2025-07-19T14:38:14.677+0000] {processor.py:161} INFO - Started process (PID=8035) to work on /opt/airflow/dags/main_full_processs.py
[2025-07-19T14:38:14.678+0000] {processor.py:830} INFO - Processing file /opt/airflow/dags/main_full_processs.py for tasks to queue
[2025-07-19T14:38:14.679+0000] {logging_mixin.py:188} INFO - [2025-07-19T14:38:14.679+0000] {dagbag.py:538} INFO - Filling up the DagBag from /opt/airflow/dags/main_full_processs.py
[2025-07-19T14:38:14.691+0000] {processor.py:840} INFO - DAG(s) 'ml_pipeline_with_dashboard' retrieved from /opt/airflow/dags/main_full_processs.py
[2025-07-19T14:38:14.717+0000] {logging_mixin.py:188} INFO - [2025-07-19T14:38:14.717+0000] {dag.py:3036} INFO - Sync 1 DAGs
[2025-07-19T14:38:14.729+0000] {logging_mixin.py:188} INFO - [2025-07-19T14:38:14.729+0000] {dag.py:3823} INFO - Setting next_dagrun for ml_pipeline_with_dashboard to None, run_after=None
[2025-07-19T14:38:14.752+0000] {processor.py:183} INFO - Processing /opt/airflow/dags/main_full_processs.py took 0.079 seconds
[2025-07-19T14:38:47.425+0000] {processor.py:161} INFO - Started process (PID=8070) to work on /opt/airflow/dags/main_full_processs.py
[2025-07-19T14:38:47.426+0000] {processor.py:830} INFO - Processing file /opt/airflow/dags/main_full_processs.py for tasks to queue
[2025-07-19T14:38:47.427+0000] {logging_mixin.py:188} INFO - [2025-07-19T14:38:47.426+0000] {dagbag.py:538} INFO - Filling up the DagBag from /opt/airflow/dags/main_full_processs.py
[2025-07-19T14:38:47.611+0000] {processor.py:840} INFO - DAG(s) 'ml_pipeline_with_dashboard' retrieved from /opt/airflow/dags/main_full_processs.py
[2025-07-19T14:38:47.851+0000] {logging_mixin.py:188} INFO - [2025-07-19T14:38:47.851+0000] {dag.py:3036} INFO - Sync 1 DAGs
[2025-07-19T14:38:47.864+0000] {logging_mixin.py:188} INFO - [2025-07-19T14:38:47.864+0000] {dag.py:3823} INFO - Setting next_dagrun for ml_pipeline_with_dashboard to None, run_after=None
[2025-07-19T14:38:47.887+0000] {processor.py:183} INFO - Processing /opt/airflow/dags/main_full_processs.py took 0.466 seconds
[2025-07-19T14:39:18.894+0000] {processor.py:161} INFO - Started process (PID=8102) to work on /opt/airflow/dags/main_full_processs.py
[2025-07-19T14:39:18.895+0000] {processor.py:830} INFO - Processing file /opt/airflow/dags/main_full_processs.py for tasks to queue
[2025-07-19T14:39:18.896+0000] {logging_mixin.py:188} INFO - [2025-07-19T14:39:18.895+0000] {dagbag.py:538} INFO - Filling up the DagBag from /opt/airflow/dags/main_full_processs.py
[2025-07-19T14:39:19.085+0000] {processor.py:840} INFO - DAG(s) 'ml_pipeline_with_dashboard' retrieved from /opt/airflow/dags/main_full_processs.py
[2025-07-19T14:39:19.113+0000] {logging_mixin.py:188} INFO - [2025-07-19T14:39:19.112+0000] {dag.py:3036} INFO - Sync 1 DAGs
[2025-07-19T14:39:19.125+0000] {logging_mixin.py:188} INFO - [2025-07-19T14:39:19.124+0000] {dag.py:3823} INFO - Setting next_dagrun for ml_pipeline_with_dashboard to None, run_after=None
[2025-07-19T14:39:19.145+0000] {processor.py:183} INFO - Processing /opt/airflow/dags/main_full_processs.py took 0.254 seconds
[2025-07-19T14:39:50.212+0000] {processor.py:161} INFO - Started process (PID=8139) to work on /opt/airflow/dags/main_full_processs.py
[2025-07-19T14:39:50.213+0000] {processor.py:830} INFO - Processing file /opt/airflow/dags/main_full_processs.py for tasks to queue
[2025-07-19T14:39:50.214+0000] {logging_mixin.py:188} INFO - [2025-07-19T14:39:50.214+0000] {dagbag.py:538} INFO - Filling up the DagBag from /opt/airflow/dags/main_full_processs.py
[2025-07-19T14:39:50.225+0000] {processor.py:840} INFO - DAG(s) 'ml_pipeline_with_dashboard' retrieved from /opt/airflow/dags/main_full_processs.py
[2025-07-19T14:39:50.254+0000] {logging_mixin.py:188} INFO - [2025-07-19T14:39:50.254+0000] {dag.py:3036} INFO - Sync 1 DAGs
[2025-07-19T14:39:50.266+0000] {logging_mixin.py:188} INFO - [2025-07-19T14:39:50.266+0000] {dag.py:3823} INFO - Setting next_dagrun for ml_pipeline_with_dashboard to None, run_after=None
[2025-07-19T14:39:50.289+0000] {processor.py:183} INFO - Processing /opt/airflow/dags/main_full_processs.py took 0.079 seconds
[2025-07-19T14:40:20.953+0000] {processor.py:161} INFO - Started process (PID=8177) to work on /opt/airflow/dags/main_full_processs.py
[2025-07-19T14:40:20.954+0000] {processor.py:830} INFO - Processing file /opt/airflow/dags/main_full_processs.py for tasks to queue
[2025-07-19T14:40:20.955+0000] {logging_mixin.py:188} INFO - [2025-07-19T14:40:20.955+0000] {dagbag.py:538} INFO - Filling up the DagBag from /opt/airflow/dags/main_full_processs.py
[2025-07-19T14:40:20.970+0000] {processor.py:840} INFO - DAG(s) 'ml_pipeline_with_dashboard' retrieved from /opt/airflow/dags/main_full_processs.py
[2025-07-19T14:40:21.030+0000] {logging_mixin.py:188} INFO - [2025-07-19T14:40:21.029+0000] {dag.py:3036} INFO - Sync 1 DAGs
[2025-07-19T14:40:21.047+0000] {logging_mixin.py:188} INFO - [2025-07-19T14:40:21.047+0000] {dag.py:3823} INFO - Setting next_dagrun for ml_pipeline_with_dashboard to None, run_after=None
[2025-07-19T14:40:21.074+0000] {processor.py:183} INFO - Processing /opt/airflow/dags/main_full_processs.py took 0.124 seconds
[2025-07-19T14:40:52.164+0000] {processor.py:161} INFO - Started process (PID=8210) to work on /opt/airflow/dags/main_full_processs.py
[2025-07-19T14:40:52.166+0000] {processor.py:830} INFO - Processing file /opt/airflow/dags/main_full_processs.py for tasks to queue
[2025-07-19T14:40:52.166+0000] {logging_mixin.py:188} INFO - [2025-07-19T14:40:52.166+0000] {dagbag.py:538} INFO - Filling up the DagBag from /opt/airflow/dags/main_full_processs.py
[2025-07-19T14:40:52.177+0000] {processor.py:840} INFO - DAG(s) 'ml_pipeline_with_dashboard' retrieved from /opt/airflow/dags/main_full_processs.py
[2025-07-19T14:40:52.203+0000] {logging_mixin.py:188} INFO - [2025-07-19T14:40:52.203+0000] {dag.py:3036} INFO - Sync 1 DAGs
[2025-07-19T14:40:52.215+0000] {logging_mixin.py:188} INFO - [2025-07-19T14:40:52.215+0000] {dag.py:3823} INFO - Setting next_dagrun for ml_pipeline_with_dashboard to None, run_after=None
[2025-07-19T14:40:52.395+0000] {processor.py:183} INFO - Processing /opt/airflow/dags/main_full_processs.py took 0.234 seconds
[2025-07-19T14:41:26.836+0000] {processor.py:161} INFO - Started process (PID=8240) to work on /opt/airflow/dags/main_full_processs.py
[2025-07-19T14:41:26.837+0000] {processor.py:830} INFO - Processing file /opt/airflow/dags/main_full_processs.py for tasks to queue
[2025-07-19T14:41:26.838+0000] {logging_mixin.py:188} INFO - [2025-07-19T14:41:26.838+0000] {dagbag.py:538} INFO - Filling up the DagBag from /opt/airflow/dags/main_full_processs.py
[2025-07-19T14:41:26.849+0000] {processor.py:840} INFO - DAG(s) 'ml_pipeline_with_dashboard' retrieved from /opt/airflow/dags/main_full_processs.py
[2025-07-19T14:41:26.874+0000] {logging_mixin.py:188} INFO - [2025-07-19T14:41:26.874+0000] {dag.py:3036} INFO - Sync 1 DAGs
[2025-07-19T14:41:26.885+0000] {logging_mixin.py:188} INFO - [2025-07-19T14:41:26.885+0000] {dag.py:3823} INFO - Setting next_dagrun for ml_pipeline_with_dashboard to None, run_after=None
[2025-07-19T14:41:26.908+0000] {processor.py:183} INFO - Processing /opt/airflow/dags/main_full_processs.py took 0.075 seconds
[2025-07-19T14:41:57.364+0000] {processor.py:161} INFO - Started process (PID=8270) to work on /opt/airflow/dags/main_full_processs.py
[2025-07-19T14:41:57.365+0000] {processor.py:830} INFO - Processing file /opt/airflow/dags/main_full_processs.py for tasks to queue
[2025-07-19T14:41:57.366+0000] {logging_mixin.py:188} INFO - [2025-07-19T14:41:57.365+0000] {dagbag.py:538} INFO - Filling up the DagBag from /opt/airflow/dags/main_full_processs.py
[2025-07-19T14:41:57.489+0000] {processor.py:840} INFO - DAG(s) 'ml_pipeline_with_dashboard' retrieved from /opt/airflow/dags/main_full_processs.py
[2025-07-19T14:41:57.513+0000] {logging_mixin.py:188} INFO - [2025-07-19T14:41:57.513+0000] {dag.py:3036} INFO - Sync 1 DAGs
[2025-07-19T14:41:57.525+0000] {logging_mixin.py:188} INFO - [2025-07-19T14:41:57.525+0000] {dag.py:3823} INFO - Setting next_dagrun for ml_pipeline_with_dashboard to None, run_after=None
[2025-07-19T14:41:57.543+0000] {processor.py:183} INFO - Processing /opt/airflow/dags/main_full_processs.py took 0.182 seconds
[2025-07-19T14:42:27.766+0000] {processor.py:161} INFO - Started process (PID=8305) to work on /opt/airflow/dags/main_full_processs.py
[2025-07-19T14:42:27.767+0000] {processor.py:830} INFO - Processing file /opt/airflow/dags/main_full_processs.py for tasks to queue
[2025-07-19T14:42:27.768+0000] {logging_mixin.py:188} INFO - [2025-07-19T14:42:27.768+0000] {dagbag.py:538} INFO - Filling up the DagBag from /opt/airflow/dags/main_full_processs.py
[2025-07-19T14:42:27.778+0000] {processor.py:840} INFO - DAG(s) 'ml_pipeline_with_dashboard' retrieved from /opt/airflow/dags/main_full_processs.py
[2025-07-19T14:42:27.808+0000] {logging_mixin.py:188} INFO - [2025-07-19T14:42:27.807+0000] {dag.py:3036} INFO - Sync 1 DAGs
[2025-07-19T14:42:27.824+0000] {logging_mixin.py:188} INFO - [2025-07-19T14:42:27.824+0000] {dag.py:3823} INFO - Setting next_dagrun for ml_pipeline_with_dashboard to None, run_after=None
[2025-07-19T14:42:27.902+0000] {processor.py:183} INFO - Processing /opt/airflow/dags/main_full_processs.py took 0.139 seconds
[2025-07-19T14:42:58.080+0000] {processor.py:161} INFO - Started process (PID=8337) to work on /opt/airflow/dags/main_full_processs.py
[2025-07-19T14:42:58.082+0000] {processor.py:830} INFO - Processing file /opt/airflow/dags/main_full_processs.py for tasks to queue
[2025-07-19T14:42:58.082+0000] {logging_mixin.py:188} INFO - [2025-07-19T14:42:58.082+0000] {dagbag.py:538} INFO - Filling up the DagBag from /opt/airflow/dags/main_full_processs.py
[2025-07-19T14:42:58.092+0000] {processor.py:840} INFO - DAG(s) 'ml_pipeline_with_dashboard' retrieved from /opt/airflow/dags/main_full_processs.py
[2025-07-19T14:42:58.156+0000] {logging_mixin.py:188} INFO - [2025-07-19T14:42:58.156+0000] {dag.py:3036} INFO - Sync 1 DAGs
[2025-07-19T14:42:58.167+0000] {logging_mixin.py:188} INFO - [2025-07-19T14:42:58.167+0000] {dag.py:3823} INFO - Setting next_dagrun for ml_pipeline_with_dashboard to None, run_after=None
[2025-07-19T14:42:58.213+0000] {processor.py:183} INFO - Processing /opt/airflow/dags/main_full_processs.py took 0.135 seconds
[2025-07-19T14:43:28.609+0000] {processor.py:161} INFO - Started process (PID=8372) to work on /opt/airflow/dags/main_full_processs.py
[2025-07-19T14:43:28.610+0000] {processor.py:830} INFO - Processing file /opt/airflow/dags/main_full_processs.py for tasks to queue
[2025-07-19T14:43:28.611+0000] {logging_mixin.py:188} INFO - [2025-07-19T14:43:28.610+0000] {dagbag.py:538} INFO - Filling up the DagBag from /opt/airflow/dags/main_full_processs.py
[2025-07-19T14:43:28.622+0000] {processor.py:840} INFO - DAG(s) 'ml_pipeline_with_dashboard' retrieved from /opt/airflow/dags/main_full_processs.py
[2025-07-19T14:43:28.648+0000] {logging_mixin.py:188} INFO - [2025-07-19T14:43:28.648+0000] {dag.py:3036} INFO - Sync 1 DAGs
[2025-07-19T14:43:28.660+0000] {logging_mixin.py:188} INFO - [2025-07-19T14:43:28.659+0000] {dag.py:3823} INFO - Setting next_dagrun for ml_pipeline_with_dashboard to None, run_after=None
[2025-07-19T14:43:28.679+0000] {processor.py:183} INFO - Processing /opt/airflow/dags/main_full_processs.py took 0.074 seconds
[2025-07-19T14:43:59.405+0000] {processor.py:161} INFO - Started process (PID=8407) to work on /opt/airflow/dags/main_full_processs.py
[2025-07-19T14:43:59.406+0000] {processor.py:830} INFO - Processing file /opt/airflow/dags/main_full_processs.py for tasks to queue
[2025-07-19T14:43:59.407+0000] {logging_mixin.py:188} INFO - [2025-07-19T14:43:59.407+0000] {dagbag.py:538} INFO - Filling up the DagBag from /opt/airflow/dags/main_full_processs.py
[2025-07-19T14:43:59.418+0000] {processor.py:840} INFO - DAG(s) 'ml_pipeline_with_dashboard' retrieved from /opt/airflow/dags/main_full_processs.py
[2025-07-19T14:43:59.442+0000] {logging_mixin.py:188} INFO - [2025-07-19T14:43:59.441+0000] {dag.py:3036} INFO - Sync 1 DAGs
[2025-07-19T14:43:59.453+0000] {logging_mixin.py:188} INFO - [2025-07-19T14:43:59.453+0000] {dag.py:3823} INFO - Setting next_dagrun for ml_pipeline_with_dashboard to None, run_after=None
[2025-07-19T14:43:59.472+0000] {processor.py:183} INFO - Processing /opt/airflow/dags/main_full_processs.py took 0.070 seconds
[2025-07-19T14:44:30.186+0000] {processor.py:161} INFO - Started process (PID=8442) to work on /opt/airflow/dags/main_full_processs.py
[2025-07-19T14:44:30.187+0000] {processor.py:830} INFO - Processing file /opt/airflow/dags/main_full_processs.py for tasks to queue
[2025-07-19T14:44:30.188+0000] {logging_mixin.py:188} INFO - [2025-07-19T14:44:30.188+0000] {dagbag.py:538} INFO - Filling up the DagBag from /opt/airflow/dags/main_full_processs.py
[2025-07-19T14:44:30.197+0000] {processor.py:840} INFO - DAG(s) 'ml_pipeline_with_dashboard' retrieved from /opt/airflow/dags/main_full_processs.py
[2025-07-19T14:44:30.223+0000] {logging_mixin.py:188} INFO - [2025-07-19T14:44:30.223+0000] {dag.py:3036} INFO - Sync 1 DAGs
[2025-07-19T14:44:30.235+0000] {logging_mixin.py:188} INFO - [2025-07-19T14:44:30.234+0000] {dag.py:3823} INFO - Setting next_dagrun for ml_pipeline_with_dashboard to None, run_after=None
[2025-07-19T14:44:30.253+0000] {processor.py:183} INFO - Processing /opt/airflow/dags/main_full_processs.py took 0.069 seconds
[2025-07-19T14:45:00.634+0000] {processor.py:161} INFO - Started process (PID=8477) to work on /opt/airflow/dags/main_full_processs.py
[2025-07-19T14:45:00.635+0000] {processor.py:830} INFO - Processing file /opt/airflow/dags/main_full_processs.py for tasks to queue
[2025-07-19T14:45:00.636+0000] {logging_mixin.py:188} INFO - [2025-07-19T14:45:00.636+0000] {dagbag.py:538} INFO - Filling up the DagBag from /opt/airflow/dags/main_full_processs.py
[2025-07-19T14:45:00.647+0000] {processor.py:840} INFO - DAG(s) 'ml_pipeline_with_dashboard' retrieved from /opt/airflow/dags/main_full_processs.py
[2025-07-19T14:45:00.673+0000] {logging_mixin.py:188} INFO - [2025-07-19T14:45:00.672+0000] {dag.py:3036} INFO - Sync 1 DAGs
[2025-07-19T14:45:00.688+0000] {logging_mixin.py:188} INFO - [2025-07-19T14:45:00.688+0000] {dag.py:3823} INFO - Setting next_dagrun for ml_pipeline_with_dashboard to None, run_after=None
[2025-07-19T14:45:00.709+0000] {processor.py:183} INFO - Processing /opt/airflow/dags/main_full_processs.py took 0.078 seconds
[2025-07-19T14:45:31.389+0000] {processor.py:161} INFO - Started process (PID=8512) to work on /opt/airflow/dags/main_full_processs.py
[2025-07-19T14:45:31.389+0000] {processor.py:830} INFO - Processing file /opt/airflow/dags/main_full_processs.py for tasks to queue
[2025-07-19T14:45:31.390+0000] {logging_mixin.py:188} INFO - [2025-07-19T14:45:31.390+0000] {dagbag.py:538} INFO - Filling up the DagBag from /opt/airflow/dags/main_full_processs.py
[2025-07-19T14:45:31.401+0000] {processor.py:840} INFO - DAG(s) 'ml_pipeline_with_dashboard' retrieved from /opt/airflow/dags/main_full_processs.py
[2025-07-19T14:45:31.424+0000] {logging_mixin.py:188} INFO - [2025-07-19T14:45:31.424+0000] {dag.py:3036} INFO - Sync 1 DAGs
[2025-07-19T14:45:31.435+0000] {logging_mixin.py:188} INFO - [2025-07-19T14:45:31.434+0000] {dag.py:3823} INFO - Setting next_dagrun for ml_pipeline_with_dashboard to None, run_after=None
[2025-07-19T14:45:31.452+0000] {processor.py:183} INFO - Processing /opt/airflow/dags/main_full_processs.py took 0.066 seconds
[2025-07-19T14:46:02.074+0000] {processor.py:161} INFO - Started process (PID=8547) to work on /opt/airflow/dags/main_full_processs.py
[2025-07-19T14:46:02.074+0000] {processor.py:830} INFO - Processing file /opt/airflow/dags/main_full_processs.py for tasks to queue
[2025-07-19T14:46:02.075+0000] {logging_mixin.py:188} INFO - [2025-07-19T14:46:02.075+0000] {dagbag.py:538} INFO - Filling up the DagBag from /opt/airflow/dags/main_full_processs.py
[2025-07-19T14:46:02.085+0000] {processor.py:840} INFO - DAG(s) 'ml_pipeline_with_dashboard' retrieved from /opt/airflow/dags/main_full_processs.py
[2025-07-19T14:46:02.109+0000] {logging_mixin.py:188} INFO - [2025-07-19T14:46:02.108+0000] {dag.py:3036} INFO - Sync 1 DAGs
[2025-07-19T14:46:02.121+0000] {logging_mixin.py:188} INFO - [2025-07-19T14:46:02.121+0000] {dag.py:3823} INFO - Setting next_dagrun for ml_pipeline_with_dashboard to None, run_after=None
[2025-07-19T14:46:02.142+0000] {processor.py:183} INFO - Processing /opt/airflow/dags/main_full_processs.py took 0.071 seconds
[2025-07-19T14:46:32.682+0000] {processor.py:161} INFO - Started process (PID=8582) to work on /opt/airflow/dags/main_full_processs.py
[2025-07-19T14:46:32.683+0000] {processor.py:830} INFO - Processing file /opt/airflow/dags/main_full_processs.py for tasks to queue
[2025-07-19T14:46:32.684+0000] {logging_mixin.py:188} INFO - [2025-07-19T14:46:32.683+0000] {dagbag.py:538} INFO - Filling up the DagBag from /opt/airflow/dags/main_full_processs.py
[2025-07-19T14:46:32.707+0000] {processor.py:840} INFO - DAG(s) 'ml_pipeline_with_dashboard' retrieved from /opt/airflow/dags/main_full_processs.py
[2025-07-19T14:46:32.733+0000] {logging_mixin.py:188} INFO - [2025-07-19T14:46:32.732+0000] {dag.py:3036} INFO - Sync 1 DAGs
[2025-07-19T14:46:32.745+0000] {logging_mixin.py:188} INFO - [2025-07-19T14:46:32.744+0000] {dag.py:3823} INFO - Setting next_dagrun for ml_pipeline_with_dashboard to None, run_after=None
[2025-07-19T14:46:32.763+0000] {processor.py:183} INFO - Processing /opt/airflow/dags/main_full_processs.py took 0.084 seconds
[2025-07-19T14:47:03.289+0000] {processor.py:161} INFO - Started process (PID=8617) to work on /opt/airflow/dags/main_full_processs.py
[2025-07-19T14:47:03.290+0000] {processor.py:830} INFO - Processing file /opt/airflow/dags/main_full_processs.py for tasks to queue
[2025-07-19T14:47:03.291+0000] {logging_mixin.py:188} INFO - [2025-07-19T14:47:03.291+0000] {dagbag.py:538} INFO - Filling up the DagBag from /opt/airflow/dags/main_full_processs.py
[2025-07-19T14:47:03.302+0000] {processor.py:840} INFO - DAG(s) 'ml_pipeline_with_dashboard' retrieved from /opt/airflow/dags/main_full_processs.py
[2025-07-19T14:47:03.325+0000] {logging_mixin.py:188} INFO - [2025-07-19T14:47:03.325+0000] {dag.py:3036} INFO - Sync 1 DAGs
[2025-07-19T14:47:03.336+0000] {logging_mixin.py:188} INFO - [2025-07-19T14:47:03.336+0000] {dag.py:3823} INFO - Setting next_dagrun for ml_pipeline_with_dashboard to None, run_after=None
[2025-07-19T14:47:03.357+0000] {processor.py:183} INFO - Processing /opt/airflow/dags/main_full_processs.py took 0.071 seconds
[2025-07-19T14:47:33.810+0000] {processor.py:161} INFO - Started process (PID=8652) to work on /opt/airflow/dags/main_full_processs.py
[2025-07-19T14:47:33.811+0000] {processor.py:830} INFO - Processing file /opt/airflow/dags/main_full_processs.py for tasks to queue
[2025-07-19T14:47:33.812+0000] {logging_mixin.py:188} INFO - [2025-07-19T14:47:33.812+0000] {dagbag.py:538} INFO - Filling up the DagBag from /opt/airflow/dags/main_full_processs.py
[2025-07-19T14:47:33.844+0000] {processor.py:840} INFO - DAG(s) 'ml_pipeline_with_dashboard' retrieved from /opt/airflow/dags/main_full_processs.py
[2025-07-19T14:47:33.871+0000] {logging_mixin.py:188} INFO - [2025-07-19T14:47:33.870+0000] {dag.py:3036} INFO - Sync 1 DAGs
[2025-07-19T14:47:33.882+0000] {logging_mixin.py:188} INFO - [2025-07-19T14:47:33.881+0000] {dag.py:3823} INFO - Setting next_dagrun for ml_pipeline_with_dashboard to None, run_after=None
[2025-07-19T14:47:33.902+0000] {processor.py:183} INFO - Processing /opt/airflow/dags/main_full_processs.py took 0.096 seconds
[2025-07-19T14:48:04.535+0000] {processor.py:161} INFO - Started process (PID=8687) to work on /opt/airflow/dags/main_full_processs.py
[2025-07-19T14:48:04.536+0000] {processor.py:830} INFO - Processing file /opt/airflow/dags/main_full_processs.py for tasks to queue
[2025-07-19T14:48:04.536+0000] {logging_mixin.py:188} INFO - [2025-07-19T14:48:04.536+0000] {dagbag.py:538} INFO - Filling up the DagBag from /opt/airflow/dags/main_full_processs.py
[2025-07-19T14:48:04.546+0000] {processor.py:840} INFO - DAG(s) 'ml_pipeline_with_dashboard' retrieved from /opt/airflow/dags/main_full_processs.py
[2025-07-19T14:48:04.569+0000] {logging_mixin.py:188} INFO - [2025-07-19T14:48:04.569+0000] {dag.py:3036} INFO - Sync 1 DAGs
[2025-07-19T14:48:04.581+0000] {logging_mixin.py:188} INFO - [2025-07-19T14:48:04.580+0000] {dag.py:3823} INFO - Setting next_dagrun for ml_pipeline_with_dashboard to None, run_after=None
[2025-07-19T14:48:04.600+0000] {processor.py:183} INFO - Processing /opt/airflow/dags/main_full_processs.py took 0.068 seconds
[2025-07-19T14:48:35.143+0000] {processor.py:161} INFO - Started process (PID=8722) to work on /opt/airflow/dags/main_full_processs.py
[2025-07-19T14:48:35.144+0000] {processor.py:830} INFO - Processing file /opt/airflow/dags/main_full_processs.py for tasks to queue
[2025-07-19T14:48:35.145+0000] {logging_mixin.py:188} INFO - [2025-07-19T14:48:35.145+0000] {dagbag.py:538} INFO - Filling up the DagBag from /opt/airflow/dags/main_full_processs.py
[2025-07-19T14:48:35.157+0000] {processor.py:840} INFO - DAG(s) 'ml_pipeline_with_dashboard' retrieved from /opt/airflow/dags/main_full_processs.py
[2025-07-19T14:48:35.183+0000] {logging_mixin.py:188} INFO - [2025-07-19T14:48:35.183+0000] {dag.py:3036} INFO - Sync 1 DAGs
[2025-07-19T14:48:35.195+0000] {logging_mixin.py:188} INFO - [2025-07-19T14:48:35.195+0000] {dag.py:3823} INFO - Setting next_dagrun for ml_pipeline_with_dashboard to None, run_after=None
[2025-07-19T14:48:35.213+0000] {processor.py:183} INFO - Processing /opt/airflow/dags/main_full_processs.py took 0.073 seconds
[2025-07-19T14:49:05.716+0000] {processor.py:161} INFO - Started process (PID=8757) to work on /opt/airflow/dags/main_full_processs.py
[2025-07-19T14:49:05.717+0000] {processor.py:830} INFO - Processing file /opt/airflow/dags/main_full_processs.py for tasks to queue
[2025-07-19T14:49:05.718+0000] {logging_mixin.py:188} INFO - [2025-07-19T14:49:05.717+0000] {dagbag.py:538} INFO - Filling up the DagBag from /opt/airflow/dags/main_full_processs.py
[2025-07-19T14:49:05.728+0000] {processor.py:840} INFO - DAG(s) 'ml_pipeline_with_dashboard' retrieved from /opt/airflow/dags/main_full_processs.py
[2025-07-19T14:49:05.753+0000] {logging_mixin.py:188} INFO - [2025-07-19T14:49:05.753+0000] {dag.py:3036} INFO - Sync 1 DAGs
[2025-07-19T14:49:05.765+0000] {logging_mixin.py:188} INFO - [2025-07-19T14:49:05.764+0000] {dag.py:3823} INFO - Setting next_dagrun for ml_pipeline_with_dashboard to None, run_after=None
[2025-07-19T14:49:05.788+0000] {processor.py:183} INFO - Processing /opt/airflow/dags/main_full_processs.py took 0.075 seconds
[2025-07-19T14:49:36.244+0000] {processor.py:161} INFO - Started process (PID=8792) to work on /opt/airflow/dags/main_full_processs.py
[2025-07-19T14:49:36.245+0000] {processor.py:830} INFO - Processing file /opt/airflow/dags/main_full_processs.py for tasks to queue
[2025-07-19T14:49:36.246+0000] {logging_mixin.py:188} INFO - [2025-07-19T14:49:36.245+0000] {dagbag.py:538} INFO - Filling up the DagBag from /opt/airflow/dags/main_full_processs.py
[2025-07-19T14:49:36.255+0000] {processor.py:840} INFO - DAG(s) 'ml_pipeline_with_dashboard' retrieved from /opt/airflow/dags/main_full_processs.py
[2025-07-19T14:49:36.279+0000] {logging_mixin.py:188} INFO - [2025-07-19T14:49:36.279+0000] {dag.py:3036} INFO - Sync 1 DAGs
[2025-07-19T14:49:36.291+0000] {logging_mixin.py:188} INFO - [2025-07-19T14:49:36.290+0000] {dag.py:3823} INFO - Setting next_dagrun for ml_pipeline_with_dashboard to None, run_after=None
[2025-07-19T14:49:36.311+0000] {processor.py:183} INFO - Processing /opt/airflow/dags/main_full_processs.py took 0.071 seconds
[2025-07-19T14:50:06.832+0000] {processor.py:161} INFO - Started process (PID=8827) to work on /opt/airflow/dags/main_full_processs.py
[2025-07-19T14:50:06.833+0000] {processor.py:830} INFO - Processing file /opt/airflow/dags/main_full_processs.py for tasks to queue
[2025-07-19T14:50:06.834+0000] {logging_mixin.py:188} INFO - [2025-07-19T14:50:06.833+0000] {dagbag.py:538} INFO - Filling up the DagBag from /opt/airflow/dags/main_full_processs.py
[2025-07-19T14:50:06.843+0000] {processor.py:840} INFO - DAG(s) 'ml_pipeline_with_dashboard' retrieved from /opt/airflow/dags/main_full_processs.py
[2025-07-19T14:50:06.866+0000] {logging_mixin.py:188} INFO - [2025-07-19T14:50:06.866+0000] {dag.py:3036} INFO - Sync 1 DAGs
[2025-07-19T14:50:06.877+0000] {logging_mixin.py:188} INFO - [2025-07-19T14:50:06.876+0000] {dag.py:3823} INFO - Setting next_dagrun for ml_pipeline_with_dashboard to None, run_after=None
[2025-07-19T14:50:06.895+0000] {processor.py:183} INFO - Processing /opt/airflow/dags/main_full_processs.py took 0.065 seconds
[2025-07-19T14:50:37.372+0000] {processor.py:161} INFO - Started process (PID=8862) to work on /opt/airflow/dags/main_full_processs.py
[2025-07-19T14:50:37.373+0000] {processor.py:830} INFO - Processing file /opt/airflow/dags/main_full_processs.py for tasks to queue
[2025-07-19T14:50:37.374+0000] {logging_mixin.py:188} INFO - [2025-07-19T14:50:37.374+0000] {dagbag.py:538} INFO - Filling up the DagBag from /opt/airflow/dags/main_full_processs.py
[2025-07-19T14:50:37.384+0000] {processor.py:840} INFO - DAG(s) 'ml_pipeline_with_dashboard' retrieved from /opt/airflow/dags/main_full_processs.py
[2025-07-19T14:50:37.409+0000] {logging_mixin.py:188} INFO - [2025-07-19T14:50:37.408+0000] {dag.py:3036} INFO - Sync 1 DAGs
[2025-07-19T14:50:37.420+0000] {logging_mixin.py:188} INFO - [2025-07-19T14:50:37.420+0000] {dag.py:3823} INFO - Setting next_dagrun for ml_pipeline_with_dashboard to None, run_after=None
[2025-07-19T14:50:37.438+0000] {processor.py:183} INFO - Processing /opt/airflow/dags/main_full_processs.py took 0.069 seconds
[2025-07-19T14:51:07.946+0000] {processor.py:161} INFO - Started process (PID=8897) to work on /opt/airflow/dags/main_full_processs.py
[2025-07-19T14:51:07.947+0000] {processor.py:830} INFO - Processing file /opt/airflow/dags/main_full_processs.py for tasks to queue
[2025-07-19T14:51:07.947+0000] {logging_mixin.py:188} INFO - [2025-07-19T14:51:07.947+0000] {dagbag.py:538} INFO - Filling up the DagBag from /opt/airflow/dags/main_full_processs.py
[2025-07-19T14:51:07.957+0000] {processor.py:840} INFO - DAG(s) 'ml_pipeline_with_dashboard' retrieved from /opt/airflow/dags/main_full_processs.py
[2025-07-19T14:51:07.981+0000] {logging_mixin.py:188} INFO - [2025-07-19T14:51:07.981+0000] {dag.py:3036} INFO - Sync 1 DAGs
[2025-07-19T14:51:07.993+0000] {logging_mixin.py:188} INFO - [2025-07-19T14:51:07.992+0000] {dag.py:3823} INFO - Setting next_dagrun for ml_pipeline_with_dashboard to None, run_after=None
[2025-07-19T14:51:08.012+0000] {processor.py:183} INFO - Processing /opt/airflow/dags/main_full_processs.py took 0.069 seconds
[2025-07-19T14:51:38.525+0000] {processor.py:161} INFO - Started process (PID=8932) to work on /opt/airflow/dags/main_full_processs.py
[2025-07-19T14:51:38.526+0000] {processor.py:830} INFO - Processing file /opt/airflow/dags/main_full_processs.py for tasks to queue
[2025-07-19T14:51:38.527+0000] {logging_mixin.py:188} INFO - [2025-07-19T14:51:38.527+0000] {dagbag.py:538} INFO - Filling up the DagBag from /opt/airflow/dags/main_full_processs.py
[2025-07-19T14:51:38.539+0000] {processor.py:840} INFO - DAG(s) 'ml_pipeline_with_dashboard' retrieved from /opt/airflow/dags/main_full_processs.py
[2025-07-19T14:51:38.564+0000] {logging_mixin.py:188} INFO - [2025-07-19T14:51:38.564+0000] {dag.py:3036} INFO - Sync 1 DAGs
[2025-07-19T14:51:38.575+0000] {logging_mixin.py:188} INFO - [2025-07-19T14:51:38.575+0000] {dag.py:3823} INFO - Setting next_dagrun for ml_pipeline_with_dashboard to None, run_after=None
[2025-07-19T14:51:38.596+0000] {processor.py:183} INFO - Processing /opt/airflow/dags/main_full_processs.py took 0.073 seconds
[2025-07-19T14:52:26.001+0000] {processor.py:161} INFO - Started process (PID=8970) to work on /opt/airflow/dags/main_full_processs.py
[2025-07-19T14:52:29.047+0000] {processor.py:830} INFO - Processing file /opt/airflow/dags/main_full_processs.py for tasks to queue
[2025-07-19T14:52:30.597+0000] {logging_mixin.py:188} INFO - [2025-07-19T14:52:30.102+0000] {dagbag.py:538} INFO - Filling up the DagBag from /opt/airflow/dags/main_full_processs.py
[2025-07-19T14:52:38.101+0000] {processor.py:840} INFO - DAG(s) 'ml_pipeline_with_dashboard' retrieved from /opt/airflow/dags/main_full_processs.py
[2025-07-19T14:52:45.748+0000] {logging_mixin.py:188} INFO - [2025-07-19T14:52:45.747+0000] {dag.py:3036} INFO - Sync 1 DAGs
[2025-07-19T14:52:48.235+0000] {logging_mixin.py:188} INFO - [2025-07-19T14:52:48.235+0000] {dag.py:3823} INFO - Setting next_dagrun for ml_pipeline_with_dashboard to None, run_after=None
[2025-07-19T14:52:49.181+0000] {processor.py:183} INFO - Processing /opt/airflow/dags/main_full_processs.py took 28.332 seconds
[2025-07-19T14:53:19.735+0000] {processor.py:161} INFO - Started process (PID=9007) to work on /opt/airflow/dags/main_full_processs.py
[2025-07-19T14:53:19.736+0000] {processor.py:830} INFO - Processing file /opt/airflow/dags/main_full_processs.py for tasks to queue
[2025-07-19T14:53:19.737+0000] {logging_mixin.py:188} INFO - [2025-07-19T14:53:19.737+0000] {dagbag.py:538} INFO - Filling up the DagBag from /opt/airflow/dags/main_full_processs.py
[2025-07-19T14:53:19.766+0000] {processor.py:840} INFO - DAG(s) 'ml_pipeline_with_dashboard' retrieved from /opt/airflow/dags/main_full_processs.py
[2025-07-19T14:53:20.099+0000] {logging_mixin.py:188} INFO - [2025-07-19T14:53:20.099+0000] {dag.py:3036} INFO - Sync 1 DAGs
[2025-07-19T14:53:20.111+0000] {logging_mixin.py:188} INFO - [2025-07-19T14:53:20.111+0000] {dag.py:3823} INFO - Setting next_dagrun for ml_pipeline_with_dashboard to None, run_after=None
[2025-07-19T14:53:20.131+0000] {processor.py:183} INFO - Processing /opt/airflow/dags/main_full_processs.py took 0.666 seconds
[2025-07-19T14:53:50.711+0000] {processor.py:161} INFO - Started process (PID=9042) to work on /opt/airflow/dags/main_full_processs.py
[2025-07-19T14:53:50.712+0000] {processor.py:830} INFO - Processing file /opt/airflow/dags/main_full_processs.py for tasks to queue
[2025-07-19T14:53:50.713+0000] {logging_mixin.py:188} INFO - [2025-07-19T14:53:50.713+0000] {dagbag.py:538} INFO - Filling up the DagBag from /opt/airflow/dags/main_full_processs.py
[2025-07-19T14:53:50.724+0000] {processor.py:840} INFO - DAG(s) 'ml_pipeline_with_dashboard' retrieved from /opt/airflow/dags/main_full_processs.py
[2025-07-19T14:53:50.963+0000] {logging_mixin.py:188} INFO - [2025-07-19T14:53:50.963+0000] {dag.py:3036} INFO - Sync 1 DAGs
[2025-07-19T14:53:50.984+0000] {logging_mixin.py:188} INFO - [2025-07-19T14:53:50.984+0000] {dag.py:3823} INFO - Setting next_dagrun for ml_pipeline_with_dashboard to None, run_after=None
[2025-07-19T14:53:51.006+0000] {processor.py:183} INFO - Processing /opt/airflow/dags/main_full_processs.py took 0.299 seconds
[2025-07-19T14:54:22.064+0000] {processor.py:161} INFO - Started process (PID=9077) to work on /opt/airflow/dags/main_full_processs.py
[2025-07-19T14:54:22.066+0000] {processor.py:830} INFO - Processing file /opt/airflow/dags/main_full_processs.py for tasks to queue
[2025-07-19T14:54:22.068+0000] {logging_mixin.py:188} INFO - [2025-07-19T14:54:22.068+0000] {dagbag.py:538} INFO - Filling up the DagBag from /opt/airflow/dags/main_full_processs.py
[2025-07-19T14:54:22.086+0000] {processor.py:840} INFO - DAG(s) 'ml_pipeline_with_dashboard' retrieved from /opt/airflow/dags/main_full_processs.py
[2025-07-19T14:54:22.179+0000] {logging_mixin.py:188} INFO - [2025-07-19T14:54:22.178+0000] {dag.py:3036} INFO - Sync 1 DAGs
[2025-07-19T14:54:22.198+0000] {logging_mixin.py:188} INFO - [2025-07-19T14:54:22.198+0000] {dag.py:3823} INFO - Setting next_dagrun for ml_pipeline_with_dashboard to None, run_after=None
[2025-07-19T14:54:22.223+0000] {processor.py:183} INFO - Processing /opt/airflow/dags/main_full_processs.py took 0.168 seconds
[2025-07-19T14:54:53.107+0000] {processor.py:161} INFO - Started process (PID=9112) to work on /opt/airflow/dags/main_full_processs.py
[2025-07-19T14:54:53.109+0000] {processor.py:830} INFO - Processing file /opt/airflow/dags/main_full_processs.py for tasks to queue
[2025-07-19T14:54:53.111+0000] {logging_mixin.py:188} INFO - [2025-07-19T14:54:53.111+0000] {dagbag.py:538} INFO - Filling up the DagBag from /opt/airflow/dags/main_full_processs.py
[2025-07-19T14:54:53.125+0000] {processor.py:840} INFO - DAG(s) 'ml_pipeline_with_dashboard' retrieved from /opt/airflow/dags/main_full_processs.py
[2025-07-19T14:54:53.179+0000] {logging_mixin.py:188} INFO - [2025-07-19T14:54:53.178+0000] {dag.py:3036} INFO - Sync 1 DAGs
[2025-07-19T14:54:53.193+0000] {logging_mixin.py:188} INFO - [2025-07-19T14:54:53.192+0000] {dag.py:3823} INFO - Setting next_dagrun for ml_pipeline_with_dashboard to None, run_after=None
[2025-07-19T14:54:53.212+0000] {processor.py:183} INFO - Processing /opt/airflow/dags/main_full_processs.py took 0.118 seconds
[2025-07-19T14:55:23.810+0000] {processor.py:161} INFO - Started process (PID=9147) to work on /opt/airflow/dags/main_full_processs.py
[2025-07-19T14:55:23.811+0000] {processor.py:830} INFO - Processing file /opt/airflow/dags/main_full_processs.py for tasks to queue
[2025-07-19T14:55:23.812+0000] {logging_mixin.py:188} INFO - [2025-07-19T14:55:23.811+0000] {dagbag.py:538} INFO - Filling up the DagBag from /opt/airflow/dags/main_full_processs.py
[2025-07-19T14:55:23.821+0000] {processor.py:840} INFO - DAG(s) 'ml_pipeline_with_dashboard' retrieved from /opt/airflow/dags/main_full_processs.py
[2025-07-19T14:55:23.845+0000] {logging_mixin.py:188} INFO - [2025-07-19T14:55:23.845+0000] {dag.py:3036} INFO - Sync 1 DAGs
[2025-07-19T14:55:23.856+0000] {logging_mixin.py:188} INFO - [2025-07-19T14:55:23.856+0000] {dag.py:3823} INFO - Setting next_dagrun for ml_pipeline_with_dashboard to None, run_after=None
[2025-07-19T14:55:23.876+0000] {processor.py:183} INFO - Processing /opt/airflow/dags/main_full_processs.py took 0.069 seconds
[2025-07-19T14:55:54.511+0000] {processor.py:161} INFO - Started process (PID=9182) to work on /opt/airflow/dags/main_full_processs.py
[2025-07-19T14:55:54.512+0000] {processor.py:830} INFO - Processing file /opt/airflow/dags/main_full_processs.py for tasks to queue
[2025-07-19T14:55:54.513+0000] {logging_mixin.py:188} INFO - [2025-07-19T14:55:54.512+0000] {dagbag.py:538} INFO - Filling up the DagBag from /opt/airflow/dags/main_full_processs.py
[2025-07-19T14:55:54.524+0000] {processor.py:840} INFO - DAG(s) 'ml_pipeline_with_dashboard' retrieved from /opt/airflow/dags/main_full_processs.py
[2025-07-19T14:55:54.557+0000] {logging_mixin.py:188} INFO - [2025-07-19T14:55:54.556+0000] {dag.py:3036} INFO - Sync 1 DAGs
[2025-07-19T14:55:54.569+0000] {logging_mixin.py:188} INFO - [2025-07-19T14:55:54.569+0000] {dag.py:3823} INFO - Setting next_dagrun for ml_pipeline_with_dashboard to None, run_after=None
[2025-07-19T14:55:54.588+0000] {processor.py:183} INFO - Processing /opt/airflow/dags/main_full_processs.py took 0.087 seconds
[2025-07-19T14:56:25.226+0000] {processor.py:161} INFO - Started process (PID=9217) to work on /opt/airflow/dags/main_full_processs.py
[2025-07-19T14:56:25.227+0000] {processor.py:830} INFO - Processing file /opt/airflow/dags/main_full_processs.py for tasks to queue
[2025-07-19T14:56:25.228+0000] {logging_mixin.py:188} INFO - [2025-07-19T14:56:25.228+0000] {dagbag.py:538} INFO - Filling up the DagBag from /opt/airflow/dags/main_full_processs.py
[2025-07-19T14:56:25.238+0000] {processor.py:840} INFO - DAG(s) 'ml_pipeline_with_dashboard' retrieved from /opt/airflow/dags/main_full_processs.py
[2025-07-19T14:56:25.277+0000] {logging_mixin.py:188} INFO - [2025-07-19T14:56:25.277+0000] {dag.py:3036} INFO - Sync 1 DAGs
[2025-07-19T14:56:25.298+0000] {logging_mixin.py:188} INFO - [2025-07-19T14:56:25.298+0000] {dag.py:3823} INFO - Setting next_dagrun for ml_pipeline_with_dashboard to None, run_after=None
[2025-07-19T14:56:25.319+0000] {processor.py:183} INFO - Processing /opt/airflow/dags/main_full_processs.py took 0.096 seconds
[2025-07-19T14:56:55.851+0000] {processor.py:161} INFO - Started process (PID=9252) to work on /opt/airflow/dags/main_full_processs.py
[2025-07-19T14:56:55.852+0000] {processor.py:830} INFO - Processing file /opt/airflow/dags/main_full_processs.py for tasks to queue
[2025-07-19T14:56:55.853+0000] {logging_mixin.py:188} INFO - [2025-07-19T14:56:55.852+0000] {dagbag.py:538} INFO - Filling up the DagBag from /opt/airflow/dags/main_full_processs.py
[2025-07-19T14:56:55.864+0000] {processor.py:840} INFO - DAG(s) 'ml_pipeline_with_dashboard' retrieved from /opt/airflow/dags/main_full_processs.py
[2025-07-19T14:56:55.889+0000] {logging_mixin.py:188} INFO - [2025-07-19T14:56:55.888+0000] {dag.py:3036} INFO - Sync 1 DAGs
[2025-07-19T14:56:55.902+0000] {logging_mixin.py:188} INFO - [2025-07-19T14:56:55.901+0000] {dag.py:3823} INFO - Setting next_dagrun for ml_pipeline_with_dashboard to None, run_after=None
[2025-07-19T14:56:55.922+0000] {processor.py:183} INFO - Processing /opt/airflow/dags/main_full_processs.py took 0.074 seconds
[2025-07-19T14:57:26.422+0000] {processor.py:161} INFO - Started process (PID=9287) to work on /opt/airflow/dags/main_full_processs.py
[2025-07-19T14:57:26.423+0000] {processor.py:830} INFO - Processing file /opt/airflow/dags/main_full_processs.py for tasks to queue
[2025-07-19T14:57:26.424+0000] {logging_mixin.py:188} INFO - [2025-07-19T14:57:26.423+0000] {dagbag.py:538} INFO - Filling up the DagBag from /opt/airflow/dags/main_full_processs.py
[2025-07-19T14:57:26.435+0000] {processor.py:840} INFO - DAG(s) 'ml_pipeline_with_dashboard' retrieved from /opt/airflow/dags/main_full_processs.py
[2025-07-19T14:57:26.491+0000] {logging_mixin.py:188} INFO - [2025-07-19T14:57:26.490+0000] {dag.py:3036} INFO - Sync 1 DAGs
[2025-07-19T14:57:26.502+0000] {logging_mixin.py:188} INFO - [2025-07-19T14:57:26.502+0000] {dag.py:3823} INFO - Setting next_dagrun for ml_pipeline_with_dashboard to None, run_after=None
[2025-07-19T14:57:26.521+0000] {processor.py:183} INFO - Processing /opt/airflow/dags/main_full_processs.py took 0.103 seconds
[2025-07-19T14:57:57.158+0000] {processor.py:161} INFO - Started process (PID=9322) to work on /opt/airflow/dags/main_full_processs.py
[2025-07-19T14:57:57.159+0000] {processor.py:830} INFO - Processing file /opt/airflow/dags/main_full_processs.py for tasks to queue
[2025-07-19T14:57:57.160+0000] {logging_mixin.py:188} INFO - [2025-07-19T14:57:57.160+0000] {dagbag.py:538} INFO - Filling up the DagBag from /opt/airflow/dags/main_full_processs.py
[2025-07-19T14:57:57.170+0000] {processor.py:840} INFO - DAG(s) 'ml_pipeline_with_dashboard' retrieved from /opt/airflow/dags/main_full_processs.py
[2025-07-19T14:57:57.200+0000] {logging_mixin.py:188} INFO - [2025-07-19T14:57:57.200+0000] {dag.py:3036} INFO - Sync 1 DAGs
[2025-07-19T14:57:57.213+0000] {logging_mixin.py:188} INFO - [2025-07-19T14:57:57.212+0000] {dag.py:3823} INFO - Setting next_dagrun for ml_pipeline_with_dashboard to None, run_after=None
[2025-07-19T14:57:57.231+0000] {processor.py:183} INFO - Processing /opt/airflow/dags/main_full_processs.py took 0.076 seconds
[2025-07-19T14:58:27.729+0000] {processor.py:161} INFO - Started process (PID=9357) to work on /opt/airflow/dags/main_full_processs.py
[2025-07-19T14:58:27.730+0000] {processor.py:830} INFO - Processing file /opt/airflow/dags/main_full_processs.py for tasks to queue
[2025-07-19T14:58:27.731+0000] {logging_mixin.py:188} INFO - [2025-07-19T14:58:27.731+0000] {dagbag.py:538} INFO - Filling up the DagBag from /opt/airflow/dags/main_full_processs.py
[2025-07-19T14:58:27.741+0000] {processor.py:840} INFO - DAG(s) 'ml_pipeline_with_dashboard' retrieved from /opt/airflow/dags/main_full_processs.py
[2025-07-19T14:58:27.765+0000] {logging_mixin.py:188} INFO - [2025-07-19T14:58:27.765+0000] {dag.py:3036} INFO - Sync 1 DAGs
[2025-07-19T14:58:27.777+0000] {logging_mixin.py:188} INFO - [2025-07-19T14:58:27.776+0000] {dag.py:3823} INFO - Setting next_dagrun for ml_pipeline_with_dashboard to None, run_after=None
[2025-07-19T14:58:27.793+0000] {processor.py:183} INFO - Processing /opt/airflow/dags/main_full_processs.py took 0.067 seconds
[2025-07-19T14:58:58.323+0000] {processor.py:161} INFO - Started process (PID=9392) to work on /opt/airflow/dags/main_full_processs.py
[2025-07-19T14:58:58.324+0000] {processor.py:830} INFO - Processing file /opt/airflow/dags/main_full_processs.py for tasks to queue
[2025-07-19T14:58:58.325+0000] {logging_mixin.py:188} INFO - [2025-07-19T14:58:58.325+0000] {dagbag.py:538} INFO - Filling up the DagBag from /opt/airflow/dags/main_full_processs.py
[2025-07-19T14:58:58.336+0000] {processor.py:840} INFO - DAG(s) 'ml_pipeline_with_dashboard' retrieved from /opt/airflow/dags/main_full_processs.py
[2025-07-19T14:58:58.360+0000] {logging_mixin.py:188} INFO - [2025-07-19T14:58:58.359+0000] {dag.py:3036} INFO - Sync 1 DAGs
[2025-07-19T14:58:58.371+0000] {logging_mixin.py:188} INFO - [2025-07-19T14:58:58.370+0000] {dag.py:3823} INFO - Setting next_dagrun for ml_pipeline_with_dashboard to None, run_after=None
[2025-07-19T14:58:58.389+0000] {processor.py:183} INFO - Processing /opt/airflow/dags/main_full_processs.py took 0.069 seconds
[2025-07-19T14:59:28.876+0000] {processor.py:161} INFO - Started process (PID=9427) to work on /opt/airflow/dags/main_full_processs.py
[2025-07-19T14:59:28.877+0000] {processor.py:830} INFO - Processing file /opt/airflow/dags/main_full_processs.py for tasks to queue
[2025-07-19T14:59:28.878+0000] {logging_mixin.py:188} INFO - [2025-07-19T14:59:28.877+0000] {dagbag.py:538} INFO - Filling up the DagBag from /opt/airflow/dags/main_full_processs.py
[2025-07-19T14:59:28.887+0000] {processor.py:840} INFO - DAG(s) 'ml_pipeline_with_dashboard' retrieved from /opt/airflow/dags/main_full_processs.py
[2025-07-19T14:59:28.911+0000] {logging_mixin.py:188} INFO - [2025-07-19T14:59:28.911+0000] {dag.py:3036} INFO - Sync 1 DAGs
[2025-07-19T14:59:28.922+0000] {logging_mixin.py:188} INFO - [2025-07-19T14:59:28.922+0000] {dag.py:3823} INFO - Setting next_dagrun for ml_pipeline_with_dashboard to None, run_after=None
[2025-07-19T14:59:28.942+0000] {processor.py:183} INFO - Processing /opt/airflow/dags/main_full_processs.py took 0.069 seconds
[2025-07-19T14:59:59.461+0000] {processor.py:161} INFO - Started process (PID=9462) to work on /opt/airflow/dags/main_full_processs.py
[2025-07-19T14:59:59.462+0000] {processor.py:830} INFO - Processing file /opt/airflow/dags/main_full_processs.py for tasks to queue
[2025-07-19T14:59:59.463+0000] {logging_mixin.py:188} INFO - [2025-07-19T14:59:59.462+0000] {dagbag.py:538} INFO - Filling up the DagBag from /opt/airflow/dags/main_full_processs.py
[2025-07-19T14:59:59.472+0000] {processor.py:840} INFO - DAG(s) 'ml_pipeline_with_dashboard' retrieved from /opt/airflow/dags/main_full_processs.py
[2025-07-19T14:59:59.496+0000] {logging_mixin.py:188} INFO - [2025-07-19T14:59:59.496+0000] {dag.py:3036} INFO - Sync 1 DAGs
[2025-07-19T14:59:59.510+0000] {logging_mixin.py:188} INFO - [2025-07-19T14:59:59.510+0000] {dag.py:3823} INFO - Setting next_dagrun for ml_pipeline_with_dashboard to None, run_after=None
[2025-07-19T14:59:59.527+0000] {processor.py:183} INFO - Processing /opt/airflow/dags/main_full_processs.py took 0.070 seconds
[2025-07-19T15:00:30.021+0000] {processor.py:161} INFO - Started process (PID=9497) to work on /opt/airflow/dags/main_full_processs.py
[2025-07-19T15:00:30.022+0000] {processor.py:830} INFO - Processing file /opt/airflow/dags/main_full_processs.py for tasks to queue
[2025-07-19T15:00:30.023+0000] {logging_mixin.py:188} INFO - [2025-07-19T15:00:30.023+0000] {dagbag.py:538} INFO - Filling up the DagBag from /opt/airflow/dags/main_full_processs.py
[2025-07-19T15:00:30.033+0000] {processor.py:840} INFO - DAG(s) 'ml_pipeline_with_dashboard' retrieved from /opt/airflow/dags/main_full_processs.py
[2025-07-19T15:00:30.058+0000] {logging_mixin.py:188} INFO - [2025-07-19T15:00:30.058+0000] {dag.py:3036} INFO - Sync 1 DAGs
[2025-07-19T15:00:30.069+0000] {logging_mixin.py:188} INFO - [2025-07-19T15:00:30.069+0000] {dag.py:3823} INFO - Setting next_dagrun for ml_pipeline_with_dashboard to None, run_after=None
[2025-07-19T15:00:30.088+0000] {processor.py:183} INFO - Processing /opt/airflow/dags/main_full_processs.py took 0.070 seconds
[2025-07-19T15:01:00.573+0000] {processor.py:161} INFO - Started process (PID=9532) to work on /opt/airflow/dags/main_full_processs.py
[2025-07-19T15:01:00.574+0000] {processor.py:830} INFO - Processing file /opt/airflow/dags/main_full_processs.py for tasks to queue
[2025-07-19T15:01:00.575+0000] {logging_mixin.py:188} INFO - [2025-07-19T15:01:00.574+0000] {dagbag.py:538} INFO - Filling up the DagBag from /opt/airflow/dags/main_full_processs.py
[2025-07-19T15:01:00.585+0000] {processor.py:840} INFO - DAG(s) 'ml_pipeline_with_dashboard' retrieved from /opt/airflow/dags/main_full_processs.py
[2025-07-19T15:01:00.609+0000] {logging_mixin.py:188} INFO - [2025-07-19T15:01:00.609+0000] {dag.py:3036} INFO - Sync 1 DAGs
[2025-07-19T15:01:00.620+0000] {logging_mixin.py:188} INFO - [2025-07-19T15:01:00.620+0000] {dag.py:3823} INFO - Setting next_dagrun for ml_pipeline_with_dashboard to None, run_after=None
[2025-07-19T15:01:00.638+0000] {processor.py:183} INFO - Processing /opt/airflow/dags/main_full_processs.py took 0.068 seconds
[2025-07-19T15:01:31.251+0000] {processor.py:161} INFO - Started process (PID=9567) to work on /opt/airflow/dags/main_full_processs.py
[2025-07-19T15:01:31.252+0000] {processor.py:830} INFO - Processing file /opt/airflow/dags/main_full_processs.py for tasks to queue
[2025-07-19T15:01:31.253+0000] {logging_mixin.py:188} INFO - [2025-07-19T15:01:31.252+0000] {dagbag.py:538} INFO - Filling up the DagBag from /opt/airflow/dags/main_full_processs.py
[2025-07-19T15:01:31.262+0000] {processor.py:840} INFO - DAG(s) 'ml_pipeline_with_dashboard' retrieved from /opt/airflow/dags/main_full_processs.py
[2025-07-19T15:01:31.287+0000] {logging_mixin.py:188} INFO - [2025-07-19T15:01:31.287+0000] {dag.py:3036} INFO - Sync 1 DAGs
[2025-07-19T15:01:31.300+0000] {logging_mixin.py:188} INFO - [2025-07-19T15:01:31.300+0000] {dag.py:3823} INFO - Setting next_dagrun for ml_pipeline_with_dashboard to None, run_after=None
[2025-07-19T15:01:31.320+0000] {processor.py:183} INFO - Processing /opt/airflow/dags/main_full_processs.py took 0.072 seconds
[2025-07-19T15:02:01.693+0000] {processor.py:161} INFO - Started process (PID=9602) to work on /opt/airflow/dags/main_full_processs.py
[2025-07-19T15:02:01.694+0000] {processor.py:830} INFO - Processing file /opt/airflow/dags/main_full_processs.py for tasks to queue
[2025-07-19T15:02:01.695+0000] {logging_mixin.py:188} INFO - [2025-07-19T15:02:01.695+0000] {dagbag.py:538} INFO - Filling up the DagBag from /opt/airflow/dags/main_full_processs.py
[2025-07-19T15:02:01.705+0000] {processor.py:840} INFO - DAG(s) 'ml_pipeline_with_dashboard' retrieved from /opt/airflow/dags/main_full_processs.py
[2025-07-19T15:02:01.728+0000] {logging_mixin.py:188} INFO - [2025-07-19T15:02:01.728+0000] {dag.py:3036} INFO - Sync 1 DAGs
[2025-07-19T15:02:01.739+0000] {logging_mixin.py:188} INFO - [2025-07-19T15:02:01.739+0000] {dag.py:3823} INFO - Setting next_dagrun for ml_pipeline_with_dashboard to None, run_after=None
[2025-07-19T15:02:01.759+0000] {processor.py:183} INFO - Processing /opt/airflow/dags/main_full_processs.py took 0.069 seconds
[2025-07-19T15:02:32.299+0000] {processor.py:161} INFO - Started process (PID=9637) to work on /opt/airflow/dags/main_full_processs.py
[2025-07-19T15:02:32.300+0000] {processor.py:830} INFO - Processing file /opt/airflow/dags/main_full_processs.py for tasks to queue
[2025-07-19T15:02:32.300+0000] {logging_mixin.py:188} INFO - [2025-07-19T15:02:32.300+0000] {dagbag.py:538} INFO - Filling up the DagBag from /opt/airflow/dags/main_full_processs.py
[2025-07-19T15:02:32.310+0000] {processor.py:840} INFO - DAG(s) 'ml_pipeline_with_dashboard' retrieved from /opt/airflow/dags/main_full_processs.py
[2025-07-19T15:02:32.339+0000] {logging_mixin.py:188} INFO - [2025-07-19T15:02:32.339+0000] {dag.py:3036} INFO - Sync 1 DAGs
[2025-07-19T15:02:32.350+0000] {logging_mixin.py:188} INFO - [2025-07-19T15:02:32.350+0000] {dag.py:3823} INFO - Setting next_dagrun for ml_pipeline_with_dashboard to None, run_after=None
[2025-07-19T15:02:32.370+0000] {processor.py:183} INFO - Processing /opt/airflow/dags/main_full_processs.py took 0.075 seconds
[2025-07-19T15:03:02.949+0000] {processor.py:161} INFO - Started process (PID=9672) to work on /opt/airflow/dags/main_full_processs.py
[2025-07-19T15:03:02.950+0000] {processor.py:830} INFO - Processing file /opt/airflow/dags/main_full_processs.py for tasks to queue
[2025-07-19T15:03:02.951+0000] {logging_mixin.py:188} INFO - [2025-07-19T15:03:02.951+0000] {dagbag.py:538} INFO - Filling up the DagBag from /opt/airflow/dags/main_full_processs.py
[2025-07-19T15:03:02.961+0000] {processor.py:840} INFO - DAG(s) 'ml_pipeline_with_dashboard' retrieved from /opt/airflow/dags/main_full_processs.py
[2025-07-19T15:03:02.985+0000] {logging_mixin.py:188} INFO - [2025-07-19T15:03:02.985+0000] {dag.py:3036} INFO - Sync 1 DAGs
[2025-07-19T15:03:02.995+0000] {logging_mixin.py:188} INFO - [2025-07-19T15:03:02.995+0000] {dag.py:3823} INFO - Setting next_dagrun for ml_pipeline_with_dashboard to None, run_after=None
[2025-07-19T15:03:03.016+0000] {processor.py:183} INFO - Processing /opt/airflow/dags/main_full_processs.py took 0.070 seconds
[2025-07-19T15:03:33.603+0000] {processor.py:161} INFO - Started process (PID=9707) to work on /opt/airflow/dags/main_full_processs.py
[2025-07-19T15:03:33.604+0000] {processor.py:830} INFO - Processing file /opt/airflow/dags/main_full_processs.py for tasks to queue
[2025-07-19T15:03:33.605+0000] {logging_mixin.py:188} INFO - [2025-07-19T15:03:33.605+0000] {dagbag.py:538} INFO - Filling up the DagBag from /opt/airflow/dags/main_full_processs.py
[2025-07-19T15:03:33.615+0000] {processor.py:840} INFO - DAG(s) 'ml_pipeline_with_dashboard' retrieved from /opt/airflow/dags/main_full_processs.py
[2025-07-19T15:03:33.641+0000] {logging_mixin.py:188} INFO - [2025-07-19T15:03:33.641+0000] {dag.py:3036} INFO - Sync 1 DAGs
[2025-07-19T15:03:33.652+0000] {logging_mixin.py:188} INFO - [2025-07-19T15:03:33.652+0000] {dag.py:3823} INFO - Setting next_dagrun for ml_pipeline_with_dashboard to None, run_after=None
[2025-07-19T15:03:33.672+0000] {processor.py:183} INFO - Processing /opt/airflow/dags/main_full_processs.py took 0.072 seconds
[2025-07-19T15:04:04.155+0000] {processor.py:161} INFO - Started process (PID=9742) to work on /opt/airflow/dags/main_full_processs.py
[2025-07-19T15:04:04.156+0000] {processor.py:830} INFO - Processing file /opt/airflow/dags/main_full_processs.py for tasks to queue
[2025-07-19T15:04:04.157+0000] {logging_mixin.py:188} INFO - [2025-07-19T15:04:04.157+0000] {dagbag.py:538} INFO - Filling up the DagBag from /opt/airflow/dags/main_full_processs.py
[2025-07-19T15:04:04.167+0000] {processor.py:840} INFO - DAG(s) 'ml_pipeline_with_dashboard' retrieved from /opt/airflow/dags/main_full_processs.py
[2025-07-19T15:04:04.190+0000] {logging_mixin.py:188} INFO - [2025-07-19T15:04:04.190+0000] {dag.py:3036} INFO - Sync 1 DAGs
[2025-07-19T15:04:04.201+0000] {logging_mixin.py:188} INFO - [2025-07-19T15:04:04.201+0000] {dag.py:3823} INFO - Setting next_dagrun for ml_pipeline_with_dashboard to None, run_after=None
[2025-07-19T15:04:04.221+0000] {processor.py:183} INFO - Processing /opt/airflow/dags/main_full_processs.py took 0.069 seconds
[2025-07-19T15:04:34.709+0000] {processor.py:161} INFO - Started process (PID=9777) to work on /opt/airflow/dags/main_full_processs.py
[2025-07-19T15:04:34.710+0000] {processor.py:830} INFO - Processing file /opt/airflow/dags/main_full_processs.py for tasks to queue
[2025-07-19T15:04:34.711+0000] {logging_mixin.py:188} INFO - [2025-07-19T15:04:34.711+0000] {dagbag.py:538} INFO - Filling up the DagBag from /opt/airflow/dags/main_full_processs.py
[2025-07-19T15:04:34.722+0000] {processor.py:840} INFO - DAG(s) 'ml_pipeline_with_dashboard' retrieved from /opt/airflow/dags/main_full_processs.py
[2025-07-19T15:04:34.747+0000] {logging_mixin.py:188} INFO - [2025-07-19T15:04:34.747+0000] {dag.py:3036} INFO - Sync 1 DAGs
[2025-07-19T15:04:34.758+0000] {logging_mixin.py:188} INFO - [2025-07-19T15:04:34.758+0000] {dag.py:3823} INFO - Setting next_dagrun for ml_pipeline_with_dashboard to None, run_after=None
[2025-07-19T15:04:34.776+0000] {processor.py:183} INFO - Processing /opt/airflow/dags/main_full_processs.py took 0.069 seconds
[2025-07-19T15:05:05.345+0000] {processor.py:161} INFO - Started process (PID=9812) to work on /opt/airflow/dags/main_full_processs.py
[2025-07-19T15:05:05.346+0000] {processor.py:830} INFO - Processing file /opt/airflow/dags/main_full_processs.py for tasks to queue
[2025-07-19T15:05:05.347+0000] {logging_mixin.py:188} INFO - [2025-07-19T15:05:05.347+0000] {dagbag.py:538} INFO - Filling up the DagBag from /opt/airflow/dags/main_full_processs.py
[2025-07-19T15:05:05.359+0000] {processor.py:840} INFO - DAG(s) 'ml_pipeline_with_dashboard' retrieved from /opt/airflow/dags/main_full_processs.py
[2025-07-19T15:05:05.385+0000] {logging_mixin.py:188} INFO - [2025-07-19T15:05:05.385+0000] {dag.py:3036} INFO - Sync 1 DAGs
[2025-07-19T15:05:05.397+0000] {logging_mixin.py:188} INFO - [2025-07-19T15:05:05.397+0000] {dag.py:3823} INFO - Setting next_dagrun for ml_pipeline_with_dashboard to None, run_after=None
[2025-07-19T15:05:05.415+0000] {processor.py:183} INFO - Processing /opt/airflow/dags/main_full_processs.py took 0.074 seconds
[2025-07-19T15:05:35.921+0000] {processor.py:161} INFO - Started process (PID=9847) to work on /opt/airflow/dags/main_full_processs.py
[2025-07-19T15:05:35.922+0000] {processor.py:830} INFO - Processing file /opt/airflow/dags/main_full_processs.py for tasks to queue
[2025-07-19T15:05:35.923+0000] {logging_mixin.py:188} INFO - [2025-07-19T15:05:35.923+0000] {dagbag.py:538} INFO - Filling up the DagBag from /opt/airflow/dags/main_full_processs.py
[2025-07-19T15:05:35.933+0000] {processor.py:840} INFO - DAG(s) 'ml_pipeline_with_dashboard' retrieved from /opt/airflow/dags/main_full_processs.py
[2025-07-19T15:05:35.957+0000] {logging_mixin.py:188} INFO - [2025-07-19T15:05:35.957+0000] {dag.py:3036} INFO - Sync 1 DAGs
[2025-07-19T15:05:35.968+0000] {logging_mixin.py:188} INFO - [2025-07-19T15:05:35.968+0000] {dag.py:3823} INFO - Setting next_dagrun for ml_pipeline_with_dashboard to None, run_after=None
[2025-07-19T15:05:35.986+0000] {processor.py:183} INFO - Processing /opt/airflow/dags/main_full_processs.py took 0.068 seconds
[2025-07-19T15:06:06.476+0000] {processor.py:161} INFO - Started process (PID=9882) to work on /opt/airflow/dags/main_full_processs.py
[2025-07-19T15:06:06.477+0000] {processor.py:830} INFO - Processing file /opt/airflow/dags/main_full_processs.py for tasks to queue
[2025-07-19T15:06:06.478+0000] {logging_mixin.py:188} INFO - [2025-07-19T15:06:06.478+0000] {dagbag.py:538} INFO - Filling up the DagBag from /opt/airflow/dags/main_full_processs.py
[2025-07-19T15:06:06.488+0000] {processor.py:840} INFO - DAG(s) 'ml_pipeline_with_dashboard' retrieved from /opt/airflow/dags/main_full_processs.py
[2025-07-19T15:06:06.512+0000] {logging_mixin.py:188} INFO - [2025-07-19T15:06:06.512+0000] {dag.py:3036} INFO - Sync 1 DAGs
[2025-07-19T15:06:06.523+0000] {logging_mixin.py:188} INFO - [2025-07-19T15:06:06.522+0000] {dag.py:3823} INFO - Setting next_dagrun for ml_pipeline_with_dashboard to None, run_after=None
[2025-07-19T15:06:06.543+0000] {processor.py:183} INFO - Processing /opt/airflow/dags/main_full_processs.py took 0.069 seconds
[2025-07-19T15:06:37.025+0000] {processor.py:161} INFO - Started process (PID=9917) to work on /opt/airflow/dags/main_full_processs.py
[2025-07-19T15:06:37.026+0000] {processor.py:830} INFO - Processing file /opt/airflow/dags/main_full_processs.py for tasks to queue
[2025-07-19T15:06:37.027+0000] {logging_mixin.py:188} INFO - [2025-07-19T15:06:37.026+0000] {dagbag.py:538} INFO - Filling up the DagBag from /opt/airflow/dags/main_full_processs.py
[2025-07-19T15:06:37.037+0000] {processor.py:840} INFO - DAG(s) 'ml_pipeline_with_dashboard' retrieved from /opt/airflow/dags/main_full_processs.py
[2025-07-19T15:06:37.062+0000] {logging_mixin.py:188} INFO - [2025-07-19T15:06:37.061+0000] {dag.py:3036} INFO - Sync 1 DAGs
[2025-07-19T15:06:37.074+0000] {logging_mixin.py:188} INFO - [2025-07-19T15:06:37.074+0000] {dag.py:3823} INFO - Setting next_dagrun for ml_pipeline_with_dashboard to None, run_after=None
[2025-07-19T15:06:37.096+0000] {processor.py:183} INFO - Processing /opt/airflow/dags/main_full_processs.py took 0.074 seconds
[2025-07-19T15:07:07.500+0000] {processor.py:161} INFO - Started process (PID=9952) to work on /opt/airflow/dags/main_full_processs.py
[2025-07-19T15:07:07.501+0000] {processor.py:830} INFO - Processing file /opt/airflow/dags/main_full_processs.py for tasks to queue
[2025-07-19T15:07:07.502+0000] {logging_mixin.py:188} INFO - [2025-07-19T15:07:07.502+0000] {dagbag.py:538} INFO - Filling up the DagBag from /opt/airflow/dags/main_full_processs.py
[2025-07-19T15:07:07.512+0000] {processor.py:840} INFO - DAG(s) 'ml_pipeline_with_dashboard' retrieved from /opt/airflow/dags/main_full_processs.py
[2025-07-19T15:07:07.537+0000] {logging_mixin.py:188} INFO - [2025-07-19T15:07:07.536+0000] {dag.py:3036} INFO - Sync 1 DAGs
[2025-07-19T15:07:07.550+0000] {logging_mixin.py:188} INFO - [2025-07-19T15:07:07.550+0000] {dag.py:3823} INFO - Setting next_dagrun for ml_pipeline_with_dashboard to None, run_after=None
[2025-07-19T15:07:07.567+0000] {processor.py:183} INFO - Processing /opt/airflow/dags/main_full_processs.py took 0.070 seconds
[2025-07-19T15:07:38.459+0000] {processor.py:161} INFO - Started process (PID=9987) to work on /opt/airflow/dags/main_full_processs.py
[2025-07-19T15:07:38.460+0000] {processor.py:830} INFO - Processing file /opt/airflow/dags/main_full_processs.py for tasks to queue
[2025-07-19T15:07:38.461+0000] {logging_mixin.py:188} INFO - [2025-07-19T15:07:38.461+0000] {dagbag.py:538} INFO - Filling up the DagBag from /opt/airflow/dags/main_full_processs.py
[2025-07-19T15:07:38.472+0000] {processor.py:840} INFO - DAG(s) 'ml_pipeline_with_dashboard' retrieved from /opt/airflow/dags/main_full_processs.py
[2025-07-19T15:07:38.495+0000] {logging_mixin.py:188} INFO - [2025-07-19T15:07:38.495+0000] {dag.py:3036} INFO - Sync 1 DAGs
[2025-07-19T15:07:38.506+0000] {logging_mixin.py:188} INFO - [2025-07-19T15:07:38.505+0000] {dag.py:3823} INFO - Setting next_dagrun for ml_pipeline_with_dashboard to None, run_after=None
[2025-07-19T15:07:38.525+0000] {processor.py:183} INFO - Processing /opt/airflow/dags/main_full_processs.py took 0.069 seconds
[2025-07-19T15:08:08.804+0000] {processor.py:161} INFO - Started process (PID=10022) to work on /opt/airflow/dags/main_full_processs.py
[2025-07-19T15:08:08.805+0000] {processor.py:830} INFO - Processing file /opt/airflow/dags/main_full_processs.py for tasks to queue
[2025-07-19T15:08:08.805+0000] {logging_mixin.py:188} INFO - [2025-07-19T15:08:08.805+0000] {dagbag.py:538} INFO - Filling up the DagBag from /opt/airflow/dags/main_full_processs.py
[2025-07-19T15:08:08.816+0000] {processor.py:840} INFO - DAG(s) 'ml_pipeline_with_dashboard' retrieved from /opt/airflow/dags/main_full_processs.py
[2025-07-19T15:08:08.841+0000] {logging_mixin.py:188} INFO - [2025-07-19T15:08:08.840+0000] {dag.py:3036} INFO - Sync 1 DAGs
[2025-07-19T15:08:08.855+0000] {logging_mixin.py:188} INFO - [2025-07-19T15:08:08.854+0000] {dag.py:3823} INFO - Setting next_dagrun for ml_pipeline_with_dashboard to None, run_after=None
[2025-07-19T15:08:08.875+0000] {processor.py:183} INFO - Processing /opt/airflow/dags/main_full_processs.py took 0.074 seconds
[2025-07-19T15:08:39.401+0000] {processor.py:161} INFO - Started process (PID=10057) to work on /opt/airflow/dags/main_full_processs.py
[2025-07-19T15:08:39.402+0000] {processor.py:830} INFO - Processing file /opt/airflow/dags/main_full_processs.py for tasks to queue
[2025-07-19T15:08:39.403+0000] {logging_mixin.py:188} INFO - [2025-07-19T15:08:39.403+0000] {dagbag.py:538} INFO - Filling up the DagBag from /opt/airflow/dags/main_full_processs.py
[2025-07-19T15:08:39.413+0000] {processor.py:840} INFO - DAG(s) 'ml_pipeline_with_dashboard' retrieved from /opt/airflow/dags/main_full_processs.py
[2025-07-19T15:08:39.436+0000] {logging_mixin.py:188} INFO - [2025-07-19T15:08:39.435+0000] {dag.py:3036} INFO - Sync 1 DAGs
[2025-07-19T15:08:39.447+0000] {logging_mixin.py:188} INFO - [2025-07-19T15:08:39.447+0000] {dag.py:3823} INFO - Setting next_dagrun for ml_pipeline_with_dashboard to None, run_after=None
[2025-07-19T15:08:39.464+0000] {processor.py:183} INFO - Processing /opt/airflow/dags/main_full_processs.py took 0.065 seconds
[2025-07-19T15:09:10.424+0000] {processor.py:161} INFO - Started process (PID=10092) to work on /opt/airflow/dags/main_full_processs.py
[2025-07-19T15:09:10.425+0000] {processor.py:830} INFO - Processing file /opt/airflow/dags/main_full_processs.py for tasks to queue
[2025-07-19T15:09:10.426+0000] {logging_mixin.py:188} INFO - [2025-07-19T15:09:10.426+0000] {dagbag.py:538} INFO - Filling up the DagBag from /opt/airflow/dags/main_full_processs.py
[2025-07-19T15:09:10.436+0000] {processor.py:840} INFO - DAG(s) 'ml_pipeline_with_dashboard' retrieved from /opt/airflow/dags/main_full_processs.py
[2025-07-19T15:09:10.460+0000] {logging_mixin.py:188} INFO - [2025-07-19T15:09:10.459+0000] {dag.py:3036} INFO - Sync 1 DAGs
[2025-07-19T15:09:10.471+0000] {logging_mixin.py:188} INFO - [2025-07-19T15:09:10.471+0000] {dag.py:3823} INFO - Setting next_dagrun for ml_pipeline_with_dashboard to None, run_after=None
[2025-07-19T15:09:10.490+0000] {processor.py:183} INFO - Processing /opt/airflow/dags/main_full_processs.py took 0.068 seconds
[2025-07-19T15:24:08.613+0000] {processor.py:161} INFO - Started process (PID=10135) to work on /opt/airflow/dags/main_full_processs.py
[2025-07-19T15:24:08.614+0000] {processor.py:830} INFO - Processing file /opt/airflow/dags/main_full_processs.py for tasks to queue
[2025-07-19T15:24:08.615+0000] {logging_mixin.py:188} INFO - [2025-07-19T15:24:08.615+0000] {dagbag.py:538} INFO - Filling up the DagBag from /opt/airflow/dags/main_full_processs.py
[2025-07-19T15:24:08.624+0000] {processor.py:840} INFO - DAG(s) 'ml_pipeline_with_dashboard' retrieved from /opt/airflow/dags/main_full_processs.py
[2025-07-19T15:24:08.650+0000] {logging_mixin.py:188} INFO - [2025-07-19T15:24:08.650+0000] {dag.py:3036} INFO - Sync 1 DAGs
[2025-07-19T15:24:08.663+0000] {logging_mixin.py:188} INFO - [2025-07-19T15:24:08.662+0000] {dag.py:3823} INFO - Setting next_dagrun for ml_pipeline_with_dashboard to None, run_after=None
[2025-07-19T15:24:09.028+0000] {processor.py:183} INFO - Processing /opt/airflow/dags/main_full_processs.py took 0.418 seconds
[2025-07-19T15:27:11.060+0000] {processor.py:161} INFO - Started process (PID=10168) to work on /opt/airflow/dags/main_full_processs.py
[2025-07-19T15:27:11.251+0000] {processor.py:830} INFO - Processing file /opt/airflow/dags/main_full_processs.py for tasks to queue
[2025-07-19T15:27:12.880+0000] {logging_mixin.py:188} INFO - [2025-07-19T15:27:12.545+0000] {dagbag.py:538} INFO - Filling up the DagBag from /opt/airflow/dags/main_full_processs.py
[2025-07-19T15:27:15.507+0000] {processor.py:840} INFO - DAG(s) 'ml_pipeline_with_dashboard' retrieved from /opt/airflow/dags/main_full_processs.py
[2025-07-19T15:27:15.530+0000] {logging_mixin.py:188} INFO - [2025-07-19T15:27:15.530+0000] {dag.py:3036} INFO - Sync 1 DAGs
[2025-07-19T15:27:15.541+0000] {logging_mixin.py:188} INFO - [2025-07-19T15:27:15.540+0000] {dag.py:3823} INFO - Setting next_dagrun for ml_pipeline_with_dashboard to None, run_after=None
[2025-07-19T15:27:19.464+0000] {processor.py:183} INFO - Processing /opt/airflow/dags/main_full_processs.py took 12.036 seconds
[2025-07-19T15:29:25.448+0000] {processor.py:161} INFO - Started process (PID=10198) to work on /opt/airflow/dags/main_full_processs.py
[2025-07-19T15:29:25.449+0000] {processor.py:830} INFO - Processing file /opt/airflow/dags/main_full_processs.py for tasks to queue
[2025-07-19T15:29:25.450+0000] {logging_mixin.py:188} INFO - [2025-07-19T15:29:25.450+0000] {dagbag.py:538} INFO - Filling up the DagBag from /opt/airflow/dags/main_full_processs.py
[2025-07-19T15:29:25.460+0000] {processor.py:840} INFO - DAG(s) 'ml_pipeline_with_dashboard' retrieved from /opt/airflow/dags/main_full_processs.py
[2025-07-19T15:29:25.857+0000] {logging_mixin.py:188} INFO - [2025-07-19T15:29:25.857+0000] {dag.py:3036} INFO - Sync 1 DAGs
[2025-07-19T15:29:25.891+0000] {logging_mixin.py:188} INFO - [2025-07-19T15:29:25.891+0000] {dag.py:3823} INFO - Setting next_dagrun for ml_pipeline_with_dashboard to None, run_after=None
[2025-07-19T15:29:26.281+0000] {processor.py:183} INFO - Processing /opt/airflow/dags/main_full_processs.py took 0.837 seconds
[2025-07-19T15:31:00.760+0000] {processor.py:161} INFO - Started process (PID=10222) to work on /opt/airflow/dags/main_full_processs.py
[2025-07-19T15:31:00.761+0000] {processor.py:830} INFO - Processing file /opt/airflow/dags/main_full_processs.py for tasks to queue
[2025-07-19T15:31:00.762+0000] {logging_mixin.py:188} INFO - [2025-07-19T15:31:00.761+0000] {dagbag.py:538} INFO - Filling up the DagBag from /opt/airflow/dags/main_full_processs.py
[2025-07-19T15:31:00.772+0000] {processor.py:840} INFO - DAG(s) 'ml_pipeline_with_dashboard' retrieved from /opt/airflow/dags/main_full_processs.py
[2025-07-19T15:31:00.847+0000] {logging_mixin.py:188} INFO - [2025-07-19T15:31:00.847+0000] {dag.py:3036} INFO - Sync 1 DAGs
[2025-07-19T15:31:01.662+0000] {logging_mixin.py:188} INFO - [2025-07-19T15:31:01.662+0000] {dag.py:3823} INFO - Setting next_dagrun for ml_pipeline_with_dashboard to None, run_after=None
[2025-07-19T15:31:06.164+0000] {processor.py:183} INFO - Processing /opt/airflow/dags/main_full_processs.py took 5.408 seconds
[2025-07-19T15:33:00.361+0000] {processor.py:161} INFO - Started process (PID=10249) to work on /opt/airflow/dags/main_full_processs.py
[2025-07-19T15:33:00.363+0000] {processor.py:830} INFO - Processing file /opt/airflow/dags/main_full_processs.py for tasks to queue
[2025-07-19T15:33:00.364+0000] {logging_mixin.py:188} INFO - [2025-07-19T15:33:00.363+0000] {dagbag.py:538} INFO - Filling up the DagBag from /opt/airflow/dags/main_full_processs.py
[2025-07-19T15:33:00.551+0000] {processor.py:840} INFO - DAG(s) 'ml_pipeline_with_dashboard' retrieved from /opt/airflow/dags/main_full_processs.py
[2025-07-19T15:37:01.223+0000] {logging_mixin.py:188} INFO - [2025-07-19T15:37:01.222+0000] {dag.py:3036} INFO - Sync 1 DAGs
[2025-07-19T15:37:01.235+0000] {logging_mixin.py:188} INFO - [2025-07-19T15:37:01.235+0000] {dag.py:3823} INFO - Setting next_dagrun for ml_pipeline_with_dashboard to None, run_after=None
[2025-07-19T15:37:01.554+0000] {processor.py:183} INFO - Processing /opt/airflow/dags/main_full_processs.py took 243.212 seconds
[2025-07-19T15:37:33.997+0000] {processor.py:161} INFO - Started process (PID=10282) to work on /opt/airflow/dags/main_full_processs.py
[2025-07-19T15:37:33.998+0000] {processor.py:830} INFO - Processing file /opt/airflow/dags/main_full_processs.py for tasks to queue
[2025-07-19T15:37:34.000+0000] {logging_mixin.py:188} INFO - [2025-07-19T15:37:33.999+0000] {dagbag.py:538} INFO - Filling up the DagBag from /opt/airflow/dags/main_full_processs.py
[2025-07-19T15:37:34.014+0000] {processor.py:840} INFO - DAG(s) 'ml_pipeline_with_dashboard' retrieved from /opt/airflow/dags/main_full_processs.py
[2025-07-19T15:37:34.043+0000] {logging_mixin.py:188} INFO - [2025-07-19T15:37:34.042+0000] {dag.py:3036} INFO - Sync 1 DAGs
[2025-07-19T15:37:34.055+0000] {logging_mixin.py:188} INFO - [2025-07-19T15:37:34.055+0000] {dag.py:3823} INFO - Setting next_dagrun for ml_pipeline_with_dashboard to None, run_after=None
[2025-07-19T15:37:34.151+0000] {processor.py:183} INFO - Processing /opt/airflow/dags/main_full_processs.py took 0.158 seconds
[2025-07-19T15:38:04.818+0000] {processor.py:161} INFO - Started process (PID=10317) to work on /opt/airflow/dags/main_full_processs.py
[2025-07-19T15:38:04.819+0000] {processor.py:830} INFO - Processing file /opt/airflow/dags/main_full_processs.py for tasks to queue
[2025-07-19T15:38:04.820+0000] {logging_mixin.py:188} INFO - [2025-07-19T15:38:04.820+0000] {dagbag.py:538} INFO - Filling up the DagBag from /opt/airflow/dags/main_full_processs.py
[2025-07-19T15:38:04.833+0000] {processor.py:840} INFO - DAG(s) 'ml_pipeline_with_dashboard' retrieved from /opt/airflow/dags/main_full_processs.py
[2025-07-19T15:38:05.005+0000] {logging_mixin.py:188} INFO - [2025-07-19T15:38:05.004+0000] {dag.py:3036} INFO - Sync 1 DAGs
[2025-07-19T15:38:05.019+0000] {logging_mixin.py:188} INFO - [2025-07-19T15:38:05.018+0000] {dag.py:3823} INFO - Setting next_dagrun for ml_pipeline_with_dashboard to None, run_after=None
[2025-07-19T15:38:05.305+0000] {processor.py:183} INFO - Processing /opt/airflow/dags/main_full_processs.py took 0.494 seconds
[2025-07-19T15:38:36.637+0000] {processor.py:161} INFO - Started process (PID=10357) to work on /opt/airflow/dags/main_full_processs.py
[2025-07-19T15:38:36.639+0000] {processor.py:830} INFO - Processing file /opt/airflow/dags/main_full_processs.py for tasks to queue
[2025-07-19T15:38:36.640+0000] {logging_mixin.py:188} INFO - [2025-07-19T15:38:36.640+0000] {dagbag.py:538} INFO - Filling up the DagBag from /opt/airflow/dags/main_full_processs.py
[2025-07-19T15:38:36.670+0000] {processor.py:840} INFO - DAG(s) 'ml_pipeline_with_dashboard' retrieved from /opt/airflow/dags/main_full_processs.py
[2025-07-19T15:38:36.710+0000] {logging_mixin.py:188} INFO - [2025-07-19T15:38:36.710+0000] {dag.py:3036} INFO - Sync 1 DAGs
[2025-07-19T15:38:36.723+0000] {logging_mixin.py:188} INFO - [2025-07-19T15:38:36.723+0000] {dag.py:3823} INFO - Setting next_dagrun for ml_pipeline_with_dashboard to None, run_after=None
[2025-07-19T15:38:36.827+0000] {processor.py:183} INFO - Processing /opt/airflow/dags/main_full_processs.py took 0.194 seconds
[2025-07-19T15:39:07.736+0000] {processor.py:161} INFO - Started process (PID=10392) to work on /opt/airflow/dags/main_full_processs.py
[2025-07-19T15:39:07.737+0000] {processor.py:830} INFO - Processing file /opt/airflow/dags/main_full_processs.py for tasks to queue
[2025-07-19T15:39:07.738+0000] {logging_mixin.py:188} INFO - [2025-07-19T15:39:07.738+0000] {dagbag.py:538} INFO - Filling up the DagBag from /opt/airflow/dags/main_full_processs.py
[2025-07-19T15:39:07.750+0000] {processor.py:840} INFO - DAG(s) 'ml_pipeline_with_dashboard' retrieved from /opt/airflow/dags/main_full_processs.py
[2025-07-19T15:39:07.785+0000] {logging_mixin.py:188} INFO - [2025-07-19T15:39:07.785+0000] {dag.py:3036} INFO - Sync 1 DAGs
[2025-07-19T15:39:07.797+0000] {logging_mixin.py:188} INFO - [2025-07-19T15:39:07.797+0000] {dag.py:3823} INFO - Setting next_dagrun for ml_pipeline_with_dashboard to None, run_after=None
[2025-07-19T15:39:07.881+0000] {processor.py:183} INFO - Processing /opt/airflow/dags/main_full_processs.py took 0.149 seconds
[2025-07-19T15:39:38.749+0000] {processor.py:161} INFO - Started process (PID=10427) to work on /opt/airflow/dags/main_full_processs.py
[2025-07-19T15:39:38.750+0000] {processor.py:830} INFO - Processing file /opt/airflow/dags/main_full_processs.py for tasks to queue
[2025-07-19T15:39:38.751+0000] {logging_mixin.py:188} INFO - [2025-07-19T15:39:38.751+0000] {dagbag.py:538} INFO - Filling up the DagBag from /opt/airflow/dags/main_full_processs.py
[2025-07-19T15:39:38.764+0000] {processor.py:840} INFO - DAG(s) 'ml_pipeline_with_dashboard' retrieved from /opt/airflow/dags/main_full_processs.py
[2025-07-19T15:39:38.855+0000] {logging_mixin.py:188} INFO - [2025-07-19T15:39:38.855+0000] {dag.py:3036} INFO - Sync 1 DAGs
[2025-07-19T15:39:38.867+0000] {logging_mixin.py:188} INFO - [2025-07-19T15:39:38.867+0000] {dag.py:3823} INFO - Setting next_dagrun for ml_pipeline_with_dashboard to None, run_after=None
[2025-07-19T15:39:39.120+0000] {processor.py:183} INFO - Processing /opt/airflow/dags/main_full_processs.py took 0.374 seconds
[2025-07-19T15:40:09.673+0000] {processor.py:161} INFO - Started process (PID=10467) to work on /opt/airflow/dags/main_full_processs.py
[2025-07-19T15:40:09.674+0000] {processor.py:830} INFO - Processing file /opt/airflow/dags/main_full_processs.py for tasks to queue
[2025-07-19T15:40:09.675+0000] {logging_mixin.py:188} INFO - [2025-07-19T15:40:09.675+0000] {dagbag.py:538} INFO - Filling up the DagBag from /opt/airflow/dags/main_full_processs.py
[2025-07-19T15:40:09.686+0000] {processor.py:840} INFO - DAG(s) 'ml_pipeline_with_dashboard' retrieved from /opt/airflow/dags/main_full_processs.py
[2025-07-19T15:40:09.795+0000] {logging_mixin.py:188} INFO - [2025-07-19T15:40:09.794+0000] {dag.py:3036} INFO - Sync 1 DAGs
[2025-07-19T15:40:09.806+0000] {logging_mixin.py:188} INFO - [2025-07-19T15:40:09.806+0000] {dag.py:3823} INFO - Setting next_dagrun for ml_pipeline_with_dashboard to None, run_after=None
[2025-07-19T15:40:09.910+0000] {processor.py:183} INFO - Processing /opt/airflow/dags/main_full_processs.py took 0.240 seconds
[2025-07-19T15:40:39.945+0000] {processor.py:161} INFO - Started process (PID=10499) to work on /opt/airflow/dags/main_full_processs.py
[2025-07-19T15:40:39.946+0000] {processor.py:830} INFO - Processing file /opt/airflow/dags/main_full_processs.py for tasks to queue
[2025-07-19T15:40:39.947+0000] {logging_mixin.py:188} INFO - [2025-07-19T15:40:39.947+0000] {dagbag.py:538} INFO - Filling up the DagBag from /opt/airflow/dags/main_full_processs.py
[2025-07-19T15:40:39.958+0000] {processor.py:840} INFO - DAG(s) 'ml_pipeline_with_dashboard' retrieved from /opt/airflow/dags/main_full_processs.py
[2025-07-19T15:40:39.983+0000] {logging_mixin.py:188} INFO - [2025-07-19T15:40:39.983+0000] {dag.py:3036} INFO - Sync 1 DAGs
[2025-07-19T15:40:39.995+0000] {logging_mixin.py:188} INFO - [2025-07-19T15:40:39.995+0000] {dag.py:3823} INFO - Setting next_dagrun for ml_pipeline_with_dashboard to None, run_after=None
[2025-07-19T15:40:40.059+0000] {processor.py:183} INFO - Processing /opt/airflow/dags/main_full_processs.py took 0.117 seconds
[2025-07-19T15:41:15.997+0000] {processor.py:161} INFO - Started process (PID=10532) to work on /opt/airflow/dags/main_full_processs.py
[2025-07-19T15:41:16.023+0000] {processor.py:830} INFO - Processing file /opt/airflow/dags/main_full_processs.py for tasks to queue
[2025-07-19T15:41:16.083+0000] {logging_mixin.py:188} INFO - [2025-07-19T15:41:16.083+0000] {dagbag.py:538} INFO - Filling up the DagBag from /opt/airflow/dags/main_full_processs.py
[2025-07-19T15:41:16.385+0000] {processor.py:840} INFO - DAG(s) 'ml_pipeline_with_dashboard' retrieved from /opt/airflow/dags/main_full_processs.py
[2025-07-19T15:41:25.370+0000] {logging_mixin.py:188} INFO - [2025-07-19T15:41:25.370+0000] {dag.py:3036} INFO - Sync 1 DAGs
[2025-07-19T15:41:25.773+0000] {logging_mixin.py:188} INFO - [2025-07-19T15:41:25.773+0000] {dag.py:3823} INFO - Setting next_dagrun for ml_pipeline_with_dashboard to None, run_after=None
[2025-07-19T15:41:26.099+0000] {processor.py:183} INFO - Processing /opt/airflow/dags/main_full_processs.py took 11.062 seconds
[2025-07-19T15:41:57.716+0000] {processor.py:161} INFO - Started process (PID=10587) to work on /opt/airflow/dags/main_full_processs.py
[2025-07-19T15:41:57.717+0000] {processor.py:830} INFO - Processing file /opt/airflow/dags/main_full_processs.py for tasks to queue
[2025-07-19T15:41:57.718+0000] {logging_mixin.py:188} INFO - [2025-07-19T15:41:57.718+0000] {dagbag.py:538} INFO - Filling up the DagBag from /opt/airflow/dags/main_full_processs.py
[2025-07-19T15:41:57.728+0000] {processor.py:840} INFO - DAG(s) 'ml_pipeline_with_dashboard' retrieved from /opt/airflow/dags/main_full_processs.py
[2025-07-19T15:41:58.066+0000] {logging_mixin.py:188} INFO - [2025-07-19T15:41:58.066+0000] {dag.py:3036} INFO - Sync 1 DAGs
[2025-07-19T15:41:58.208+0000] {logging_mixin.py:188} INFO - [2025-07-19T15:41:58.207+0000] {dag.py:3823} INFO - Setting next_dagrun for ml_pipeline_with_dashboard to None, run_after=None
[2025-07-19T15:41:58.275+0000] {processor.py:183} INFO - Processing /opt/airflow/dags/main_full_processs.py took 0.561 seconds
[2025-07-19T15:42:29.097+0000] {processor.py:161} INFO - Started process (PID=10670) to work on /opt/airflow/dags/main_full_processs.py
[2025-07-19T15:42:29.098+0000] {processor.py:830} INFO - Processing file /opt/airflow/dags/main_full_processs.py for tasks to queue
[2025-07-19T15:42:29.099+0000] {logging_mixin.py:188} INFO - [2025-07-19T15:42:29.099+0000] {dagbag.py:538} INFO - Filling up the DagBag from /opt/airflow/dags/main_full_processs.py
[2025-07-19T15:42:29.257+0000] {processor.py:840} INFO - DAG(s) 'ml_pipeline_with_dashboard' retrieved from /opt/airflow/dags/main_full_processs.py
[2025-07-19T15:42:29.509+0000] {logging_mixin.py:188} INFO - [2025-07-19T15:42:29.509+0000] {dag.py:3036} INFO - Sync 1 DAGs
[2025-07-19T15:42:29.707+0000] {logging_mixin.py:188} INFO - [2025-07-19T15:42:29.706+0000] {dag.py:3823} INFO - Setting next_dagrun for ml_pipeline_with_dashboard to None, run_after=None
[2025-07-19T15:42:29.811+0000] {processor.py:183} INFO - Processing /opt/airflow/dags/main_full_processs.py took 0.734 seconds
[2025-07-19T15:43:11.975+0000] {processor.py:161} INFO - Started process (PID=11049) to work on /opt/airflow/dags/main_full_processs.py
[2025-07-19T15:43:12.002+0000] {processor.py:830} INFO - Processing file /opt/airflow/dags/main_full_processs.py for tasks to queue
[2025-07-19T15:43:12.015+0000] {logging_mixin.py:188} INFO - [2025-07-19T15:43:12.014+0000] {dagbag.py:538} INFO - Filling up the DagBag from /opt/airflow/dags/main_full_processs.py
[2025-07-19T15:43:12.047+0000] {processor.py:840} INFO - DAG(s) 'ml_pipeline_with_dashboard' retrieved from /opt/airflow/dags/main_full_processs.py
[2025-07-19T15:43:12.218+0000] {logging_mixin.py:188} INFO - [2025-07-19T15:43:12.218+0000] {dag.py:3036} INFO - Sync 1 DAGs
[2025-07-19T15:43:12.416+0000] {logging_mixin.py:188} INFO - [2025-07-19T15:43:12.415+0000] {dag.py:3823} INFO - Setting next_dagrun for ml_pipeline_with_dashboard to None, run_after=None
[2025-07-19T15:43:12.752+0000] {processor.py:183} INFO - Processing /opt/airflow/dags/main_full_processs.py took 0.871 seconds
[2025-07-19T15:43:43.730+0000] {processor.py:161} INFO - Started process (PID=11497) to work on /opt/airflow/dags/main_full_processs.py
[2025-07-19T15:43:43.736+0000] {processor.py:830} INFO - Processing file /opt/airflow/dags/main_full_processs.py for tasks to queue
[2025-07-19T15:43:43.741+0000] {logging_mixin.py:188} INFO - [2025-07-19T15:43:43.741+0000] {dagbag.py:538} INFO - Filling up the DagBag from /opt/airflow/dags/main_full_processs.py
[2025-07-19T15:43:43.809+0000] {processor.py:840} INFO - DAG(s) 'ml_pipeline_with_dashboard' retrieved from /opt/airflow/dags/main_full_processs.py
[2025-07-19T15:43:43.955+0000] {logging_mixin.py:188} INFO - [2025-07-19T15:43:43.955+0000] {dag.py:3036} INFO - Sync 1 DAGs
[2025-07-19T15:43:44.079+0000] {logging_mixin.py:188} INFO - [2025-07-19T15:43:44.078+0000] {dag.py:3823} INFO - Setting next_dagrun for ml_pipeline_with_dashboard to None, run_after=None
[2025-07-19T15:43:44.198+0000] {processor.py:183} INFO - Processing /opt/airflow/dags/main_full_processs.py took 0.474 seconds
[2025-07-19T15:44:15.635+0000] {processor.py:161} INFO - Started process (PID=12346) to work on /opt/airflow/dags/main_full_processs.py
[2025-07-19T15:44:15.641+0000] {processor.py:830} INFO - Processing file /opt/airflow/dags/main_full_processs.py for tasks to queue
[2025-07-19T15:44:15.644+0000] {logging_mixin.py:188} INFO - [2025-07-19T15:44:15.643+0000] {dagbag.py:538} INFO - Filling up the DagBag from /opt/airflow/dags/main_full_processs.py
[2025-07-19T15:44:15.674+0000] {processor.py:840} INFO - DAG(s) 'ml_pipeline_with_dashboard' retrieved from /opt/airflow/dags/main_full_processs.py
[2025-07-19T15:44:15.949+0000] {logging_mixin.py:188} INFO - [2025-07-19T15:44:15.948+0000] {dag.py:3036} INFO - Sync 1 DAGs
[2025-07-19T15:44:16.159+0000] {logging_mixin.py:188} INFO - [2025-07-19T15:44:16.158+0000] {dag.py:3823} INFO - Setting next_dagrun for ml_pipeline_with_dashboard to None, run_after=None
[2025-07-19T15:44:16.609+0000] {processor.py:183} INFO - Processing /opt/airflow/dags/main_full_processs.py took 0.979 seconds
[2025-07-19T15:44:47.540+0000] {processor.py:161} INFO - Started process (PID=12841) to work on /opt/airflow/dags/main_full_processs.py
[2025-07-19T15:44:47.551+0000] {processor.py:830} INFO - Processing file /opt/airflow/dags/main_full_processs.py for tasks to queue
[2025-07-19T15:44:47.553+0000] {logging_mixin.py:188} INFO - [2025-07-19T15:44:47.553+0000] {dagbag.py:538} INFO - Filling up the DagBag from /opt/airflow/dags/main_full_processs.py
[2025-07-19T15:44:47.597+0000] {processor.py:840} INFO - DAG(s) 'ml_pipeline_with_dashboard' retrieved from /opt/airflow/dags/main_full_processs.py
[2025-07-19T15:44:47.910+0000] {logging_mixin.py:188} INFO - [2025-07-19T15:44:47.909+0000] {dag.py:3036} INFO - Sync 1 DAGs
[2025-07-19T15:44:48.094+0000] {logging_mixin.py:188} INFO - [2025-07-19T15:44:48.094+0000] {dag.py:3823} INFO - Setting next_dagrun for ml_pipeline_with_dashboard to None, run_after=None
[2025-07-19T15:44:48.358+0000] {processor.py:183} INFO - Processing /opt/airflow/dags/main_full_processs.py took 0.823 seconds
[2025-07-19T15:45:18.562+0000] {processor.py:161} INFO - Started process (PID=13104) to work on /opt/airflow/dags/main_full_processs.py
[2025-07-19T15:45:18.564+0000] {processor.py:830} INFO - Processing file /opt/airflow/dags/main_full_processs.py for tasks to queue
[2025-07-19T15:45:18.566+0000] {logging_mixin.py:188} INFO - [2025-07-19T15:45:18.565+0000] {dagbag.py:538} INFO - Filling up the DagBag from /opt/airflow/dags/main_full_processs.py
[2025-07-19T15:45:18.602+0000] {processor.py:840} INFO - DAG(s) 'ml_pipeline_with_dashboard' retrieved from /opt/airflow/dags/main_full_processs.py
[2025-07-19T15:45:18.674+0000] {logging_mixin.py:188} INFO - [2025-07-19T15:45:18.673+0000] {dag.py:3036} INFO - Sync 1 DAGs
[2025-07-19T15:45:18.714+0000] {logging_mixin.py:188} INFO - [2025-07-19T15:45:18.714+0000] {dag.py:3823} INFO - Setting next_dagrun for ml_pipeline_with_dashboard to None, run_after=None
[2025-07-19T15:45:18.795+0000] {processor.py:183} INFO - Processing /opt/airflow/dags/main_full_processs.py took 0.239 seconds
[2025-07-19T15:45:49.142+0000] {processor.py:161} INFO - Started process (PID=13139) to work on /opt/airflow/dags/main_full_processs.py
[2025-07-19T15:45:49.144+0000] {processor.py:830} INFO - Processing file /opt/airflow/dags/main_full_processs.py for tasks to queue
[2025-07-19T15:45:49.155+0000] {logging_mixin.py:188} INFO - [2025-07-19T15:45:49.154+0000] {dagbag.py:538} INFO - Filling up the DagBag from /opt/airflow/dags/main_full_processs.py
[2025-07-19T15:45:49.260+0000] {processor.py:840} INFO - DAG(s) 'ml_pipeline_with_dashboard' retrieved from /opt/airflow/dags/main_full_processs.py
[2025-07-19T15:45:49.317+0000] {logging_mixin.py:188} INFO - [2025-07-19T15:45:49.316+0000] {dag.py:3036} INFO - Sync 1 DAGs
[2025-07-19T15:45:49.364+0000] {logging_mixin.py:188} INFO - [2025-07-19T15:45:49.364+0000] {dag.py:3823} INFO - Setting next_dagrun for ml_pipeline_with_dashboard to None, run_after=None
[2025-07-19T15:45:49.439+0000] {processor.py:183} INFO - Processing /opt/airflow/dags/main_full_processs.py took 0.304 seconds
