[2025-07-20T06:47:55.731+0000] {processor.py:161} INFO - Started process (PID=185) to work on /opt/airflow/dags/conplete_mlops.py
[2025-07-20T06:47:55.732+0000] {processor.py:830} INFO - Processing file /opt/airflow/dags/conplete_mlops.py for tasks to queue
[2025-07-20T06:47:55.734+0000] {logging_mixin.py:188} INFO - [2025-07-20T06:47:55.733+0000] {dagbag.py:538} INFO - Filling up the DagBag from /opt/airflow/dags/conplete_mlops.py
[2025-07-20T06:47:55.755+0000] {processor.py:840} INFO - DAG(s) 'mlops_pipeline_complete' retrieved from /opt/airflow/dags/conplete_mlops.py
[2025-07-20T06:47:55.806+0000] {logging_mixin.py:188} INFO - [2025-07-20T06:47:55.806+0000] {dag.py:3036} INFO - Sync 1 DAGs
[2025-07-20T06:47:55.825+0000] {logging_mixin.py:188} INFO - [2025-07-20T06:47:55.825+0000] {dag.py:3823} INFO - Setting next_dagrun for mlops_pipeline_complete to None, run_after=None
[2025-07-20T06:47:55.853+0000] {processor.py:183} INFO - Processing /opt/airflow/dags/conplete_mlops.py took 0.126 seconds
[2025-07-20T06:48:51.058+0000] {processor.py:161} INFO - Started process (PID=580) to work on /opt/airflow/dags/conplete_mlops.py
[2025-07-20T06:48:51.107+0000] {processor.py:830} INFO - Processing file /opt/airflow/dags/conplete_mlops.py for tasks to queue
[2025-07-20T06:48:51.135+0000] {logging_mixin.py:188} INFO - [2025-07-20T06:48:51.131+0000] {dagbag.py:538} INFO - Filling up the DagBag from /opt/airflow/dags/conplete_mlops.py
[2025-07-20T06:48:58.562+0000] {processor.py:840} INFO - DAG(s) 'mlops_pipeline_complete' retrieved from /opt/airflow/dags/conplete_mlops.py
[2025-07-20T06:52:30.944+0000] {processor.py:161} INFO - Started process (PID=2022) to work on /opt/airflow/dags/conplete_mlops.py
[2025-07-20T06:52:30.947+0000] {processor.py:830} INFO - Processing file /opt/airflow/dags/conplete_mlops.py for tasks to queue
[2025-07-20T06:52:30.948+0000] {logging_mixin.py:188} INFO - [2025-07-20T06:52:30.947+0000] {dagbag.py:538} INFO - Filling up the DagBag from /opt/airflow/dags/conplete_mlops.py
[2025-07-20T06:52:31.242+0000] {processor.py:840} INFO - DAG(s) 'mlops_pipeline_complete' retrieved from /opt/airflow/dags/conplete_mlops.py
[2025-07-20T06:53:05.314+0000] {logging_mixin.py:188} INFO - [2025-07-20T06:53:05.307+0000] {dag.py:3036} INFO - Sync 1 DAGs
[2025-07-20T06:53:06.611+0000] {logging_mixin.py:188} INFO - [2025-07-20T06:53:06.611+0000] {dag.py:3823} INFO - Setting next_dagrun for mlops_pipeline_complete to None, run_after=None
[2025-07-20T06:53:50.364+0000] {processor.py:161} INFO - Started process (PID=2539) to work on /opt/airflow/dags/conplete_mlops.py
[2025-07-20T06:53:50.365+0000] {processor.py:830} INFO - Processing file /opt/airflow/dags/conplete_mlops.py for tasks to queue
[2025-07-20T06:53:50.367+0000] {logging_mixin.py:188} INFO - [2025-07-20T06:53:50.366+0000] {dagbag.py:538} INFO - Filling up the DagBag from /opt/airflow/dags/conplete_mlops.py
[2025-07-20T06:53:50.406+0000] {processor.py:840} INFO - DAG(s) 'mlops_pipeline_complete' retrieved from /opt/airflow/dags/conplete_mlops.py
[2025-07-20T06:53:50.515+0000] {logging_mixin.py:188} INFO - [2025-07-20T06:53:50.514+0000] {dag.py:3036} INFO - Sync 1 DAGs
[2025-07-20T06:53:50.556+0000] {logging_mixin.py:188} INFO - [2025-07-20T06:53:50.556+0000] {dag.py:3823} INFO - Setting next_dagrun for mlops_pipeline_complete to None, run_after=None
[2025-07-20T06:53:50.886+0000] {processor.py:183} INFO - Processing /opt/airflow/dags/conplete_mlops.py took 0.525 seconds
[2025-07-20T06:54:22.321+0000] {processor.py:161} INFO - Started process (PID=2574) to work on /opt/airflow/dags/conplete_mlops.py
[2025-07-20T06:54:22.323+0000] {processor.py:830} INFO - Processing file /opt/airflow/dags/conplete_mlops.py for tasks to queue
[2025-07-20T06:54:22.325+0000] {logging_mixin.py:188} INFO - [2025-07-20T06:54:22.324+0000] {dagbag.py:538} INFO - Filling up the DagBag from /opt/airflow/dags/conplete_mlops.py
[2025-07-20T06:54:22.394+0000] {processor.py:840} INFO - DAG(s) 'mlops_pipeline_complete' retrieved from /opt/airflow/dags/conplete_mlops.py
[2025-07-20T06:54:22.476+0000] {logging_mixin.py:188} INFO - [2025-07-20T06:54:22.475+0000] {dag.py:3036} INFO - Sync 1 DAGs
[2025-07-20T06:54:22.529+0000] {logging_mixin.py:188} INFO - [2025-07-20T06:54:22.529+0000] {dag.py:3823} INFO - Setting next_dagrun for mlops_pipeline_complete to None, run_after=None
[2025-07-20T06:54:22.608+0000] {processor.py:183} INFO - Processing /opt/airflow/dags/conplete_mlops.py took 0.292 seconds
[2025-07-20T06:54:54.122+0000] {processor.py:161} INFO - Started process (PID=2607) to work on /opt/airflow/dags/conplete_mlops.py
[2025-07-20T06:54:54.132+0000] {processor.py:830} INFO - Processing file /opt/airflow/dags/conplete_mlops.py for tasks to queue
[2025-07-20T06:54:54.134+0000] {logging_mixin.py:188} INFO - [2025-07-20T06:54:54.134+0000] {dagbag.py:538} INFO - Filling up the DagBag from /opt/airflow/dags/conplete_mlops.py
[2025-07-20T06:54:54.245+0000] {processor.py:840} INFO - DAG(s) 'mlops_pipeline_complete' retrieved from /opt/airflow/dags/conplete_mlops.py
[2025-07-20T06:54:54.338+0000] {logging_mixin.py:188} INFO - [2025-07-20T06:54:54.337+0000] {dag.py:3036} INFO - Sync 1 DAGs
[2025-07-20T06:54:54.483+0000] {logging_mixin.py:188} INFO - [2025-07-20T06:54:54.482+0000] {dag.py:3823} INFO - Setting next_dagrun for mlops_pipeline_complete to None, run_after=None
[2025-07-20T06:54:54.591+0000] {processor.py:183} INFO - Processing /opt/airflow/dags/conplete_mlops.py took 0.475 seconds
[2025-07-20T06:55:25.817+0000] {processor.py:161} INFO - Started process (PID=2642) to work on /opt/airflow/dags/conplete_mlops.py
[2025-07-20T06:55:25.819+0000] {processor.py:830} INFO - Processing file /opt/airflow/dags/conplete_mlops.py for tasks to queue
[2025-07-20T06:55:25.821+0000] {logging_mixin.py:188} INFO - [2025-07-20T06:55:25.821+0000] {dagbag.py:538} INFO - Filling up the DagBag from /opt/airflow/dags/conplete_mlops.py
[2025-07-20T06:55:26.053+0000] {processor.py:840} INFO - DAG(s) 'mlops_pipeline_complete' retrieved from /opt/airflow/dags/conplete_mlops.py
[2025-07-20T06:55:26.355+0000] {logging_mixin.py:188} INFO - [2025-07-20T06:55:26.355+0000] {dag.py:3036} INFO - Sync 1 DAGs
[2025-07-20T06:55:26.440+0000] {logging_mixin.py:188} INFO - [2025-07-20T06:55:26.439+0000] {dag.py:3823} INFO - Setting next_dagrun for mlops_pipeline_complete to None, run_after=None
[2025-07-20T06:55:26.808+0000] {processor.py:183} INFO - Processing /opt/airflow/dags/conplete_mlops.py took 0.996 seconds
[2025-07-20T06:55:58.290+0000] {processor.py:161} INFO - Started process (PID=2667) to work on /opt/airflow/dags/conplete_mlops.py
[2025-07-20T06:55:58.302+0000] {processor.py:830} INFO - Processing file /opt/airflow/dags/conplete_mlops.py for tasks to queue
[2025-07-20T06:55:58.305+0000] {logging_mixin.py:188} INFO - [2025-07-20T06:55:58.304+0000] {dagbag.py:538} INFO - Filling up the DagBag from /opt/airflow/dags/conplete_mlops.py
[2025-07-20T06:55:58.408+0000] {processor.py:840} INFO - DAG(s) 'mlops_pipeline_complete' retrieved from /opt/airflow/dags/conplete_mlops.py
[2025-07-20T06:55:58.801+0000] {logging_mixin.py:188} INFO - [2025-07-20T06:55:58.799+0000] {dag.py:3036} INFO - Sync 1 DAGs
[2025-07-20T06:55:58.882+0000] {logging_mixin.py:188} INFO - [2025-07-20T06:55:58.881+0000] {dag.py:3823} INFO - Setting next_dagrun for mlops_pipeline_complete to None, run_after=None
[2025-07-20T06:55:59.013+0000] {processor.py:183} INFO - Processing /opt/airflow/dags/conplete_mlops.py took 0.732 seconds
[2025-07-20T06:56:30.862+0000] {processor.py:161} INFO - Started process (PID=2702) to work on /opt/airflow/dags/conplete_mlops.py
[2025-07-20T06:56:30.885+0000] {processor.py:830} INFO - Processing file /opt/airflow/dags/conplete_mlops.py for tasks to queue
[2025-07-20T06:56:30.902+0000] {logging_mixin.py:188} INFO - [2025-07-20T06:56:30.901+0000] {dagbag.py:538} INFO - Filling up the DagBag from /opt/airflow/dags/conplete_mlops.py
[2025-07-20T06:56:31.063+0000] {processor.py:840} INFO - DAG(s) 'mlops_pipeline_complete' retrieved from /opt/airflow/dags/conplete_mlops.py
[2025-07-20T06:56:31.289+0000] {logging_mixin.py:188} INFO - [2025-07-20T06:56:31.288+0000] {dag.py:3036} INFO - Sync 1 DAGs
[2025-07-20T06:56:31.385+0000] {logging_mixin.py:188} INFO - [2025-07-20T06:56:31.384+0000] {dag.py:3823} INFO - Setting next_dagrun for mlops_pipeline_complete to None, run_after=None
[2025-07-20T06:56:31.656+0000] {processor.py:183} INFO - Processing /opt/airflow/dags/conplete_mlops.py took 0.800 seconds
[2025-07-20T06:57:02.261+0000] {processor.py:161} INFO - Started process (PID=2734) to work on /opt/airflow/dags/conplete_mlops.py
[2025-07-20T06:57:02.264+0000] {processor.py:830} INFO - Processing file /opt/airflow/dags/conplete_mlops.py for tasks to queue
[2025-07-20T06:57:02.272+0000] {logging_mixin.py:188} INFO - [2025-07-20T06:57:02.271+0000] {dagbag.py:538} INFO - Filling up the DagBag from /opt/airflow/dags/conplete_mlops.py
[2025-07-20T06:57:02.415+0000] {processor.py:840} INFO - DAG(s) 'mlops_pipeline_complete' retrieved from /opt/airflow/dags/conplete_mlops.py
[2025-07-20T06:57:02.821+0000] {logging_mixin.py:188} INFO - [2025-07-20T06:57:02.820+0000] {dag.py:3036} INFO - Sync 1 DAGs
[2025-07-20T06:57:02.865+0000] {logging_mixin.py:188} INFO - [2025-07-20T06:57:02.864+0000] {dag.py:3823} INFO - Setting next_dagrun for mlops_pipeline_complete to None, run_after=None
[2025-07-20T06:57:03.146+0000] {processor.py:183} INFO - Processing /opt/airflow/dags/conplete_mlops.py took 0.891 seconds
[2025-07-20T06:57:33.615+0000] {processor.py:161} INFO - Started process (PID=2769) to work on /opt/airflow/dags/conplete_mlops.py
[2025-07-20T06:57:33.626+0000] {processor.py:830} INFO - Processing file /opt/airflow/dags/conplete_mlops.py for tasks to queue
[2025-07-20T06:57:33.629+0000] {logging_mixin.py:188} INFO - [2025-07-20T06:57:33.628+0000] {dagbag.py:538} INFO - Filling up the DagBag from /opt/airflow/dags/conplete_mlops.py
[2025-07-20T06:57:33.819+0000] {processor.py:840} INFO - DAG(s) 'mlops_pipeline_complete' retrieved from /opt/airflow/dags/conplete_mlops.py
[2025-07-20T06:57:33.962+0000] {logging_mixin.py:188} INFO - [2025-07-20T06:57:33.962+0000] {dag.py:3036} INFO - Sync 1 DAGs
[2025-07-20T06:57:34.023+0000] {logging_mixin.py:188} INFO - [2025-07-20T06:57:34.022+0000] {dag.py:3823} INFO - Setting next_dagrun for mlops_pipeline_complete to None, run_after=None
[2025-07-20T06:57:34.149+0000] {processor.py:183} INFO - Processing /opt/airflow/dags/conplete_mlops.py took 0.540 seconds
[2025-07-20T06:58:25.355+0000] {processor.py:161} INFO - Started process (PID=2799) to work on /opt/airflow/dags/conplete_mlops.py
[2025-07-20T06:58:25.423+0000] {processor.py:830} INFO - Processing file /opt/airflow/dags/conplete_mlops.py for tasks to queue
[2025-07-20T06:58:26.399+0000] {logging_mixin.py:188} INFO - [2025-07-20T06:58:26.156+0000] {dagbag.py:538} INFO - Filling up the DagBag from /opt/airflow/dags/conplete_mlops.py
[2025-07-20T06:58:28.779+0000] {processor.py:840} INFO - DAG(s) 'mlops_pipeline_complete' retrieved from /opt/airflow/dags/conplete_mlops.py
[2025-07-20T06:58:29.168+0000] {logging_mixin.py:188} INFO - [2025-07-20T06:58:29.167+0000] {dag.py:3036} INFO - Sync 1 DAGs
[2025-07-20T06:58:29.378+0000] {logging_mixin.py:188} INFO - [2025-07-20T06:58:29.378+0000] {dag.py:3823} INFO - Setting next_dagrun for mlops_pipeline_complete to None, run_after=None
[2025-07-20T06:58:30.051+0000] {processor.py:183} INFO - Processing /opt/airflow/dags/conplete_mlops.py took 4.698 seconds
[2025-07-20T06:59:05.412+0000] {processor.py:161} INFO - Started process (PID=2839) to work on /opt/airflow/dags/conplete_mlops.py
[2025-07-20T06:59:05.414+0000] {processor.py:830} INFO - Processing file /opt/airflow/dags/conplete_mlops.py for tasks to queue
[2025-07-20T06:59:05.430+0000] {logging_mixin.py:188} INFO - [2025-07-20T06:59:05.429+0000] {dagbag.py:538} INFO - Filling up the DagBag from /opt/airflow/dags/conplete_mlops.py
[2025-07-20T06:59:05.486+0000] {processor.py:840} INFO - DAG(s) 'mlops_pipeline_complete' retrieved from /opt/airflow/dags/conplete_mlops.py
[2025-07-20T06:59:05.558+0000] {logging_mixin.py:188} INFO - [2025-07-20T06:59:05.557+0000] {dag.py:3036} INFO - Sync 1 DAGs
[2025-07-20T06:59:05.612+0000] {logging_mixin.py:188} INFO - [2025-07-20T06:59:05.612+0000] {dag.py:3823} INFO - Setting next_dagrun for mlops_pipeline_complete to None, run_after=None
[2025-07-20T06:59:05.723+0000] {processor.py:183} INFO - Processing /opt/airflow/dags/conplete_mlops.py took 0.317 seconds
[2025-07-20T06:59:37.899+0000] {processor.py:161} INFO - Started process (PID=2874) to work on /opt/airflow/dags/conplete_mlops.py
[2025-07-20T06:59:37.911+0000] {processor.py:830} INFO - Processing file /opt/airflow/dags/conplete_mlops.py for tasks to queue
[2025-07-20T06:59:37.987+0000] {logging_mixin.py:188} INFO - [2025-07-20T06:59:37.986+0000] {dagbag.py:538} INFO - Filling up the DagBag from /opt/airflow/dags/conplete_mlops.py
[2025-07-20T06:59:38.244+0000] {processor.py:840} INFO - DAG(s) 'mlops_pipeline_complete' retrieved from /opt/airflow/dags/conplete_mlops.py
[2025-07-20T06:59:38.445+0000] {logging_mixin.py:188} INFO - [2025-07-20T06:59:38.444+0000] {dag.py:3036} INFO - Sync 1 DAGs
[2025-07-20T06:59:38.544+0000] {logging_mixin.py:188} INFO - [2025-07-20T06:59:38.543+0000] {dag.py:3823} INFO - Setting next_dagrun for mlops_pipeline_complete to None, run_after=None
[2025-07-20T06:59:38.733+0000] {processor.py:183} INFO - Processing /opt/airflow/dags/conplete_mlops.py took 0.840 seconds
[2025-07-20T07:00:11.234+0000] {processor.py:161} INFO - Started process (PID=2909) to work on /opt/airflow/dags/conplete_mlops.py
[2025-07-20T07:00:11.236+0000] {processor.py:830} INFO - Processing file /opt/airflow/dags/conplete_mlops.py for tasks to queue
[2025-07-20T07:00:11.239+0000] {logging_mixin.py:188} INFO - [2025-07-20T07:00:11.238+0000] {dagbag.py:538} INFO - Filling up the DagBag from /opt/airflow/dags/conplete_mlops.py
[2025-07-20T07:00:12.123+0000] {processor.py:840} INFO - DAG(s) 'mlops_pipeline_complete' retrieved from /opt/airflow/dags/conplete_mlops.py
[2025-07-20T07:00:12.904+0000] {logging_mixin.py:188} INFO - [2025-07-20T07:00:12.904+0000] {dag.py:3036} INFO - Sync 1 DAGs
[2025-07-20T07:00:13.016+0000] {logging_mixin.py:188} INFO - [2025-07-20T07:00:13.016+0000] {dag.py:3823} INFO - Setting next_dagrun for mlops_pipeline_complete to None, run_after=None
[2025-07-20T07:00:13.555+0000] {processor.py:183} INFO - Processing /opt/airflow/dags/conplete_mlops.py took 2.327 seconds
[2025-07-20T07:00:44.419+0000] {processor.py:161} INFO - Started process (PID=2944) to work on /opt/airflow/dags/conplete_mlops.py
[2025-07-20T07:00:44.420+0000] {processor.py:830} INFO - Processing file /opt/airflow/dags/conplete_mlops.py for tasks to queue
[2025-07-20T07:00:44.421+0000] {logging_mixin.py:188} INFO - [2025-07-20T07:00:44.421+0000] {dagbag.py:538} INFO - Filling up the DagBag from /opt/airflow/dags/conplete_mlops.py
[2025-07-20T07:00:44.571+0000] {processor.py:840} INFO - DAG(s) 'mlops_pipeline_complete' retrieved from /opt/airflow/dags/conplete_mlops.py
[2025-07-20T07:00:44.756+0000] {logging_mixin.py:188} INFO - [2025-07-20T07:00:44.755+0000] {dag.py:3036} INFO - Sync 1 DAGs
[2025-07-20T07:00:44.799+0000] {logging_mixin.py:188} INFO - [2025-07-20T07:00:44.798+0000] {dag.py:3823} INFO - Setting next_dagrun for mlops_pipeline_complete to None, run_after=None
[2025-07-20T07:00:44.884+0000] {processor.py:183} INFO - Processing /opt/airflow/dags/conplete_mlops.py took 0.469 seconds
[2025-07-20T07:01:18.301+0000] {processor.py:161} INFO - Started process (PID=2977) to work on /opt/airflow/dags/conplete_mlops.py
[2025-07-20T07:01:18.308+0000] {processor.py:830} INFO - Processing file /opt/airflow/dags/conplete_mlops.py for tasks to queue
[2025-07-20T07:01:18.327+0000] {logging_mixin.py:188} INFO - [2025-07-20T07:01:18.327+0000] {dagbag.py:538} INFO - Filling up the DagBag from /opt/airflow/dags/conplete_mlops.py
[2025-07-20T07:01:21.474+0000] {processor.py:840} INFO - DAG(s) 'mlops_pipeline_complete' retrieved from /opt/airflow/dags/conplete_mlops.py
[2025-07-20T07:01:23.236+0000] {logging_mixin.py:188} INFO - [2025-07-20T07:01:23.236+0000] {dag.py:3036} INFO - Sync 1 DAGs
[2025-07-20T07:01:23.283+0000] {logging_mixin.py:188} INFO - [2025-07-20T07:01:23.283+0000] {dag.py:3823} INFO - Setting next_dagrun for mlops_pipeline_complete to None, run_after=None
[2025-07-20T07:01:23.544+0000] {processor.py:183} INFO - Processing /opt/airflow/dags/conplete_mlops.py took 5.846 seconds
[2025-07-20T07:02:10.348+0000] {processor.py:161} INFO - Started process (PID=3005) to work on /opt/airflow/dags/conplete_mlops.py
[2025-07-20T07:02:10.349+0000] {processor.py:830} INFO - Processing file /opt/airflow/dags/conplete_mlops.py for tasks to queue
[2025-07-20T07:02:10.350+0000] {logging_mixin.py:188} INFO - [2025-07-20T07:02:10.350+0000] {dagbag.py:538} INFO - Filling up the DagBag from /opt/airflow/dags/conplete_mlops.py
[2025-07-20T07:02:10.368+0000] {processor.py:840} INFO - DAG(s) 'mlops_pipeline_complete' retrieved from /opt/airflow/dags/conplete_mlops.py
[2025-07-20T07:02:12.294+0000] {logging_mixin.py:188} INFO - [2025-07-20T07:02:12.294+0000] {dag.py:3036} INFO - Sync 1 DAGs
[2025-07-20T07:02:29.171+0000] {logging_mixin.py:188} INFO - [2025-07-20T07:02:29.171+0000] {dag.py:3823} INFO - Setting next_dagrun for mlops_pipeline_complete to None, run_after=None
[2025-07-20T07:02:35.640+0000] {processor.py:183} INFO - Processing /opt/airflow/dags/conplete_mlops.py took 25.295 seconds
[2025-07-20T07:03:36.669+0000] {processor.py:161} INFO - Started process (PID=3036) to work on /opt/airflow/dags/conplete_mlops.py
[2025-07-20T07:03:36.673+0000] {processor.py:830} INFO - Processing file /opt/airflow/dags/conplete_mlops.py for tasks to queue
[2025-07-20T07:03:36.678+0000] {logging_mixin.py:188} INFO - [2025-07-20T07:03:36.677+0000] {dagbag.py:538} INFO - Filling up the DagBag from /opt/airflow/dags/conplete_mlops.py
[2025-07-20T07:03:50.939+0000] {processor.py:840} INFO - DAG(s) 'mlops_pipeline_complete' retrieved from /opt/airflow/dags/conplete_mlops.py
[2025-07-20T07:03:57.283+0000] {logging_mixin.py:188} INFO - [2025-07-20T07:03:57.282+0000] {dag.py:3036} INFO - Sync 1 DAGs
[2025-07-20T07:03:57.295+0000] {logging_mixin.py:188} INFO - [2025-07-20T07:03:57.295+0000] {dag.py:3823} INFO - Setting next_dagrun for mlops_pipeline_complete to None, run_after=None
[2025-07-20T07:05:12.686+0000] {processor.py:161} INFO - Started process (PID=3068) to work on /opt/airflow/dags/conplete_mlops.py
[2025-07-20T07:05:12.686+0000] {processor.py:830} INFO - Processing file /opt/airflow/dags/conplete_mlops.py for tasks to queue
[2025-07-20T07:05:12.687+0000] {logging_mixin.py:188} INFO - [2025-07-20T07:05:12.687+0000] {dagbag.py:538} INFO - Filling up the DagBag from /opt/airflow/dags/conplete_mlops.py
[2025-07-20T07:05:12.703+0000] {processor.py:840} INFO - DAG(s) 'mlops_pipeline_complete' retrieved from /opt/airflow/dags/conplete_mlops.py
[2025-07-20T07:08:07.358+0000] {processor.py:161} INFO - Started process (PID=3082) to work on /opt/airflow/dags/conplete_mlops.py
[2025-07-20T07:08:07.359+0000] {processor.py:830} INFO - Processing file /opt/airflow/dags/conplete_mlops.py for tasks to queue
[2025-07-20T07:08:07.360+0000] {logging_mixin.py:188} INFO - [2025-07-20T07:08:07.359+0000] {dagbag.py:538} INFO - Filling up the DagBag from /opt/airflow/dags/conplete_mlops.py
[2025-07-20T07:08:07.373+0000] {processor.py:840} INFO - DAG(s) 'mlops_pipeline_complete' retrieved from /opt/airflow/dags/conplete_mlops.py
[2025-07-20T07:09:28.164+0000] {processor.py:161} INFO - Started process (PID=3115) to work on /opt/airflow/dags/conplete_mlops.py
[2025-07-20T07:09:28.165+0000] {processor.py:830} INFO - Processing file /opt/airflow/dags/conplete_mlops.py for tasks to queue
[2025-07-20T07:09:28.166+0000] {logging_mixin.py:188} INFO - [2025-07-20T07:09:28.165+0000] {dagbag.py:538} INFO - Filling up the DagBag from /opt/airflow/dags/conplete_mlops.py
[2025-07-20T07:09:28.181+0000] {processor.py:840} INFO - DAG(s) 'mlops_pipeline_complete' retrieved from /opt/airflow/dags/conplete_mlops.py
[2025-07-20T07:09:28.413+0000] {logging_mixin.py:188} INFO - [2025-07-20T07:09:28.413+0000] {dag.py:3036} INFO - Sync 1 DAGs
[2025-07-20T07:09:28.422+0000] {logging_mixin.py:188} INFO - [2025-07-20T07:09:28.422+0000] {dag.py:3823} INFO - Setting next_dagrun for mlops_pipeline_complete to None, run_after=None
[2025-07-20T07:09:28.441+0000] {processor.py:183} INFO - Processing /opt/airflow/dags/conplete_mlops.py took 0.280 seconds
[2025-07-20T07:09:59.361+0000] {processor.py:161} INFO - Started process (PID=3160) to work on /opt/airflow/dags/conplete_mlops.py
[2025-07-20T07:09:59.365+0000] {processor.py:830} INFO - Processing file /opt/airflow/dags/conplete_mlops.py for tasks to queue
[2025-07-20T07:09:59.368+0000] {logging_mixin.py:188} INFO - [2025-07-20T07:09:59.367+0000] {dagbag.py:538} INFO - Filling up the DagBag from /opt/airflow/dags/conplete_mlops.py
[2025-07-20T07:09:59.394+0000] {processor.py:840} INFO - DAG(s) 'mlops_pipeline_complete' retrieved from /opt/airflow/dags/conplete_mlops.py
[2025-07-20T07:09:59.430+0000] {logging_mixin.py:188} INFO - [2025-07-20T07:09:59.430+0000] {dag.py:3036} INFO - Sync 1 DAGs
[2025-07-20T07:09:59.444+0000] {logging_mixin.py:188} INFO - [2025-07-20T07:09:59.444+0000] {dag.py:3823} INFO - Setting next_dagrun for mlops_pipeline_complete to None, run_after=None
[2025-07-20T07:09:59.468+0000] {processor.py:183} INFO - Processing /opt/airflow/dags/conplete_mlops.py took 0.127 seconds
[2025-07-20T07:10:29.858+0000] {processor.py:161} INFO - Started process (PID=3210) to work on /opt/airflow/dags/conplete_mlops.py
[2025-07-20T07:10:29.859+0000] {processor.py:830} INFO - Processing file /opt/airflow/dags/conplete_mlops.py for tasks to queue
[2025-07-20T07:10:29.860+0000] {logging_mixin.py:188} INFO - [2025-07-20T07:10:29.860+0000] {dagbag.py:538} INFO - Filling up the DagBag from /opt/airflow/dags/conplete_mlops.py
[2025-07-20T07:10:29.873+0000] {processor.py:840} INFO - DAG(s) 'mlops_pipeline_complete' retrieved from /opt/airflow/dags/conplete_mlops.py
[2025-07-20T07:10:29.899+0000] {logging_mixin.py:188} INFO - [2025-07-20T07:10:29.899+0000] {dag.py:3036} INFO - Sync 1 DAGs
[2025-07-20T07:10:29.910+0000] {logging_mixin.py:188} INFO - [2025-07-20T07:10:29.910+0000] {dag.py:3823} INFO - Setting next_dagrun for mlops_pipeline_complete to None, run_after=None
[2025-07-20T07:10:29.928+0000] {processor.py:183} INFO - Processing /opt/airflow/dags/conplete_mlops.py took 0.072 seconds
[2025-07-20T07:11:00.383+0000] {processor.py:161} INFO - Started process (PID=3243) to work on /opt/airflow/dags/conplete_mlops.py
[2025-07-20T07:11:00.385+0000] {processor.py:830} INFO - Processing file /opt/airflow/dags/conplete_mlops.py for tasks to queue
[2025-07-20T07:11:00.386+0000] {logging_mixin.py:188} INFO - [2025-07-20T07:11:00.386+0000] {dagbag.py:538} INFO - Filling up the DagBag from /opt/airflow/dags/conplete_mlops.py
[2025-07-20T07:11:00.687+0000] {processor.py:840} INFO - DAG(s) 'mlops_pipeline_complete' retrieved from /opt/airflow/dags/conplete_mlops.py
[2025-07-20T07:11:00.928+0000] {logging_mixin.py:188} INFO - [2025-07-20T07:11:00.928+0000] {dag.py:3036} INFO - Sync 1 DAGs
[2025-07-20T07:11:00.939+0000] {logging_mixin.py:188} INFO - [2025-07-20T07:11:00.938+0000] {dag.py:3823} INFO - Setting next_dagrun for mlops_pipeline_complete to None, run_after=None
[2025-07-20T07:11:00.956+0000] {processor.py:183} INFO - Processing /opt/airflow/dags/conplete_mlops.py took 0.576 seconds
[2025-07-20T07:11:31.830+0000] {processor.py:161} INFO - Started process (PID=3280) to work on /opt/airflow/dags/conplete_mlops.py
[2025-07-20T07:11:31.831+0000] {processor.py:830} INFO - Processing file /opt/airflow/dags/conplete_mlops.py for tasks to queue
[2025-07-20T07:11:31.832+0000] {logging_mixin.py:188} INFO - [2025-07-20T07:11:31.832+0000] {dagbag.py:538} INFO - Filling up the DagBag from /opt/airflow/dags/conplete_mlops.py
[2025-07-20T07:11:31.846+0000] {processor.py:840} INFO - DAG(s) 'mlops_pipeline_complete' retrieved from /opt/airflow/dags/conplete_mlops.py
[2025-07-20T07:11:31.872+0000] {logging_mixin.py:188} INFO - [2025-07-20T07:11:31.872+0000] {dag.py:3036} INFO - Sync 1 DAGs
[2025-07-20T07:11:31.883+0000] {logging_mixin.py:188} INFO - [2025-07-20T07:11:31.883+0000] {dag.py:3823} INFO - Setting next_dagrun for mlops_pipeline_complete to None, run_after=None
[2025-07-20T07:11:31.907+0000] {processor.py:183} INFO - Processing /opt/airflow/dags/conplete_mlops.py took 0.082 seconds
[2025-07-20T07:12:02.005+0000] {processor.py:161} INFO - Started process (PID=3315) to work on /opt/airflow/dags/conplete_mlops.py
[2025-07-20T07:12:02.006+0000] {processor.py:830} INFO - Processing file /opt/airflow/dags/conplete_mlops.py for tasks to queue
[2025-07-20T07:12:02.007+0000] {logging_mixin.py:188} INFO - [2025-07-20T07:12:02.007+0000] {dagbag.py:538} INFO - Filling up the DagBag from /opt/airflow/dags/conplete_mlops.py
[2025-07-20T07:12:02.020+0000] {processor.py:840} INFO - DAG(s) 'mlops_pipeline_complete' retrieved from /opt/airflow/dags/conplete_mlops.py
[2025-07-20T07:12:02.048+0000] {logging_mixin.py:188} INFO - [2025-07-20T07:12:02.048+0000] {dag.py:3036} INFO - Sync 1 DAGs
[2025-07-20T07:12:02.060+0000] {logging_mixin.py:188} INFO - [2025-07-20T07:12:02.059+0000] {dag.py:3823} INFO - Setting next_dagrun for mlops_pipeline_complete to None, run_after=None
[2025-07-20T07:12:02.077+0000] {processor.py:183} INFO - Processing /opt/airflow/dags/conplete_mlops.py took 0.076 seconds
[2025-07-20T07:12:32.321+0000] {processor.py:161} INFO - Started process (PID=3358) to work on /opt/airflow/dags/conplete_mlops.py
[2025-07-20T07:12:32.322+0000] {processor.py:830} INFO - Processing file /opt/airflow/dags/conplete_mlops.py for tasks to queue
[2025-07-20T07:12:32.323+0000] {logging_mixin.py:188} INFO - [2025-07-20T07:12:32.323+0000] {dagbag.py:538} INFO - Filling up the DagBag from /opt/airflow/dags/conplete_mlops.py
[2025-07-20T07:12:32.336+0000] {processor.py:840} INFO - DAG(s) 'mlops_pipeline_complete' retrieved from /opt/airflow/dags/conplete_mlops.py
[2025-07-20T07:12:32.374+0000] {logging_mixin.py:188} INFO - [2025-07-20T07:12:32.374+0000] {dag.py:3036} INFO - Sync 1 DAGs
[2025-07-20T07:12:32.390+0000] {logging_mixin.py:188} INFO - [2025-07-20T07:12:32.390+0000] {dag.py:3823} INFO - Setting next_dagrun for mlops_pipeline_complete to None, run_after=None
[2025-07-20T07:12:32.413+0000] {processor.py:183} INFO - Processing /opt/airflow/dags/conplete_mlops.py took 0.094 seconds
[2025-07-20T07:13:02.710+0000] {processor.py:161} INFO - Started process (PID=3398) to work on /opt/airflow/dags/conplete_mlops.py
[2025-07-20T07:13:02.710+0000] {processor.py:830} INFO - Processing file /opt/airflow/dags/conplete_mlops.py for tasks to queue
[2025-07-20T07:13:02.711+0000] {logging_mixin.py:188} INFO - [2025-07-20T07:13:02.711+0000] {dagbag.py:538} INFO - Filling up the DagBag from /opt/airflow/dags/conplete_mlops.py
[2025-07-20T07:13:02.724+0000] {processor.py:840} INFO - DAG(s) 'mlops_pipeline_complete' retrieved from /opt/airflow/dags/conplete_mlops.py
[2025-07-20T07:13:02.752+0000] {logging_mixin.py:188} INFO - [2025-07-20T07:13:02.752+0000] {dag.py:3036} INFO - Sync 1 DAGs
[2025-07-20T07:13:02.764+0000] {logging_mixin.py:188} INFO - [2025-07-20T07:13:02.764+0000] {dag.py:3823} INFO - Setting next_dagrun for mlops_pipeline_complete to None, run_after=None
[2025-07-20T07:13:02.787+0000] {processor.py:183} INFO - Processing /opt/airflow/dags/conplete_mlops.py took 0.080 seconds
[2025-07-20T07:13:33.438+0000] {processor.py:161} INFO - Started process (PID=3460) to work on /opt/airflow/dags/conplete_mlops.py
[2025-07-20T07:13:33.439+0000] {processor.py:830} INFO - Processing file /opt/airflow/dags/conplete_mlops.py for tasks to queue
[2025-07-20T07:13:33.440+0000] {logging_mixin.py:188} INFO - [2025-07-20T07:13:33.440+0000] {dagbag.py:538} INFO - Filling up the DagBag from /opt/airflow/dags/conplete_mlops.py
[2025-07-20T07:13:33.453+0000] {processor.py:840} INFO - DAG(s) 'mlops_pipeline_complete' retrieved from /opt/airflow/dags/conplete_mlops.py
[2025-07-20T07:13:33.481+0000] {logging_mixin.py:188} INFO - [2025-07-20T07:13:33.481+0000] {dag.py:3036} INFO - Sync 1 DAGs
[2025-07-20T07:13:33.493+0000] {logging_mixin.py:188} INFO - [2025-07-20T07:13:33.493+0000] {dag.py:3823} INFO - Setting next_dagrun for mlops_pipeline_complete to None, run_after=None
[2025-07-20T07:13:33.514+0000] {processor.py:183} INFO - Processing /opt/airflow/dags/conplete_mlops.py took 0.080 seconds
[2025-07-20T07:14:03.618+0000] {processor.py:161} INFO - Started process (PID=3503) to work on /opt/airflow/dags/conplete_mlops.py
[2025-07-20T07:14:03.619+0000] {processor.py:830} INFO - Processing file /opt/airflow/dags/conplete_mlops.py for tasks to queue
[2025-07-20T07:14:03.620+0000] {logging_mixin.py:188} INFO - [2025-07-20T07:14:03.619+0000] {dagbag.py:538} INFO - Filling up the DagBag from /opt/airflow/dags/conplete_mlops.py
[2025-07-20T07:14:03.637+0000] {processor.py:840} INFO - DAG(s) 'mlops_pipeline_complete' retrieved from /opt/airflow/dags/conplete_mlops.py
[2025-07-20T07:14:03.663+0000] {logging_mixin.py:188} INFO - [2025-07-20T07:14:03.663+0000] {dag.py:3036} INFO - Sync 1 DAGs
[2025-07-20T07:14:03.674+0000] {logging_mixin.py:188} INFO - [2025-07-20T07:14:03.674+0000] {dag.py:3823} INFO - Setting next_dagrun for mlops_pipeline_complete to None, run_after=None
[2025-07-20T07:14:03.693+0000] {processor.py:183} INFO - Processing /opt/airflow/dags/conplete_mlops.py took 0.080 seconds
[2025-07-20T07:14:33.905+0000] {processor.py:161} INFO - Started process (PID=3891) to work on /opt/airflow/dags/conplete_mlops.py
[2025-07-20T07:14:34.174+0000] {processor.py:830} INFO - Processing file /opt/airflow/dags/conplete_mlops.py for tasks to queue
[2025-07-20T07:14:34.182+0000] {logging_mixin.py:188} INFO - [2025-07-20T07:14:34.179+0000] {dagbag.py:538} INFO - Filling up the DagBag from /opt/airflow/dags/conplete_mlops.py
[2025-07-20T07:14:34.386+0000] {processor.py:840} INFO - DAG(s) 'mlops_pipeline_complete' retrieved from /opt/airflow/dags/conplete_mlops.py
[2025-07-20T07:14:34.552+0000] {logging_mixin.py:188} INFO - [2025-07-20T07:14:34.552+0000] {dag.py:3036} INFO - Sync 1 DAGs
[2025-07-20T07:14:34.584+0000] {logging_mixin.py:188} INFO - [2025-07-20T07:14:34.583+0000] {dag.py:3823} INFO - Setting next_dagrun for mlops_pipeline_complete to None, run_after=None
[2025-07-20T07:14:34.733+0000] {processor.py:183} INFO - Processing /opt/airflow/dags/conplete_mlops.py took 0.837 seconds
[2025-07-20T07:15:05.660+0000] {processor.py:161} INFO - Started process (PID=4171) to work on /opt/airflow/dags/conplete_mlops.py
[2025-07-20T07:15:05.669+0000] {processor.py:830} INFO - Processing file /opt/airflow/dags/conplete_mlops.py for tasks to queue
[2025-07-20T07:15:05.671+0000] {logging_mixin.py:188} INFO - [2025-07-20T07:15:05.671+0000] {dagbag.py:538} INFO - Filling up the DagBag from /opt/airflow/dags/conplete_mlops.py
[2025-07-20T07:15:05.850+0000] {processor.py:840} INFO - DAG(s) 'mlops_pipeline_complete' retrieved from /opt/airflow/dags/conplete_mlops.py
[2025-07-20T07:15:06.093+0000] {logging_mixin.py:188} INFO - [2025-07-20T07:15:06.092+0000] {dag.py:3036} INFO - Sync 1 DAGs
[2025-07-20T07:15:06.216+0000] {logging_mixin.py:188} INFO - [2025-07-20T07:15:06.198+0000] {dag.py:3823} INFO - Setting next_dagrun for mlops_pipeline_complete to None, run_after=None
[2025-07-20T07:15:06.355+0000] {processor.py:183} INFO - Processing /opt/airflow/dags/conplete_mlops.py took 0.717 seconds
[2025-07-20T07:16:21.752+0000] {processor.py:161} INFO - Started process (PID=5513) to work on /opt/airflow/dags/conplete_mlops.py
[2025-07-20T07:16:21.757+0000] {processor.py:830} INFO - Processing file /opt/airflow/dags/conplete_mlops.py for tasks to queue
[2025-07-20T07:16:21.762+0000] {logging_mixin.py:188} INFO - [2025-07-20T07:16:21.759+0000] {dagbag.py:538} INFO - Filling up the DagBag from /opt/airflow/dags/conplete_mlops.py
[2025-07-20T07:16:21.789+0000] {processor.py:840} INFO - DAG(s) 'mlops_pipeline_complete' retrieved from /opt/airflow/dags/conplete_mlops.py
[2025-07-20T07:16:25.148+0000] {logging_mixin.py:188} INFO - [2025-07-20T07:16:25.148+0000] {dag.py:3036} INFO - Sync 1 DAGs
[2025-07-20T07:16:25.219+0000] {logging_mixin.py:188} INFO - [2025-07-20T07:16:25.219+0000] {dag.py:3823} INFO - Setting next_dagrun for mlops_pipeline_complete to None, run_after=None
[2025-07-20T07:16:26.540+0000] {processor.py:183} INFO - Processing /opt/airflow/dags/conplete_mlops.py took 4.813 seconds
[2025-07-20T07:16:56.883+0000] {processor.py:161} INFO - Started process (PID=5951) to work on /opt/airflow/dags/conplete_mlops.py
[2025-07-20T07:16:56.885+0000] {processor.py:830} INFO - Processing file /opt/airflow/dags/conplete_mlops.py for tasks to queue
[2025-07-20T07:16:56.886+0000] {logging_mixin.py:188} INFO - [2025-07-20T07:16:56.886+0000] {dagbag.py:538} INFO - Filling up the DagBag from /opt/airflow/dags/conplete_mlops.py
[2025-07-20T07:16:56.916+0000] {processor.py:840} INFO - DAG(s) 'mlops_pipeline_complete' retrieved from /opt/airflow/dags/conplete_mlops.py
[2025-07-20T07:16:57.097+0000] {logging_mixin.py:188} INFO - [2025-07-20T07:16:57.096+0000] {dag.py:3036} INFO - Sync 1 DAGs
[2025-07-20T07:16:57.203+0000] {logging_mixin.py:188} INFO - [2025-07-20T07:16:57.202+0000] {dag.py:3823} INFO - Setting next_dagrun for mlops_pipeline_complete to None, run_after=None
[2025-07-20T07:16:57.261+0000] {processor.py:183} INFO - Processing /opt/airflow/dags/conplete_mlops.py took 0.383 seconds
[2025-07-20T07:17:29.052+0000] {processor.py:161} INFO - Started process (PID=6004) to work on /opt/airflow/dags/conplete_mlops.py
[2025-07-20T07:17:29.054+0000] {processor.py:830} INFO - Processing file /opt/airflow/dags/conplete_mlops.py for tasks to queue
[2025-07-20T07:17:29.058+0000] {logging_mixin.py:188} INFO - [2025-07-20T07:17:29.057+0000] {dagbag.py:538} INFO - Filling up the DagBag from /opt/airflow/dags/conplete_mlops.py
[2025-07-20T07:17:29.140+0000] {processor.py:840} INFO - DAG(s) 'mlops_pipeline_complete' retrieved from /opt/airflow/dags/conplete_mlops.py
[2025-07-20T07:17:29.541+0000] {logging_mixin.py:188} INFO - [2025-07-20T07:17:29.541+0000] {dag.py:3036} INFO - Sync 1 DAGs
[2025-07-20T07:17:29.599+0000] {logging_mixin.py:188} INFO - [2025-07-20T07:17:29.599+0000] {dag.py:3823} INFO - Setting next_dagrun for mlops_pipeline_complete to None, run_after=None
[2025-07-20T07:17:29.660+0000] {processor.py:183} INFO - Processing /opt/airflow/dags/conplete_mlops.py took 0.636 seconds
[2025-07-20T07:18:00.861+0000] {processor.py:161} INFO - Started process (PID=6031) to work on /opt/airflow/dags/conplete_mlops.py
[2025-07-20T07:18:00.888+0000] {processor.py:830} INFO - Processing file /opt/airflow/dags/conplete_mlops.py for tasks to queue
[2025-07-20T07:18:00.903+0000] {logging_mixin.py:188} INFO - [2025-07-20T07:18:00.900+0000] {dagbag.py:538} INFO - Filling up the DagBag from /opt/airflow/dags/conplete_mlops.py
[2025-07-20T07:18:01.154+0000] {processor.py:840} INFO - DAG(s) 'mlops_pipeline_complete' retrieved from /opt/airflow/dags/conplete_mlops.py
[2025-07-20T07:18:01.837+0000] {logging_mixin.py:188} INFO - [2025-07-20T07:18:01.836+0000] {dag.py:3036} INFO - Sync 1 DAGs
[2025-07-20T07:18:02.333+0000] {logging_mixin.py:188} INFO - [2025-07-20T07:18:02.333+0000] {dag.py:3823} INFO - Setting next_dagrun for mlops_pipeline_complete to None, run_after=None
[2025-07-20T07:18:02.646+0000] {processor.py:183} INFO - Processing /opt/airflow/dags/conplete_mlops.py took 1.971 seconds
[2025-07-20T07:18:33.949+0000] {processor.py:161} INFO - Started process (PID=6086) to work on /opt/airflow/dags/conplete_mlops.py
[2025-07-20T07:18:33.962+0000] {processor.py:830} INFO - Processing file /opt/airflow/dags/conplete_mlops.py for tasks to queue
[2025-07-20T07:18:33.965+0000] {logging_mixin.py:188} INFO - [2025-07-20T07:18:33.964+0000] {dagbag.py:538} INFO - Filling up the DagBag from /opt/airflow/dags/conplete_mlops.py
[2025-07-20T07:18:34.013+0000] {processor.py:840} INFO - DAG(s) 'mlops_pipeline_complete' retrieved from /opt/airflow/dags/conplete_mlops.py
[2025-07-20T07:18:34.561+0000] {logging_mixin.py:188} INFO - [2025-07-20T07:18:34.560+0000] {dag.py:3036} INFO - Sync 1 DAGs
[2025-07-20T07:18:34.616+0000] {logging_mixin.py:188} INFO - [2025-07-20T07:18:34.616+0000] {dag.py:3823} INFO - Setting next_dagrun for mlops_pipeline_complete to None, run_after=None
[2025-07-20T07:18:34.701+0000] {processor.py:183} INFO - Processing /opt/airflow/dags/conplete_mlops.py took 0.759 seconds
[2025-07-20T07:19:05.456+0000] {processor.py:161} INFO - Started process (PID=6125) to work on /opt/airflow/dags/conplete_mlops.py
[2025-07-20T07:19:05.481+0000] {processor.py:830} INFO - Processing file /opt/airflow/dags/conplete_mlops.py for tasks to queue
[2025-07-20T07:19:05.483+0000] {logging_mixin.py:188} INFO - [2025-07-20T07:19:05.482+0000] {dagbag.py:538} INFO - Filling up the DagBag from /opt/airflow/dags/conplete_mlops.py
[2025-07-20T07:19:05.499+0000] {processor.py:840} INFO - DAG(s) 'mlops_pipeline_complete' retrieved from /opt/airflow/dags/conplete_mlops.py
[2025-07-20T07:19:05.640+0000] {logging_mixin.py:188} INFO - [2025-07-20T07:19:05.640+0000] {dag.py:3036} INFO - Sync 1 DAGs
[2025-07-20T07:19:05.673+0000] {logging_mixin.py:188} INFO - [2025-07-20T07:19:05.673+0000] {dag.py:3823} INFO - Setting next_dagrun for mlops_pipeline_complete to None, run_after=None
[2025-07-20T07:19:05.789+0000] {processor.py:183} INFO - Processing /opt/airflow/dags/conplete_mlops.py took 0.366 seconds
[2025-07-20T07:19:36.094+0000] {processor.py:161} INFO - Started process (PID=6159) to work on /opt/airflow/dags/conplete_mlops.py
[2025-07-20T07:19:36.105+0000] {processor.py:830} INFO - Processing file /opt/airflow/dags/conplete_mlops.py for tasks to queue
[2025-07-20T07:19:36.107+0000] {logging_mixin.py:188} INFO - [2025-07-20T07:19:36.106+0000] {dagbag.py:538} INFO - Filling up the DagBag from /opt/airflow/dags/conplete_mlops.py
[2025-07-20T07:19:36.138+0000] {processor.py:840} INFO - DAG(s) 'mlops_pipeline_complete' retrieved from /opt/airflow/dags/conplete_mlops.py
[2025-07-20T07:19:36.221+0000] {logging_mixin.py:188} INFO - [2025-07-20T07:19:36.221+0000] {dag.py:3036} INFO - Sync 1 DAGs
[2025-07-20T07:19:36.267+0000] {logging_mixin.py:188} INFO - [2025-07-20T07:19:36.266+0000] {dag.py:3823} INFO - Setting next_dagrun for mlops_pipeline_complete to None, run_after=None
[2025-07-20T07:19:36.334+0000] {processor.py:183} INFO - Processing /opt/airflow/dags/conplete_mlops.py took 0.249 seconds
[2025-07-20T07:20:07.208+0000] {processor.py:161} INFO - Started process (PID=6195) to work on /opt/airflow/dags/conplete_mlops.py
[2025-07-20T07:20:07.228+0000] {processor.py:830} INFO - Processing file /opt/airflow/dags/conplete_mlops.py for tasks to queue
[2025-07-20T07:20:07.230+0000] {logging_mixin.py:188} INFO - [2025-07-20T07:20:07.230+0000] {dagbag.py:538} INFO - Filling up the DagBag from /opt/airflow/dags/conplete_mlops.py
[2025-07-20T07:20:07.259+0000] {processor.py:840} INFO - DAG(s) 'mlops_pipeline_complete' retrieved from /opt/airflow/dags/conplete_mlops.py
[2025-07-20T07:20:07.396+0000] {logging_mixin.py:188} INFO - [2025-07-20T07:20:07.396+0000] {dag.py:3036} INFO - Sync 1 DAGs
[2025-07-20T07:20:07.470+0000] {logging_mixin.py:188} INFO - [2025-07-20T07:20:07.469+0000] {dag.py:3823} INFO - Setting next_dagrun for mlops_pipeline_complete to None, run_after=None
[2025-07-20T07:20:07.541+0000] {processor.py:183} INFO - Processing /opt/airflow/dags/conplete_mlops.py took 0.343 seconds
[2025-07-20T07:20:38.527+0000] {processor.py:161} INFO - Started process (PID=6248) to work on /opt/airflow/dags/conplete_mlops.py
[2025-07-20T07:20:38.532+0000] {processor.py:830} INFO - Processing file /opt/airflow/dags/conplete_mlops.py for tasks to queue
[2025-07-20T07:20:38.552+0000] {logging_mixin.py:188} INFO - [2025-07-20T07:20:38.551+0000] {dagbag.py:538} INFO - Filling up the DagBag from /opt/airflow/dags/conplete_mlops.py
[2025-07-20T07:20:38.572+0000] {processor.py:840} INFO - DAG(s) 'mlops_pipeline_complete' retrieved from /opt/airflow/dags/conplete_mlops.py
[2025-07-20T07:20:38.692+0000] {logging_mixin.py:188} INFO - [2025-07-20T07:20:38.692+0000] {dag.py:3036} INFO - Sync 1 DAGs
[2025-07-20T07:20:38.735+0000] {logging_mixin.py:188} INFO - [2025-07-20T07:20:38.735+0000] {dag.py:3823} INFO - Setting next_dagrun for mlops_pipeline_complete to None, run_after=None
[2025-07-20T07:20:38.806+0000] {processor.py:183} INFO - Processing /opt/airflow/dags/conplete_mlops.py took 0.287 seconds
[2025-07-20T07:21:09.418+0000] {processor.py:161} INFO - Started process (PID=6283) to work on /opt/airflow/dags/conplete_mlops.py
[2025-07-20T07:21:09.425+0000] {processor.py:830} INFO - Processing file /opt/airflow/dags/conplete_mlops.py for tasks to queue
[2025-07-20T07:21:09.428+0000] {logging_mixin.py:188} INFO - [2025-07-20T07:21:09.427+0000] {dagbag.py:538} INFO - Filling up the DagBag from /opt/airflow/dags/conplete_mlops.py
[2025-07-20T07:21:09.465+0000] {processor.py:840} INFO - DAG(s) 'mlops_pipeline_complete' retrieved from /opt/airflow/dags/conplete_mlops.py
[2025-07-20T07:21:09.617+0000] {logging_mixin.py:188} INFO - [2025-07-20T07:21:09.616+0000] {dag.py:3036} INFO - Sync 1 DAGs
[2025-07-20T07:21:09.697+0000] {logging_mixin.py:188} INFO - [2025-07-20T07:21:09.679+0000] {dag.py:3823} INFO - Setting next_dagrun for mlops_pipeline_complete to None, run_after=None
[2025-07-20T07:21:09.850+0000] {processor.py:183} INFO - Processing /opt/airflow/dags/conplete_mlops.py took 0.439 seconds
[2025-07-20T07:21:40.360+0000] {processor.py:161} INFO - Started process (PID=6335) to work on /opt/airflow/dags/conplete_mlops.py
[2025-07-20T07:21:40.363+0000] {processor.py:830} INFO - Processing file /opt/airflow/dags/conplete_mlops.py for tasks to queue
[2025-07-20T07:21:41.089+0000] {logging_mixin.py:188} INFO - [2025-07-20T07:21:41.080+0000] {dagbag.py:538} INFO - Filling up the DagBag from /opt/airflow/dags/conplete_mlops.py
[2025-07-20T07:21:41.213+0000] {processor.py:840} INFO - DAG(s) 'mlops_pipeline_complete' retrieved from /opt/airflow/dags/conplete_mlops.py
[2025-07-20T07:21:41.371+0000] {logging_mixin.py:188} INFO - [2025-07-20T07:21:41.370+0000] {dag.py:3036} INFO - Sync 1 DAGs
[2025-07-20T07:21:41.429+0000] {logging_mixin.py:188} INFO - [2025-07-20T07:21:41.428+0000] {dag.py:3823} INFO - Setting next_dagrun for mlops_pipeline_complete to None, run_after=None
[2025-07-20T07:21:41.500+0000] {processor.py:183} INFO - Processing /opt/airflow/dags/conplete_mlops.py took 1.175 seconds
[2025-07-20T07:22:11.859+0000] {processor.py:161} INFO - Started process (PID=6373) to work on /opt/airflow/dags/conplete_mlops.py
[2025-07-20T07:22:11.860+0000] {processor.py:830} INFO - Processing file /opt/airflow/dags/conplete_mlops.py for tasks to queue
[2025-07-20T07:22:11.862+0000] {logging_mixin.py:188} INFO - [2025-07-20T07:22:11.862+0000] {dagbag.py:538} INFO - Filling up the DagBag from /opt/airflow/dags/conplete_mlops.py
[2025-07-20T07:22:11.911+0000] {processor.py:840} INFO - DAG(s) 'mlops_pipeline_complete' retrieved from /opt/airflow/dags/conplete_mlops.py
[2025-07-20T07:22:12.046+0000] {logging_mixin.py:188} INFO - [2025-07-20T07:22:12.046+0000] {dag.py:3036} INFO - Sync 1 DAGs
[2025-07-20T07:22:12.060+0000] {logging_mixin.py:188} INFO - [2025-07-20T07:22:12.060+0000] {dag.py:3823} INFO - Setting next_dagrun for mlops_pipeline_complete to None, run_after=None
[2025-07-20T07:22:12.085+0000] {processor.py:183} INFO - Processing /opt/airflow/dags/conplete_mlops.py took 0.234 seconds
[2025-07-20T07:22:42.914+0000] {processor.py:161} INFO - Started process (PID=6819) to work on /opt/airflow/dags/conplete_mlops.py
[2025-07-20T07:22:42.967+0000] {processor.py:830} INFO - Processing file /opt/airflow/dags/conplete_mlops.py for tasks to queue
[2025-07-20T07:22:42.999+0000] {logging_mixin.py:188} INFO - [2025-07-20T07:22:42.987+0000] {dagbag.py:538} INFO - Filling up the DagBag from /opt/airflow/dags/conplete_mlops.py
[2025-07-20T07:22:43.096+0000] {processor.py:840} INFO - DAG(s) 'mlops_pipeline_complete' retrieved from /opt/airflow/dags/conplete_mlops.py
[2025-07-20T07:22:43.936+0000] {logging_mixin.py:188} INFO - [2025-07-20T07:22:43.936+0000] {dag.py:3036} INFO - Sync 1 DAGs
[2025-07-20T07:22:44.165+0000] {logging_mixin.py:188} INFO - [2025-07-20T07:22:44.165+0000] {dag.py:3823} INFO - Setting next_dagrun for mlops_pipeline_complete to None, run_after=None
[2025-07-20T07:22:44.595+0000] {processor.py:183} INFO - Processing /opt/airflow/dags/conplete_mlops.py took 1.689 seconds
[2025-07-20T07:23:15.235+0000] {processor.py:161} INFO - Started process (PID=6855) to work on /opt/airflow/dags/conplete_mlops.py
[2025-07-20T07:23:15.236+0000] {processor.py:830} INFO - Processing file /opt/airflow/dags/conplete_mlops.py for tasks to queue
[2025-07-20T07:23:15.237+0000] {logging_mixin.py:188} INFO - [2025-07-20T07:23:15.237+0000] {dagbag.py:538} INFO - Filling up the DagBag from /opt/airflow/dags/conplete_mlops.py
[2025-07-20T07:23:15.250+0000] {processor.py:840} INFO - DAG(s) 'mlops_pipeline_complete' retrieved from /opt/airflow/dags/conplete_mlops.py
[2025-07-20T07:23:15.278+0000] {logging_mixin.py:188} INFO - [2025-07-20T07:23:15.278+0000] {dag.py:3036} INFO - Sync 1 DAGs
[2025-07-20T07:23:15.292+0000] {logging_mixin.py:188} INFO - [2025-07-20T07:23:15.292+0000] {dag.py:3823} INFO - Setting next_dagrun for mlops_pipeline_complete to None, run_after=None
[2025-07-20T07:23:15.320+0000] {processor.py:183} INFO - Processing /opt/airflow/dags/conplete_mlops.py took 0.089 seconds
[2025-07-20T07:23:45.431+0000] {processor.py:161} INFO - Started process (PID=6890) to work on /opt/airflow/dags/conplete_mlops.py
[2025-07-20T07:23:45.432+0000] {processor.py:830} INFO - Processing file /opt/airflow/dags/conplete_mlops.py for tasks to queue
[2025-07-20T07:23:45.433+0000] {logging_mixin.py:188} INFO - [2025-07-20T07:23:45.433+0000] {dagbag.py:538} INFO - Filling up the DagBag from /opt/airflow/dags/conplete_mlops.py
[2025-07-20T07:23:45.446+0000] {processor.py:840} INFO - DAG(s) 'mlops_pipeline_complete' retrieved from /opt/airflow/dags/conplete_mlops.py
[2025-07-20T07:23:45.476+0000] {logging_mixin.py:188} INFO - [2025-07-20T07:23:45.476+0000] {dag.py:3036} INFO - Sync 1 DAGs
[2025-07-20T07:23:45.489+0000] {logging_mixin.py:188} INFO - [2025-07-20T07:23:45.489+0000] {dag.py:3823} INFO - Setting next_dagrun for mlops_pipeline_complete to None, run_after=None
[2025-07-20T07:23:45.509+0000] {processor.py:183} INFO - Processing /opt/airflow/dags/conplete_mlops.py took 0.081 seconds
[2025-07-20T07:24:16.512+0000] {processor.py:161} INFO - Started process (PID=6925) to work on /opt/airflow/dags/conplete_mlops.py
[2025-07-20T07:24:16.513+0000] {processor.py:830} INFO - Processing file /opt/airflow/dags/conplete_mlops.py for tasks to queue
[2025-07-20T07:24:16.514+0000] {logging_mixin.py:188} INFO - [2025-07-20T07:24:16.514+0000] {dagbag.py:538} INFO - Filling up the DagBag from /opt/airflow/dags/conplete_mlops.py
[2025-07-20T07:24:16.529+0000] {processor.py:840} INFO - DAG(s) 'mlops_pipeline_complete' retrieved from /opt/airflow/dags/conplete_mlops.py
[2025-07-20T07:24:16.562+0000] {logging_mixin.py:188} INFO - [2025-07-20T07:24:16.562+0000] {dag.py:3036} INFO - Sync 1 DAGs
[2025-07-20T07:24:16.575+0000] {logging_mixin.py:188} INFO - [2025-07-20T07:24:16.575+0000] {dag.py:3823} INFO - Setting next_dagrun for mlops_pipeline_complete to None, run_after=None
[2025-07-20T07:24:16.598+0000] {processor.py:183} INFO - Processing /opt/airflow/dags/conplete_mlops.py took 0.090 seconds
[2025-07-20T07:24:46.693+0000] {processor.py:161} INFO - Started process (PID=6960) to work on /opt/airflow/dags/conplete_mlops.py
[2025-07-20T07:24:46.695+0000] {processor.py:830} INFO - Processing file /opt/airflow/dags/conplete_mlops.py for tasks to queue
[2025-07-20T07:24:46.696+0000] {logging_mixin.py:188} INFO - [2025-07-20T07:24:46.696+0000] {dagbag.py:538} INFO - Filling up the DagBag from /opt/airflow/dags/conplete_mlops.py
[2025-07-20T07:24:46.722+0000] {processor.py:840} INFO - DAG(s) 'mlops_pipeline_complete' retrieved from /opt/airflow/dags/conplete_mlops.py
[2025-07-20T07:24:46.766+0000] {logging_mixin.py:188} INFO - [2025-07-20T07:24:46.765+0000] {dag.py:3036} INFO - Sync 1 DAGs
[2025-07-20T07:24:46.794+0000] {logging_mixin.py:188} INFO - [2025-07-20T07:24:46.794+0000] {dag.py:3823} INFO - Setting next_dagrun for mlops_pipeline_complete to None, run_after=None
[2025-07-20T07:24:46.818+0000] {processor.py:183} INFO - Processing /opt/airflow/dags/conplete_mlops.py took 0.129 seconds
[2025-07-20T07:25:17.779+0000] {processor.py:161} INFO - Started process (PID=6995) to work on /opt/airflow/dags/conplete_mlops.py
[2025-07-20T07:25:17.780+0000] {processor.py:830} INFO - Processing file /opt/airflow/dags/conplete_mlops.py for tasks to queue
[2025-07-20T07:25:17.782+0000] {logging_mixin.py:188} INFO - [2025-07-20T07:25:17.781+0000] {dagbag.py:538} INFO - Filling up the DagBag from /opt/airflow/dags/conplete_mlops.py
[2025-07-20T07:25:17.794+0000] {processor.py:840} INFO - DAG(s) 'mlops_pipeline_complete' retrieved from /opt/airflow/dags/conplete_mlops.py
[2025-07-20T07:25:17.833+0000] {logging_mixin.py:188} INFO - [2025-07-20T07:25:17.833+0000] {dag.py:3036} INFO - Sync 1 DAGs
[2025-07-20T07:25:17.860+0000] {logging_mixin.py:188} INFO - [2025-07-20T07:25:17.859+0000] {dag.py:3823} INFO - Setting next_dagrun for mlops_pipeline_complete to None, run_after=None
[2025-07-20T07:25:17.885+0000] {processor.py:183} INFO - Processing /opt/airflow/dags/conplete_mlops.py took 0.109 seconds
[2025-07-20T07:25:48.755+0000] {processor.py:161} INFO - Started process (PID=7030) to work on /opt/airflow/dags/conplete_mlops.py
[2025-07-20T07:25:48.757+0000] {processor.py:830} INFO - Processing file /opt/airflow/dags/conplete_mlops.py for tasks to queue
[2025-07-20T07:25:48.758+0000] {logging_mixin.py:188} INFO - [2025-07-20T07:25:48.758+0000] {dagbag.py:538} INFO - Filling up the DagBag from /opt/airflow/dags/conplete_mlops.py
[2025-07-20T07:25:48.777+0000] {processor.py:840} INFO - DAG(s) 'mlops_pipeline_complete' retrieved from /opt/airflow/dags/conplete_mlops.py
[2025-07-20T07:25:48.833+0000] {logging_mixin.py:188} INFO - [2025-07-20T07:25:48.833+0000] {dag.py:3036} INFO - Sync 1 DAGs
[2025-07-20T07:25:48.860+0000] {logging_mixin.py:188} INFO - [2025-07-20T07:25:48.860+0000] {dag.py:3823} INFO - Setting next_dagrun for mlops_pipeline_complete to None, run_after=None
[2025-07-20T07:25:48.891+0000] {processor.py:183} INFO - Processing /opt/airflow/dags/conplete_mlops.py took 0.141 seconds
[2025-07-20T07:26:19.093+0000] {processor.py:161} INFO - Started process (PID=7065) to work on /opt/airflow/dags/conplete_mlops.py
[2025-07-20T07:26:19.095+0000] {processor.py:830} INFO - Processing file /opt/airflow/dags/conplete_mlops.py for tasks to queue
[2025-07-20T07:26:19.097+0000] {logging_mixin.py:188} INFO - [2025-07-20T07:26:19.096+0000] {dagbag.py:538} INFO - Filling up the DagBag from /opt/airflow/dags/conplete_mlops.py
[2025-07-20T07:26:19.113+0000] {processor.py:840} INFO - DAG(s) 'mlops_pipeline_complete' retrieved from /opt/airflow/dags/conplete_mlops.py
[2025-07-20T07:26:19.149+0000] {logging_mixin.py:188} INFO - [2025-07-20T07:26:19.149+0000] {dag.py:3036} INFO - Sync 1 DAGs
[2025-07-20T07:26:19.164+0000] {logging_mixin.py:188} INFO - [2025-07-20T07:26:19.163+0000] {dag.py:3823} INFO - Setting next_dagrun for mlops_pipeline_complete to None, run_after=None
[2025-07-20T07:26:19.189+0000] {processor.py:183} INFO - Processing /opt/airflow/dags/conplete_mlops.py took 0.100 seconds
[2025-07-20T07:26:49.322+0000] {processor.py:161} INFO - Started process (PID=7100) to work on /opt/airflow/dags/conplete_mlops.py
[2025-07-20T07:26:49.323+0000] {processor.py:830} INFO - Processing file /opt/airflow/dags/conplete_mlops.py for tasks to queue
[2025-07-20T07:26:49.324+0000] {logging_mixin.py:188} INFO - [2025-07-20T07:26:49.324+0000] {dagbag.py:538} INFO - Filling up the DagBag from /opt/airflow/dags/conplete_mlops.py
[2025-07-20T07:26:49.342+0000] {processor.py:840} INFO - DAG(s) 'mlops_pipeline_complete' retrieved from /opt/airflow/dags/conplete_mlops.py
[2025-07-20T07:26:49.370+0000] {logging_mixin.py:188} INFO - [2025-07-20T07:26:49.370+0000] {dag.py:3036} INFO - Sync 1 DAGs
[2025-07-20T07:26:49.381+0000] {logging_mixin.py:188} INFO - [2025-07-20T07:26:49.381+0000] {dag.py:3823} INFO - Setting next_dagrun for mlops_pipeline_complete to None, run_after=None
[2025-07-20T07:26:49.401+0000] {processor.py:183} INFO - Processing /opt/airflow/dags/conplete_mlops.py took 0.082 seconds
[2025-07-20T07:27:19.552+0000] {processor.py:161} INFO - Started process (PID=7135) to work on /opt/airflow/dags/conplete_mlops.py
[2025-07-20T07:27:19.553+0000] {processor.py:830} INFO - Processing file /opt/airflow/dags/conplete_mlops.py for tasks to queue
[2025-07-20T07:27:19.554+0000] {logging_mixin.py:188} INFO - [2025-07-20T07:27:19.553+0000] {dagbag.py:538} INFO - Filling up the DagBag from /opt/airflow/dags/conplete_mlops.py
[2025-07-20T07:27:19.566+0000] {processor.py:840} INFO - DAG(s) 'mlops_pipeline_complete' retrieved from /opt/airflow/dags/conplete_mlops.py
[2025-07-20T07:27:19.599+0000] {logging_mixin.py:188} INFO - [2025-07-20T07:27:19.599+0000] {dag.py:3036} INFO - Sync 1 DAGs
[2025-07-20T07:27:19.611+0000] {logging_mixin.py:188} INFO - [2025-07-20T07:27:19.610+0000] {dag.py:3823} INFO - Setting next_dagrun for mlops_pipeline_complete to None, run_after=None
[2025-07-20T07:27:19.634+0000] {processor.py:183} INFO - Processing /opt/airflow/dags/conplete_mlops.py took 0.085 seconds
[2025-07-20T07:27:50.531+0000] {processor.py:161} INFO - Started process (PID=7170) to work on /opt/airflow/dags/conplete_mlops.py
[2025-07-20T07:27:50.532+0000] {processor.py:830} INFO - Processing file /opt/airflow/dags/conplete_mlops.py for tasks to queue
[2025-07-20T07:27:50.533+0000] {logging_mixin.py:188} INFO - [2025-07-20T07:27:50.533+0000] {dagbag.py:538} INFO - Filling up the DagBag from /opt/airflow/dags/conplete_mlops.py
[2025-07-20T07:27:50.551+0000] {processor.py:840} INFO - DAG(s) 'mlops_pipeline_complete' retrieved from /opt/airflow/dags/conplete_mlops.py
[2025-07-20T07:27:50.588+0000] {logging_mixin.py:188} INFO - [2025-07-20T07:27:50.588+0000] {dag.py:3036} INFO - Sync 1 DAGs
[2025-07-20T07:27:50.600+0000] {logging_mixin.py:188} INFO - [2025-07-20T07:27:50.599+0000] {dag.py:3823} INFO - Setting next_dagrun for mlops_pipeline_complete to None, run_after=None
[2025-07-20T07:27:50.619+0000] {processor.py:183} INFO - Processing /opt/airflow/dags/conplete_mlops.py took 0.093 seconds
[2025-07-20T07:28:20.789+0000] {processor.py:161} INFO - Started process (PID=7251) to work on /opt/airflow/dags/conplete_mlops.py
[2025-07-20T07:28:20.801+0000] {processor.py:830} INFO - Processing file /opt/airflow/dags/conplete_mlops.py for tasks to queue
[2025-07-20T07:28:20.804+0000] {logging_mixin.py:188} INFO - [2025-07-20T07:28:20.803+0000] {dagbag.py:538} INFO - Filling up the DagBag from /opt/airflow/dags/conplete_mlops.py
[2025-07-20T07:28:20.849+0000] {processor.py:840} INFO - DAG(s) 'mlops_pipeline_complete' retrieved from /opt/airflow/dags/conplete_mlops.py
[2025-07-20T07:28:20.892+0000] {logging_mixin.py:188} INFO - [2025-07-20T07:28:20.891+0000] {dag.py:3036} INFO - Sync 1 DAGs
[2025-07-20T07:28:20.916+0000] {logging_mixin.py:188} INFO - [2025-07-20T07:28:20.915+0000] {dag.py:3823} INFO - Setting next_dagrun for mlops_pipeline_complete to None, run_after=None
[2025-07-20T07:28:20.951+0000] {processor.py:183} INFO - Processing /opt/airflow/dags/conplete_mlops.py took 0.166 seconds
[2025-07-20T07:28:51.969+0000] {processor.py:161} INFO - Started process (PID=7289) to work on /opt/airflow/dags/conplete_mlops.py
[2025-07-20T07:28:51.970+0000] {processor.py:830} INFO - Processing file /opt/airflow/dags/conplete_mlops.py for tasks to queue
[2025-07-20T07:28:51.972+0000] {logging_mixin.py:188} INFO - [2025-07-20T07:28:51.971+0000] {dagbag.py:538} INFO - Filling up the DagBag from /opt/airflow/dags/conplete_mlops.py
[2025-07-20T07:28:51.985+0000] {processor.py:840} INFO - DAG(s) 'mlops_pipeline_complete' retrieved from /opt/airflow/dags/conplete_mlops.py
[2025-07-20T07:28:52.016+0000] {logging_mixin.py:188} INFO - [2025-07-20T07:28:52.015+0000] {dag.py:3036} INFO - Sync 1 DAGs
[2025-07-20T07:28:52.028+0000] {logging_mixin.py:188} INFO - [2025-07-20T07:28:52.028+0000] {dag.py:3823} INFO - Setting next_dagrun for mlops_pipeline_complete to None, run_after=None
[2025-07-20T07:28:52.048+0000] {processor.py:183} INFO - Processing /opt/airflow/dags/conplete_mlops.py took 0.083 seconds
[2025-07-20T07:29:22.925+0000] {processor.py:161} INFO - Started process (PID=7324) to work on /opt/airflow/dags/conplete_mlops.py
[2025-07-20T07:29:22.926+0000] {processor.py:830} INFO - Processing file /opt/airflow/dags/conplete_mlops.py for tasks to queue
[2025-07-20T07:29:22.927+0000] {logging_mixin.py:188} INFO - [2025-07-20T07:29:22.927+0000] {dagbag.py:538} INFO - Filling up the DagBag from /opt/airflow/dags/conplete_mlops.py
[2025-07-20T07:29:22.942+0000] {processor.py:840} INFO - DAG(s) 'mlops_pipeline_complete' retrieved from /opt/airflow/dags/conplete_mlops.py
[2025-07-20T07:29:22.972+0000] {logging_mixin.py:188} INFO - [2025-07-20T07:29:22.972+0000] {dag.py:3036} INFO - Sync 1 DAGs
[2025-07-20T07:29:22.984+0000] {logging_mixin.py:188} INFO - [2025-07-20T07:29:22.984+0000] {dag.py:3823} INFO - Setting next_dagrun for mlops_pipeline_complete to None, run_after=None
[2025-07-20T07:29:23.006+0000] {processor.py:183} INFO - Processing /opt/airflow/dags/conplete_mlops.py took 0.084 seconds
[2025-07-20T07:29:53.784+0000] {processor.py:161} INFO - Started process (PID=7359) to work on /opt/airflow/dags/conplete_mlops.py
[2025-07-20T07:29:53.785+0000] {processor.py:830} INFO - Processing file /opt/airflow/dags/conplete_mlops.py for tasks to queue
[2025-07-20T07:29:53.786+0000] {logging_mixin.py:188} INFO - [2025-07-20T07:29:53.785+0000] {dagbag.py:538} INFO - Filling up the DagBag from /opt/airflow/dags/conplete_mlops.py
[2025-07-20T07:29:53.798+0000] {processor.py:840} INFO - DAG(s) 'mlops_pipeline_complete' retrieved from /opt/airflow/dags/conplete_mlops.py
[2025-07-20T07:29:53.826+0000] {logging_mixin.py:188} INFO - [2025-07-20T07:29:53.825+0000] {dag.py:3036} INFO - Sync 1 DAGs
[2025-07-20T07:29:53.837+0000] {logging_mixin.py:188} INFO - [2025-07-20T07:29:53.836+0000] {dag.py:3823} INFO - Setting next_dagrun for mlops_pipeline_complete to None, run_after=None
[2025-07-20T07:29:53.856+0000] {processor.py:183} INFO - Processing /opt/airflow/dags/conplete_mlops.py took 0.075 seconds
[2025-07-20T07:30:24.758+0000] {processor.py:161} INFO - Started process (PID=7413) to work on /opt/airflow/dags/conplete_mlops.py
[2025-07-20T07:30:24.760+0000] {processor.py:830} INFO - Processing file /opt/airflow/dags/conplete_mlops.py for tasks to queue
[2025-07-20T07:30:24.761+0000] {logging_mixin.py:188} INFO - [2025-07-20T07:30:24.761+0000] {dagbag.py:538} INFO - Filling up the DagBag from /opt/airflow/dags/conplete_mlops.py
[2025-07-20T07:30:24.777+0000] {processor.py:840} INFO - DAG(s) 'mlops_pipeline_complete' retrieved from /opt/airflow/dags/conplete_mlops.py
[2025-07-20T07:30:24.812+0000] {logging_mixin.py:188} INFO - [2025-07-20T07:30:24.811+0000] {dag.py:3036} INFO - Sync 1 DAGs
[2025-07-20T07:30:24.826+0000] {logging_mixin.py:188} INFO - [2025-07-20T07:30:24.826+0000] {dag.py:3823} INFO - Setting next_dagrun for mlops_pipeline_complete to None, run_after=None
[2025-07-20T07:30:24.851+0000] {processor.py:183} INFO - Processing /opt/airflow/dags/conplete_mlops.py took 0.096 seconds
[2025-07-20T07:30:55.712+0000] {processor.py:161} INFO - Started process (PID=7448) to work on /opt/airflow/dags/conplete_mlops.py
[2025-07-20T07:30:55.713+0000] {processor.py:830} INFO - Processing file /opt/airflow/dags/conplete_mlops.py for tasks to queue
[2025-07-20T07:30:55.714+0000] {logging_mixin.py:188} INFO - [2025-07-20T07:30:55.713+0000] {dagbag.py:538} INFO - Filling up the DagBag from /opt/airflow/dags/conplete_mlops.py
[2025-07-20T07:30:55.726+0000] {processor.py:840} INFO - DAG(s) 'mlops_pipeline_complete' retrieved from /opt/airflow/dags/conplete_mlops.py
[2025-07-20T07:30:55.752+0000] {logging_mixin.py:188} INFO - [2025-07-20T07:30:55.752+0000] {dag.py:3036} INFO - Sync 1 DAGs
[2025-07-20T07:30:55.763+0000] {logging_mixin.py:188} INFO - [2025-07-20T07:30:55.763+0000] {dag.py:3823} INFO - Setting next_dagrun for mlops_pipeline_complete to None, run_after=None
[2025-07-20T07:30:55.783+0000] {processor.py:183} INFO - Processing /opt/airflow/dags/conplete_mlops.py took 0.074 seconds
[2025-07-20T07:31:26.742+0000] {processor.py:161} INFO - Started process (PID=7483) to work on /opt/airflow/dags/conplete_mlops.py
[2025-07-20T07:31:26.743+0000] {processor.py:830} INFO - Processing file /opt/airflow/dags/conplete_mlops.py for tasks to queue
[2025-07-20T07:31:26.744+0000] {logging_mixin.py:188} INFO - [2025-07-20T07:31:26.744+0000] {dagbag.py:538} INFO - Filling up the DagBag from /opt/airflow/dags/conplete_mlops.py
[2025-07-20T07:31:26.758+0000] {processor.py:840} INFO - DAG(s) 'mlops_pipeline_complete' retrieved from /opt/airflow/dags/conplete_mlops.py
[2025-07-20T07:31:26.785+0000] {logging_mixin.py:188} INFO - [2025-07-20T07:31:26.785+0000] {dag.py:3036} INFO - Sync 1 DAGs
[2025-07-20T07:31:26.797+0000] {logging_mixin.py:188} INFO - [2025-07-20T07:31:26.796+0000] {dag.py:3823} INFO - Setting next_dagrun for mlops_pipeline_complete to None, run_after=None
[2025-07-20T07:31:26.818+0000] {processor.py:183} INFO - Processing /opt/airflow/dags/conplete_mlops.py took 0.082 seconds
[2025-07-20T07:31:57.516+0000] {processor.py:161} INFO - Started process (PID=7564) to work on /opt/airflow/dags/conplete_mlops.py
[2025-07-20T07:31:57.517+0000] {processor.py:830} INFO - Processing file /opt/airflow/dags/conplete_mlops.py for tasks to queue
[2025-07-20T07:31:57.518+0000] {logging_mixin.py:188} INFO - [2025-07-20T07:31:57.517+0000] {dagbag.py:538} INFO - Filling up the DagBag from /opt/airflow/dags/conplete_mlops.py
[2025-07-20T07:31:57.535+0000] {processor.py:840} INFO - DAG(s) 'mlops_pipeline_complete' retrieved from /opt/airflow/dags/conplete_mlops.py
[2025-07-20T07:31:57.568+0000] {logging_mixin.py:188} INFO - [2025-07-20T07:31:57.568+0000] {dag.py:3036} INFO - Sync 1 DAGs
[2025-07-20T07:31:57.585+0000] {logging_mixin.py:188} INFO - [2025-07-20T07:31:57.585+0000] {dag.py:3823} INFO - Setting next_dagrun for mlops_pipeline_complete to None, run_after=None
[2025-07-20T07:31:57.610+0000] {processor.py:183} INFO - Processing /opt/airflow/dags/conplete_mlops.py took 0.098 seconds
[2025-07-20T07:32:28.054+0000] {processor.py:161} INFO - Started process (PID=8028) to work on /opt/airflow/dags/conplete_mlops.py
[2025-07-20T07:32:28.117+0000] {processor.py:830} INFO - Processing file /opt/airflow/dags/conplete_mlops.py for tasks to queue
[2025-07-20T07:32:28.119+0000] {logging_mixin.py:188} INFO - [2025-07-20T07:32:28.119+0000] {dagbag.py:538} INFO - Filling up the DagBag from /opt/airflow/dags/conplete_mlops.py
[2025-07-20T07:32:28.260+0000] {processor.py:840} INFO - DAG(s) 'mlops_pipeline_complete' retrieved from /opt/airflow/dags/conplete_mlops.py
[2025-07-20T07:32:28.492+0000] {logging_mixin.py:188} INFO - [2025-07-20T07:32:28.490+0000] {dag.py:3036} INFO - Sync 1 DAGs
[2025-07-20T07:32:28.743+0000] {logging_mixin.py:188} INFO - [2025-07-20T07:32:28.743+0000] {dag.py:3823} INFO - Setting next_dagrun for mlops_pipeline_complete to None, run_after=None
[2025-07-20T07:32:28.882+0000] {processor.py:183} INFO - Processing /opt/airflow/dags/conplete_mlops.py took 0.836 seconds
[2025-07-20T07:32:59.386+0000] {processor.py:161} INFO - Started process (PID=8819) to work on /opt/airflow/dags/conplete_mlops.py
[2025-07-20T07:32:59.407+0000] {processor.py:830} INFO - Processing file /opt/airflow/dags/conplete_mlops.py for tasks to queue
[2025-07-20T07:32:59.410+0000] {logging_mixin.py:188} INFO - [2025-07-20T07:32:59.409+0000] {dagbag.py:538} INFO - Filling up the DagBag from /opt/airflow/dags/conplete_mlops.py
[2025-07-20T07:33:05.502+0000] {processor.py:840} INFO - DAG(s) 'mlops_pipeline_complete' retrieved from /opt/airflow/dags/conplete_mlops.py
[2025-07-20T07:34:25.607+0000] {processor.py:161} INFO - Started process (PID=9928) to work on /opt/airflow/dags/conplete_mlops.py
[2025-07-20T07:34:25.609+0000] {processor.py:830} INFO - Processing file /opt/airflow/dags/conplete_mlops.py for tasks to queue
[2025-07-20T07:34:25.610+0000] {logging_mixin.py:188} INFO - [2025-07-20T07:34:25.610+0000] {dagbag.py:538} INFO - Filling up the DagBag from /opt/airflow/dags/conplete_mlops.py
[2025-07-20T07:34:25.635+0000] {processor.py:840} INFO - DAG(s) 'mlops_pipeline_complete' retrieved from /opt/airflow/dags/conplete_mlops.py
[2025-07-20T07:34:26.528+0000] {logging_mixin.py:188} INFO - [2025-07-20T07:34:26.527+0000] {dag.py:3036} INFO - Sync 1 DAGs
[2025-07-20T07:34:27.436+0000] {logging_mixin.py:188} INFO - [2025-07-20T07:34:27.436+0000] {dag.py:3823} INFO - Setting next_dagrun for mlops_pipeline_complete to None, run_after=None
[2025-07-20T07:35:15.893+0000] {processor.py:183} INFO - Processing /opt/airflow/dags/conplete_mlops.py took 50.292 seconds
[2025-07-20T07:35:46.140+0000] {processor.py:161} INFO - Started process (PID=9981) to work on /opt/airflow/dags/conplete_mlops.py
[2025-07-20T07:35:46.142+0000] {processor.py:830} INFO - Processing file /opt/airflow/dags/conplete_mlops.py for tasks to queue
[2025-07-20T07:35:46.143+0000] {logging_mixin.py:188} INFO - [2025-07-20T07:35:46.143+0000] {dagbag.py:538} INFO - Filling up the DagBag from /opt/airflow/dags/conplete_mlops.py
[2025-07-20T07:35:46.165+0000] {processor.py:840} INFO - DAG(s) 'mlops_pipeline_complete' retrieved from /opt/airflow/dags/conplete_mlops.py
[2025-07-20T07:35:46.205+0000] {logging_mixin.py:188} INFO - [2025-07-20T07:35:46.205+0000] {dag.py:3036} INFO - Sync 1 DAGs
[2025-07-20T07:35:46.218+0000] {logging_mixin.py:188} INFO - [2025-07-20T07:35:46.218+0000] {dag.py:3823} INFO - Setting next_dagrun for mlops_pipeline_complete to None, run_after=None
[2025-07-20T07:35:46.242+0000] {processor.py:183} INFO - Processing /opt/airflow/dags/conplete_mlops.py took 0.108 seconds
[2025-07-20T07:36:16.894+0000] {processor.py:161} INFO - Started process (PID=10016) to work on /opt/airflow/dags/conplete_mlops.py
[2025-07-20T07:36:16.895+0000] {processor.py:830} INFO - Processing file /opt/airflow/dags/conplete_mlops.py for tasks to queue
[2025-07-20T07:36:16.896+0000] {logging_mixin.py:188} INFO - [2025-07-20T07:36:16.896+0000] {dagbag.py:538} INFO - Filling up the DagBag from /opt/airflow/dags/conplete_mlops.py
[2025-07-20T07:36:16.911+0000] {processor.py:840} INFO - DAG(s) 'mlops_pipeline_complete' retrieved from /opt/airflow/dags/conplete_mlops.py
[2025-07-20T07:36:16.950+0000] {logging_mixin.py:188} INFO - [2025-07-20T07:36:16.950+0000] {dag.py:3036} INFO - Sync 1 DAGs
[2025-07-20T07:36:17.023+0000] {logging_mixin.py:188} INFO - [2025-07-20T07:36:17.022+0000] {dag.py:3823} INFO - Setting next_dagrun for mlops_pipeline_complete to None, run_after=None
[2025-07-20T07:36:17.044+0000] {processor.py:183} INFO - Processing /opt/airflow/dags/conplete_mlops.py took 0.156 seconds
[2025-07-20T07:36:47.221+0000] {processor.py:161} INFO - Started process (PID=10051) to work on /opt/airflow/dags/conplete_mlops.py
[2025-07-20T07:36:47.222+0000] {processor.py:830} INFO - Processing file /opt/airflow/dags/conplete_mlops.py for tasks to queue
[2025-07-20T07:36:47.223+0000] {logging_mixin.py:188} INFO - [2025-07-20T07:36:47.223+0000] {dagbag.py:538} INFO - Filling up the DagBag from /opt/airflow/dags/conplete_mlops.py
[2025-07-20T07:36:47.236+0000] {processor.py:840} INFO - DAG(s) 'mlops_pipeline_complete' retrieved from /opt/airflow/dags/conplete_mlops.py
[2025-07-20T07:36:47.375+0000] {logging_mixin.py:188} INFO - [2025-07-20T07:36:47.375+0000] {dag.py:3036} INFO - Sync 1 DAGs
[2025-07-20T07:36:47.384+0000] {logging_mixin.py:188} INFO - [2025-07-20T07:36:47.384+0000] {dag.py:3823} INFO - Setting next_dagrun for mlops_pipeline_complete to None, run_after=None
[2025-07-20T07:36:47.401+0000] {processor.py:183} INFO - Processing /opt/airflow/dags/conplete_mlops.py took 0.183 seconds
[2025-07-20T07:37:39.070+0000] {processor.py:161} INFO - Started process (PID=10209) to work on /opt/airflow/dags/conplete_mlops.py
[2025-07-20T07:37:40.517+0000] {processor.py:830} INFO - Processing file /opt/airflow/dags/conplete_mlops.py for tasks to queue
[2025-07-20T07:37:40.905+0000] {logging_mixin.py:188} INFO - [2025-07-20T07:37:40.624+0000] {dagbag.py:538} INFO - Filling up the DagBag from /opt/airflow/dags/conplete_mlops.py
[2025-07-20T07:37:46.077+0000] {processor.py:840} INFO - DAG(s) 'mlops_pipeline_complete' retrieved from /opt/airflow/dags/conplete_mlops.py
[2025-07-20T07:38:07.886+0000] {logging_mixin.py:188} INFO - [2025-07-20T07:38:07.885+0000] {dag.py:3036} INFO - Sync 1 DAGs
[2025-07-20T07:38:08.031+0000] {logging_mixin.py:188} INFO - [2025-07-20T07:38:08.031+0000] {dag.py:3823} INFO - Setting next_dagrun for mlops_pipeline_complete to None, run_after=None
[2025-07-20T07:38:38.216+0000] {processor.py:161} INFO - Started process (PID=10509) to work on /opt/airflow/dags/conplete_mlops.py
[2025-07-20T07:38:38.218+0000] {processor.py:830} INFO - Processing file /opt/airflow/dags/conplete_mlops.py for tasks to queue
[2025-07-20T07:38:38.219+0000] {logging_mixin.py:188} INFO - [2025-07-20T07:38:38.219+0000] {dagbag.py:538} INFO - Filling up the DagBag from /opt/airflow/dags/conplete_mlops.py
[2025-07-20T07:38:38.236+0000] {processor.py:840} INFO - DAG(s) 'mlops_pipeline_complete' retrieved from /opt/airflow/dags/conplete_mlops.py
[2025-07-20T07:38:38.418+0000] {logging_mixin.py:188} INFO - [2025-07-20T07:38:38.418+0000] {dag.py:3036} INFO - Sync 1 DAGs
[2025-07-20T07:38:38.430+0000] {logging_mixin.py:188} INFO - [2025-07-20T07:38:38.429+0000] {dag.py:3823} INFO - Setting next_dagrun for mlops_pipeline_complete to None, run_after=None
[2025-07-20T07:38:38.537+0000] {processor.py:183} INFO - Processing /opt/airflow/dags/conplete_mlops.py took 0.325 seconds
[2025-07-20T07:39:09.280+0000] {processor.py:161} INFO - Started process (PID=10544) to work on /opt/airflow/dags/conplete_mlops.py
[2025-07-20T07:39:09.281+0000] {processor.py:830} INFO - Processing file /opt/airflow/dags/conplete_mlops.py for tasks to queue
[2025-07-20T07:39:09.282+0000] {logging_mixin.py:188} INFO - [2025-07-20T07:39:09.281+0000] {dagbag.py:538} INFO - Filling up the DagBag from /opt/airflow/dags/conplete_mlops.py
[2025-07-20T07:39:09.295+0000] {processor.py:840} INFO - DAG(s) 'mlops_pipeline_complete' retrieved from /opt/airflow/dags/conplete_mlops.py
[2025-07-20T07:39:09.331+0000] {logging_mixin.py:188} INFO - [2025-07-20T07:39:09.331+0000] {dag.py:3036} INFO - Sync 1 DAGs
[2025-07-20T07:39:09.344+0000] {logging_mixin.py:188} INFO - [2025-07-20T07:39:09.344+0000] {dag.py:3823} INFO - Setting next_dagrun for mlops_pipeline_complete to None, run_after=None
[2025-07-20T07:39:09.363+0000] {processor.py:183} INFO - Processing /opt/airflow/dags/conplete_mlops.py took 0.086 seconds
[2025-07-20T07:39:40.243+0000] {processor.py:161} INFO - Started process (PID=10579) to work on /opt/airflow/dags/conplete_mlops.py
[2025-07-20T07:39:40.244+0000] {processor.py:830} INFO - Processing file /opt/airflow/dags/conplete_mlops.py for tasks to queue
[2025-07-20T07:39:40.245+0000] {logging_mixin.py:188} INFO - [2025-07-20T07:39:40.244+0000] {dagbag.py:538} INFO - Filling up the DagBag from /opt/airflow/dags/conplete_mlops.py
[2025-07-20T07:39:40.257+0000] {processor.py:840} INFO - DAG(s) 'mlops_pipeline_complete' retrieved from /opt/airflow/dags/conplete_mlops.py
[2025-07-20T07:39:40.283+0000] {logging_mixin.py:188} INFO - [2025-07-20T07:39:40.282+0000] {dag.py:3036} INFO - Sync 1 DAGs
[2025-07-20T07:39:40.294+0000] {logging_mixin.py:188} INFO - [2025-07-20T07:39:40.294+0000] {dag.py:3823} INFO - Setting next_dagrun for mlops_pipeline_complete to None, run_after=None
[2025-07-20T07:39:40.312+0000] {processor.py:183} INFO - Processing /opt/airflow/dags/conplete_mlops.py took 0.072 seconds
[2025-07-20T07:40:10.392+0000] {processor.py:161} INFO - Started process (PID=10614) to work on /opt/airflow/dags/conplete_mlops.py
[2025-07-20T07:40:10.393+0000] {processor.py:830} INFO - Processing file /opt/airflow/dags/conplete_mlops.py for tasks to queue
[2025-07-20T07:40:10.394+0000] {logging_mixin.py:188} INFO - [2025-07-20T07:40:10.394+0000] {dagbag.py:538} INFO - Filling up the DagBag from /opt/airflow/dags/conplete_mlops.py
[2025-07-20T07:40:10.406+0000] {processor.py:840} INFO - DAG(s) 'mlops_pipeline_complete' retrieved from /opt/airflow/dags/conplete_mlops.py
[2025-07-20T07:40:10.432+0000] {logging_mixin.py:188} INFO - [2025-07-20T07:40:10.432+0000] {dag.py:3036} INFO - Sync 1 DAGs
[2025-07-20T07:40:10.445+0000] {logging_mixin.py:188} INFO - [2025-07-20T07:40:10.445+0000] {dag.py:3823} INFO - Setting next_dagrun for mlops_pipeline_complete to None, run_after=None
[2025-07-20T07:40:10.463+0000] {processor.py:183} INFO - Processing /opt/airflow/dags/conplete_mlops.py took 0.074 seconds
[2025-07-20T07:40:40.534+0000] {processor.py:161} INFO - Started process (PID=10649) to work on /opt/airflow/dags/conplete_mlops.py
[2025-07-20T07:40:40.535+0000] {processor.py:830} INFO - Processing file /opt/airflow/dags/conplete_mlops.py for tasks to queue
[2025-07-20T07:40:40.536+0000] {logging_mixin.py:188} INFO - [2025-07-20T07:40:40.536+0000] {dagbag.py:538} INFO - Filling up the DagBag from /opt/airflow/dags/conplete_mlops.py
[2025-07-20T07:40:40.553+0000] {processor.py:840} INFO - DAG(s) 'mlops_pipeline_complete' retrieved from /opt/airflow/dags/conplete_mlops.py
[2025-07-20T07:40:40.599+0000] {logging_mixin.py:188} INFO - [2025-07-20T07:40:40.598+0000] {dag.py:3036} INFO - Sync 1 DAGs
[2025-07-20T07:40:40.615+0000] {logging_mixin.py:188} INFO - [2025-07-20T07:40:40.615+0000] {dag.py:3823} INFO - Setting next_dagrun for mlops_pipeline_complete to None, run_after=None
[2025-07-20T07:40:40.640+0000] {processor.py:183} INFO - Processing /opt/airflow/dags/conplete_mlops.py took 0.111 seconds
[2025-07-20T07:41:11.589+0000] {processor.py:161} INFO - Started process (PID=10684) to work on /opt/airflow/dags/conplete_mlops.py
[2025-07-20T07:41:11.590+0000] {processor.py:830} INFO - Processing file /opt/airflow/dags/conplete_mlops.py for tasks to queue
[2025-07-20T07:41:11.591+0000] {logging_mixin.py:188} INFO - [2025-07-20T07:41:11.591+0000] {dagbag.py:538} INFO - Filling up the DagBag from /opt/airflow/dags/conplete_mlops.py
[2025-07-20T07:41:11.604+0000] {processor.py:840} INFO - DAG(s) 'mlops_pipeline_complete' retrieved from /opt/airflow/dags/conplete_mlops.py
[2025-07-20T07:41:11.633+0000] {logging_mixin.py:188} INFO - [2025-07-20T07:41:11.633+0000] {dag.py:3036} INFO - Sync 1 DAGs
[2025-07-20T07:41:11.646+0000] {logging_mixin.py:188} INFO - [2025-07-20T07:41:11.646+0000] {dag.py:3823} INFO - Setting next_dagrun for mlops_pipeline_complete to None, run_after=None
[2025-07-20T07:41:11.669+0000] {processor.py:183} INFO - Processing /opt/airflow/dags/conplete_mlops.py took 0.084 seconds
[2025-07-20T07:41:41.867+0000] {processor.py:161} INFO - Started process (PID=10719) to work on /opt/airflow/dags/conplete_mlops.py
[2025-07-20T07:41:41.868+0000] {processor.py:830} INFO - Processing file /opt/airflow/dags/conplete_mlops.py for tasks to queue
[2025-07-20T07:41:41.869+0000] {logging_mixin.py:188} INFO - [2025-07-20T07:41:41.869+0000] {dagbag.py:538} INFO - Filling up the DagBag from /opt/airflow/dags/conplete_mlops.py
[2025-07-20T07:41:41.881+0000] {processor.py:840} INFO - DAG(s) 'mlops_pipeline_complete' retrieved from /opt/airflow/dags/conplete_mlops.py
[2025-07-20T07:41:41.909+0000] {logging_mixin.py:188} INFO - [2025-07-20T07:41:41.909+0000] {dag.py:3036} INFO - Sync 1 DAGs
[2025-07-20T07:41:41.920+0000] {logging_mixin.py:188} INFO - [2025-07-20T07:41:41.920+0000] {dag.py:3823} INFO - Setting next_dagrun for mlops_pipeline_complete to None, run_after=None
[2025-07-20T07:41:41.938+0000] {processor.py:183} INFO - Processing /opt/airflow/dags/conplete_mlops.py took 0.073 seconds
[2025-07-20T07:42:12.803+0000] {processor.py:161} INFO - Started process (PID=10754) to work on /opt/airflow/dags/conplete_mlops.py
[2025-07-20T07:42:12.804+0000] {processor.py:830} INFO - Processing file /opt/airflow/dags/conplete_mlops.py for tasks to queue
[2025-07-20T07:42:12.805+0000] {logging_mixin.py:188} INFO - [2025-07-20T07:42:12.805+0000] {dagbag.py:538} INFO - Filling up the DagBag from /opt/airflow/dags/conplete_mlops.py
[2025-07-20T07:42:12.818+0000] {processor.py:840} INFO - DAG(s) 'mlops_pipeline_complete' retrieved from /opt/airflow/dags/conplete_mlops.py
[2025-07-20T07:42:12.845+0000] {logging_mixin.py:188} INFO - [2025-07-20T07:42:12.845+0000] {dag.py:3036} INFO - Sync 1 DAGs
[2025-07-20T07:42:12.856+0000] {logging_mixin.py:188} INFO - [2025-07-20T07:42:12.856+0000] {dag.py:3823} INFO - Setting next_dagrun for mlops_pipeline_complete to None, run_after=None
[2025-07-20T07:42:12.875+0000] {processor.py:183} INFO - Processing /opt/airflow/dags/conplete_mlops.py took 0.076 seconds
[2025-07-20T07:42:43.372+0000] {processor.py:161} INFO - Started process (PID=10764) to work on /opt/airflow/dags/conplete_mlops.py
[2025-07-20T07:42:43.372+0000] {processor.py:830} INFO - Processing file /opt/airflow/dags/conplete_mlops.py for tasks to queue
[2025-07-20T07:42:43.373+0000] {logging_mixin.py:188} INFO - [2025-07-20T07:42:43.373+0000] {dagbag.py:538} INFO - Filling up the DagBag from /opt/airflow/dags/conplete_mlops.py
[2025-07-20T07:42:43.387+0000] {processor.py:840} INFO - DAG(s) 'mlops_pipeline_complete' retrieved from /opt/airflow/dags/conplete_mlops.py
[2025-07-20T07:42:43.429+0000] {logging_mixin.py:188} INFO - [2025-07-20T07:42:43.429+0000] {dag.py:3036} INFO - Sync 1 DAGs
[2025-07-20T07:42:43.441+0000] {logging_mixin.py:188} INFO - [2025-07-20T07:42:43.441+0000] {dag.py:3823} INFO - Setting next_dagrun for mlops_pipeline_complete to None, run_after=None
[2025-07-20T07:42:43.459+0000] {processor.py:183} INFO - Processing /opt/airflow/dags/conplete_mlops.py took 0.090 seconds
[2025-07-20T07:43:14.239+0000] {processor.py:161} INFO - Started process (PID=10774) to work on /opt/airflow/dags/conplete_mlops.py
[2025-07-20T07:43:14.240+0000] {processor.py:830} INFO - Processing file /opt/airflow/dags/conplete_mlops.py for tasks to queue
[2025-07-20T07:43:14.241+0000] {logging_mixin.py:188} INFO - [2025-07-20T07:43:14.241+0000] {dagbag.py:538} INFO - Filling up the DagBag from /opt/airflow/dags/conplete_mlops.py
[2025-07-20T07:43:14.253+0000] {processor.py:840} INFO - DAG(s) 'mlops_pipeline_complete' retrieved from /opt/airflow/dags/conplete_mlops.py
[2025-07-20T07:43:14.293+0000] {logging_mixin.py:188} INFO - [2025-07-20T07:43:14.292+0000] {dag.py:3036} INFO - Sync 1 DAGs
[2025-07-20T07:43:14.305+0000] {logging_mixin.py:188} INFO - [2025-07-20T07:43:14.304+0000] {dag.py:3823} INFO - Setting next_dagrun for mlops_pipeline_complete to None, run_after=None
[2025-07-20T07:43:14.324+0000] {processor.py:183} INFO - Processing /opt/airflow/dags/conplete_mlops.py took 0.088 seconds
[2025-07-20T07:43:44.758+0000] {processor.py:161} INFO - Started process (PID=10784) to work on /opt/airflow/dags/conplete_mlops.py
[2025-07-20T07:43:44.759+0000] {processor.py:830} INFO - Processing file /opt/airflow/dags/conplete_mlops.py for tasks to queue
[2025-07-20T07:43:44.761+0000] {logging_mixin.py:188} INFO - [2025-07-20T07:43:44.760+0000] {dagbag.py:538} INFO - Filling up the DagBag from /opt/airflow/dags/conplete_mlops.py
[2025-07-20T07:43:44.775+0000] {processor.py:840} INFO - DAG(s) 'mlops_pipeline_complete' retrieved from /opt/airflow/dags/conplete_mlops.py
[2025-07-20T07:43:44.806+0000] {logging_mixin.py:188} INFO - [2025-07-20T07:43:44.806+0000] {dag.py:3036} INFO - Sync 1 DAGs
[2025-07-20T07:43:44.818+0000] {logging_mixin.py:188} INFO - [2025-07-20T07:43:44.818+0000] {dag.py:3823} INFO - Setting next_dagrun for mlops_pipeline_complete to None, run_after=None
[2025-07-20T07:43:44.836+0000] {processor.py:183} INFO - Processing /opt/airflow/dags/conplete_mlops.py took 0.081 seconds
[2025-07-20T07:44:15.280+0000] {processor.py:161} INFO - Started process (PID=10794) to work on /opt/airflow/dags/conplete_mlops.py
[2025-07-20T07:44:15.281+0000] {processor.py:830} INFO - Processing file /opt/airflow/dags/conplete_mlops.py for tasks to queue
[2025-07-20T07:44:15.282+0000] {logging_mixin.py:188} INFO - [2025-07-20T07:44:15.282+0000] {dagbag.py:538} INFO - Filling up the DagBag from /opt/airflow/dags/conplete_mlops.py
[2025-07-20T07:44:15.295+0000] {processor.py:840} INFO - DAG(s) 'mlops_pipeline_complete' retrieved from /opt/airflow/dags/conplete_mlops.py
[2025-07-20T07:44:15.322+0000] {logging_mixin.py:188} INFO - [2025-07-20T07:44:15.322+0000] {dag.py:3036} INFO - Sync 1 DAGs
[2025-07-20T07:44:15.334+0000] {logging_mixin.py:188} INFO - [2025-07-20T07:44:15.334+0000] {dag.py:3823} INFO - Setting next_dagrun for mlops_pipeline_complete to None, run_after=None
[2025-07-20T07:44:15.352+0000] {processor.py:183} INFO - Processing /opt/airflow/dags/conplete_mlops.py took 0.075 seconds
[2025-07-20T07:44:45.789+0000] {processor.py:161} INFO - Started process (PID=10804) to work on /opt/airflow/dags/conplete_mlops.py
[2025-07-20T07:44:45.789+0000] {processor.py:830} INFO - Processing file /opt/airflow/dags/conplete_mlops.py for tasks to queue
[2025-07-20T07:44:45.790+0000] {logging_mixin.py:188} INFO - [2025-07-20T07:44:45.790+0000] {dagbag.py:538} INFO - Filling up the DagBag from /opt/airflow/dags/conplete_mlops.py
[2025-07-20T07:44:45.802+0000] {processor.py:840} INFO - DAG(s) 'mlops_pipeline_complete' retrieved from /opt/airflow/dags/conplete_mlops.py
[2025-07-20T07:44:45.830+0000] {logging_mixin.py:188} INFO - [2025-07-20T07:44:45.829+0000] {dag.py:3036} INFO - Sync 1 DAGs
[2025-07-20T07:44:45.843+0000] {logging_mixin.py:188} INFO - [2025-07-20T07:44:45.843+0000] {dag.py:3823} INFO - Setting next_dagrun for mlops_pipeline_complete to None, run_after=None
[2025-07-20T07:44:45.862+0000] {processor.py:183} INFO - Processing /opt/airflow/dags/conplete_mlops.py took 0.076 seconds
[2025-07-20T07:45:16.303+0000] {processor.py:161} INFO - Started process (PID=10814) to work on /opt/airflow/dags/conplete_mlops.py
[2025-07-20T07:45:16.304+0000] {processor.py:830} INFO - Processing file /opt/airflow/dags/conplete_mlops.py for tasks to queue
[2025-07-20T07:45:16.306+0000] {logging_mixin.py:188} INFO - [2025-07-20T07:45:16.305+0000] {dagbag.py:538} INFO - Filling up the DagBag from /opt/airflow/dags/conplete_mlops.py
[2025-07-20T07:45:16.324+0000] {processor.py:840} INFO - DAG(s) 'mlops_pipeline_complete' retrieved from /opt/airflow/dags/conplete_mlops.py
[2025-07-20T07:45:16.361+0000] {logging_mixin.py:188} INFO - [2025-07-20T07:45:16.360+0000] {dag.py:3036} INFO - Sync 1 DAGs
[2025-07-20T07:45:16.375+0000] {logging_mixin.py:188} INFO - [2025-07-20T07:45:16.375+0000] {dag.py:3823} INFO - Setting next_dagrun for mlops_pipeline_complete to None, run_after=None
[2025-07-20T07:45:16.395+0000] {processor.py:183} INFO - Processing /opt/airflow/dags/conplete_mlops.py took 0.096 seconds
[2025-07-20T07:45:46.762+0000] {processor.py:161} INFO - Started process (PID=10824) to work on /opt/airflow/dags/conplete_mlops.py
[2025-07-20T07:45:46.764+0000] {processor.py:830} INFO - Processing file /opt/airflow/dags/conplete_mlops.py for tasks to queue
[2025-07-20T07:45:46.765+0000] {logging_mixin.py:188} INFO - [2025-07-20T07:45:46.765+0000] {dagbag.py:538} INFO - Filling up the DagBag from /opt/airflow/dags/conplete_mlops.py
[2025-07-20T07:45:46.780+0000] {processor.py:840} INFO - DAG(s) 'mlops_pipeline_complete' retrieved from /opt/airflow/dags/conplete_mlops.py
[2025-07-20T07:45:46.841+0000] {logging_mixin.py:188} INFO - [2025-07-20T07:45:46.841+0000] {dag.py:3036} INFO - Sync 1 DAGs
[2025-07-20T07:45:46.863+0000] {logging_mixin.py:188} INFO - [2025-07-20T07:45:46.863+0000] {dag.py:3823} INFO - Setting next_dagrun for mlops_pipeline_complete to None, run_after=None
[2025-07-20T07:45:46.889+0000] {processor.py:183} INFO - Processing /opt/airflow/dags/conplete_mlops.py took 0.131 seconds
[2025-07-20T07:46:17.328+0000] {processor.py:161} INFO - Started process (PID=10834) to work on /opt/airflow/dags/conplete_mlops.py
[2025-07-20T07:46:17.329+0000] {processor.py:830} INFO - Processing file /opt/airflow/dags/conplete_mlops.py for tasks to queue
[2025-07-20T07:46:17.329+0000] {logging_mixin.py:188} INFO - [2025-07-20T07:46:17.329+0000] {dagbag.py:538} INFO - Filling up the DagBag from /opt/airflow/dags/conplete_mlops.py
[2025-07-20T07:46:17.342+0000] {processor.py:840} INFO - DAG(s) 'mlops_pipeline_complete' retrieved from /opt/airflow/dags/conplete_mlops.py
[2025-07-20T07:46:17.367+0000] {logging_mixin.py:188} INFO - [2025-07-20T07:46:17.367+0000] {dag.py:3036} INFO - Sync 1 DAGs
[2025-07-20T07:46:17.379+0000] {logging_mixin.py:188} INFO - [2025-07-20T07:46:17.378+0000] {dag.py:3823} INFO - Setting next_dagrun for mlops_pipeline_complete to None, run_after=None
[2025-07-20T07:46:17.394+0000] {processor.py:183} INFO - Processing /opt/airflow/dags/conplete_mlops.py took 0.069 seconds
[2025-07-20T07:46:47.839+0000] {processor.py:161} INFO - Started process (PID=10844) to work on /opt/airflow/dags/conplete_mlops.py
[2025-07-20T07:46:47.840+0000] {processor.py:830} INFO - Processing file /opt/airflow/dags/conplete_mlops.py for tasks to queue
[2025-07-20T07:46:47.841+0000] {logging_mixin.py:188} INFO - [2025-07-20T07:46:47.840+0000] {dagbag.py:538} INFO - Filling up the DagBag from /opt/airflow/dags/conplete_mlops.py
[2025-07-20T07:46:47.852+0000] {processor.py:840} INFO - DAG(s) 'mlops_pipeline_complete' retrieved from /opt/airflow/dags/conplete_mlops.py
[2025-07-20T07:46:47.880+0000] {logging_mixin.py:188} INFO - [2025-07-20T07:46:47.880+0000] {dag.py:3036} INFO - Sync 1 DAGs
[2025-07-20T07:46:47.894+0000] {logging_mixin.py:188} INFO - [2025-07-20T07:46:47.894+0000] {dag.py:3823} INFO - Setting next_dagrun for mlops_pipeline_complete to None, run_after=None
[2025-07-20T07:46:47.918+0000] {processor.py:183} INFO - Processing /opt/airflow/dags/conplete_mlops.py took 0.081 seconds
[2025-07-20T07:47:18.432+0000] {processor.py:161} INFO - Started process (PID=10854) to work on /opt/airflow/dags/conplete_mlops.py
[2025-07-20T07:47:18.433+0000] {processor.py:830} INFO - Processing file /opt/airflow/dags/conplete_mlops.py for tasks to queue
[2025-07-20T07:47:18.434+0000] {logging_mixin.py:188} INFO - [2025-07-20T07:47:18.433+0000] {dagbag.py:538} INFO - Filling up the DagBag from /opt/airflow/dags/conplete_mlops.py
[2025-07-20T07:47:18.445+0000] {processor.py:840} INFO - DAG(s) 'mlops_pipeline_complete' retrieved from /opt/airflow/dags/conplete_mlops.py
[2025-07-20T07:47:18.472+0000] {logging_mixin.py:188} INFO - [2025-07-20T07:47:18.472+0000] {dag.py:3036} INFO - Sync 1 DAGs
[2025-07-20T07:47:18.484+0000] {logging_mixin.py:188} INFO - [2025-07-20T07:47:18.483+0000] {dag.py:3823} INFO - Setting next_dagrun for mlops_pipeline_complete to None, run_after=None
[2025-07-20T07:47:18.502+0000] {processor.py:183} INFO - Processing /opt/airflow/dags/conplete_mlops.py took 0.073 seconds
[2025-07-20T07:47:49.108+0000] {processor.py:161} INFO - Started process (PID=10864) to work on /opt/airflow/dags/conplete_mlops.py
[2025-07-20T07:47:49.110+0000] {processor.py:830} INFO - Processing file /opt/airflow/dags/conplete_mlops.py for tasks to queue
[2025-07-20T07:47:49.112+0000] {logging_mixin.py:188} INFO - [2025-07-20T07:47:49.112+0000] {dagbag.py:538} INFO - Filling up the DagBag from /opt/airflow/dags/conplete_mlops.py
[2025-07-20T07:47:49.130+0000] {processor.py:840} INFO - DAG(s) 'mlops_pipeline_complete' retrieved from /opt/airflow/dags/conplete_mlops.py
[2025-07-20T07:47:49.158+0000] {logging_mixin.py:188} INFO - [2025-07-20T07:47:49.158+0000] {dag.py:3036} INFO - Sync 1 DAGs
[2025-07-20T07:47:49.170+0000] {logging_mixin.py:188} INFO - [2025-07-20T07:47:49.170+0000] {dag.py:3823} INFO - Setting next_dagrun for mlops_pipeline_complete to None, run_after=None
[2025-07-20T07:47:49.188+0000] {processor.py:183} INFO - Processing /opt/airflow/dags/conplete_mlops.py took 0.091 seconds
[2025-07-20T07:48:03.794+0000] {processor.py:161} INFO - Started process (PID=10874) to work on /opt/airflow/dags/conplete_mlops.py
[2025-07-20T07:48:03.799+0000] {processor.py:830} INFO - Processing file /opt/airflow/dags/conplete_mlops.py for tasks to queue
[2025-07-20T07:48:03.804+0000] {logging_mixin.py:188} INFO - [2025-07-20T07:48:03.803+0000] {dagbag.py:538} INFO - Filling up the DagBag from /opt/airflow/dags/conplete_mlops.py
[2025-07-20T07:48:03.863+0000] {processor.py:840} INFO - DAG(s) 'ml_pipeline_with_dashboard' retrieved from /opt/airflow/dags/conplete_mlops.py
[2025-07-20T07:48:04.072+0000] {logging_mixin.py:188} INFO - [2025-07-20T07:48:04.071+0000] {dag.py:3036} INFO - Sync 1 DAGs
[2025-07-20T07:48:04.128+0000] {logging_mixin.py:188} INFO - [2025-07-20T07:48:04.128+0000] {dag.py:3823} INFO - Setting next_dagrun for ml_pipeline_with_dashboard to None, run_after=None
[2025-07-20T07:48:04.251+0000] {processor.py:183} INFO - Processing /opt/airflow/dags/conplete_mlops.py took 0.472 seconds
[2025-07-20T07:48:34.875+0000] {processor.py:161} INFO - Started process (PID=10884) to work on /opt/airflow/dags/conplete_mlops.py
[2025-07-20T07:48:34.876+0000] {processor.py:830} INFO - Processing file /opt/airflow/dags/conplete_mlops.py for tasks to queue
[2025-07-20T07:48:34.877+0000] {logging_mixin.py:188} INFO - [2025-07-20T07:48:34.877+0000] {dagbag.py:538} INFO - Filling up the DagBag from /opt/airflow/dags/conplete_mlops.py
[2025-07-20T07:48:34.888+0000] {processor.py:840} INFO - DAG(s) 'ml_pipeline_with_dashboard' retrieved from /opt/airflow/dags/conplete_mlops.py
[2025-07-20T07:48:34.917+0000] {logging_mixin.py:188} INFO - [2025-07-20T07:48:34.917+0000] {dag.py:3036} INFO - Sync 1 DAGs
[2025-07-20T07:48:34.928+0000] {logging_mixin.py:188} INFO - [2025-07-20T07:48:34.928+0000] {dag.py:3823} INFO - Setting next_dagrun for ml_pipeline_with_dashboard to None, run_after=None
[2025-07-20T07:48:34.948+0000] {processor.py:183} INFO - Processing /opt/airflow/dags/conplete_mlops.py took 0.076 seconds
[2025-07-20T07:49:05.397+0000] {processor.py:161} INFO - Started process (PID=10940) to work on /opt/airflow/dags/conplete_mlops.py
[2025-07-20T07:49:05.398+0000] {processor.py:830} INFO - Processing file /opt/airflow/dags/conplete_mlops.py for tasks to queue
[2025-07-20T07:49:05.400+0000] {logging_mixin.py:188} INFO - [2025-07-20T07:49:05.399+0000] {dagbag.py:538} INFO - Filling up the DagBag from /opt/airflow/dags/conplete_mlops.py
[2025-07-20T07:49:05.415+0000] {processor.py:840} INFO - DAG(s) 'ml_pipeline_with_dashboard' retrieved from /opt/airflow/dags/conplete_mlops.py
[2025-07-20T07:49:05.430+0000] {logging_mixin.py:188} INFO - [2025-07-20T07:49:05.430+0000] {dag.py:3036} INFO - Sync 1 DAGs
[2025-07-20T07:49:05.445+0000] {logging_mixin.py:188} INFO - [2025-07-20T07:49:05.445+0000] {dag.py:3823} INFO - Setting next_dagrun for ml_pipeline_with_dashboard to None, run_after=None
[2025-07-20T07:49:05.468+0000] {processor.py:183} INFO - Processing /opt/airflow/dags/conplete_mlops.py took 0.076 seconds
[2025-07-20T07:49:36.100+0000] {processor.py:161} INFO - Started process (PID=10972) to work on /opt/airflow/dags/conplete_mlops.py
[2025-07-20T07:49:36.101+0000] {processor.py:830} INFO - Processing file /opt/airflow/dags/conplete_mlops.py for tasks to queue
[2025-07-20T07:49:36.102+0000] {logging_mixin.py:188} INFO - [2025-07-20T07:49:36.102+0000] {dagbag.py:538} INFO - Filling up the DagBag from /opt/airflow/dags/conplete_mlops.py
[2025-07-20T07:49:36.118+0000] {processor.py:840} INFO - DAG(s) 'ml_pipeline_with_dashboard' retrieved from /opt/airflow/dags/conplete_mlops.py
[2025-07-20T07:49:36.248+0000] {logging_mixin.py:188} INFO - [2025-07-20T07:49:36.248+0000] {dag.py:3036} INFO - Sync 1 DAGs
[2025-07-20T07:49:36.263+0000] {logging_mixin.py:188} INFO - [2025-07-20T07:49:36.262+0000] {dag.py:3823} INFO - Setting next_dagrun for ml_pipeline_with_dashboard to None, run_after=None
[2025-07-20T07:49:36.295+0000] {processor.py:183} INFO - Processing /opt/airflow/dags/conplete_mlops.py took 0.198 seconds
[2025-07-20T07:49:46.540+0000] {processor.py:161} INFO - Started process (PID=10977) to work on /opt/airflow/dags/conplete_mlops.py
[2025-07-20T07:49:46.544+0000] {processor.py:830} INFO - Processing file /opt/airflow/dags/conplete_mlops.py for tasks to queue
[2025-07-20T07:49:46.549+0000] {logging_mixin.py:188} INFO - [2025-07-20T07:49:46.548+0000] {dagbag.py:538} INFO - Filling up the DagBag from /opt/airflow/dags/conplete_mlops.py
[2025-07-20T07:49:46.611+0000] {processor.py:840} INFO - DAG(s) 'ml_pipeline_end' retrieved from /opt/airflow/dags/conplete_mlops.py
[2025-07-20T07:49:47.334+0000] {logging_mixin.py:188} INFO - [2025-07-20T07:49:47.030+0000] {override.py:1769} INFO - Created Permission View: can edit on DAG:ml_pipeline_end
[2025-07-20T07:49:47.386+0000] {logging_mixin.py:188} INFO - [2025-07-20T07:49:47.385+0000] {override.py:1769} INFO - Created Permission View: can read on DAG:ml_pipeline_end
[2025-07-20T07:49:47.423+0000] {logging_mixin.py:188} INFO - [2025-07-20T07:49:47.421+0000] {override.py:1769} INFO - Created Permission View: can delete on DAG:ml_pipeline_end
[2025-07-20T07:49:47.426+0000] {logging_mixin.py:188} INFO - [2025-07-20T07:49:47.425+0000] {dag.py:3036} INFO - Sync 1 DAGs
[2025-07-20T07:49:47.484+0000] {logging_mixin.py:188} INFO - [2025-07-20T07:49:47.483+0000] {dag.py:3058} INFO - Creating ORM DAG for ml_pipeline_end
[2025-07-20T07:49:47.486+0000] {logging_mixin.py:188} INFO - [2025-07-20T07:49:47.485+0000] {dag.py:3823} INFO - Setting next_dagrun for ml_pipeline_end to None, run_after=None
[2025-07-20T07:49:47.512+0000] {processor.py:183} INFO - Processing /opt/airflow/dags/conplete_mlops.py took 0.984 seconds
[2025-07-20T07:49:48.602+0000] {processor.py:161} INFO - Started process (PID=10982) to work on /opt/airflow/dags/conplete_mlops.py
[2025-07-20T07:49:48.603+0000] {processor.py:830} INFO - Processing file /opt/airflow/dags/conplete_mlops.py for tasks to queue
[2025-07-20T07:49:48.604+0000] {logging_mixin.py:188} INFO - [2025-07-20T07:49:48.604+0000] {dagbag.py:538} INFO - Filling up the DagBag from /opt/airflow/dags/conplete_mlops.py
[2025-07-20T07:49:48.626+0000] {processor.py:840} INFO - DAG(s) 'ml_pipeline_end' retrieved from /opt/airflow/dags/conplete_mlops.py
[2025-07-20T07:49:48.636+0000] {logging_mixin.py:188} INFO - [2025-07-20T07:49:48.636+0000] {dag.py:3036} INFO - Sync 1 DAGs
[2025-07-20T07:49:48.649+0000] {logging_mixin.py:188} INFO - [2025-07-20T07:49:48.649+0000] {dag.py:3823} INFO - Setting next_dagrun for ml_pipeline_end to None, run_after=None
[2025-07-20T07:49:48.671+0000] {processor.py:183} INFO - Processing /opt/airflow/dags/conplete_mlops.py took 0.071 seconds
[2025-07-20T07:49:49.679+0000] {processor.py:161} INFO - Started process (PID=10987) to work on /opt/airflow/dags/conplete_mlops.py
[2025-07-20T07:49:49.680+0000] {processor.py:830} INFO - Processing file /opt/airflow/dags/conplete_mlops.py for tasks to queue
[2025-07-20T07:49:49.681+0000] {logging_mixin.py:188} INFO - [2025-07-20T07:49:49.680+0000] {dagbag.py:538} INFO - Filling up the DagBag from /opt/airflow/dags/conplete_mlops.py
[2025-07-20T07:49:49.701+0000] {processor.py:840} INFO - DAG(s) 'ml_pipeline_end_to_end' retrieved from /opt/airflow/dags/conplete_mlops.py
[2025-07-20T07:49:49.806+0000] {logging_mixin.py:188} INFO - [2025-07-20T07:49:49.805+0000] {override.py:1769} INFO - Created Permission View: can edit on DAG:ml_pipeline_end_to_end
[2025-07-20T07:49:49.818+0000] {logging_mixin.py:188} INFO - [2025-07-20T07:49:49.818+0000] {override.py:1769} INFO - Created Permission View: can read on DAG:ml_pipeline_end_to_end
[2025-07-20T07:49:49.829+0000] {logging_mixin.py:188} INFO - [2025-07-20T07:49:49.829+0000] {override.py:1769} INFO - Created Permission View: can delete on DAG:ml_pipeline_end_to_end
[2025-07-20T07:49:49.830+0000] {logging_mixin.py:188} INFO - [2025-07-20T07:49:49.830+0000] {dag.py:3036} INFO - Sync 1 DAGs
[2025-07-20T07:49:49.842+0000] {logging_mixin.py:188} INFO - [2025-07-20T07:49:49.842+0000] {dag.py:3058} INFO - Creating ORM DAG for ml_pipeline_end_to_end
[2025-07-20T07:49:49.843+0000] {logging_mixin.py:188} INFO - [2025-07-20T07:49:49.843+0000] {dag.py:3823} INFO - Setting next_dagrun for ml_pipeline_end_to_end to None, run_after=None
[2025-07-20T07:49:49.864+0000] {processor.py:183} INFO - Processing /opt/airflow/dags/conplete_mlops.py took 0.189 seconds
[2025-07-20T07:50:19.989+0000] {processor.py:161} INFO - Started process (PID=11024) to work on /opt/airflow/dags/conplete_mlops.py
[2025-07-20T07:50:19.991+0000] {processor.py:830} INFO - Processing file /opt/airflow/dags/conplete_mlops.py for tasks to queue
[2025-07-20T07:50:19.992+0000] {logging_mixin.py:188} INFO - [2025-07-20T07:50:19.991+0000] {dagbag.py:538} INFO - Filling up the DagBag from /opt/airflow/dags/conplete_mlops.py
[2025-07-20T07:50:20.010+0000] {processor.py:840} INFO - DAG(s) 'ml_pipeline_end_to_end' retrieved from /opt/airflow/dags/conplete_mlops.py
[2025-07-20T07:50:20.049+0000] {logging_mixin.py:188} INFO - [2025-07-20T07:50:20.049+0000] {dag.py:3036} INFO - Sync 1 DAGs
[2025-07-20T07:50:20.063+0000] {logging_mixin.py:188} INFO - [2025-07-20T07:50:20.063+0000] {dag.py:3823} INFO - Setting next_dagrun for ml_pipeline_end_to_end to None, run_after=None
[2025-07-20T07:50:20.092+0000] {processor.py:183} INFO - Processing /opt/airflow/dags/conplete_mlops.py took 0.107 seconds
[2025-07-20T07:50:50.554+0000] {processor.py:161} INFO - Started process (PID=11036) to work on /opt/airflow/dags/conplete_mlops.py
[2025-07-20T07:50:50.555+0000] {processor.py:830} INFO - Processing file /opt/airflow/dags/conplete_mlops.py for tasks to queue
[2025-07-20T07:50:50.556+0000] {logging_mixin.py:188} INFO - [2025-07-20T07:50:50.556+0000] {dagbag.py:538} INFO - Filling up the DagBag from /opt/airflow/dags/conplete_mlops.py
[2025-07-20T07:50:50.569+0000] {processor.py:840} INFO - DAG(s) 'ml_pipeline_end_to_end' retrieved from /opt/airflow/dags/conplete_mlops.py
[2025-07-20T07:50:50.595+0000] {logging_mixin.py:188} INFO - [2025-07-20T07:50:50.594+0000] {dag.py:3036} INFO - Sync 1 DAGs
[2025-07-20T07:50:50.606+0000] {logging_mixin.py:188} INFO - [2025-07-20T07:50:50.605+0000] {dag.py:3823} INFO - Setting next_dagrun for ml_pipeline_end_to_end to None, run_after=None
[2025-07-20T07:50:50.635+0000] {processor.py:183} INFO - Processing /opt/airflow/dags/conplete_mlops.py took 0.084 seconds
[2025-07-20T07:51:21.148+0000] {processor.py:161} INFO - Started process (PID=11046) to work on /opt/airflow/dags/conplete_mlops.py
[2025-07-20T07:51:21.150+0000] {processor.py:830} INFO - Processing file /opt/airflow/dags/conplete_mlops.py for tasks to queue
[2025-07-20T07:51:21.150+0000] {logging_mixin.py:188} INFO - [2025-07-20T07:51:21.150+0000] {dagbag.py:538} INFO - Filling up the DagBag from /opt/airflow/dags/conplete_mlops.py
[2025-07-20T07:51:21.164+0000] {processor.py:840} INFO - DAG(s) 'ml_pipeline_end_to_end' retrieved from /opt/airflow/dags/conplete_mlops.py
[2025-07-20T07:51:21.193+0000] {logging_mixin.py:188} INFO - [2025-07-20T07:51:21.192+0000] {dag.py:3036} INFO - Sync 1 DAGs
[2025-07-20T07:51:21.204+0000] {logging_mixin.py:188} INFO - [2025-07-20T07:51:21.204+0000] {dag.py:3823} INFO - Setting next_dagrun for ml_pipeline_end_to_end to None, run_after=None
[2025-07-20T07:51:21.224+0000] {processor.py:183} INFO - Processing /opt/airflow/dags/conplete_mlops.py took 0.078 seconds
[2025-07-20T07:51:51.655+0000] {processor.py:161} INFO - Started process (PID=11056) to work on /opt/airflow/dags/conplete_mlops.py
[2025-07-20T07:51:51.656+0000] {processor.py:830} INFO - Processing file /opt/airflow/dags/conplete_mlops.py for tasks to queue
[2025-07-20T07:51:51.657+0000] {logging_mixin.py:188} INFO - [2025-07-20T07:51:51.656+0000] {dagbag.py:538} INFO - Filling up the DagBag from /opt/airflow/dags/conplete_mlops.py
[2025-07-20T07:51:51.669+0000] {processor.py:840} INFO - DAG(s) 'ml_pipeline_end_to_end' retrieved from /opt/airflow/dags/conplete_mlops.py
[2025-07-20T07:51:51.696+0000] {logging_mixin.py:188} INFO - [2025-07-20T07:51:51.696+0000] {dag.py:3036} INFO - Sync 1 DAGs
[2025-07-20T07:51:51.708+0000] {logging_mixin.py:188} INFO - [2025-07-20T07:51:51.708+0000] {dag.py:3823} INFO - Setting next_dagrun for ml_pipeline_end_to_end to None, run_after=None
[2025-07-20T07:51:51.729+0000] {processor.py:183} INFO - Processing /opt/airflow/dags/conplete_mlops.py took 0.077 seconds
[2025-07-20T07:52:22.330+0000] {processor.py:161} INFO - Started process (PID=11066) to work on /opt/airflow/dags/conplete_mlops.py
[2025-07-20T07:52:22.335+0000] {processor.py:830} INFO - Processing file /opt/airflow/dags/conplete_mlops.py for tasks to queue
[2025-07-20T07:52:22.340+0000] {logging_mixin.py:188} INFO - [2025-07-20T07:52:22.339+0000] {dagbag.py:538} INFO - Filling up the DagBag from /opt/airflow/dags/conplete_mlops.py
[2025-07-20T07:52:22.459+0000] {processor.py:840} INFO - DAG(s) 'ml_pipeline_end_to_end' retrieved from /opt/airflow/dags/conplete_mlops.py
[2025-07-20T07:52:22.562+0000] {logging_mixin.py:188} INFO - [2025-07-20T07:52:22.561+0000] {dag.py:3036} INFO - Sync 1 DAGs
[2025-07-20T07:52:22.577+0000] {logging_mixin.py:188} INFO - [2025-07-20T07:52:22.577+0000] {dag.py:3823} INFO - Setting next_dagrun for ml_pipeline_end_to_end to None, run_after=None
[2025-07-20T07:52:22.599+0000] {processor.py:183} INFO - Processing /opt/airflow/dags/conplete_mlops.py took 0.283 seconds
[2025-07-20T07:52:53.732+0000] {processor.py:161} INFO - Started process (PID=11082) to work on /opt/airflow/dags/conplete_mlops.py
[2025-07-20T07:52:53.739+0000] {processor.py:830} INFO - Processing file /opt/airflow/dags/conplete_mlops.py for tasks to queue
[2025-07-20T07:52:53.746+0000] {logging_mixin.py:188} INFO - [2025-07-20T07:52:53.744+0000] {dagbag.py:538} INFO - Filling up the DagBag from /opt/airflow/dags/conplete_mlops.py
[2025-07-20T07:52:54.116+0000] {processor.py:840} INFO - DAG(s) 'ml_pipeline_end_to_end' retrieved from /opt/airflow/dags/conplete_mlops.py
[2025-07-20T07:52:54.361+0000] {logging_mixin.py:188} INFO - [2025-07-20T07:52:54.361+0000] {dag.py:3036} INFO - Sync 1 DAGs
[2025-07-20T07:52:54.384+0000] {logging_mixin.py:188} INFO - [2025-07-20T07:52:54.383+0000] {dag.py:3823} INFO - Setting next_dagrun for ml_pipeline_end_to_end to None, run_after=None
[2025-07-20T07:52:54.652+0000] {processor.py:183} INFO - Processing /opt/airflow/dags/conplete_mlops.py took 0.940 seconds
[2025-07-20T07:53:24.970+0000] {processor.py:161} INFO - Started process (PID=11115) to work on /opt/airflow/dags/conplete_mlops.py
[2025-07-20T07:53:24.971+0000] {processor.py:830} INFO - Processing file /opt/airflow/dags/conplete_mlops.py for tasks to queue
[2025-07-20T07:53:24.972+0000] {logging_mixin.py:188} INFO - [2025-07-20T07:53:24.971+0000] {dagbag.py:538} INFO - Filling up the DagBag from /opt/airflow/dags/conplete_mlops.py
[2025-07-20T07:53:24.983+0000] {processor.py:840} INFO - DAG(s) 'ml_pipeline_end_to_end' retrieved from /opt/airflow/dags/conplete_mlops.py
[2025-07-20T07:53:25.011+0000] {logging_mixin.py:188} INFO - [2025-07-20T07:53:25.011+0000] {dag.py:3036} INFO - Sync 1 DAGs
[2025-07-20T07:53:25.023+0000] {logging_mixin.py:188} INFO - [2025-07-20T07:53:25.023+0000] {dag.py:3823} INFO - Setting next_dagrun for ml_pipeline_end_to_end to None, run_after=None
[2025-07-20T07:53:25.041+0000] {processor.py:183} INFO - Processing /opt/airflow/dags/conplete_mlops.py took 0.074 seconds
[2025-07-20T07:53:55.508+0000] {processor.py:161} INFO - Started process (PID=11125) to work on /opt/airflow/dags/conplete_mlops.py
[2025-07-20T07:53:55.509+0000] {processor.py:830} INFO - Processing file /opt/airflow/dags/conplete_mlops.py for tasks to queue
[2025-07-20T07:53:55.510+0000] {logging_mixin.py:188} INFO - [2025-07-20T07:53:55.510+0000] {dagbag.py:538} INFO - Filling up the DagBag from /opt/airflow/dags/conplete_mlops.py
[2025-07-20T07:53:55.524+0000] {processor.py:840} INFO - DAG(s) 'ml_pipeline_end_to_end' retrieved from /opt/airflow/dags/conplete_mlops.py
[2025-07-20T07:53:55.566+0000] {logging_mixin.py:188} INFO - [2025-07-20T07:53:55.566+0000] {dag.py:3036} INFO - Sync 1 DAGs
[2025-07-20T07:53:55.580+0000] {logging_mixin.py:188} INFO - [2025-07-20T07:53:55.580+0000] {dag.py:3823} INFO - Setting next_dagrun for ml_pipeline_end_to_end to None, run_after=None
[2025-07-20T07:53:55.605+0000] {processor.py:183} INFO - Processing /opt/airflow/dags/conplete_mlops.py took 0.101 seconds
[2025-07-20T07:54:25.986+0000] {processor.py:161} INFO - Started process (PID=11135) to work on /opt/airflow/dags/conplete_mlops.py
[2025-07-20T07:54:25.987+0000] {processor.py:830} INFO - Processing file /opt/airflow/dags/conplete_mlops.py for tasks to queue
[2025-07-20T07:54:25.988+0000] {logging_mixin.py:188} INFO - [2025-07-20T07:54:25.987+0000] {dagbag.py:538} INFO - Filling up the DagBag from /opt/airflow/dags/conplete_mlops.py
[2025-07-20T07:54:26.000+0000] {processor.py:840} INFO - DAG(s) 'ml_pipeline_end_to_end' retrieved from /opt/airflow/dags/conplete_mlops.py
[2025-07-20T07:54:26.031+0000] {logging_mixin.py:188} INFO - [2025-07-20T07:54:26.030+0000] {dag.py:3036} INFO - Sync 1 DAGs
[2025-07-20T07:54:26.044+0000] {logging_mixin.py:188} INFO - [2025-07-20T07:54:26.044+0000] {dag.py:3823} INFO - Setting next_dagrun for ml_pipeline_end_to_end to None, run_after=None
[2025-07-20T07:54:26.066+0000] {processor.py:183} INFO - Processing /opt/airflow/dags/conplete_mlops.py took 0.084 seconds
[2025-07-20T07:54:56.512+0000] {processor.py:161} INFO - Started process (PID=11145) to work on /opt/airflow/dags/conplete_mlops.py
[2025-07-20T07:54:56.514+0000] {processor.py:830} INFO - Processing file /opt/airflow/dags/conplete_mlops.py for tasks to queue
[2025-07-20T07:54:56.515+0000] {logging_mixin.py:188} INFO - [2025-07-20T07:54:56.515+0000] {dagbag.py:538} INFO - Filling up the DagBag from /opt/airflow/dags/conplete_mlops.py
[2025-07-20T07:54:56.535+0000] {processor.py:840} INFO - DAG(s) 'ml_pipeline_end_to_end' retrieved from /opt/airflow/dags/conplete_mlops.py
[2025-07-20T07:54:56.571+0000] {logging_mixin.py:188} INFO - [2025-07-20T07:54:56.571+0000] {dag.py:3036} INFO - Sync 1 DAGs
[2025-07-20T07:54:56.583+0000] {logging_mixin.py:188} INFO - [2025-07-20T07:54:56.582+0000] {dag.py:3823} INFO - Setting next_dagrun for ml_pipeline_end_to_end to None, run_after=None
[2025-07-20T07:54:56.603+0000] {processor.py:183} INFO - Processing /opt/airflow/dags/conplete_mlops.py took 0.094 seconds
[2025-07-20T07:55:26.846+0000] {processor.py:161} INFO - Started process (PID=11184) to work on /opt/airflow/dags/conplete_mlops.py
[2025-07-20T07:55:26.848+0000] {processor.py:830} INFO - Processing file /opt/airflow/dags/conplete_mlops.py for tasks to queue
[2025-07-20T07:55:26.851+0000] {logging_mixin.py:188} INFO - [2025-07-20T07:55:26.849+0000] {dagbag.py:538} INFO - Filling up the DagBag from /opt/airflow/dags/conplete_mlops.py
[2025-07-20T07:55:26.870+0000] {processor.py:840} INFO - DAG(s) 'ml_pipeline_end_to_end' retrieved from /opt/airflow/dags/conplete_mlops.py
[2025-07-20T07:55:26.900+0000] {logging_mixin.py:188} INFO - [2025-07-20T07:55:26.900+0000] {dag.py:3036} INFO - Sync 1 DAGs
[2025-07-20T07:55:26.912+0000] {logging_mixin.py:188} INFO - [2025-07-20T07:55:26.912+0000] {dag.py:3823} INFO - Setting next_dagrun for ml_pipeline_end_to_end to None, run_after=None
[2025-07-20T07:55:26.938+0000] {processor.py:183} INFO - Processing /opt/airflow/dags/conplete_mlops.py took 0.096 seconds
[2025-07-20T07:55:57.417+0000] {processor.py:161} INFO - Started process (PID=11194) to work on /opt/airflow/dags/conplete_mlops.py
[2025-07-20T07:55:57.419+0000] {processor.py:830} INFO - Processing file /opt/airflow/dags/conplete_mlops.py for tasks to queue
[2025-07-20T07:55:57.421+0000] {logging_mixin.py:188} INFO - [2025-07-20T07:55:57.420+0000] {dagbag.py:538} INFO - Filling up the DagBag from /opt/airflow/dags/conplete_mlops.py
[2025-07-20T07:55:57.452+0000] {processor.py:840} INFO - DAG(s) 'ml_pipeline_end_to_end' retrieved from /opt/airflow/dags/conplete_mlops.py
[2025-07-20T07:55:57.493+0000] {logging_mixin.py:188} INFO - [2025-07-20T07:55:57.492+0000] {dag.py:3036} INFO - Sync 1 DAGs
[2025-07-20T07:55:57.511+0000] {logging_mixin.py:188} INFO - [2025-07-20T07:55:57.511+0000] {dag.py:3823} INFO - Setting next_dagrun for ml_pipeline_end_to_end to None, run_after=None
[2025-07-20T07:55:57.532+0000] {processor.py:183} INFO - Processing /opt/airflow/dags/conplete_mlops.py took 0.121 seconds
[2025-07-20T07:56:27.946+0000] {processor.py:161} INFO - Started process (PID=11204) to work on /opt/airflow/dags/conplete_mlops.py
[2025-07-20T07:56:27.947+0000] {processor.py:830} INFO - Processing file /opt/airflow/dags/conplete_mlops.py for tasks to queue
[2025-07-20T07:56:27.948+0000] {logging_mixin.py:188} INFO - [2025-07-20T07:56:27.947+0000] {dagbag.py:538} INFO - Filling up the DagBag from /opt/airflow/dags/conplete_mlops.py
[2025-07-20T07:56:27.958+0000] {processor.py:840} INFO - DAG(s) 'ml_pipeline_end_to_end' retrieved from /opt/airflow/dags/conplete_mlops.py
[2025-07-20T07:56:27.984+0000] {logging_mixin.py:188} INFO - [2025-07-20T07:56:27.984+0000] {dag.py:3036} INFO - Sync 1 DAGs
[2025-07-20T07:56:27.995+0000] {logging_mixin.py:188} INFO - [2025-07-20T07:56:27.994+0000] {dag.py:3823} INFO - Setting next_dagrun for ml_pipeline_end_to_end to None, run_after=None
[2025-07-20T07:56:28.014+0000] {processor.py:183} INFO - Processing /opt/airflow/dags/conplete_mlops.py took 0.070 seconds
[2025-07-20T07:56:58.383+0000] {processor.py:161} INFO - Started process (PID=11214) to work on /opt/airflow/dags/conplete_mlops.py
[2025-07-20T07:56:58.384+0000] {processor.py:830} INFO - Processing file /opt/airflow/dags/conplete_mlops.py for tasks to queue
[2025-07-20T07:56:58.385+0000] {logging_mixin.py:188} INFO - [2025-07-20T07:56:58.385+0000] {dagbag.py:538} INFO - Filling up the DagBag from /opt/airflow/dags/conplete_mlops.py
[2025-07-20T07:56:58.398+0000] {processor.py:840} INFO - DAG(s) 'ml_pipeline_end_to_end' retrieved from /opt/airflow/dags/conplete_mlops.py
[2025-07-20T07:56:58.422+0000] {logging_mixin.py:188} INFO - [2025-07-20T07:56:58.422+0000] {dag.py:3036} INFO - Sync 1 DAGs
[2025-07-20T07:56:58.433+0000] {logging_mixin.py:188} INFO - [2025-07-20T07:56:58.433+0000] {dag.py:3823} INFO - Setting next_dagrun for ml_pipeline_end_to_end to None, run_after=None
[2025-07-20T07:56:58.451+0000] {processor.py:183} INFO - Processing /opt/airflow/dags/conplete_mlops.py took 0.071 seconds
[2025-07-20T07:57:28.897+0000] {processor.py:161} INFO - Started process (PID=11224) to work on /opt/airflow/dags/conplete_mlops.py
[2025-07-20T07:57:28.898+0000] {processor.py:830} INFO - Processing file /opt/airflow/dags/conplete_mlops.py for tasks to queue
[2025-07-20T07:57:28.899+0000] {logging_mixin.py:188} INFO - [2025-07-20T07:57:28.898+0000] {dagbag.py:538} INFO - Filling up the DagBag from /opt/airflow/dags/conplete_mlops.py
[2025-07-20T07:57:28.910+0000] {processor.py:840} INFO - DAG(s) 'ml_pipeline_end_to_end' retrieved from /opt/airflow/dags/conplete_mlops.py
[2025-07-20T07:57:28.937+0000] {logging_mixin.py:188} INFO - [2025-07-20T07:57:28.937+0000] {dag.py:3036} INFO - Sync 1 DAGs
[2025-07-20T07:57:28.949+0000] {logging_mixin.py:188} INFO - [2025-07-20T07:57:28.949+0000] {dag.py:3823} INFO - Setting next_dagrun for ml_pipeline_end_to_end to None, run_after=None
[2025-07-20T07:57:28.974+0000] {processor.py:183} INFO - Processing /opt/airflow/dags/conplete_mlops.py took 0.080 seconds
[2025-07-20T07:57:59.368+0000] {processor.py:161} INFO - Started process (PID=11234) to work on /opt/airflow/dags/conplete_mlops.py
[2025-07-20T07:57:59.369+0000] {processor.py:830} INFO - Processing file /opt/airflow/dags/conplete_mlops.py for tasks to queue
[2025-07-20T07:57:59.370+0000] {logging_mixin.py:188} INFO - [2025-07-20T07:57:59.370+0000] {dagbag.py:538} INFO - Filling up the DagBag from /opt/airflow/dags/conplete_mlops.py
[2025-07-20T07:57:59.382+0000] {processor.py:840} INFO - DAG(s) 'ml_pipeline_end_to_end' retrieved from /opt/airflow/dags/conplete_mlops.py
[2025-07-20T07:57:59.411+0000] {logging_mixin.py:188} INFO - [2025-07-20T07:57:59.411+0000] {dag.py:3036} INFO - Sync 1 DAGs
[2025-07-20T07:57:59.425+0000] {logging_mixin.py:188} INFO - [2025-07-20T07:57:59.425+0000] {dag.py:3823} INFO - Setting next_dagrun for ml_pipeline_end_to_end to None, run_after=None
[2025-07-20T07:57:59.444+0000] {processor.py:183} INFO - Processing /opt/airflow/dags/conplete_mlops.py took 0.080 seconds
[2025-07-20T07:58:30.125+0000] {processor.py:161} INFO - Started process (PID=11244) to work on /opt/airflow/dags/conplete_mlops.py
[2025-07-20T07:58:30.126+0000] {processor.py:830} INFO - Processing file /opt/airflow/dags/conplete_mlops.py for tasks to queue
[2025-07-20T07:58:30.127+0000] {logging_mixin.py:188} INFO - [2025-07-20T07:58:30.127+0000] {dagbag.py:538} INFO - Filling up the DagBag from /opt/airflow/dags/conplete_mlops.py
[2025-07-20T07:58:30.139+0000] {processor.py:840} INFO - DAG(s) 'ml_pipeline_end_to_end' retrieved from /opt/airflow/dags/conplete_mlops.py
[2025-07-20T07:58:30.321+0000] {logging_mixin.py:188} INFO - [2025-07-20T07:58:30.321+0000] {dag.py:3036} INFO - Sync 1 DAGs
[2025-07-20T07:58:30.334+0000] {logging_mixin.py:188} INFO - [2025-07-20T07:58:30.334+0000] {dag.py:3823} INFO - Setting next_dagrun for ml_pipeline_end_to_end to None, run_after=None
[2025-07-20T07:58:30.353+0000] {processor.py:183} INFO - Processing /opt/airflow/dags/conplete_mlops.py took 0.231 seconds
[2025-07-20T07:59:00.619+0000] {processor.py:161} INFO - Started process (PID=11254) to work on /opt/airflow/dags/conplete_mlops.py
[2025-07-20T07:59:00.620+0000] {processor.py:830} INFO - Processing file /opt/airflow/dags/conplete_mlops.py for tasks to queue
[2025-07-20T07:59:00.621+0000] {logging_mixin.py:188} INFO - [2025-07-20T07:59:00.621+0000] {dagbag.py:538} INFO - Filling up the DagBag from /opt/airflow/dags/conplete_mlops.py
[2025-07-20T07:59:00.631+0000] {processor.py:840} INFO - DAG(s) 'ml_pipeline_end_to_end' retrieved from /opt/airflow/dags/conplete_mlops.py
[2025-07-20T07:59:00.657+0000] {logging_mixin.py:188} INFO - [2025-07-20T07:59:00.656+0000] {dag.py:3036} INFO - Sync 1 DAGs
[2025-07-20T07:59:00.667+0000] {logging_mixin.py:188} INFO - [2025-07-20T07:59:00.667+0000] {dag.py:3823} INFO - Setting next_dagrun for ml_pipeline_end_to_end to None, run_after=None
[2025-07-20T07:59:00.687+0000] {processor.py:183} INFO - Processing /opt/airflow/dags/conplete_mlops.py took 0.070 seconds
[2025-07-20T07:59:31.017+0000] {processor.py:161} INFO - Started process (PID=11264) to work on /opt/airflow/dags/conplete_mlops.py
[2025-07-20T07:59:31.018+0000] {processor.py:830} INFO - Processing file /opt/airflow/dags/conplete_mlops.py for tasks to queue
[2025-07-20T07:59:31.019+0000] {logging_mixin.py:188} INFO - [2025-07-20T07:59:31.018+0000] {dagbag.py:538} INFO - Filling up the DagBag from /opt/airflow/dags/conplete_mlops.py
[2025-07-20T07:59:31.034+0000] {processor.py:840} INFO - DAG(s) 'ml_pipeline_end_to_end' retrieved from /opt/airflow/dags/conplete_mlops.py
[2025-07-20T07:59:31.072+0000] {logging_mixin.py:188} INFO - [2025-07-20T07:59:31.071+0000] {dag.py:3036} INFO - Sync 1 DAGs
[2025-07-20T07:59:31.089+0000] {logging_mixin.py:188} INFO - [2025-07-20T07:59:31.089+0000] {dag.py:3823} INFO - Setting next_dagrun for ml_pipeline_end_to_end to None, run_after=None
[2025-07-20T07:59:31.117+0000] {processor.py:183} INFO - Processing /opt/airflow/dags/conplete_mlops.py took 0.103 seconds
[2025-07-20T08:00:01.770+0000] {processor.py:161} INFO - Started process (PID=11274) to work on /opt/airflow/dags/conplete_mlops.py
[2025-07-20T08:00:01.776+0000] {processor.py:830} INFO - Processing file /opt/airflow/dags/conplete_mlops.py for tasks to queue
[2025-07-20T08:00:01.785+0000] {logging_mixin.py:188} INFO - [2025-07-20T08:00:01.783+0000] {dagbag.py:538} INFO - Filling up the DagBag from /opt/airflow/dags/conplete_mlops.py
[2025-07-20T08:00:01.829+0000] {processor.py:840} INFO - DAG(s) 'ml_pipeline_end_to_end' retrieved from /opt/airflow/dags/conplete_mlops.py
[2025-07-20T08:00:01.867+0000] {logging_mixin.py:188} INFO - [2025-07-20T08:00:01.866+0000] {dag.py:3036} INFO - Sync 1 DAGs
[2025-07-20T08:00:01.883+0000] {logging_mixin.py:188} INFO - [2025-07-20T08:00:01.883+0000] {dag.py:3823} INFO - Setting next_dagrun for ml_pipeline_end_to_end to None, run_after=None
[2025-07-20T08:00:02.035+0000] {processor.py:183} INFO - Processing /opt/airflow/dags/conplete_mlops.py took 0.281 seconds
[2025-07-20T08:00:33.063+0000] {processor.py:161} INFO - Started process (PID=11284) to work on /opt/airflow/dags/conplete_mlops.py
[2025-07-20T08:00:33.065+0000] {processor.py:830} INFO - Processing file /opt/airflow/dags/conplete_mlops.py for tasks to queue
[2025-07-20T08:00:33.067+0000] {logging_mixin.py:188} INFO - [2025-07-20T08:00:33.067+0000] {dagbag.py:538} INFO - Filling up the DagBag from /opt/airflow/dags/conplete_mlops.py
[2025-07-20T08:00:33.084+0000] {processor.py:840} INFO - DAG(s) 'ml_pipeline_end_to_end' retrieved from /opt/airflow/dags/conplete_mlops.py
[2025-07-20T08:00:33.127+0000] {logging_mixin.py:188} INFO - [2025-07-20T08:00:33.127+0000] {dag.py:3036} INFO - Sync 1 DAGs
[2025-07-20T08:00:33.142+0000] {logging_mixin.py:188} INFO - [2025-07-20T08:00:33.142+0000] {dag.py:3823} INFO - Setting next_dagrun for ml_pipeline_end_to_end to None, run_after=None
[2025-07-20T08:00:33.164+0000] {processor.py:183} INFO - Processing /opt/airflow/dags/conplete_mlops.py took 0.105 seconds
[2025-07-20T08:01:03.696+0000] {processor.py:161} INFO - Started process (PID=11294) to work on /opt/airflow/dags/conplete_mlops.py
[2025-07-20T08:01:03.697+0000] {processor.py:830} INFO - Processing file /opt/airflow/dags/conplete_mlops.py for tasks to queue
[2025-07-20T08:01:03.698+0000] {logging_mixin.py:188} INFO - [2025-07-20T08:01:03.697+0000] {dagbag.py:538} INFO - Filling up the DagBag from /opt/airflow/dags/conplete_mlops.py
[2025-07-20T08:01:03.726+0000] {processor.py:840} INFO - DAG(s) 'ml_pipeline_end_to_end' retrieved from /opt/airflow/dags/conplete_mlops.py
[2025-07-20T08:01:03.751+0000] {logging_mixin.py:188} INFO - [2025-07-20T08:01:03.751+0000] {dag.py:3036} INFO - Sync 1 DAGs
[2025-07-20T08:01:03.763+0000] {logging_mixin.py:188} INFO - [2025-07-20T08:01:03.763+0000] {dag.py:3823} INFO - Setting next_dagrun for ml_pipeline_end_to_end to None, run_after=None
[2025-07-20T08:01:03.781+0000] {processor.py:183} INFO - Processing /opt/airflow/dags/conplete_mlops.py took 0.091 seconds
[2025-07-20T08:01:34.530+0000] {processor.py:161} INFO - Started process (PID=11304) to work on /opt/airflow/dags/conplete_mlops.py
[2025-07-20T08:01:34.531+0000] {processor.py:830} INFO - Processing file /opt/airflow/dags/conplete_mlops.py for tasks to queue
[2025-07-20T08:01:34.532+0000] {logging_mixin.py:188} INFO - [2025-07-20T08:01:34.532+0000] {dagbag.py:538} INFO - Filling up the DagBag from /opt/airflow/dags/conplete_mlops.py
[2025-07-20T08:01:34.546+0000] {processor.py:840} INFO - DAG(s) 'ml_pipeline_end_to_end' retrieved from /opt/airflow/dags/conplete_mlops.py
[2025-07-20T08:01:34.573+0000] {logging_mixin.py:188} INFO - [2025-07-20T08:01:34.573+0000] {dag.py:3036} INFO - Sync 1 DAGs
[2025-07-20T08:01:34.585+0000] {logging_mixin.py:188} INFO - [2025-07-20T08:01:34.585+0000] {dag.py:3823} INFO - Setting next_dagrun for ml_pipeline_end_to_end to None, run_after=None
[2025-07-20T08:01:34.606+0000] {processor.py:183} INFO - Processing /opt/airflow/dags/conplete_mlops.py took 0.079 seconds
[2025-07-20T08:02:05.056+0000] {processor.py:161} INFO - Started process (PID=11314) to work on /opt/airflow/dags/conplete_mlops.py
[2025-07-20T08:02:05.058+0000] {processor.py:830} INFO - Processing file /opt/airflow/dags/conplete_mlops.py for tasks to queue
[2025-07-20T08:02:05.060+0000] {logging_mixin.py:188} INFO - [2025-07-20T08:02:05.059+0000] {dagbag.py:538} INFO - Filling up the DagBag from /opt/airflow/dags/conplete_mlops.py
[2025-07-20T08:02:05.077+0000] {processor.py:840} INFO - DAG(s) 'ml_pipeline_end_to_end' retrieved from /opt/airflow/dags/conplete_mlops.py
[2025-07-20T08:02:05.107+0000] {logging_mixin.py:188} INFO - [2025-07-20T08:02:05.107+0000] {dag.py:3036} INFO - Sync 1 DAGs
[2025-07-20T08:02:05.120+0000] {logging_mixin.py:188} INFO - [2025-07-20T08:02:05.119+0000] {dag.py:3823} INFO - Setting next_dagrun for ml_pipeline_end_to_end to None, run_after=None
[2025-07-20T08:02:05.143+0000] {processor.py:183} INFO - Processing /opt/airflow/dags/conplete_mlops.py took 0.092 seconds
[2025-07-20T08:02:12.324+0000] {processor.py:161} INFO - Started process (PID=11324) to work on /opt/airflow/dags/conplete_mlops.py
[2025-07-20T08:02:12.325+0000] {processor.py:830} INFO - Processing file /opt/airflow/dags/conplete_mlops.py for tasks to queue
[2025-07-20T08:02:12.327+0000] {logging_mixin.py:188} INFO - [2025-07-20T08:02:12.326+0000] {dagbag.py:538} INFO - Filling up the DagBag from /opt/airflow/dags/conplete_mlops.py
[2025-07-20T08:02:12.394+0000] {processor.py:840} INFO - DAG(s) 'ml_pipeline_end_to_end' retrieved from /opt/airflow/dags/conplete_mlops.py
[2025-07-20T08:02:12.430+0000] {logging_mixin.py:188} INFO - [2025-07-20T08:02:12.430+0000] {dag.py:3036} INFO - Sync 1 DAGs
[2025-07-20T08:02:12.456+0000] {logging_mixin.py:188} INFO - [2025-07-20T08:02:12.455+0000] {dag.py:3823} INFO - Setting next_dagrun for ml_pipeline_end_to_end to None, run_after=None
[2025-07-20T08:02:12.599+0000] {processor.py:183} INFO - Processing /opt/airflow/dags/conplete_mlops.py took 0.280 seconds
[2025-07-20T08:02:42.859+0000] {processor.py:161} INFO - Started process (PID=11334) to work on /opt/airflow/dags/conplete_mlops.py
[2025-07-20T08:02:42.860+0000] {processor.py:830} INFO - Processing file /opt/airflow/dags/conplete_mlops.py for tasks to queue
[2025-07-20T08:02:42.862+0000] {logging_mixin.py:188} INFO - [2025-07-20T08:02:42.861+0000] {dagbag.py:538} INFO - Filling up the DagBag from /opt/airflow/dags/conplete_mlops.py
[2025-07-20T08:02:42.880+0000] {processor.py:840} INFO - DAG(s) 'ml_pipeline_end_to_end' retrieved from /opt/airflow/dags/conplete_mlops.py
[2025-07-20T08:02:42.911+0000] {logging_mixin.py:188} INFO - [2025-07-20T08:02:42.910+0000] {dag.py:3036} INFO - Sync 1 DAGs
[2025-07-20T08:02:42.923+0000] {logging_mixin.py:188} INFO - [2025-07-20T08:02:42.922+0000] {dag.py:3823} INFO - Setting next_dagrun for ml_pipeline_end_to_end to None, run_after=None
[2025-07-20T08:02:42.945+0000] {processor.py:183} INFO - Processing /opt/airflow/dags/conplete_mlops.py took 0.092 seconds
[2025-07-20T08:03:13.083+0000] {processor.py:161} INFO - Started process (PID=11347) to work on /opt/airflow/dags/conplete_mlops.py
[2025-07-20T08:03:13.084+0000] {processor.py:830} INFO - Processing file /opt/airflow/dags/conplete_mlops.py for tasks to queue
[2025-07-20T08:03:13.085+0000] {logging_mixin.py:188} INFO - [2025-07-20T08:03:13.085+0000] {dagbag.py:538} INFO - Filling up the DagBag from /opt/airflow/dags/conplete_mlops.py
[2025-07-20T08:03:13.108+0000] {processor.py:840} INFO - DAG(s) 'ml_pipeline_end_to_end' retrieved from /opt/airflow/dags/conplete_mlops.py
[2025-07-20T08:03:13.141+0000] {logging_mixin.py:188} INFO - [2025-07-20T08:03:13.141+0000] {dag.py:3036} INFO - Sync 1 DAGs
[2025-07-20T08:03:13.171+0000] {logging_mixin.py:188} INFO - [2025-07-20T08:03:13.171+0000] {dag.py:3823} INFO - Setting next_dagrun for ml_pipeline_end_to_end to None, run_after=None
[2025-07-20T08:03:13.216+0000] {processor.py:183} INFO - Processing /opt/airflow/dags/conplete_mlops.py took 0.135 seconds
[2025-07-20T08:03:43.720+0000] {processor.py:161} INFO - Started process (PID=11359) to work on /opt/airflow/dags/conplete_mlops.py
[2025-07-20T08:03:43.721+0000] {processor.py:830} INFO - Processing file /opt/airflow/dags/conplete_mlops.py for tasks to queue
[2025-07-20T08:03:43.722+0000] {logging_mixin.py:188} INFO - [2025-07-20T08:03:43.721+0000] {dagbag.py:538} INFO - Filling up the DagBag from /opt/airflow/dags/conplete_mlops.py
[2025-07-20T08:03:43.733+0000] {processor.py:840} INFO - DAG(s) 'ml_pipeline_end_to_end' retrieved from /opt/airflow/dags/conplete_mlops.py
[2025-07-20T08:03:43.775+0000] {logging_mixin.py:188} INFO - [2025-07-20T08:03:43.774+0000] {dag.py:3036} INFO - Sync 1 DAGs
[2025-07-20T08:03:43.791+0000] {logging_mixin.py:188} INFO - [2025-07-20T08:03:43.790+0000] {dag.py:3823} INFO - Setting next_dagrun for ml_pipeline_end_to_end to None, run_after=None
[2025-07-20T08:03:43.811+0000] {processor.py:183} INFO - Processing /opt/airflow/dags/conplete_mlops.py took 0.096 seconds
[2025-07-20T08:04:14.567+0000] {processor.py:161} INFO - Started process (PID=11379) to work on /opt/airflow/dags/conplete_mlops.py
[2025-07-20T08:04:14.568+0000] {processor.py:830} INFO - Processing file /opt/airflow/dags/conplete_mlops.py for tasks to queue
[2025-07-20T08:04:14.569+0000] {logging_mixin.py:188} INFO - [2025-07-20T08:04:14.569+0000] {dagbag.py:538} INFO - Filling up the DagBag from /opt/airflow/dags/conplete_mlops.py
[2025-07-20T08:04:14.583+0000] {processor.py:840} INFO - DAG(s) 'ml_pipeline_end_to_end' retrieved from /opt/airflow/dags/conplete_mlops.py
[2025-07-20T08:04:14.613+0000] {logging_mixin.py:188} INFO - [2025-07-20T08:04:14.613+0000] {dag.py:3036} INFO - Sync 1 DAGs
[2025-07-20T08:04:14.626+0000] {logging_mixin.py:188} INFO - [2025-07-20T08:04:14.625+0000] {dag.py:3823} INFO - Setting next_dagrun for ml_pipeline_end_to_end to None, run_after=None
[2025-07-20T08:04:14.645+0000] {processor.py:183} INFO - Processing /opt/airflow/dags/conplete_mlops.py took 0.081 seconds
[2025-07-20T08:04:45.031+0000] {processor.py:161} INFO - Started process (PID=11399) to work on /opt/airflow/dags/conplete_mlops.py
[2025-07-20T08:04:45.032+0000] {processor.py:830} INFO - Processing file /opt/airflow/dags/conplete_mlops.py for tasks to queue
[2025-07-20T08:04:45.033+0000] {logging_mixin.py:188} INFO - [2025-07-20T08:04:45.033+0000] {dagbag.py:538} INFO - Filling up the DagBag from /opt/airflow/dags/conplete_mlops.py
[2025-07-20T08:04:45.045+0000] {processor.py:840} INFO - DAG(s) 'ml_pipeline_end_to_end' retrieved from /opt/airflow/dags/conplete_mlops.py
[2025-07-20T08:04:45.072+0000] {logging_mixin.py:188} INFO - [2025-07-20T08:04:45.071+0000] {dag.py:3036} INFO - Sync 1 DAGs
[2025-07-20T08:04:45.083+0000] {logging_mixin.py:188} INFO - [2025-07-20T08:04:45.083+0000] {dag.py:3823} INFO - Setting next_dagrun for ml_pipeline_end_to_end to None, run_after=None
[2025-07-20T08:04:45.103+0000] {processor.py:183} INFO - Processing /opt/airflow/dags/conplete_mlops.py took 0.075 seconds
[2025-07-20T08:05:15.706+0000] {processor.py:161} INFO - Started process (PID=11434) to work on /opt/airflow/dags/conplete_mlops.py
[2025-07-20T08:05:15.710+0000] {processor.py:830} INFO - Processing file /opt/airflow/dags/conplete_mlops.py for tasks to queue
[2025-07-20T08:05:15.715+0000] {logging_mixin.py:188} INFO - [2025-07-20T08:05:15.712+0000] {dagbag.py:538} INFO - Filling up the DagBag from /opt/airflow/dags/conplete_mlops.py
[2025-07-20T08:05:15.761+0000] {processor.py:840} INFO - DAG(s) 'ml_pipeline_end_to_end' retrieved from /opt/airflow/dags/conplete_mlops.py
[2025-07-20T08:05:15.822+0000] {logging_mixin.py:188} INFO - [2025-07-20T08:05:15.822+0000] {dag.py:3036} INFO - Sync 1 DAGs
[2025-07-20T08:05:15.838+0000] {logging_mixin.py:188} INFO - [2025-07-20T08:05:15.838+0000] {dag.py:3823} INFO - Setting next_dagrun for ml_pipeline_end_to_end to None, run_after=None
[2025-07-20T08:05:15.862+0000] {processor.py:183} INFO - Processing /opt/airflow/dags/conplete_mlops.py took 0.172 seconds
[2025-07-20T08:05:46.425+0000] {processor.py:161} INFO - Started process (PID=11458) to work on /opt/airflow/dags/conplete_mlops.py
[2025-07-20T08:05:46.426+0000] {processor.py:830} INFO - Processing file /opt/airflow/dags/conplete_mlops.py for tasks to queue
[2025-07-20T08:05:46.427+0000] {logging_mixin.py:188} INFO - [2025-07-20T08:05:46.427+0000] {dagbag.py:538} INFO - Filling up the DagBag from /opt/airflow/dags/conplete_mlops.py
[2025-07-20T08:05:46.441+0000] {processor.py:840} INFO - DAG(s) 'ml_pipeline_end_to_end' retrieved from /opt/airflow/dags/conplete_mlops.py
[2025-07-20T08:05:46.469+0000] {logging_mixin.py:188} INFO - [2025-07-20T08:05:46.468+0000] {dag.py:3036} INFO - Sync 1 DAGs
[2025-07-20T08:05:46.479+0000] {logging_mixin.py:188} INFO - [2025-07-20T08:05:46.479+0000] {dag.py:3823} INFO - Setting next_dagrun for ml_pipeline_end_to_end to None, run_after=None
[2025-07-20T08:05:46.499+0000] {processor.py:183} INFO - Processing /opt/airflow/dags/conplete_mlops.py took 0.077 seconds
[2025-07-20T08:06:17.050+0000] {processor.py:161} INFO - Started process (PID=11473) to work on /opt/airflow/dags/conplete_mlops.py
[2025-07-20T08:06:17.052+0000] {processor.py:830} INFO - Processing file /opt/airflow/dags/conplete_mlops.py for tasks to queue
[2025-07-20T08:06:17.053+0000] {logging_mixin.py:188} INFO - [2025-07-20T08:06:17.053+0000] {dagbag.py:538} INFO - Filling up the DagBag from /opt/airflow/dags/conplete_mlops.py
[2025-07-20T08:06:17.125+0000] {processor.py:840} INFO - DAG(s) 'ml_pipeline_end_to_end' retrieved from /opt/airflow/dags/conplete_mlops.py
[2025-07-20T08:06:17.246+0000] {logging_mixin.py:188} INFO - [2025-07-20T08:06:17.245+0000] {dag.py:3036} INFO - Sync 1 DAGs
[2025-07-20T08:06:17.269+0000] {logging_mixin.py:188} INFO - [2025-07-20T08:06:17.269+0000] {dag.py:3823} INFO - Setting next_dagrun for ml_pipeline_end_to_end to None, run_after=None
[2025-07-20T08:06:17.292+0000] {processor.py:183} INFO - Processing /opt/airflow/dags/conplete_mlops.py took 0.249 seconds
[2025-07-20T08:06:47.673+0000] {processor.py:161} INFO - Started process (PID=11488) to work on /opt/airflow/dags/conplete_mlops.py
[2025-07-20T08:06:47.674+0000] {processor.py:830} INFO - Processing file /opt/airflow/dags/conplete_mlops.py for tasks to queue
[2025-07-20T08:06:47.675+0000] {logging_mixin.py:188} INFO - [2025-07-20T08:06:47.674+0000] {dagbag.py:538} INFO - Filling up the DagBag from /opt/airflow/dags/conplete_mlops.py
[2025-07-20T08:06:47.688+0000] {processor.py:840} INFO - DAG(s) 'ml_pipeline_end_to_end' retrieved from /opt/airflow/dags/conplete_mlops.py
[2025-07-20T08:06:47.717+0000] {logging_mixin.py:188} INFO - [2025-07-20T08:06:47.717+0000] {dag.py:3036} INFO - Sync 1 DAGs
[2025-07-20T08:06:47.729+0000] {logging_mixin.py:188} INFO - [2025-07-20T08:06:47.729+0000] {dag.py:3823} INFO - Setting next_dagrun for ml_pipeline_end_to_end to None, run_after=None
[2025-07-20T08:06:47.752+0000] {processor.py:183} INFO - Processing /opt/airflow/dags/conplete_mlops.py took 0.082 seconds
[2025-07-20T08:07:18.330+0000] {processor.py:161} INFO - Started process (PID=11503) to work on /opt/airflow/dags/conplete_mlops.py
[2025-07-20T08:07:18.331+0000] {processor.py:830} INFO - Processing file /opt/airflow/dags/conplete_mlops.py for tasks to queue
[2025-07-20T08:07:18.331+0000] {logging_mixin.py:188} INFO - [2025-07-20T08:07:18.331+0000] {dagbag.py:538} INFO - Filling up the DagBag from /opt/airflow/dags/conplete_mlops.py
[2025-07-20T08:07:18.343+0000] {processor.py:840} INFO - DAG(s) 'ml_pipeline_end_to_end' retrieved from /opt/airflow/dags/conplete_mlops.py
[2025-07-20T08:07:18.370+0000] {logging_mixin.py:188} INFO - [2025-07-20T08:07:18.370+0000] {dag.py:3036} INFO - Sync 1 DAGs
[2025-07-20T08:07:18.380+0000] {logging_mixin.py:188} INFO - [2025-07-20T08:07:18.380+0000] {dag.py:3823} INFO - Setting next_dagrun for ml_pipeline_end_to_end to None, run_after=None
[2025-07-20T08:07:18.400+0000] {processor.py:183} INFO - Processing /opt/airflow/dags/conplete_mlops.py took 0.073 seconds
[2025-07-20T08:07:49.064+0000] {processor.py:161} INFO - Started process (PID=11518) to work on /opt/airflow/dags/conplete_mlops.py
[2025-07-20T08:07:49.065+0000] {processor.py:830} INFO - Processing file /opt/airflow/dags/conplete_mlops.py for tasks to queue
[2025-07-20T08:07:49.066+0000] {logging_mixin.py:188} INFO - [2025-07-20T08:07:49.066+0000] {dagbag.py:538} INFO - Filling up the DagBag from /opt/airflow/dags/conplete_mlops.py
[2025-07-20T08:07:49.079+0000] {processor.py:840} INFO - DAG(s) 'ml_pipeline_end_to_end' retrieved from /opt/airflow/dags/conplete_mlops.py
[2025-07-20T08:07:49.103+0000] {logging_mixin.py:188} INFO - [2025-07-20T08:07:49.103+0000] {dag.py:3036} INFO - Sync 1 DAGs
[2025-07-20T08:07:49.114+0000] {logging_mixin.py:188} INFO - [2025-07-20T08:07:49.113+0000] {dag.py:3823} INFO - Setting next_dagrun for ml_pipeline_end_to_end to None, run_after=None
[2025-07-20T08:07:49.132+0000] {processor.py:183} INFO - Processing /opt/airflow/dags/conplete_mlops.py took 0.070 seconds
[2025-07-20T08:08:19.334+0000] {processor.py:161} INFO - Started process (PID=11533) to work on /opt/airflow/dags/conplete_mlops.py
[2025-07-20T08:08:19.335+0000] {processor.py:830} INFO - Processing file /opt/airflow/dags/conplete_mlops.py for tasks to queue
[2025-07-20T08:08:19.336+0000] {logging_mixin.py:188} INFO - [2025-07-20T08:08:19.336+0000] {dagbag.py:538} INFO - Filling up the DagBag from /opt/airflow/dags/conplete_mlops.py
[2025-07-20T08:08:19.348+0000] {processor.py:840} INFO - DAG(s) 'ml_pipeline_end_to_end' retrieved from /opt/airflow/dags/conplete_mlops.py
[2025-07-20T08:08:19.373+0000] {logging_mixin.py:188} INFO - [2025-07-20T08:08:19.373+0000] {dag.py:3036} INFO - Sync 1 DAGs
[2025-07-20T08:08:19.383+0000] {logging_mixin.py:188} INFO - [2025-07-20T08:08:19.383+0000] {dag.py:3823} INFO - Setting next_dagrun for ml_pipeline_end_to_end to None, run_after=None
[2025-07-20T08:08:19.400+0000] {processor.py:183} INFO - Processing /opt/airflow/dags/conplete_mlops.py took 0.068 seconds
[2025-07-20T08:08:49.842+0000] {processor.py:161} INFO - Started process (PID=11548) to work on /opt/airflow/dags/conplete_mlops.py
[2025-07-20T08:08:49.843+0000] {processor.py:830} INFO - Processing file /opt/airflow/dags/conplete_mlops.py for tasks to queue
[2025-07-20T08:08:49.844+0000] {logging_mixin.py:188} INFO - [2025-07-20T08:08:49.844+0000] {dagbag.py:538} INFO - Filling up the DagBag from /opt/airflow/dags/conplete_mlops.py
[2025-07-20T08:08:49.856+0000] {processor.py:840} INFO - DAG(s) 'ml_pipeline_end_to_end' retrieved from /opt/airflow/dags/conplete_mlops.py
[2025-07-20T08:08:50.143+0000] {logging_mixin.py:188} INFO - [2025-07-20T08:08:50.143+0000] {dag.py:3036} INFO - Sync 1 DAGs
[2025-07-20T08:08:50.158+0000] {logging_mixin.py:188} INFO - [2025-07-20T08:08:50.158+0000] {dag.py:3823} INFO - Setting next_dagrun for ml_pipeline_end_to_end to None, run_after=None
[2025-07-20T08:08:50.179+0000] {processor.py:183} INFO - Processing /opt/airflow/dags/conplete_mlops.py took 0.340 seconds
[2025-07-20T08:09:20.357+0000] {processor.py:161} INFO - Started process (PID=11563) to work on /opt/airflow/dags/conplete_mlops.py
[2025-07-20T08:09:20.358+0000] {processor.py:830} INFO - Processing file /opt/airflow/dags/conplete_mlops.py for tasks to queue
[2025-07-20T08:09:20.358+0000] {logging_mixin.py:188} INFO - [2025-07-20T08:09:20.358+0000] {dagbag.py:538} INFO - Filling up the DagBag from /opt/airflow/dags/conplete_mlops.py
[2025-07-20T08:09:20.371+0000] {processor.py:840} INFO - DAG(s) 'ml_pipeline_end_to_end' retrieved from /opt/airflow/dags/conplete_mlops.py
[2025-07-20T08:09:20.398+0000] {logging_mixin.py:188} INFO - [2025-07-20T08:09:20.397+0000] {dag.py:3036} INFO - Sync 1 DAGs
[2025-07-20T08:09:20.409+0000] {logging_mixin.py:188} INFO - [2025-07-20T08:09:20.409+0000] {dag.py:3823} INFO - Setting next_dagrun for ml_pipeline_end_to_end to None, run_after=None
[2025-07-20T08:09:20.426+0000] {processor.py:183} INFO - Processing /opt/airflow/dags/conplete_mlops.py took 0.072 seconds
[2025-07-20T08:09:50.903+0000] {processor.py:161} INFO - Started process (PID=11578) to work on /opt/airflow/dags/conplete_mlops.py
[2025-07-20T08:09:50.904+0000] {processor.py:830} INFO - Processing file /opt/airflow/dags/conplete_mlops.py for tasks to queue
[2025-07-20T08:09:50.905+0000] {logging_mixin.py:188} INFO - [2025-07-20T08:09:50.905+0000] {dagbag.py:538} INFO - Filling up the DagBag from /opt/airflow/dags/conplete_mlops.py
[2025-07-20T08:09:50.916+0000] {processor.py:840} INFO - DAG(s) 'ml_pipeline_end_to_end' retrieved from /opt/airflow/dags/conplete_mlops.py
[2025-07-20T08:09:50.941+0000] {logging_mixin.py:188} INFO - [2025-07-20T08:09:50.941+0000] {dag.py:3036} INFO - Sync 1 DAGs
[2025-07-20T08:09:50.953+0000] {logging_mixin.py:188} INFO - [2025-07-20T08:09:50.952+0000] {dag.py:3823} INFO - Setting next_dagrun for ml_pipeline_end_to_end to None, run_after=None
[2025-07-20T08:09:50.970+0000] {processor.py:183} INFO - Processing /opt/airflow/dags/conplete_mlops.py took 0.070 seconds
[2025-07-20T08:10:21.538+0000] {processor.py:161} INFO - Started process (PID=11593) to work on /opt/airflow/dags/conplete_mlops.py
[2025-07-20T08:10:21.540+0000] {processor.py:830} INFO - Processing file /opt/airflow/dags/conplete_mlops.py for tasks to queue
[2025-07-20T08:10:21.541+0000] {logging_mixin.py:188} INFO - [2025-07-20T08:10:21.540+0000] {dagbag.py:538} INFO - Filling up the DagBag from /opt/airflow/dags/conplete_mlops.py
[2025-07-20T08:10:21.556+0000] {processor.py:840} INFO - DAG(s) 'ml_pipeline_end_to_end' retrieved from /opt/airflow/dags/conplete_mlops.py
[2025-07-20T08:10:21.580+0000] {logging_mixin.py:188} INFO - [2025-07-20T08:10:21.580+0000] {dag.py:3036} INFO - Sync 1 DAGs
[2025-07-20T08:10:21.591+0000] {logging_mixin.py:188} INFO - [2025-07-20T08:10:21.591+0000] {dag.py:3823} INFO - Setting next_dagrun for ml_pipeline_end_to_end to None, run_after=None
[2025-07-20T08:10:21.610+0000] {processor.py:183} INFO - Processing /opt/airflow/dags/conplete_mlops.py took 0.076 seconds
[2025-07-20T08:10:51.968+0000] {processor.py:161} INFO - Started process (PID=11608) to work on /opt/airflow/dags/conplete_mlops.py
[2025-07-20T08:10:51.969+0000] {processor.py:830} INFO - Processing file /opt/airflow/dags/conplete_mlops.py for tasks to queue
[2025-07-20T08:10:51.970+0000] {logging_mixin.py:188} INFO - [2025-07-20T08:10:51.970+0000] {dagbag.py:538} INFO - Filling up the DagBag from /opt/airflow/dags/conplete_mlops.py
[2025-07-20T08:10:51.982+0000] {processor.py:840} INFO - DAG(s) 'ml_pipeline_end_to_end' retrieved from /opt/airflow/dags/conplete_mlops.py
[2025-07-20T08:10:52.012+0000] {logging_mixin.py:188} INFO - [2025-07-20T08:10:52.012+0000] {dag.py:3036} INFO - Sync 1 DAGs
[2025-07-20T08:10:52.024+0000] {logging_mixin.py:188} INFO - [2025-07-20T08:10:52.024+0000] {dag.py:3823} INFO - Setting next_dagrun for ml_pipeline_end_to_end to None, run_after=None
[2025-07-20T08:10:52.046+0000] {processor.py:183} INFO - Processing /opt/airflow/dags/conplete_mlops.py took 0.081 seconds
[2025-07-20T08:11:22.636+0000] {processor.py:161} INFO - Started process (PID=11623) to work on /opt/airflow/dags/conplete_mlops.py
[2025-07-20T08:11:22.637+0000] {processor.py:830} INFO - Processing file /opt/airflow/dags/conplete_mlops.py for tasks to queue
[2025-07-20T08:11:22.638+0000] {logging_mixin.py:188} INFO - [2025-07-20T08:11:22.638+0000] {dagbag.py:538} INFO - Filling up the DagBag from /opt/airflow/dags/conplete_mlops.py
[2025-07-20T08:11:22.673+0000] {processor.py:840} INFO - DAG(s) 'ml_pipeline_end_to_end' retrieved from /opt/airflow/dags/conplete_mlops.py
[2025-07-20T08:11:22.700+0000] {logging_mixin.py:188} INFO - [2025-07-20T08:11:22.699+0000] {dag.py:3036} INFO - Sync 1 DAGs
[2025-07-20T08:11:22.712+0000] {logging_mixin.py:188} INFO - [2025-07-20T08:11:22.712+0000] {dag.py:3823} INFO - Setting next_dagrun for ml_pipeline_end_to_end to None, run_after=None
[2025-07-20T08:11:22.734+0000] {processor.py:183} INFO - Processing /opt/airflow/dags/conplete_mlops.py took 0.100 seconds
[2025-07-20T08:11:53.424+0000] {processor.py:161} INFO - Started process (PID=11638) to work on /opt/airflow/dags/conplete_mlops.py
[2025-07-20T08:11:53.425+0000] {processor.py:830} INFO - Processing file /opt/airflow/dags/conplete_mlops.py for tasks to queue
[2025-07-20T08:11:53.426+0000] {logging_mixin.py:188} INFO - [2025-07-20T08:11:53.426+0000] {dagbag.py:538} INFO - Filling up the DagBag from /opt/airflow/dags/conplete_mlops.py
[2025-07-20T08:11:53.481+0000] {processor.py:840} INFO - DAG(s) 'ml_pipeline_end_to_end' retrieved from /opt/airflow/dags/conplete_mlops.py
[2025-07-20T08:11:53.607+0000] {logging_mixin.py:188} INFO - [2025-07-20T08:11:53.607+0000] {dag.py:3036} INFO - Sync 1 DAGs
[2025-07-20T08:11:53.620+0000] {logging_mixin.py:188} INFO - [2025-07-20T08:11:53.620+0000] {dag.py:3823} INFO - Setting next_dagrun for ml_pipeline_end_to_end to None, run_after=None
[2025-07-20T08:11:53.639+0000] {processor.py:183} INFO - Processing /opt/airflow/dags/conplete_mlops.py took 0.219 seconds
[2025-07-20T08:12:24.172+0000] {processor.py:161} INFO - Started process (PID=11653) to work on /opt/airflow/dags/conplete_mlops.py
[2025-07-20T08:12:24.173+0000] {processor.py:830} INFO - Processing file /opt/airflow/dags/conplete_mlops.py for tasks to queue
[2025-07-20T08:12:24.175+0000] {logging_mixin.py:188} INFO - [2025-07-20T08:12:24.174+0000] {dagbag.py:538} INFO - Filling up the DagBag from /opt/airflow/dags/conplete_mlops.py
[2025-07-20T08:12:24.187+0000] {processor.py:840} INFO - DAG(s) 'ml_pipeline_end_to_end' retrieved from /opt/airflow/dags/conplete_mlops.py
[2025-07-20T08:12:24.224+0000] {logging_mixin.py:188} INFO - [2025-07-20T08:12:24.224+0000] {dag.py:3036} INFO - Sync 1 DAGs
[2025-07-20T08:12:24.235+0000] {logging_mixin.py:188} INFO - [2025-07-20T08:12:24.235+0000] {dag.py:3823} INFO - Setting next_dagrun for ml_pipeline_end_to_end to None, run_after=None
[2025-07-20T08:12:24.252+0000] {processor.py:183} INFO - Processing /opt/airflow/dags/conplete_mlops.py took 0.083 seconds
[2025-07-20T08:12:54.715+0000] {processor.py:161} INFO - Started process (PID=11668) to work on /opt/airflow/dags/conplete_mlops.py
[2025-07-20T08:12:54.716+0000] {processor.py:830} INFO - Processing file /opt/airflow/dags/conplete_mlops.py for tasks to queue
[2025-07-20T08:12:54.717+0000] {logging_mixin.py:188} INFO - [2025-07-20T08:12:54.717+0000] {dagbag.py:538} INFO - Filling up the DagBag from /opt/airflow/dags/conplete_mlops.py
[2025-07-20T08:12:54.729+0000] {processor.py:840} INFO - DAG(s) 'ml_pipeline_end_to_end' retrieved from /opt/airflow/dags/conplete_mlops.py
[2025-07-20T08:12:54.777+0000] {logging_mixin.py:188} INFO - [2025-07-20T08:12:54.777+0000] {dag.py:3036} INFO - Sync 1 DAGs
[2025-07-20T08:12:54.789+0000] {logging_mixin.py:188} INFO - [2025-07-20T08:12:54.788+0000] {dag.py:3823} INFO - Setting next_dagrun for ml_pipeline_end_to_end to None, run_after=None
[2025-07-20T08:12:54.812+0000] {processor.py:183} INFO - Processing /opt/airflow/dags/conplete_mlops.py took 0.100 seconds
[2025-07-20T08:13:25.449+0000] {processor.py:161} INFO - Started process (PID=11683) to work on /opt/airflow/dags/conplete_mlops.py
[2025-07-20T08:13:25.450+0000] {processor.py:830} INFO - Processing file /opt/airflow/dags/conplete_mlops.py for tasks to queue
[2025-07-20T08:13:25.451+0000] {logging_mixin.py:188} INFO - [2025-07-20T08:13:25.451+0000] {dagbag.py:538} INFO - Filling up the DagBag from /opt/airflow/dags/conplete_mlops.py
[2025-07-20T08:13:25.462+0000] {processor.py:840} INFO - DAG(s) 'ml_pipeline_end_to_end' retrieved from /opt/airflow/dags/conplete_mlops.py
[2025-07-20T08:13:25.490+0000] {logging_mixin.py:188} INFO - [2025-07-20T08:13:25.490+0000] {dag.py:3036} INFO - Sync 1 DAGs
[2025-07-20T08:13:25.502+0000] {logging_mixin.py:188} INFO - [2025-07-20T08:13:25.502+0000] {dag.py:3823} INFO - Setting next_dagrun for ml_pipeline_end_to_end to None, run_after=None
[2025-07-20T08:13:25.523+0000] {processor.py:183} INFO - Processing /opt/airflow/dags/conplete_mlops.py took 0.077 seconds
[2025-07-20T08:13:56.087+0000] {processor.py:161} INFO - Started process (PID=11698) to work on /opt/airflow/dags/conplete_mlops.py
[2025-07-20T08:13:56.088+0000] {processor.py:830} INFO - Processing file /opt/airflow/dags/conplete_mlops.py for tasks to queue
[2025-07-20T08:13:56.089+0000] {logging_mixin.py:188} INFO - [2025-07-20T08:13:56.089+0000] {dagbag.py:538} INFO - Filling up the DagBag from /opt/airflow/dags/conplete_mlops.py
[2025-07-20T08:13:56.100+0000] {processor.py:840} INFO - DAG(s) 'ml_pipeline_end_to_end' retrieved from /opt/airflow/dags/conplete_mlops.py
[2025-07-20T08:13:56.262+0000] {logging_mixin.py:188} INFO - [2025-07-20T08:13:56.262+0000] {dag.py:3036} INFO - Sync 1 DAGs
[2025-07-20T08:13:56.277+0000] {logging_mixin.py:188} INFO - [2025-07-20T08:13:56.276+0000] {dag.py:3823} INFO - Setting next_dagrun for ml_pipeline_end_to_end to None, run_after=None
[2025-07-20T08:13:56.299+0000] {processor.py:183} INFO - Processing /opt/airflow/dags/conplete_mlops.py took 0.214 seconds
[2025-07-20T08:14:26.998+0000] {processor.py:161} INFO - Started process (PID=11713) to work on /opt/airflow/dags/conplete_mlops.py
[2025-07-20T08:14:26.999+0000] {processor.py:830} INFO - Processing file /opt/airflow/dags/conplete_mlops.py for tasks to queue
[2025-07-20T08:14:26.999+0000] {logging_mixin.py:188} INFO - [2025-07-20T08:14:26.999+0000] {dagbag.py:538} INFO - Filling up the DagBag from /opt/airflow/dags/conplete_mlops.py
[2025-07-20T08:14:27.012+0000] {processor.py:840} INFO - DAG(s) 'ml_pipeline_end_to_end' retrieved from /opt/airflow/dags/conplete_mlops.py
[2025-07-20T08:14:27.037+0000] {logging_mixin.py:188} INFO - [2025-07-20T08:14:27.037+0000] {dag.py:3036} INFO - Sync 1 DAGs
[2025-07-20T08:14:27.049+0000] {logging_mixin.py:188} INFO - [2025-07-20T08:14:27.048+0000] {dag.py:3823} INFO - Setting next_dagrun for ml_pipeline_end_to_end to None, run_after=None
[2025-07-20T08:14:27.067+0000] {processor.py:183} INFO - Processing /opt/airflow/dags/conplete_mlops.py took 0.073 seconds
[2025-07-20T08:14:57.630+0000] {processor.py:161} INFO - Started process (PID=11728) to work on /opt/airflow/dags/conplete_mlops.py
[2025-07-20T08:14:57.631+0000] {processor.py:830} INFO - Processing file /opt/airflow/dags/conplete_mlops.py for tasks to queue
[2025-07-20T08:14:57.632+0000] {logging_mixin.py:188} INFO - [2025-07-20T08:14:57.632+0000] {dagbag.py:538} INFO - Filling up the DagBag from /opt/airflow/dags/conplete_mlops.py
[2025-07-20T08:14:57.644+0000] {processor.py:840} INFO - DAG(s) 'ml_pipeline_end_to_end' retrieved from /opt/airflow/dags/conplete_mlops.py
[2025-07-20T08:14:57.671+0000] {logging_mixin.py:188} INFO - [2025-07-20T08:14:57.671+0000] {dag.py:3036} INFO - Sync 1 DAGs
[2025-07-20T08:14:57.682+0000] {logging_mixin.py:188} INFO - [2025-07-20T08:14:57.682+0000] {dag.py:3823} INFO - Setting next_dagrun for ml_pipeline_end_to_end to None, run_after=None
[2025-07-20T08:14:57.701+0000] {processor.py:183} INFO - Processing /opt/airflow/dags/conplete_mlops.py took 0.074 seconds
[2025-07-20T08:15:28.270+0000] {processor.py:161} INFO - Started process (PID=11743) to work on /opt/airflow/dags/conplete_mlops.py
[2025-07-20T08:15:28.271+0000] {processor.py:830} INFO - Processing file /opt/airflow/dags/conplete_mlops.py for tasks to queue
[2025-07-20T08:15:28.272+0000] {logging_mixin.py:188} INFO - [2025-07-20T08:15:28.272+0000] {dagbag.py:538} INFO - Filling up the DagBag from /opt/airflow/dags/conplete_mlops.py
[2025-07-20T08:15:28.283+0000] {processor.py:840} INFO - DAG(s) 'ml_pipeline_end_to_end' retrieved from /opt/airflow/dags/conplete_mlops.py
[2025-07-20T08:15:28.309+0000] {logging_mixin.py:188} INFO - [2025-07-20T08:15:28.308+0000] {dag.py:3036} INFO - Sync 1 DAGs
[2025-07-20T08:15:28.320+0000] {logging_mixin.py:188} INFO - [2025-07-20T08:15:28.320+0000] {dag.py:3823} INFO - Setting next_dagrun for ml_pipeline_end_to_end to None, run_after=None
[2025-07-20T08:15:28.338+0000] {processor.py:183} INFO - Processing /opt/airflow/dags/conplete_mlops.py took 0.071 seconds
[2025-07-20T08:15:58.900+0000] {processor.py:161} INFO - Started process (PID=11758) to work on /opt/airflow/dags/conplete_mlops.py
[2025-07-20T08:15:58.901+0000] {processor.py:830} INFO - Processing file /opt/airflow/dags/conplete_mlops.py for tasks to queue
[2025-07-20T08:15:58.902+0000] {logging_mixin.py:188} INFO - [2025-07-20T08:15:58.901+0000] {dagbag.py:538} INFO - Filling up the DagBag from /opt/airflow/dags/conplete_mlops.py
[2025-07-20T08:15:58.912+0000] {processor.py:840} INFO - DAG(s) 'ml_pipeline_end_to_end' retrieved from /opt/airflow/dags/conplete_mlops.py
[2025-07-20T08:15:58.938+0000] {logging_mixin.py:188} INFO - [2025-07-20T08:15:58.938+0000] {dag.py:3036} INFO - Sync 1 DAGs
[2025-07-20T08:15:58.950+0000] {logging_mixin.py:188} INFO - [2025-07-20T08:15:58.949+0000] {dag.py:3823} INFO - Setting next_dagrun for ml_pipeline_end_to_end to None, run_after=None
[2025-07-20T08:15:58.968+0000] {processor.py:183} INFO - Processing /opt/airflow/dags/conplete_mlops.py took 0.071 seconds
[2025-07-20T08:16:29.528+0000] {processor.py:161} INFO - Started process (PID=11773) to work on /opt/airflow/dags/conplete_mlops.py
[2025-07-20T08:16:29.529+0000] {processor.py:830} INFO - Processing file /opt/airflow/dags/conplete_mlops.py for tasks to queue
[2025-07-20T08:16:29.530+0000] {logging_mixin.py:188} INFO - [2025-07-20T08:16:29.530+0000] {dagbag.py:538} INFO - Filling up the DagBag from /opt/airflow/dags/conplete_mlops.py
[2025-07-20T08:16:29.542+0000] {processor.py:840} INFO - DAG(s) 'ml_pipeline_end_to_end' retrieved from /opt/airflow/dags/conplete_mlops.py
[2025-07-20T08:16:29.567+0000] {logging_mixin.py:188} INFO - [2025-07-20T08:16:29.566+0000] {dag.py:3036} INFO - Sync 1 DAGs
[2025-07-20T08:16:29.577+0000] {logging_mixin.py:188} INFO - [2025-07-20T08:16:29.577+0000] {dag.py:3823} INFO - Setting next_dagrun for ml_pipeline_end_to_end to None, run_after=None
[2025-07-20T08:16:29.597+0000] {processor.py:183} INFO - Processing /opt/airflow/dags/conplete_mlops.py took 0.072 seconds
[2025-07-20T08:17:00.238+0000] {processor.py:161} INFO - Started process (PID=11788) to work on /opt/airflow/dags/conplete_mlops.py
[2025-07-20T08:17:00.239+0000] {processor.py:830} INFO - Processing file /opt/airflow/dags/conplete_mlops.py for tasks to queue
[2025-07-20T08:17:00.240+0000] {logging_mixin.py:188} INFO - [2025-07-20T08:17:00.240+0000] {dagbag.py:538} INFO - Filling up the DagBag from /opt/airflow/dags/conplete_mlops.py
[2025-07-20T08:17:00.254+0000] {processor.py:840} INFO - DAG(s) 'ml_pipeline_end_to_end' retrieved from /opt/airflow/dags/conplete_mlops.py
[2025-07-20T08:17:00.279+0000] {logging_mixin.py:188} INFO - [2025-07-20T08:17:00.279+0000] {dag.py:3036} INFO - Sync 1 DAGs
[2025-07-20T08:17:00.290+0000] {logging_mixin.py:188} INFO - [2025-07-20T08:17:00.290+0000] {dag.py:3823} INFO - Setting next_dagrun for ml_pipeline_end_to_end to None, run_after=None
[2025-07-20T08:17:00.309+0000] {processor.py:183} INFO - Processing /opt/airflow/dags/conplete_mlops.py took 0.077 seconds
[2025-07-20T08:17:30.951+0000] {processor.py:161} INFO - Started process (PID=11803) to work on /opt/airflow/dags/conplete_mlops.py
[2025-07-20T08:17:30.951+0000] {processor.py:830} INFO - Processing file /opt/airflow/dags/conplete_mlops.py for tasks to queue
[2025-07-20T08:17:30.952+0000] {logging_mixin.py:188} INFO - [2025-07-20T08:17:30.952+0000] {dagbag.py:538} INFO - Filling up the DagBag from /opt/airflow/dags/conplete_mlops.py
[2025-07-20T08:17:30.963+0000] {processor.py:840} INFO - DAG(s) 'ml_pipeline_end_to_end' retrieved from /opt/airflow/dags/conplete_mlops.py
[2025-07-20T08:17:30.988+0000] {logging_mixin.py:188} INFO - [2025-07-20T08:17:30.988+0000] {dag.py:3036} INFO - Sync 1 DAGs
[2025-07-20T08:17:30.998+0000] {logging_mixin.py:188} INFO - [2025-07-20T08:17:30.998+0000] {dag.py:3823} INFO - Setting next_dagrun for ml_pipeline_end_to_end to None, run_after=None
[2025-07-20T08:17:31.018+0000] {processor.py:183} INFO - Processing /opt/airflow/dags/conplete_mlops.py took 0.070 seconds
[2025-07-20T08:18:01.586+0000] {processor.py:161} INFO - Started process (PID=11818) to work on /opt/airflow/dags/conplete_mlops.py
[2025-07-20T08:18:01.587+0000] {processor.py:830} INFO - Processing file /opt/airflow/dags/conplete_mlops.py for tasks to queue
[2025-07-20T08:18:01.588+0000] {logging_mixin.py:188} INFO - [2025-07-20T08:18:01.587+0000] {dagbag.py:538} INFO - Filling up the DagBag from /opt/airflow/dags/conplete_mlops.py
[2025-07-20T08:18:01.599+0000] {processor.py:840} INFO - DAG(s) 'ml_pipeline_end_to_end' retrieved from /opt/airflow/dags/conplete_mlops.py
[2025-07-20T08:18:01.625+0000] {logging_mixin.py:188} INFO - [2025-07-20T08:18:01.625+0000] {dag.py:3036} INFO - Sync 1 DAGs
[2025-07-20T08:18:01.635+0000] {logging_mixin.py:188} INFO - [2025-07-20T08:18:01.635+0000] {dag.py:3823} INFO - Setting next_dagrun for ml_pipeline_end_to_end to None, run_after=None
[2025-07-20T08:18:01.656+0000] {processor.py:183} INFO - Processing /opt/airflow/dags/conplete_mlops.py took 0.073 seconds
[2025-07-20T08:18:32.350+0000] {processor.py:161} INFO - Started process (PID=11833) to work on /opt/airflow/dags/conplete_mlops.py
[2025-07-20T08:18:32.351+0000] {processor.py:830} INFO - Processing file /opt/airflow/dags/conplete_mlops.py for tasks to queue
[2025-07-20T08:18:32.352+0000] {logging_mixin.py:188} INFO - [2025-07-20T08:18:32.352+0000] {dagbag.py:538} INFO - Filling up the DagBag from /opt/airflow/dags/conplete_mlops.py
[2025-07-20T08:18:32.365+0000] {processor.py:840} INFO - DAG(s) 'ml_pipeline_end_to_end' retrieved from /opt/airflow/dags/conplete_mlops.py
[2025-07-20T08:18:32.394+0000] {logging_mixin.py:188} INFO - [2025-07-20T08:18:32.394+0000] {dag.py:3036} INFO - Sync 1 DAGs
[2025-07-20T08:18:32.406+0000] {logging_mixin.py:188} INFO - [2025-07-20T08:18:32.405+0000] {dag.py:3823} INFO - Setting next_dagrun for ml_pipeline_end_to_end to None, run_after=None
[2025-07-20T08:18:32.423+0000] {processor.py:183} INFO - Processing /opt/airflow/dags/conplete_mlops.py took 0.076 seconds
[2025-07-20T08:19:02.989+0000] {processor.py:161} INFO - Started process (PID=11848) to work on /opt/airflow/dags/conplete_mlops.py
[2025-07-20T08:19:02.990+0000] {processor.py:830} INFO - Processing file /opt/airflow/dags/conplete_mlops.py for tasks to queue
[2025-07-20T08:19:02.991+0000] {logging_mixin.py:188} INFO - [2025-07-20T08:19:02.990+0000] {dagbag.py:538} INFO - Filling up the DagBag from /opt/airflow/dags/conplete_mlops.py
[2025-07-20T08:19:03.002+0000] {processor.py:840} INFO - DAG(s) 'ml_pipeline_end_to_end' retrieved from /opt/airflow/dags/conplete_mlops.py
[2025-07-20T08:19:03.026+0000] {logging_mixin.py:188} INFO - [2025-07-20T08:19:03.026+0000] {dag.py:3036} INFO - Sync 1 DAGs
[2025-07-20T08:19:03.037+0000] {logging_mixin.py:188} INFO - [2025-07-20T08:19:03.037+0000] {dag.py:3823} INFO - Setting next_dagrun for ml_pipeline_end_to_end to None, run_after=None
[2025-07-20T08:19:03.057+0000] {processor.py:183} INFO - Processing /opt/airflow/dags/conplete_mlops.py took 0.071 seconds
[2025-07-20T08:19:33.888+0000] {processor.py:161} INFO - Started process (PID=11863) to work on /opt/airflow/dags/conplete_mlops.py
[2025-07-20T08:19:33.889+0000] {processor.py:830} INFO - Processing file /opt/airflow/dags/conplete_mlops.py for tasks to queue
[2025-07-20T08:19:33.890+0000] {logging_mixin.py:188} INFO - [2025-07-20T08:19:33.890+0000] {dagbag.py:538} INFO - Filling up the DagBag from /opt/airflow/dags/conplete_mlops.py
[2025-07-20T08:19:33.902+0000] {processor.py:840} INFO - DAG(s) 'ml_pipeline_end_to_end' retrieved from /opt/airflow/dags/conplete_mlops.py
[2025-07-20T08:19:33.926+0000] {logging_mixin.py:188} INFO - [2025-07-20T08:19:33.926+0000] {dag.py:3036} INFO - Sync 1 DAGs
[2025-07-20T08:19:33.937+0000] {logging_mixin.py:188} INFO - [2025-07-20T08:19:33.937+0000] {dag.py:3823} INFO - Setting next_dagrun for ml_pipeline_end_to_end to None, run_after=None
[2025-07-20T08:19:33.955+0000] {processor.py:183} INFO - Processing /opt/airflow/dags/conplete_mlops.py took 0.069 seconds
[2025-07-20T08:20:04.479+0000] {processor.py:161} INFO - Started process (PID=11878) to work on /opt/airflow/dags/conplete_mlops.py
[2025-07-20T08:20:04.480+0000] {processor.py:830} INFO - Processing file /opt/airflow/dags/conplete_mlops.py for tasks to queue
[2025-07-20T08:20:04.480+0000] {logging_mixin.py:188} INFO - [2025-07-20T08:20:04.480+0000] {dagbag.py:538} INFO - Filling up the DagBag from /opt/airflow/dags/conplete_mlops.py
[2025-07-20T08:20:04.492+0000] {processor.py:840} INFO - DAG(s) 'ml_pipeline_end_to_end' retrieved from /opt/airflow/dags/conplete_mlops.py
[2025-07-20T08:20:04.517+0000] {logging_mixin.py:188} INFO - [2025-07-20T08:20:04.517+0000] {dag.py:3036} INFO - Sync 1 DAGs
[2025-07-20T08:20:04.528+0000] {logging_mixin.py:188} INFO - [2025-07-20T08:20:04.528+0000] {dag.py:3823} INFO - Setting next_dagrun for ml_pipeline_end_to_end to None, run_after=None
[2025-07-20T08:20:04.547+0000] {processor.py:183} INFO - Processing /opt/airflow/dags/conplete_mlops.py took 0.072 seconds
[2025-07-20T08:20:35.015+0000] {processor.py:161} INFO - Started process (PID=11893) to work on /opt/airflow/dags/conplete_mlops.py
[2025-07-20T08:20:35.016+0000] {processor.py:830} INFO - Processing file /opt/airflow/dags/conplete_mlops.py for tasks to queue
[2025-07-20T08:20:35.017+0000] {logging_mixin.py:188} INFO - [2025-07-20T08:20:35.017+0000] {dagbag.py:538} INFO - Filling up the DagBag from /opt/airflow/dags/conplete_mlops.py
[2025-07-20T08:20:35.030+0000] {processor.py:840} INFO - DAG(s) 'ml_pipeline_end_to_end' retrieved from /opt/airflow/dags/conplete_mlops.py
[2025-07-20T08:20:35.055+0000] {logging_mixin.py:188} INFO - [2025-07-20T08:20:35.055+0000] {dag.py:3036} INFO - Sync 1 DAGs
[2025-07-20T08:20:35.066+0000] {logging_mixin.py:188} INFO - [2025-07-20T08:20:35.065+0000] {dag.py:3823} INFO - Setting next_dagrun for ml_pipeline_end_to_end to None, run_after=None
[2025-07-20T08:20:35.083+0000] {processor.py:183} INFO - Processing /opt/airflow/dags/conplete_mlops.py took 0.070 seconds
[2025-07-20T08:21:05.614+0000] {processor.py:161} INFO - Started process (PID=11908) to work on /opt/airflow/dags/conplete_mlops.py
[2025-07-20T08:21:05.615+0000] {processor.py:830} INFO - Processing file /opt/airflow/dags/conplete_mlops.py for tasks to queue
[2025-07-20T08:21:05.616+0000] {logging_mixin.py:188} INFO - [2025-07-20T08:21:05.615+0000] {dagbag.py:538} INFO - Filling up the DagBag from /opt/airflow/dags/conplete_mlops.py
[2025-07-20T08:21:05.933+0000] {processor.py:840} INFO - DAG(s) 'ml_pipeline_end_to_end' retrieved from /opt/airflow/dags/conplete_mlops.py
[2025-07-20T08:21:05.959+0000] {logging_mixin.py:188} INFO - [2025-07-20T08:21:05.958+0000] {dag.py:3036} INFO - Sync 1 DAGs
[2025-07-20T08:21:05.969+0000] {logging_mixin.py:188} INFO - [2025-07-20T08:21:05.969+0000] {dag.py:3823} INFO - Setting next_dagrun for ml_pipeline_end_to_end to None, run_after=None
[2025-07-20T08:21:05.987+0000] {processor.py:183} INFO - Processing /opt/airflow/dags/conplete_mlops.py took 0.376 seconds
[2025-07-20T08:21:36.241+0000] {processor.py:161} INFO - Started process (PID=11923) to work on /opt/airflow/dags/conplete_mlops.py
[2025-07-20T08:21:36.242+0000] {processor.py:830} INFO - Processing file /opt/airflow/dags/conplete_mlops.py for tasks to queue
[2025-07-20T08:21:36.243+0000] {logging_mixin.py:188} INFO - [2025-07-20T08:21:36.242+0000] {dagbag.py:538} INFO - Filling up the DagBag from /opt/airflow/dags/conplete_mlops.py
[2025-07-20T08:21:36.254+0000] {processor.py:840} INFO - DAG(s) 'ml_pipeline_end_to_end' retrieved from /opt/airflow/dags/conplete_mlops.py
[2025-07-20T08:21:36.279+0000] {logging_mixin.py:188} INFO - [2025-07-20T08:21:36.279+0000] {dag.py:3036} INFO - Sync 1 DAGs
[2025-07-20T08:21:36.289+0000] {logging_mixin.py:188} INFO - [2025-07-20T08:21:36.289+0000] {dag.py:3823} INFO - Setting next_dagrun for ml_pipeline_end_to_end to None, run_after=None
[2025-07-20T08:21:36.316+0000] {processor.py:183} INFO - Processing /opt/airflow/dags/conplete_mlops.py took 0.078 seconds
[2025-07-20T08:22:06.722+0000] {processor.py:161} INFO - Started process (PID=11938) to work on /opt/airflow/dags/conplete_mlops.py
[2025-07-20T08:22:06.723+0000] {processor.py:830} INFO - Processing file /opt/airflow/dags/conplete_mlops.py for tasks to queue
[2025-07-20T08:22:06.724+0000] {logging_mixin.py:188} INFO - [2025-07-20T08:22:06.724+0000] {dagbag.py:538} INFO - Filling up the DagBag from /opt/airflow/dags/conplete_mlops.py
[2025-07-20T08:22:06.737+0000] {processor.py:840} INFO - DAG(s) 'ml_pipeline_end_to_end' retrieved from /opt/airflow/dags/conplete_mlops.py
[2025-07-20T08:22:06.764+0000] {logging_mixin.py:188} INFO - [2025-07-20T08:22:06.763+0000] {dag.py:3036} INFO - Sync 1 DAGs
[2025-07-20T08:22:06.775+0000] {logging_mixin.py:188} INFO - [2025-07-20T08:22:06.775+0000] {dag.py:3823} INFO - Setting next_dagrun for ml_pipeline_end_to_end to None, run_after=None
[2025-07-20T08:22:06.794+0000] {processor.py:183} INFO - Processing /opt/airflow/dags/conplete_mlops.py took 0.074 seconds
[2025-07-20T08:22:37.328+0000] {processor.py:161} INFO - Started process (PID=11953) to work on /opt/airflow/dags/conplete_mlops.py
[2025-07-20T08:22:37.330+0000] {processor.py:830} INFO - Processing file /opt/airflow/dags/conplete_mlops.py for tasks to queue
[2025-07-20T08:22:37.331+0000] {logging_mixin.py:188} INFO - [2025-07-20T08:22:37.330+0000] {dagbag.py:538} INFO - Filling up the DagBag from /opt/airflow/dags/conplete_mlops.py
[2025-07-20T08:22:37.344+0000] {processor.py:840} INFO - DAG(s) 'ml_pipeline_end_to_end' retrieved from /opt/airflow/dags/conplete_mlops.py
[2025-07-20T08:22:37.367+0000] {logging_mixin.py:188} INFO - [2025-07-20T08:22:37.367+0000] {dag.py:3036} INFO - Sync 1 DAGs
[2025-07-20T08:22:37.379+0000] {logging_mixin.py:188} INFO - [2025-07-20T08:22:37.378+0000] {dag.py:3823} INFO - Setting next_dagrun for ml_pipeline_end_to_end to None, run_after=None
[2025-07-20T08:22:37.396+0000] {processor.py:183} INFO - Processing /opt/airflow/dags/conplete_mlops.py took 0.070 seconds
[2025-07-20T08:23:07.959+0000] {processor.py:161} INFO - Started process (PID=11968) to work on /opt/airflow/dags/conplete_mlops.py
[2025-07-20T08:23:07.960+0000] {processor.py:830} INFO - Processing file /opt/airflow/dags/conplete_mlops.py for tasks to queue
[2025-07-20T08:23:07.961+0000] {logging_mixin.py:188} INFO - [2025-07-20T08:23:07.961+0000] {dagbag.py:538} INFO - Filling up the DagBag from /opt/airflow/dags/conplete_mlops.py
[2025-07-20T08:23:07.972+0000] {processor.py:840} INFO - DAG(s) 'ml_pipeline_end_to_end' retrieved from /opt/airflow/dags/conplete_mlops.py
[2025-07-20T08:23:07.998+0000] {logging_mixin.py:188} INFO - [2025-07-20T08:23:07.997+0000] {dag.py:3036} INFO - Sync 1 DAGs
[2025-07-20T08:23:08.009+0000] {logging_mixin.py:188} INFO - [2025-07-20T08:23:08.009+0000] {dag.py:3823} INFO - Setting next_dagrun for ml_pipeline_end_to_end to None, run_after=None
[2025-07-20T08:23:08.028+0000] {processor.py:183} INFO - Processing /opt/airflow/dags/conplete_mlops.py took 0.072 seconds
[2025-07-20T08:23:38.714+0000] {processor.py:161} INFO - Started process (PID=11983) to work on /opt/airflow/dags/conplete_mlops.py
[2025-07-20T08:23:38.715+0000] {processor.py:830} INFO - Processing file /opt/airflow/dags/conplete_mlops.py for tasks to queue
[2025-07-20T08:23:38.716+0000] {logging_mixin.py:188} INFO - [2025-07-20T08:23:38.715+0000] {dagbag.py:538} INFO - Filling up the DagBag from /opt/airflow/dags/conplete_mlops.py
[2025-07-20T08:23:38.728+0000] {processor.py:840} INFO - DAG(s) 'ml_pipeline_end_to_end' retrieved from /opt/airflow/dags/conplete_mlops.py
[2025-07-20T08:23:38.753+0000] {logging_mixin.py:188} INFO - [2025-07-20T08:23:38.752+0000] {dag.py:3036} INFO - Sync 1 DAGs
[2025-07-20T08:23:38.766+0000] {logging_mixin.py:188} INFO - [2025-07-20T08:23:38.766+0000] {dag.py:3823} INFO - Setting next_dagrun for ml_pipeline_end_to_end to None, run_after=None
[2025-07-20T08:23:38.786+0000] {processor.py:183} INFO - Processing /opt/airflow/dags/conplete_mlops.py took 0.075 seconds
[2025-07-20T08:24:09.411+0000] {processor.py:161} INFO - Started process (PID=11998) to work on /opt/airflow/dags/conplete_mlops.py
[2025-07-20T08:24:09.412+0000] {processor.py:830} INFO - Processing file /opt/airflow/dags/conplete_mlops.py for tasks to queue
[2025-07-20T08:24:09.413+0000] {logging_mixin.py:188} INFO - [2025-07-20T08:24:09.413+0000] {dagbag.py:538} INFO - Filling up the DagBag from /opt/airflow/dags/conplete_mlops.py
[2025-07-20T08:24:09.426+0000] {processor.py:840} INFO - DAG(s) 'ml_pipeline_end_to_end' retrieved from /opt/airflow/dags/conplete_mlops.py
[2025-07-20T08:24:09.455+0000] {logging_mixin.py:188} INFO - [2025-07-20T08:24:09.455+0000] {dag.py:3036} INFO - Sync 1 DAGs
[2025-07-20T08:24:09.467+0000] {logging_mixin.py:188} INFO - [2025-07-20T08:24:09.467+0000] {dag.py:3823} INFO - Setting next_dagrun for ml_pipeline_end_to_end to None, run_after=None
[2025-07-20T08:24:09.487+0000] {processor.py:183} INFO - Processing /opt/airflow/dags/conplete_mlops.py took 0.079 seconds
[2025-07-20T08:24:40.078+0000] {processor.py:161} INFO - Started process (PID=12013) to work on /opt/airflow/dags/conplete_mlops.py
[2025-07-20T08:24:40.079+0000] {processor.py:830} INFO - Processing file /opt/airflow/dags/conplete_mlops.py for tasks to queue
[2025-07-20T08:24:40.080+0000] {logging_mixin.py:188} INFO - [2025-07-20T08:24:40.080+0000] {dagbag.py:538} INFO - Filling up the DagBag from /opt/airflow/dags/conplete_mlops.py
[2025-07-20T08:24:40.092+0000] {processor.py:840} INFO - DAG(s) 'ml_pipeline_end_to_end' retrieved from /opt/airflow/dags/conplete_mlops.py
[2025-07-20T08:24:40.116+0000] {logging_mixin.py:188} INFO - [2025-07-20T08:24:40.116+0000] {dag.py:3036} INFO - Sync 1 DAGs
[2025-07-20T08:24:40.127+0000] {logging_mixin.py:188} INFO - [2025-07-20T08:24:40.127+0000] {dag.py:3823} INFO - Setting next_dagrun for ml_pipeline_end_to_end to None, run_after=None
[2025-07-20T08:24:40.144+0000] {processor.py:183} INFO - Processing /opt/airflow/dags/conplete_mlops.py took 0.068 seconds
[2025-07-20T08:25:10.697+0000] {processor.py:161} INFO - Started process (PID=12028) to work on /opt/airflow/dags/conplete_mlops.py
[2025-07-20T08:25:10.698+0000] {processor.py:830} INFO - Processing file /opt/airflow/dags/conplete_mlops.py for tasks to queue
[2025-07-20T08:25:10.699+0000] {logging_mixin.py:188} INFO - [2025-07-20T08:25:10.699+0000] {dagbag.py:538} INFO - Filling up the DagBag from /opt/airflow/dags/conplete_mlops.py
[2025-07-20T08:25:10.714+0000] {processor.py:840} INFO - DAG(s) 'ml_pipeline_end_to_end' retrieved from /opt/airflow/dags/conplete_mlops.py
[2025-07-20T08:25:10.748+0000] {logging_mixin.py:188} INFO - [2025-07-20T08:25:10.748+0000] {dag.py:3036} INFO - Sync 1 DAGs
[2025-07-20T08:25:10.761+0000] {logging_mixin.py:188} INFO - [2025-07-20T08:25:10.761+0000] {dag.py:3823} INFO - Setting next_dagrun for ml_pipeline_end_to_end to None, run_after=None
[2025-07-20T08:25:10.781+0000] {processor.py:183} INFO - Processing /opt/airflow/dags/conplete_mlops.py took 0.088 seconds
[2025-07-20T08:25:41.257+0000] {processor.py:161} INFO - Started process (PID=12043) to work on /opt/airflow/dags/conplete_mlops.py
[2025-07-20T08:25:41.258+0000] {processor.py:830} INFO - Processing file /opt/airflow/dags/conplete_mlops.py for tasks to queue
[2025-07-20T08:25:41.259+0000] {logging_mixin.py:188} INFO - [2025-07-20T08:25:41.259+0000] {dagbag.py:538} INFO - Filling up the DagBag from /opt/airflow/dags/conplete_mlops.py
[2025-07-20T08:25:41.271+0000] {processor.py:840} INFO - DAG(s) 'ml_pipeline_end_to_end' retrieved from /opt/airflow/dags/conplete_mlops.py
[2025-07-20T08:25:41.296+0000] {logging_mixin.py:188} INFO - [2025-07-20T08:25:41.296+0000] {dag.py:3036} INFO - Sync 1 DAGs
[2025-07-20T08:25:41.307+0000] {logging_mixin.py:188} INFO - [2025-07-20T08:25:41.307+0000] {dag.py:3823} INFO - Setting next_dagrun for ml_pipeline_end_to_end to None, run_after=None
[2025-07-20T08:25:41.325+0000] {processor.py:183} INFO - Processing /opt/airflow/dags/conplete_mlops.py took 0.071 seconds
[2025-07-20T08:26:11.885+0000] {processor.py:161} INFO - Started process (PID=12058) to work on /opt/airflow/dags/conplete_mlops.py
[2025-07-20T08:26:11.886+0000] {processor.py:830} INFO - Processing file /opt/airflow/dags/conplete_mlops.py for tasks to queue
[2025-07-20T08:26:11.887+0000] {logging_mixin.py:188} INFO - [2025-07-20T08:26:11.887+0000] {dagbag.py:538} INFO - Filling up the DagBag from /opt/airflow/dags/conplete_mlops.py
[2025-07-20T08:26:11.899+0000] {processor.py:840} INFO - DAG(s) 'ml_pipeline_end_to_end' retrieved from /opt/airflow/dags/conplete_mlops.py
[2025-07-20T08:26:11.924+0000] {logging_mixin.py:188} INFO - [2025-07-20T08:26:11.924+0000] {dag.py:3036} INFO - Sync 1 DAGs
[2025-07-20T08:26:11.935+0000] {logging_mixin.py:188} INFO - [2025-07-20T08:26:11.935+0000] {dag.py:3823} INFO - Setting next_dagrun for ml_pipeline_end_to_end to None, run_after=None
[2025-07-20T08:26:11.954+0000] {processor.py:183} INFO - Processing /opt/airflow/dags/conplete_mlops.py took 0.076 seconds
[2025-07-20T08:26:42.479+0000] {processor.py:161} INFO - Started process (PID=12073) to work on /opt/airflow/dags/conplete_mlops.py
[2025-07-20T08:26:42.480+0000] {processor.py:830} INFO - Processing file /opt/airflow/dags/conplete_mlops.py for tasks to queue
[2025-07-20T08:26:42.481+0000] {logging_mixin.py:188} INFO - [2025-07-20T08:26:42.481+0000] {dagbag.py:538} INFO - Filling up the DagBag from /opt/airflow/dags/conplete_mlops.py
[2025-07-20T08:26:42.493+0000] {processor.py:840} INFO - DAG(s) 'ml_pipeline_end_to_end' retrieved from /opt/airflow/dags/conplete_mlops.py
[2025-07-20T08:26:42.523+0000] {logging_mixin.py:188} INFO - [2025-07-20T08:26:42.522+0000] {dag.py:3036} INFO - Sync 1 DAGs
[2025-07-20T08:26:42.533+0000] {logging_mixin.py:188} INFO - [2025-07-20T08:26:42.533+0000] {dag.py:3823} INFO - Setting next_dagrun for ml_pipeline_end_to_end to None, run_after=None
[2025-07-20T08:26:42.552+0000] {processor.py:183} INFO - Processing /opt/airflow/dags/conplete_mlops.py took 0.076 seconds
[2025-07-20T08:27:13.189+0000] {processor.py:161} INFO - Started process (PID=12088) to work on /opt/airflow/dags/conplete_mlops.py
[2025-07-20T08:27:13.190+0000] {processor.py:830} INFO - Processing file /opt/airflow/dags/conplete_mlops.py for tasks to queue
[2025-07-20T08:27:13.191+0000] {logging_mixin.py:188} INFO - [2025-07-20T08:27:13.191+0000] {dagbag.py:538} INFO - Filling up the DagBag from /opt/airflow/dags/conplete_mlops.py
[2025-07-20T08:27:13.202+0000] {processor.py:840} INFO - DAG(s) 'ml_pipeline_end_to_end' retrieved from /opt/airflow/dags/conplete_mlops.py
[2025-07-20T08:27:13.227+0000] {logging_mixin.py:188} INFO - [2025-07-20T08:27:13.226+0000] {dag.py:3036} INFO - Sync 1 DAGs
[2025-07-20T08:27:13.237+0000] {logging_mixin.py:188} INFO - [2025-07-20T08:27:13.237+0000] {dag.py:3823} INFO - Setting next_dagrun for ml_pipeline_end_to_end to None, run_after=None
[2025-07-20T08:27:13.255+0000] {processor.py:183} INFO - Processing /opt/airflow/dags/conplete_mlops.py took 0.068 seconds
[2025-07-20T08:27:43.741+0000] {processor.py:161} INFO - Started process (PID=12103) to work on /opt/airflow/dags/conplete_mlops.py
[2025-07-20T08:27:43.745+0000] {processor.py:830} INFO - Processing file /opt/airflow/dags/conplete_mlops.py for tasks to queue
[2025-07-20T08:27:43.747+0000] {logging_mixin.py:188} INFO - [2025-07-20T08:27:43.746+0000] {dagbag.py:538} INFO - Filling up the DagBag from /opt/airflow/dags/conplete_mlops.py
[2025-07-20T08:27:43.764+0000] {processor.py:840} INFO - DAG(s) 'ml_pipeline_end_to_end' retrieved from /opt/airflow/dags/conplete_mlops.py
[2025-07-20T08:27:43.792+0000] {logging_mixin.py:188} INFO - [2025-07-20T08:27:43.791+0000] {dag.py:3036} INFO - Sync 1 DAGs
[2025-07-20T08:27:43.803+0000] {logging_mixin.py:188} INFO - [2025-07-20T08:27:43.803+0000] {dag.py:3823} INFO - Setting next_dagrun for ml_pipeline_end_to_end to None, run_after=None
[2025-07-20T08:27:43.820+0000] {processor.py:183} INFO - Processing /opt/airflow/dags/conplete_mlops.py took 0.097 seconds
[2025-07-20T08:28:20.732+0000] {processor.py:161} INFO - Started process (PID=12116) to work on /opt/airflow/dags/conplete_mlops.py
[2025-07-20T08:28:20.967+0000] {processor.py:830} INFO - Processing file /opt/airflow/dags/conplete_mlops.py for tasks to queue
[2025-07-20T08:28:21.215+0000] {logging_mixin.py:188} INFO - [2025-07-20T08:28:21.164+0000] {dagbag.py:538} INFO - Filling up the DagBag from /opt/airflow/dags/conplete_mlops.py
[2025-07-20T08:28:22.783+0000] {processor.py:840} INFO - DAG(s) 'ml_pipeline_end_to_end' retrieved from /opt/airflow/dags/conplete_mlops.py
[2025-07-20T08:28:23.553+0000] {logging_mixin.py:188} INFO - [2025-07-20T08:28:23.552+0000] {dag.py:3036} INFO - Sync 1 DAGs
[2025-07-20T08:28:23.570+0000] {logging_mixin.py:188} INFO - [2025-07-20T08:28:23.570+0000] {dag.py:3823} INFO - Setting next_dagrun for ml_pipeline_end_to_end to None, run_after=None
[2025-07-20T08:28:23.592+0000] {processor.py:183} INFO - Processing /opt/airflow/dags/conplete_mlops.py took 4.109 seconds
[2025-07-20T08:28:53.943+0000] {processor.py:161} INFO - Started process (PID=12128) to work on /opt/airflow/dags/conplete_mlops.py
[2025-07-20T08:28:53.944+0000] {processor.py:830} INFO - Processing file /opt/airflow/dags/conplete_mlops.py for tasks to queue
[2025-07-20T08:28:53.945+0000] {logging_mixin.py:188} INFO - [2025-07-20T08:28:53.945+0000] {dagbag.py:538} INFO - Filling up the DagBag from /opt/airflow/dags/conplete_mlops.py
[2025-07-20T08:28:53.957+0000] {processor.py:840} INFO - DAG(s) 'ml_pipeline_end_to_end' retrieved from /opt/airflow/dags/conplete_mlops.py
[2025-07-20T08:28:53.984+0000] {logging_mixin.py:188} INFO - [2025-07-20T08:28:53.984+0000] {dag.py:3036} INFO - Sync 1 DAGs
[2025-07-20T08:28:54.539+0000] {logging_mixin.py:188} INFO - [2025-07-20T08:28:54.538+0000] {dag.py:3823} INFO - Setting next_dagrun for ml_pipeline_end_to_end to None, run_after=None
[2025-07-20T08:28:58.922+0000] {processor.py:183} INFO - Processing /opt/airflow/dags/conplete_mlops.py took 4.983 seconds
[2025-07-20T08:29:29.645+0000] {processor.py:161} INFO - Started process (PID=12143) to work on /opt/airflow/dags/conplete_mlops.py
[2025-07-20T08:29:29.646+0000] {processor.py:830} INFO - Processing file /opt/airflow/dags/conplete_mlops.py for tasks to queue
[2025-07-20T08:29:29.647+0000] {logging_mixin.py:188} INFO - [2025-07-20T08:29:29.646+0000] {dagbag.py:538} INFO - Filling up the DagBag from /opt/airflow/dags/conplete_mlops.py
[2025-07-20T08:29:29.662+0000] {processor.py:840} INFO - DAG(s) 'ml_pipeline_end_to_end' retrieved from /opt/airflow/dags/conplete_mlops.py
[2025-07-20T08:29:30.658+0000] {logging_mixin.py:188} INFO - [2025-07-20T08:29:30.657+0000] {dag.py:3036} INFO - Sync 1 DAGs
[2025-07-20T08:29:30.675+0000] {logging_mixin.py:188} INFO - [2025-07-20T08:29:30.675+0000] {dag.py:3823} INFO - Setting next_dagrun for ml_pipeline_end_to_end to None, run_after=None
[2025-07-20T08:29:30.763+0000] {processor.py:183} INFO - Processing /opt/airflow/dags/conplete_mlops.py took 1.123 seconds
[2025-07-20T08:30:01.329+0000] {processor.py:161} INFO - Started process (PID=12161) to work on /opt/airflow/dags/conplete_mlops.py
[2025-07-20T08:30:01.330+0000] {processor.py:830} INFO - Processing file /opt/airflow/dags/conplete_mlops.py for tasks to queue
[2025-07-20T08:30:01.331+0000] {logging_mixin.py:188} INFO - [2025-07-20T08:30:01.331+0000] {dagbag.py:538} INFO - Filling up the DagBag from /opt/airflow/dags/conplete_mlops.py
[2025-07-20T08:30:01.342+0000] {processor.py:840} INFO - DAG(s) 'ml_pipeline_end_to_end' retrieved from /opt/airflow/dags/conplete_mlops.py
[2025-07-20T08:30:01.550+0000] {logging_mixin.py:188} INFO - [2025-07-20T08:30:01.549+0000] {dag.py:3036} INFO - Sync 1 DAGs
[2025-07-20T08:30:01.717+0000] {logging_mixin.py:188} INFO - [2025-07-20T08:30:01.717+0000] {dag.py:3823} INFO - Setting next_dagrun for ml_pipeline_end_to_end to None, run_after=None
[2025-07-20T08:30:01.784+0000] {processor.py:183} INFO - Processing /opt/airflow/dags/conplete_mlops.py took 0.457 seconds
[2025-07-20T08:30:32.291+0000] {processor.py:161} INFO - Started process (PID=12176) to work on /opt/airflow/dags/conplete_mlops.py
[2025-07-20T08:30:32.292+0000] {processor.py:830} INFO - Processing file /opt/airflow/dags/conplete_mlops.py for tasks to queue
[2025-07-20T08:30:32.293+0000] {logging_mixin.py:188} INFO - [2025-07-20T08:30:32.293+0000] {dagbag.py:538} INFO - Filling up the DagBag from /opt/airflow/dags/conplete_mlops.py
[2025-07-20T08:30:32.305+0000] {processor.py:840} INFO - DAG(s) 'ml_pipeline_end_to_end' retrieved from /opt/airflow/dags/conplete_mlops.py
[2025-07-20T08:30:32.330+0000] {logging_mixin.py:188} INFO - [2025-07-20T08:30:32.330+0000] {dag.py:3036} INFO - Sync 1 DAGs
[2025-07-20T08:30:32.342+0000] {logging_mixin.py:188} INFO - [2025-07-20T08:30:32.342+0000] {dag.py:3823} INFO - Setting next_dagrun for ml_pipeline_end_to_end to None, run_after=None
[2025-07-20T08:30:32.363+0000] {processor.py:183} INFO - Processing /opt/airflow/dags/conplete_mlops.py took 0.075 seconds
[2025-07-20T08:31:02.967+0000] {processor.py:161} INFO - Started process (PID=12191) to work on /opt/airflow/dags/conplete_mlops.py
[2025-07-20T08:31:02.969+0000] {processor.py:830} INFO - Processing file /opt/airflow/dags/conplete_mlops.py for tasks to queue
[2025-07-20T08:31:02.970+0000] {logging_mixin.py:188} INFO - [2025-07-20T08:31:02.969+0000] {dagbag.py:538} INFO - Filling up the DagBag from /opt/airflow/dags/conplete_mlops.py
[2025-07-20T08:31:02.982+0000] {processor.py:840} INFO - DAG(s) 'ml_pipeline_end_to_end' retrieved from /opt/airflow/dags/conplete_mlops.py
[2025-07-20T08:31:03.010+0000] {logging_mixin.py:188} INFO - [2025-07-20T08:31:03.010+0000] {dag.py:3036} INFO - Sync 1 DAGs
[2025-07-20T08:31:03.022+0000] {logging_mixin.py:188} INFO - [2025-07-20T08:31:03.022+0000] {dag.py:3823} INFO - Setting next_dagrun for ml_pipeline_end_to_end to None, run_after=None
[2025-07-20T08:31:03.042+0000] {processor.py:183} INFO - Processing /opt/airflow/dags/conplete_mlops.py took 0.079 seconds
[2025-07-20T08:31:33.596+0000] {processor.py:161} INFO - Started process (PID=12206) to work on /opt/airflow/dags/conplete_mlops.py
[2025-07-20T08:31:33.597+0000] {processor.py:830} INFO - Processing file /opt/airflow/dags/conplete_mlops.py for tasks to queue
[2025-07-20T08:31:33.598+0000] {logging_mixin.py:188} INFO - [2025-07-20T08:31:33.598+0000] {dagbag.py:538} INFO - Filling up the DagBag from /opt/airflow/dags/conplete_mlops.py
[2025-07-20T08:31:33.610+0000] {processor.py:840} INFO - DAG(s) 'ml_pipeline_end_to_end' retrieved from /opt/airflow/dags/conplete_mlops.py
[2025-07-20T08:31:33.723+0000] {logging_mixin.py:188} INFO - [2025-07-20T08:31:33.723+0000] {dag.py:3036} INFO - Sync 1 DAGs
[2025-07-20T08:31:33.736+0000] {logging_mixin.py:188} INFO - [2025-07-20T08:31:33.736+0000] {dag.py:3823} INFO - Setting next_dagrun for ml_pipeline_end_to_end to None, run_after=None
[2025-07-20T08:31:33.759+0000] {processor.py:183} INFO - Processing /opt/airflow/dags/conplete_mlops.py took 0.167 seconds
[2025-07-20T08:32:04.472+0000] {processor.py:161} INFO - Started process (PID=12221) to work on /opt/airflow/dags/conplete_mlops.py
[2025-07-20T08:32:04.473+0000] {processor.py:830} INFO - Processing file /opt/airflow/dags/conplete_mlops.py for tasks to queue
[2025-07-20T08:32:04.474+0000] {logging_mixin.py:188} INFO - [2025-07-20T08:32:04.474+0000] {dagbag.py:538} INFO - Filling up the DagBag from /opt/airflow/dags/conplete_mlops.py
[2025-07-20T08:32:04.487+0000] {processor.py:840} INFO - DAG(s) 'ml_pipeline_end_to_end' retrieved from /opt/airflow/dags/conplete_mlops.py
[2025-07-20T08:32:04.558+0000] {logging_mixin.py:188} INFO - [2025-07-20T08:32:04.558+0000] {dag.py:3036} INFO - Sync 1 DAGs
[2025-07-20T08:32:04.573+0000] {logging_mixin.py:188} INFO - [2025-07-20T08:32:04.573+0000] {dag.py:3823} INFO - Setting next_dagrun for ml_pipeline_end_to_end to None, run_after=None
[2025-07-20T08:32:04.593+0000] {processor.py:183} INFO - Processing /opt/airflow/dags/conplete_mlops.py took 0.124 seconds
[2025-07-20T08:32:35.044+0000] {processor.py:161} INFO - Started process (PID=12236) to work on /opt/airflow/dags/conplete_mlops.py
[2025-07-20T08:32:35.045+0000] {processor.py:830} INFO - Processing file /opt/airflow/dags/conplete_mlops.py for tasks to queue
[2025-07-20T08:32:35.046+0000] {logging_mixin.py:188} INFO - [2025-07-20T08:32:35.046+0000] {dagbag.py:538} INFO - Filling up the DagBag from /opt/airflow/dags/conplete_mlops.py
[2025-07-20T08:32:35.060+0000] {processor.py:840} INFO - DAG(s) 'ml_pipeline_end_to_end' retrieved from /opt/airflow/dags/conplete_mlops.py
[2025-07-20T08:32:35.086+0000] {logging_mixin.py:188} INFO - [2025-07-20T08:32:35.085+0000] {dag.py:3036} INFO - Sync 1 DAGs
[2025-07-20T08:32:35.096+0000] {logging_mixin.py:188} INFO - [2025-07-20T08:32:35.096+0000] {dag.py:3823} INFO - Setting next_dagrun for ml_pipeline_end_to_end to None, run_after=None
[2025-07-20T08:32:35.114+0000] {processor.py:183} INFO - Processing /opt/airflow/dags/conplete_mlops.py took 0.073 seconds
[2025-07-20T08:33:05.788+0000] {processor.py:161} INFO - Started process (PID=12251) to work on /opt/airflow/dags/conplete_mlops.py
[2025-07-20T08:33:05.788+0000] {processor.py:830} INFO - Processing file /opt/airflow/dags/conplete_mlops.py for tasks to queue
[2025-07-20T08:33:05.790+0000] {logging_mixin.py:188} INFO - [2025-07-20T08:33:05.789+0000] {dagbag.py:538} INFO - Filling up the DagBag from /opt/airflow/dags/conplete_mlops.py
[2025-07-20T08:33:05.801+0000] {processor.py:840} INFO - DAG(s) 'ml_pipeline_end_to_end' retrieved from /opt/airflow/dags/conplete_mlops.py
[2025-07-20T08:33:05.825+0000] {logging_mixin.py:188} INFO - [2025-07-20T08:33:05.825+0000] {dag.py:3036} INFO - Sync 1 DAGs
[2025-07-20T08:33:05.836+0000] {logging_mixin.py:188} INFO - [2025-07-20T08:33:05.836+0000] {dag.py:3823} INFO - Setting next_dagrun for ml_pipeline_end_to_end to None, run_after=None
[2025-07-20T08:33:05.858+0000] {processor.py:183} INFO - Processing /opt/airflow/dags/conplete_mlops.py took 0.073 seconds
[2025-07-20T08:33:36.581+0000] {processor.py:161} INFO - Started process (PID=12266) to work on /opt/airflow/dags/conplete_mlops.py
[2025-07-20T08:33:36.583+0000] {processor.py:830} INFO - Processing file /opt/airflow/dags/conplete_mlops.py for tasks to queue
[2025-07-20T08:33:36.584+0000] {logging_mixin.py:188} INFO - [2025-07-20T08:33:36.584+0000] {dagbag.py:538} INFO - Filling up the DagBag from /opt/airflow/dags/conplete_mlops.py
[2025-07-20T08:33:36.600+0000] {processor.py:840} INFO - DAG(s) 'ml_pipeline_end_to_end' retrieved from /opt/airflow/dags/conplete_mlops.py
[2025-07-20T08:33:36.626+0000] {logging_mixin.py:188} INFO - [2025-07-20T08:33:36.625+0000] {dag.py:3036} INFO - Sync 1 DAGs
[2025-07-20T08:33:36.636+0000] {logging_mixin.py:188} INFO - [2025-07-20T08:33:36.636+0000] {dag.py:3823} INFO - Setting next_dagrun for ml_pipeline_end_to_end to None, run_after=None
[2025-07-20T08:33:36.656+0000] {processor.py:183} INFO - Processing /opt/airflow/dags/conplete_mlops.py took 0.079 seconds
[2025-07-20T08:34:07.266+0000] {processor.py:161} INFO - Started process (PID=12281) to work on /opt/airflow/dags/conplete_mlops.py
[2025-07-20T08:34:07.267+0000] {processor.py:830} INFO - Processing file /opt/airflow/dags/conplete_mlops.py for tasks to queue
[2025-07-20T08:34:07.268+0000] {logging_mixin.py:188} INFO - [2025-07-20T08:34:07.268+0000] {dagbag.py:538} INFO - Filling up the DagBag from /opt/airflow/dags/conplete_mlops.py
[2025-07-20T08:34:07.281+0000] {processor.py:840} INFO - DAG(s) 'ml_pipeline_end_to_end' retrieved from /opt/airflow/dags/conplete_mlops.py
[2025-07-20T08:34:07.307+0000] {logging_mixin.py:188} INFO - [2025-07-20T08:34:07.306+0000] {dag.py:3036} INFO - Sync 1 DAGs
[2025-07-20T08:34:07.319+0000] {logging_mixin.py:188} INFO - [2025-07-20T08:34:07.318+0000] {dag.py:3823} INFO - Setting next_dagrun for ml_pipeline_end_to_end to None, run_after=None
[2025-07-20T08:34:07.340+0000] {processor.py:183} INFO - Processing /opt/airflow/dags/conplete_mlops.py took 0.077 seconds
[2025-07-20T08:34:37.892+0000] {processor.py:161} INFO - Started process (PID=12296) to work on /opt/airflow/dags/conplete_mlops.py
[2025-07-20T08:34:37.893+0000] {processor.py:830} INFO - Processing file /opt/airflow/dags/conplete_mlops.py for tasks to queue
[2025-07-20T08:34:37.894+0000] {logging_mixin.py:188} INFO - [2025-07-20T08:34:37.894+0000] {dagbag.py:538} INFO - Filling up the DagBag from /opt/airflow/dags/conplete_mlops.py
[2025-07-20T08:34:37.907+0000] {processor.py:840} INFO - DAG(s) 'ml_pipeline_end_to_end' retrieved from /opt/airflow/dags/conplete_mlops.py
[2025-07-20T08:34:37.934+0000] {logging_mixin.py:188} INFO - [2025-07-20T08:34:37.933+0000] {dag.py:3036} INFO - Sync 1 DAGs
[2025-07-20T08:34:37.945+0000] {logging_mixin.py:188} INFO - [2025-07-20T08:34:37.945+0000] {dag.py:3823} INFO - Setting next_dagrun for ml_pipeline_end_to_end to None, run_after=None
[2025-07-20T08:34:37.964+0000] {processor.py:183} INFO - Processing /opt/airflow/dags/conplete_mlops.py took 0.076 seconds
[2025-07-20T08:35:08.574+0000] {processor.py:161} INFO - Started process (PID=12311) to work on /opt/airflow/dags/conplete_mlops.py
[2025-07-20T08:35:08.575+0000] {processor.py:830} INFO - Processing file /opt/airflow/dags/conplete_mlops.py for tasks to queue
[2025-07-20T08:35:08.576+0000] {logging_mixin.py:188} INFO - [2025-07-20T08:35:08.576+0000] {dagbag.py:538} INFO - Filling up the DagBag from /opt/airflow/dags/conplete_mlops.py
[2025-07-20T08:35:08.588+0000] {processor.py:840} INFO - DAG(s) 'ml_pipeline_end_to_end' retrieved from /opt/airflow/dags/conplete_mlops.py
[2025-07-20T08:35:08.614+0000] {logging_mixin.py:188} INFO - [2025-07-20T08:35:08.614+0000] {dag.py:3036} INFO - Sync 1 DAGs
[2025-07-20T08:35:08.626+0000] {logging_mixin.py:188} INFO - [2025-07-20T08:35:08.626+0000] {dag.py:3823} INFO - Setting next_dagrun for ml_pipeline_end_to_end to None, run_after=None
[2025-07-20T08:35:08.648+0000] {processor.py:183} INFO - Processing /opt/airflow/dags/conplete_mlops.py took 0.077 seconds
[2025-07-20T08:35:39.149+0000] {processor.py:161} INFO - Started process (PID=12326) to work on /opt/airflow/dags/conplete_mlops.py
[2025-07-20T08:35:39.150+0000] {processor.py:830} INFO - Processing file /opt/airflow/dags/conplete_mlops.py for tasks to queue
[2025-07-20T08:35:39.151+0000] {logging_mixin.py:188} INFO - [2025-07-20T08:35:39.151+0000] {dagbag.py:538} INFO - Filling up the DagBag from /opt/airflow/dags/conplete_mlops.py
[2025-07-20T08:35:39.165+0000] {processor.py:840} INFO - DAG(s) 'ml_pipeline_end_to_end' retrieved from /opt/airflow/dags/conplete_mlops.py
[2025-07-20T08:35:39.190+0000] {logging_mixin.py:188} INFO - [2025-07-20T08:35:39.190+0000] {dag.py:3036} INFO - Sync 1 DAGs
[2025-07-20T08:35:39.203+0000] {logging_mixin.py:188} INFO - [2025-07-20T08:35:39.202+0000] {dag.py:3823} INFO - Setting next_dagrun for ml_pipeline_end_to_end to None, run_after=None
[2025-07-20T08:35:39.226+0000] {processor.py:183} INFO - Processing /opt/airflow/dags/conplete_mlops.py took 0.082 seconds
[2025-07-20T08:36:09.831+0000] {processor.py:161} INFO - Started process (PID=12341) to work on /opt/airflow/dags/conplete_mlops.py
[2025-07-20T08:36:09.832+0000] {processor.py:830} INFO - Processing file /opt/airflow/dags/conplete_mlops.py for tasks to queue
[2025-07-20T08:36:09.833+0000] {logging_mixin.py:188} INFO - [2025-07-20T08:36:09.833+0000] {dagbag.py:538} INFO - Filling up the DagBag from /opt/airflow/dags/conplete_mlops.py
[2025-07-20T08:36:09.844+0000] {processor.py:840} INFO - DAG(s) 'ml_pipeline_end_to_end' retrieved from /opt/airflow/dags/conplete_mlops.py
[2025-07-20T08:36:10.023+0000] {logging_mixin.py:188} INFO - [2025-07-20T08:36:10.022+0000] {dag.py:3036} INFO - Sync 1 DAGs
[2025-07-20T08:36:10.038+0000] {logging_mixin.py:188} INFO - [2025-07-20T08:36:10.037+0000] {dag.py:3823} INFO - Setting next_dagrun for ml_pipeline_end_to_end to None, run_after=None
[2025-07-20T08:36:10.058+0000] {processor.py:183} INFO - Processing /opt/airflow/dags/conplete_mlops.py took 0.230 seconds
[2025-07-20T08:36:40.460+0000] {processor.py:161} INFO - Started process (PID=12356) to work on /opt/airflow/dags/conplete_mlops.py
[2025-07-20T08:36:40.461+0000] {processor.py:830} INFO - Processing file /opt/airflow/dags/conplete_mlops.py for tasks to queue
[2025-07-20T08:36:40.462+0000] {logging_mixin.py:188} INFO - [2025-07-20T08:36:40.462+0000] {dagbag.py:538} INFO - Filling up the DagBag from /opt/airflow/dags/conplete_mlops.py
[2025-07-20T08:36:40.476+0000] {processor.py:840} INFO - DAG(s) 'ml_pipeline_end_to_end' retrieved from /opt/airflow/dags/conplete_mlops.py
[2025-07-20T08:36:40.505+0000] {logging_mixin.py:188} INFO - [2025-07-20T08:36:40.505+0000] {dag.py:3036} INFO - Sync 1 DAGs
[2025-07-20T08:36:40.517+0000] {logging_mixin.py:188} INFO - [2025-07-20T08:36:40.517+0000] {dag.py:3823} INFO - Setting next_dagrun for ml_pipeline_end_to_end to None, run_after=None
[2025-07-20T08:36:40.535+0000] {processor.py:183} INFO - Processing /opt/airflow/dags/conplete_mlops.py took 0.078 seconds
[2025-07-20T08:37:11.052+0000] {processor.py:161} INFO - Started process (PID=12371) to work on /opt/airflow/dags/conplete_mlops.py
[2025-07-20T08:37:11.052+0000] {processor.py:830} INFO - Processing file /opt/airflow/dags/conplete_mlops.py for tasks to queue
[2025-07-20T08:37:11.054+0000] {logging_mixin.py:188} INFO - [2025-07-20T08:37:11.053+0000] {dagbag.py:538} INFO - Filling up the DagBag from /opt/airflow/dags/conplete_mlops.py
[2025-07-20T08:37:11.064+0000] {processor.py:840} INFO - DAG(s) 'ml_pipeline_end_to_end' retrieved from /opt/airflow/dags/conplete_mlops.py
[2025-07-20T08:37:11.089+0000] {logging_mixin.py:188} INFO - [2025-07-20T08:37:11.089+0000] {dag.py:3036} INFO - Sync 1 DAGs
[2025-07-20T08:37:11.100+0000] {logging_mixin.py:188} INFO - [2025-07-20T08:37:11.099+0000] {dag.py:3823} INFO - Setting next_dagrun for ml_pipeline_end_to_end to None, run_after=None
[2025-07-20T08:37:11.125+0000] {processor.py:183} INFO - Processing /opt/airflow/dags/conplete_mlops.py took 0.075 seconds
[2025-07-20T08:37:41.770+0000] {processor.py:161} INFO - Started process (PID=12386) to work on /opt/airflow/dags/conplete_mlops.py
[2025-07-20T08:37:41.774+0000] {processor.py:830} INFO - Processing file /opt/airflow/dags/conplete_mlops.py for tasks to queue
[2025-07-20T08:37:41.778+0000] {logging_mixin.py:188} INFO - [2025-07-20T08:37:41.777+0000] {dagbag.py:538} INFO - Filling up the DagBag from /opt/airflow/dags/conplete_mlops.py
[2025-07-20T08:37:41.817+0000] {processor.py:840} INFO - DAG(s) 'ml_pipeline_end_to_end' retrieved from /opt/airflow/dags/conplete_mlops.py
[2025-07-20T08:37:41.846+0000] {logging_mixin.py:188} INFO - [2025-07-20T08:37:41.845+0000] {dag.py:3036} INFO - Sync 1 DAGs
[2025-07-20T08:37:41.857+0000] {logging_mixin.py:188} INFO - [2025-07-20T08:37:41.857+0000] {dag.py:3823} INFO - Setting next_dagrun for ml_pipeline_end_to_end to None, run_after=None
[2025-07-20T08:37:41.878+0000] {processor.py:183} INFO - Processing /opt/airflow/dags/conplete_mlops.py took 0.121 seconds
[2025-07-20T08:38:12.453+0000] {processor.py:161} INFO - Started process (PID=12401) to work on /opt/airflow/dags/conplete_mlops.py
[2025-07-20T08:38:12.454+0000] {processor.py:830} INFO - Processing file /opt/airflow/dags/conplete_mlops.py for tasks to queue
[2025-07-20T08:38:12.455+0000] {logging_mixin.py:188} INFO - [2025-07-20T08:38:12.455+0000] {dagbag.py:538} INFO - Filling up the DagBag from /opt/airflow/dags/conplete_mlops.py
[2025-07-20T08:38:12.467+0000] {processor.py:840} INFO - DAG(s) 'ml_pipeline_end_to_end' retrieved from /opt/airflow/dags/conplete_mlops.py
[2025-07-20T08:38:12.652+0000] {logging_mixin.py:188} INFO - [2025-07-20T08:38:12.652+0000] {dag.py:3036} INFO - Sync 1 DAGs
[2025-07-20T08:38:12.665+0000] {logging_mixin.py:188} INFO - [2025-07-20T08:38:12.665+0000] {dag.py:3823} INFO - Setting next_dagrun for ml_pipeline_end_to_end to None, run_after=None
[2025-07-20T08:38:12.691+0000] {processor.py:183} INFO - Processing /opt/airflow/dags/conplete_mlops.py took 0.240 seconds
[2025-07-20T08:38:43.201+0000] {processor.py:161} INFO - Started process (PID=12416) to work on /opt/airflow/dags/conplete_mlops.py
[2025-07-20T08:38:43.202+0000] {processor.py:830} INFO - Processing file /opt/airflow/dags/conplete_mlops.py for tasks to queue
[2025-07-20T08:38:43.203+0000] {logging_mixin.py:188} INFO - [2025-07-20T08:38:43.203+0000] {dagbag.py:538} INFO - Filling up the DagBag from /opt/airflow/dags/conplete_mlops.py
[2025-07-20T08:38:43.216+0000] {processor.py:840} INFO - DAG(s) 'ml_pipeline_end_to_end' retrieved from /opt/airflow/dags/conplete_mlops.py
[2025-07-20T08:38:43.242+0000] {logging_mixin.py:188} INFO - [2025-07-20T08:38:43.242+0000] {dag.py:3036} INFO - Sync 1 DAGs
[2025-07-20T08:38:43.254+0000] {logging_mixin.py:188} INFO - [2025-07-20T08:38:43.254+0000] {dag.py:3823} INFO - Setting next_dagrun for ml_pipeline_end_to_end to None, run_after=None
[2025-07-20T08:38:43.275+0000] {processor.py:183} INFO - Processing /opt/airflow/dags/conplete_mlops.py took 0.077 seconds
[2025-07-20T08:39:13.760+0000] {processor.py:161} INFO - Started process (PID=12431) to work on /opt/airflow/dags/conplete_mlops.py
[2025-07-20T08:39:13.761+0000] {processor.py:830} INFO - Processing file /opt/airflow/dags/conplete_mlops.py for tasks to queue
[2025-07-20T08:39:13.762+0000] {logging_mixin.py:188} INFO - [2025-07-20T08:39:13.762+0000] {dagbag.py:538} INFO - Filling up the DagBag from /opt/airflow/dags/conplete_mlops.py
[2025-07-20T08:39:13.775+0000] {processor.py:840} INFO - DAG(s) 'ml_pipeline_end_to_end' retrieved from /opt/airflow/dags/conplete_mlops.py
[2025-07-20T08:39:13.800+0000] {logging_mixin.py:188} INFO - [2025-07-20T08:39:13.800+0000] {dag.py:3036} INFO - Sync 1 DAGs
[2025-07-20T08:39:13.813+0000] {logging_mixin.py:188} INFO - [2025-07-20T08:39:13.813+0000] {dag.py:3823} INFO - Setting next_dagrun for ml_pipeline_end_to_end to None, run_after=None
[2025-07-20T08:39:13.834+0000] {processor.py:183} INFO - Processing /opt/airflow/dags/conplete_mlops.py took 0.077 seconds
[2025-07-20T08:39:44.487+0000] {processor.py:161} INFO - Started process (PID=12446) to work on /opt/airflow/dags/conplete_mlops.py
[2025-07-20T08:39:44.488+0000] {processor.py:830} INFO - Processing file /opt/airflow/dags/conplete_mlops.py for tasks to queue
[2025-07-20T08:39:44.489+0000] {logging_mixin.py:188} INFO - [2025-07-20T08:39:44.489+0000] {dagbag.py:538} INFO - Filling up the DagBag from /opt/airflow/dags/conplete_mlops.py
[2025-07-20T08:39:44.502+0000] {processor.py:840} INFO - DAG(s) 'ml_pipeline_end_to_end' retrieved from /opt/airflow/dags/conplete_mlops.py
[2025-07-20T08:39:44.527+0000] {logging_mixin.py:188} INFO - [2025-07-20T08:39:44.527+0000] {dag.py:3036} INFO - Sync 1 DAGs
[2025-07-20T08:39:44.538+0000] {logging_mixin.py:188} INFO - [2025-07-20T08:39:44.537+0000] {dag.py:3823} INFO - Setting next_dagrun for ml_pipeline_end_to_end to None, run_after=None
[2025-07-20T08:39:44.557+0000] {processor.py:183} INFO - Processing /opt/airflow/dags/conplete_mlops.py took 0.075 seconds
[2025-07-20T08:40:15.235+0000] {processor.py:161} INFO - Started process (PID=12461) to work on /opt/airflow/dags/conplete_mlops.py
[2025-07-20T08:40:15.236+0000] {processor.py:830} INFO - Processing file /opt/airflow/dags/conplete_mlops.py for tasks to queue
[2025-07-20T08:40:15.237+0000] {logging_mixin.py:188} INFO - [2025-07-20T08:40:15.237+0000] {dagbag.py:538} INFO - Filling up the DagBag from /opt/airflow/dags/conplete_mlops.py
[2025-07-20T08:40:15.250+0000] {processor.py:840} INFO - DAG(s) 'ml_pipeline_end_to_end' retrieved from /opt/airflow/dags/conplete_mlops.py
[2025-07-20T08:40:15.287+0000] {logging_mixin.py:188} INFO - [2025-07-20T08:40:15.286+0000] {dag.py:3036} INFO - Sync 1 DAGs
[2025-07-20T08:40:15.298+0000] {logging_mixin.py:188} INFO - [2025-07-20T08:40:15.298+0000] {dag.py:3823} INFO - Setting next_dagrun for ml_pipeline_end_to_end to None, run_after=None
[2025-07-20T08:40:15.319+0000] {processor.py:183} INFO - Processing /opt/airflow/dags/conplete_mlops.py took 0.086 seconds
[2025-07-20T08:40:45.786+0000] {processor.py:161} INFO - Started process (PID=12476) to work on /opt/airflow/dags/conplete_mlops.py
[2025-07-20T08:40:45.787+0000] {processor.py:830} INFO - Processing file /opt/airflow/dags/conplete_mlops.py for tasks to queue
[2025-07-20T08:40:45.788+0000] {logging_mixin.py:188} INFO - [2025-07-20T08:40:45.788+0000] {dagbag.py:538} INFO - Filling up the DagBag from /opt/airflow/dags/conplete_mlops.py
[2025-07-20T08:40:45.800+0000] {processor.py:840} INFO - DAG(s) 'ml_pipeline_end_to_end' retrieved from /opt/airflow/dags/conplete_mlops.py
[2025-07-20T08:40:45.825+0000] {logging_mixin.py:188} INFO - [2025-07-20T08:40:45.825+0000] {dag.py:3036} INFO - Sync 1 DAGs
[2025-07-20T08:40:45.836+0000] {logging_mixin.py:188} INFO - [2025-07-20T08:40:45.836+0000] {dag.py:3823} INFO - Setting next_dagrun for ml_pipeline_end_to_end to None, run_after=None
[2025-07-20T08:40:45.858+0000] {processor.py:183} INFO - Processing /opt/airflow/dags/conplete_mlops.py took 0.074 seconds
[2025-07-20T08:41:16.244+0000] {processor.py:161} INFO - Started process (PID=12491) to work on /opt/airflow/dags/conplete_mlops.py
[2025-07-20T08:41:16.245+0000] {processor.py:830} INFO - Processing file /opt/airflow/dags/conplete_mlops.py for tasks to queue
[2025-07-20T08:41:16.247+0000] {logging_mixin.py:188} INFO - [2025-07-20T08:41:16.247+0000] {dagbag.py:538} INFO - Filling up the DagBag from /opt/airflow/dags/conplete_mlops.py
[2025-07-20T08:41:16.267+0000] {processor.py:840} INFO - DAG(s) 'ml_pipeline_end_to_end' retrieved from /opt/airflow/dags/conplete_mlops.py
[2025-07-20T08:41:16.302+0000] {logging_mixin.py:188} INFO - [2025-07-20T08:41:16.302+0000] {dag.py:3036} INFO - Sync 1 DAGs
[2025-07-20T08:41:16.314+0000] {logging_mixin.py:188} INFO - [2025-07-20T08:41:16.314+0000] {dag.py:3823} INFO - Setting next_dagrun for ml_pipeline_end_to_end to None, run_after=None
[2025-07-20T08:41:16.335+0000] {processor.py:183} INFO - Processing /opt/airflow/dags/conplete_mlops.py took 0.096 seconds
[2025-07-20T08:41:46.829+0000] {processor.py:161} INFO - Started process (PID=12506) to work on /opt/airflow/dags/conplete_mlops.py
[2025-07-20T08:41:46.830+0000] {processor.py:830} INFO - Processing file /opt/airflow/dags/conplete_mlops.py for tasks to queue
[2025-07-20T08:41:46.831+0000] {logging_mixin.py:188} INFO - [2025-07-20T08:41:46.831+0000] {dagbag.py:538} INFO - Filling up the DagBag from /opt/airflow/dags/conplete_mlops.py
[2025-07-20T08:41:46.843+0000] {processor.py:840} INFO - DAG(s) 'ml_pipeline_end_to_end' retrieved from /opt/airflow/dags/conplete_mlops.py
[2025-07-20T08:41:46.872+0000] {logging_mixin.py:188} INFO - [2025-07-20T08:41:46.872+0000] {dag.py:3036} INFO - Sync 1 DAGs
[2025-07-20T08:41:46.885+0000] {logging_mixin.py:188} INFO - [2025-07-20T08:41:46.885+0000] {dag.py:3823} INFO - Setting next_dagrun for ml_pipeline_end_to_end to None, run_after=None
[2025-07-20T08:41:46.907+0000] {processor.py:183} INFO - Processing /opt/airflow/dags/conplete_mlops.py took 0.081 seconds
[2025-07-20T08:42:17.531+0000] {processor.py:161} INFO - Started process (PID=12521) to work on /opt/airflow/dags/conplete_mlops.py
[2025-07-20T08:42:17.532+0000] {processor.py:830} INFO - Processing file /opt/airflow/dags/conplete_mlops.py for tasks to queue
[2025-07-20T08:42:17.534+0000] {logging_mixin.py:188} INFO - [2025-07-20T08:42:17.533+0000] {dagbag.py:538} INFO - Filling up the DagBag from /opt/airflow/dags/conplete_mlops.py
[2025-07-20T08:42:17.547+0000] {processor.py:840} INFO - DAG(s) 'ml_pipeline_end_to_end' retrieved from /opt/airflow/dags/conplete_mlops.py
[2025-07-20T08:42:17.573+0000] {logging_mixin.py:188} INFO - [2025-07-20T08:42:17.573+0000] {dag.py:3036} INFO - Sync 1 DAGs
[2025-07-20T08:42:17.584+0000] {logging_mixin.py:188} INFO - [2025-07-20T08:42:17.584+0000] {dag.py:3823} INFO - Setting next_dagrun for ml_pipeline_end_to_end to None, run_after=None
[2025-07-20T08:42:17.609+0000] {processor.py:183} INFO - Processing /opt/airflow/dags/conplete_mlops.py took 0.081 seconds
[2025-07-20T08:42:48.156+0000] {processor.py:161} INFO - Started process (PID=12536) to work on /opt/airflow/dags/conplete_mlops.py
[2025-07-20T08:42:48.157+0000] {processor.py:830} INFO - Processing file /opt/airflow/dags/conplete_mlops.py for tasks to queue
[2025-07-20T08:42:48.158+0000] {logging_mixin.py:188} INFO - [2025-07-20T08:42:48.158+0000] {dagbag.py:538} INFO - Filling up the DagBag from /opt/airflow/dags/conplete_mlops.py
[2025-07-20T08:42:48.170+0000] {processor.py:840} INFO - DAG(s) 'ml_pipeline_end_to_end' retrieved from /opt/airflow/dags/conplete_mlops.py
[2025-07-20T08:42:48.195+0000] {logging_mixin.py:188} INFO - [2025-07-20T08:42:48.194+0000] {dag.py:3036} INFO - Sync 1 DAGs
[2025-07-20T08:42:48.205+0000] {logging_mixin.py:188} INFO - [2025-07-20T08:42:48.205+0000] {dag.py:3823} INFO - Setting next_dagrun for ml_pipeline_end_to_end to None, run_after=None
[2025-07-20T08:42:48.228+0000] {processor.py:183} INFO - Processing /opt/airflow/dags/conplete_mlops.py took 0.075 seconds
[2025-07-20T08:43:19.175+0000] {processor.py:161} INFO - Started process (PID=12551) to work on /opt/airflow/dags/conplete_mlops.py
[2025-07-20T08:43:19.176+0000] {processor.py:830} INFO - Processing file /opt/airflow/dags/conplete_mlops.py for tasks to queue
[2025-07-20T08:43:19.178+0000] {logging_mixin.py:188} INFO - [2025-07-20T08:43:19.177+0000] {dagbag.py:538} INFO - Filling up the DagBag from /opt/airflow/dags/conplete_mlops.py
[2025-07-20T08:43:19.198+0000] {processor.py:840} INFO - DAG(s) 'ml_pipeline_end_to_end' retrieved from /opt/airflow/dags/conplete_mlops.py
[2025-07-20T08:43:19.234+0000] {logging_mixin.py:188} INFO - [2025-07-20T08:43:19.234+0000] {dag.py:3036} INFO - Sync 1 DAGs
[2025-07-20T08:43:19.249+0000] {logging_mixin.py:188} INFO - [2025-07-20T08:43:19.249+0000] {dag.py:3823} INFO - Setting next_dagrun for ml_pipeline_end_to_end to None, run_after=None
[2025-07-20T08:43:19.268+0000] {processor.py:183} INFO - Processing /opt/airflow/dags/conplete_mlops.py took 0.097 seconds
[2025-07-20T08:43:49.765+0000] {processor.py:161} INFO - Started process (PID=12566) to work on /opt/airflow/dags/conplete_mlops.py
[2025-07-20T08:43:49.766+0000] {processor.py:830} INFO - Processing file /opt/airflow/dags/conplete_mlops.py for tasks to queue
[2025-07-20T08:43:49.767+0000] {logging_mixin.py:188} INFO - [2025-07-20T08:43:49.767+0000] {dagbag.py:538} INFO - Filling up the DagBag from /opt/airflow/dags/conplete_mlops.py
[2025-07-20T08:43:49.779+0000] {processor.py:840} INFO - DAG(s) 'ml_pipeline_end_to_end' retrieved from /opt/airflow/dags/conplete_mlops.py
[2025-07-20T08:43:49.872+0000] {logging_mixin.py:188} INFO - [2025-07-20T08:43:49.871+0000] {dag.py:3036} INFO - Sync 1 DAGs
[2025-07-20T08:43:49.885+0000] {logging_mixin.py:188} INFO - [2025-07-20T08:43:49.885+0000] {dag.py:3823} INFO - Setting next_dagrun for ml_pipeline_end_to_end to None, run_after=None
[2025-07-20T08:43:49.904+0000] {processor.py:183} INFO - Processing /opt/airflow/dags/conplete_mlops.py took 0.143 seconds
[2025-07-20T08:44:20.403+0000] {processor.py:161} INFO - Started process (PID=12581) to work on /opt/airflow/dags/conplete_mlops.py
[2025-07-20T08:44:20.403+0000] {processor.py:830} INFO - Processing file /opt/airflow/dags/conplete_mlops.py for tasks to queue
[2025-07-20T08:44:20.404+0000] {logging_mixin.py:188} INFO - [2025-07-20T08:44:20.404+0000] {dagbag.py:538} INFO - Filling up the DagBag from /opt/airflow/dags/conplete_mlops.py
[2025-07-20T08:44:20.415+0000] {processor.py:840} INFO - DAG(s) 'ml_pipeline_end_to_end' retrieved from /opt/airflow/dags/conplete_mlops.py
[2025-07-20T08:44:20.440+0000] {logging_mixin.py:188} INFO - [2025-07-20T08:44:20.440+0000] {dag.py:3036} INFO - Sync 1 DAGs
[2025-07-20T08:44:20.453+0000] {logging_mixin.py:188} INFO - [2025-07-20T08:44:20.452+0000] {dag.py:3823} INFO - Setting next_dagrun for ml_pipeline_end_to_end to None, run_after=None
[2025-07-20T08:44:20.475+0000] {processor.py:183} INFO - Processing /opt/airflow/dags/conplete_mlops.py took 0.076 seconds
[2025-07-20T08:44:51.044+0000] {processor.py:161} INFO - Started process (PID=12596) to work on /opt/airflow/dags/conplete_mlops.py
[2025-07-20T08:44:51.045+0000] {processor.py:830} INFO - Processing file /opt/airflow/dags/conplete_mlops.py for tasks to queue
[2025-07-20T08:44:51.046+0000] {logging_mixin.py:188} INFO - [2025-07-20T08:44:51.046+0000] {dagbag.py:538} INFO - Filling up the DagBag from /opt/airflow/dags/conplete_mlops.py
[2025-07-20T08:44:51.058+0000] {processor.py:840} INFO - DAG(s) 'ml_pipeline_end_to_end' retrieved from /opt/airflow/dags/conplete_mlops.py
[2025-07-20T08:44:51.085+0000] {logging_mixin.py:188} INFO - [2025-07-20T08:44:51.085+0000] {dag.py:3036} INFO - Sync 1 DAGs
[2025-07-20T08:44:51.096+0000] {logging_mixin.py:188} INFO - [2025-07-20T08:44:51.096+0000] {dag.py:3823} INFO - Setting next_dagrun for ml_pipeline_end_to_end to None, run_after=None
[2025-07-20T08:44:51.117+0000] {processor.py:183} INFO - Processing /opt/airflow/dags/conplete_mlops.py took 0.076 seconds
[2025-07-20T08:45:21.757+0000] {processor.py:161} INFO - Started process (PID=12613) to work on /opt/airflow/dags/conplete_mlops.py
[2025-07-20T08:45:21.760+0000] {processor.py:830} INFO - Processing file /opt/airflow/dags/conplete_mlops.py for tasks to queue
[2025-07-20T08:45:21.762+0000] {logging_mixin.py:188} INFO - [2025-07-20T08:45:21.762+0000] {dagbag.py:538} INFO - Filling up the DagBag from /opt/airflow/dags/conplete_mlops.py
[2025-07-20T08:45:21.779+0000] {processor.py:840} INFO - DAG(s) 'ml_pipeline_end_to_end' retrieved from /opt/airflow/dags/conplete_mlops.py
[2025-07-20T08:45:21.805+0000] {logging_mixin.py:188} INFO - [2025-07-20T08:45:21.805+0000] {dag.py:3036} INFO - Sync 1 DAGs
[2025-07-20T08:45:21.816+0000] {logging_mixin.py:188} INFO - [2025-07-20T08:45:21.816+0000] {dag.py:3823} INFO - Setting next_dagrun for ml_pipeline_end_to_end to None, run_after=None
[2025-07-20T08:45:21.835+0000] {processor.py:183} INFO - Processing /opt/airflow/dags/conplete_mlops.py took 0.087 seconds
[2025-07-20T08:45:52.438+0000] {processor.py:161} INFO - Started process (PID=12626) to work on /opt/airflow/dags/conplete_mlops.py
[2025-07-20T08:45:52.439+0000] {processor.py:830} INFO - Processing file /opt/airflow/dags/conplete_mlops.py for tasks to queue
[2025-07-20T08:45:52.440+0000] {logging_mixin.py:188} INFO - [2025-07-20T08:45:52.440+0000] {dagbag.py:538} INFO - Filling up the DagBag from /opt/airflow/dags/conplete_mlops.py
[2025-07-20T08:45:52.455+0000] {processor.py:840} INFO - DAG(s) 'ml_pipeline_end_to_end' retrieved from /opt/airflow/dags/conplete_mlops.py
[2025-07-20T08:45:52.484+0000] {logging_mixin.py:188} INFO - [2025-07-20T08:45:52.484+0000] {dag.py:3036} INFO - Sync 1 DAGs
[2025-07-20T08:45:52.498+0000] {logging_mixin.py:188} INFO - [2025-07-20T08:45:52.498+0000] {dag.py:3823} INFO - Setting next_dagrun for ml_pipeline_end_to_end to None, run_after=None
[2025-07-20T08:45:52.519+0000] {processor.py:183} INFO - Processing /opt/airflow/dags/conplete_mlops.py took 0.085 seconds
[2025-07-20T08:46:23.127+0000] {processor.py:161} INFO - Started process (PID=12641) to work on /opt/airflow/dags/conplete_mlops.py
[2025-07-20T08:46:23.128+0000] {processor.py:830} INFO - Processing file /opt/airflow/dags/conplete_mlops.py for tasks to queue
[2025-07-20T08:46:23.129+0000] {logging_mixin.py:188} INFO - [2025-07-20T08:46:23.129+0000] {dagbag.py:538} INFO - Filling up the DagBag from /opt/airflow/dags/conplete_mlops.py
[2025-07-20T08:46:23.143+0000] {processor.py:840} INFO - DAG(s) 'ml_pipeline_end_to_end' retrieved from /opt/airflow/dags/conplete_mlops.py
[2025-07-20T08:46:23.176+0000] {logging_mixin.py:188} INFO - [2025-07-20T08:46:23.176+0000] {dag.py:3036} INFO - Sync 1 DAGs
[2025-07-20T08:46:23.188+0000] {logging_mixin.py:188} INFO - [2025-07-20T08:46:23.188+0000] {dag.py:3823} INFO - Setting next_dagrun for ml_pipeline_end_to_end to None, run_after=None
[2025-07-20T08:46:23.211+0000] {processor.py:183} INFO - Processing /opt/airflow/dags/conplete_mlops.py took 0.088 seconds
[2025-07-20T08:46:53.755+0000] {processor.py:161} INFO - Started process (PID=12656) to work on /opt/airflow/dags/conplete_mlops.py
[2025-07-20T08:46:53.756+0000] {processor.py:830} INFO - Processing file /opt/airflow/dags/conplete_mlops.py for tasks to queue
[2025-07-20T08:46:53.757+0000] {logging_mixin.py:188} INFO - [2025-07-20T08:46:53.757+0000] {dagbag.py:538} INFO - Filling up the DagBag from /opt/airflow/dags/conplete_mlops.py
[2025-07-20T08:46:53.768+0000] {processor.py:840} INFO - DAG(s) 'ml_pipeline_end_to_end' retrieved from /opt/airflow/dags/conplete_mlops.py
[2025-07-20T08:46:53.826+0000] {logging_mixin.py:188} INFO - [2025-07-20T08:46:53.826+0000] {dag.py:3036} INFO - Sync 1 DAGs
[2025-07-20T08:46:53.843+0000] {logging_mixin.py:188} INFO - [2025-07-20T08:46:53.842+0000] {dag.py:3823} INFO - Setting next_dagrun for ml_pipeline_end_to_end to None, run_after=None
[2025-07-20T08:46:53.871+0000] {processor.py:183} INFO - Processing /opt/airflow/dags/conplete_mlops.py took 0.119 seconds
[2025-07-20T08:47:24.417+0000] {processor.py:161} INFO - Started process (PID=12671) to work on /opt/airflow/dags/conplete_mlops.py
[2025-07-20T08:47:24.418+0000] {processor.py:830} INFO - Processing file /opt/airflow/dags/conplete_mlops.py for tasks to queue
[2025-07-20T08:47:24.420+0000] {logging_mixin.py:188} INFO - [2025-07-20T08:47:24.419+0000] {dagbag.py:538} INFO - Filling up the DagBag from /opt/airflow/dags/conplete_mlops.py
[2025-07-20T08:47:24.433+0000] {processor.py:840} INFO - DAG(s) 'ml_pipeline_end_to_end' retrieved from /opt/airflow/dags/conplete_mlops.py
[2025-07-20T08:47:24.464+0000] {logging_mixin.py:188} INFO - [2025-07-20T08:47:24.464+0000] {dag.py:3036} INFO - Sync 1 DAGs
[2025-07-20T08:47:24.477+0000] {logging_mixin.py:188} INFO - [2025-07-20T08:47:24.477+0000] {dag.py:3823} INFO - Setting next_dagrun for ml_pipeline_end_to_end to None, run_after=None
[2025-07-20T08:47:24.499+0000] {processor.py:183} INFO - Processing /opt/airflow/dags/conplete_mlops.py took 0.085 seconds
[2025-07-20T08:47:55.051+0000] {processor.py:161} INFO - Started process (PID=12686) to work on /opt/airflow/dags/conplete_mlops.py
[2025-07-20T08:47:55.052+0000] {processor.py:830} INFO - Processing file /opt/airflow/dags/conplete_mlops.py for tasks to queue
[2025-07-20T08:47:55.053+0000] {logging_mixin.py:188} INFO - [2025-07-20T08:47:55.053+0000] {dagbag.py:538} INFO - Filling up the DagBag from /opt/airflow/dags/conplete_mlops.py
[2025-07-20T08:47:55.079+0000] {processor.py:840} INFO - DAG(s) 'ml_pipeline_end_to_end' retrieved from /opt/airflow/dags/conplete_mlops.py
[2025-07-20T08:47:55.138+0000] {logging_mixin.py:188} INFO - [2025-07-20T08:47:55.138+0000] {dag.py:3036} INFO - Sync 1 DAGs
[2025-07-20T08:47:55.150+0000] {logging_mixin.py:188} INFO - [2025-07-20T08:47:55.150+0000] {dag.py:3823} INFO - Setting next_dagrun for ml_pipeline_end_to_end to None, run_after=None
[2025-07-20T08:47:55.170+0000] {processor.py:183} INFO - Processing /opt/airflow/dags/conplete_mlops.py took 0.122 seconds
[2025-07-20T08:48:25.833+0000] {processor.py:161} INFO - Started process (PID=12701) to work on /opt/airflow/dags/conplete_mlops.py
[2025-07-20T08:48:25.834+0000] {processor.py:830} INFO - Processing file /opt/airflow/dags/conplete_mlops.py for tasks to queue
[2025-07-20T08:48:25.835+0000] {logging_mixin.py:188} INFO - [2025-07-20T08:48:25.835+0000] {dagbag.py:538} INFO - Filling up the DagBag from /opt/airflow/dags/conplete_mlops.py
[2025-07-20T08:48:25.848+0000] {processor.py:840} INFO - DAG(s) 'ml_pipeline_end_to_end' retrieved from /opt/airflow/dags/conplete_mlops.py
[2025-07-20T08:48:25.874+0000] {logging_mixin.py:188} INFO - [2025-07-20T08:48:25.874+0000] {dag.py:3036} INFO - Sync 1 DAGs
[2025-07-20T08:48:25.886+0000] {logging_mixin.py:188} INFO - [2025-07-20T08:48:25.886+0000] {dag.py:3823} INFO - Setting next_dagrun for ml_pipeline_end_to_end to None, run_after=None
[2025-07-20T08:48:25.908+0000] {processor.py:183} INFO - Processing /opt/airflow/dags/conplete_mlops.py took 0.079 seconds
[2025-07-20T08:48:56.462+0000] {processor.py:161} INFO - Started process (PID=12716) to work on /opt/airflow/dags/conplete_mlops.py
[2025-07-20T08:48:56.463+0000] {processor.py:830} INFO - Processing file /opt/airflow/dags/conplete_mlops.py for tasks to queue
[2025-07-20T08:48:56.464+0000] {logging_mixin.py:188} INFO - [2025-07-20T08:48:56.464+0000] {dagbag.py:538} INFO - Filling up the DagBag from /opt/airflow/dags/conplete_mlops.py
[2025-07-20T08:48:56.476+0000] {processor.py:840} INFO - DAG(s) 'ml_pipeline_end_to_end' retrieved from /opt/airflow/dags/conplete_mlops.py
[2025-07-20T08:48:56.522+0000] {logging_mixin.py:188} INFO - [2025-07-20T08:48:56.521+0000] {dag.py:3036} INFO - Sync 1 DAGs
[2025-07-20T08:48:56.535+0000] {logging_mixin.py:188} INFO - [2025-07-20T08:48:56.535+0000] {dag.py:3823} INFO - Setting next_dagrun for ml_pipeline_end_to_end to None, run_after=None
[2025-07-20T08:48:56.559+0000] {processor.py:183} INFO - Processing /opt/airflow/dags/conplete_mlops.py took 0.100 seconds
[2025-07-20T08:49:27.072+0000] {processor.py:161} INFO - Started process (PID=12731) to work on /opt/airflow/dags/conplete_mlops.py
[2025-07-20T08:49:27.073+0000] {processor.py:830} INFO - Processing file /opt/airflow/dags/conplete_mlops.py for tasks to queue
[2025-07-20T08:49:27.073+0000] {logging_mixin.py:188} INFO - [2025-07-20T08:49:27.073+0000] {dagbag.py:538} INFO - Filling up the DagBag from /opt/airflow/dags/conplete_mlops.py
[2025-07-20T08:49:27.085+0000] {processor.py:840} INFO - DAG(s) 'ml_pipeline_end_to_end' retrieved from /opt/airflow/dags/conplete_mlops.py
[2025-07-20T08:49:27.246+0000] {logging_mixin.py:188} INFO - [2025-07-20T08:49:27.246+0000] {dag.py:3036} INFO - Sync 1 DAGs
[2025-07-20T08:49:27.260+0000] {logging_mixin.py:188} INFO - [2025-07-20T08:49:27.260+0000] {dag.py:3823} INFO - Setting next_dagrun for ml_pipeline_end_to_end to None, run_after=None
[2025-07-20T08:49:27.281+0000] {processor.py:183} INFO - Processing /opt/airflow/dags/conplete_mlops.py took 0.214 seconds
[2025-07-20T08:49:57.879+0000] {processor.py:161} INFO - Started process (PID=12748) to work on /opt/airflow/dags/conplete_mlops.py
[2025-07-20T08:49:57.880+0000] {processor.py:830} INFO - Processing file /opt/airflow/dags/conplete_mlops.py for tasks to queue
[2025-07-20T08:49:57.881+0000] {logging_mixin.py:188} INFO - [2025-07-20T08:49:57.881+0000] {dagbag.py:538} INFO - Filling up the DagBag from /opt/airflow/dags/conplete_mlops.py
[2025-07-20T08:49:57.896+0000] {processor.py:840} INFO - DAG(s) 'ml_pipeline_end_to_end' retrieved from /opt/airflow/dags/conplete_mlops.py
[2025-07-20T08:49:57.924+0000] {logging_mixin.py:188} INFO - [2025-07-20T08:49:57.924+0000] {dag.py:3036} INFO - Sync 1 DAGs
[2025-07-20T08:49:57.936+0000] {logging_mixin.py:188} INFO - [2025-07-20T08:49:57.936+0000] {dag.py:3823} INFO - Setting next_dagrun for ml_pipeline_end_to_end to None, run_after=None
[2025-07-20T08:49:57.962+0000] {processor.py:183} INFO - Processing /opt/airflow/dags/conplete_mlops.py took 0.087 seconds
[2025-07-20T08:50:28.701+0000] {processor.py:161} INFO - Started process (PID=12761) to work on /opt/airflow/dags/conplete_mlops.py
[2025-07-20T08:50:28.704+0000] {processor.py:830} INFO - Processing file /opt/airflow/dags/conplete_mlops.py for tasks to queue
[2025-07-20T08:50:28.706+0000] {logging_mixin.py:188} INFO - [2025-07-20T08:50:28.705+0000] {dagbag.py:538} INFO - Filling up the DagBag from /opt/airflow/dags/conplete_mlops.py
[2025-07-20T08:50:28.720+0000] {processor.py:840} INFO - DAG(s) 'ml_pipeline_end_to_end' retrieved from /opt/airflow/dags/conplete_mlops.py
[2025-07-20T08:50:28.747+0000] {logging_mixin.py:188} INFO - [2025-07-20T08:50:28.746+0000] {dag.py:3036} INFO - Sync 1 DAGs
[2025-07-20T08:50:28.758+0000] {logging_mixin.py:188} INFO - [2025-07-20T08:50:28.758+0000] {dag.py:3823} INFO - Setting next_dagrun for ml_pipeline_end_to_end to None, run_after=None
[2025-07-20T08:50:28.781+0000] {processor.py:183} INFO - Processing /opt/airflow/dags/conplete_mlops.py took 0.093 seconds
[2025-07-20T08:50:59.463+0000] {processor.py:161} INFO - Started process (PID=12776) to work on /opt/airflow/dags/conplete_mlops.py
[2025-07-20T08:50:59.465+0000] {processor.py:830} INFO - Processing file /opt/airflow/dags/conplete_mlops.py for tasks to queue
[2025-07-20T08:50:59.467+0000] {logging_mixin.py:188} INFO - [2025-07-20T08:50:59.467+0000] {dagbag.py:538} INFO - Filling up the DagBag from /opt/airflow/dags/conplete_mlops.py
[2025-07-20T08:50:59.484+0000] {processor.py:840} INFO - DAG(s) 'ml_pipeline_end_to_end' retrieved from /opt/airflow/dags/conplete_mlops.py
[2025-07-20T08:50:59.510+0000] {logging_mixin.py:188} INFO - [2025-07-20T08:50:59.510+0000] {dag.py:3036} INFO - Sync 1 DAGs
[2025-07-20T08:50:59.522+0000] {logging_mixin.py:188} INFO - [2025-07-20T08:50:59.521+0000] {dag.py:3823} INFO - Setting next_dagrun for ml_pipeline_end_to_end to None, run_after=None
[2025-07-20T08:50:59.542+0000] {processor.py:183} INFO - Processing /opt/airflow/dags/conplete_mlops.py took 0.086 seconds
[2025-07-20T08:51:30.114+0000] {processor.py:161} INFO - Started process (PID=12791) to work on /opt/airflow/dags/conplete_mlops.py
[2025-07-20T08:51:30.116+0000] {processor.py:830} INFO - Processing file /opt/airflow/dags/conplete_mlops.py for tasks to queue
[2025-07-20T08:51:30.117+0000] {logging_mixin.py:188} INFO - [2025-07-20T08:51:30.116+0000] {dagbag.py:538} INFO - Filling up the DagBag from /opt/airflow/dags/conplete_mlops.py
[2025-07-20T08:51:30.127+0000] {processor.py:840} INFO - DAG(s) 'ml_pipeline_end_to_end' retrieved from /opt/airflow/dags/conplete_mlops.py
[2025-07-20T08:51:30.154+0000] {logging_mixin.py:188} INFO - [2025-07-20T08:51:30.153+0000] {dag.py:3036} INFO - Sync 1 DAGs
[2025-07-20T08:51:30.166+0000] {logging_mixin.py:188} INFO - [2025-07-20T08:51:30.166+0000] {dag.py:3823} INFO - Setting next_dagrun for ml_pipeline_end_to_end to None, run_after=None
[2025-07-20T08:51:30.187+0000] {processor.py:183} INFO - Processing /opt/airflow/dags/conplete_mlops.py took 0.076 seconds
[2025-07-20T08:52:00.820+0000] {processor.py:161} INFO - Started process (PID=12806) to work on /opt/airflow/dags/conplete_mlops.py
[2025-07-20T08:52:00.821+0000] {processor.py:830} INFO - Processing file /opt/airflow/dags/conplete_mlops.py for tasks to queue
[2025-07-20T08:52:00.821+0000] {logging_mixin.py:188} INFO - [2025-07-20T08:52:00.821+0000] {dagbag.py:538} INFO - Filling up the DagBag from /opt/airflow/dags/conplete_mlops.py
[2025-07-20T08:52:00.834+0000] {processor.py:840} INFO - DAG(s) 'ml_pipeline_end_to_end' retrieved from /opt/airflow/dags/conplete_mlops.py
[2025-07-20T08:52:00.860+0000] {logging_mixin.py:188} INFO - [2025-07-20T08:52:00.860+0000] {dag.py:3036} INFO - Sync 1 DAGs
[2025-07-20T08:52:00.871+0000] {logging_mixin.py:188} INFO - [2025-07-20T08:52:00.871+0000] {dag.py:3823} INFO - Setting next_dagrun for ml_pipeline_end_to_end to None, run_after=None
[2025-07-20T08:52:00.894+0000] {processor.py:183} INFO - Processing /opt/airflow/dags/conplete_mlops.py took 0.078 seconds
[2025-07-20T08:52:31.413+0000] {processor.py:161} INFO - Started process (PID=12821) to work on /opt/airflow/dags/conplete_mlops.py
[2025-07-20T08:52:31.414+0000] {processor.py:830} INFO - Processing file /opt/airflow/dags/conplete_mlops.py for tasks to queue
[2025-07-20T08:52:31.415+0000] {logging_mixin.py:188} INFO - [2025-07-20T08:52:31.415+0000] {dagbag.py:538} INFO - Filling up the DagBag from /opt/airflow/dags/conplete_mlops.py
[2025-07-20T08:52:31.436+0000] {processor.py:840} INFO - DAG(s) 'ml_pipeline_end_to_end' retrieved from /opt/airflow/dags/conplete_mlops.py
[2025-07-20T08:52:31.467+0000] {logging_mixin.py:188} INFO - [2025-07-20T08:52:31.466+0000] {dag.py:3036} INFO - Sync 1 DAGs
[2025-07-20T08:52:31.479+0000] {logging_mixin.py:188} INFO - [2025-07-20T08:52:31.479+0000] {dag.py:3823} INFO - Setting next_dagrun for ml_pipeline_end_to_end to None, run_after=None
[2025-07-20T08:52:31.501+0000] {processor.py:183} INFO - Processing /opt/airflow/dags/conplete_mlops.py took 0.091 seconds
[2025-07-20T08:53:02.086+0000] {processor.py:161} INFO - Started process (PID=12836) to work on /opt/airflow/dags/conplete_mlops.py
[2025-07-20T08:53:02.087+0000] {processor.py:830} INFO - Processing file /opt/airflow/dags/conplete_mlops.py for tasks to queue
[2025-07-20T08:53:02.088+0000] {logging_mixin.py:188} INFO - [2025-07-20T08:53:02.088+0000] {dagbag.py:538} INFO - Filling up the DagBag from /opt/airflow/dags/conplete_mlops.py
[2025-07-20T08:53:02.100+0000] {processor.py:840} INFO - DAG(s) 'ml_pipeline_end_to_end' retrieved from /opt/airflow/dags/conplete_mlops.py
[2025-07-20T08:53:02.128+0000] {logging_mixin.py:188} INFO - [2025-07-20T08:53:02.127+0000] {dag.py:3036} INFO - Sync 1 DAGs
[2025-07-20T08:53:02.139+0000] {logging_mixin.py:188} INFO - [2025-07-20T08:53:02.139+0000] {dag.py:3823} INFO - Setting next_dagrun for ml_pipeline_end_to_end to None, run_after=None
[2025-07-20T08:53:02.159+0000] {processor.py:183} INFO - Processing /opt/airflow/dags/conplete_mlops.py took 0.075 seconds
[2025-07-20T08:53:32.931+0000] {processor.py:161} INFO - Started process (PID=12851) to work on /opt/airflow/dags/conplete_mlops.py
[2025-07-20T08:53:32.932+0000] {processor.py:830} INFO - Processing file /opt/airflow/dags/conplete_mlops.py for tasks to queue
[2025-07-20T08:53:32.933+0000] {logging_mixin.py:188} INFO - [2025-07-20T08:53:32.933+0000] {dagbag.py:538} INFO - Filling up the DagBag from /opt/airflow/dags/conplete_mlops.py
[2025-07-20T08:53:32.945+0000] {processor.py:840} INFO - DAG(s) 'ml_pipeline_end_to_end' retrieved from /opt/airflow/dags/conplete_mlops.py
[2025-07-20T08:53:32.970+0000] {logging_mixin.py:188} INFO - [2025-07-20T08:53:32.970+0000] {dag.py:3036} INFO - Sync 1 DAGs
[2025-07-20T08:53:32.981+0000] {logging_mixin.py:188} INFO - [2025-07-20T08:53:32.981+0000] {dag.py:3823} INFO - Setting next_dagrun for ml_pipeline_end_to_end to None, run_after=None
[2025-07-20T08:53:33.002+0000] {processor.py:183} INFO - Processing /opt/airflow/dags/conplete_mlops.py took 0.074 seconds
[2025-07-20T08:54:03.548+0000] {processor.py:161} INFO - Started process (PID=12866) to work on /opt/airflow/dags/conplete_mlops.py
[2025-07-20T08:54:03.549+0000] {processor.py:830} INFO - Processing file /opt/airflow/dags/conplete_mlops.py for tasks to queue
[2025-07-20T08:54:03.550+0000] {logging_mixin.py:188} INFO - [2025-07-20T08:54:03.550+0000] {dagbag.py:538} INFO - Filling up the DagBag from /opt/airflow/dags/conplete_mlops.py
[2025-07-20T08:54:03.563+0000] {processor.py:840} INFO - DAG(s) 'ml_pipeline_end_to_end' retrieved from /opt/airflow/dags/conplete_mlops.py
[2025-07-20T08:54:03.589+0000] {logging_mixin.py:188} INFO - [2025-07-20T08:54:03.588+0000] {dag.py:3036} INFO - Sync 1 DAGs
[2025-07-20T08:54:03.600+0000] {logging_mixin.py:188} INFO - [2025-07-20T08:54:03.599+0000] {dag.py:3823} INFO - Setting next_dagrun for ml_pipeline_end_to_end to None, run_after=None
[2025-07-20T08:54:03.619+0000] {processor.py:183} INFO - Processing /opt/airflow/dags/conplete_mlops.py took 0.075 seconds
[2025-07-20T08:54:34.148+0000] {processor.py:161} INFO - Started process (PID=12881) to work on /opt/airflow/dags/conplete_mlops.py
[2025-07-20T08:54:34.149+0000] {processor.py:830} INFO - Processing file /opt/airflow/dags/conplete_mlops.py for tasks to queue
[2025-07-20T08:54:34.150+0000] {logging_mixin.py:188} INFO - [2025-07-20T08:54:34.150+0000] {dagbag.py:538} INFO - Filling up the DagBag from /opt/airflow/dags/conplete_mlops.py
[2025-07-20T08:54:34.161+0000] {processor.py:840} INFO - DAG(s) 'ml_pipeline_end_to_end' retrieved from /opt/airflow/dags/conplete_mlops.py
[2025-07-20T08:54:34.188+0000] {logging_mixin.py:188} INFO - [2025-07-20T08:54:34.188+0000] {dag.py:3036} INFO - Sync 1 DAGs
[2025-07-20T08:54:34.199+0000] {logging_mixin.py:188} INFO - [2025-07-20T08:54:34.199+0000] {dag.py:3823} INFO - Setting next_dagrun for ml_pipeline_end_to_end to None, run_after=None
[2025-07-20T08:54:34.219+0000] {processor.py:183} INFO - Processing /opt/airflow/dags/conplete_mlops.py took 0.076 seconds
[2025-07-20T08:55:04.971+0000] {processor.py:161} INFO - Started process (PID=12896) to work on /opt/airflow/dags/conplete_mlops.py
[2025-07-20T08:55:04.971+0000] {processor.py:830} INFO - Processing file /opt/airflow/dags/conplete_mlops.py for tasks to queue
[2025-07-20T08:55:04.972+0000] {logging_mixin.py:188} INFO - [2025-07-20T08:55:04.972+0000] {dagbag.py:538} INFO - Filling up the DagBag from /opt/airflow/dags/conplete_mlops.py
[2025-07-20T08:55:04.985+0000] {processor.py:840} INFO - DAG(s) 'ml_pipeline_end_to_end' retrieved from /opt/airflow/dags/conplete_mlops.py
[2025-07-20T08:55:05.018+0000] {logging_mixin.py:188} INFO - [2025-07-20T08:55:05.017+0000] {dag.py:3036} INFO - Sync 1 DAGs
[2025-07-20T08:55:05.030+0000] {logging_mixin.py:188} INFO - [2025-07-20T08:55:05.029+0000] {dag.py:3823} INFO - Setting next_dagrun for ml_pipeline_end_to_end to None, run_after=None
[2025-07-20T08:55:05.188+0000] {processor.py:183} INFO - Processing /opt/airflow/dags/conplete_mlops.py took 0.220 seconds
[2025-07-20T08:55:35.793+0000] {processor.py:161} INFO - Started process (PID=12911) to work on /opt/airflow/dags/conplete_mlops.py
[2025-07-20T08:55:35.794+0000] {processor.py:830} INFO - Processing file /opt/airflow/dags/conplete_mlops.py for tasks to queue
[2025-07-20T08:55:35.795+0000] {logging_mixin.py:188} INFO - [2025-07-20T08:55:35.795+0000] {dagbag.py:538} INFO - Filling up the DagBag from /opt/airflow/dags/conplete_mlops.py
[2025-07-20T08:55:35.806+0000] {processor.py:840} INFO - DAG(s) 'ml_pipeline_end_to_end' retrieved from /opt/airflow/dags/conplete_mlops.py
[2025-07-20T08:55:35.930+0000] {logging_mixin.py:188} INFO - [2025-07-20T08:55:35.930+0000] {dag.py:3036} INFO - Sync 1 DAGs
[2025-07-20T08:55:35.944+0000] {logging_mixin.py:188} INFO - [2025-07-20T08:55:35.943+0000] {dag.py:3823} INFO - Setting next_dagrun for ml_pipeline_end_to_end to None, run_after=None
[2025-07-20T08:55:35.966+0000] {processor.py:183} INFO - Processing /opt/airflow/dags/conplete_mlops.py took 0.177 seconds
[2025-07-20T08:56:06.490+0000] {processor.py:161} INFO - Started process (PID=12926) to work on /opt/airflow/dags/conplete_mlops.py
[2025-07-20T08:56:06.491+0000] {processor.py:830} INFO - Processing file /opt/airflow/dags/conplete_mlops.py for tasks to queue
[2025-07-20T08:56:06.492+0000] {logging_mixin.py:188} INFO - [2025-07-20T08:56:06.492+0000] {dagbag.py:538} INFO - Filling up the DagBag from /opt/airflow/dags/conplete_mlops.py
[2025-07-20T08:56:06.505+0000] {processor.py:840} INFO - DAG(s) 'ml_pipeline_end_to_end' retrieved from /opt/airflow/dags/conplete_mlops.py
[2025-07-20T08:56:06.693+0000] {logging_mixin.py:188} INFO - [2025-07-20T08:56:06.693+0000] {dag.py:3036} INFO - Sync 1 DAGs
[2025-07-20T08:56:06.705+0000] {logging_mixin.py:188} INFO - [2025-07-20T08:56:06.705+0000] {dag.py:3823} INFO - Setting next_dagrun for ml_pipeline_end_to_end to None, run_after=None
[2025-07-20T08:56:06.727+0000] {processor.py:183} INFO - Processing /opt/airflow/dags/conplete_mlops.py took 0.244 seconds
[2025-07-20T08:56:37.310+0000] {processor.py:161} INFO - Started process (PID=12941) to work on /opt/airflow/dags/conplete_mlops.py
[2025-07-20T08:56:37.311+0000] {processor.py:830} INFO - Processing file /opt/airflow/dags/conplete_mlops.py for tasks to queue
[2025-07-20T08:56:37.312+0000] {logging_mixin.py:188} INFO - [2025-07-20T08:56:37.312+0000] {dagbag.py:538} INFO - Filling up the DagBag from /opt/airflow/dags/conplete_mlops.py
[2025-07-20T08:56:37.327+0000] {processor.py:840} INFO - DAG(s) 'ml_pipeline_end_to_end' retrieved from /opt/airflow/dags/conplete_mlops.py
[2025-07-20T08:56:37.358+0000] {logging_mixin.py:188} INFO - [2025-07-20T08:56:37.358+0000] {dag.py:3036} INFO - Sync 1 DAGs
[2025-07-20T08:56:37.372+0000] {logging_mixin.py:188} INFO - [2025-07-20T08:56:37.372+0000] {dag.py:3823} INFO - Setting next_dagrun for ml_pipeline_end_to_end to None, run_after=None
[2025-07-20T08:56:37.395+0000] {processor.py:183} INFO - Processing /opt/airflow/dags/conplete_mlops.py took 0.089 seconds
[2025-07-20T08:57:07.936+0000] {processor.py:161} INFO - Started process (PID=12956) to work on /opt/airflow/dags/conplete_mlops.py
[2025-07-20T08:57:07.937+0000] {processor.py:830} INFO - Processing file /opt/airflow/dags/conplete_mlops.py for tasks to queue
[2025-07-20T08:57:07.938+0000] {logging_mixin.py:188} INFO - [2025-07-20T08:57:07.938+0000] {dagbag.py:538} INFO - Filling up the DagBag from /opt/airflow/dags/conplete_mlops.py
[2025-07-20T08:57:07.951+0000] {processor.py:840} INFO - DAG(s) 'ml_pipeline_end_to_end' retrieved from /opt/airflow/dags/conplete_mlops.py
[2025-07-20T08:57:07.977+0000] {logging_mixin.py:188} INFO - [2025-07-20T08:57:07.976+0000] {dag.py:3036} INFO - Sync 1 DAGs
[2025-07-20T08:57:07.987+0000] {logging_mixin.py:188} INFO - [2025-07-20T08:57:07.987+0000] {dag.py:3823} INFO - Setting next_dagrun for ml_pipeline_end_to_end to None, run_after=None
[2025-07-20T08:57:08.010+0000] {processor.py:183} INFO - Processing /opt/airflow/dags/conplete_mlops.py took 0.077 seconds
[2025-07-20T08:57:38.607+0000] {processor.py:161} INFO - Started process (PID=12971) to work on /opt/airflow/dags/conplete_mlops.py
[2025-07-20T08:57:38.608+0000] {processor.py:830} INFO - Processing file /opt/airflow/dags/conplete_mlops.py for tasks to queue
[2025-07-20T08:57:38.609+0000] {logging_mixin.py:188} INFO - [2025-07-20T08:57:38.608+0000] {dagbag.py:538} INFO - Filling up the DagBag from /opt/airflow/dags/conplete_mlops.py
[2025-07-20T08:57:38.623+0000] {processor.py:840} INFO - DAG(s) 'ml_pipeline_end_to_end' retrieved from /opt/airflow/dags/conplete_mlops.py
[2025-07-20T08:57:38.651+0000] {logging_mixin.py:188} INFO - [2025-07-20T08:57:38.651+0000] {dag.py:3036} INFO - Sync 1 DAGs
[2025-07-20T08:57:38.663+0000] {logging_mixin.py:188} INFO - [2025-07-20T08:57:38.663+0000] {dag.py:3823} INFO - Setting next_dagrun for ml_pipeline_end_to_end to None, run_after=None
[2025-07-20T08:57:38.688+0000] {processor.py:183} INFO - Processing /opt/airflow/dags/conplete_mlops.py took 0.085 seconds
[2025-07-20T08:58:09.349+0000] {processor.py:161} INFO - Started process (PID=12986) to work on /opt/airflow/dags/conplete_mlops.py
[2025-07-20T08:58:09.351+0000] {processor.py:830} INFO - Processing file /opt/airflow/dags/conplete_mlops.py for tasks to queue
[2025-07-20T08:58:09.353+0000] {logging_mixin.py:188} INFO - [2025-07-20T08:58:09.352+0000] {dagbag.py:538} INFO - Filling up the DagBag from /opt/airflow/dags/conplete_mlops.py
[2025-07-20T08:58:09.369+0000] {processor.py:840} INFO - DAG(s) 'ml_pipeline_end_to_end' retrieved from /opt/airflow/dags/conplete_mlops.py
[2025-07-20T08:58:09.395+0000] {logging_mixin.py:188} INFO - [2025-07-20T08:58:09.394+0000] {dag.py:3036} INFO - Sync 1 DAGs
[2025-07-20T08:58:09.405+0000] {logging_mixin.py:188} INFO - [2025-07-20T08:58:09.405+0000] {dag.py:3823} INFO - Setting next_dagrun for ml_pipeline_end_to_end to None, run_after=None
[2025-07-20T08:58:09.436+0000] {processor.py:183} INFO - Processing /opt/airflow/dags/conplete_mlops.py took 0.090 seconds
[2025-07-20T08:58:40.126+0000] {processor.py:161} INFO - Started process (PID=13001) to work on /opt/airflow/dags/conplete_mlops.py
[2025-07-20T08:58:40.127+0000] {processor.py:830} INFO - Processing file /opt/airflow/dags/conplete_mlops.py for tasks to queue
[2025-07-20T08:58:40.128+0000] {logging_mixin.py:188} INFO - [2025-07-20T08:58:40.128+0000] {dagbag.py:538} INFO - Filling up the DagBag from /opt/airflow/dags/conplete_mlops.py
[2025-07-20T08:58:40.142+0000] {processor.py:840} INFO - DAG(s) 'ml_pipeline_end_to_end' retrieved from /opt/airflow/dags/conplete_mlops.py
[2025-07-20T08:58:40.170+0000] {logging_mixin.py:188} INFO - [2025-07-20T08:58:40.170+0000] {dag.py:3036} INFO - Sync 1 DAGs
[2025-07-20T08:58:40.182+0000] {logging_mixin.py:188} INFO - [2025-07-20T08:58:40.182+0000] {dag.py:3823} INFO - Setting next_dagrun for ml_pipeline_end_to_end to None, run_after=None
[2025-07-20T08:58:40.205+0000] {processor.py:183} INFO - Processing /opt/airflow/dags/conplete_mlops.py took 0.082 seconds
[2025-07-20T08:59:10.871+0000] {processor.py:161} INFO - Started process (PID=13016) to work on /opt/airflow/dags/conplete_mlops.py
[2025-07-20T08:59:10.872+0000] {processor.py:830} INFO - Processing file /opt/airflow/dags/conplete_mlops.py for tasks to queue
[2025-07-20T08:59:10.873+0000] {logging_mixin.py:188} INFO - [2025-07-20T08:59:10.873+0000] {dagbag.py:538} INFO - Filling up the DagBag from /opt/airflow/dags/conplete_mlops.py
[2025-07-20T08:59:10.885+0000] {processor.py:840} INFO - DAG(s) 'ml_pipeline_end_to_end' retrieved from /opt/airflow/dags/conplete_mlops.py
[2025-07-20T08:59:10.912+0000] {logging_mixin.py:188} INFO - [2025-07-20T08:59:10.911+0000] {dag.py:3036} INFO - Sync 1 DAGs
[2025-07-20T08:59:10.923+0000] {logging_mixin.py:188} INFO - [2025-07-20T08:59:10.923+0000] {dag.py:3823} INFO - Setting next_dagrun for ml_pipeline_end_to_end to None, run_after=None
[2025-07-20T08:59:10.943+0000] {processor.py:183} INFO - Processing /opt/airflow/dags/conplete_mlops.py took 0.075 seconds
[2025-07-20T08:59:41.499+0000] {processor.py:161} INFO - Started process (PID=13031) to work on /opt/airflow/dags/conplete_mlops.py
[2025-07-20T08:59:41.500+0000] {processor.py:830} INFO - Processing file /opt/airflow/dags/conplete_mlops.py for tasks to queue
[2025-07-20T08:59:41.501+0000] {logging_mixin.py:188} INFO - [2025-07-20T08:59:41.501+0000] {dagbag.py:538} INFO - Filling up the DagBag from /opt/airflow/dags/conplete_mlops.py
[2025-07-20T08:59:41.516+0000] {processor.py:840} INFO - DAG(s) 'ml_pipeline_end_to_end' retrieved from /opt/airflow/dags/conplete_mlops.py
[2025-07-20T08:59:41.548+0000] {logging_mixin.py:188} INFO - [2025-07-20T08:59:41.547+0000] {dag.py:3036} INFO - Sync 1 DAGs
[2025-07-20T08:59:41.563+0000] {logging_mixin.py:188} INFO - [2025-07-20T08:59:41.562+0000] {dag.py:3823} INFO - Setting next_dagrun for ml_pipeline_end_to_end to None, run_after=None
[2025-07-20T08:59:41.593+0000] {processor.py:183} INFO - Processing /opt/airflow/dags/conplete_mlops.py took 0.098 seconds
[2025-07-20T09:00:12.153+0000] {processor.py:161} INFO - Started process (PID=13046) to work on /opt/airflow/dags/conplete_mlops.py
[2025-07-20T09:00:12.154+0000] {processor.py:830} INFO - Processing file /opt/airflow/dags/conplete_mlops.py for tasks to queue
[2025-07-20T09:00:12.155+0000] {logging_mixin.py:188} INFO - [2025-07-20T09:00:12.154+0000] {dagbag.py:538} INFO - Filling up the DagBag from /opt/airflow/dags/conplete_mlops.py
[2025-07-20T09:00:12.167+0000] {processor.py:840} INFO - DAG(s) 'ml_pipeline_end_to_end' retrieved from /opt/airflow/dags/conplete_mlops.py
[2025-07-20T09:00:12.192+0000] {logging_mixin.py:188} INFO - [2025-07-20T09:00:12.192+0000] {dag.py:3036} INFO - Sync 1 DAGs
[2025-07-20T09:00:12.204+0000] {logging_mixin.py:188} INFO - [2025-07-20T09:00:12.204+0000] {dag.py:3823} INFO - Setting next_dagrun for ml_pipeline_end_to_end to None, run_after=None
[2025-07-20T09:00:12.226+0000] {processor.py:183} INFO - Processing /opt/airflow/dags/conplete_mlops.py took 0.076 seconds
[2025-07-20T09:00:42.799+0000] {processor.py:161} INFO - Started process (PID=13061) to work on /opt/airflow/dags/conplete_mlops.py
[2025-07-20T09:00:42.800+0000] {processor.py:830} INFO - Processing file /opt/airflow/dags/conplete_mlops.py for tasks to queue
[2025-07-20T09:00:42.801+0000] {logging_mixin.py:188} INFO - [2025-07-20T09:00:42.801+0000] {dagbag.py:538} INFO - Filling up the DagBag from /opt/airflow/dags/conplete_mlops.py
[2025-07-20T09:00:42.818+0000] {processor.py:840} INFO - DAG(s) 'ml_pipeline_end_to_end' retrieved from /opt/airflow/dags/conplete_mlops.py
[2025-07-20T09:00:42.849+0000] {logging_mixin.py:188} INFO - [2025-07-20T09:00:42.848+0000] {dag.py:3036} INFO - Sync 1 DAGs
[2025-07-20T09:00:42.863+0000] {logging_mixin.py:188} INFO - [2025-07-20T09:00:42.863+0000] {dag.py:3823} INFO - Setting next_dagrun for ml_pipeline_end_to_end to None, run_after=None
[2025-07-20T09:00:42.886+0000] {processor.py:183} INFO - Processing /opt/airflow/dags/conplete_mlops.py took 0.091 seconds
[2025-07-20T09:01:13.426+0000] {processor.py:161} INFO - Started process (PID=13076) to work on /opt/airflow/dags/conplete_mlops.py
[2025-07-20T09:01:13.427+0000] {processor.py:830} INFO - Processing file /opt/airflow/dags/conplete_mlops.py for tasks to queue
[2025-07-20T09:01:13.428+0000] {logging_mixin.py:188} INFO - [2025-07-20T09:01:13.427+0000] {dagbag.py:538} INFO - Filling up the DagBag from /opt/airflow/dags/conplete_mlops.py
[2025-07-20T09:01:13.440+0000] {processor.py:840} INFO - DAG(s) 'ml_pipeline_end_to_end' retrieved from /opt/airflow/dags/conplete_mlops.py
[2025-07-20T09:01:13.466+0000] {logging_mixin.py:188} INFO - [2025-07-20T09:01:13.465+0000] {dag.py:3036} INFO - Sync 1 DAGs
[2025-07-20T09:01:13.478+0000] {logging_mixin.py:188} INFO - [2025-07-20T09:01:13.478+0000] {dag.py:3823} INFO - Setting next_dagrun for ml_pipeline_end_to_end to None, run_after=None
[2025-07-20T09:01:13.499+0000] {processor.py:183} INFO - Processing /opt/airflow/dags/conplete_mlops.py took 0.076 seconds
[2025-07-20T09:01:44.288+0000] {processor.py:161} INFO - Started process (PID=13091) to work on /opt/airflow/dags/conplete_mlops.py
[2025-07-20T09:01:44.290+0000] {processor.py:830} INFO - Processing file /opt/airflow/dags/conplete_mlops.py for tasks to queue
[2025-07-20T09:01:44.291+0000] {logging_mixin.py:188} INFO - [2025-07-20T09:01:44.291+0000] {dagbag.py:538} INFO - Filling up the DagBag from /opt/airflow/dags/conplete_mlops.py
[2025-07-20T09:01:44.312+0000] {processor.py:840} INFO - DAG(s) 'ml_pipeline_end_to_end' retrieved from /opt/airflow/dags/conplete_mlops.py
[2025-07-20T09:01:44.355+0000] {logging_mixin.py:188} INFO - [2025-07-20T09:01:44.354+0000] {dag.py:3036} INFO - Sync 1 DAGs
[2025-07-20T09:01:44.372+0000] {logging_mixin.py:188} INFO - [2025-07-20T09:01:44.372+0000] {dag.py:3823} INFO - Setting next_dagrun for ml_pipeline_end_to_end to None, run_after=None
[2025-07-20T09:01:44.401+0000] {processor.py:183} INFO - Processing /opt/airflow/dags/conplete_mlops.py took 0.117 seconds
[2025-07-20T09:02:14.903+0000] {processor.py:161} INFO - Started process (PID=13106) to work on /opt/airflow/dags/conplete_mlops.py
[2025-07-20T09:02:14.904+0000] {processor.py:830} INFO - Processing file /opt/airflow/dags/conplete_mlops.py for tasks to queue
[2025-07-20T09:02:14.905+0000] {logging_mixin.py:188} INFO - [2025-07-20T09:02:14.905+0000] {dagbag.py:538} INFO - Filling up the DagBag from /opt/airflow/dags/conplete_mlops.py
[2025-07-20T09:02:14.917+0000] {processor.py:840} INFO - DAG(s) 'ml_pipeline_end_to_end' retrieved from /opt/airflow/dags/conplete_mlops.py
[2025-07-20T09:02:15.076+0000] {logging_mixin.py:188} INFO - [2025-07-20T09:02:15.076+0000] {dag.py:3036} INFO - Sync 1 DAGs
[2025-07-20T09:02:15.088+0000] {logging_mixin.py:188} INFO - [2025-07-20T09:02:15.088+0000] {dag.py:3823} INFO - Setting next_dagrun for ml_pipeline_end_to_end to None, run_after=None
[2025-07-20T09:02:15.110+0000] {processor.py:183} INFO - Processing /opt/airflow/dags/conplete_mlops.py took 0.211 seconds
[2025-07-20T09:02:45.519+0000] {processor.py:161} INFO - Started process (PID=13121) to work on /opt/airflow/dags/conplete_mlops.py
[2025-07-20T09:02:45.520+0000] {processor.py:830} INFO - Processing file /opt/airflow/dags/conplete_mlops.py for tasks to queue
[2025-07-20T09:02:45.521+0000] {logging_mixin.py:188} INFO - [2025-07-20T09:02:45.521+0000] {dagbag.py:538} INFO - Filling up the DagBag from /opt/airflow/dags/conplete_mlops.py
[2025-07-20T09:02:45.535+0000] {processor.py:840} INFO - DAG(s) 'ml_pipeline_end_to_end' retrieved from /opt/airflow/dags/conplete_mlops.py
[2025-07-20T09:02:45.563+0000] {logging_mixin.py:188} INFO - [2025-07-20T09:02:45.563+0000] {dag.py:3036} INFO - Sync 1 DAGs
[2025-07-20T09:02:45.575+0000] {logging_mixin.py:188} INFO - [2025-07-20T09:02:45.575+0000] {dag.py:3823} INFO - Setting next_dagrun for ml_pipeline_end_to_end to None, run_after=None
[2025-07-20T09:02:45.596+0000] {processor.py:183} INFO - Processing /opt/airflow/dags/conplete_mlops.py took 0.080 seconds
[2025-07-20T09:03:16.223+0000] {processor.py:161} INFO - Started process (PID=13136) to work on /opt/airflow/dags/conplete_mlops.py
[2025-07-20T09:03:16.224+0000] {processor.py:830} INFO - Processing file /opt/airflow/dags/conplete_mlops.py for tasks to queue
[2025-07-20T09:03:16.225+0000] {logging_mixin.py:188} INFO - [2025-07-20T09:03:16.225+0000] {dagbag.py:538} INFO - Filling up the DagBag from /opt/airflow/dags/conplete_mlops.py
[2025-07-20T09:03:16.237+0000] {processor.py:840} INFO - DAG(s) 'ml_pipeline_end_to_end' retrieved from /opt/airflow/dags/conplete_mlops.py
[2025-07-20T09:03:16.264+0000] {logging_mixin.py:188} INFO - [2025-07-20T09:03:16.263+0000] {dag.py:3036} INFO - Sync 1 DAGs
[2025-07-20T09:03:16.274+0000] {logging_mixin.py:188} INFO - [2025-07-20T09:03:16.274+0000] {dag.py:3823} INFO - Setting next_dagrun for ml_pipeline_end_to_end to None, run_after=None
[2025-07-20T09:03:16.296+0000] {processor.py:183} INFO - Processing /opt/airflow/dags/conplete_mlops.py took 0.076 seconds
[2025-07-20T09:03:46.931+0000] {processor.py:161} INFO - Started process (PID=13151) to work on /opt/airflow/dags/conplete_mlops.py
[2025-07-20T09:03:46.932+0000] {processor.py:830} INFO - Processing file /opt/airflow/dags/conplete_mlops.py for tasks to queue
[2025-07-20T09:03:46.933+0000] {logging_mixin.py:188} INFO - [2025-07-20T09:03:46.933+0000] {dagbag.py:538} INFO - Filling up the DagBag from /opt/airflow/dags/conplete_mlops.py
[2025-07-20T09:03:46.946+0000] {processor.py:840} INFO - DAG(s) 'ml_pipeline_end_to_end' retrieved from /opt/airflow/dags/conplete_mlops.py
[2025-07-20T09:03:46.971+0000] {logging_mixin.py:188} INFO - [2025-07-20T09:03:46.971+0000] {dag.py:3036} INFO - Sync 1 DAGs
[2025-07-20T09:03:46.983+0000] {logging_mixin.py:188} INFO - [2025-07-20T09:03:46.982+0000] {dag.py:3823} INFO - Setting next_dagrun for ml_pipeline_end_to_end to None, run_after=None
[2025-07-20T09:03:47.002+0000] {processor.py:183} INFO - Processing /opt/airflow/dags/conplete_mlops.py took 0.074 seconds
[2025-07-20T09:04:17.590+0000] {processor.py:161} INFO - Started process (PID=13166) to work on /opt/airflow/dags/conplete_mlops.py
[2025-07-20T09:04:17.591+0000] {processor.py:830} INFO - Processing file /opt/airflow/dags/conplete_mlops.py for tasks to queue
[2025-07-20T09:04:17.592+0000] {logging_mixin.py:188} INFO - [2025-07-20T09:04:17.592+0000] {dagbag.py:538} INFO - Filling up the DagBag from /opt/airflow/dags/conplete_mlops.py
[2025-07-20T09:04:17.604+0000] {processor.py:840} INFO - DAG(s) 'ml_pipeline_end_to_end' retrieved from /opt/airflow/dags/conplete_mlops.py
[2025-07-20T09:04:17.629+0000] {logging_mixin.py:188} INFO - [2025-07-20T09:04:17.629+0000] {dag.py:3036} INFO - Sync 1 DAGs
[2025-07-20T09:04:17.640+0000] {logging_mixin.py:188} INFO - [2025-07-20T09:04:17.640+0000] {dag.py:3823} INFO - Setting next_dagrun for ml_pipeline_end_to_end to None, run_after=None
[2025-07-20T09:04:17.660+0000] {processor.py:183} INFO - Processing /opt/airflow/dags/conplete_mlops.py took 0.073 seconds
[2025-07-20T09:04:48.227+0000] {processor.py:161} INFO - Started process (PID=13181) to work on /opt/airflow/dags/conplete_mlops.py
[2025-07-20T09:04:48.228+0000] {processor.py:830} INFO - Processing file /opt/airflow/dags/conplete_mlops.py for tasks to queue
[2025-07-20T09:04:48.229+0000] {logging_mixin.py:188} INFO - [2025-07-20T09:04:48.228+0000] {dagbag.py:538} INFO - Filling up the DagBag from /opt/airflow/dags/conplete_mlops.py
[2025-07-20T09:04:48.241+0000] {processor.py:840} INFO - DAG(s) 'ml_pipeline_end_to_end' retrieved from /opt/airflow/dags/conplete_mlops.py
[2025-07-20T09:04:48.266+0000] {logging_mixin.py:188} INFO - [2025-07-20T09:04:48.266+0000] {dag.py:3036} INFO - Sync 1 DAGs
[2025-07-20T09:04:48.277+0000] {logging_mixin.py:188} INFO - [2025-07-20T09:04:48.277+0000] {dag.py:3823} INFO - Setting next_dagrun for ml_pipeline_end_to_end to None, run_after=None
[2025-07-20T09:04:48.298+0000] {processor.py:183} INFO - Processing /opt/airflow/dags/conplete_mlops.py took 0.074 seconds
[2025-07-20T09:05:18.677+0000] {processor.py:161} INFO - Started process (PID=13196) to work on /opt/airflow/dags/conplete_mlops.py
[2025-07-20T09:05:18.677+0000] {processor.py:830} INFO - Processing file /opt/airflow/dags/conplete_mlops.py for tasks to queue
[2025-07-20T09:05:18.678+0000] {logging_mixin.py:188} INFO - [2025-07-20T09:05:18.678+0000] {dagbag.py:538} INFO - Filling up the DagBag from /opt/airflow/dags/conplete_mlops.py
[2025-07-20T09:05:18.691+0000] {processor.py:840} INFO - DAG(s) 'ml_pipeline_end_to_end' retrieved from /opt/airflow/dags/conplete_mlops.py
[2025-07-20T09:05:18.720+0000] {logging_mixin.py:188} INFO - [2025-07-20T09:05:18.720+0000] {dag.py:3036} INFO - Sync 1 DAGs
[2025-07-20T09:05:18.736+0000] {logging_mixin.py:188} INFO - [2025-07-20T09:05:18.736+0000] {dag.py:3823} INFO - Setting next_dagrun for ml_pipeline_end_to_end to None, run_after=None
[2025-07-20T09:05:18.757+0000] {processor.py:183} INFO - Processing /opt/airflow/dags/conplete_mlops.py took 0.084 seconds
[2025-07-20T09:05:49.204+0000] {processor.py:161} INFO - Started process (PID=13211) to work on /opt/airflow/dags/conplete_mlops.py
[2025-07-20T09:05:49.205+0000] {processor.py:830} INFO - Processing file /opt/airflow/dags/conplete_mlops.py for tasks to queue
[2025-07-20T09:05:49.206+0000] {logging_mixin.py:188} INFO - [2025-07-20T09:05:49.205+0000] {dagbag.py:538} INFO - Filling up the DagBag from /opt/airflow/dags/conplete_mlops.py
[2025-07-20T09:05:49.219+0000] {processor.py:840} INFO - DAG(s) 'ml_pipeline_end_to_end' retrieved from /opt/airflow/dags/conplete_mlops.py
[2025-07-20T09:05:49.248+0000] {logging_mixin.py:188} INFO - [2025-07-20T09:05:49.248+0000] {dag.py:3036} INFO - Sync 1 DAGs
[2025-07-20T09:05:49.260+0000] {logging_mixin.py:188} INFO - [2025-07-20T09:05:49.260+0000] {dag.py:3823} INFO - Setting next_dagrun for ml_pipeline_end_to_end to None, run_after=None
[2025-07-20T09:05:49.281+0000] {processor.py:183} INFO - Processing /opt/airflow/dags/conplete_mlops.py took 0.081 seconds
[2025-07-20T09:06:19.829+0000] {processor.py:161} INFO - Started process (PID=13226) to work on /opt/airflow/dags/conplete_mlops.py
[2025-07-20T09:06:19.830+0000] {processor.py:830} INFO - Processing file /opt/airflow/dags/conplete_mlops.py for tasks to queue
[2025-07-20T09:06:19.831+0000] {logging_mixin.py:188} INFO - [2025-07-20T09:06:19.831+0000] {dagbag.py:538} INFO - Filling up the DagBag from /opt/airflow/dags/conplete_mlops.py
[2025-07-20T09:06:19.844+0000] {processor.py:840} INFO - DAG(s) 'ml_pipeline_end_to_end' retrieved from /opt/airflow/dags/conplete_mlops.py
[2025-07-20T09:06:19.870+0000] {logging_mixin.py:188} INFO - [2025-07-20T09:06:19.870+0000] {dag.py:3036} INFO - Sync 1 DAGs
[2025-07-20T09:06:19.882+0000] {logging_mixin.py:188} INFO - [2025-07-20T09:06:19.882+0000] {dag.py:3823} INFO - Setting next_dagrun for ml_pipeline_end_to_end to None, run_after=None
[2025-07-20T09:06:19.904+0000] {processor.py:183} INFO - Processing /opt/airflow/dags/conplete_mlops.py took 0.078 seconds
[2025-07-20T09:06:50.293+0000] {processor.py:161} INFO - Started process (PID=13241) to work on /opt/airflow/dags/conplete_mlops.py
[2025-07-20T09:06:50.294+0000] {processor.py:830} INFO - Processing file /opt/airflow/dags/conplete_mlops.py for tasks to queue
[2025-07-20T09:06:50.296+0000] {logging_mixin.py:188} INFO - [2025-07-20T09:06:50.296+0000] {dagbag.py:538} INFO - Filling up the DagBag from /opt/airflow/dags/conplete_mlops.py
[2025-07-20T09:06:50.316+0000] {processor.py:840} INFO - DAG(s) 'ml_pipeline_end_to_end' retrieved from /opt/airflow/dags/conplete_mlops.py
[2025-07-20T09:06:50.370+0000] {logging_mixin.py:188} INFO - [2025-07-20T09:06:50.369+0000] {dag.py:3036} INFO - Sync 1 DAGs
[2025-07-20T09:06:50.387+0000] {logging_mixin.py:188} INFO - [2025-07-20T09:06:50.387+0000] {dag.py:3823} INFO - Setting next_dagrun for ml_pipeline_end_to_end to None, run_after=None
[2025-07-20T09:06:50.421+0000] {processor.py:183} INFO - Processing /opt/airflow/dags/conplete_mlops.py took 0.134 seconds
[2025-07-20T09:07:21.084+0000] {processor.py:161} INFO - Started process (PID=13256) to work on /opt/airflow/dags/conplete_mlops.py
[2025-07-20T09:07:21.085+0000] {processor.py:830} INFO - Processing file /opt/airflow/dags/conplete_mlops.py for tasks to queue
[2025-07-20T09:07:21.086+0000] {logging_mixin.py:188} INFO - [2025-07-20T09:07:21.086+0000] {dagbag.py:538} INFO - Filling up the DagBag from /opt/airflow/dags/conplete_mlops.py
[2025-07-20T09:07:21.101+0000] {processor.py:840} INFO - DAG(s) 'ml_pipeline_end_to_end' retrieved from /opt/airflow/dags/conplete_mlops.py
[2025-07-20T09:07:21.130+0000] {logging_mixin.py:188} INFO - [2025-07-20T09:07:21.130+0000] {dag.py:3036} INFO - Sync 1 DAGs
[2025-07-20T09:07:21.142+0000] {logging_mixin.py:188} INFO - [2025-07-20T09:07:21.141+0000] {dag.py:3823} INFO - Setting next_dagrun for ml_pipeline_end_to_end to None, run_after=None
[2025-07-20T09:07:21.166+0000] {processor.py:183} INFO - Processing /opt/airflow/dags/conplete_mlops.py took 0.085 seconds
[2025-07-20T09:07:51.711+0000] {processor.py:161} INFO - Started process (PID=13271) to work on /opt/airflow/dags/conplete_mlops.py
[2025-07-20T09:07:51.713+0000] {processor.py:830} INFO - Processing file /opt/airflow/dags/conplete_mlops.py for tasks to queue
[2025-07-20T09:07:51.714+0000] {logging_mixin.py:188} INFO - [2025-07-20T09:07:51.714+0000] {dagbag.py:538} INFO - Filling up the DagBag from /opt/airflow/dags/conplete_mlops.py
[2025-07-20T09:07:51.731+0000] {processor.py:840} INFO - DAG(s) 'ml_pipeline_end_to_end' retrieved from /opt/airflow/dags/conplete_mlops.py
[2025-07-20T09:07:51.765+0000] {logging_mixin.py:188} INFO - [2025-07-20T09:07:51.764+0000] {dag.py:3036} INFO - Sync 1 DAGs
[2025-07-20T09:07:51.780+0000] {logging_mixin.py:188} INFO - [2025-07-20T09:07:51.779+0000] {dag.py:3823} INFO - Setting next_dagrun for ml_pipeline_end_to_end to None, run_after=None
[2025-07-20T09:07:51.804+0000] {processor.py:183} INFO - Processing /opt/airflow/dags/conplete_mlops.py took 0.097 seconds
[2025-07-20T09:08:22.487+0000] {processor.py:161} INFO - Started process (PID=13284) to work on /opt/airflow/dags/conplete_mlops.py
[2025-07-20T09:08:22.488+0000] {processor.py:830} INFO - Processing file /opt/airflow/dags/conplete_mlops.py for tasks to queue
[2025-07-20T09:08:22.489+0000] {logging_mixin.py:188} INFO - [2025-07-20T09:08:22.489+0000] {dagbag.py:538} INFO - Filling up the DagBag from /opt/airflow/dags/conplete_mlops.py
[2025-07-20T09:08:22.504+0000] {processor.py:840} INFO - DAG(s) 'ml_pipeline_end_to_end' retrieved from /opt/airflow/dags/conplete_mlops.py
[2025-07-20T09:08:22.726+0000] {logging_mixin.py:188} INFO - [2025-07-20T09:08:22.726+0000] {dag.py:3036} INFO - Sync 1 DAGs
[2025-07-20T09:08:22.749+0000] {logging_mixin.py:188} INFO - [2025-07-20T09:08:22.749+0000] {dag.py:3823} INFO - Setting next_dagrun for ml_pipeline_end_to_end to None, run_after=None
[2025-07-20T09:08:22.775+0000] {processor.py:183} INFO - Processing /opt/airflow/dags/conplete_mlops.py took 0.292 seconds
[2025-07-20T09:08:53.200+0000] {processor.py:161} INFO - Started process (PID=13301) to work on /opt/airflow/dags/conplete_mlops.py
[2025-07-20T09:08:53.202+0000] {processor.py:830} INFO - Processing file /opt/airflow/dags/conplete_mlops.py for tasks to queue
[2025-07-20T09:08:53.203+0000] {logging_mixin.py:188} INFO - [2025-07-20T09:08:53.203+0000] {dagbag.py:538} INFO - Filling up the DagBag from /opt/airflow/dags/conplete_mlops.py
[2025-07-20T09:08:53.219+0000] {processor.py:840} INFO - DAG(s) 'ml_pipeline_end_to_end' retrieved from /opt/airflow/dags/conplete_mlops.py
[2025-07-20T09:08:53.254+0000] {logging_mixin.py:188} INFO - [2025-07-20T09:08:53.253+0000] {dag.py:3036} INFO - Sync 1 DAGs
[2025-07-20T09:08:53.267+0000] {logging_mixin.py:188} INFO - [2025-07-20T09:08:53.267+0000] {dag.py:3823} INFO - Setting next_dagrun for ml_pipeline_end_to_end to None, run_after=None
[2025-07-20T09:08:53.313+0000] {processor.py:183} INFO - Processing /opt/airflow/dags/conplete_mlops.py took 0.118 seconds
[2025-07-20T09:09:25.858+0000] {processor.py:161} INFO - Started process (PID=13316) to work on /opt/airflow/dags/conplete_mlops.py
[2025-07-20T09:09:25.859+0000] {processor.py:830} INFO - Processing file /opt/airflow/dags/conplete_mlops.py for tasks to queue
[2025-07-20T09:09:25.860+0000] {logging_mixin.py:188} INFO - [2025-07-20T09:09:25.860+0000] {dagbag.py:538} INFO - Filling up the DagBag from /opt/airflow/dags/conplete_mlops.py
[2025-07-20T09:09:25.875+0000] {processor.py:840} INFO - DAG(s) 'ml_pipeline_end_to_end' retrieved from /opt/airflow/dags/conplete_mlops.py
[2025-07-20T09:09:26.778+0000] {logging_mixin.py:188} INFO - [2025-07-20T09:09:26.778+0000] {dag.py:3036} INFO - Sync 1 DAGs
[2025-07-20T09:09:26.872+0000] {logging_mixin.py:188} INFO - [2025-07-20T09:09:26.872+0000] {dag.py:3823} INFO - Setting next_dagrun for ml_pipeline_end_to_end to None, run_after=None
[2025-07-20T09:09:26.900+0000] {processor.py:183} INFO - Processing /opt/airflow/dags/conplete_mlops.py took 1.047 seconds
[2025-07-20T09:09:59.684+0000] {processor.py:161} INFO - Started process (PID=13336) to work on /opt/airflow/dags/conplete_mlops.py
[2025-07-20T09:09:59.688+0000] {processor.py:830} INFO - Processing file /opt/airflow/dags/conplete_mlops.py for tasks to queue
[2025-07-20T09:09:59.693+0000] {logging_mixin.py:188} INFO - [2025-07-20T09:09:59.692+0000] {dagbag.py:538} INFO - Filling up the DagBag from /opt/airflow/dags/conplete_mlops.py
[2025-07-20T09:09:59.732+0000] {processor.py:840} INFO - DAG(s) 'ml_pipeline_end_to_end' retrieved from /opt/airflow/dags/conplete_mlops.py
[2025-07-20T09:09:59.760+0000] {logging_mixin.py:188} INFO - [2025-07-20T09:09:59.759+0000] {dag.py:3036} INFO - Sync 1 DAGs
[2025-07-20T09:09:59.771+0000] {logging_mixin.py:188} INFO - [2025-07-20T09:09:59.770+0000] {dag.py:3823} INFO - Setting next_dagrun for ml_pipeline_end_to_end to None, run_after=None
[2025-07-20T09:09:59.898+0000] {processor.py:183} INFO - Processing /opt/airflow/dags/conplete_mlops.py took 0.229 seconds
[2025-07-20T09:10:30.095+0000] {processor.py:161} INFO - Started process (PID=13355) to work on /opt/airflow/dags/conplete_mlops.py
[2025-07-20T09:10:30.096+0000] {processor.py:830} INFO - Processing file /opt/airflow/dags/conplete_mlops.py for tasks to queue
[2025-07-20T09:10:30.097+0000] {logging_mixin.py:188} INFO - [2025-07-20T09:10:30.097+0000] {dagbag.py:538} INFO - Filling up the DagBag from /opt/airflow/dags/conplete_mlops.py
[2025-07-20T09:10:30.111+0000] {processor.py:840} INFO - DAG(s) 'ml_pipeline_end_to_end' retrieved from /opt/airflow/dags/conplete_mlops.py
[2025-07-20T09:10:30.153+0000] {logging_mixin.py:188} INFO - [2025-07-20T09:10:30.153+0000] {dag.py:3036} INFO - Sync 1 DAGs
[2025-07-20T09:10:30.168+0000] {logging_mixin.py:188} INFO - [2025-07-20T09:10:30.167+0000] {dag.py:3823} INFO - Setting next_dagrun for ml_pipeline_end_to_end to None, run_after=None
[2025-07-20T09:10:30.192+0000] {processor.py:183} INFO - Processing /opt/airflow/dags/conplete_mlops.py took 0.100 seconds
[2025-07-20T09:11:00.643+0000] {processor.py:161} INFO - Started process (PID=13374) to work on /opt/airflow/dags/conplete_mlops.py
[2025-07-20T09:11:00.644+0000] {processor.py:830} INFO - Processing file /opt/airflow/dags/conplete_mlops.py for tasks to queue
[2025-07-20T09:11:00.645+0000] {logging_mixin.py:188} INFO - [2025-07-20T09:11:00.645+0000] {dagbag.py:538} INFO - Filling up the DagBag from /opt/airflow/dags/conplete_mlops.py
[2025-07-20T09:11:00.686+0000] {processor.py:840} INFO - DAG(s) 'ml_pipeline_end_to_end' retrieved from /opt/airflow/dags/conplete_mlops.py
[2025-07-20T09:11:00.714+0000] {logging_mixin.py:188} INFO - [2025-07-20T09:11:00.714+0000] {dag.py:3036} INFO - Sync 1 DAGs
[2025-07-20T09:11:00.728+0000] {logging_mixin.py:188} INFO - [2025-07-20T09:11:00.727+0000] {dag.py:3823} INFO - Setting next_dagrun for ml_pipeline_end_to_end to None, run_after=None
[2025-07-20T09:11:00.748+0000] {processor.py:183} INFO - Processing /opt/airflow/dags/conplete_mlops.py took 0.108 seconds
[2025-07-20T09:11:32.508+0000] {processor.py:161} INFO - Started process (PID=13396) to work on /opt/airflow/dags/conplete_mlops.py
[2025-07-20T09:11:32.510+0000] {processor.py:830} INFO - Processing file /opt/airflow/dags/conplete_mlops.py for tasks to queue
[2025-07-20T09:11:32.511+0000] {logging_mixin.py:188} INFO - [2025-07-20T09:11:32.510+0000] {dagbag.py:538} INFO - Filling up the DagBag from /opt/airflow/dags/conplete_mlops.py
[2025-07-20T09:11:33.296+0000] {processor.py:840} INFO - DAG(s) 'ml_pipeline_end_to_end' retrieved from /opt/airflow/dags/conplete_mlops.py
[2025-07-20T09:11:33.417+0000] {logging_mixin.py:188} INFO - [2025-07-20T09:11:33.416+0000] {dag.py:3036} INFO - Sync 1 DAGs
[2025-07-20T09:11:33.446+0000] {logging_mixin.py:188} INFO - [2025-07-20T09:11:33.446+0000] {dag.py:3823} INFO - Setting next_dagrun for ml_pipeline_end_to_end to None, run_after=None
[2025-07-20T09:11:33.911+0000] {processor.py:183} INFO - Processing /opt/airflow/dags/conplete_mlops.py took 1.406 seconds
[2025-07-20T09:12:05.169+0000] {processor.py:161} INFO - Started process (PID=13411) to work on /opt/airflow/dags/conplete_mlops.py
[2025-07-20T09:12:05.169+0000] {processor.py:830} INFO - Processing file /opt/airflow/dags/conplete_mlops.py for tasks to queue
[2025-07-20T09:12:05.170+0000] {logging_mixin.py:188} INFO - [2025-07-20T09:12:05.170+0000] {dagbag.py:538} INFO - Filling up the DagBag from /opt/airflow/dags/conplete_mlops.py
[2025-07-20T09:12:05.181+0000] {processor.py:840} INFO - DAG(s) 'ml_pipeline_end_to_end' retrieved from /opt/airflow/dags/conplete_mlops.py
[2025-07-20T09:12:05.648+0000] {logging_mixin.py:188} INFO - [2025-07-20T09:12:05.647+0000] {dag.py:3036} INFO - Sync 1 DAGs
[2025-07-20T09:12:05.763+0000] {logging_mixin.py:188} INFO - [2025-07-20T09:12:05.762+0000] {dag.py:3823} INFO - Setting next_dagrun for ml_pipeline_end_to_end to None, run_after=None
[2025-07-20T09:12:06.081+0000] {processor.py:183} INFO - Processing /opt/airflow/dags/conplete_mlops.py took 0.915 seconds
[2025-07-20T09:12:37.042+0000] {processor.py:161} INFO - Started process (PID=13426) to work on /opt/airflow/dags/conplete_mlops.py
[2025-07-20T09:12:37.043+0000] {processor.py:830} INFO - Processing file /opt/airflow/dags/conplete_mlops.py for tasks to queue
[2025-07-20T09:12:37.044+0000] {logging_mixin.py:188} INFO - [2025-07-20T09:12:37.044+0000] {dagbag.py:538} INFO - Filling up the DagBag from /opt/airflow/dags/conplete_mlops.py
[2025-07-20T09:12:37.136+0000] {processor.py:840} INFO - DAG(s) 'ml_pipeline_end_to_end' retrieved from /opt/airflow/dags/conplete_mlops.py
[2025-07-20T09:12:37.164+0000] {logging_mixin.py:188} INFO - [2025-07-20T09:12:37.164+0000] {dag.py:3036} INFO - Sync 1 DAGs
[2025-07-20T09:12:37.176+0000] {logging_mixin.py:188} INFO - [2025-07-20T09:12:37.175+0000] {dag.py:3823} INFO - Setting next_dagrun for ml_pipeline_end_to_end to None, run_after=None
[2025-07-20T09:12:37.293+0000] {processor.py:183} INFO - Processing /opt/airflow/dags/conplete_mlops.py took 0.254 seconds
[2025-07-20T09:13:07.686+0000] {processor.py:161} INFO - Started process (PID=13441) to work on /opt/airflow/dags/conplete_mlops.py
[2025-07-20T09:13:07.687+0000] {processor.py:830} INFO - Processing file /opt/airflow/dags/conplete_mlops.py for tasks to queue
[2025-07-20T09:13:07.688+0000] {logging_mixin.py:188} INFO - [2025-07-20T09:13:07.688+0000] {dagbag.py:538} INFO - Filling up the DagBag from /opt/airflow/dags/conplete_mlops.py
[2025-07-20T09:13:07.883+0000] {processor.py:840} INFO - DAG(s) 'ml_pipeline_end_to_end' retrieved from /opt/airflow/dags/conplete_mlops.py
[2025-07-20T09:13:07.913+0000] {logging_mixin.py:188} INFO - [2025-07-20T09:13:07.913+0000] {dag.py:3036} INFO - Sync 1 DAGs
[2025-07-20T09:13:07.925+0000] {logging_mixin.py:188} INFO - [2025-07-20T09:13:07.924+0000] {dag.py:3823} INFO - Setting next_dagrun for ml_pipeline_end_to_end to None, run_after=None
[2025-07-20T09:13:07.957+0000] {processor.py:183} INFO - Processing /opt/airflow/dags/conplete_mlops.py took 0.276 seconds
[2025-07-20T09:13:38.458+0000] {processor.py:161} INFO - Started process (PID=13456) to work on /opt/airflow/dags/conplete_mlops.py
[2025-07-20T09:13:38.461+0000] {processor.py:830} INFO - Processing file /opt/airflow/dags/conplete_mlops.py for tasks to queue
[2025-07-20T09:13:38.465+0000] {logging_mixin.py:188} INFO - [2025-07-20T09:13:38.464+0000] {dagbag.py:538} INFO - Filling up the DagBag from /opt/airflow/dags/conplete_mlops.py
[2025-07-20T09:13:38.490+0000] {processor.py:840} INFO - DAG(s) 'ml_pipeline_end_to_end' retrieved from /opt/airflow/dags/conplete_mlops.py
[2025-07-20T09:13:38.614+0000] {logging_mixin.py:188} INFO - [2025-07-20T09:13:38.614+0000] {dag.py:3036} INFO - Sync 1 DAGs
[2025-07-20T09:13:38.629+0000] {logging_mixin.py:188} INFO - [2025-07-20T09:13:38.629+0000] {dag.py:3823} INFO - Setting next_dagrun for ml_pipeline_end_to_end to None, run_after=None
[2025-07-20T09:13:38.681+0000] {processor.py:183} INFO - Processing /opt/airflow/dags/conplete_mlops.py took 0.238 seconds
[2025-07-20T09:14:09.715+0000] {processor.py:161} INFO - Started process (PID=13471) to work on /opt/airflow/dags/conplete_mlops.py
[2025-07-20T09:14:09.720+0000] {processor.py:830} INFO - Processing file /opt/airflow/dags/conplete_mlops.py for tasks to queue
[2025-07-20T09:14:09.721+0000] {logging_mixin.py:188} INFO - [2025-07-20T09:14:09.721+0000] {dagbag.py:538} INFO - Filling up the DagBag from /opt/airflow/dags/conplete_mlops.py
[2025-07-20T09:14:09.737+0000] {processor.py:840} INFO - DAG(s) 'ml_pipeline_end_to_end' retrieved from /opt/airflow/dags/conplete_mlops.py
[2025-07-20T09:14:09.764+0000] {logging_mixin.py:188} INFO - [2025-07-20T09:14:09.763+0000] {dag.py:3036} INFO - Sync 1 DAGs
[2025-07-20T09:14:09.777+0000] {logging_mixin.py:188} INFO - [2025-07-20T09:14:09.777+0000] {dag.py:3823} INFO - Setting next_dagrun for ml_pipeline_end_to_end to None, run_after=None
[2025-07-20T09:14:09.830+0000] {processor.py:183} INFO - Processing /opt/airflow/dags/conplete_mlops.py took 0.119 seconds
[2025-07-20T09:14:40.223+0000] {processor.py:161} INFO - Started process (PID=13488) to work on /opt/airflow/dags/conplete_mlops.py
[2025-07-20T09:14:40.224+0000] {processor.py:830} INFO - Processing file /opt/airflow/dags/conplete_mlops.py for tasks to queue
[2025-07-20T09:14:40.226+0000] {logging_mixin.py:188} INFO - [2025-07-20T09:14:40.225+0000] {dagbag.py:538} INFO - Filling up the DagBag from /opt/airflow/dags/conplete_mlops.py
[2025-07-20T09:14:40.248+0000] {processor.py:840} INFO - DAG(s) 'ml_pipeline_end_to_end' retrieved from /opt/airflow/dags/conplete_mlops.py
[2025-07-20T09:14:40.281+0000] {logging_mixin.py:188} INFO - [2025-07-20T09:14:40.281+0000] {dag.py:3036} INFO - Sync 1 DAGs
[2025-07-20T09:14:40.325+0000] {logging_mixin.py:188} INFO - [2025-07-20T09:14:40.325+0000] {dag.py:3823} INFO - Setting next_dagrun for ml_pipeline_end_to_end to None, run_after=None
[2025-07-20T09:14:40.466+0000] {processor.py:183} INFO - Processing /opt/airflow/dags/conplete_mlops.py took 0.250 seconds
[2025-07-20T09:15:15.465+0000] {processor.py:161} INFO - Started process (PID=13501) to work on /opt/airflow/dags/conplete_mlops.py
[2025-07-20T09:15:15.643+0000] {processor.py:830} INFO - Processing file /opt/airflow/dags/conplete_mlops.py for tasks to queue
[2025-07-20T09:15:16.121+0000] {logging_mixin.py:188} INFO - [2025-07-20T09:15:16.118+0000] {dagbag.py:538} INFO - Filling up the DagBag from /opt/airflow/dags/conplete_mlops.py
[2025-07-20T09:15:25.650+0000] {processor.py:840} INFO - DAG(s) 'ml_pipeline_end_to_end' retrieved from /opt/airflow/dags/conplete_mlops.py
[2025-07-20T09:15:26.426+0000] {logging_mixin.py:188} INFO - [2025-07-20T09:15:26.425+0000] {dag.py:3036} INFO - Sync 1 DAGs
[2025-07-20T09:15:26.626+0000] {logging_mixin.py:188} INFO - [2025-07-20T09:15:26.626+0000] {dag.py:3823} INFO - Setting next_dagrun for ml_pipeline_end_to_end to None, run_after=None
[2025-07-20T09:15:27.144+0000] {processor.py:183} INFO - Processing /opt/airflow/dags/conplete_mlops.py took 11.721 seconds
[2025-07-20T09:15:57.672+0000] {processor.py:161} INFO - Started process (PID=13525) to work on /opt/airflow/dags/conplete_mlops.py
[2025-07-20T09:15:57.673+0000] {processor.py:830} INFO - Processing file /opt/airflow/dags/conplete_mlops.py for tasks to queue
[2025-07-20T09:15:57.674+0000] {logging_mixin.py:188} INFO - [2025-07-20T09:15:57.674+0000] {dagbag.py:538} INFO - Filling up the DagBag from /opt/airflow/dags/conplete_mlops.py
[2025-07-20T09:15:57.823+0000] {processor.py:840} INFO - DAG(s) 'ml_pipeline_end_to_end' retrieved from /opt/airflow/dags/conplete_mlops.py
[2025-07-20T09:15:57.852+0000] {logging_mixin.py:188} INFO - [2025-07-20T09:15:57.851+0000] {dag.py:3036} INFO - Sync 1 DAGs
[2025-07-20T09:15:57.863+0000] {logging_mixin.py:188} INFO - [2025-07-20T09:15:57.863+0000] {dag.py:3823} INFO - Setting next_dagrun for ml_pipeline_end_to_end to None, run_after=None
[2025-07-20T09:15:57.884+0000] {processor.py:183} INFO - Processing /opt/airflow/dags/conplete_mlops.py took 0.215 seconds
[2025-07-20T09:16:28.154+0000] {processor.py:161} INFO - Started process (PID=13538) to work on /opt/airflow/dags/conplete_mlops.py
[2025-07-20T09:16:28.155+0000] {processor.py:830} INFO - Processing file /opt/airflow/dags/conplete_mlops.py for tasks to queue
[2025-07-20T09:16:28.156+0000] {logging_mixin.py:188} INFO - [2025-07-20T09:16:28.156+0000] {dagbag.py:538} INFO - Filling up the DagBag from /opt/airflow/dags/conplete_mlops.py
[2025-07-20T09:16:28.218+0000] {processor.py:840} INFO - DAG(s) 'ml_pipeline_end_to_end' retrieved from /opt/airflow/dags/conplete_mlops.py
[2025-07-20T09:16:30.302+0000] {logging_mixin.py:188} INFO - [2025-07-20T09:16:30.301+0000] {dag.py:3036} INFO - Sync 1 DAGs
[2025-07-20T09:16:30.319+0000] {logging_mixin.py:188} INFO - [2025-07-20T09:16:30.319+0000] {dag.py:3823} INFO - Setting next_dagrun for ml_pipeline_end_to_end to None, run_after=None
[2025-07-20T09:16:30.340+0000] {processor.py:183} INFO - Processing /opt/airflow/dags/conplete_mlops.py took 2.188 seconds
[2025-07-20T09:17:01.485+0000] {processor.py:161} INFO - Started process (PID=13553) to work on /opt/airflow/dags/conplete_mlops.py
[2025-07-20T09:17:01.486+0000] {processor.py:830} INFO - Processing file /opt/airflow/dags/conplete_mlops.py for tasks to queue
[2025-07-20T09:17:01.487+0000] {logging_mixin.py:188} INFO - [2025-07-20T09:17:01.486+0000] {dagbag.py:538} INFO - Filling up the DagBag from /opt/airflow/dags/conplete_mlops.py
[2025-07-20T09:17:01.505+0000] {processor.py:840} INFO - DAG(s) 'ml_pipeline_end_to_end' retrieved from /opt/airflow/dags/conplete_mlops.py
[2025-07-20T09:17:01.656+0000] {logging_mixin.py:188} INFO - [2025-07-20T09:17:01.656+0000] {dag.py:3036} INFO - Sync 1 DAGs
[2025-07-20T09:17:01.678+0000] {logging_mixin.py:188} INFO - [2025-07-20T09:17:01.677+0000] {dag.py:3823} INFO - Setting next_dagrun for ml_pipeline_end_to_end to None, run_after=None
[2025-07-20T09:17:01.702+0000] {processor.py:183} INFO - Processing /opt/airflow/dags/conplete_mlops.py took 0.220 seconds
[2025-07-20T09:17:32.352+0000] {processor.py:161} INFO - Started process (PID=13565) to work on /opt/airflow/dags/conplete_mlops.py
[2025-07-20T09:17:32.353+0000] {processor.py:830} INFO - Processing file /opt/airflow/dags/conplete_mlops.py for tasks to queue
[2025-07-20T09:17:32.354+0000] {logging_mixin.py:188} INFO - [2025-07-20T09:17:32.354+0000] {dagbag.py:538} INFO - Filling up the DagBag from /opt/airflow/dags/conplete_mlops.py
[2025-07-20T09:17:32.367+0000] {processor.py:840} INFO - DAG(s) 'ml_pipeline_end_to_end' retrieved from /opt/airflow/dags/conplete_mlops.py
[2025-07-20T09:17:32.406+0000] {logging_mixin.py:188} INFO - [2025-07-20T09:17:32.406+0000] {dag.py:3036} INFO - Sync 1 DAGs
[2025-07-20T09:17:32.420+0000] {logging_mixin.py:188} INFO - [2025-07-20T09:17:32.420+0000] {dag.py:3823} INFO - Setting next_dagrun for ml_pipeline_end_to_end to None, run_after=None
[2025-07-20T09:17:32.442+0000] {processor.py:183} INFO - Processing /opt/airflow/dags/conplete_mlops.py took 0.093 seconds
[2025-07-20T09:18:03.138+0000] {processor.py:161} INFO - Started process (PID=13580) to work on /opt/airflow/dags/conplete_mlops.py
[2025-07-20T09:18:03.139+0000] {processor.py:830} INFO - Processing file /opt/airflow/dags/conplete_mlops.py for tasks to queue
[2025-07-20T09:18:03.140+0000] {logging_mixin.py:188} INFO - [2025-07-20T09:18:03.140+0000] {dagbag.py:538} INFO - Filling up the DagBag from /opt/airflow/dags/conplete_mlops.py
[2025-07-20T09:18:03.162+0000] {processor.py:840} INFO - DAG(s) 'ml_pipeline_end_to_end' retrieved from /opt/airflow/dags/conplete_mlops.py
[2025-07-20T09:18:03.190+0000] {logging_mixin.py:188} INFO - [2025-07-20T09:18:03.190+0000] {dag.py:3036} INFO - Sync 1 DAGs
[2025-07-20T09:18:03.201+0000] {logging_mixin.py:188} INFO - [2025-07-20T09:18:03.201+0000] {dag.py:3823} INFO - Setting next_dagrun for ml_pipeline_end_to_end to None, run_after=None
[2025-07-20T09:18:03.224+0000] {processor.py:183} INFO - Processing /opt/airflow/dags/conplete_mlops.py took 0.089 seconds
[2025-07-20T09:18:33.684+0000] {processor.py:161} INFO - Started process (PID=13595) to work on /opt/airflow/dags/conplete_mlops.py
[2025-07-20T09:18:33.685+0000] {processor.py:830} INFO - Processing file /opt/airflow/dags/conplete_mlops.py for tasks to queue
[2025-07-20T09:18:33.686+0000] {logging_mixin.py:188} INFO - [2025-07-20T09:18:33.686+0000] {dagbag.py:538} INFO - Filling up the DagBag from /opt/airflow/dags/conplete_mlops.py
[2025-07-20T09:18:33.701+0000] {processor.py:840} INFO - DAG(s) 'ml_pipeline_end_to_end' retrieved from /opt/airflow/dags/conplete_mlops.py
[2025-07-20T09:18:33.728+0000] {logging_mixin.py:188} INFO - [2025-07-20T09:18:33.728+0000] {dag.py:3036} INFO - Sync 1 DAGs
[2025-07-20T09:18:33.745+0000] {logging_mixin.py:188} INFO - [2025-07-20T09:18:33.745+0000] {dag.py:3823} INFO - Setting next_dagrun for ml_pipeline_end_to_end to None, run_after=None
[2025-07-20T09:18:33.770+0000] {processor.py:183} INFO - Processing /opt/airflow/dags/conplete_mlops.py took 0.090 seconds
[2025-07-20T09:19:04.204+0000] {processor.py:161} INFO - Started process (PID=13610) to work on /opt/airflow/dags/conplete_mlops.py
[2025-07-20T09:19:04.206+0000] {processor.py:830} INFO - Processing file /opt/airflow/dags/conplete_mlops.py for tasks to queue
[2025-07-20T09:19:04.208+0000] {logging_mixin.py:188} INFO - [2025-07-20T09:19:04.208+0000] {dagbag.py:538} INFO - Filling up the DagBag from /opt/airflow/dags/conplete_mlops.py
[2025-07-20T09:19:04.222+0000] {processor.py:840} INFO - DAG(s) 'ml_pipeline_end_to_end' retrieved from /opt/airflow/dags/conplete_mlops.py
[2025-07-20T09:19:04.253+0000] {logging_mixin.py:188} INFO - [2025-07-20T09:19:04.252+0000] {dag.py:3036} INFO - Sync 1 DAGs
[2025-07-20T09:19:04.265+0000] {logging_mixin.py:188} INFO - [2025-07-20T09:19:04.265+0000] {dag.py:3823} INFO - Setting next_dagrun for ml_pipeline_end_to_end to None, run_after=None
[2025-07-20T09:19:04.290+0000] {processor.py:183} INFO - Processing /opt/airflow/dags/conplete_mlops.py took 0.089 seconds
[2025-07-20T09:19:34.796+0000] {processor.py:161} INFO - Started process (PID=13625) to work on /opt/airflow/dags/conplete_mlops.py
[2025-07-20T09:19:34.798+0000] {processor.py:830} INFO - Processing file /opt/airflow/dags/conplete_mlops.py for tasks to queue
[2025-07-20T09:19:34.799+0000] {logging_mixin.py:188} INFO - [2025-07-20T09:19:34.798+0000] {dagbag.py:538} INFO - Filling up the DagBag from /opt/airflow/dags/conplete_mlops.py
[2025-07-20T09:19:34.812+0000] {processor.py:840} INFO - DAG(s) 'ml_pipeline_end_to_end' retrieved from /opt/airflow/dags/conplete_mlops.py
[2025-07-20T09:19:34.840+0000] {logging_mixin.py:188} INFO - [2025-07-20T09:19:34.840+0000] {dag.py:3036} INFO - Sync 1 DAGs
[2025-07-20T09:19:34.853+0000] {logging_mixin.py:188} INFO - [2025-07-20T09:19:34.852+0000] {dag.py:3823} INFO - Setting next_dagrun for ml_pipeline_end_to_end to None, run_after=None
[2025-07-20T09:19:34.874+0000] {processor.py:183} INFO - Processing /opt/airflow/dags/conplete_mlops.py took 0.082 seconds
