[2025-07-20T06:47:55.998+0000] {processor.py:161} INFO - Started process (PID=202) to work on /opt/airflow/dags/main_full_processs.py
[2025-07-20T06:47:55.999+0000] {processor.py:830} INFO - Processing file /opt/airflow/dags/main_full_processs.py for tasks to queue
[2025-07-20T06:47:56.000+0000] {logging_mixin.py:188} INFO - [2025-07-20T06:47:56.000+0000] {dagbag.py:538} INFO - Filling up the DagBag from /opt/airflow/dags/main_full_processs.py
[2025-07-20T06:47:56.020+0000] {processor.py:840} INFO - DAG(s) 'ml_pipeline_with_dashboard' retrieved from /opt/airflow/dags/main_full_processs.py
[2025-07-20T06:47:56.082+0000] {logging_mixin.py:188} INFO - [2025-07-20T06:47:56.081+0000] {dag.py:3036} INFO - Sync 1 DAGs
[2025-07-20T06:47:56.100+0000] {logging_mixin.py:188} INFO - [2025-07-20T06:47:56.100+0000] {dag.py:3823} INFO - Setting next_dagrun for ml_pipeline_with_dashboard to None, run_after=None
[2025-07-20T06:47:56.128+0000] {processor.py:183} INFO - Processing /opt/airflow/dags/main_full_processs.py took 0.134 seconds
[2025-07-20T06:50:35.417+0000] {processor.py:161} INFO - Started process (PID=1536) to work on /opt/airflow/dags/main_full_processs.py
[2025-07-20T06:50:35.593+0000] {processor.py:830} INFO - Processing file /opt/airflow/dags/main_full_processs.py for tasks to queue
[2025-07-20T06:50:35.904+0000] {logging_mixin.py:188} INFO - [2025-07-20T06:50:35.902+0000] {dagbag.py:538} INFO - Filling up the DagBag from /opt/airflow/dags/main_full_processs.py
[2025-07-20T06:50:43.219+0000] {processor.py:840} INFO - DAG(s) 'ml_pipeline_with_dashboard' retrieved from /opt/airflow/dags/main_full_processs.py
[2025-07-20T06:53:24.782+0000] {processor.py:161} INFO - Started process (PID=2517) to work on /opt/airflow/dags/main_full_processs.py
[2025-07-20T06:53:24.784+0000] {processor.py:830} INFO - Processing file /opt/airflow/dags/main_full_processs.py for tasks to queue
[2025-07-20T06:53:24.796+0000] {logging_mixin.py:188} INFO - [2025-07-20T06:53:24.795+0000] {dagbag.py:538} INFO - Filling up the DagBag from /opt/airflow/dags/main_full_processs.py
[2025-07-20T06:53:25.202+0000] {processor.py:840} INFO - DAG(s) 'ml_pipeline_with_dashboard' retrieved from /opt/airflow/dags/main_full_processs.py
[2025-07-20T06:53:40.103+0000] {logging_mixin.py:188} INFO - [2025-07-20T06:53:40.103+0000] {dag.py:3036} INFO - Sync 1 DAGs
[2025-07-20T06:53:40.126+0000] {logging_mixin.py:188} INFO - [2025-07-20T06:53:40.126+0000] {dag.py:3823} INFO - Setting next_dagrun for ml_pipeline_with_dashboard to None, run_after=None
[2025-07-20T06:53:40.208+0000] {processor.py:183} INFO - Processing /opt/airflow/dags/main_full_processs.py took 15.888 seconds
[2025-07-20T06:54:12.776+0000] {processor.py:161} INFO - Started process (PID=2552) to work on /opt/airflow/dags/main_full_processs.py
[2025-07-20T06:54:12.835+0000] {processor.py:830} INFO - Processing file /opt/airflow/dags/main_full_processs.py for tasks to queue
[2025-07-20T06:54:12.842+0000] {logging_mixin.py:188} INFO - [2025-07-20T06:54:12.841+0000] {dagbag.py:538} INFO - Filling up the DagBag from /opt/airflow/dags/main_full_processs.py
[2025-07-20T06:54:13.014+0000] {processor.py:840} INFO - DAG(s) 'ml_pipeline_with_dashboard' retrieved from /opt/airflow/dags/main_full_processs.py
[2025-07-20T06:54:14.919+0000] {logging_mixin.py:188} INFO - [2025-07-20T06:54:14.919+0000] {dag.py:3036} INFO - Sync 1 DAGs
[2025-07-20T06:54:16.519+0000] {logging_mixin.py:188} INFO - [2025-07-20T06:54:16.519+0000] {dag.py:3823} INFO - Setting next_dagrun for ml_pipeline_with_dashboard to None, run_after=None
[2025-07-20T06:54:16.880+0000] {processor.py:183} INFO - Processing /opt/airflow/dags/main_full_processs.py took 4.457 seconds
[2025-07-20T06:54:49.144+0000] {processor.py:161} INFO - Started process (PID=2587) to work on /opt/airflow/dags/main_full_processs.py
[2025-07-20T06:54:49.231+0000] {processor.py:830} INFO - Processing file /opt/airflow/dags/main_full_processs.py for tasks to queue
[2025-07-20T06:54:49.291+0000] {logging_mixin.py:188} INFO - [2025-07-20T06:54:49.290+0000] {dagbag.py:538} INFO - Filling up the DagBag from /opt/airflow/dags/main_full_processs.py
[2025-07-20T06:54:50.972+0000] {processor.py:840} INFO - DAG(s) 'ml_pipeline_with_dashboard' retrieved from /opt/airflow/dags/main_full_processs.py
[2025-07-20T06:54:51.531+0000] {logging_mixin.py:188} INFO - [2025-07-20T06:54:51.531+0000] {dag.py:3036} INFO - Sync 1 DAGs
[2025-07-20T06:54:51.650+0000] {logging_mixin.py:188} INFO - [2025-07-20T06:54:51.650+0000] {dag.py:3823} INFO - Setting next_dagrun for ml_pipeline_with_dashboard to None, run_after=None
[2025-07-20T06:54:51.726+0000] {processor.py:183} INFO - Processing /opt/airflow/dags/main_full_processs.py took 3.367 seconds
[2025-07-20T06:55:22.069+0000] {processor.py:161} INFO - Started process (PID=2624) to work on /opt/airflow/dags/main_full_processs.py
[2025-07-20T06:55:22.096+0000] {processor.py:830} INFO - Processing file /opt/airflow/dags/main_full_processs.py for tasks to queue
[2025-07-20T06:55:22.099+0000] {logging_mixin.py:188} INFO - [2025-07-20T06:55:22.098+0000] {dagbag.py:538} INFO - Filling up the DagBag from /opt/airflow/dags/main_full_processs.py
[2025-07-20T06:55:22.134+0000] {processor.py:840} INFO - DAG(s) 'ml_pipeline_with_dashboard' retrieved from /opt/airflow/dags/main_full_processs.py
[2025-07-20T06:55:22.210+0000] {logging_mixin.py:188} INFO - [2025-07-20T06:55:22.209+0000] {dag.py:3036} INFO - Sync 1 DAGs
[2025-07-20T06:55:22.273+0000] {logging_mixin.py:188} INFO - [2025-07-20T06:55:22.272+0000] {dag.py:3823} INFO - Setting next_dagrun for ml_pipeline_with_dashboard to None, run_after=None
[2025-07-20T06:55:22.331+0000] {processor.py:183} INFO - Processing /opt/airflow/dags/main_full_processs.py took 0.268 seconds
[2025-07-20T06:55:53.563+0000] {processor.py:161} INFO - Started process (PID=2657) to work on /opt/airflow/dags/main_full_processs.py
[2025-07-20T06:55:53.888+0000] {processor.py:830} INFO - Processing file /opt/airflow/dags/main_full_processs.py for tasks to queue
[2025-07-20T06:55:53.898+0000] {logging_mixin.py:188} INFO - [2025-07-20T06:55:53.897+0000] {dagbag.py:538} INFO - Filling up the DagBag from /opt/airflow/dags/main_full_processs.py
[2025-07-20T06:55:57.412+0000] {processor.py:840} INFO - DAG(s) 'ml_pipeline_with_dashboard' retrieved from /opt/airflow/dags/main_full_processs.py
[2025-07-20T06:55:57.649+0000] {logging_mixin.py:188} INFO - [2025-07-20T06:55:57.649+0000] {dag.py:3036} INFO - Sync 1 DAGs
[2025-07-20T06:55:57.706+0000] {logging_mixin.py:188} INFO - [2025-07-20T06:55:57.706+0000] {dag.py:3823} INFO - Setting next_dagrun for ml_pipeline_with_dashboard to None, run_after=None
[2025-07-20T06:55:57.817+0000] {processor.py:183} INFO - Processing /opt/airflow/dags/main_full_processs.py took 4.272 seconds
[2025-07-20T06:56:28.592+0000] {processor.py:161} INFO - Started process (PID=2689) to work on /opt/airflow/dags/main_full_processs.py
[2025-07-20T06:56:28.604+0000] {processor.py:830} INFO - Processing file /opt/airflow/dags/main_full_processs.py for tasks to queue
[2025-07-20T06:56:28.616+0000] {logging_mixin.py:188} INFO - [2025-07-20T06:56:28.616+0000] {dagbag.py:538} INFO - Filling up the DagBag from /opt/airflow/dags/main_full_processs.py
[2025-07-20T06:56:28.772+0000] {processor.py:840} INFO - DAG(s) 'ml_pipeline_with_dashboard' retrieved from /opt/airflow/dags/main_full_processs.py
[2025-07-20T06:56:28.950+0000] {logging_mixin.py:188} INFO - [2025-07-20T06:56:28.950+0000] {dag.py:3036} INFO - Sync 1 DAGs
[2025-07-20T06:56:29.118+0000] {logging_mixin.py:188} INFO - [2025-07-20T06:56:29.117+0000] {dag.py:3823} INFO - Setting next_dagrun for ml_pipeline_with_dashboard to None, run_after=None
[2025-07-20T06:56:29.339+0000] {processor.py:183} INFO - Processing /opt/airflow/dags/main_full_processs.py took 0.755 seconds
[2025-07-20T06:57:00.075+0000] {processor.py:161} INFO - Started process (PID=2724) to work on /opt/airflow/dags/main_full_processs.py
[2025-07-20T06:57:00.097+0000] {processor.py:830} INFO - Processing file /opt/airflow/dags/main_full_processs.py for tasks to queue
[2025-07-20T06:57:00.107+0000] {logging_mixin.py:188} INFO - [2025-07-20T06:57:00.106+0000] {dagbag.py:538} INFO - Filling up the DagBag from /opt/airflow/dags/main_full_processs.py
[2025-07-20T06:57:00.257+0000] {processor.py:840} INFO - DAG(s) 'ml_pipeline_with_dashboard' retrieved from /opt/airflow/dags/main_full_processs.py
[2025-07-20T06:57:00.463+0000] {logging_mixin.py:188} INFO - [2025-07-20T06:57:00.455+0000] {dag.py:3036} INFO - Sync 1 DAGs
[2025-07-20T06:57:00.625+0000] {logging_mixin.py:188} INFO - [2025-07-20T06:57:00.624+0000] {dag.py:3823} INFO - Setting next_dagrun for ml_pipeline_with_dashboard to None, run_after=None
[2025-07-20T06:57:00.817+0000] {processor.py:183} INFO - Processing /opt/airflow/dags/main_full_processs.py took 0.755 seconds
[2025-07-20T06:57:31.136+0000] {processor.py:161} INFO - Started process (PID=2759) to work on /opt/airflow/dags/main_full_processs.py
[2025-07-20T06:57:31.159+0000] {processor.py:830} INFO - Processing file /opt/airflow/dags/main_full_processs.py for tasks to queue
[2025-07-20T06:57:31.163+0000] {logging_mixin.py:188} INFO - [2025-07-20T06:57:31.162+0000] {dagbag.py:538} INFO - Filling up the DagBag from /opt/airflow/dags/main_full_processs.py
[2025-07-20T06:57:31.507+0000] {processor.py:840} INFO - DAG(s) 'ml_pipeline_with_dashboard' retrieved from /opt/airflow/dags/main_full_processs.py
[2025-07-20T06:57:31.610+0000] {logging_mixin.py:188} INFO - [2025-07-20T06:57:31.610+0000] {dag.py:3036} INFO - Sync 1 DAGs
[2025-07-20T06:57:31.658+0000] {logging_mixin.py:188} INFO - [2025-07-20T06:57:31.657+0000] {dag.py:3823} INFO - Setting next_dagrun for ml_pipeline_with_dashboard to None, run_after=None
[2025-07-20T06:57:31.761+0000] {processor.py:183} INFO - Processing /opt/airflow/dags/main_full_processs.py took 0.633 seconds
[2025-07-20T06:58:35.056+0000] {processor.py:161} INFO - Started process (PID=2812) to work on /opt/airflow/dags/main_full_processs.py
[2025-07-20T06:58:35.057+0000] {processor.py:830} INFO - Processing file /opt/airflow/dags/main_full_processs.py for tasks to queue
[2025-07-20T06:58:35.058+0000] {logging_mixin.py:188} INFO - [2025-07-20T06:58:35.057+0000] {dagbag.py:538} INFO - Filling up the DagBag from /opt/airflow/dags/main_full_processs.py
[2025-07-20T06:58:35.166+0000] {processor.py:840} INFO - DAG(s) 'ml_pipeline_with_dashboard' retrieved from /opt/airflow/dags/main_full_processs.py
[2025-07-20T06:58:36.026+0000] {logging_mixin.py:188} INFO - [2025-07-20T06:58:36.026+0000] {dag.py:3036} INFO - Sync 1 DAGs
[2025-07-20T06:58:36.113+0000] {logging_mixin.py:188} INFO - [2025-07-20T06:58:36.113+0000] {dag.py:3823} INFO - Setting next_dagrun for ml_pipeline_with_dashboard to None, run_after=None
[2025-07-20T06:58:36.314+0000] {processor.py:183} INFO - Processing /opt/airflow/dags/main_full_processs.py took 1.262 seconds
[2025-07-20T06:59:08.077+0000] {processor.py:161} INFO - Started process (PID=2846) to work on /opt/airflow/dags/main_full_processs.py
[2025-07-20T06:59:08.088+0000] {processor.py:830} INFO - Processing file /opt/airflow/dags/main_full_processs.py for tasks to queue
[2025-07-20T06:59:08.092+0000] {logging_mixin.py:188} INFO - [2025-07-20T06:59:08.091+0000] {dagbag.py:538} INFO - Filling up the DagBag from /opt/airflow/dags/main_full_processs.py
[2025-07-20T06:59:08.132+0000] {processor.py:840} INFO - DAG(s) 'ml_pipeline_with_dashboard' retrieved from /opt/airflow/dags/main_full_processs.py
[2025-07-20T06:59:08.215+0000] {logging_mixin.py:188} INFO - [2025-07-20T06:59:08.214+0000] {dag.py:3036} INFO - Sync 1 DAGs
[2025-07-20T06:59:08.281+0000] {logging_mixin.py:188} INFO - [2025-07-20T06:59:08.280+0000] {dag.py:3823} INFO - Setting next_dagrun for ml_pipeline_with_dashboard to None, run_after=None
[2025-07-20T06:59:08.392+0000] {processor.py:183} INFO - Processing /opt/airflow/dags/main_full_processs.py took 0.322 seconds
[2025-07-20T06:59:39.104+0000] {processor.py:161} INFO - Started process (PID=2881) to work on /opt/airflow/dags/main_full_processs.py
[2025-07-20T06:59:39.252+0000] {processor.py:830} INFO - Processing file /opt/airflow/dags/main_full_processs.py for tasks to queue
[2025-07-20T06:59:39.273+0000] {logging_mixin.py:188} INFO - [2025-07-20T06:59:39.272+0000] {dagbag.py:538} INFO - Filling up the DagBag from /opt/airflow/dags/main_full_processs.py
[2025-07-20T06:59:39.460+0000] {processor.py:840} INFO - DAG(s) 'ml_pipeline_with_dashboard' retrieved from /opt/airflow/dags/main_full_processs.py
[2025-07-20T06:59:39.573+0000] {logging_mixin.py:188} INFO - [2025-07-20T06:59:39.572+0000] {dag.py:3036} INFO - Sync 1 DAGs
[2025-07-20T06:59:39.620+0000] {logging_mixin.py:188} INFO - [2025-07-20T06:59:39.620+0000] {dag.py:3823} INFO - Setting next_dagrun for ml_pipeline_with_dashboard to None, run_after=None
[2025-07-20T06:59:39.926+0000] {processor.py:183} INFO - Processing /opt/airflow/dags/main_full_processs.py took 0.825 seconds
[2025-07-20T07:00:14.468+0000] {processor.py:161} INFO - Started process (PID=2917) to work on /opt/airflow/dags/main_full_processs.py
[2025-07-20T07:00:14.469+0000] {processor.py:830} INFO - Processing file /opt/airflow/dags/main_full_processs.py for tasks to queue
[2025-07-20T07:00:14.471+0000] {logging_mixin.py:188} INFO - [2025-07-20T07:00:14.470+0000] {dagbag.py:538} INFO - Filling up the DagBag from /opt/airflow/dags/main_full_processs.py
[2025-07-20T07:00:14.494+0000] {processor.py:840} INFO - DAG(s) 'ml_pipeline_with_dashboard' retrieved from /opt/airflow/dags/main_full_processs.py
[2025-07-20T07:00:14.545+0000] {logging_mixin.py:188} INFO - [2025-07-20T07:00:14.544+0000] {dag.py:3036} INFO - Sync 1 DAGs
[2025-07-20T07:00:14.815+0000] {logging_mixin.py:188} INFO - [2025-07-20T07:00:14.814+0000] {dag.py:3823} INFO - Setting next_dagrun for ml_pipeline_with_dashboard to None, run_after=None
[2025-07-20T07:00:15.170+0000] {processor.py:183} INFO - Processing /opt/airflow/dags/main_full_processs.py took 0.706 seconds
[2025-07-20T07:00:46.690+0000] {processor.py:161} INFO - Started process (PID=2954) to work on /opt/airflow/dags/main_full_processs.py
[2025-07-20T07:00:46.691+0000] {processor.py:830} INFO - Processing file /opt/airflow/dags/main_full_processs.py for tasks to queue
[2025-07-20T07:00:46.693+0000] {logging_mixin.py:188} INFO - [2025-07-20T07:00:46.692+0000] {dagbag.py:538} INFO - Filling up the DagBag from /opt/airflow/dags/main_full_processs.py
[2025-07-20T07:00:46.713+0000] {processor.py:840} INFO - DAG(s) 'ml_pipeline_with_dashboard' retrieved from /opt/airflow/dags/main_full_processs.py
[2025-07-20T07:00:46.910+0000] {logging_mixin.py:188} INFO - [2025-07-20T07:00:46.909+0000] {dag.py:3036} INFO - Sync 1 DAGs
[2025-07-20T07:00:47.020+0000] {logging_mixin.py:188} INFO - [2025-07-20T07:00:47.019+0000] {dag.py:3823} INFO - Setting next_dagrun for ml_pipeline_with_dashboard to None, run_after=None
[2025-07-20T07:00:47.200+0000] {processor.py:183} INFO - Processing /opt/airflow/dags/main_full_processs.py took 0.514 seconds
[2025-07-20T07:01:31.271+0000] {processor.py:161} INFO - Started process (PID=2987) to work on /opt/airflow/dags/main_full_processs.py
[2025-07-20T07:01:31.274+0000] {processor.py:830} INFO - Processing file /opt/airflow/dags/main_full_processs.py for tasks to queue
[2025-07-20T07:01:31.276+0000] {logging_mixin.py:188} INFO - [2025-07-20T07:01:31.275+0000] {dagbag.py:538} INFO - Filling up the DagBag from /opt/airflow/dags/main_full_processs.py
[2025-07-20T07:01:36.054+0000] {processor.py:840} INFO - DAG(s) 'ml_pipeline_with_dashboard' retrieved from /opt/airflow/dags/main_full_processs.py
[2025-07-20T07:01:39.471+0000] {logging_mixin.py:188} INFO - [2025-07-20T07:01:39.470+0000] {dag.py:3036} INFO - Sync 1 DAGs
[2025-07-20T07:01:43.258+0000] {logging_mixin.py:188} INFO - [2025-07-20T07:01:43.258+0000] {dag.py:3823} INFO - Setting next_dagrun for ml_pipeline_with_dashboard to None, run_after=None
[2025-07-20T07:01:47.355+0000] {processor.py:183} INFO - Processing /opt/airflow/dags/main_full_processs.py took 16.223 seconds
[2025-07-20T07:02:36.778+0000] {processor.py:161} INFO - Started process (PID=3015) to work on /opt/airflow/dags/main_full_processs.py
[2025-07-20T07:02:36.779+0000] {processor.py:830} INFO - Processing file /opt/airflow/dags/main_full_processs.py for tasks to queue
[2025-07-20T07:02:36.780+0000] {logging_mixin.py:188} INFO - [2025-07-20T07:02:36.780+0000] {dagbag.py:538} INFO - Filling up the DagBag from /opt/airflow/dags/main_full_processs.py
[2025-07-20T07:02:36.798+0000] {processor.py:840} INFO - DAG(s) 'ml_pipeline_with_dashboard' retrieved from /opt/airflow/dags/main_full_processs.py
[2025-07-20T07:02:37.071+0000] {logging_mixin.py:188} INFO - [2025-07-20T07:02:37.071+0000] {dag.py:3036} INFO - Sync 1 DAGs
[2025-07-20T07:02:37.313+0000] {logging_mixin.py:188} INFO - [2025-07-20T07:02:37.313+0000] {dag.py:3823} INFO - Setting next_dagrun for ml_pipeline_with_dashboard to None, run_after=None
[2025-07-20T07:02:37.528+0000] {processor.py:183} INFO - Processing /opt/airflow/dags/main_full_processs.py took 0.753 seconds
[2025-07-20T07:04:22.034+0000] {processor.py:161} INFO - Started process (PID=3046) to work on /opt/airflow/dags/main_full_processs.py
[2025-07-20T07:04:22.036+0000] {processor.py:830} INFO - Processing file /opt/airflow/dags/main_full_processs.py for tasks to queue
[2025-07-20T07:04:22.037+0000] {logging_mixin.py:188} INFO - [2025-07-20T07:04:22.036+0000] {dagbag.py:538} INFO - Filling up the DagBag from /opt/airflow/dags/main_full_processs.py
[2025-07-20T07:04:22.055+0000] {processor.py:840} INFO - DAG(s) 'ml_pipeline_with_dashboard' retrieved from /opt/airflow/dags/main_full_processs.py
[2025-07-20T07:04:22.083+0000] {logging_mixin.py:188} INFO - [2025-07-20T07:04:22.083+0000] {dag.py:3036} INFO - Sync 1 DAGs
[2025-07-20T07:04:22.097+0000] {logging_mixin.py:188} INFO - [2025-07-20T07:04:22.097+0000] {dag.py:3823} INFO - Setting next_dagrun for ml_pipeline_with_dashboard to None, run_after=None
[2025-07-20T07:04:22.172+0000] {processor.py:183} INFO - Processing /opt/airflow/dags/main_full_processs.py took 0.141 seconds
[2025-07-20T07:08:04.766+0000] {processor.py:161} INFO - Started process (PID=3074) to work on /opt/airflow/dags/main_full_processs.py
[2025-07-20T07:08:04.767+0000] {processor.py:830} INFO - Processing file /opt/airflow/dags/main_full_processs.py for tasks to queue
[2025-07-20T07:08:04.830+0000] {logging_mixin.py:188} INFO - [2025-07-20T07:08:04.829+0000] {dagbag.py:538} INFO - Filling up the DagBag from /opt/airflow/dags/main_full_processs.py
[2025-07-20T07:08:05.203+0000] {logging_mixin.py:188} INFO - [2025-07-20T07:08:05.140+0000] {dagbag.py:348} ERROR - Failed to import: /opt/airflow/dags/main_full_processs.py
Traceback (most recent call last):
  File "/home/airflow/.local/lib/python3.8/site-packages/airflow/models/dagbag.py", line 344, in parse
    loader.exec_module(new_module)
  File "<frozen importlib._bootstrap_external>", line 839, in exec_module
  File "<frozen importlib._bootstrap_external>", line 976, in get_code
  File "<frozen importlib._bootstrap_external>", line 906, in source_to_code
  File "<frozen importlib._bootstrap>", line 219, in _call_with_frames_removed
  File "/opt/airflow/dags/main_full_processs.py", line 63
    task_id='run_model_training',
    ^
IndentationError: unexpected indent
[2025-07-20T07:08:05.206+0000] {processor.py:842} WARNING - No viable dags retrieved from /opt/airflow/dags/main_full_processs.py
[2025-07-20T07:08:05.479+0000] {processor.py:183} INFO - Processing /opt/airflow/dags/main_full_processs.py took 0.720 seconds
[2025-07-20T07:09:20.760+0000] {processor.py:161} INFO - Started process (PID=3101) to work on /opt/airflow/dags/main_full_processs.py
[2025-07-20T07:09:20.761+0000] {processor.py:830} INFO - Processing file /opt/airflow/dags/main_full_processs.py for tasks to queue
[2025-07-20T07:09:20.762+0000] {logging_mixin.py:188} INFO - [2025-07-20T07:09:20.762+0000] {dagbag.py:538} INFO - Filling up the DagBag from /opt/airflow/dags/main_full_processs.py
[2025-07-20T07:09:20.779+0000] {processor.py:840} INFO - DAG(s) 'ml_pipeline_with_dashboard' retrieved from /opt/airflow/dags/main_full_processs.py
[2025-07-20T07:09:20.990+0000] {logging_mixin.py:188} INFO - [2025-07-20T07:09:20.990+0000] {dag.py:3036} INFO - Sync 1 DAGs
[2025-07-20T07:09:21.000+0000] {logging_mixin.py:188} INFO - [2025-07-20T07:09:20.999+0000] {dag.py:3823} INFO - Setting next_dagrun for ml_pipeline_with_dashboard to None, run_after=None
[2025-07-20T07:09:21.048+0000] {processor.py:183} INFO - Processing /opt/airflow/dags/main_full_processs.py took 0.291 seconds
[2025-07-20T07:09:45.875+0000] {processor.py:161} INFO - Started process (PID=3120) to work on /opt/airflow/dags/main_full_processs.py
[2025-07-20T07:09:45.878+0000] {processor.py:830} INFO - Processing file /opt/airflow/dags/main_full_processs.py for tasks to queue
[2025-07-20T07:09:45.880+0000] {logging_mixin.py:188} INFO - [2025-07-20T07:09:45.880+0000] {dagbag.py:538} INFO - Filling up the DagBag from /opt/airflow/dags/main_full_processs.py
[2025-07-20T07:09:46.112+0000] {logging_mixin.py:188} INFO - [2025-07-20T07:09:46.009+0000] {dagbag.py:348} ERROR - Failed to import: /opt/airflow/dags/main_full_processs.py
Traceback (most recent call last):
  File "/home/airflow/.local/lib/python3.8/site-packages/airflow/models/dagbag.py", line 344, in parse
    loader.exec_module(new_module)
  File "<frozen importlib._bootstrap_external>", line 843, in exec_module
  File "<frozen importlib._bootstrap>", line 219, in _call_with_frames_removed
  File "/opt/airflow/dags/main_full_processs.py", line 54, in <module>
    mlflow = BashOperator(
  File "/home/airflow/.local/lib/python3.8/site-packages/airflow/models/baseoperator.py", line 420, in apply_defaults
    raise AirflowException(f"missing keyword argument {missing_args.pop()!r}")
airflow.exceptions.AirflowException: missing keyword argument 'bash_command'
[2025-07-20T07:09:46.116+0000] {processor.py:842} WARNING - No viable dags retrieved from /opt/airflow/dags/main_full_processs.py
[2025-07-20T07:09:46.143+0000] {processor.py:183} INFO - Processing /opt/airflow/dags/main_full_processs.py took 0.278 seconds
[2025-07-20T07:09:46.952+0000] {processor.py:161} INFO - Started process (PID=3125) to work on /opt/airflow/dags/main_full_processs.py
[2025-07-20T07:09:46.953+0000] {processor.py:830} INFO - Processing file /opt/airflow/dags/main_full_processs.py for tasks to queue
[2025-07-20T07:09:46.954+0000] {logging_mixin.py:188} INFO - [2025-07-20T07:09:46.954+0000] {dagbag.py:538} INFO - Filling up the DagBag from /opt/airflow/dags/main_full_processs.py
[2025-07-20T07:09:46.976+0000] {logging_mixin.py:188} INFO - [2025-07-20T07:09:46.973+0000] {dagbag.py:348} ERROR - Failed to import: /opt/airflow/dags/main_full_processs.py
Traceback (most recent call last):
  File "/home/airflow/.local/lib/python3.8/site-packages/airflow/models/dagbag.py", line 344, in parse
    loader.exec_module(new_module)
  File "<frozen importlib._bootstrap_external>", line 843, in exec_module
  File "<frozen importlib._bootstrap>", line 219, in _call_with_frames_removed
  File "/opt/airflow/dags/main_full_processs.py", line 54, in <module>
    mlflow = BashOperator(
  File "/home/airflow/.local/lib/python3.8/site-packages/airflow/models/baseoperator.py", line 420, in apply_defaults
    raise AirflowException(f"missing keyword argument {missing_args.pop()!r}")
airflow.exceptions.AirflowException: missing keyword argument 'bash_command'
[2025-07-20T07:09:46.977+0000] {processor.py:842} WARNING - No viable dags retrieved from /opt/airflow/dags/main_full_processs.py
[2025-07-20T07:09:46.995+0000] {processor.py:183} INFO - Processing /opt/airflow/dags/main_full_processs.py took 0.046 seconds
[2025-07-20T07:09:51.118+0000] {processor.py:161} INFO - Started process (PID=3135) to work on /opt/airflow/dags/main_full_processs.py
[2025-07-20T07:09:51.119+0000] {processor.py:830} INFO - Processing file /opt/airflow/dags/main_full_processs.py for tasks to queue
[2025-07-20T07:09:51.120+0000] {logging_mixin.py:188} INFO - [2025-07-20T07:09:51.119+0000] {dagbag.py:538} INFO - Filling up the DagBag from /opt/airflow/dags/main_full_processs.py
[2025-07-20T07:09:51.247+0000] {logging_mixin.py:188} INFO - [2025-07-20T07:09:51.149+0000] {dagbag.py:348} ERROR - Failed to import: /opt/airflow/dags/main_full_processs.py
Traceback (most recent call last):
  File "/home/airflow/.local/lib/python3.8/site-packages/airflow/models/dagbag.py", line 344, in parse
    loader.exec_module(new_module)
  File "<frozen importlib._bootstrap_external>", line 843, in exec_module
  File "<frozen importlib._bootstrap>", line 219, in _call_with_frames_removed
  File "/opt/airflow/dags/main_full_processs.py", line 62, in <module>
    run_model_training = BashOperator(
  File "/home/airflow/.local/lib/python3.8/site-packages/airflow/models/baseoperator.py", line 437, in apply_defaults
    result = func(self, **kwargs, default_args=default_args)
  File "/home/airflow/.local/lib/python3.8/site-packages/airflow/operators/bash.py", line 152, in __init__
    super().__init__(**kwargs)
  File "/home/airflow/.local/lib/python3.8/site-packages/airflow/models/baseoperator.py", line 437, in apply_defaults
    result = func(self, **kwargs, default_args=default_args)
  File "/home/airflow/.local/lib/python3.8/site-packages/airflow/models/baseoperator.py", line 811, in __init__
    task_group.add(self)
  File "/home/airflow/.local/lib/python3.8/site-packages/airflow/utils/task_group.py", line 231, in add
    raise DuplicateTaskIdFound(f"{node_type} id '{key}' has already been added to the DAG")
airflow.exceptions.DuplicateTaskIdFound: Task id 'run_model_training' has already been added to the DAG
[2025-07-20T07:09:51.247+0000] {processor.py:842} WARNING - No viable dags retrieved from /opt/airflow/dags/main_full_processs.py
[2025-07-20T07:09:51.264+0000] {processor.py:183} INFO - Processing /opt/airflow/dags/main_full_processs.py took 0.150 seconds
[2025-07-20T07:10:00.418+0000] {processor.py:161} INFO - Started process (PID=3165) to work on /opt/airflow/dags/main_full_processs.py
[2025-07-20T07:10:00.419+0000] {processor.py:830} INFO - Processing file /opt/airflow/dags/main_full_processs.py for tasks to queue
[2025-07-20T07:10:00.420+0000] {logging_mixin.py:188} INFO - [2025-07-20T07:10:00.420+0000] {dagbag.py:538} INFO - Filling up the DagBag from /opt/airflow/dags/main_full_processs.py
[2025-07-20T07:10:00.441+0000] {logging_mixin.py:188} INFO - [2025-07-20T07:10:00.438+0000] {dagbag.py:348} ERROR - Failed to import: /opt/airflow/dags/main_full_processs.py
Traceback (most recent call last):
  File "/home/airflow/.local/lib/python3.8/site-packages/airflow/models/dagbag.py", line 344, in parse
    loader.exec_module(new_module)
  File "<frozen importlib._bootstrap_external>", line 843, in exec_module
  File "<frozen importlib._bootstrap>", line 219, in _call_with_frames_removed
  File "/opt/airflow/dags/main_full_processs.py", line 62, in <module>
    run_model_training = BashOperator(
  File "/home/airflow/.local/lib/python3.8/site-packages/airflow/models/baseoperator.py", line 437, in apply_defaults
    result = func(self, **kwargs, default_args=default_args)
  File "/home/airflow/.local/lib/python3.8/site-packages/airflow/operators/bash.py", line 152, in __init__
    super().__init__(**kwargs)
  File "/home/airflow/.local/lib/python3.8/site-packages/airflow/models/baseoperator.py", line 437, in apply_defaults
    result = func(self, **kwargs, default_args=default_args)
  File "/home/airflow/.local/lib/python3.8/site-packages/airflow/models/baseoperator.py", line 811, in __init__
    task_group.add(self)
  File "/home/airflow/.local/lib/python3.8/site-packages/airflow/utils/task_group.py", line 231, in add
    raise DuplicateTaskIdFound(f"{node_type} id '{key}' has already been added to the DAG")
airflow.exceptions.DuplicateTaskIdFound: Task id 'run_model_training' has already been added to the DAG
[2025-07-20T07:10:00.442+0000] {processor.py:842} WARNING - No viable dags retrieved from /opt/airflow/dags/main_full_processs.py
[2025-07-20T07:10:00.466+0000] {processor.py:183} INFO - Processing /opt/airflow/dags/main_full_processs.py took 0.051 seconds
[2025-07-20T07:10:02.547+0000] {processor.py:161} INFO - Started process (PID=3170) to work on /opt/airflow/dags/main_full_processs.py
[2025-07-20T07:10:02.549+0000] {processor.py:830} INFO - Processing file /opt/airflow/dags/main_full_processs.py for tasks to queue
[2025-07-20T07:10:02.551+0000] {logging_mixin.py:188} INFO - [2025-07-20T07:10:02.551+0000] {dagbag.py:538} INFO - Filling up the DagBag from /opt/airflow/dags/main_full_processs.py
[2025-07-20T07:10:02.570+0000] {logging_mixin.py:188} INFO - [2025-07-20T07:10:02.567+0000] {dagbag.py:348} ERROR - Failed to import: /opt/airflow/dags/main_full_processs.py
Traceback (most recent call last):
  File "/home/airflow/.local/lib/python3.8/site-packages/airflow/models/dagbag.py", line 344, in parse
    loader.exec_module(new_module)
  File "<frozen importlib._bootstrap_external>", line 843, in exec_module
  File "<frozen importlib._bootstrap>", line 219, in _call_with_frames_removed
  File "/opt/airflow/dags/main_full_processs.py", line 62, in <module>
    run_model_training = BashOperator(
  File "/home/airflow/.local/lib/python3.8/site-packages/airflow/models/baseoperator.py", line 437, in apply_defaults
    result = func(self, **kwargs, default_args=default_args)
  File "/home/airflow/.local/lib/python3.8/site-packages/airflow/operators/bash.py", line 152, in __init__
    super().__init__(**kwargs)
  File "/home/airflow/.local/lib/python3.8/site-packages/airflow/models/baseoperator.py", line 437, in apply_defaults
    result = func(self, **kwargs, default_args=default_args)
  File "/home/airflow/.local/lib/python3.8/site-packages/airflow/models/baseoperator.py", line 811, in __init__
    task_group.add(self)
  File "/home/airflow/.local/lib/python3.8/site-packages/airflow/utils/task_group.py", line 231, in add
    raise DuplicateTaskIdFound(f"{node_type} id '{key}' has already been added to the DAG")
airflow.exceptions.DuplicateTaskIdFound: Task id 'run_model_training' has already been added to the DAG
[2025-07-20T07:10:02.570+0000] {processor.py:842} WARNING - No viable dags retrieved from /opt/airflow/dags/main_full_processs.py
[2025-07-20T07:10:02.587+0000] {processor.py:183} INFO - Processing /opt/airflow/dags/main_full_processs.py took 0.042 seconds
[2025-07-20T07:10:17.072+0000] {processor.py:161} INFO - Started process (PID=3175) to work on /opt/airflow/dags/main_full_processs.py
[2025-07-20T07:10:17.075+0000] {processor.py:830} INFO - Processing file /opt/airflow/dags/main_full_processs.py for tasks to queue
[2025-07-20T07:10:17.076+0000] {logging_mixin.py:188} INFO - [2025-07-20T07:10:17.076+0000] {dagbag.py:538} INFO - Filling up the DagBag from /opt/airflow/dags/main_full_processs.py
[2025-07-20T07:10:17.103+0000] {logging_mixin.py:188} INFO - [2025-07-20T07:10:17.099+0000] {dagbag.py:348} ERROR - Failed to import: /opt/airflow/dags/main_full_processs.py
Traceback (most recent call last):
  File "/home/airflow/.local/lib/python3.8/site-packages/airflow/models/dagbag.py", line 344, in parse
    loader.exec_module(new_module)
  File "<frozen importlib._bootstrap_external>", line 843, in exec_module
  File "<frozen importlib._bootstrap>", line 219, in _call_with_frames_removed
  File "/opt/airflow/dags/main_full_processs.py", line 62, in <module>
    run_model_training = BashOperator(
  File "/home/airflow/.local/lib/python3.8/site-packages/airflow/models/baseoperator.py", line 437, in apply_defaults
    result = func(self, **kwargs, default_args=default_args)
  File "/home/airflow/.local/lib/python3.8/site-packages/airflow/operators/bash.py", line 152, in __init__
    super().__init__(**kwargs)
  File "/home/airflow/.local/lib/python3.8/site-packages/airflow/models/baseoperator.py", line 437, in apply_defaults
    result = func(self, **kwargs, default_args=default_args)
  File "/home/airflow/.local/lib/python3.8/site-packages/airflow/models/baseoperator.py", line 811, in __init__
    task_group.add(self)
  File "/home/airflow/.local/lib/python3.8/site-packages/airflow/utils/task_group.py", line 231, in add
    raise DuplicateTaskIdFound(f"{node_type} id '{key}' has already been added to the DAG")
airflow.exceptions.DuplicateTaskIdFound: Task id 'run_model_training' has already been added to the DAG
[2025-07-20T07:10:17.104+0000] {processor.py:842} WARNING - No viable dags retrieved from /opt/airflow/dags/main_full_processs.py
[2025-07-20T07:10:17.129+0000] {processor.py:183} INFO - Processing /opt/airflow/dags/main_full_processs.py took 0.067 seconds
[2025-07-20T07:10:27.703+0000] {processor.py:161} INFO - Started process (PID=3200) to work on /opt/airflow/dags/main_full_processs.py
[2025-07-20T07:10:27.704+0000] {processor.py:830} INFO - Processing file /opt/airflow/dags/main_full_processs.py for tasks to queue
[2025-07-20T07:10:27.705+0000] {logging_mixin.py:188} INFO - [2025-07-20T07:10:27.704+0000] {dagbag.py:538} INFO - Filling up the DagBag from /opt/airflow/dags/main_full_processs.py
[2025-07-20T07:10:27.726+0000] {logging_mixin.py:188} INFO - [2025-07-20T07:10:27.722+0000] {dagbag.py:348} ERROR - Failed to import: /opt/airflow/dags/main_full_processs.py
Traceback (most recent call last):
  File "/home/airflow/.local/lib/python3.8/site-packages/airflow/models/dagbag.py", line 344, in parse
    loader.exec_module(new_module)
  File "<frozen importlib._bootstrap_external>", line 843, in exec_module
  File "<frozen importlib._bootstrap>", line 219, in _call_with_frames_removed
  File "/opt/airflow/dags/main_full_processs.py", line 62, in <module>
    run_model_training = BashOperator(
  File "/home/airflow/.local/lib/python3.8/site-packages/airflow/models/baseoperator.py", line 437, in apply_defaults
    result = func(self, **kwargs, default_args=default_args)
  File "/home/airflow/.local/lib/python3.8/site-packages/airflow/operators/bash.py", line 152, in __init__
    super().__init__(**kwargs)
  File "/home/airflow/.local/lib/python3.8/site-packages/airflow/models/baseoperator.py", line 437, in apply_defaults
    result = func(self, **kwargs, default_args=default_args)
  File "/home/airflow/.local/lib/python3.8/site-packages/airflow/models/baseoperator.py", line 811, in __init__
    task_group.add(self)
  File "/home/airflow/.local/lib/python3.8/site-packages/airflow/utils/task_group.py", line 231, in add
    raise DuplicateTaskIdFound(f"{node_type} id '{key}' has already been added to the DAG")
airflow.exceptions.DuplicateTaskIdFound: Task id 'run_model_training' has already been added to the DAG
[2025-07-20T07:10:27.727+0000] {processor.py:842} WARNING - No viable dags retrieved from /opt/airflow/dags/main_full_processs.py
[2025-07-20T07:10:27.750+0000] {processor.py:183} INFO - Processing /opt/airflow/dags/main_full_processs.py took 0.051 seconds
[2025-07-20T07:10:57.912+0000] {processor.py:161} INFO - Started process (PID=3235) to work on /opt/airflow/dags/main_full_processs.py
[2025-07-20T07:10:57.913+0000] {processor.py:830} INFO - Processing file /opt/airflow/dags/main_full_processs.py for tasks to queue
[2025-07-20T07:10:57.915+0000] {logging_mixin.py:188} INFO - [2025-07-20T07:10:57.914+0000] {dagbag.py:538} INFO - Filling up the DagBag from /opt/airflow/dags/main_full_processs.py
[2025-07-20T07:10:57.934+0000] {logging_mixin.py:188} INFO - [2025-07-20T07:10:57.930+0000] {dagbag.py:348} ERROR - Failed to import: /opt/airflow/dags/main_full_processs.py
Traceback (most recent call last):
  File "/home/airflow/.local/lib/python3.8/site-packages/airflow/models/dagbag.py", line 344, in parse
    loader.exec_module(new_module)
  File "<frozen importlib._bootstrap_external>", line 843, in exec_module
  File "<frozen importlib._bootstrap>", line 219, in _call_with_frames_removed
  File "/opt/airflow/dags/main_full_processs.py", line 62, in <module>
    run_model_training = BashOperator(
  File "/home/airflow/.local/lib/python3.8/site-packages/airflow/models/baseoperator.py", line 437, in apply_defaults
    result = func(self, **kwargs, default_args=default_args)
  File "/home/airflow/.local/lib/python3.8/site-packages/airflow/operators/bash.py", line 152, in __init__
    super().__init__(**kwargs)
  File "/home/airflow/.local/lib/python3.8/site-packages/airflow/models/baseoperator.py", line 437, in apply_defaults
    result = func(self, **kwargs, default_args=default_args)
  File "/home/airflow/.local/lib/python3.8/site-packages/airflow/models/baseoperator.py", line 811, in __init__
    task_group.add(self)
  File "/home/airflow/.local/lib/python3.8/site-packages/airflow/utils/task_group.py", line 231, in add
    raise DuplicateTaskIdFound(f"{node_type} id '{key}' has already been added to the DAG")
airflow.exceptions.DuplicateTaskIdFound: Task id 'run_model_training' has already been added to the DAG
[2025-07-20T07:10:57.935+0000] {processor.py:842} WARNING - No viable dags retrieved from /opt/airflow/dags/main_full_processs.py
[2025-07-20T07:10:58.012+0000] {processor.py:183} INFO - Processing /opt/airflow/dags/main_full_processs.py took 0.106 seconds
[2025-07-20T07:11:06.102+0000] {processor.py:161} INFO - Started process (PID=3250) to work on /opt/airflow/dags/main_full_processs.py
[2025-07-20T07:11:06.104+0000] {processor.py:830} INFO - Processing file /opt/airflow/dags/main_full_processs.py for tasks to queue
[2025-07-20T07:11:06.106+0000] {logging_mixin.py:188} INFO - [2025-07-20T07:11:06.106+0000] {dagbag.py:538} INFO - Filling up the DagBag from /opt/airflow/dags/main_full_processs.py
[2025-07-20T07:11:06.131+0000] {logging_mixin.py:188} INFO - [2025-07-20T07:11:06.128+0000] {dagbag.py:348} ERROR - Failed to import: /opt/airflow/dags/main_full_processs.py
Traceback (most recent call last):
  File "/home/airflow/.local/lib/python3.8/site-packages/airflow/models/dagbag.py", line 344, in parse
    loader.exec_module(new_module)
  File "<frozen importlib._bootstrap_external>", line 843, in exec_module
  File "<frozen importlib._bootstrap>", line 219, in _call_with_frames_removed
  File "/opt/airflow/dags/main_full_processs.py", line 62, in <module>
    run_model_training = BashOperator(
  File "/home/airflow/.local/lib/python3.8/site-packages/airflow/models/baseoperator.py", line 437, in apply_defaults
    result = func(self, **kwargs, default_args=default_args)
  File "/home/airflow/.local/lib/python3.8/site-packages/airflow/operators/bash.py", line 152, in __init__
    super().__init__(**kwargs)
  File "/home/airflow/.local/lib/python3.8/site-packages/airflow/models/baseoperator.py", line 437, in apply_defaults
    result = func(self, **kwargs, default_args=default_args)
  File "/home/airflow/.local/lib/python3.8/site-packages/airflow/models/baseoperator.py", line 811, in __init__
    task_group.add(self)
  File "/home/airflow/.local/lib/python3.8/site-packages/airflow/utils/task_group.py", line 231, in add
    raise DuplicateTaskIdFound(f"{node_type} id '{key}' has already been added to the DAG")
airflow.exceptions.DuplicateTaskIdFound: Task id 'run_model_training' has already been added to the DAG
[2025-07-20T07:11:06.131+0000] {processor.py:842} WARNING - No viable dags retrieved from /opt/airflow/dags/main_full_processs.py
[2025-07-20T07:11:06.148+0000] {processor.py:183} INFO - Processing /opt/airflow/dags/main_full_processs.py took 0.055 seconds
[2025-07-20T07:11:36.973+0000] {processor.py:161} INFO - Started process (PID=3285) to work on /opt/airflow/dags/main_full_processs.py
[2025-07-20T07:11:36.974+0000] {processor.py:830} INFO - Processing file /opt/airflow/dags/main_full_processs.py for tasks to queue
[2025-07-20T07:11:36.974+0000] {logging_mixin.py:188} INFO - [2025-07-20T07:11:36.974+0000] {dagbag.py:538} INFO - Filling up the DagBag from /opt/airflow/dags/main_full_processs.py
[2025-07-20T07:11:36.988+0000] {logging_mixin.py:188} INFO - [2025-07-20T07:11:36.985+0000] {dagbag.py:348} ERROR - Failed to import: /opt/airflow/dags/main_full_processs.py
Traceback (most recent call last):
  File "/home/airflow/.local/lib/python3.8/site-packages/airflow/models/dagbag.py", line 344, in parse
    loader.exec_module(new_module)
  File "<frozen importlib._bootstrap_external>", line 843, in exec_module
  File "<frozen importlib._bootstrap>", line 219, in _call_with_frames_removed
  File "/opt/airflow/dags/main_full_processs.py", line 62, in <module>
    run_model_training = BashOperator(
  File "/home/airflow/.local/lib/python3.8/site-packages/airflow/models/baseoperator.py", line 437, in apply_defaults
    result = func(self, **kwargs, default_args=default_args)
  File "/home/airflow/.local/lib/python3.8/site-packages/airflow/operators/bash.py", line 152, in __init__
    super().__init__(**kwargs)
  File "/home/airflow/.local/lib/python3.8/site-packages/airflow/models/baseoperator.py", line 437, in apply_defaults
    result = func(self, **kwargs, default_args=default_args)
  File "/home/airflow/.local/lib/python3.8/site-packages/airflow/models/baseoperator.py", line 811, in __init__
    task_group.add(self)
  File "/home/airflow/.local/lib/python3.8/site-packages/airflow/utils/task_group.py", line 231, in add
    raise DuplicateTaskIdFound(f"{node_type} id '{key}' has already been added to the DAG")
airflow.exceptions.DuplicateTaskIdFound: Task id 'run_model_training' has already been added to the DAG
[2025-07-20T07:11:36.988+0000] {processor.py:842} WARNING - No viable dags retrieved from /opt/airflow/dags/main_full_processs.py
[2025-07-20T07:11:37.003+0000] {processor.py:183} INFO - Processing /opt/airflow/dags/main_full_processs.py took 0.033 seconds
[2025-07-20T07:12:07.052+0000] {processor.py:161} INFO - Started process (PID=3320) to work on /opt/airflow/dags/main_full_processs.py
[2025-07-20T07:12:07.054+0000] {processor.py:830} INFO - Processing file /opt/airflow/dags/main_full_processs.py for tasks to queue
[2025-07-20T07:12:07.055+0000] {logging_mixin.py:188} INFO - [2025-07-20T07:12:07.055+0000] {dagbag.py:538} INFO - Filling up the DagBag from /opt/airflow/dags/main_full_processs.py
[2025-07-20T07:12:07.076+0000] {logging_mixin.py:188} INFO - [2025-07-20T07:12:07.069+0000] {dagbag.py:348} ERROR - Failed to import: /opt/airflow/dags/main_full_processs.py
Traceback (most recent call last):
  File "/home/airflow/.local/lib/python3.8/site-packages/airflow/models/dagbag.py", line 344, in parse
    loader.exec_module(new_module)
  File "<frozen importlib._bootstrap_external>", line 843, in exec_module
  File "<frozen importlib._bootstrap>", line 219, in _call_with_frames_removed
  File "/opt/airflow/dags/main_full_processs.py", line 62, in <module>
    run_model_training = BashOperator(
  File "/home/airflow/.local/lib/python3.8/site-packages/airflow/models/baseoperator.py", line 437, in apply_defaults
    result = func(self, **kwargs, default_args=default_args)
  File "/home/airflow/.local/lib/python3.8/site-packages/airflow/operators/bash.py", line 152, in __init__
    super().__init__(**kwargs)
  File "/home/airflow/.local/lib/python3.8/site-packages/airflow/models/baseoperator.py", line 437, in apply_defaults
    result = func(self, **kwargs, default_args=default_args)
  File "/home/airflow/.local/lib/python3.8/site-packages/airflow/models/baseoperator.py", line 811, in __init__
    task_group.add(self)
  File "/home/airflow/.local/lib/python3.8/site-packages/airflow/utils/task_group.py", line 231, in add
    raise DuplicateTaskIdFound(f"{node_type} id '{key}' has already been added to the DAG")
airflow.exceptions.DuplicateTaskIdFound: Task id 'run_model_training' has already been added to the DAG
[2025-07-20T07:12:07.077+0000] {processor.py:842} WARNING - No viable dags retrieved from /opt/airflow/dags/main_full_processs.py
[2025-07-20T07:12:07.097+0000] {processor.py:183} INFO - Processing /opt/airflow/dags/main_full_processs.py took 0.049 seconds
[2025-07-20T07:12:22.474+0000] {processor.py:161} INFO - Started process (PID=3325) to work on /opt/airflow/dags/main_full_processs.py
[2025-07-20T07:12:22.476+0000] {processor.py:830} INFO - Processing file /opt/airflow/dags/main_full_processs.py for tasks to queue
[2025-07-20T07:12:22.478+0000] {logging_mixin.py:188} INFO - [2025-07-20T07:12:22.477+0000] {dagbag.py:538} INFO - Filling up the DagBag from /opt/airflow/dags/main_full_processs.py
[2025-07-20T07:12:22.506+0000] {processor.py:840} INFO - DAG(s) 'ml_pipeline_with_dashboard' retrieved from /opt/airflow/dags/main_full_processs.py
[2025-07-20T07:12:22.722+0000] {logging_mixin.py:188} INFO - [2025-07-20T07:12:22.722+0000] {dag.py:3036} INFO - Sync 1 DAGs
[2025-07-20T07:12:22.732+0000] {logging_mixin.py:188} INFO - [2025-07-20T07:12:22.732+0000] {dag.py:3823} INFO - Setting next_dagrun for ml_pipeline_with_dashboard to None, run_after=None
[2025-07-20T07:12:22.760+0000] {processor.py:183} INFO - Processing /opt/airflow/dags/main_full_processs.py took 0.295 seconds
[2025-07-20T07:12:31.266+0000] {processor.py:161} INFO - Started process (PID=3350) to work on /opt/airflow/dags/main_full_processs.py
[2025-07-20T07:12:31.267+0000] {processor.py:830} INFO - Processing file /opt/airflow/dags/main_full_processs.py for tasks to queue
[2025-07-20T07:12:31.268+0000] {logging_mixin.py:188} INFO - [2025-07-20T07:12:31.268+0000] {dagbag.py:538} INFO - Filling up the DagBag from /opt/airflow/dags/main_full_processs.py
[2025-07-20T07:12:31.344+0000] {processor.py:840} INFO - DAG(s) 'ml_pipeline_with_dashboard' retrieved from /opt/airflow/dags/main_full_processs.py
[2025-07-20T07:12:31.366+0000] {logging_mixin.py:188} INFO - [2025-07-20T07:12:31.365+0000] {dag.py:3036} INFO - Sync 1 DAGs
[2025-07-20T07:12:31.378+0000] {logging_mixin.py:188} INFO - [2025-07-20T07:12:31.377+0000] {dag.py:3823} INFO - Setting next_dagrun for ml_pipeline_with_dashboard to None, run_after=None
[2025-07-20T07:12:31.399+0000] {processor.py:183} INFO - Processing /opt/airflow/dags/main_full_processs.py took 0.136 seconds
[2025-07-20T07:12:34.497+0000] {processor.py:161} INFO - Started process (PID=3365) to work on /opt/airflow/dags/main_full_processs.py
[2025-07-20T07:12:34.498+0000] {processor.py:830} INFO - Processing file /opt/airflow/dags/main_full_processs.py for tasks to queue
[2025-07-20T07:12:34.499+0000] {logging_mixin.py:188} INFO - [2025-07-20T07:12:34.499+0000] {dagbag.py:538} INFO - Filling up the DagBag from /opt/airflow/dags/main_full_processs.py
[2025-07-20T07:12:34.517+0000] {processor.py:840} INFO - DAG(s) 'ml_pipeline_with_dashboard' retrieved from /opt/airflow/dags/main_full_processs.py
[2025-07-20T07:12:34.527+0000] {logging_mixin.py:188} INFO - [2025-07-20T07:12:34.526+0000] {dag.py:3036} INFO - Sync 1 DAGs
[2025-07-20T07:12:34.538+0000] {logging_mixin.py:188} INFO - [2025-07-20T07:12:34.538+0000] {dag.py:3823} INFO - Setting next_dagrun for ml_pipeline_with_dashboard to None, run_after=None
[2025-07-20T07:12:34.559+0000] {processor.py:183} INFO - Processing /opt/airflow/dags/main_full_processs.py took 0.064 seconds
[2025-07-20T07:12:35.523+0000] {processor.py:161} INFO - Started process (PID=3370) to work on /opt/airflow/dags/main_full_processs.py
[2025-07-20T07:12:35.524+0000] {processor.py:830} INFO - Processing file /opt/airflow/dags/main_full_processs.py for tasks to queue
[2025-07-20T07:12:35.525+0000] {logging_mixin.py:188} INFO - [2025-07-20T07:12:35.524+0000] {dagbag.py:538} INFO - Filling up the DagBag from /opt/airflow/dags/main_full_processs.py
[2025-07-20T07:12:35.541+0000] {processor.py:840} INFO - DAG(s) 'ml_pipeline_with_dashboard' retrieved from /opt/airflow/dags/main_full_processs.py
[2025-07-20T07:12:35.552+0000] {logging_mixin.py:188} INFO - [2025-07-20T07:12:35.551+0000] {dag.py:3036} INFO - Sync 1 DAGs
[2025-07-20T07:12:35.563+0000] {logging_mixin.py:188} INFO - [2025-07-20T07:12:35.563+0000] {dag.py:3823} INFO - Setting next_dagrun for ml_pipeline_with_dashboard to None, run_after=None
[2025-07-20T07:12:35.586+0000] {processor.py:183} INFO - Processing /opt/airflow/dags/main_full_processs.py took 0.066 seconds
[2025-07-20T07:13:05.819+0000] {processor.py:161} INFO - Started process (PID=3405) to work on /opt/airflow/dags/main_full_processs.py
[2025-07-20T07:13:05.820+0000] {processor.py:830} INFO - Processing file /opt/airflow/dags/main_full_processs.py for tasks to queue
[2025-07-20T07:13:05.822+0000] {logging_mixin.py:188} INFO - [2025-07-20T07:13:05.821+0000] {dagbag.py:538} INFO - Filling up the DagBag from /opt/airflow/dags/main_full_processs.py
[2025-07-20T07:13:05.832+0000] {processor.py:840} INFO - DAG(s) 'ml_pipeline_with_dashboard' retrieved from /opt/airflow/dags/main_full_processs.py
[2025-07-20T07:13:05.934+0000] {logging_mixin.py:188} INFO - [2025-07-20T07:13:05.934+0000] {dag.py:3036} INFO - Sync 1 DAGs
[2025-07-20T07:13:05.944+0000] {logging_mixin.py:188} INFO - [2025-07-20T07:13:05.944+0000] {dag.py:3823} INFO - Setting next_dagrun for ml_pipeline_with_dashboard to None, run_after=None
[2025-07-20T07:13:05.966+0000] {processor.py:183} INFO - Processing /opt/airflow/dags/main_full_processs.py took 0.150 seconds
[2025-07-20T07:13:19.468+0000] {processor.py:161} INFO - Started process (PID=3410) to work on /opt/airflow/dags/main_full_processs.py
[2025-07-20T07:13:19.472+0000] {processor.py:830} INFO - Processing file /opt/airflow/dags/main_full_processs.py for tasks to queue
[2025-07-20T07:13:19.477+0000] {logging_mixin.py:188} INFO - [2025-07-20T07:13:19.476+0000] {dagbag.py:538} INFO - Filling up the DagBag from /opt/airflow/dags/main_full_processs.py
[2025-07-20T07:13:19.596+0000] {processor.py:840} INFO - DAG(s) 'ml_pipeline_with_dashboard' retrieved from /opt/airflow/dags/main_full_processs.py
[2025-07-20T07:13:19.624+0000] {logging_mixin.py:188} INFO - [2025-07-20T07:13:19.623+0000] {dag.py:3036} INFO - Sync 1 DAGs
[2025-07-20T07:13:19.641+0000] {logging_mixin.py:188} INFO - [2025-07-20T07:13:19.641+0000] {dag.py:3823} INFO - Setting next_dagrun for ml_pipeline_with_dashboard to None, run_after=None
[2025-07-20T07:13:19.666+0000] {processor.py:183} INFO - Processing /opt/airflow/dags/main_full_processs.py took 0.213 seconds
[2025-07-20T07:13:24.664+0000] {processor.py:161} INFO - Started process (PID=3415) to work on /opt/airflow/dags/main_full_processs.py
[2025-07-20T07:13:24.666+0000] {processor.py:830} INFO - Processing file /opt/airflow/dags/main_full_processs.py for tasks to queue
[2025-07-20T07:13:24.667+0000] {logging_mixin.py:188} INFO - [2025-07-20T07:13:24.667+0000] {dagbag.py:538} INFO - Filling up the DagBag from /opt/airflow/dags/main_full_processs.py
[2025-07-20T07:13:24.689+0000] {processor.py:840} INFO - DAG(s) 'ml_pipeline_with_dashboard' retrieved from /opt/airflow/dags/main_full_processs.py
[2025-07-20T07:13:24.700+0000] {logging_mixin.py:188} INFO - [2025-07-20T07:13:24.700+0000] {dag.py:3036} INFO - Sync 1 DAGs
[2025-07-20T07:13:24.713+0000] {logging_mixin.py:188} INFO - [2025-07-20T07:13:24.713+0000] {dag.py:3823} INFO - Setting next_dagrun for ml_pipeline_with_dashboard to None, run_after=None
[2025-07-20T07:13:24.741+0000] {processor.py:183} INFO - Processing /opt/airflow/dags/main_full_processs.py took 0.080 seconds
[2025-07-20T07:13:27.054+0000] {processor.py:161} INFO - Started process (PID=3440) to work on /opt/airflow/dags/main_full_processs.py
[2025-07-20T07:13:27.055+0000] {processor.py:830} INFO - Processing file /opt/airflow/dags/main_full_processs.py for tasks to queue
[2025-07-20T07:13:27.056+0000] {logging_mixin.py:188} INFO - [2025-07-20T07:13:27.056+0000] {dagbag.py:538} INFO - Filling up the DagBag from /opt/airflow/dags/main_full_processs.py
[2025-07-20T07:13:27.077+0000] {processor.py:840} INFO - DAG(s) 'ml_pipeline_with_dashboard' retrieved from /opt/airflow/dags/main_full_processs.py
[2025-07-20T07:13:27.089+0000] {logging_mixin.py:188} INFO - [2025-07-20T07:13:27.088+0000] {dag.py:3036} INFO - Sync 1 DAGs
[2025-07-20T07:13:27.102+0000] {logging_mixin.py:188} INFO - [2025-07-20T07:13:27.101+0000] {dag.py:3823} INFO - Setting next_dagrun for ml_pipeline_with_dashboard to None, run_after=None
[2025-07-20T07:13:27.126+0000] {processor.py:183} INFO - Processing /opt/airflow/dags/main_full_processs.py took 0.076 seconds
[2025-07-20T07:13:32.243+0000] {processor.py:161} INFO - Started process (PID=3445) to work on /opt/airflow/dags/main_full_processs.py
[2025-07-20T07:13:32.243+0000] {processor.py:830} INFO - Processing file /opt/airflow/dags/main_full_processs.py for tasks to queue
[2025-07-20T07:13:32.244+0000] {logging_mixin.py:188} INFO - [2025-07-20T07:13:32.244+0000] {dagbag.py:538} INFO - Filling up the DagBag from /opt/airflow/dags/main_full_processs.py
[2025-07-20T07:13:32.265+0000] {processor.py:840} INFO - DAG(s) 'ml_pipeline_with_dashboard' retrieved from /opt/airflow/dags/main_full_processs.py
[2025-07-20T07:13:32.281+0000] {logging_mixin.py:188} INFO - [2025-07-20T07:13:32.280+0000] {dag.py:3036} INFO - Sync 1 DAGs
[2025-07-20T07:13:32.297+0000] {logging_mixin.py:188} INFO - [2025-07-20T07:13:32.296+0000] {dag.py:3823} INFO - Setting next_dagrun for ml_pipeline_with_dashboard to None, run_after=None
[2025-07-20T07:13:32.318+0000] {processor.py:183} INFO - Processing /opt/airflow/dags/main_full_processs.py took 0.078 seconds
[2025-07-20T07:13:33.315+0000] {processor.py:161} INFO - Started process (PID=3450) to work on /opt/airflow/dags/main_full_processs.py
[2025-07-20T07:13:33.317+0000] {processor.py:830} INFO - Processing file /opt/airflow/dags/main_full_processs.py for tasks to queue
[2025-07-20T07:13:33.318+0000] {logging_mixin.py:188} INFO - [2025-07-20T07:13:33.318+0000] {dagbag.py:538} INFO - Filling up the DagBag from /opt/airflow/dags/main_full_processs.py
[2025-07-20T07:13:33.341+0000] {processor.py:840} INFO - DAG(s) 'ml_pipeline_with_dashboard' retrieved from /opt/airflow/dags/main_full_processs.py
[2025-07-20T07:13:33.352+0000] {logging_mixin.py:188} INFO - [2025-07-20T07:13:33.352+0000] {dag.py:3036} INFO - Sync 1 DAGs
[2025-07-20T07:13:33.365+0000] {logging_mixin.py:188} INFO - [2025-07-20T07:13:33.365+0000] {dag.py:3823} INFO - Setting next_dagrun for ml_pipeline_with_dashboard to None, run_after=None
[2025-07-20T07:13:33.395+0000] {processor.py:183} INFO - Processing /opt/airflow/dags/main_full_processs.py took 0.083 seconds
[2025-07-20T07:13:37.564+0000] {processor.py:161} INFO - Started process (PID=3465) to work on /opt/airflow/dags/main_full_processs.py
[2025-07-20T07:13:37.565+0000] {processor.py:830} INFO - Processing file /opt/airflow/dags/main_full_processs.py for tasks to queue
[2025-07-20T07:13:37.566+0000] {logging_mixin.py:188} INFO - [2025-07-20T07:13:37.566+0000] {dagbag.py:538} INFO - Filling up the DagBag from /opt/airflow/dags/main_full_processs.py
[2025-07-20T07:13:37.589+0000] {processor.py:840} INFO - DAG(s) 'ml_pipeline_with_dashboard' retrieved from /opt/airflow/dags/main_full_processs.py
[2025-07-20T07:13:37.691+0000] {logging_mixin.py:188} INFO - [2025-07-20T07:13:37.691+0000] {dag.py:3036} INFO - Sync 1 DAGs
[2025-07-20T07:13:37.701+0000] {logging_mixin.py:188} INFO - [2025-07-20T07:13:37.700+0000] {dag.py:3823} INFO - Setting next_dagrun for ml_pipeline_with_dashboard to None, run_after=None
[2025-07-20T07:13:37.726+0000] {processor.py:183} INFO - Processing /opt/airflow/dags/main_full_processs.py took 0.165 seconds
[2025-07-20T07:13:45.916+0000] {processor.py:161} INFO - Started process (PID=3470) to work on /opt/airflow/dags/main_full_processs.py
[2025-07-20T07:13:45.917+0000] {processor.py:830} INFO - Processing file /opt/airflow/dags/main_full_processs.py for tasks to queue
[2025-07-20T07:13:45.918+0000] {logging_mixin.py:188} INFO - [2025-07-20T07:13:45.918+0000] {dagbag.py:538} INFO - Filling up the DagBag from /opt/airflow/dags/main_full_processs.py
[2025-07-20T07:13:45.937+0000] {logging_mixin.py:188} INFO - [2025-07-20T07:13:45.934+0000] {dagbag.py:348} ERROR - Failed to import: /opt/airflow/dags/main_full_processs.py
Traceback (most recent call last):
  File "/home/airflow/.local/lib/python3.8/site-packages/airflow/models/dagbag.py", line 344, in parse
    loader.exec_module(new_module)
  File "<frozen importlib._bootstrap_external>", line 843, in exec_module
  File "<frozen importlib._bootstrap>", line 219, in _call_with_frames_removed
  File "/opt/airflow/dags/main_full_processs.py", line 70, in <module>
    data
NameError: name 'data' is not defined
[2025-07-20T07:13:45.938+0000] {processor.py:842} WARNING - No viable dags retrieved from /opt/airflow/dags/main_full_processs.py
[2025-07-20T07:13:45.954+0000] {processor.py:183} INFO - Processing /opt/airflow/dags/main_full_processs.py took 0.040 seconds
[2025-07-20T07:13:50.050+0000] {processor.py:161} INFO - Started process (PID=3475) to work on /opt/airflow/dags/main_full_processs.py
[2025-07-20T07:13:50.051+0000] {processor.py:830} INFO - Processing file /opt/airflow/dags/main_full_processs.py for tasks to queue
[2025-07-20T07:13:50.052+0000] {logging_mixin.py:188} INFO - [2025-07-20T07:13:50.052+0000] {dagbag.py:538} INFO - Filling up the DagBag from /opt/airflow/dags/main_full_processs.py
[2025-07-20T07:13:50.076+0000] {processor.py:840} INFO - DAG(s) 'ml_pipeline_with_dashboard' retrieved from /opt/airflow/dags/main_full_processs.py
[2025-07-20T07:13:50.166+0000] {logging_mixin.py:188} INFO - [2025-07-20T07:13:50.165+0000] {dag.py:3036} INFO - Sync 1 DAGs
[2025-07-20T07:13:50.245+0000] {logging_mixin.py:188} INFO - [2025-07-20T07:13:50.244+0000] {dag.py:3823} INFO - Setting next_dagrun for ml_pipeline_with_dashboard to None, run_after=None
[2025-07-20T07:13:50.292+0000] {processor.py:183} INFO - Processing /opt/airflow/dags/main_full_processs.py took 0.246 seconds
[2025-07-20T07:14:21.461+0000] {processor.py:161} INFO - Started process (PID=3537) to work on /opt/airflow/dags/main_full_processs.py
[2025-07-20T07:14:21.462+0000] {processor.py:830} INFO - Processing file /opt/airflow/dags/main_full_processs.py for tasks to queue
[2025-07-20T07:14:21.463+0000] {logging_mixin.py:188} INFO - [2025-07-20T07:14:21.463+0000] {dagbag.py:538} INFO - Filling up the DagBag from /opt/airflow/dags/main_full_processs.py
[2025-07-20T07:14:21.476+0000] {processor.py:840} INFO - DAG(s) 'ml_pipeline_with_dashboard' retrieved from /opt/airflow/dags/main_full_processs.py
[2025-07-20T07:14:21.587+0000] {logging_mixin.py:188} INFO - [2025-07-20T07:14:21.587+0000] {dag.py:3036} INFO - Sync 1 DAGs
[2025-07-20T07:14:21.599+0000] {logging_mixin.py:188} INFO - [2025-07-20T07:14:21.598+0000] {dag.py:3823} INFO - Setting next_dagrun for ml_pipeline_with_dashboard to None, run_after=None
[2025-07-20T07:14:21.619+0000] {processor.py:183} INFO - Processing /opt/airflow/dags/main_full_processs.py took 0.161 seconds
[2025-07-20T07:14:52.982+0000] {processor.py:161} INFO - Started process (PID=3998) to work on /opt/airflow/dags/main_full_processs.py
[2025-07-20T07:14:52.988+0000] {processor.py:830} INFO - Processing file /opt/airflow/dags/main_full_processs.py for tasks to queue
[2025-07-20T07:14:52.991+0000] {logging_mixin.py:188} INFO - [2025-07-20T07:14:52.990+0000] {dagbag.py:538} INFO - Filling up the DagBag from /opt/airflow/dags/main_full_processs.py
[2025-07-20T07:14:53.118+0000] {processor.py:840} INFO - DAG(s) 'ml_pipeline_with_dashboard' retrieved from /opt/airflow/dags/main_full_processs.py
[2025-07-20T07:14:53.539+0000] {logging_mixin.py:188} INFO - [2025-07-20T07:14:53.539+0000] {dag.py:3036} INFO - Sync 1 DAGs
[2025-07-20T07:14:53.649+0000] {logging_mixin.py:188} INFO - [2025-07-20T07:14:53.648+0000] {dag.py:3823} INFO - Setting next_dagrun for ml_pipeline_with_dashboard to None, run_after=None
[2025-07-20T07:14:53.823+0000] {processor.py:183} INFO - Processing /opt/airflow/dags/main_full_processs.py took 0.896 seconds
[2025-07-20T07:15:24.351+0000] {processor.py:161} INFO - Started process (PID=4989) to work on /opt/airflow/dags/main_full_processs.py
[2025-07-20T07:15:24.384+0000] {processor.py:830} INFO - Processing file /opt/airflow/dags/main_full_processs.py for tasks to queue
[2025-07-20T07:15:24.410+0000] {logging_mixin.py:188} INFO - [2025-07-20T07:15:24.409+0000] {dagbag.py:538} INFO - Filling up the DagBag from /opt/airflow/dags/main_full_processs.py
[2025-07-20T07:15:24.518+0000] {processor.py:840} INFO - DAG(s) 'ml_pipeline_with_dashboard' retrieved from /opt/airflow/dags/main_full_processs.py
[2025-07-20T07:15:24.930+0000] {logging_mixin.py:188} INFO - [2025-07-20T07:15:24.930+0000] {dag.py:3036} INFO - Sync 1 DAGs
[2025-07-20T07:15:25.012+0000] {logging_mixin.py:188} INFO - [2025-07-20T07:15:25.012+0000] {dag.py:3823} INFO - Setting next_dagrun for ml_pipeline_with_dashboard to None, run_after=None
[2025-07-20T07:15:25.143+0000] {processor.py:183} INFO - Processing /opt/airflow/dags/main_full_processs.py took 0.817 seconds
[2025-07-20T07:16:28.913+0000] {processor.py:161} INFO - Started process (PID=5718) to work on /opt/airflow/dags/main_full_processs.py
[2025-07-20T07:16:28.915+0000] {processor.py:830} INFO - Processing file /opt/airflow/dags/main_full_processs.py for tasks to queue
[2025-07-20T07:16:28.952+0000] {logging_mixin.py:188} INFO - [2025-07-20T07:16:28.922+0000] {dagbag.py:538} INFO - Filling up the DagBag from /opt/airflow/dags/main_full_processs.py
[2025-07-20T07:16:30.690+0000] {processor.py:840} INFO - DAG(s) 'ml_pipeline_with_dashboard' retrieved from /opt/airflow/dags/main_full_processs.py
[2025-07-20T07:16:31.719+0000] {logging_mixin.py:188} INFO - [2025-07-20T07:16:31.718+0000] {dag.py:3036} INFO - Sync 1 DAGs
[2025-07-20T07:16:32.579+0000] {logging_mixin.py:188} INFO - [2025-07-20T07:16:32.556+0000] {dag.py:3823} INFO - Setting next_dagrun for ml_pipeline_with_dashboard to None, run_after=None
[2025-07-20T07:16:32.926+0000] {processor.py:183} INFO - Processing /opt/airflow/dags/main_full_processs.py took 4.021 seconds
[2025-07-20T07:17:03.514+0000] {processor.py:161} INFO - Started process (PID=5969) to work on /opt/airflow/dags/main_full_processs.py
[2025-07-20T07:17:03.516+0000] {processor.py:830} INFO - Processing file /opt/airflow/dags/main_full_processs.py for tasks to queue
[2025-07-20T07:17:03.517+0000] {logging_mixin.py:188} INFO - [2025-07-20T07:17:03.517+0000] {dagbag.py:538} INFO - Filling up the DagBag from /opt/airflow/dags/main_full_processs.py
[2025-07-20T07:17:03.549+0000] {processor.py:840} INFO - DAG(s) 'ml_pipeline_with_dashboard' retrieved from /opt/airflow/dags/main_full_processs.py
[2025-07-20T07:17:03.684+0000] {logging_mixin.py:188} INFO - [2025-07-20T07:17:03.684+0000] {dag.py:3036} INFO - Sync 1 DAGs
[2025-07-20T07:17:03.734+0000] {logging_mixin.py:188} INFO - [2025-07-20T07:17:03.733+0000] {dag.py:3823} INFO - Setting next_dagrun for ml_pipeline_with_dashboard to None, run_after=None
[2025-07-20T07:17:03.851+0000] {processor.py:183} INFO - Processing /opt/airflow/dags/main_full_processs.py took 0.342 seconds
[2025-07-20T07:17:34.252+0000] {processor.py:161} INFO - Started process (PID=6021) to work on /opt/airflow/dags/main_full_processs.py
[2025-07-20T07:17:34.254+0000] {processor.py:830} INFO - Processing file /opt/airflow/dags/main_full_processs.py for tasks to queue
[2025-07-20T07:17:34.256+0000] {logging_mixin.py:188} INFO - [2025-07-20T07:17:34.255+0000] {dagbag.py:538} INFO - Filling up the DagBag from /opt/airflow/dags/main_full_processs.py
[2025-07-20T07:17:34.277+0000] {processor.py:840} INFO - DAG(s) 'ml_pipeline_with_dashboard' retrieved from /opt/airflow/dags/main_full_processs.py
[2025-07-20T07:17:34.322+0000] {logging_mixin.py:188} INFO - [2025-07-20T07:17:34.321+0000] {dag.py:3036} INFO - Sync 1 DAGs
[2025-07-20T07:17:34.339+0000] {logging_mixin.py:188} INFO - [2025-07-20T07:17:34.338+0000] {dag.py:3823} INFO - Setting next_dagrun for ml_pipeline_with_dashboard to None, run_after=None
[2025-07-20T07:17:34.371+0000] {processor.py:183} INFO - Processing /opt/airflow/dags/main_full_processs.py took 0.124 seconds
[2025-07-20T07:18:05.861+0000] {processor.py:161} INFO - Started process (PID=6056) to work on /opt/airflow/dags/main_full_processs.py
[2025-07-20T07:18:05.876+0000] {processor.py:830} INFO - Processing file /opt/airflow/dags/main_full_processs.py for tasks to queue
[2025-07-20T07:18:05.879+0000] {logging_mixin.py:188} INFO - [2025-07-20T07:18:05.878+0000] {dagbag.py:538} INFO - Filling up the DagBag from /opt/airflow/dags/main_full_processs.py
[2025-07-20T07:18:05.937+0000] {processor.py:840} INFO - DAG(s) 'ml_pipeline_with_dashboard' retrieved from /opt/airflow/dags/main_full_processs.py
[2025-07-20T07:18:06.618+0000] {logging_mixin.py:188} INFO - [2025-07-20T07:18:06.618+0000] {dag.py:3036} INFO - Sync 1 DAGs
[2025-07-20T07:18:07.251+0000] {logging_mixin.py:188} INFO - [2025-07-20T07:18:07.251+0000] {dag.py:3823} INFO - Setting next_dagrun for ml_pipeline_with_dashboard to None, run_after=None
[2025-07-20T07:18:07.754+0000] {processor.py:183} INFO - Processing /opt/airflow/dags/main_full_processs.py took 1.901 seconds
[2025-07-20T07:18:38.544+0000] {processor.py:161} INFO - Started process (PID=6112) to work on /opt/airflow/dags/main_full_processs.py
[2025-07-20T07:18:38.573+0000] {processor.py:830} INFO - Processing file /opt/airflow/dags/main_full_processs.py for tasks to queue
[2025-07-20T07:18:38.673+0000] {logging_mixin.py:188} INFO - [2025-07-20T07:18:38.576+0000] {dagbag.py:538} INFO - Filling up the DagBag from /opt/airflow/dags/main_full_processs.py
[2025-07-20T07:18:38.729+0000] {processor.py:840} INFO - DAG(s) 'ml_pipeline_with_dashboard' retrieved from /opt/airflow/dags/main_full_processs.py
[2025-07-20T07:18:41.340+0000] {logging_mixin.py:188} INFO - [2025-07-20T07:18:41.339+0000] {dag.py:3036} INFO - Sync 1 DAGs
[2025-07-20T07:18:41.396+0000] {logging_mixin.py:188} INFO - [2025-07-20T07:18:41.395+0000] {dag.py:3823} INFO - Setting next_dagrun for ml_pipeline_with_dashboard to None, run_after=None
[2025-07-20T07:18:41.494+0000] {processor.py:183} INFO - Processing /opt/airflow/dags/main_full_processs.py took 3.218 seconds
[2025-07-20T07:19:11.900+0000] {processor.py:161} INFO - Started process (PID=6147) to work on /opt/airflow/dags/main_full_processs.py
[2025-07-20T07:19:11.920+0000] {processor.py:830} INFO - Processing file /opt/airflow/dags/main_full_processs.py for tasks to queue
[2025-07-20T07:19:11.925+0000] {logging_mixin.py:188} INFO - [2025-07-20T07:19:11.923+0000] {dagbag.py:538} INFO - Filling up the DagBag from /opt/airflow/dags/main_full_processs.py
[2025-07-20T07:19:12.044+0000] {processor.py:840} INFO - DAG(s) 'ml_pipeline_with_dashboard' retrieved from /opt/airflow/dags/main_full_processs.py
[2025-07-20T07:19:17.246+0000] {logging_mixin.py:188} INFO - [2025-07-20T07:19:17.220+0000] {dag.py:3036} INFO - Sync 1 DAGs
[2025-07-20T07:19:17.566+0000] {logging_mixin.py:188} INFO - [2025-07-20T07:19:17.565+0000] {dag.py:3823} INFO - Setting next_dagrun for ml_pipeline_with_dashboard to None, run_after=None
[2025-07-20T07:19:19.497+0000] {processor.py:183} INFO - Processing /opt/airflow/dags/main_full_processs.py took 7.635 seconds
[2025-07-20T07:19:50.306+0000] {processor.py:161} INFO - Started process (PID=6182) to work on /opt/airflow/dags/main_full_processs.py
[2025-07-20T07:19:50.316+0000] {processor.py:830} INFO - Processing file /opt/airflow/dags/main_full_processs.py for tasks to queue
[2025-07-20T07:19:50.319+0000] {logging_mixin.py:188} INFO - [2025-07-20T07:19:50.318+0000] {dagbag.py:538} INFO - Filling up the DagBag from /opt/airflow/dags/main_full_processs.py
[2025-07-20T07:19:50.337+0000] {processor.py:840} INFO - DAG(s) 'ml_pipeline_with_dashboard' retrieved from /opt/airflow/dags/main_full_processs.py
[2025-07-20T07:19:50.487+0000] {logging_mixin.py:188} INFO - [2025-07-20T07:19:50.487+0000] {dag.py:3036} INFO - Sync 1 DAGs
[2025-07-20T07:19:50.534+0000] {logging_mixin.py:188} INFO - [2025-07-20T07:19:50.533+0000] {dag.py:3823} INFO - Setting next_dagrun for ml_pipeline_with_dashboard to None, run_after=None
[2025-07-20T07:19:50.626+0000] {processor.py:183} INFO - Processing /opt/airflow/dags/main_full_processs.py took 0.329 seconds
[2025-07-20T07:20:21.772+0000] {processor.py:161} INFO - Started process (PID=6217) to work on /opt/airflow/dags/main_full_processs.py
[2025-07-20T07:20:21.784+0000] {processor.py:830} INFO - Processing file /opt/airflow/dags/main_full_processs.py for tasks to queue
[2025-07-20T07:20:21.787+0000] {logging_mixin.py:188} INFO - [2025-07-20T07:20:21.786+0000] {dagbag.py:538} INFO - Filling up the DagBag from /opt/airflow/dags/main_full_processs.py
[2025-07-20T07:20:21.813+0000] {processor.py:840} INFO - DAG(s) 'ml_pipeline_with_dashboard' retrieved from /opt/airflow/dags/main_full_processs.py
[2025-07-20T07:20:21.963+0000] {logging_mixin.py:188} INFO - [2025-07-20T07:20:21.962+0000] {dag.py:3036} INFO - Sync 1 DAGs
[2025-07-20T07:20:22.032+0000] {logging_mixin.py:188} INFO - [2025-07-20T07:20:22.032+0000] {dag.py:3823} INFO - Setting next_dagrun for ml_pipeline_with_dashboard to None, run_after=None
[2025-07-20T07:20:22.134+0000] {processor.py:183} INFO - Processing /opt/airflow/dags/main_full_processs.py took 0.369 seconds
[2025-07-20T07:20:52.647+0000] {processor.py:161} INFO - Started process (PID=6270) to work on /opt/airflow/dags/main_full_processs.py
[2025-07-20T07:20:52.654+0000] {processor.py:830} INFO - Processing file /opt/airflow/dags/main_full_processs.py for tasks to queue
[2025-07-20T07:20:52.657+0000] {logging_mixin.py:188} INFO - [2025-07-20T07:20:52.656+0000] {dagbag.py:538} INFO - Filling up the DagBag from /opt/airflow/dags/main_full_processs.py
[2025-07-20T07:20:52.683+0000] {processor.py:840} INFO - DAG(s) 'ml_pipeline_with_dashboard' retrieved from /opt/airflow/dags/main_full_processs.py
[2025-07-20T07:20:52.772+0000] {logging_mixin.py:188} INFO - [2025-07-20T07:20:52.771+0000] {dag.py:3036} INFO - Sync 1 DAGs
[2025-07-20T07:20:52.835+0000] {logging_mixin.py:188} INFO - [2025-07-20T07:20:52.834+0000] {dag.py:3823} INFO - Setting next_dagrun for ml_pipeline_with_dashboard to None, run_after=None
[2025-07-20T07:20:52.921+0000] {processor.py:183} INFO - Processing /opt/airflow/dags/main_full_processs.py took 0.285 seconds
[2025-07-20T07:21:23.440+0000] {processor.py:161} INFO - Started process (PID=6305) to work on /opt/airflow/dags/main_full_processs.py
[2025-07-20T07:21:23.461+0000] {processor.py:830} INFO - Processing file /opt/airflow/dags/main_full_processs.py for tasks to queue
[2025-07-20T07:21:23.464+0000] {logging_mixin.py:188} INFO - [2025-07-20T07:21:23.463+0000] {dagbag.py:538} INFO - Filling up the DagBag from /opt/airflow/dags/main_full_processs.py
[2025-07-20T07:21:23.486+0000] {processor.py:840} INFO - DAG(s) 'ml_pipeline_with_dashboard' retrieved from /opt/airflow/dags/main_full_processs.py
[2025-07-20T07:21:23.644+0000] {logging_mixin.py:188} INFO - [2025-07-20T07:21:23.643+0000] {dag.py:3036} INFO - Sync 1 DAGs
[2025-07-20T07:21:23.726+0000] {logging_mixin.py:188} INFO - [2025-07-20T07:21:23.726+0000] {dag.py:3823} INFO - Setting next_dagrun for ml_pipeline_with_dashboard to None, run_after=None
[2025-07-20T07:21:23.813+0000] {processor.py:183} INFO - Processing /opt/airflow/dags/main_full_processs.py took 0.380 seconds
[2025-07-20T07:21:54.006+0000] {processor.py:161} INFO - Started process (PID=6357) to work on /opt/airflow/dags/main_full_processs.py
[2025-07-20T07:21:54.029+0000] {processor.py:830} INFO - Processing file /opt/airflow/dags/main_full_processs.py for tasks to queue
[2025-07-20T07:21:54.037+0000] {logging_mixin.py:188} INFO - [2025-07-20T07:21:54.036+0000] {dagbag.py:538} INFO - Filling up the DagBag from /opt/airflow/dags/main_full_processs.py
[2025-07-20T07:21:54.090+0000] {processor.py:840} INFO - DAG(s) 'ml_pipeline_with_dashboard' retrieved from /opt/airflow/dags/main_full_processs.py
[2025-07-20T07:21:54.210+0000] {logging_mixin.py:188} INFO - [2025-07-20T07:21:54.209+0000] {dag.py:3036} INFO - Sync 1 DAGs
[2025-07-20T07:21:54.283+0000] {logging_mixin.py:188} INFO - [2025-07-20T07:21:54.283+0000] {dag.py:3823} INFO - Setting next_dagrun for ml_pipeline_with_dashboard to None, run_after=None
[2025-07-20T07:21:54.422+0000] {processor.py:183} INFO - Processing /opt/airflow/dags/main_full_processs.py took 0.426 seconds
[2025-07-20T07:22:24.525+0000] {processor.py:161} INFO - Started process (PID=6441) to work on /opt/airflow/dags/main_full_processs.py
[2025-07-20T07:22:24.526+0000] {processor.py:830} INFO - Processing file /opt/airflow/dags/main_full_processs.py for tasks to queue
[2025-07-20T07:22:24.527+0000] {logging_mixin.py:188} INFO - [2025-07-20T07:22:24.526+0000] {dagbag.py:538} INFO - Filling up the DagBag from /opt/airflow/dags/main_full_processs.py
[2025-07-20T07:22:24.540+0000] {processor.py:840} INFO - DAG(s) 'ml_pipeline_with_dashboard' retrieved from /opt/airflow/dags/main_full_processs.py
[2025-07-20T07:22:24.570+0000] {logging_mixin.py:188} INFO - [2025-07-20T07:22:24.570+0000] {dag.py:3036} INFO - Sync 1 DAGs
[2025-07-20T07:22:24.583+0000] {logging_mixin.py:188} INFO - [2025-07-20T07:22:24.582+0000] {dag.py:3823} INFO - Setting next_dagrun for ml_pipeline_with_dashboard to None, run_after=None
[2025-07-20T07:22:24.612+0000] {processor.py:183} INFO - Processing /opt/airflow/dags/main_full_processs.py took 0.090 seconds
[2025-07-20T07:22:55.299+0000] {processor.py:161} INFO - Started process (PID=6842) to work on /opt/airflow/dags/main_full_processs.py
[2025-07-20T07:22:55.300+0000] {processor.py:830} INFO - Processing file /opt/airflow/dags/main_full_processs.py for tasks to queue
[2025-07-20T07:22:55.301+0000] {logging_mixin.py:188} INFO - [2025-07-20T07:22:55.301+0000] {dagbag.py:538} INFO - Filling up the DagBag from /opt/airflow/dags/main_full_processs.py
[2025-07-20T07:22:55.316+0000] {processor.py:840} INFO - DAG(s) 'ml_pipeline_with_dashboard' retrieved from /opt/airflow/dags/main_full_processs.py
[2025-07-20T07:22:55.351+0000] {logging_mixin.py:188} INFO - [2025-07-20T07:22:55.351+0000] {dag.py:3036} INFO - Sync 1 DAGs
[2025-07-20T07:22:55.366+0000] {logging_mixin.py:188} INFO - [2025-07-20T07:22:55.366+0000] {dag.py:3823} INFO - Setting next_dagrun for ml_pipeline_with_dashboard to None, run_after=None
[2025-07-20T07:22:55.389+0000] {processor.py:183} INFO - Processing /opt/airflow/dags/main_full_processs.py took 0.095 seconds
[2025-07-20T07:23:25.768+0000] {processor.py:161} INFO - Started process (PID=6877) to work on /opt/airflow/dags/main_full_processs.py
[2025-07-20T07:23:25.769+0000] {processor.py:830} INFO - Processing file /opt/airflow/dags/main_full_processs.py for tasks to queue
[2025-07-20T07:23:25.770+0000] {logging_mixin.py:188} INFO - [2025-07-20T07:23:25.770+0000] {dagbag.py:538} INFO - Filling up the DagBag from /opt/airflow/dags/main_full_processs.py
[2025-07-20T07:23:25.783+0000] {processor.py:840} INFO - DAG(s) 'ml_pipeline_with_dashboard' retrieved from /opt/airflow/dags/main_full_processs.py
[2025-07-20T07:23:25.846+0000] {logging_mixin.py:188} INFO - [2025-07-20T07:23:25.846+0000] {dag.py:3036} INFO - Sync 1 DAGs
[2025-07-20T07:23:25.858+0000] {logging_mixin.py:188} INFO - [2025-07-20T07:23:25.858+0000] {dag.py:3823} INFO - Setting next_dagrun for ml_pipeline_with_dashboard to None, run_after=None
[2025-07-20T07:23:25.878+0000] {processor.py:183} INFO - Processing /opt/airflow/dags/main_full_processs.py took 0.115 seconds
[2025-07-20T07:23:55.924+0000] {processor.py:161} INFO - Started process (PID=6912) to work on /opt/airflow/dags/main_full_processs.py
[2025-07-20T07:23:55.925+0000] {processor.py:830} INFO - Processing file /opt/airflow/dags/main_full_processs.py for tasks to queue
[2025-07-20T07:23:55.926+0000] {logging_mixin.py:188} INFO - [2025-07-20T07:23:55.925+0000] {dagbag.py:538} INFO - Filling up the DagBag from /opt/airflow/dags/main_full_processs.py
[2025-07-20T07:23:55.939+0000] {processor.py:840} INFO - DAG(s) 'ml_pipeline_with_dashboard' retrieved from /opt/airflow/dags/main_full_processs.py
[2025-07-20T07:23:55.966+0000] {logging_mixin.py:188} INFO - [2025-07-20T07:23:55.965+0000] {dag.py:3036} INFO - Sync 1 DAGs
[2025-07-20T07:23:55.979+0000] {logging_mixin.py:188} INFO - [2025-07-20T07:23:55.978+0000] {dag.py:3823} INFO - Setting next_dagrun for ml_pipeline_with_dashboard to None, run_after=None
[2025-07-20T07:23:56.000+0000] {processor.py:183} INFO - Processing /opt/airflow/dags/main_full_processs.py took 0.079 seconds
[2025-07-20T07:24:26.096+0000] {processor.py:161} INFO - Started process (PID=6947) to work on /opt/airflow/dags/main_full_processs.py
[2025-07-20T07:24:26.097+0000] {processor.py:830} INFO - Processing file /opt/airflow/dags/main_full_processs.py for tasks to queue
[2025-07-20T07:24:26.098+0000] {logging_mixin.py:188} INFO - [2025-07-20T07:24:26.098+0000] {dagbag.py:538} INFO - Filling up the DagBag from /opt/airflow/dags/main_full_processs.py
[2025-07-20T07:24:26.112+0000] {processor.py:840} INFO - DAG(s) 'ml_pipeline_with_dashboard' retrieved from /opt/airflow/dags/main_full_processs.py
[2025-07-20T07:24:26.140+0000] {logging_mixin.py:188} INFO - [2025-07-20T07:24:26.140+0000] {dag.py:3036} INFO - Sync 1 DAGs
[2025-07-20T07:24:26.153+0000] {logging_mixin.py:188} INFO - [2025-07-20T07:24:26.153+0000] {dag.py:3823} INFO - Setting next_dagrun for ml_pipeline_with_dashboard to None, run_after=None
[2025-07-20T07:24:26.175+0000] {processor.py:183} INFO - Processing /opt/airflow/dags/main_full_processs.py took 0.083 seconds
[2025-07-20T07:24:56.280+0000] {processor.py:161} INFO - Started process (PID=6982) to work on /opt/airflow/dags/main_full_processs.py
[2025-07-20T07:24:56.284+0000] {processor.py:830} INFO - Processing file /opt/airflow/dags/main_full_processs.py for tasks to queue
[2025-07-20T07:24:56.286+0000] {logging_mixin.py:188} INFO - [2025-07-20T07:24:56.286+0000] {dagbag.py:538} INFO - Filling up the DagBag from /opt/airflow/dags/main_full_processs.py
[2025-07-20T07:24:56.309+0000] {processor.py:840} INFO - DAG(s) 'ml_pipeline_with_dashboard' retrieved from /opt/airflow/dags/main_full_processs.py
[2025-07-20T07:24:56.351+0000] {logging_mixin.py:188} INFO - [2025-07-20T07:24:56.351+0000] {dag.py:3036} INFO - Sync 1 DAGs
[2025-07-20T07:24:56.373+0000] {logging_mixin.py:188} INFO - [2025-07-20T07:24:56.372+0000] {dag.py:3823} INFO - Setting next_dagrun for ml_pipeline_with_dashboard to None, run_after=None
[2025-07-20T07:24:56.424+0000] {processor.py:183} INFO - Processing /opt/airflow/dags/main_full_processs.py took 0.150 seconds
[2025-07-20T07:25:27.221+0000] {processor.py:161} INFO - Started process (PID=7017) to work on /opt/airflow/dags/main_full_processs.py
[2025-07-20T07:25:27.223+0000] {processor.py:830} INFO - Processing file /opt/airflow/dags/main_full_processs.py for tasks to queue
[2025-07-20T07:25:27.225+0000] {logging_mixin.py:188} INFO - [2025-07-20T07:25:27.224+0000] {dagbag.py:538} INFO - Filling up the DagBag from /opt/airflow/dags/main_full_processs.py
[2025-07-20T07:25:27.239+0000] {processor.py:840} INFO - DAG(s) 'ml_pipeline_with_dashboard' retrieved from /opt/airflow/dags/main_full_processs.py
[2025-07-20T07:25:27.266+0000] {logging_mixin.py:188} INFO - [2025-07-20T07:25:27.266+0000] {dag.py:3036} INFO - Sync 1 DAGs
[2025-07-20T07:25:27.278+0000] {logging_mixin.py:188} INFO - [2025-07-20T07:25:27.278+0000] {dag.py:3823} INFO - Setting next_dagrun for ml_pipeline_with_dashboard to None, run_after=None
[2025-07-20T07:25:27.302+0000] {processor.py:183} INFO - Processing /opt/airflow/dags/main_full_processs.py took 0.092 seconds
[2025-07-20T07:25:57.435+0000] {processor.py:161} INFO - Started process (PID=7052) to work on /opt/airflow/dags/main_full_processs.py
[2025-07-20T07:25:57.437+0000] {processor.py:830} INFO - Processing file /opt/airflow/dags/main_full_processs.py for tasks to queue
[2025-07-20T07:25:57.439+0000] {logging_mixin.py:188} INFO - [2025-07-20T07:25:57.438+0000] {dagbag.py:538} INFO - Filling up the DagBag from /opt/airflow/dags/main_full_processs.py
[2025-07-20T07:25:57.458+0000] {processor.py:840} INFO - DAG(s) 'ml_pipeline_with_dashboard' retrieved from /opt/airflow/dags/main_full_processs.py
[2025-07-20T07:25:57.490+0000] {logging_mixin.py:188} INFO - [2025-07-20T07:25:57.490+0000] {dag.py:3036} INFO - Sync 1 DAGs
[2025-07-20T07:25:57.502+0000] {logging_mixin.py:188} INFO - [2025-07-20T07:25:57.502+0000] {dag.py:3823} INFO - Setting next_dagrun for ml_pipeline_with_dashboard to None, run_after=None
[2025-07-20T07:25:57.523+0000] {processor.py:183} INFO - Processing /opt/airflow/dags/main_full_processs.py took 0.096 seconds
[2025-07-20T07:26:27.716+0000] {processor.py:161} INFO - Started process (PID=7087) to work on /opt/airflow/dags/main_full_processs.py
[2025-07-20T07:26:27.717+0000] {processor.py:830} INFO - Processing file /opt/airflow/dags/main_full_processs.py for tasks to queue
[2025-07-20T07:26:27.718+0000] {logging_mixin.py:188} INFO - [2025-07-20T07:26:27.718+0000] {dagbag.py:538} INFO - Filling up the DagBag from /opt/airflow/dags/main_full_processs.py
[2025-07-20T07:26:27.733+0000] {processor.py:840} INFO - DAG(s) 'ml_pipeline_with_dashboard' retrieved from /opt/airflow/dags/main_full_processs.py
[2025-07-20T07:26:27.763+0000] {logging_mixin.py:188} INFO - [2025-07-20T07:26:27.763+0000] {dag.py:3036} INFO - Sync 1 DAGs
[2025-07-20T07:26:27.777+0000] {logging_mixin.py:188} INFO - [2025-07-20T07:26:27.777+0000] {dag.py:3823} INFO - Setting next_dagrun for ml_pipeline_with_dashboard to None, run_after=None
[2025-07-20T07:26:27.799+0000] {processor.py:183} INFO - Processing /opt/airflow/dags/main_full_processs.py took 0.087 seconds
[2025-07-20T07:26:57.836+0000] {processor.py:161} INFO - Started process (PID=7122) to work on /opt/airflow/dags/main_full_processs.py
[2025-07-20T07:26:57.837+0000] {processor.py:830} INFO - Processing file /opt/airflow/dags/main_full_processs.py for tasks to queue
[2025-07-20T07:26:57.838+0000] {logging_mixin.py:188} INFO - [2025-07-20T07:26:57.838+0000] {dagbag.py:538} INFO - Filling up the DagBag from /opt/airflow/dags/main_full_processs.py
[2025-07-20T07:26:57.851+0000] {processor.py:840} INFO - DAG(s) 'ml_pipeline_with_dashboard' retrieved from /opt/airflow/dags/main_full_processs.py
[2025-07-20T07:26:57.882+0000] {logging_mixin.py:188} INFO - [2025-07-20T07:26:57.882+0000] {dag.py:3036} INFO - Sync 1 DAGs
[2025-07-20T07:26:57.896+0000] {logging_mixin.py:188} INFO - [2025-07-20T07:26:57.896+0000] {dag.py:3823} INFO - Setting next_dagrun for ml_pipeline_with_dashboard to None, run_after=None
[2025-07-20T07:26:57.921+0000] {processor.py:183} INFO - Processing /opt/airflow/dags/main_full_processs.py took 0.088 seconds
[2025-07-20T07:27:27.954+0000] {processor.py:161} INFO - Started process (PID=7157) to work on /opt/airflow/dags/main_full_processs.py
[2025-07-20T07:27:27.955+0000] {processor.py:830} INFO - Processing file /opt/airflow/dags/main_full_processs.py for tasks to queue
[2025-07-20T07:27:27.956+0000] {logging_mixin.py:188} INFO - [2025-07-20T07:27:27.956+0000] {dagbag.py:538} INFO - Filling up the DagBag from /opt/airflow/dags/main_full_processs.py
[2025-07-20T07:27:27.967+0000] {processor.py:840} INFO - DAG(s) 'ml_pipeline_with_dashboard' retrieved from /opt/airflow/dags/main_full_processs.py
[2025-07-20T07:27:27.993+0000] {logging_mixin.py:188} INFO - [2025-07-20T07:27:27.992+0000] {dag.py:3036} INFO - Sync 1 DAGs
[2025-07-20T07:27:28.005+0000] {logging_mixin.py:188} INFO - [2025-07-20T07:27:28.005+0000] {dag.py:3823} INFO - Setting next_dagrun for ml_pipeline_with_dashboard to None, run_after=None
[2025-07-20T07:27:28.024+0000] {processor.py:183} INFO - Processing /opt/airflow/dags/main_full_processs.py took 0.073 seconds
[2025-07-20T07:27:59.050+0000] {processor.py:161} INFO - Started process (PID=7192) to work on /opt/airflow/dags/main_full_processs.py
[2025-07-20T07:27:59.051+0000] {processor.py:830} INFO - Processing file /opt/airflow/dags/main_full_processs.py for tasks to queue
[2025-07-20T07:27:59.052+0000] {logging_mixin.py:188} INFO - [2025-07-20T07:27:59.052+0000] {dagbag.py:538} INFO - Filling up the DagBag from /opt/airflow/dags/main_full_processs.py
[2025-07-20T07:27:59.064+0000] {processor.py:840} INFO - DAG(s) 'ml_pipeline_with_dashboard' retrieved from /opt/airflow/dags/main_full_processs.py
[2025-07-20T07:27:59.090+0000] {logging_mixin.py:188} INFO - [2025-07-20T07:27:59.090+0000] {dag.py:3036} INFO - Sync 1 DAGs
[2025-07-20T07:27:59.102+0000] {logging_mixin.py:188} INFO - [2025-07-20T07:27:59.102+0000] {dag.py:3823} INFO - Setting next_dagrun for ml_pipeline_with_dashboard to None, run_after=None
[2025-07-20T07:27:59.125+0000] {processor.py:183} INFO - Processing /opt/airflow/dags/main_full_processs.py took 0.080 seconds
[2025-07-20T07:28:29.241+0000] {processor.py:161} INFO - Started process (PID=7276) to work on /opt/airflow/dags/main_full_processs.py
[2025-07-20T07:28:29.242+0000] {processor.py:830} INFO - Processing file /opt/airflow/dags/main_full_processs.py for tasks to queue
[2025-07-20T07:28:29.243+0000] {logging_mixin.py:188} INFO - [2025-07-20T07:28:29.243+0000] {dagbag.py:538} INFO - Filling up the DagBag from /opt/airflow/dags/main_full_processs.py
[2025-07-20T07:28:29.255+0000] {processor.py:840} INFO - DAG(s) 'ml_pipeline_with_dashboard' retrieved from /opt/airflow/dags/main_full_processs.py
[2025-07-20T07:28:29.283+0000] {logging_mixin.py:188} INFO - [2025-07-20T07:28:29.283+0000] {dag.py:3036} INFO - Sync 1 DAGs
[2025-07-20T07:28:29.298+0000] {logging_mixin.py:188} INFO - [2025-07-20T07:28:29.298+0000] {dag.py:3823} INFO - Setting next_dagrun for ml_pipeline_with_dashboard to None, run_after=None
[2025-07-20T07:28:29.321+0000] {processor.py:183} INFO - Processing /opt/airflow/dags/main_full_processs.py took 0.085 seconds
[2025-07-20T07:28:59.416+0000] {processor.py:161} INFO - Started process (PID=7311) to work on /opt/airflow/dags/main_full_processs.py
[2025-07-20T07:28:59.417+0000] {processor.py:830} INFO - Processing file /opt/airflow/dags/main_full_processs.py for tasks to queue
[2025-07-20T07:28:59.418+0000] {logging_mixin.py:188} INFO - [2025-07-20T07:28:59.418+0000] {dagbag.py:538} INFO - Filling up the DagBag from /opt/airflow/dags/main_full_processs.py
[2025-07-20T07:28:59.431+0000] {processor.py:840} INFO - DAG(s) 'ml_pipeline_with_dashboard' retrieved from /opt/airflow/dags/main_full_processs.py
[2025-07-20T07:28:59.456+0000] {logging_mixin.py:188} INFO - [2025-07-20T07:28:59.455+0000] {dag.py:3036} INFO - Sync 1 DAGs
[2025-07-20T07:28:59.466+0000] {logging_mixin.py:188} INFO - [2025-07-20T07:28:59.466+0000] {dag.py:3823} INFO - Setting next_dagrun for ml_pipeline_with_dashboard to None, run_after=None
[2025-07-20T07:28:59.487+0000] {processor.py:183} INFO - Processing /opt/airflow/dags/main_full_processs.py took 0.074 seconds
[2025-07-20T07:29:30.269+0000] {processor.py:161} INFO - Started process (PID=7346) to work on /opt/airflow/dags/main_full_processs.py
[2025-07-20T07:29:30.269+0000] {processor.py:830} INFO - Processing file /opt/airflow/dags/main_full_processs.py for tasks to queue
[2025-07-20T07:29:30.270+0000] {logging_mixin.py:188} INFO - [2025-07-20T07:29:30.270+0000] {dagbag.py:538} INFO - Filling up the DagBag from /opt/airflow/dags/main_full_processs.py
[2025-07-20T07:29:30.282+0000] {processor.py:840} INFO - DAG(s) 'ml_pipeline_with_dashboard' retrieved from /opt/airflow/dags/main_full_processs.py
[2025-07-20T07:29:30.309+0000] {logging_mixin.py:188} INFO - [2025-07-20T07:29:30.308+0000] {dag.py:3036} INFO - Sync 1 DAGs
[2025-07-20T07:29:30.322+0000] {logging_mixin.py:188} INFO - [2025-07-20T07:29:30.321+0000] {dag.py:3823} INFO - Setting next_dagrun for ml_pipeline_with_dashboard to None, run_after=None
[2025-07-20T07:29:30.341+0000] {processor.py:183} INFO - Processing /opt/airflow/dags/main_full_processs.py took 0.075 seconds
[2025-07-20T07:30:01.185+0000] {processor.py:161} INFO - Started process (PID=7381) to work on /opt/airflow/dags/main_full_processs.py
[2025-07-20T07:30:01.186+0000] {processor.py:830} INFO - Processing file /opt/airflow/dags/main_full_processs.py for tasks to queue
[2025-07-20T07:30:01.187+0000] {logging_mixin.py:188} INFO - [2025-07-20T07:30:01.187+0000] {dagbag.py:538} INFO - Filling up the DagBag from /opt/airflow/dags/main_full_processs.py
[2025-07-20T07:30:01.201+0000] {processor.py:840} INFO - DAG(s) 'ml_pipeline_with_dashboard' retrieved from /opt/airflow/dags/main_full_processs.py
[2025-07-20T07:30:01.232+0000] {logging_mixin.py:188} INFO - [2025-07-20T07:30:01.232+0000] {dag.py:3036} INFO - Sync 1 DAGs
[2025-07-20T07:30:01.246+0000] {logging_mixin.py:188} INFO - [2025-07-20T07:30:01.245+0000] {dag.py:3823} INFO - Setting next_dagrun for ml_pipeline_with_dashboard to None, run_after=None
[2025-07-20T07:30:01.268+0000] {processor.py:183} INFO - Processing /opt/airflow/dags/main_full_processs.py took 0.086 seconds
[2025-07-20T07:30:32.179+0000] {processor.py:161} INFO - Started process (PID=7435) to work on /opt/airflow/dags/main_full_processs.py
[2025-07-20T07:30:32.180+0000] {processor.py:830} INFO - Processing file /opt/airflow/dags/main_full_processs.py for tasks to queue
[2025-07-20T07:30:32.181+0000] {logging_mixin.py:188} INFO - [2025-07-20T07:30:32.181+0000] {dagbag.py:538} INFO - Filling up the DagBag from /opt/airflow/dags/main_full_processs.py
[2025-07-20T07:30:32.195+0000] {processor.py:840} INFO - DAG(s) 'ml_pipeline_with_dashboard' retrieved from /opt/airflow/dags/main_full_processs.py
[2025-07-20T07:30:32.223+0000] {logging_mixin.py:188} INFO - [2025-07-20T07:30:32.223+0000] {dag.py:3036} INFO - Sync 1 DAGs
[2025-07-20T07:30:32.235+0000] {logging_mixin.py:188} INFO - [2025-07-20T07:30:32.235+0000] {dag.py:3823} INFO - Setting next_dagrun for ml_pipeline_with_dashboard to None, run_after=None
[2025-07-20T07:30:32.258+0000] {processor.py:183} INFO - Processing /opt/airflow/dags/main_full_processs.py took 0.083 seconds
[2025-07-20T07:31:03.148+0000] {processor.py:161} INFO - Started process (PID=7470) to work on /opt/airflow/dags/main_full_processs.py
[2025-07-20T07:31:03.150+0000] {processor.py:830} INFO - Processing file /opt/airflow/dags/main_full_processs.py for tasks to queue
[2025-07-20T07:31:03.151+0000] {logging_mixin.py:188} INFO - [2025-07-20T07:31:03.151+0000] {dagbag.py:538} INFO - Filling up the DagBag from /opt/airflow/dags/main_full_processs.py
[2025-07-20T07:31:03.167+0000] {processor.py:840} INFO - DAG(s) 'ml_pipeline_with_dashboard' retrieved from /opt/airflow/dags/main_full_processs.py
[2025-07-20T07:31:03.204+0000] {logging_mixin.py:188} INFO - [2025-07-20T07:31:03.204+0000] {dag.py:3036} INFO - Sync 1 DAGs
[2025-07-20T07:31:03.220+0000] {logging_mixin.py:188} INFO - [2025-07-20T07:31:03.219+0000] {dag.py:3823} INFO - Setting next_dagrun for ml_pipeline_with_dashboard to None, run_after=None
[2025-07-20T07:31:03.244+0000] {processor.py:183} INFO - Processing /opt/airflow/dags/main_full_processs.py took 0.102 seconds
[2025-07-20T07:31:34.120+0000] {processor.py:161} INFO - Started process (PID=7505) to work on /opt/airflow/dags/main_full_processs.py
[2025-07-20T07:31:34.121+0000] {processor.py:830} INFO - Processing file /opt/airflow/dags/main_full_processs.py for tasks to queue
[2025-07-20T07:31:34.122+0000] {logging_mixin.py:188} INFO - [2025-07-20T07:31:34.122+0000] {dagbag.py:538} INFO - Filling up the DagBag from /opt/airflow/dags/main_full_processs.py
[2025-07-20T07:31:34.136+0000] {processor.py:840} INFO - DAG(s) 'ml_pipeline_with_dashboard' retrieved from /opt/airflow/dags/main_full_processs.py
[2025-07-20T07:31:34.167+0000] {logging_mixin.py:188} INFO - [2025-07-20T07:31:34.167+0000] {dag.py:3036} INFO - Sync 1 DAGs
[2025-07-20T07:31:34.181+0000] {logging_mixin.py:188} INFO - [2025-07-20T07:31:34.180+0000] {dag.py:3823} INFO - Setting next_dagrun for ml_pipeline_with_dashboard to None, run_after=None
[2025-07-20T07:31:34.202+0000] {processor.py:183} INFO - Processing /opt/airflow/dags/main_full_processs.py took 0.089 seconds
[2025-07-20T07:32:05.021+0000] {processor.py:161} INFO - Started process (PID=7729) to work on /opt/airflow/dags/main_full_processs.py
[2025-07-20T07:32:05.032+0000] {processor.py:830} INFO - Processing file /opt/airflow/dags/main_full_processs.py for tasks to queue
[2025-07-20T07:32:05.067+0000] {logging_mixin.py:188} INFO - [2025-07-20T07:32:05.067+0000] {dagbag.py:538} INFO - Filling up the DagBag from /opt/airflow/dags/main_full_processs.py
[2025-07-20T07:32:05.345+0000] {processor.py:840} INFO - DAG(s) 'ml_pipeline_with_dashboard' retrieved from /opt/airflow/dags/main_full_processs.py
[2025-07-20T07:32:05.429+0000] {logging_mixin.py:188} INFO - [2025-07-20T07:32:05.429+0000] {dag.py:3036} INFO - Sync 1 DAGs
[2025-07-20T07:32:05.482+0000] {logging_mixin.py:188} INFO - [2025-07-20T07:32:05.482+0000] {dag.py:3823} INFO - Setting next_dagrun for ml_pipeline_with_dashboard to None, run_after=None
[2025-07-20T07:32:05.577+0000] {processor.py:183} INFO - Processing /opt/airflow/dags/main_full_processs.py took 0.582 seconds
[2025-07-20T07:32:36.365+0000] {processor.py:161} INFO - Started process (PID=8160) to work on /opt/airflow/dags/main_full_processs.py
[2025-07-20T07:32:36.398+0000] {processor.py:830} INFO - Processing file /opt/airflow/dags/main_full_processs.py for tasks to queue
[2025-07-20T07:32:36.404+0000] {logging_mixin.py:188} INFO - [2025-07-20T07:32:36.403+0000] {dagbag.py:538} INFO - Filling up the DagBag from /opt/airflow/dags/main_full_processs.py
[2025-07-20T07:32:36.518+0000] {processor.py:840} INFO - DAG(s) 'ml_pipeline_with_dashboard' retrieved from /opt/airflow/dags/main_full_processs.py
[2025-07-20T07:32:36.693+0000] {logging_mixin.py:188} INFO - [2025-07-20T07:32:36.692+0000] {dag.py:3036} INFO - Sync 1 DAGs
[2025-07-20T07:32:36.880+0000] {logging_mixin.py:188} INFO - [2025-07-20T07:32:36.879+0000] {dag.py:3823} INFO - Setting next_dagrun for ml_pipeline_with_dashboard to None, run_after=None
[2025-07-20T07:32:37.056+0000] {processor.py:183} INFO - Processing /opt/airflow/dags/main_full_processs.py took 0.698 seconds
[2025-07-20T07:33:48.781+0000] {processor.py:161} INFO - Started process (PID=9669) to work on /opt/airflow/dags/main_full_processs.py
[2025-07-20T07:33:48.786+0000] {processor.py:830} INFO - Processing file /opt/airflow/dags/main_full_processs.py for tasks to queue
[2025-07-20T07:33:48.800+0000] {logging_mixin.py:188} INFO - [2025-07-20T07:33:48.791+0000] {dagbag.py:538} INFO - Filling up the DagBag from /opt/airflow/dags/main_full_processs.py
[2025-07-20T07:34:13.019+0000] {processor.py:840} INFO - DAG(s) 'ml_pipeline_with_dashboard' retrieved from /opt/airflow/dags/main_full_processs.py
[2025-07-20T07:34:20.764+0000] {logging_mixin.py:188} INFO - [2025-07-20T07:34:20.763+0000] {dag.py:3036} INFO - Sync 1 DAGs
[2025-07-20T07:34:21.376+0000] {logging_mixin.py:188} INFO - [2025-07-20T07:34:21.376+0000] {dag.py:3823} INFO - Setting next_dagrun for ml_pipeline_with_dashboard to None, run_after=None
[2025-07-20T07:34:23.182+0000] {processor.py:183} INFO - Processing /opt/airflow/dags/main_full_processs.py took 11.528 seconds
[2025-07-20T07:35:16.169+0000] {processor.py:161} INFO - Started process (PID=9959) to work on /opt/airflow/dags/main_full_processs.py
[2025-07-20T07:35:16.171+0000] {processor.py:830} INFO - Processing file /opt/airflow/dags/main_full_processs.py for tasks to queue
[2025-07-20T07:35:16.172+0000] {logging_mixin.py:188} INFO - [2025-07-20T07:35:16.171+0000] {dagbag.py:538} INFO - Filling up the DagBag from /opt/airflow/dags/main_full_processs.py
[2025-07-20T07:35:16.186+0000] {processor.py:840} INFO - DAG(s) 'ml_pipeline_with_dashboard' retrieved from /opt/airflow/dags/main_full_processs.py
[2025-07-20T07:35:16.222+0000] {logging_mixin.py:188} INFO - [2025-07-20T07:35:16.221+0000] {dag.py:3036} INFO - Sync 1 DAGs
[2025-07-20T07:35:16.234+0000] {logging_mixin.py:188} INFO - [2025-07-20T07:35:16.234+0000] {dag.py:3823} INFO - Setting next_dagrun for ml_pipeline_with_dashboard to None, run_after=None
[2025-07-20T07:35:16.255+0000] {processor.py:183} INFO - Processing /opt/airflow/dags/main_full_processs.py took 0.090 seconds
[2025-07-20T07:35:47.273+0000] {processor.py:161} INFO - Started process (PID=9991) to work on /opt/airflow/dags/main_full_processs.py
[2025-07-20T07:35:47.274+0000] {processor.py:830} INFO - Processing file /opt/airflow/dags/main_full_processs.py for tasks to queue
[2025-07-20T07:35:47.275+0000] {logging_mixin.py:188} INFO - [2025-07-20T07:35:47.275+0000] {dagbag.py:538} INFO - Filling up the DagBag from /opt/airflow/dags/main_full_processs.py
[2025-07-20T07:35:47.291+0000] {processor.py:840} INFO - DAG(s) 'ml_pipeline_with_dashboard' retrieved from /opt/airflow/dags/main_full_processs.py
[2025-07-20T07:35:47.339+0000] {logging_mixin.py:188} INFO - [2025-07-20T07:35:47.338+0000] {dag.py:3036} INFO - Sync 1 DAGs
[2025-07-20T07:35:47.353+0000] {logging_mixin.py:188} INFO - [2025-07-20T07:35:47.353+0000] {dag.py:3823} INFO - Setting next_dagrun for ml_pipeline_with_dashboard to None, run_after=None
[2025-07-20T07:35:47.374+0000] {processor.py:183} INFO - Processing /opt/airflow/dags/main_full_processs.py took 0.106 seconds
[2025-07-20T07:36:18.132+0000] {processor.py:161} INFO - Started process (PID=10026) to work on /opt/airflow/dags/main_full_processs.py
[2025-07-20T07:36:18.133+0000] {processor.py:830} INFO - Processing file /opt/airflow/dags/main_full_processs.py for tasks to queue
[2025-07-20T07:36:18.134+0000] {logging_mixin.py:188} INFO - [2025-07-20T07:36:18.134+0000] {dagbag.py:538} INFO - Filling up the DagBag from /opt/airflow/dags/main_full_processs.py
[2025-07-20T07:36:18.146+0000] {processor.py:840} INFO - DAG(s) 'ml_pipeline_with_dashboard' retrieved from /opt/airflow/dags/main_full_processs.py
[2025-07-20T07:36:18.173+0000] {logging_mixin.py:188} INFO - [2025-07-20T07:36:18.173+0000] {dag.py:3036} INFO - Sync 1 DAGs
[2025-07-20T07:36:18.185+0000] {logging_mixin.py:188} INFO - [2025-07-20T07:36:18.184+0000] {dag.py:3823} INFO - Setting next_dagrun for ml_pipeline_with_dashboard to None, run_after=None
[2025-07-20T07:36:18.204+0000] {processor.py:183} INFO - Processing /opt/airflow/dags/main_full_processs.py took 0.075 seconds
[2025-07-20T07:36:48.456+0000] {processor.py:161} INFO - Started process (PID=10061) to work on /opt/airflow/dags/main_full_processs.py
[2025-07-20T07:36:48.457+0000] {processor.py:830} INFO - Processing file /opt/airflow/dags/main_full_processs.py for tasks to queue
[2025-07-20T07:36:48.458+0000] {logging_mixin.py:188} INFO - [2025-07-20T07:36:48.457+0000] {dagbag.py:538} INFO - Filling up the DagBag from /opt/airflow/dags/main_full_processs.py
[2025-07-20T07:36:48.469+0000] {processor.py:840} INFO - DAG(s) 'ml_pipeline_with_dashboard' retrieved from /opt/airflow/dags/main_full_processs.py
[2025-07-20T07:36:48.496+0000] {logging_mixin.py:188} INFO - [2025-07-20T07:36:48.496+0000] {dag.py:3036} INFO - Sync 1 DAGs
[2025-07-20T07:36:48.636+0000] {logging_mixin.py:188} INFO - [2025-07-20T07:36:48.636+0000] {dag.py:3823} INFO - Setting next_dagrun for ml_pipeline_with_dashboard to None, run_after=None
[2025-07-20T07:36:48.656+0000] {processor.py:183} INFO - Processing /opt/airflow/dags/main_full_processs.py took 0.203 seconds
[2025-07-20T07:38:08.900+0000] {processor.py:161} INFO - Started process (PID=10431) to work on /opt/airflow/dags/main_full_processs.py
[2025-07-20T07:38:08.963+0000] {processor.py:830} INFO - Processing file /opt/airflow/dags/main_full_processs.py for tasks to queue
[2025-07-20T07:38:09.081+0000] {logging_mixin.py:188} INFO - [2025-07-20T07:38:09.006+0000] {dagbag.py:538} INFO - Filling up the DagBag from /opt/airflow/dags/main_full_processs.py
[2025-07-20T07:38:09.428+0000] {processor.py:840} INFO - DAG(s) 'ml_pipeline_with_dashboard' retrieved from /opt/airflow/dags/main_full_processs.py
[2025-07-20T07:38:10.047+0000] {logging_mixin.py:188} INFO - [2025-07-20T07:38:10.035+0000] {dag.py:3036} INFO - Sync 1 DAGs
[2025-07-20T07:38:10.335+0000] {logging_mixin.py:188} INFO - [2025-07-20T07:38:10.334+0000] {dag.py:3823} INFO - Setting next_dagrun for ml_pipeline_with_dashboard to None, run_after=None
[2025-07-20T07:38:10.701+0000] {processor.py:183} INFO - Processing /opt/airflow/dags/main_full_processs.py took 1.807 seconds
[2025-07-20T07:38:41.453+0000] {processor.py:161} INFO - Started process (PID=10519) to work on /opt/airflow/dags/main_full_processs.py
[2025-07-20T07:38:41.454+0000] {processor.py:830} INFO - Processing file /opt/airflow/dags/main_full_processs.py for tasks to queue
[2025-07-20T07:38:41.455+0000] {logging_mixin.py:188} INFO - [2025-07-20T07:38:41.455+0000] {dagbag.py:538} INFO - Filling up the DagBag from /opt/airflow/dags/main_full_processs.py
[2025-07-20T07:38:41.467+0000] {processor.py:840} INFO - DAG(s) 'ml_pipeline_with_dashboard' retrieved from /opt/airflow/dags/main_full_processs.py
[2025-07-20T07:38:41.493+0000] {logging_mixin.py:188} INFO - [2025-07-20T07:38:41.493+0000] {dag.py:3036} INFO - Sync 1 DAGs
[2025-07-20T07:38:41.504+0000] {logging_mixin.py:188} INFO - [2025-07-20T07:38:41.504+0000] {dag.py:3823} INFO - Setting next_dagrun for ml_pipeline_with_dashboard to None, run_after=None
[2025-07-20T07:38:41.523+0000] {processor.py:183} INFO - Processing /opt/airflow/dags/main_full_processs.py took 0.073 seconds
[2025-07-20T07:39:12.326+0000] {processor.py:161} INFO - Started process (PID=10549) to work on /opt/airflow/dags/main_full_processs.py
[2025-07-20T07:39:12.327+0000] {processor.py:830} INFO - Processing file /opt/airflow/dags/main_full_processs.py for tasks to queue
[2025-07-20T07:39:12.328+0000] {logging_mixin.py:188} INFO - [2025-07-20T07:39:12.328+0000] {dagbag.py:538} INFO - Filling up the DagBag from /opt/airflow/dags/main_full_processs.py
[2025-07-20T07:39:12.340+0000] {processor.py:840} INFO - DAG(s) 'ml_pipeline_with_dashboard' retrieved from /opt/airflow/dags/main_full_processs.py
[2025-07-20T07:39:12.372+0000] {logging_mixin.py:188} INFO - [2025-07-20T07:39:12.372+0000] {dag.py:3036} INFO - Sync 1 DAGs
[2025-07-20T07:39:12.386+0000] {logging_mixin.py:188} INFO - [2025-07-20T07:39:12.385+0000] {dag.py:3823} INFO - Setting next_dagrun for ml_pipeline_with_dashboard to None, run_after=None
[2025-07-20T07:39:12.409+0000] {processor.py:183} INFO - Processing /opt/airflow/dags/main_full_processs.py took 0.086 seconds
[2025-07-20T07:39:43.335+0000] {processor.py:161} INFO - Started process (PID=10584) to work on /opt/airflow/dags/main_full_processs.py
[2025-07-20T07:39:43.336+0000] {processor.py:830} INFO - Processing file /opt/airflow/dags/main_full_processs.py for tasks to queue
[2025-07-20T07:39:43.336+0000] {logging_mixin.py:188} INFO - [2025-07-20T07:39:43.336+0000] {dagbag.py:538} INFO - Filling up the DagBag from /opt/airflow/dags/main_full_processs.py
[2025-07-20T07:39:43.348+0000] {processor.py:840} INFO - DAG(s) 'ml_pipeline_with_dashboard' retrieved from /opt/airflow/dags/main_full_processs.py
[2025-07-20T07:39:43.376+0000] {logging_mixin.py:188} INFO - [2025-07-20T07:39:43.376+0000] {dag.py:3036} INFO - Sync 1 DAGs
[2025-07-20T07:39:43.387+0000] {logging_mixin.py:188} INFO - [2025-07-20T07:39:43.387+0000] {dag.py:3823} INFO - Setting next_dagrun for ml_pipeline_with_dashboard to None, run_after=None
[2025-07-20T07:39:43.409+0000] {processor.py:183} INFO - Processing /opt/airflow/dags/main_full_processs.py took 0.077 seconds
[2025-07-20T07:40:13.498+0000] {processor.py:161} INFO - Started process (PID=10619) to work on /opt/airflow/dags/main_full_processs.py
[2025-07-20T07:40:13.499+0000] {processor.py:830} INFO - Processing file /opt/airflow/dags/main_full_processs.py for tasks to queue
[2025-07-20T07:40:13.500+0000] {logging_mixin.py:188} INFO - [2025-07-20T07:40:13.500+0000] {dagbag.py:538} INFO - Filling up the DagBag from /opt/airflow/dags/main_full_processs.py
[2025-07-20T07:40:13.525+0000] {processor.py:840} INFO - DAG(s) 'ml_pipeline_with_dashboard' retrieved from /opt/airflow/dags/main_full_processs.py
[2025-07-20T07:40:13.556+0000] {logging_mixin.py:188} INFO - [2025-07-20T07:40:13.555+0000] {dag.py:3036} INFO - Sync 1 DAGs
[2025-07-20T07:40:13.568+0000] {logging_mixin.py:188} INFO - [2025-07-20T07:40:13.568+0000] {dag.py:3823} INFO - Setting next_dagrun for ml_pipeline_with_dashboard to None, run_after=None
[2025-07-20T07:40:13.590+0000] {processor.py:183} INFO - Processing /opt/airflow/dags/main_full_processs.py took 0.096 seconds
[2025-07-20T07:40:43.736+0000] {processor.py:161} INFO - Started process (PID=10654) to work on /opt/airflow/dags/main_full_processs.py
[2025-07-20T07:40:43.738+0000] {processor.py:830} INFO - Processing file /opt/airflow/dags/main_full_processs.py for tasks to queue
[2025-07-20T07:40:43.739+0000] {logging_mixin.py:188} INFO - [2025-07-20T07:40:43.739+0000] {dagbag.py:538} INFO - Filling up the DagBag from /opt/airflow/dags/main_full_processs.py
[2025-07-20T07:40:43.751+0000] {processor.py:840} INFO - DAG(s) 'ml_pipeline_with_dashboard' retrieved from /opt/airflow/dags/main_full_processs.py
[2025-07-20T07:40:43.782+0000] {logging_mixin.py:188} INFO - [2025-07-20T07:40:43.782+0000] {dag.py:3036} INFO - Sync 1 DAGs
[2025-07-20T07:40:43.797+0000] {logging_mixin.py:188} INFO - [2025-07-20T07:40:43.796+0000] {dag.py:3823} INFO - Setting next_dagrun for ml_pipeline_with_dashboard to None, run_after=None
[2025-07-20T07:40:43.816+0000] {processor.py:183} INFO - Processing /opt/airflow/dags/main_full_processs.py took 0.083 seconds
[2025-07-20T07:41:14.688+0000] {processor.py:161} INFO - Started process (PID=10689) to work on /opt/airflow/dags/main_full_processs.py
[2025-07-20T07:41:14.690+0000] {processor.py:830} INFO - Processing file /opt/airflow/dags/main_full_processs.py for tasks to queue
[2025-07-20T07:41:14.691+0000] {logging_mixin.py:188} INFO - [2025-07-20T07:41:14.690+0000] {dagbag.py:538} INFO - Filling up the DagBag from /opt/airflow/dags/main_full_processs.py
[2025-07-20T07:41:14.703+0000] {processor.py:840} INFO - DAG(s) 'ml_pipeline_with_dashboard' retrieved from /opt/airflow/dags/main_full_processs.py
[2025-07-20T07:41:14.734+0000] {logging_mixin.py:188} INFO - [2025-07-20T07:41:14.733+0000] {dag.py:3036} INFO - Sync 1 DAGs
[2025-07-20T07:41:14.747+0000] {logging_mixin.py:188} INFO - [2025-07-20T07:41:14.746+0000] {dag.py:3823} INFO - Setting next_dagrun for ml_pipeline_with_dashboard to None, run_after=None
[2025-07-20T07:41:14.768+0000] {processor.py:183} INFO - Processing /opt/airflow/dags/main_full_processs.py took 0.084 seconds
[2025-07-20T07:41:44.956+0000] {processor.py:161} INFO - Started process (PID=10724) to work on /opt/airflow/dags/main_full_processs.py
[2025-07-20T07:41:44.957+0000] {processor.py:830} INFO - Processing file /opt/airflow/dags/main_full_processs.py for tasks to queue
[2025-07-20T07:41:44.958+0000] {logging_mixin.py:188} INFO - [2025-07-20T07:41:44.958+0000] {dagbag.py:538} INFO - Filling up the DagBag from /opt/airflow/dags/main_full_processs.py
[2025-07-20T07:41:44.970+0000] {processor.py:840} INFO - DAG(s) 'ml_pipeline_with_dashboard' retrieved from /opt/airflow/dags/main_full_processs.py
[2025-07-20T07:41:44.997+0000] {logging_mixin.py:188} INFO - [2025-07-20T07:41:44.997+0000] {dag.py:3036} INFO - Sync 1 DAGs
[2025-07-20T07:41:45.010+0000] {logging_mixin.py:188} INFO - [2025-07-20T07:41:45.010+0000] {dag.py:3823} INFO - Setting next_dagrun for ml_pipeline_with_dashboard to None, run_after=None
[2025-07-20T07:41:45.042+0000] {processor.py:183} INFO - Processing /opt/airflow/dags/main_full_processs.py took 0.089 seconds
[2025-07-20T07:42:15.857+0000] {processor.py:161} INFO - Started process (PID=10759) to work on /opt/airflow/dags/main_full_processs.py
[2025-07-20T07:42:15.858+0000] {processor.py:830} INFO - Processing file /opt/airflow/dags/main_full_processs.py for tasks to queue
[2025-07-20T07:42:15.858+0000] {logging_mixin.py:188} INFO - [2025-07-20T07:42:15.858+0000] {dagbag.py:538} INFO - Filling up the DagBag from /opt/airflow/dags/main_full_processs.py
[2025-07-20T07:42:15.870+0000] {processor.py:840} INFO - DAG(s) 'ml_pipeline_with_dashboard' retrieved from /opt/airflow/dags/main_full_processs.py
[2025-07-20T07:42:15.898+0000] {logging_mixin.py:188} INFO - [2025-07-20T07:42:15.898+0000] {dag.py:3036} INFO - Sync 1 DAGs
[2025-07-20T07:42:15.911+0000] {logging_mixin.py:188} INFO - [2025-07-20T07:42:15.911+0000] {dag.py:3823} INFO - Setting next_dagrun for ml_pipeline_with_dashboard to None, run_after=None
[2025-07-20T07:42:15.933+0000] {processor.py:183} INFO - Processing /opt/airflow/dags/main_full_processs.py took 0.079 seconds
[2025-07-20T07:42:46.430+0000] {processor.py:161} INFO - Started process (PID=10769) to work on /opt/airflow/dags/main_full_processs.py
[2025-07-20T07:42:46.431+0000] {processor.py:830} INFO - Processing file /opt/airflow/dags/main_full_processs.py for tasks to queue
[2025-07-20T07:42:46.432+0000] {logging_mixin.py:188} INFO - [2025-07-20T07:42:46.432+0000] {dagbag.py:538} INFO - Filling up the DagBag from /opt/airflow/dags/main_full_processs.py
[2025-07-20T07:42:46.445+0000] {processor.py:840} INFO - DAG(s) 'ml_pipeline_with_dashboard' retrieved from /opt/airflow/dags/main_full_processs.py
[2025-07-20T07:42:46.475+0000] {logging_mixin.py:188} INFO - [2025-07-20T07:42:46.475+0000] {dag.py:3036} INFO - Sync 1 DAGs
[2025-07-20T07:42:46.488+0000] {logging_mixin.py:188} INFO - [2025-07-20T07:42:46.488+0000] {dag.py:3823} INFO - Setting next_dagrun for ml_pipeline_with_dashboard to None, run_after=None
[2025-07-20T07:42:46.512+0000] {processor.py:183} INFO - Processing /opt/airflow/dags/main_full_processs.py took 0.086 seconds
[2025-07-20T07:43:17.392+0000] {processor.py:161} INFO - Started process (PID=10779) to work on /opt/airflow/dags/main_full_processs.py
[2025-07-20T07:43:17.394+0000] {processor.py:830} INFO - Processing file /opt/airflow/dags/main_full_processs.py for tasks to queue
[2025-07-20T07:43:17.397+0000] {logging_mixin.py:188} INFO - [2025-07-20T07:43:17.396+0000] {dagbag.py:538} INFO - Filling up the DagBag from /opt/airflow/dags/main_full_processs.py
[2025-07-20T07:43:17.412+0000] {processor.py:840} INFO - DAG(s) 'ml_pipeline_with_dashboard' retrieved from /opt/airflow/dags/main_full_processs.py
[2025-07-20T07:43:17.437+0000] {logging_mixin.py:188} INFO - [2025-07-20T07:43:17.437+0000] {dag.py:3036} INFO - Sync 1 DAGs
[2025-07-20T07:43:17.448+0000] {logging_mixin.py:188} INFO - [2025-07-20T07:43:17.448+0000] {dag.py:3823} INFO - Setting next_dagrun for ml_pipeline_with_dashboard to None, run_after=None
[2025-07-20T07:43:17.471+0000] {processor.py:183} INFO - Processing /opt/airflow/dags/main_full_processs.py took 0.087 seconds
[2025-07-20T07:43:47.882+0000] {processor.py:161} INFO - Started process (PID=10789) to work on /opt/airflow/dags/main_full_processs.py
[2025-07-20T07:43:47.884+0000] {processor.py:830} INFO - Processing file /opt/airflow/dags/main_full_processs.py for tasks to queue
[2025-07-20T07:43:47.886+0000] {logging_mixin.py:188} INFO - [2025-07-20T07:43:47.885+0000] {dagbag.py:538} INFO - Filling up the DagBag from /opt/airflow/dags/main_full_processs.py
[2025-07-20T07:43:47.897+0000] {processor.py:840} INFO - DAG(s) 'ml_pipeline_with_dashboard' retrieved from /opt/airflow/dags/main_full_processs.py
[2025-07-20T07:43:47.922+0000] {logging_mixin.py:188} INFO - [2025-07-20T07:43:47.922+0000] {dag.py:3036} INFO - Sync 1 DAGs
[2025-07-20T07:43:47.933+0000] {logging_mixin.py:188} INFO - [2025-07-20T07:43:47.933+0000] {dag.py:3823} INFO - Setting next_dagrun for ml_pipeline_with_dashboard to None, run_after=None
[2025-07-20T07:43:47.952+0000] {processor.py:183} INFO - Processing /opt/airflow/dags/main_full_processs.py took 0.075 seconds
[2025-07-20T07:44:18.315+0000] {processor.py:161} INFO - Started process (PID=10799) to work on /opt/airflow/dags/main_full_processs.py
[2025-07-20T07:44:18.316+0000] {processor.py:830} INFO - Processing file /opt/airflow/dags/main_full_processs.py for tasks to queue
[2025-07-20T07:44:18.317+0000] {logging_mixin.py:188} INFO - [2025-07-20T07:44:18.317+0000] {dagbag.py:538} INFO - Filling up the DagBag from /opt/airflow/dags/main_full_processs.py
[2025-07-20T07:44:18.333+0000] {processor.py:840} INFO - DAG(s) 'ml_pipeline_with_dashboard' retrieved from /opt/airflow/dags/main_full_processs.py
[2025-07-20T07:44:18.359+0000] {logging_mixin.py:188} INFO - [2025-07-20T07:44:18.359+0000] {dag.py:3036} INFO - Sync 1 DAGs
[2025-07-20T07:44:18.371+0000] {logging_mixin.py:188} INFO - [2025-07-20T07:44:18.370+0000] {dag.py:3823} INFO - Setting next_dagrun for ml_pipeline_with_dashboard to None, run_after=None
[2025-07-20T07:44:18.390+0000] {processor.py:183} INFO - Processing /opt/airflow/dags/main_full_processs.py took 0.078 seconds
[2025-07-20T07:44:48.868+0000] {processor.py:161} INFO - Started process (PID=10809) to work on /opt/airflow/dags/main_full_processs.py
[2025-07-20T07:44:48.869+0000] {processor.py:830} INFO - Processing file /opt/airflow/dags/main_full_processs.py for tasks to queue
[2025-07-20T07:44:48.870+0000] {logging_mixin.py:188} INFO - [2025-07-20T07:44:48.870+0000] {dagbag.py:538} INFO - Filling up the DagBag from /opt/airflow/dags/main_full_processs.py
[2025-07-20T07:44:48.881+0000] {processor.py:840} INFO - DAG(s) 'ml_pipeline_with_dashboard' retrieved from /opt/airflow/dags/main_full_processs.py
[2025-07-20T07:44:48.907+0000] {logging_mixin.py:188} INFO - [2025-07-20T07:44:48.906+0000] {dag.py:3036} INFO - Sync 1 DAGs
[2025-07-20T07:44:48.917+0000] {logging_mixin.py:188} INFO - [2025-07-20T07:44:48.917+0000] {dag.py:3823} INFO - Setting next_dagrun for ml_pipeline_with_dashboard to None, run_after=None
[2025-07-20T07:44:48.938+0000] {processor.py:183} INFO - Processing /opt/airflow/dags/main_full_processs.py took 0.073 seconds
[2025-07-20T07:45:19.356+0000] {processor.py:161} INFO - Started process (PID=10819) to work on /opt/airflow/dags/main_full_processs.py
[2025-07-20T07:45:19.357+0000] {processor.py:830} INFO - Processing file /opt/airflow/dags/main_full_processs.py for tasks to queue
[2025-07-20T07:45:19.358+0000] {logging_mixin.py:188} INFO - [2025-07-20T07:45:19.358+0000] {dagbag.py:538} INFO - Filling up the DagBag from /opt/airflow/dags/main_full_processs.py
[2025-07-20T07:45:19.374+0000] {processor.py:840} INFO - DAG(s) 'ml_pipeline_with_dashboard' retrieved from /opt/airflow/dags/main_full_processs.py
[2025-07-20T07:45:19.416+0000] {logging_mixin.py:188} INFO - [2025-07-20T07:45:19.415+0000] {dag.py:3036} INFO - Sync 1 DAGs
[2025-07-20T07:45:19.440+0000] {logging_mixin.py:188} INFO - [2025-07-20T07:45:19.440+0000] {dag.py:3823} INFO - Setting next_dagrun for ml_pipeline_with_dashboard to None, run_after=None
[2025-07-20T07:45:19.638+0000] {processor.py:183} INFO - Processing /opt/airflow/dags/main_full_processs.py took 0.285 seconds
[2025-07-20T07:45:49.956+0000] {processor.py:161} INFO - Started process (PID=10829) to work on /opt/airflow/dags/main_full_processs.py
[2025-07-20T07:45:49.957+0000] {processor.py:830} INFO - Processing file /opt/airflow/dags/main_full_processs.py for tasks to queue
[2025-07-20T07:45:49.958+0000] {logging_mixin.py:188} INFO - [2025-07-20T07:45:49.958+0000] {dagbag.py:538} INFO - Filling up the DagBag from /opt/airflow/dags/main_full_processs.py
[2025-07-20T07:45:49.970+0000] {processor.py:840} INFO - DAG(s) 'ml_pipeline_with_dashboard' retrieved from /opt/airflow/dags/main_full_processs.py
[2025-07-20T07:45:49.997+0000] {logging_mixin.py:188} INFO - [2025-07-20T07:45:49.997+0000] {dag.py:3036} INFO - Sync 1 DAGs
[2025-07-20T07:45:50.010+0000] {logging_mixin.py:188} INFO - [2025-07-20T07:45:50.010+0000] {dag.py:3823} INFO - Setting next_dagrun for ml_pipeline_with_dashboard to None, run_after=None
[2025-07-20T07:45:50.031+0000] {processor.py:183} INFO - Processing /opt/airflow/dags/main_full_processs.py took 0.078 seconds
[2025-07-20T07:46:20.384+0000] {processor.py:161} INFO - Started process (PID=10839) to work on /opt/airflow/dags/main_full_processs.py
[2025-07-20T07:46:20.385+0000] {processor.py:830} INFO - Processing file /opt/airflow/dags/main_full_processs.py for tasks to queue
[2025-07-20T07:46:20.386+0000] {logging_mixin.py:188} INFO - [2025-07-20T07:46:20.386+0000] {dagbag.py:538} INFO - Filling up the DagBag from /opt/airflow/dags/main_full_processs.py
[2025-07-20T07:46:20.398+0000] {processor.py:840} INFO - DAG(s) 'ml_pipeline_with_dashboard' retrieved from /opt/airflow/dags/main_full_processs.py
[2025-07-20T07:46:20.425+0000] {logging_mixin.py:188} INFO - [2025-07-20T07:46:20.424+0000] {dag.py:3036} INFO - Sync 1 DAGs
[2025-07-20T07:46:20.437+0000] {logging_mixin.py:188} INFO - [2025-07-20T07:46:20.437+0000] {dag.py:3823} INFO - Setting next_dagrun for ml_pipeline_with_dashboard to None, run_after=None
[2025-07-20T07:46:20.461+0000] {processor.py:183} INFO - Processing /opt/airflow/dags/main_full_processs.py took 0.081 seconds
[2025-07-20T07:46:50.941+0000] {processor.py:161} INFO - Started process (PID=10849) to work on /opt/airflow/dags/main_full_processs.py
[2025-07-20T07:46:50.942+0000] {processor.py:830} INFO - Processing file /opt/airflow/dags/main_full_processs.py for tasks to queue
[2025-07-20T07:46:50.943+0000] {logging_mixin.py:188} INFO - [2025-07-20T07:46:50.943+0000] {dagbag.py:538} INFO - Filling up the DagBag from /opt/airflow/dags/main_full_processs.py
[2025-07-20T07:46:50.956+0000] {processor.py:840} INFO - DAG(s) 'ml_pipeline_with_dashboard' retrieved from /opt/airflow/dags/main_full_processs.py
[2025-07-20T07:46:50.980+0000] {logging_mixin.py:188} INFO - [2025-07-20T07:46:50.979+0000] {dag.py:3036} INFO - Sync 1 DAGs
[2025-07-20T07:46:50.992+0000] {logging_mixin.py:188} INFO - [2025-07-20T07:46:50.992+0000] {dag.py:3823} INFO - Setting next_dagrun for ml_pipeline_with_dashboard to None, run_after=None
[2025-07-20T07:46:51.012+0000] {processor.py:183} INFO - Processing /opt/airflow/dags/main_full_processs.py took 0.075 seconds
[2025-07-20T07:47:21.478+0000] {processor.py:161} INFO - Started process (PID=10859) to work on /opt/airflow/dags/main_full_processs.py
[2025-07-20T07:47:21.479+0000] {processor.py:830} INFO - Processing file /opt/airflow/dags/main_full_processs.py for tasks to queue
[2025-07-20T07:47:21.480+0000] {logging_mixin.py:188} INFO - [2025-07-20T07:47:21.480+0000] {dagbag.py:538} INFO - Filling up the DagBag from /opt/airflow/dags/main_full_processs.py
[2025-07-20T07:47:21.491+0000] {processor.py:840} INFO - DAG(s) 'ml_pipeline_with_dashboard' retrieved from /opt/airflow/dags/main_full_processs.py
[2025-07-20T07:47:21.517+0000] {logging_mixin.py:188} INFO - [2025-07-20T07:47:21.516+0000] {dag.py:3036} INFO - Sync 1 DAGs
[2025-07-20T07:47:21.528+0000] {logging_mixin.py:188} INFO - [2025-07-20T07:47:21.528+0000] {dag.py:3823} INFO - Setting next_dagrun for ml_pipeline_with_dashboard to None, run_after=None
[2025-07-20T07:47:21.547+0000] {processor.py:183} INFO - Processing /opt/airflow/dags/main_full_processs.py took 0.072 seconds
[2025-07-20T07:47:52.174+0000] {processor.py:161} INFO - Started process (PID=10869) to work on /opt/airflow/dags/main_full_processs.py
[2025-07-20T07:47:52.179+0000] {processor.py:830} INFO - Processing file /opt/airflow/dags/main_full_processs.py for tasks to queue
[2025-07-20T07:47:52.182+0000] {logging_mixin.py:188} INFO - [2025-07-20T07:47:52.181+0000] {dagbag.py:538} INFO - Filling up the DagBag from /opt/airflow/dags/main_full_processs.py
[2025-07-20T07:47:52.215+0000] {processor.py:840} INFO - DAG(s) 'ml_pipeline_with_dashboard' retrieved from /opt/airflow/dags/main_full_processs.py
[2025-07-20T07:47:52.247+0000] {logging_mixin.py:188} INFO - [2025-07-20T07:47:52.247+0000] {dag.py:3036} INFO - Sync 1 DAGs
[2025-07-20T07:47:52.259+0000] {logging_mixin.py:188} INFO - [2025-07-20T07:47:52.258+0000] {dag.py:3823} INFO - Setting next_dagrun for ml_pipeline_with_dashboard to None, run_after=None
[2025-07-20T07:47:52.288+0000] {processor.py:183} INFO - Processing /opt/airflow/dags/main_full_processs.py took 0.135 seconds
[2025-07-20T07:48:22.688+0000] {processor.py:161} INFO - Started process (PID=10879) to work on /opt/airflow/dags/main_full_processs.py
[2025-07-20T07:48:22.689+0000] {processor.py:830} INFO - Processing file /opt/airflow/dags/main_full_processs.py for tasks to queue
[2025-07-20T07:48:22.690+0000] {logging_mixin.py:188} INFO - [2025-07-20T07:48:22.689+0000] {dagbag.py:538} INFO - Filling up the DagBag from /opt/airflow/dags/main_full_processs.py
[2025-07-20T07:48:22.701+0000] {processor.py:840} INFO - DAG(s) 'ml_pipeline_with_dashboard' retrieved from /opt/airflow/dags/main_full_processs.py
[2025-07-20T07:48:22.712+0000] {logging_mixin.py:188} INFO - [2025-07-20T07:48:22.711+0000] {dag.py:3036} INFO - Sync 1 DAGs
[2025-07-20T07:48:22.736+0000] {logging_mixin.py:188} INFO - [2025-07-20T07:48:22.736+0000] {dag.py:3823} INFO - Setting next_dagrun for ml_pipeline_with_dashboard to None, run_after=None
[2025-07-20T07:48:22.769+0000] {processor.py:183} INFO - Processing /opt/airflow/dags/main_full_processs.py took 0.084 seconds
[2025-07-20T07:48:53.199+0000] {processor.py:161} INFO - Started process (PID=10907) to work on /opt/airflow/dags/main_full_processs.py
[2025-07-20T07:48:53.200+0000] {processor.py:830} INFO - Processing file /opt/airflow/dags/main_full_processs.py for tasks to queue
[2025-07-20T07:48:53.202+0000] {logging_mixin.py:188} INFO - [2025-07-20T07:48:53.201+0000] {dagbag.py:538} INFO - Filling up the DagBag from /opt/airflow/dags/main_full_processs.py
[2025-07-20T07:48:53.242+0000] {processor.py:840} INFO - DAG(s) 'ml_pipeline_with_dashboard' retrieved from /opt/airflow/dags/main_full_processs.py
[2025-07-20T07:48:53.378+0000] {logging_mixin.py:188} INFO - [2025-07-20T07:48:53.378+0000] {dag.py:3036} INFO - Sync 1 DAGs
[2025-07-20T07:48:53.389+0000] {logging_mixin.py:188} INFO - [2025-07-20T07:48:53.388+0000] {dag.py:3823} INFO - Setting next_dagrun for ml_pipeline_with_dashboard to None, run_after=None
[2025-07-20T07:48:53.412+0000] {processor.py:183} INFO - Processing /opt/airflow/dags/main_full_processs.py took 0.215 seconds
[2025-07-20T07:49:23.929+0000] {processor.py:161} INFO - Started process (PID=10965) to work on /opt/airflow/dags/main_full_processs.py
[2025-07-20T07:49:23.933+0000] {processor.py:830} INFO - Processing file /opt/airflow/dags/main_full_processs.py for tasks to queue
[2025-07-20T07:49:23.938+0000] {logging_mixin.py:188} INFO - [2025-07-20T07:49:23.936+0000] {dagbag.py:538} INFO - Filling up the DagBag from /opt/airflow/dags/main_full_processs.py
[2025-07-20T07:49:24.030+0000] {processor.py:840} INFO - DAG(s) 'ml_pipeline_with_dashboard' retrieved from /opt/airflow/dags/main_full_processs.py
[2025-07-20T07:49:24.108+0000] {logging_mixin.py:188} INFO - [2025-07-20T07:49:24.108+0000] {dag.py:3036} INFO - Sync 1 DAGs
[2025-07-20T07:49:24.133+0000] {logging_mixin.py:188} INFO - [2025-07-20T07:49:24.132+0000] {dag.py:3823} INFO - Setting next_dagrun for ml_pipeline_with_dashboard to None, run_after=None
[2025-07-20T07:49:24.160+0000] {processor.py:183} INFO - Processing /opt/airflow/dags/main_full_processs.py took 0.243 seconds
[2025-07-20T07:49:54.823+0000] {processor.py:161} INFO - Started process (PID=10992) to work on /opt/airflow/dags/main_full_processs.py
[2025-07-20T07:49:54.825+0000] {processor.py:830} INFO - Processing file /opt/airflow/dags/main_full_processs.py for tasks to queue
[2025-07-20T07:49:54.826+0000] {logging_mixin.py:188} INFO - [2025-07-20T07:49:54.825+0000] {dagbag.py:538} INFO - Filling up the DagBag from /opt/airflow/dags/main_full_processs.py
[2025-07-20T07:49:54.843+0000] {processor.py:840} INFO - DAG(s) 'ml_pipeline_with_dashboard' retrieved from /opt/airflow/dags/main_full_processs.py
[2025-07-20T07:49:54.855+0000] {logging_mixin.py:188} INFO - [2025-07-20T07:49:54.854+0000] {dag.py:3036} INFO - Sync 1 DAGs
[2025-07-20T07:49:54.868+0000] {logging_mixin.py:188} INFO - [2025-07-20T07:49:54.868+0000] {dag.py:3823} INFO - Setting next_dagrun for ml_pipeline_with_dashboard to None, run_after=None
[2025-07-20T07:49:54.889+0000] {processor.py:183} INFO - Processing /opt/airflow/dags/main_full_processs.py took 0.070 seconds
[2025-07-20T07:50:25.048+0000] {processor.py:161} INFO - Started process (PID=11031) to work on /opt/airflow/dags/main_full_processs.py
[2025-07-20T07:50:25.049+0000] {processor.py:830} INFO - Processing file /opt/airflow/dags/main_full_processs.py for tasks to queue
[2025-07-20T07:50:25.050+0000] {logging_mixin.py:188} INFO - [2025-07-20T07:50:25.050+0000] {dagbag.py:538} INFO - Filling up the DagBag from /opt/airflow/dags/main_full_processs.py
[2025-07-20T07:50:25.070+0000] {processor.py:840} INFO - DAG(s) 'ml_pipeline_with_dashboard' retrieved from /opt/airflow/dags/main_full_processs.py
[2025-07-20T07:50:25.192+0000] {logging_mixin.py:188} INFO - [2025-07-20T07:50:25.192+0000] {dag.py:3036} INFO - Sync 1 DAGs
[2025-07-20T07:50:25.201+0000] {logging_mixin.py:188} INFO - [2025-07-20T07:50:25.201+0000] {dag.py:3823} INFO - Setting next_dagrun for ml_pipeline_with_dashboard to None, run_after=None
[2025-07-20T07:50:25.219+0000] {processor.py:183} INFO - Processing /opt/airflow/dags/main_full_processs.py took 0.176 seconds
[2025-07-20T07:50:55.617+0000] {processor.py:161} INFO - Started process (PID=11041) to work on /opt/airflow/dags/main_full_processs.py
[2025-07-20T07:50:55.618+0000] {processor.py:830} INFO - Processing file /opt/airflow/dags/main_full_processs.py for tasks to queue
[2025-07-20T07:50:55.620+0000] {logging_mixin.py:188} INFO - [2025-07-20T07:50:55.619+0000] {dagbag.py:538} INFO - Filling up the DagBag from /opt/airflow/dags/main_full_processs.py
[2025-07-20T07:50:55.632+0000] {processor.py:840} INFO - DAG(s) 'ml_pipeline_with_dashboard' retrieved from /opt/airflow/dags/main_full_processs.py
[2025-07-20T07:50:55.667+0000] {logging_mixin.py:188} INFO - [2025-07-20T07:50:55.667+0000] {dag.py:3036} INFO - Sync 1 DAGs
[2025-07-20T07:50:55.684+0000] {logging_mixin.py:188} INFO - [2025-07-20T07:50:55.684+0000] {dag.py:3823} INFO - Setting next_dagrun for ml_pipeline_with_dashboard to None, run_after=None
[2025-07-20T07:50:55.716+0000] {processor.py:183} INFO - Processing /opt/airflow/dags/main_full_processs.py took 0.101 seconds
[2025-07-20T07:51:26.212+0000] {processor.py:161} INFO - Started process (PID=11051) to work on /opt/airflow/dags/main_full_processs.py
[2025-07-20T07:51:26.213+0000] {processor.py:830} INFO - Processing file /opt/airflow/dags/main_full_processs.py for tasks to queue
[2025-07-20T07:51:26.214+0000] {logging_mixin.py:188} INFO - [2025-07-20T07:51:26.214+0000] {dagbag.py:538} INFO - Filling up the DagBag from /opt/airflow/dags/main_full_processs.py
[2025-07-20T07:51:26.228+0000] {processor.py:840} INFO - DAG(s) 'ml_pipeline_with_dashboard' retrieved from /opt/airflow/dags/main_full_processs.py
[2025-07-20T07:51:26.257+0000] {logging_mixin.py:188} INFO - [2025-07-20T07:51:26.257+0000] {dag.py:3036} INFO - Sync 1 DAGs
[2025-07-20T07:51:26.269+0000] {logging_mixin.py:188} INFO - [2025-07-20T07:51:26.269+0000] {dag.py:3823} INFO - Setting next_dagrun for ml_pipeline_with_dashboard to None, run_after=None
[2025-07-20T07:51:26.290+0000] {processor.py:183} INFO - Processing /opt/airflow/dags/main_full_processs.py took 0.082 seconds
[2025-07-20T07:51:56.733+0000] {processor.py:161} INFO - Started process (PID=11061) to work on /opt/airflow/dags/main_full_processs.py
[2025-07-20T07:51:56.734+0000] {processor.py:830} INFO - Processing file /opt/airflow/dags/main_full_processs.py for tasks to queue
[2025-07-20T07:51:56.735+0000] {logging_mixin.py:188} INFO - [2025-07-20T07:51:56.735+0000] {dagbag.py:538} INFO - Filling up the DagBag from /opt/airflow/dags/main_full_processs.py
[2025-07-20T07:51:56.746+0000] {processor.py:840} INFO - DAG(s) 'ml_pipeline_with_dashboard' retrieved from /opt/airflow/dags/main_full_processs.py
[2025-07-20T07:51:56.773+0000] {logging_mixin.py:188} INFO - [2025-07-20T07:51:56.773+0000] {dag.py:3036} INFO - Sync 1 DAGs
[2025-07-20T07:51:56.784+0000] {logging_mixin.py:188} INFO - [2025-07-20T07:51:56.784+0000] {dag.py:3823} INFO - Setting next_dagrun for ml_pipeline_with_dashboard to None, run_after=None
[2025-07-20T07:51:56.804+0000] {processor.py:183} INFO - Processing /opt/airflow/dags/main_full_processs.py took 0.074 seconds
[2025-07-20T07:52:27.606+0000] {processor.py:161} INFO - Started process (PID=11071) to work on /opt/airflow/dags/main_full_processs.py
[2025-07-20T07:52:27.607+0000] {processor.py:830} INFO - Processing file /opt/airflow/dags/main_full_processs.py for tasks to queue
[2025-07-20T07:52:27.608+0000] {logging_mixin.py:188} INFO - [2025-07-20T07:52:27.608+0000] {dagbag.py:538} INFO - Filling up the DagBag from /opt/airflow/dags/main_full_processs.py
[2025-07-20T07:52:27.620+0000] {processor.py:840} INFO - DAG(s) 'ml_pipeline_with_dashboard' retrieved from /opt/airflow/dags/main_full_processs.py
[2025-07-20T07:52:27.645+0000] {logging_mixin.py:188} INFO - [2025-07-20T07:52:27.645+0000] {dag.py:3036} INFO - Sync 1 DAGs
[2025-07-20T07:52:27.657+0000] {logging_mixin.py:188} INFO - [2025-07-20T07:52:27.657+0000] {dag.py:3823} INFO - Setting next_dagrun for ml_pipeline_with_dashboard to None, run_after=None
[2025-07-20T07:52:27.686+0000] {processor.py:183} INFO - Processing /opt/airflow/dags/main_full_processs.py took 0.083 seconds
[2025-07-20T07:52:58.217+0000] {processor.py:161} INFO - Started process (PID=11090) to work on /opt/airflow/dags/main_full_processs.py
[2025-07-20T07:52:58.219+0000] {processor.py:830} INFO - Processing file /opt/airflow/dags/main_full_processs.py for tasks to queue
[2025-07-20T07:52:58.221+0000] {logging_mixin.py:188} INFO - [2025-07-20T07:52:58.220+0000] {dagbag.py:538} INFO - Filling up the DagBag from /opt/airflow/dags/main_full_processs.py
[2025-07-20T07:52:58.359+0000] {processor.py:840} INFO - DAG(s) 'ml_pipeline_with_dashboard' retrieved from /opt/airflow/dags/main_full_processs.py
[2025-07-20T07:52:58.397+0000] {logging_mixin.py:188} INFO - [2025-07-20T07:52:58.397+0000] {dag.py:3036} INFO - Sync 1 DAGs
[2025-07-20T07:52:58.414+0000] {logging_mixin.py:188} INFO - [2025-07-20T07:52:58.414+0000] {dag.py:3823} INFO - Setting next_dagrun for ml_pipeline_with_dashboard to None, run_after=None
[2025-07-20T07:52:58.447+0000] {processor.py:183} INFO - Processing /opt/airflow/dags/main_full_processs.py took 0.547 seconds
[2025-07-20T07:53:29.053+0000] {processor.py:161} INFO - Started process (PID=11120) to work on /opt/airflow/dags/main_full_processs.py
[2025-07-20T07:53:29.054+0000] {processor.py:830} INFO - Processing file /opt/airflow/dags/main_full_processs.py for tasks to queue
[2025-07-20T07:53:29.054+0000] {logging_mixin.py:188} INFO - [2025-07-20T07:53:29.054+0000] {dagbag.py:538} INFO - Filling up the DagBag from /opt/airflow/dags/main_full_processs.py
[2025-07-20T07:53:29.066+0000] {processor.py:840} INFO - DAG(s) 'ml_pipeline_with_dashboard' retrieved from /opt/airflow/dags/main_full_processs.py
[2025-07-20T07:53:29.093+0000] {logging_mixin.py:188} INFO - [2025-07-20T07:53:29.092+0000] {dag.py:3036} INFO - Sync 1 DAGs
[2025-07-20T07:53:29.104+0000] {logging_mixin.py:188} INFO - [2025-07-20T07:53:29.104+0000] {dag.py:3823} INFO - Setting next_dagrun for ml_pipeline_with_dashboard to None, run_after=None
[2025-07-20T07:53:29.124+0000] {processor.py:183} INFO - Processing /opt/airflow/dags/main_full_processs.py took 0.075 seconds
[2025-07-20T07:53:59.574+0000] {processor.py:161} INFO - Started process (PID=11130) to work on /opt/airflow/dags/main_full_processs.py
[2025-07-20T07:53:59.575+0000] {processor.py:830} INFO - Processing file /opt/airflow/dags/main_full_processs.py for tasks to queue
[2025-07-20T07:53:59.576+0000] {logging_mixin.py:188} INFO - [2025-07-20T07:53:59.576+0000] {dagbag.py:538} INFO - Filling up the DagBag from /opt/airflow/dags/main_full_processs.py
[2025-07-20T07:53:59.587+0000] {processor.py:840} INFO - DAG(s) 'ml_pipeline_with_dashboard' retrieved from /opt/airflow/dags/main_full_processs.py
[2025-07-20T07:53:59.618+0000] {logging_mixin.py:188} INFO - [2025-07-20T07:53:59.618+0000] {dag.py:3036} INFO - Sync 1 DAGs
[2025-07-20T07:53:59.631+0000] {logging_mixin.py:188} INFO - [2025-07-20T07:53:59.631+0000] {dag.py:3823} INFO - Setting next_dagrun for ml_pipeline_with_dashboard to None, run_after=None
[2025-07-20T07:53:59.655+0000] {processor.py:183} INFO - Processing /opt/airflow/dags/main_full_processs.py took 0.087 seconds
[2025-07-20T07:54:30.041+0000] {processor.py:161} INFO - Started process (PID=11140) to work on /opt/airflow/dags/main_full_processs.py
[2025-07-20T07:54:30.042+0000] {processor.py:830} INFO - Processing file /opt/airflow/dags/main_full_processs.py for tasks to queue
[2025-07-20T07:54:30.043+0000] {logging_mixin.py:188} INFO - [2025-07-20T07:54:30.043+0000] {dagbag.py:538} INFO - Filling up the DagBag from /opt/airflow/dags/main_full_processs.py
[2025-07-20T07:54:30.082+0000] {processor.py:840} INFO - DAG(s) 'ml_pipeline_with_dashboard' retrieved from /opt/airflow/dags/main_full_processs.py
[2025-07-20T07:54:30.110+0000] {logging_mixin.py:188} INFO - [2025-07-20T07:54:30.109+0000] {dag.py:3036} INFO - Sync 1 DAGs
[2025-07-20T07:54:30.122+0000] {logging_mixin.py:188} INFO - [2025-07-20T07:54:30.121+0000] {dag.py:3823} INFO - Setting next_dagrun for ml_pipeline_with_dashboard to None, run_after=None
[2025-07-20T07:54:30.142+0000] {processor.py:183} INFO - Processing /opt/airflow/dags/main_full_processs.py took 0.104 seconds
[2025-07-20T07:55:00.588+0000] {processor.py:161} INFO - Started process (PID=11150) to work on /opt/airflow/dags/main_full_processs.py
[2025-07-20T07:55:00.589+0000] {processor.py:830} INFO - Processing file /opt/airflow/dags/main_full_processs.py for tasks to queue
[2025-07-20T07:55:00.590+0000] {logging_mixin.py:188} INFO - [2025-07-20T07:55:00.590+0000] {dagbag.py:538} INFO - Filling up the DagBag from /opt/airflow/dags/main_full_processs.py
[2025-07-20T07:55:00.600+0000] {processor.py:840} INFO - DAG(s) 'ml_pipeline_with_dashboard' retrieved from /opt/airflow/dags/main_full_processs.py
[2025-07-20T07:55:00.628+0000] {logging_mixin.py:188} INFO - [2025-07-20T07:55:00.627+0000] {dag.py:3036} INFO - Sync 1 DAGs
[2025-07-20T07:55:00.640+0000] {logging_mixin.py:188} INFO - [2025-07-20T07:55:00.640+0000] {dag.py:3823} INFO - Setting next_dagrun for ml_pipeline_with_dashboard to None, run_after=None
[2025-07-20T07:55:00.663+0000] {processor.py:183} INFO - Processing /opt/airflow/dags/main_full_processs.py took 0.078 seconds
[2025-07-20T07:55:30.942+0000] {processor.py:161} INFO - Started process (PID=11189) to work on /opt/airflow/dags/main_full_processs.py
[2025-07-20T07:55:30.943+0000] {processor.py:830} INFO - Processing file /opt/airflow/dags/main_full_processs.py for tasks to queue
[2025-07-20T07:55:30.944+0000] {logging_mixin.py:188} INFO - [2025-07-20T07:55:30.943+0000] {dagbag.py:538} INFO - Filling up the DagBag from /opt/airflow/dags/main_full_processs.py
[2025-07-20T07:55:30.959+0000] {processor.py:840} INFO - DAG(s) 'ml_pipeline_with_dashboard' retrieved from /opt/airflow/dags/main_full_processs.py
[2025-07-20T07:55:30.994+0000] {logging_mixin.py:188} INFO - [2025-07-20T07:55:30.994+0000] {dag.py:3036} INFO - Sync 1 DAGs
[2025-07-20T07:55:31.010+0000] {logging_mixin.py:188} INFO - [2025-07-20T07:55:31.010+0000] {dag.py:3823} INFO - Setting next_dagrun for ml_pipeline_with_dashboard to None, run_after=None
[2025-07-20T07:55:31.037+0000] {processor.py:183} INFO - Processing /opt/airflow/dags/main_full_processs.py took 0.099 seconds
[2025-07-20T07:56:01.464+0000] {processor.py:161} INFO - Started process (PID=11199) to work on /opt/airflow/dags/main_full_processs.py
[2025-07-20T07:56:01.465+0000] {processor.py:830} INFO - Processing file /opt/airflow/dags/main_full_processs.py for tasks to queue
[2025-07-20T07:56:01.466+0000] {logging_mixin.py:188} INFO - [2025-07-20T07:56:01.466+0000] {dagbag.py:538} INFO - Filling up the DagBag from /opt/airflow/dags/main_full_processs.py
[2025-07-20T07:56:01.478+0000] {processor.py:840} INFO - DAG(s) 'ml_pipeline_with_dashboard' retrieved from /opt/airflow/dags/main_full_processs.py
[2025-07-20T07:56:01.561+0000] {logging_mixin.py:188} INFO - [2025-07-20T07:56:01.561+0000] {dag.py:3036} INFO - Sync 1 DAGs
[2025-07-20T07:56:01.574+0000] {logging_mixin.py:188} INFO - [2025-07-20T07:56:01.574+0000] {dag.py:3823} INFO - Setting next_dagrun for ml_pipeline_with_dashboard to None, run_after=None
[2025-07-20T07:56:01.594+0000] {processor.py:183} INFO - Processing /opt/airflow/dags/main_full_processs.py took 0.133 seconds
[2025-07-20T07:56:32.010+0000] {processor.py:161} INFO - Started process (PID=11209) to work on /opt/airflow/dags/main_full_processs.py
[2025-07-20T07:56:32.011+0000] {processor.py:830} INFO - Processing file /opt/airflow/dags/main_full_processs.py for tasks to queue
[2025-07-20T07:56:32.012+0000] {logging_mixin.py:188} INFO - [2025-07-20T07:56:32.012+0000] {dagbag.py:538} INFO - Filling up the DagBag from /opt/airflow/dags/main_full_processs.py
[2025-07-20T07:56:32.022+0000] {processor.py:840} INFO - DAG(s) 'ml_pipeline_with_dashboard' retrieved from /opt/airflow/dags/main_full_processs.py
[2025-07-20T07:56:32.050+0000] {logging_mixin.py:188} INFO - [2025-07-20T07:56:32.049+0000] {dag.py:3036} INFO - Sync 1 DAGs
[2025-07-20T07:56:32.061+0000] {logging_mixin.py:188} INFO - [2025-07-20T07:56:32.061+0000] {dag.py:3823} INFO - Setting next_dagrun for ml_pipeline_with_dashboard to None, run_after=None
[2025-07-20T07:56:32.080+0000] {processor.py:183} INFO - Processing /opt/airflow/dags/main_full_processs.py took 0.074 seconds
[2025-07-20T07:57:02.459+0000] {processor.py:161} INFO - Started process (PID=11219) to work on /opt/airflow/dags/main_full_processs.py
[2025-07-20T07:57:02.460+0000] {processor.py:830} INFO - Processing file /opt/airflow/dags/main_full_processs.py for tasks to queue
[2025-07-20T07:57:02.461+0000] {logging_mixin.py:188} INFO - [2025-07-20T07:57:02.461+0000] {dagbag.py:538} INFO - Filling up the DagBag from /opt/airflow/dags/main_full_processs.py
[2025-07-20T07:57:02.488+0000] {processor.py:840} INFO - DAG(s) 'ml_pipeline_with_dashboard' retrieved from /opt/airflow/dags/main_full_processs.py
[2025-07-20T07:57:02.514+0000] {logging_mixin.py:188} INFO - [2025-07-20T07:57:02.513+0000] {dag.py:3036} INFO - Sync 1 DAGs
[2025-07-20T07:57:02.525+0000] {logging_mixin.py:188} INFO - [2025-07-20T07:57:02.525+0000] {dag.py:3823} INFO - Setting next_dagrun for ml_pipeline_with_dashboard to None, run_after=None
[2025-07-20T07:57:02.544+0000] {processor.py:183} INFO - Processing /opt/airflow/dags/main_full_processs.py took 0.088 seconds
[2025-07-20T07:57:32.948+0000] {processor.py:161} INFO - Started process (PID=11229) to work on /opt/airflow/dags/main_full_processs.py
[2025-07-20T07:57:32.950+0000] {processor.py:830} INFO - Processing file /opt/airflow/dags/main_full_processs.py for tasks to queue
[2025-07-20T07:57:32.951+0000] {logging_mixin.py:188} INFO - [2025-07-20T07:57:32.950+0000] {dagbag.py:538} INFO - Filling up the DagBag from /opt/airflow/dags/main_full_processs.py
[2025-07-20T07:57:32.964+0000] {processor.py:840} INFO - DAG(s) 'ml_pipeline_with_dashboard' retrieved from /opt/airflow/dags/main_full_processs.py
[2025-07-20T07:57:32.994+0000] {logging_mixin.py:188} INFO - [2025-07-20T07:57:32.994+0000] {dag.py:3036} INFO - Sync 1 DAGs
[2025-07-20T07:57:33.009+0000] {logging_mixin.py:188} INFO - [2025-07-20T07:57:33.008+0000] {dag.py:3823} INFO - Setting next_dagrun for ml_pipeline_with_dashboard to None, run_after=None
[2025-07-20T07:57:33.039+0000] {processor.py:183} INFO - Processing /opt/airflow/dags/main_full_processs.py took 0.095 seconds
[2025-07-20T07:58:03.456+0000] {processor.py:161} INFO - Started process (PID=11239) to work on /opt/airflow/dags/main_full_processs.py
[2025-07-20T07:58:03.457+0000] {processor.py:830} INFO - Processing file /opt/airflow/dags/main_full_processs.py for tasks to queue
[2025-07-20T07:58:03.458+0000] {logging_mixin.py:188} INFO - [2025-07-20T07:58:03.457+0000] {dagbag.py:538} INFO - Filling up the DagBag from /opt/airflow/dags/main_full_processs.py
[2025-07-20T07:58:03.469+0000] {processor.py:840} INFO - DAG(s) 'ml_pipeline_with_dashboard' retrieved from /opt/airflow/dags/main_full_processs.py
[2025-07-20T07:58:03.496+0000] {logging_mixin.py:188} INFO - [2025-07-20T07:58:03.496+0000] {dag.py:3036} INFO - Sync 1 DAGs
[2025-07-20T07:58:03.510+0000] {logging_mixin.py:188} INFO - [2025-07-20T07:58:03.510+0000] {dag.py:3823} INFO - Setting next_dagrun for ml_pipeline_with_dashboard to None, run_after=None
[2025-07-20T07:58:03.530+0000] {processor.py:183} INFO - Processing /opt/airflow/dags/main_full_processs.py took 0.078 seconds
[2025-07-20T07:58:34.187+0000] {processor.py:161} INFO - Started process (PID=11249) to work on /opt/airflow/dags/main_full_processs.py
[2025-07-20T07:58:34.188+0000] {processor.py:830} INFO - Processing file /opt/airflow/dags/main_full_processs.py for tasks to queue
[2025-07-20T07:58:34.190+0000] {logging_mixin.py:188} INFO - [2025-07-20T07:58:34.189+0000] {dagbag.py:538} INFO - Filling up the DagBag from /opt/airflow/dags/main_full_processs.py
[2025-07-20T07:58:34.203+0000] {processor.py:840} INFO - DAG(s) 'ml_pipeline_with_dashboard' retrieved from /opt/airflow/dags/main_full_processs.py
[2025-07-20T07:58:34.232+0000] {logging_mixin.py:188} INFO - [2025-07-20T07:58:34.232+0000] {dag.py:3036} INFO - Sync 1 DAGs
[2025-07-20T07:58:34.244+0000] {logging_mixin.py:188} INFO - [2025-07-20T07:58:34.244+0000] {dag.py:3823} INFO - Setting next_dagrun for ml_pipeline_with_dashboard to None, run_after=None
[2025-07-20T07:58:34.264+0000] {processor.py:183} INFO - Processing /opt/airflow/dags/main_full_processs.py took 0.080 seconds
[2025-07-20T07:59:04.723+0000] {processor.py:161} INFO - Started process (PID=11259) to work on /opt/airflow/dags/main_full_processs.py
[2025-07-20T07:59:04.724+0000] {processor.py:830} INFO - Processing file /opt/airflow/dags/main_full_processs.py for tasks to queue
[2025-07-20T07:59:04.725+0000] {logging_mixin.py:188} INFO - [2025-07-20T07:59:04.725+0000] {dagbag.py:538} INFO - Filling up the DagBag from /opt/airflow/dags/main_full_processs.py
[2025-07-20T07:59:04.736+0000] {processor.py:840} INFO - DAG(s) 'ml_pipeline_with_dashboard' retrieved from /opt/airflow/dags/main_full_processs.py
[2025-07-20T07:59:04.759+0000] {logging_mixin.py:188} INFO - [2025-07-20T07:59:04.759+0000] {dag.py:3036} INFO - Sync 1 DAGs
[2025-07-20T07:59:04.770+0000] {logging_mixin.py:188} INFO - [2025-07-20T07:59:04.770+0000] {dag.py:3823} INFO - Setting next_dagrun for ml_pipeline_with_dashboard to None, run_after=None
[2025-07-20T07:59:04.791+0000] {processor.py:183} INFO - Processing /opt/airflow/dags/main_full_processs.py took 0.071 seconds
[2025-07-20T07:59:35.067+0000] {processor.py:161} INFO - Started process (PID=11269) to work on /opt/airflow/dags/main_full_processs.py
[2025-07-20T07:59:35.068+0000] {processor.py:830} INFO - Processing file /opt/airflow/dags/main_full_processs.py for tasks to queue
[2025-07-20T07:59:35.069+0000] {logging_mixin.py:188} INFO - [2025-07-20T07:59:35.069+0000] {dagbag.py:538} INFO - Filling up the DagBag from /opt/airflow/dags/main_full_processs.py
[2025-07-20T07:59:35.086+0000] {processor.py:840} INFO - DAG(s) 'ml_pipeline_with_dashboard' retrieved from /opt/airflow/dags/main_full_processs.py
[2025-07-20T07:59:35.141+0000] {logging_mixin.py:188} INFO - [2025-07-20T07:59:35.140+0000] {dag.py:3036} INFO - Sync 1 DAGs
[2025-07-20T07:59:35.157+0000] {logging_mixin.py:188} INFO - [2025-07-20T07:59:35.157+0000] {dag.py:3823} INFO - Setting next_dagrun for ml_pipeline_with_dashboard to None, run_after=None
[2025-07-20T07:59:35.193+0000] {processor.py:183} INFO - Processing /opt/airflow/dags/main_full_processs.py took 0.113 seconds
[2025-07-20T08:00:05.898+0000] {processor.py:161} INFO - Started process (PID=11279) to work on /opt/airflow/dags/main_full_processs.py
[2025-07-20T08:00:05.903+0000] {processor.py:830} INFO - Processing file /opt/airflow/dags/main_full_processs.py for tasks to queue
[2025-07-20T08:00:05.909+0000] {logging_mixin.py:188} INFO - [2025-07-20T08:00:05.907+0000] {dagbag.py:538} INFO - Filling up the DagBag from /opt/airflow/dags/main_full_processs.py
[2025-07-20T08:00:05.943+0000] {processor.py:840} INFO - DAG(s) 'ml_pipeline_with_dashboard' retrieved from /opt/airflow/dags/main_full_processs.py
[2025-07-20T08:00:05.970+0000] {logging_mixin.py:188} INFO - [2025-07-20T08:00:05.970+0000] {dag.py:3036} INFO - Sync 1 DAGs
[2025-07-20T08:00:05.983+0000] {logging_mixin.py:188} INFO - [2025-07-20T08:00:05.982+0000] {dag.py:3823} INFO - Setting next_dagrun for ml_pipeline_with_dashboard to None, run_after=None
[2025-07-20T08:00:06.008+0000] {processor.py:183} INFO - Processing /opt/airflow/dags/main_full_processs.py took 0.126 seconds
[2025-07-20T08:00:36.116+0000] {processor.py:161} INFO - Started process (PID=11289) to work on /opt/airflow/dags/main_full_processs.py
[2025-07-20T08:00:36.117+0000] {processor.py:830} INFO - Processing file /opt/airflow/dags/main_full_processs.py for tasks to queue
[2025-07-20T08:00:36.118+0000] {logging_mixin.py:188} INFO - [2025-07-20T08:00:36.118+0000] {dagbag.py:538} INFO - Filling up the DagBag from /opt/airflow/dags/main_full_processs.py
[2025-07-20T08:00:36.133+0000] {processor.py:840} INFO - DAG(s) 'ml_pipeline_with_dashboard' retrieved from /opt/airflow/dags/main_full_processs.py
[2025-07-20T08:00:36.187+0000] {logging_mixin.py:188} INFO - [2025-07-20T08:00:36.187+0000] {dag.py:3036} INFO - Sync 1 DAGs
[2025-07-20T08:00:36.200+0000] {logging_mixin.py:188} INFO - [2025-07-20T08:00:36.200+0000] {dag.py:3823} INFO - Setting next_dagrun for ml_pipeline_with_dashboard to None, run_after=None
[2025-07-20T08:00:36.224+0000] {processor.py:183} INFO - Processing /opt/airflow/dags/main_full_processs.py took 0.111 seconds
[2025-07-20T08:01:06.801+0000] {processor.py:161} INFO - Started process (PID=11299) to work on /opt/airflow/dags/main_full_processs.py
[2025-07-20T08:01:06.803+0000] {processor.py:830} INFO - Processing file /opt/airflow/dags/main_full_processs.py for tasks to queue
[2025-07-20T08:01:06.804+0000] {logging_mixin.py:188} INFO - [2025-07-20T08:01:06.803+0000] {dagbag.py:538} INFO - Filling up the DagBag from /opt/airflow/dags/main_full_processs.py
[2025-07-20T08:01:06.819+0000] {processor.py:840} INFO - DAG(s) 'ml_pipeline_with_dashboard' retrieved from /opt/airflow/dags/main_full_processs.py
[2025-07-20T08:01:06.851+0000] {logging_mixin.py:188} INFO - [2025-07-20T08:01:06.850+0000] {dag.py:3036} INFO - Sync 1 DAGs
[2025-07-20T08:01:06.862+0000] {logging_mixin.py:188} INFO - [2025-07-20T08:01:06.862+0000] {dag.py:3823} INFO - Setting next_dagrun for ml_pipeline_with_dashboard to None, run_after=None
[2025-07-20T08:01:06.899+0000] {processor.py:183} INFO - Processing /opt/airflow/dags/main_full_processs.py took 0.106 seconds
[2025-07-20T08:01:37.615+0000] {processor.py:161} INFO - Started process (PID=11309) to work on /opt/airflow/dags/main_full_processs.py
[2025-07-20T08:01:37.616+0000] {processor.py:830} INFO - Processing file /opt/airflow/dags/main_full_processs.py for tasks to queue
[2025-07-20T08:01:37.617+0000] {logging_mixin.py:188} INFO - [2025-07-20T08:01:37.617+0000] {dagbag.py:538} INFO - Filling up the DagBag from /opt/airflow/dags/main_full_processs.py
[2025-07-20T08:01:37.630+0000] {processor.py:840} INFO - DAG(s) 'ml_pipeline_with_dashboard' retrieved from /opt/airflow/dags/main_full_processs.py
[2025-07-20T08:01:37.662+0000] {logging_mixin.py:188} INFO - [2025-07-20T08:01:37.662+0000] {dag.py:3036} INFO - Sync 1 DAGs
[2025-07-20T08:01:37.675+0000] {logging_mixin.py:188} INFO - [2025-07-20T08:01:37.675+0000] {dag.py:3823} INFO - Setting next_dagrun for ml_pipeline_with_dashboard to None, run_after=None
[2025-07-20T08:01:37.702+0000] {processor.py:183} INFO - Processing /opt/airflow/dags/main_full_processs.py took 0.090 seconds
[2025-07-20T08:02:08.210+0000] {processor.py:161} INFO - Started process (PID=11319) to work on /opt/airflow/dags/main_full_processs.py
[2025-07-20T08:02:08.215+0000] {processor.py:830} INFO - Processing file /opt/airflow/dags/main_full_processs.py for tasks to queue
[2025-07-20T08:02:08.232+0000] {logging_mixin.py:188} INFO - [2025-07-20T08:02:08.229+0000] {dagbag.py:538} INFO - Filling up the DagBag from /opt/airflow/dags/main_full_processs.py
[2025-07-20T08:02:08.285+0000] {processor.py:840} INFO - DAG(s) 'ml_pipeline_with_dashboard' retrieved from /opt/airflow/dags/main_full_processs.py
[2025-07-20T08:02:08.323+0000] {logging_mixin.py:188} INFO - [2025-07-20T08:02:08.322+0000] {dag.py:3036} INFO - Sync 1 DAGs
[2025-07-20T08:02:08.334+0000] {logging_mixin.py:188} INFO - [2025-07-20T08:02:08.333+0000] {dag.py:3823} INFO - Setting next_dagrun for ml_pipeline_with_dashboard to None, run_after=None
[2025-07-20T08:02:08.354+0000] {processor.py:183} INFO - Processing /opt/airflow/dags/main_full_processs.py took 0.164 seconds
[2025-07-20T08:02:38.774+0000] {processor.py:161} INFO - Started process (PID=11329) to work on /opt/airflow/dags/main_full_processs.py
[2025-07-20T08:02:38.775+0000] {processor.py:830} INFO - Processing file /opt/airflow/dags/main_full_processs.py for tasks to queue
[2025-07-20T08:02:38.776+0000] {logging_mixin.py:188} INFO - [2025-07-20T08:02:38.775+0000] {dagbag.py:538} INFO - Filling up the DagBag from /opt/airflow/dags/main_full_processs.py
[2025-07-20T08:02:38.790+0000] {processor.py:840} INFO - DAG(s) 'ml_pipeline_with_dashboard' retrieved from /opt/airflow/dags/main_full_processs.py
[2025-07-20T08:02:38.825+0000] {logging_mixin.py:188} INFO - [2025-07-20T08:02:38.824+0000] {dag.py:3036} INFO - Sync 1 DAGs
[2025-07-20T08:02:38.842+0000] {logging_mixin.py:188} INFO - [2025-07-20T08:02:38.842+0000] {dag.py:3823} INFO - Setting next_dagrun for ml_pipeline_with_dashboard to None, run_after=None
[2025-07-20T08:02:38.865+0000] {processor.py:183} INFO - Processing /opt/airflow/dags/main_full_processs.py took 0.095 seconds
[2025-07-20T08:03:09.735+0000] {processor.py:161} INFO - Started process (PID=11342) to work on /opt/airflow/dags/main_full_processs.py
[2025-07-20T08:03:09.736+0000] {processor.py:830} INFO - Processing file /opt/airflow/dags/main_full_processs.py for tasks to queue
[2025-07-20T08:03:09.737+0000] {logging_mixin.py:188} INFO - [2025-07-20T08:03:09.737+0000] {dagbag.py:538} INFO - Filling up the DagBag from /opt/airflow/dags/main_full_processs.py
[2025-07-20T08:03:09.836+0000] {processor.py:840} INFO - DAG(s) 'ml_pipeline_with_dashboard' retrieved from /opt/airflow/dags/main_full_processs.py
[2025-07-20T08:03:09.947+0000] {logging_mixin.py:188} INFO - [2025-07-20T08:03:09.946+0000] {dag.py:3036} INFO - Sync 1 DAGs
[2025-07-20T08:03:09.973+0000] {logging_mixin.py:188} INFO - [2025-07-20T08:03:09.973+0000] {dag.py:3823} INFO - Setting next_dagrun for ml_pipeline_with_dashboard to None, run_after=None
[2025-07-20T08:03:10.012+0000] {processor.py:183} INFO - Processing /opt/airflow/dags/main_full_processs.py took 0.282 seconds
[2025-07-20T08:03:40.685+0000] {processor.py:161} INFO - Started process (PID=11354) to work on /opt/airflow/dags/main_full_processs.py
[2025-07-20T08:03:40.686+0000] {processor.py:830} INFO - Processing file /opt/airflow/dags/main_full_processs.py for tasks to queue
[2025-07-20T08:03:40.687+0000] {logging_mixin.py:188} INFO - [2025-07-20T08:03:40.687+0000] {dagbag.py:538} INFO - Filling up the DagBag from /opt/airflow/dags/main_full_processs.py
[2025-07-20T08:03:40.719+0000] {processor.py:840} INFO - DAG(s) 'ml_pipeline_with_dashboard' retrieved from /opt/airflow/dags/main_full_processs.py
[2025-07-20T08:03:40.751+0000] {logging_mixin.py:188} INFO - [2025-07-20T08:03:40.750+0000] {dag.py:3036} INFO - Sync 1 DAGs
[2025-07-20T08:03:40.767+0000] {logging_mixin.py:188} INFO - [2025-07-20T08:03:40.767+0000] {dag.py:3823} INFO - Setting next_dagrun for ml_pipeline_with_dashboard to None, run_after=None
[2025-07-20T08:03:40.792+0000] {processor.py:183} INFO - Processing /opt/airflow/dags/main_full_processs.py took 0.111 seconds
[2025-07-20T08:04:11.522+0000] {processor.py:161} INFO - Started process (PID=11374) to work on /opt/airflow/dags/main_full_processs.py
[2025-07-20T08:04:11.523+0000] {processor.py:830} INFO - Processing file /opt/airflow/dags/main_full_processs.py for tasks to queue
[2025-07-20T08:04:11.524+0000] {logging_mixin.py:188} INFO - [2025-07-20T08:04:11.524+0000] {dagbag.py:538} INFO - Filling up the DagBag from /opt/airflow/dags/main_full_processs.py
[2025-07-20T08:04:11.536+0000] {processor.py:840} INFO - DAG(s) 'ml_pipeline_with_dashboard' retrieved from /opt/airflow/dags/main_full_processs.py
[2025-07-20T08:04:11.546+0000] {logging_mixin.py:188} INFO - [2025-07-20T08:04:11.545+0000] {dag.py:3036} INFO - Sync 1 DAGs
[2025-07-20T08:04:11.558+0000] {logging_mixin.py:188} INFO - [2025-07-20T08:04:11.557+0000] {dag.py:3823} INFO - Setting next_dagrun for ml_pipeline_with_dashboard to None, run_after=None
[2025-07-20T08:04:11.577+0000] {processor.py:183} INFO - Processing /opt/airflow/dags/main_full_processs.py took 0.058 seconds
[2025-07-20T08:04:41.959+0000] {processor.py:161} INFO - Started process (PID=11394) to work on /opt/airflow/dags/main_full_processs.py
[2025-07-20T08:04:41.960+0000] {processor.py:830} INFO - Processing file /opt/airflow/dags/main_full_processs.py for tasks to queue
[2025-07-20T08:04:41.961+0000] {logging_mixin.py:188} INFO - [2025-07-20T08:04:41.960+0000] {dagbag.py:538} INFO - Filling up the DagBag from /opt/airflow/dags/main_full_processs.py
[2025-07-20T08:04:41.974+0000] {processor.py:840} INFO - DAG(s) 'ml_pipeline_with_dashboard' retrieved from /opt/airflow/dags/main_full_processs.py
[2025-07-20T08:04:42.136+0000] {logging_mixin.py:188} INFO - [2025-07-20T08:04:42.136+0000] {dag.py:3036} INFO - Sync 1 DAGs
[2025-07-20T08:04:42.152+0000] {logging_mixin.py:188} INFO - [2025-07-20T08:04:42.152+0000] {dag.py:3823} INFO - Setting next_dagrun for ml_pipeline_with_dashboard to None, run_after=None
[2025-07-20T08:04:42.182+0000] {processor.py:183} INFO - Processing /opt/airflow/dags/main_full_processs.py took 0.227 seconds
[2025-07-20T08:05:12.611+0000] {processor.py:161} INFO - Started process (PID=11417) to work on /opt/airflow/dags/main_full_processs.py
[2025-07-20T08:05:12.613+0000] {processor.py:830} INFO - Processing file /opt/airflow/dags/main_full_processs.py for tasks to queue
[2025-07-20T08:05:12.614+0000] {logging_mixin.py:188} INFO - [2025-07-20T08:05:12.614+0000] {dagbag.py:538} INFO - Filling up the DagBag from /opt/airflow/dags/main_full_processs.py
[2025-07-20T08:05:12.627+0000] {processor.py:840} INFO - DAG(s) 'ml_pipeline_with_dashboard' retrieved from /opt/airflow/dags/main_full_processs.py
[2025-07-20T08:05:12.657+0000] {logging_mixin.py:188} INFO - [2025-07-20T08:05:12.657+0000] {dag.py:3036} INFO - Sync 1 DAGs
[2025-07-20T08:05:12.675+0000] {logging_mixin.py:188} INFO - [2025-07-20T08:05:12.675+0000] {dag.py:3823} INFO - Setting next_dagrun for ml_pipeline_with_dashboard to None, run_after=None
[2025-07-20T08:05:12.698+0000] {processor.py:183} INFO - Processing /opt/airflow/dags/main_full_processs.py took 0.089 seconds
[2025-07-20T08:05:43.249+0000] {processor.py:161} INFO - Started process (PID=11453) to work on /opt/airflow/dags/main_full_processs.py
[2025-07-20T08:05:43.250+0000] {processor.py:830} INFO - Processing file /opt/airflow/dags/main_full_processs.py for tasks to queue
[2025-07-20T08:05:43.251+0000] {logging_mixin.py:188} INFO - [2025-07-20T08:05:43.251+0000] {dagbag.py:538} INFO - Filling up the DagBag from /opt/airflow/dags/main_full_processs.py
[2025-07-20T08:05:43.263+0000] {processor.py:840} INFO - DAG(s) 'ml_pipeline_with_dashboard' retrieved from /opt/airflow/dags/main_full_processs.py
[2025-07-20T08:05:43.286+0000] {logging_mixin.py:188} INFO - [2025-07-20T08:05:43.286+0000] {dag.py:3036} INFO - Sync 1 DAGs
[2025-07-20T08:05:43.297+0000] {logging_mixin.py:188} INFO - [2025-07-20T08:05:43.297+0000] {dag.py:3823} INFO - Setting next_dagrun for ml_pipeline_with_dashboard to None, run_after=None
[2025-07-20T08:05:43.317+0000] {processor.py:183} INFO - Processing /opt/airflow/dags/main_full_processs.py took 0.070 seconds
[2025-07-20T08:06:13.971+0000] {processor.py:161} INFO - Started process (PID=11468) to work on /opt/airflow/dags/main_full_processs.py
[2025-07-20T08:06:13.972+0000] {processor.py:830} INFO - Processing file /opt/airflow/dags/main_full_processs.py for tasks to queue
[2025-07-20T08:06:13.973+0000] {logging_mixin.py:188} INFO - [2025-07-20T08:06:13.973+0000] {dagbag.py:538} INFO - Filling up the DagBag from /opt/airflow/dags/main_full_processs.py
[2025-07-20T08:06:13.984+0000] {processor.py:840} INFO - DAG(s) 'ml_pipeline_with_dashboard' retrieved from /opt/airflow/dags/main_full_processs.py
[2025-07-20T08:06:14.009+0000] {logging_mixin.py:188} INFO - [2025-07-20T08:06:14.009+0000] {dag.py:3036} INFO - Sync 1 DAGs
[2025-07-20T08:06:14.021+0000] {logging_mixin.py:188} INFO - [2025-07-20T08:06:14.020+0000] {dag.py:3823} INFO - Setting next_dagrun for ml_pipeline_with_dashboard to None, run_after=None
[2025-07-20T08:06:14.040+0000] {processor.py:183} INFO - Processing /opt/airflow/dags/main_full_processs.py took 0.072 seconds
[2025-07-20T08:06:44.632+0000] {processor.py:161} INFO - Started process (PID=11483) to work on /opt/airflow/dags/main_full_processs.py
[2025-07-20T08:06:44.633+0000] {processor.py:830} INFO - Processing file /opt/airflow/dags/main_full_processs.py for tasks to queue
[2025-07-20T08:06:44.634+0000] {logging_mixin.py:188} INFO - [2025-07-20T08:06:44.634+0000] {dagbag.py:538} INFO - Filling up the DagBag from /opt/airflow/dags/main_full_processs.py
[2025-07-20T08:06:44.645+0000] {processor.py:840} INFO - DAG(s) 'ml_pipeline_with_dashboard' retrieved from /opt/airflow/dags/main_full_processs.py
[2025-07-20T08:06:44.670+0000] {logging_mixin.py:188} INFO - [2025-07-20T08:06:44.670+0000] {dag.py:3036} INFO - Sync 1 DAGs
[2025-07-20T08:06:44.682+0000] {logging_mixin.py:188} INFO - [2025-07-20T08:06:44.682+0000] {dag.py:3823} INFO - Setting next_dagrun for ml_pipeline_with_dashboard to None, run_after=None
[2025-07-20T08:06:44.702+0000] {processor.py:183} INFO - Processing /opt/airflow/dags/main_full_processs.py took 0.073 seconds
[2025-07-20T08:07:15.258+0000] {processor.py:161} INFO - Started process (PID=11498) to work on /opt/airflow/dags/main_full_processs.py
[2025-07-20T08:07:15.259+0000] {processor.py:830} INFO - Processing file /opt/airflow/dags/main_full_processs.py for tasks to queue
[2025-07-20T08:07:15.260+0000] {logging_mixin.py:188} INFO - [2025-07-20T08:07:15.259+0000] {dagbag.py:538} INFO - Filling up the DagBag from /opt/airflow/dags/main_full_processs.py
[2025-07-20T08:07:15.270+0000] {processor.py:840} INFO - DAG(s) 'ml_pipeline_with_dashboard' retrieved from /opt/airflow/dags/main_full_processs.py
[2025-07-20T08:07:15.294+0000] {logging_mixin.py:188} INFO - [2025-07-20T08:07:15.294+0000] {dag.py:3036} INFO - Sync 1 DAGs
[2025-07-20T08:07:15.304+0000] {logging_mixin.py:188} INFO - [2025-07-20T08:07:15.304+0000] {dag.py:3823} INFO - Setting next_dagrun for ml_pipeline_with_dashboard to None, run_after=None
[2025-07-20T08:07:15.323+0000] {processor.py:183} INFO - Processing /opt/airflow/dags/main_full_processs.py took 0.067 seconds
[2025-07-20T08:07:45.920+0000] {processor.py:161} INFO - Started process (PID=11513) to work on /opt/airflow/dags/main_full_processs.py
[2025-07-20T08:07:45.921+0000] {processor.py:830} INFO - Processing file /opt/airflow/dags/main_full_processs.py for tasks to queue
[2025-07-20T08:07:45.922+0000] {logging_mixin.py:188} INFO - [2025-07-20T08:07:45.922+0000] {dagbag.py:538} INFO - Filling up the DagBag from /opt/airflow/dags/main_full_processs.py
[2025-07-20T08:07:45.933+0000] {processor.py:840} INFO - DAG(s) 'ml_pipeline_with_dashboard' retrieved from /opt/airflow/dags/main_full_processs.py
[2025-07-20T08:07:45.995+0000] {logging_mixin.py:188} INFO - [2025-07-20T08:07:45.995+0000] {dag.py:3036} INFO - Sync 1 DAGs
[2025-07-20T08:07:46.008+0000] {logging_mixin.py:188} INFO - [2025-07-20T08:07:46.008+0000] {dag.py:3823} INFO - Setting next_dagrun for ml_pipeline_with_dashboard to None, run_after=None
[2025-07-20T08:07:46.034+0000] {processor.py:183} INFO - Processing /opt/airflow/dags/main_full_processs.py took 0.117 seconds
[2025-07-20T08:08:16.245+0000] {processor.py:161} INFO - Started process (PID=11528) to work on /opt/airflow/dags/main_full_processs.py
[2025-07-20T08:08:16.246+0000] {processor.py:830} INFO - Processing file /opt/airflow/dags/main_full_processs.py for tasks to queue
[2025-07-20T08:08:16.247+0000] {logging_mixin.py:188} INFO - [2025-07-20T08:08:16.246+0000] {dagbag.py:538} INFO - Filling up the DagBag from /opt/airflow/dags/main_full_processs.py
[2025-07-20T08:08:16.258+0000] {processor.py:840} INFO - DAG(s) 'ml_pipeline_with_dashboard' retrieved from /opt/airflow/dags/main_full_processs.py
[2025-07-20T08:08:16.362+0000] {logging_mixin.py:188} INFO - [2025-07-20T08:08:16.362+0000] {dag.py:3036} INFO - Sync 1 DAGs
[2025-07-20T08:08:16.375+0000] {logging_mixin.py:188} INFO - [2025-07-20T08:08:16.375+0000] {dag.py:3823} INFO - Setting next_dagrun for ml_pipeline_with_dashboard to None, run_after=None
[2025-07-20T08:08:16.393+0000] {processor.py:183} INFO - Processing /opt/airflow/dags/main_full_processs.py took 0.151 seconds
[2025-07-20T08:08:46.698+0000] {processor.py:161} INFO - Started process (PID=11543) to work on /opt/airflow/dags/main_full_processs.py
[2025-07-20T08:08:46.699+0000] {processor.py:830} INFO - Processing file /opt/airflow/dags/main_full_processs.py for tasks to queue
[2025-07-20T08:08:46.700+0000] {logging_mixin.py:188} INFO - [2025-07-20T08:08:46.700+0000] {dagbag.py:538} INFO - Filling up the DagBag from /opt/airflow/dags/main_full_processs.py
[2025-07-20T08:08:46.711+0000] {processor.py:840} INFO - DAG(s) 'ml_pipeline_with_dashboard' retrieved from /opt/airflow/dags/main_full_processs.py
[2025-07-20T08:08:46.735+0000] {logging_mixin.py:188} INFO - [2025-07-20T08:08:46.735+0000] {dag.py:3036} INFO - Sync 1 DAGs
[2025-07-20T08:08:46.746+0000] {logging_mixin.py:188} INFO - [2025-07-20T08:08:46.746+0000] {dag.py:3823} INFO - Setting next_dagrun for ml_pipeline_with_dashboard to None, run_after=None
[2025-07-20T08:08:46.767+0000] {processor.py:183} INFO - Processing /opt/airflow/dags/main_full_processs.py took 0.071 seconds
[2025-07-20T08:09:17.264+0000] {processor.py:161} INFO - Started process (PID=11558) to work on /opt/airflow/dags/main_full_processs.py
[2025-07-20T08:09:17.265+0000] {processor.py:830} INFO - Processing file /opt/airflow/dags/main_full_processs.py for tasks to queue
[2025-07-20T08:09:17.266+0000] {logging_mixin.py:188} INFO - [2025-07-20T08:09:17.266+0000] {dagbag.py:538} INFO - Filling up the DagBag from /opt/airflow/dags/main_full_processs.py
[2025-07-20T08:09:17.277+0000] {processor.py:840} INFO - DAG(s) 'ml_pipeline_with_dashboard' retrieved from /opt/airflow/dags/main_full_processs.py
[2025-07-20T08:09:17.301+0000] {logging_mixin.py:188} INFO - [2025-07-20T08:09:17.301+0000] {dag.py:3036} INFO - Sync 1 DAGs
[2025-07-20T08:09:17.312+0000] {logging_mixin.py:188} INFO - [2025-07-20T08:09:17.312+0000] {dag.py:3823} INFO - Setting next_dagrun for ml_pipeline_with_dashboard to None, run_after=None
[2025-07-20T08:09:17.331+0000] {processor.py:183} INFO - Processing /opt/airflow/dags/main_full_processs.py took 0.070 seconds
[2025-07-20T08:09:47.834+0000] {processor.py:161} INFO - Started process (PID=11573) to work on /opt/airflow/dags/main_full_processs.py
[2025-07-20T08:09:47.835+0000] {processor.py:830} INFO - Processing file /opt/airflow/dags/main_full_processs.py for tasks to queue
[2025-07-20T08:09:47.836+0000] {logging_mixin.py:188} INFO - [2025-07-20T08:09:47.836+0000] {dagbag.py:538} INFO - Filling up the DagBag from /opt/airflow/dags/main_full_processs.py
[2025-07-20T08:09:47.847+0000] {processor.py:840} INFO - DAG(s) 'ml_pipeline_with_dashboard' retrieved from /opt/airflow/dags/main_full_processs.py
[2025-07-20T08:09:47.871+0000] {logging_mixin.py:188} INFO - [2025-07-20T08:09:47.871+0000] {dag.py:3036} INFO - Sync 1 DAGs
[2025-07-20T08:09:47.882+0000] {logging_mixin.py:188} INFO - [2025-07-20T08:09:47.882+0000] {dag.py:3823} INFO - Setting next_dagrun for ml_pipeline_with_dashboard to None, run_after=None
[2025-07-20T08:09:47.899+0000] {processor.py:183} INFO - Processing /opt/airflow/dags/main_full_processs.py took 0.068 seconds
[2025-07-20T08:10:18.436+0000] {processor.py:161} INFO - Started process (PID=11588) to work on /opt/airflow/dags/main_full_processs.py
[2025-07-20T08:10:18.437+0000] {processor.py:830} INFO - Processing file /opt/airflow/dags/main_full_processs.py for tasks to queue
[2025-07-20T08:10:18.438+0000] {logging_mixin.py:188} INFO - [2025-07-20T08:10:18.438+0000] {dagbag.py:538} INFO - Filling up the DagBag from /opt/airflow/dags/main_full_processs.py
[2025-07-20T08:10:18.450+0000] {processor.py:840} INFO - DAG(s) 'ml_pipeline_with_dashboard' retrieved from /opt/airflow/dags/main_full_processs.py
[2025-07-20T08:10:18.474+0000] {logging_mixin.py:188} INFO - [2025-07-20T08:10:18.474+0000] {dag.py:3036} INFO - Sync 1 DAGs
[2025-07-20T08:10:18.484+0000] {logging_mixin.py:188} INFO - [2025-07-20T08:10:18.484+0000] {dag.py:3823} INFO - Setting next_dagrun for ml_pipeline_with_dashboard to None, run_after=None
[2025-07-20T08:10:18.502+0000] {processor.py:183} INFO - Processing /opt/airflow/dags/main_full_processs.py took 0.069 seconds
[2025-07-20T08:10:48.865+0000] {processor.py:161} INFO - Started process (PID=11603) to work on /opt/airflow/dags/main_full_processs.py
[2025-07-20T08:10:48.866+0000] {processor.py:830} INFO - Processing file /opt/airflow/dags/main_full_processs.py for tasks to queue
[2025-07-20T08:10:48.867+0000] {logging_mixin.py:188} INFO - [2025-07-20T08:10:48.867+0000] {dagbag.py:538} INFO - Filling up the DagBag from /opt/airflow/dags/main_full_processs.py
[2025-07-20T08:10:48.899+0000] {processor.py:840} INFO - DAG(s) 'ml_pipeline_with_dashboard' retrieved from /opt/airflow/dags/main_full_processs.py
[2025-07-20T08:10:48.923+0000] {logging_mixin.py:188} INFO - [2025-07-20T08:10:48.923+0000] {dag.py:3036} INFO - Sync 1 DAGs
[2025-07-20T08:10:48.934+0000] {logging_mixin.py:188} INFO - [2025-07-20T08:10:48.934+0000] {dag.py:3823} INFO - Setting next_dagrun for ml_pipeline_with_dashboard to None, run_after=None
[2025-07-20T08:10:48.958+0000] {processor.py:183} INFO - Processing /opt/airflow/dags/main_full_processs.py took 0.096 seconds
[2025-07-20T08:11:19.548+0000] {processor.py:161} INFO - Started process (PID=11618) to work on /opt/airflow/dags/main_full_processs.py
[2025-07-20T08:11:19.549+0000] {processor.py:830} INFO - Processing file /opt/airflow/dags/main_full_processs.py for tasks to queue
[2025-07-20T08:11:19.549+0000] {logging_mixin.py:188} INFO - [2025-07-20T08:11:19.549+0000] {dagbag.py:538} INFO - Filling up the DagBag from /opt/airflow/dags/main_full_processs.py
[2025-07-20T08:11:19.560+0000] {processor.py:840} INFO - DAG(s) 'ml_pipeline_with_dashboard' retrieved from /opt/airflow/dags/main_full_processs.py
[2025-07-20T08:11:19.583+0000] {logging_mixin.py:188} INFO - [2025-07-20T08:11:19.583+0000] {dag.py:3036} INFO - Sync 1 DAGs
[2025-07-20T08:11:19.595+0000] {logging_mixin.py:188} INFO - [2025-07-20T08:11:19.594+0000] {dag.py:3823} INFO - Setting next_dagrun for ml_pipeline_with_dashboard to None, run_after=None
[2025-07-20T08:11:19.618+0000] {processor.py:183} INFO - Processing /opt/airflow/dags/main_full_processs.py took 0.073 seconds
[2025-07-20T08:11:50.288+0000] {processor.py:161} INFO - Started process (PID=11633) to work on /opt/airflow/dags/main_full_processs.py
[2025-07-20T08:11:50.289+0000] {processor.py:830} INFO - Processing file /opt/airflow/dags/main_full_processs.py for tasks to queue
[2025-07-20T08:11:50.291+0000] {logging_mixin.py:188} INFO - [2025-07-20T08:11:50.290+0000] {dagbag.py:538} INFO - Filling up the DagBag from /opt/airflow/dags/main_full_processs.py
[2025-07-20T08:11:50.302+0000] {processor.py:840} INFO - DAG(s) 'ml_pipeline_with_dashboard' retrieved from /opt/airflow/dags/main_full_processs.py
[2025-07-20T08:11:50.329+0000] {logging_mixin.py:188} INFO - [2025-07-20T08:11:50.328+0000] {dag.py:3036} INFO - Sync 1 DAGs
[2025-07-20T08:11:50.340+0000] {logging_mixin.py:188} INFO - [2025-07-20T08:11:50.340+0000] {dag.py:3823} INFO - Setting next_dagrun for ml_pipeline_with_dashboard to None, run_after=None
[2025-07-20T08:11:50.360+0000] {processor.py:183} INFO - Processing /opt/airflow/dags/main_full_processs.py took 0.075 seconds
[2025-07-20T08:12:21.117+0000] {processor.py:161} INFO - Started process (PID=11648) to work on /opt/airflow/dags/main_full_processs.py
[2025-07-20T08:12:21.118+0000] {processor.py:830} INFO - Processing file /opt/airflow/dags/main_full_processs.py for tasks to queue
[2025-07-20T08:12:21.119+0000] {logging_mixin.py:188} INFO - [2025-07-20T08:12:21.118+0000] {dagbag.py:538} INFO - Filling up the DagBag from /opt/airflow/dags/main_full_processs.py
[2025-07-20T08:12:21.130+0000] {processor.py:840} INFO - DAG(s) 'ml_pipeline_with_dashboard' retrieved from /opt/airflow/dags/main_full_processs.py
[2025-07-20T08:12:21.153+0000] {logging_mixin.py:188} INFO - [2025-07-20T08:12:21.153+0000] {dag.py:3036} INFO - Sync 1 DAGs
[2025-07-20T08:12:21.164+0000] {logging_mixin.py:188} INFO - [2025-07-20T08:12:21.164+0000] {dag.py:3823} INFO - Setting next_dagrun for ml_pipeline_with_dashboard to None, run_after=None
[2025-07-20T08:12:21.181+0000] {processor.py:183} INFO - Processing /opt/airflow/dags/main_full_processs.py took 0.067 seconds
[2025-07-20T08:12:51.674+0000] {processor.py:161} INFO - Started process (PID=11663) to work on /opt/airflow/dags/main_full_processs.py
[2025-07-20T08:12:51.675+0000] {processor.py:830} INFO - Processing file /opt/airflow/dags/main_full_processs.py for tasks to queue
[2025-07-20T08:12:51.676+0000] {logging_mixin.py:188} INFO - [2025-07-20T08:12:51.676+0000] {dagbag.py:538} INFO - Filling up the DagBag from /opt/airflow/dags/main_full_processs.py
[2025-07-20T08:12:51.688+0000] {processor.py:840} INFO - DAG(s) 'ml_pipeline_with_dashboard' retrieved from /opt/airflow/dags/main_full_processs.py
[2025-07-20T08:12:51.712+0000] {logging_mixin.py:188} INFO - [2025-07-20T08:12:51.712+0000] {dag.py:3036} INFO - Sync 1 DAGs
[2025-07-20T08:12:51.743+0000] {logging_mixin.py:188} INFO - [2025-07-20T08:12:51.743+0000] {dag.py:3823} INFO - Setting next_dagrun for ml_pipeline_with_dashboard to None, run_after=None
[2025-07-20T08:12:51.761+0000] {processor.py:183} INFO - Processing /opt/airflow/dags/main_full_processs.py took 0.091 seconds
[2025-07-20T08:13:22.392+0000] {processor.py:161} INFO - Started process (PID=11678) to work on /opt/airflow/dags/main_full_processs.py
[2025-07-20T08:13:22.393+0000] {processor.py:830} INFO - Processing file /opt/airflow/dags/main_full_processs.py for tasks to queue
[2025-07-20T08:13:22.394+0000] {logging_mixin.py:188} INFO - [2025-07-20T08:13:22.393+0000] {dagbag.py:538} INFO - Filling up the DagBag from /opt/airflow/dags/main_full_processs.py
[2025-07-20T08:13:22.404+0000] {processor.py:840} INFO - DAG(s) 'ml_pipeline_with_dashboard' retrieved from /opt/airflow/dags/main_full_processs.py
[2025-07-20T08:13:22.496+0000] {logging_mixin.py:188} INFO - [2025-07-20T08:13:22.496+0000] {dag.py:3036} INFO - Sync 1 DAGs
[2025-07-20T08:13:22.508+0000] {logging_mixin.py:188} INFO - [2025-07-20T08:13:22.508+0000] {dag.py:3823} INFO - Setting next_dagrun for ml_pipeline_with_dashboard to None, run_after=None
[2025-07-20T08:13:22.528+0000] {processor.py:183} INFO - Processing /opt/airflow/dags/main_full_processs.py took 0.138 seconds
[2025-07-20T08:13:53.026+0000] {processor.py:161} INFO - Started process (PID=11693) to work on /opt/airflow/dags/main_full_processs.py
[2025-07-20T08:13:53.027+0000] {processor.py:830} INFO - Processing file /opt/airflow/dags/main_full_processs.py for tasks to queue
[2025-07-20T08:13:53.027+0000] {logging_mixin.py:188} INFO - [2025-07-20T08:13:53.027+0000] {dagbag.py:538} INFO - Filling up the DagBag from /opt/airflow/dags/main_full_processs.py
[2025-07-20T08:13:53.038+0000] {processor.py:840} INFO - DAG(s) 'ml_pipeline_with_dashboard' retrieved from /opt/airflow/dags/main_full_processs.py
[2025-07-20T08:13:53.201+0000] {logging_mixin.py:188} INFO - [2025-07-20T08:13:53.201+0000] {dag.py:3036} INFO - Sync 1 DAGs
[2025-07-20T08:13:53.217+0000] {logging_mixin.py:188} INFO - [2025-07-20T08:13:53.216+0000] {dag.py:3823} INFO - Setting next_dagrun for ml_pipeline_with_dashboard to None, run_after=None
[2025-07-20T08:13:53.240+0000] {processor.py:183} INFO - Processing /opt/airflow/dags/main_full_processs.py took 0.216 seconds
[2025-07-20T08:14:23.930+0000] {processor.py:161} INFO - Started process (PID=11708) to work on /opt/airflow/dags/main_full_processs.py
[2025-07-20T08:14:23.931+0000] {processor.py:830} INFO - Processing file /opt/airflow/dags/main_full_processs.py for tasks to queue
[2025-07-20T08:14:23.931+0000] {logging_mixin.py:188} INFO - [2025-07-20T08:14:23.931+0000] {dagbag.py:538} INFO - Filling up the DagBag from /opt/airflow/dags/main_full_processs.py
[2025-07-20T08:14:23.942+0000] {processor.py:840} INFO - DAG(s) 'ml_pipeline_with_dashboard' retrieved from /opt/airflow/dags/main_full_processs.py
[2025-07-20T08:14:23.967+0000] {logging_mixin.py:188} INFO - [2025-07-20T08:14:23.967+0000] {dag.py:3036} INFO - Sync 1 DAGs
[2025-07-20T08:14:23.979+0000] {logging_mixin.py:188} INFO - [2025-07-20T08:14:23.979+0000] {dag.py:3823} INFO - Setting next_dagrun for ml_pipeline_with_dashboard to None, run_after=None
[2025-07-20T08:14:24.000+0000] {processor.py:183} INFO - Processing /opt/airflow/dags/main_full_processs.py took 0.073 seconds
[2025-07-20T08:14:54.492+0000] {processor.py:161} INFO - Started process (PID=11723) to work on /opt/airflow/dags/main_full_processs.py
[2025-07-20T08:14:54.493+0000] {processor.py:830} INFO - Processing file /opt/airflow/dags/main_full_processs.py for tasks to queue
[2025-07-20T08:14:54.493+0000] {logging_mixin.py:188} INFO - [2025-07-20T08:14:54.493+0000] {dagbag.py:538} INFO - Filling up the DagBag from /opt/airflow/dags/main_full_processs.py
[2025-07-20T08:14:54.504+0000] {processor.py:840} INFO - DAG(s) 'ml_pipeline_with_dashboard' retrieved from /opt/airflow/dags/main_full_processs.py
[2025-07-20T08:14:54.685+0000] {logging_mixin.py:188} INFO - [2025-07-20T08:14:54.684+0000] {dag.py:3036} INFO - Sync 1 DAGs
[2025-07-20T08:14:54.698+0000] {logging_mixin.py:188} INFO - [2025-07-20T08:14:54.697+0000] {dag.py:3823} INFO - Setting next_dagrun for ml_pipeline_with_dashboard to None, run_after=None
[2025-07-20T08:14:54.716+0000] {processor.py:183} INFO - Processing /opt/airflow/dags/main_full_processs.py took 0.228 seconds
[2025-07-20T08:15:25.199+0000] {processor.py:161} INFO - Started process (PID=11738) to work on /opt/airflow/dags/main_full_processs.py
[2025-07-20T08:15:25.200+0000] {processor.py:830} INFO - Processing file /opt/airflow/dags/main_full_processs.py for tasks to queue
[2025-07-20T08:15:25.201+0000] {logging_mixin.py:188} INFO - [2025-07-20T08:15:25.200+0000] {dagbag.py:538} INFO - Filling up the DagBag from /opt/airflow/dags/main_full_processs.py
[2025-07-20T08:15:25.211+0000] {processor.py:840} INFO - DAG(s) 'ml_pipeline_with_dashboard' retrieved from /opt/airflow/dags/main_full_processs.py
[2025-07-20T08:15:25.234+0000] {logging_mixin.py:188} INFO - [2025-07-20T08:15:25.234+0000] {dag.py:3036} INFO - Sync 1 DAGs
[2025-07-20T08:15:25.245+0000] {logging_mixin.py:188} INFO - [2025-07-20T08:15:25.245+0000] {dag.py:3823} INFO - Setting next_dagrun for ml_pipeline_with_dashboard to None, run_after=None
[2025-07-20T08:15:25.264+0000] {processor.py:183} INFO - Processing /opt/airflow/dags/main_full_processs.py took 0.067 seconds
[2025-07-20T08:15:55.763+0000] {processor.py:161} INFO - Started process (PID=11753) to work on /opt/airflow/dags/main_full_processs.py
[2025-07-20T08:15:55.764+0000] {processor.py:830} INFO - Processing file /opt/airflow/dags/main_full_processs.py for tasks to queue
[2025-07-20T08:15:55.765+0000] {logging_mixin.py:188} INFO - [2025-07-20T08:15:55.765+0000] {dagbag.py:538} INFO - Filling up the DagBag from /opt/airflow/dags/main_full_processs.py
[2025-07-20T08:15:55.777+0000] {processor.py:840} INFO - DAG(s) 'ml_pipeline_with_dashboard' retrieved from /opt/airflow/dags/main_full_processs.py
[2025-07-20T08:15:55.802+0000] {logging_mixin.py:188} INFO - [2025-07-20T08:15:55.802+0000] {dag.py:3036} INFO - Sync 1 DAGs
[2025-07-20T08:15:55.813+0000] {logging_mixin.py:188} INFO - [2025-07-20T08:15:55.813+0000] {dag.py:3823} INFO - Setting next_dagrun for ml_pipeline_with_dashboard to None, run_after=None
[2025-07-20T08:15:55.832+0000] {processor.py:183} INFO - Processing /opt/airflow/dags/main_full_processs.py took 0.072 seconds
[2025-07-20T08:16:26.422+0000] {processor.py:161} INFO - Started process (PID=11768) to work on /opt/airflow/dags/main_full_processs.py
[2025-07-20T08:16:26.423+0000] {processor.py:830} INFO - Processing file /opt/airflow/dags/main_full_processs.py for tasks to queue
[2025-07-20T08:16:26.424+0000] {logging_mixin.py:188} INFO - [2025-07-20T08:16:26.423+0000] {dagbag.py:538} INFO - Filling up the DagBag from /opt/airflow/dags/main_full_processs.py
[2025-07-20T08:16:26.434+0000] {processor.py:840} INFO - DAG(s) 'ml_pipeline_with_dashboard' retrieved from /opt/airflow/dags/main_full_processs.py
[2025-07-20T08:16:26.458+0000] {logging_mixin.py:188} INFO - [2025-07-20T08:16:26.458+0000] {dag.py:3036} INFO - Sync 1 DAGs
[2025-07-20T08:16:26.469+0000] {logging_mixin.py:188} INFO - [2025-07-20T08:16:26.469+0000] {dag.py:3823} INFO - Setting next_dagrun for ml_pipeline_with_dashboard to None, run_after=None
[2025-07-20T08:16:26.489+0000] {processor.py:183} INFO - Processing /opt/airflow/dags/main_full_processs.py took 0.070 seconds
[2025-07-20T08:16:57.056+0000] {processor.py:161} INFO - Started process (PID=11783) to work on /opt/airflow/dags/main_full_processs.py
[2025-07-20T08:16:57.057+0000] {processor.py:830} INFO - Processing file /opt/airflow/dags/main_full_processs.py for tasks to queue
[2025-07-20T08:16:57.058+0000] {logging_mixin.py:188} INFO - [2025-07-20T08:16:57.058+0000] {dagbag.py:538} INFO - Filling up the DagBag from /opt/airflow/dags/main_full_processs.py
[2025-07-20T08:16:57.071+0000] {processor.py:840} INFO - DAG(s) 'ml_pipeline_with_dashboard' retrieved from /opt/airflow/dags/main_full_processs.py
[2025-07-20T08:16:57.099+0000] {logging_mixin.py:188} INFO - [2025-07-20T08:16:57.099+0000] {dag.py:3036} INFO - Sync 1 DAGs
[2025-07-20T08:16:57.113+0000] {logging_mixin.py:188} INFO - [2025-07-20T08:16:57.112+0000] {dag.py:3823} INFO - Setting next_dagrun for ml_pipeline_with_dashboard to None, run_after=None
[2025-07-20T08:16:57.133+0000] {processor.py:183} INFO - Processing /opt/airflow/dags/main_full_processs.py took 0.080 seconds
[2025-07-20T08:17:27.803+0000] {processor.py:161} INFO - Started process (PID=11798) to work on /opt/airflow/dags/main_full_processs.py
[2025-07-20T08:17:27.804+0000] {processor.py:830} INFO - Processing file /opt/airflow/dags/main_full_processs.py for tasks to queue
[2025-07-20T08:17:27.805+0000] {logging_mixin.py:188} INFO - [2025-07-20T08:17:27.805+0000] {dagbag.py:538} INFO - Filling up the DagBag from /opt/airflow/dags/main_full_processs.py
[2025-07-20T08:17:27.816+0000] {processor.py:840} INFO - DAG(s) 'ml_pipeline_with_dashboard' retrieved from /opt/airflow/dags/main_full_processs.py
[2025-07-20T08:17:27.841+0000] {logging_mixin.py:188} INFO - [2025-07-20T08:17:27.841+0000] {dag.py:3036} INFO - Sync 1 DAGs
[2025-07-20T08:17:27.852+0000] {logging_mixin.py:188} INFO - [2025-07-20T08:17:27.852+0000] {dag.py:3823} INFO - Setting next_dagrun for ml_pipeline_with_dashboard to None, run_after=None
[2025-07-20T08:17:27.872+0000] {processor.py:183} INFO - Processing /opt/airflow/dags/main_full_processs.py took 0.071 seconds
[2025-07-20T08:17:58.507+0000] {processor.py:161} INFO - Started process (PID=11813) to work on /opt/airflow/dags/main_full_processs.py
[2025-07-20T08:17:58.508+0000] {processor.py:830} INFO - Processing file /opt/airflow/dags/main_full_processs.py for tasks to queue
[2025-07-20T08:17:58.509+0000] {logging_mixin.py:188} INFO - [2025-07-20T08:17:58.509+0000] {dagbag.py:538} INFO - Filling up the DagBag from /opt/airflow/dags/main_full_processs.py
[2025-07-20T08:17:58.520+0000] {processor.py:840} INFO - DAG(s) 'ml_pipeline_with_dashboard' retrieved from /opt/airflow/dags/main_full_processs.py
[2025-07-20T08:17:58.544+0000] {logging_mixin.py:188} INFO - [2025-07-20T08:17:58.544+0000] {dag.py:3036} INFO - Sync 1 DAGs
[2025-07-20T08:17:58.555+0000] {logging_mixin.py:188} INFO - [2025-07-20T08:17:58.555+0000] {dag.py:3823} INFO - Setting next_dagrun for ml_pipeline_with_dashboard to None, run_after=None
[2025-07-20T08:17:58.574+0000] {processor.py:183} INFO - Processing /opt/airflow/dags/main_full_processs.py took 0.070 seconds
[2025-07-20T08:18:29.206+0000] {processor.py:161} INFO - Started process (PID=11828) to work on /opt/airflow/dags/main_full_processs.py
[2025-07-20T08:18:29.207+0000] {processor.py:830} INFO - Processing file /opt/airflow/dags/main_full_processs.py for tasks to queue
[2025-07-20T08:18:29.208+0000] {logging_mixin.py:188} INFO - [2025-07-20T08:18:29.207+0000] {dagbag.py:538} INFO - Filling up the DagBag from /opt/airflow/dags/main_full_processs.py
[2025-07-20T08:18:29.218+0000] {processor.py:840} INFO - DAG(s) 'ml_pipeline_with_dashboard' retrieved from /opt/airflow/dags/main_full_processs.py
[2025-07-20T08:18:29.243+0000] {logging_mixin.py:188} INFO - [2025-07-20T08:18:29.242+0000] {dag.py:3036} INFO - Sync 1 DAGs
[2025-07-20T08:18:29.253+0000] {logging_mixin.py:188} INFO - [2025-07-20T08:18:29.253+0000] {dag.py:3823} INFO - Setting next_dagrun for ml_pipeline_with_dashboard to None, run_after=None
[2025-07-20T08:18:29.274+0000] {processor.py:183} INFO - Processing /opt/airflow/dags/main_full_processs.py took 0.071 seconds
[2025-07-20T08:18:59.870+0000] {processor.py:161} INFO - Started process (PID=11843) to work on /opt/airflow/dags/main_full_processs.py
[2025-07-20T08:18:59.871+0000] {processor.py:830} INFO - Processing file /opt/airflow/dags/main_full_processs.py for tasks to queue
[2025-07-20T08:18:59.872+0000] {logging_mixin.py:188} INFO - [2025-07-20T08:18:59.871+0000] {dagbag.py:538} INFO - Filling up the DagBag from /opt/airflow/dags/main_full_processs.py
[2025-07-20T08:18:59.883+0000] {processor.py:840} INFO - DAG(s) 'ml_pipeline_with_dashboard' retrieved from /opt/airflow/dags/main_full_processs.py
[2025-07-20T08:18:59.907+0000] {logging_mixin.py:188} INFO - [2025-07-20T08:18:59.907+0000] {dag.py:3036} INFO - Sync 1 DAGs
[2025-07-20T08:18:59.919+0000] {logging_mixin.py:188} INFO - [2025-07-20T08:18:59.918+0000] {dag.py:3823} INFO - Setting next_dagrun for ml_pipeline_with_dashboard to None, run_after=None
[2025-07-20T08:18:59.938+0000] {processor.py:183} INFO - Processing /opt/airflow/dags/main_full_processs.py took 0.071 seconds
[2025-07-20T08:19:30.513+0000] {processor.py:161} INFO - Started process (PID=11858) to work on /opt/airflow/dags/main_full_processs.py
[2025-07-20T08:19:30.514+0000] {processor.py:830} INFO - Processing file /opt/airflow/dags/main_full_processs.py for tasks to queue
[2025-07-20T08:19:30.515+0000] {logging_mixin.py:188} INFO - [2025-07-20T08:19:30.515+0000] {dagbag.py:538} INFO - Filling up the DagBag from /opt/airflow/dags/main_full_processs.py
[2025-07-20T08:19:30.526+0000] {processor.py:840} INFO - DAG(s) 'ml_pipeline_with_dashboard' retrieved from /opt/airflow/dags/main_full_processs.py
[2025-07-20T08:19:30.832+0000] {logging_mixin.py:188} INFO - [2025-07-20T08:19:30.832+0000] {dag.py:3036} INFO - Sync 1 DAGs
[2025-07-20T08:19:30.845+0000] {logging_mixin.py:188} INFO - [2025-07-20T08:19:30.845+0000] {dag.py:3823} INFO - Setting next_dagrun for ml_pipeline_with_dashboard to None, run_after=None
[2025-07-20T08:19:30.865+0000] {processor.py:183} INFO - Processing /opt/airflow/dags/main_full_processs.py took 0.355 seconds
[2025-07-20T08:20:01.376+0000] {processor.py:161} INFO - Started process (PID=11873) to work on /opt/airflow/dags/main_full_processs.py
[2025-07-20T08:20:01.377+0000] {processor.py:830} INFO - Processing file /opt/airflow/dags/main_full_processs.py for tasks to queue
[2025-07-20T08:20:01.378+0000] {logging_mixin.py:188} INFO - [2025-07-20T08:20:01.378+0000] {dagbag.py:538} INFO - Filling up the DagBag from /opt/airflow/dags/main_full_processs.py
[2025-07-20T08:20:01.389+0000] {processor.py:840} INFO - DAG(s) 'ml_pipeline_with_dashboard' retrieved from /opt/airflow/dags/main_full_processs.py
[2025-07-20T08:20:01.414+0000] {logging_mixin.py:188} INFO - [2025-07-20T08:20:01.414+0000] {dag.py:3036} INFO - Sync 1 DAGs
[2025-07-20T08:20:01.425+0000] {logging_mixin.py:188} INFO - [2025-07-20T08:20:01.425+0000] {dag.py:3823} INFO - Setting next_dagrun for ml_pipeline_with_dashboard to None, run_after=None
[2025-07-20T08:20:01.446+0000] {processor.py:183} INFO - Processing /opt/airflow/dags/main_full_processs.py took 0.073 seconds
[2025-07-20T08:20:31.941+0000] {processor.py:161} INFO - Started process (PID=11888) to work on /opt/airflow/dags/main_full_processs.py
[2025-07-20T08:20:31.942+0000] {processor.py:830} INFO - Processing file /opt/airflow/dags/main_full_processs.py for tasks to queue
[2025-07-20T08:20:31.943+0000] {logging_mixin.py:188} INFO - [2025-07-20T08:20:31.942+0000] {dagbag.py:538} INFO - Filling up the DagBag from /opt/airflow/dags/main_full_processs.py
[2025-07-20T08:20:31.953+0000] {processor.py:840} INFO - DAG(s) 'ml_pipeline_with_dashboard' retrieved from /opt/airflow/dags/main_full_processs.py
[2025-07-20T08:20:31.978+0000] {logging_mixin.py:188} INFO - [2025-07-20T08:20:31.978+0000] {dag.py:3036} INFO - Sync 1 DAGs
[2025-07-20T08:20:31.988+0000] {logging_mixin.py:188} INFO - [2025-07-20T08:20:31.988+0000] {dag.py:3823} INFO - Setting next_dagrun for ml_pipeline_with_dashboard to None, run_after=None
[2025-07-20T08:20:32.007+0000] {processor.py:183} INFO - Processing /opt/airflow/dags/main_full_processs.py took 0.070 seconds
[2025-07-20T08:21:02.534+0000] {processor.py:161} INFO - Started process (PID=11903) to work on /opt/airflow/dags/main_full_processs.py
[2025-07-20T08:21:02.535+0000] {processor.py:830} INFO - Processing file /opt/airflow/dags/main_full_processs.py for tasks to queue
[2025-07-20T08:21:02.536+0000] {logging_mixin.py:188} INFO - [2025-07-20T08:21:02.535+0000] {dagbag.py:538} INFO - Filling up the DagBag from /opt/airflow/dags/main_full_processs.py
[2025-07-20T08:21:02.546+0000] {processor.py:840} INFO - DAG(s) 'ml_pipeline_with_dashboard' retrieved from /opt/airflow/dags/main_full_processs.py
[2025-07-20T08:21:02.569+0000] {logging_mixin.py:188} INFO - [2025-07-20T08:21:02.569+0000] {dag.py:3036} INFO - Sync 1 DAGs
[2025-07-20T08:21:02.580+0000] {logging_mixin.py:188} INFO - [2025-07-20T08:21:02.580+0000] {dag.py:3823} INFO - Setting next_dagrun for ml_pipeline_with_dashboard to None, run_after=None
[2025-07-20T08:21:02.597+0000] {processor.py:183} INFO - Processing /opt/airflow/dags/main_full_processs.py took 0.066 seconds
[2025-07-20T08:21:33.158+0000] {processor.py:161} INFO - Started process (PID=11918) to work on /opt/airflow/dags/main_full_processs.py
[2025-07-20T08:21:33.158+0000] {processor.py:830} INFO - Processing file /opt/airflow/dags/main_full_processs.py for tasks to queue
[2025-07-20T08:21:33.159+0000] {logging_mixin.py:188} INFO - [2025-07-20T08:21:33.159+0000] {dagbag.py:538} INFO - Filling up the DagBag from /opt/airflow/dags/main_full_processs.py
[2025-07-20T08:21:33.170+0000] {processor.py:840} INFO - DAG(s) 'ml_pipeline_with_dashboard' retrieved from /opt/airflow/dags/main_full_processs.py
[2025-07-20T08:21:33.195+0000] {logging_mixin.py:188} INFO - [2025-07-20T08:21:33.195+0000] {dag.py:3036} INFO - Sync 1 DAGs
[2025-07-20T08:21:33.206+0000] {logging_mixin.py:188} INFO - [2025-07-20T08:21:33.206+0000] {dag.py:3823} INFO - Setting next_dagrun for ml_pipeline_with_dashboard to None, run_after=None
[2025-07-20T08:21:33.225+0000] {processor.py:183} INFO - Processing /opt/airflow/dags/main_full_processs.py took 0.070 seconds
[2025-07-20T08:22:03.759+0000] {processor.py:161} INFO - Started process (PID=11933) to work on /opt/airflow/dags/main_full_processs.py
[2025-07-20T08:22:03.760+0000] {processor.py:830} INFO - Processing file /opt/airflow/dags/main_full_processs.py for tasks to queue
[2025-07-20T08:22:03.761+0000] {logging_mixin.py:188} INFO - [2025-07-20T08:22:03.761+0000] {dagbag.py:538} INFO - Filling up the DagBag from /opt/airflow/dags/main_full_processs.py
[2025-07-20T08:22:03.773+0000] {processor.py:840} INFO - DAG(s) 'ml_pipeline_with_dashboard' retrieved from /opt/airflow/dags/main_full_processs.py
[2025-07-20T08:22:03.798+0000] {logging_mixin.py:188} INFO - [2025-07-20T08:22:03.798+0000] {dag.py:3036} INFO - Sync 1 DAGs
[2025-07-20T08:22:03.809+0000] {logging_mixin.py:188} INFO - [2025-07-20T08:22:03.809+0000] {dag.py:3823} INFO - Setting next_dagrun for ml_pipeline_with_dashboard to None, run_after=None
[2025-07-20T08:22:03.829+0000] {processor.py:183} INFO - Processing /opt/airflow/dags/main_full_processs.py took 0.073 seconds
[2025-07-20T08:22:34.210+0000] {processor.py:161} INFO - Started process (PID=11948) to work on /opt/airflow/dags/main_full_processs.py
[2025-07-20T08:22:34.211+0000] {processor.py:830} INFO - Processing file /opt/airflow/dags/main_full_processs.py for tasks to queue
[2025-07-20T08:22:34.212+0000] {logging_mixin.py:188} INFO - [2025-07-20T08:22:34.211+0000] {dagbag.py:538} INFO - Filling up the DagBag from /opt/airflow/dags/main_full_processs.py
[2025-07-20T08:22:34.222+0000] {processor.py:840} INFO - DAG(s) 'ml_pipeline_with_dashboard' retrieved from /opt/airflow/dags/main_full_processs.py
[2025-07-20T08:22:34.249+0000] {logging_mixin.py:188} INFO - [2025-07-20T08:22:34.249+0000] {dag.py:3036} INFO - Sync 1 DAGs
[2025-07-20T08:22:34.262+0000] {logging_mixin.py:188} INFO - [2025-07-20T08:22:34.262+0000] {dag.py:3823} INFO - Setting next_dagrun for ml_pipeline_with_dashboard to None, run_after=None
[2025-07-20T08:22:34.284+0000] {processor.py:183} INFO - Processing /opt/airflow/dags/main_full_processs.py took 0.077 seconds
[2025-07-20T08:23:04.888+0000] {processor.py:161} INFO - Started process (PID=11963) to work on /opt/airflow/dags/main_full_processs.py
[2025-07-20T08:23:04.889+0000] {processor.py:830} INFO - Processing file /opt/airflow/dags/main_full_processs.py for tasks to queue
[2025-07-20T08:23:04.890+0000] {logging_mixin.py:188} INFO - [2025-07-20T08:23:04.890+0000] {dagbag.py:538} INFO - Filling up the DagBag from /opt/airflow/dags/main_full_processs.py
[2025-07-20T08:23:04.903+0000] {processor.py:840} INFO - DAG(s) 'ml_pipeline_with_dashboard' retrieved from /opt/airflow/dags/main_full_processs.py
[2025-07-20T08:23:05.280+0000] {logging_mixin.py:188} INFO - [2025-07-20T08:23:05.280+0000] {dag.py:3036} INFO - Sync 1 DAGs
[2025-07-20T08:23:05.292+0000] {logging_mixin.py:188} INFO - [2025-07-20T08:23:05.292+0000] {dag.py:3823} INFO - Setting next_dagrun for ml_pipeline_with_dashboard to None, run_after=None
[2025-07-20T08:23:05.323+0000] {processor.py:183} INFO - Processing /opt/airflow/dags/main_full_processs.py took 0.438 seconds
[2025-07-20T08:23:35.883+0000] {processor.py:161} INFO - Started process (PID=11978) to work on /opt/airflow/dags/main_full_processs.py
[2025-07-20T08:23:35.884+0000] {processor.py:830} INFO - Processing file /opt/airflow/dags/main_full_processs.py for tasks to queue
[2025-07-20T08:23:35.885+0000] {logging_mixin.py:188} INFO - [2025-07-20T08:23:35.884+0000] {dagbag.py:538} INFO - Filling up the DagBag from /opt/airflow/dags/main_full_processs.py
[2025-07-20T08:23:35.896+0000] {processor.py:840} INFO - DAG(s) 'ml_pipeline_with_dashboard' retrieved from /opt/airflow/dags/main_full_processs.py
[2025-07-20T08:23:35.919+0000] {logging_mixin.py:188} INFO - [2025-07-20T08:23:35.919+0000] {dag.py:3036} INFO - Sync 1 DAGs
[2025-07-20T08:23:35.930+0000] {logging_mixin.py:188} INFO - [2025-07-20T08:23:35.930+0000] {dag.py:3823} INFO - Setting next_dagrun for ml_pipeline_with_dashboard to None, run_after=None
[2025-07-20T08:23:35.956+0000] {processor.py:183} INFO - Processing /opt/airflow/dags/main_full_processs.py took 0.076 seconds
[2025-07-20T08:24:06.318+0000] {processor.py:161} INFO - Started process (PID=11993) to work on /opt/airflow/dags/main_full_processs.py
[2025-07-20T08:24:06.319+0000] {processor.py:830} INFO - Processing file /opt/airflow/dags/main_full_processs.py for tasks to queue
[2025-07-20T08:24:06.320+0000] {logging_mixin.py:188} INFO - [2025-07-20T08:24:06.319+0000] {dagbag.py:538} INFO - Filling up the DagBag from /opt/airflow/dags/main_full_processs.py
[2025-07-20T08:24:06.330+0000] {processor.py:840} INFO - DAG(s) 'ml_pipeline_with_dashboard' retrieved from /opt/airflow/dags/main_full_processs.py
[2025-07-20T08:24:06.355+0000] {logging_mixin.py:188} INFO - [2025-07-20T08:24:06.354+0000] {dag.py:3036} INFO - Sync 1 DAGs
[2025-07-20T08:24:06.366+0000] {logging_mixin.py:188} INFO - [2025-07-20T08:24:06.365+0000] {dag.py:3823} INFO - Setting next_dagrun for ml_pipeline_with_dashboard to None, run_after=None
[2025-07-20T08:24:06.384+0000] {processor.py:183} INFO - Processing /opt/airflow/dags/main_full_processs.py took 0.070 seconds
[2025-07-20T08:24:36.935+0000] {processor.py:161} INFO - Started process (PID=12008) to work on /opt/airflow/dags/main_full_processs.py
[2025-07-20T08:24:36.936+0000] {processor.py:830} INFO - Processing file /opt/airflow/dags/main_full_processs.py for tasks to queue
[2025-07-20T08:24:36.936+0000] {logging_mixin.py:188} INFO - [2025-07-20T08:24:36.936+0000] {dagbag.py:538} INFO - Filling up the DagBag from /opt/airflow/dags/main_full_processs.py
[2025-07-20T08:24:36.947+0000] {processor.py:840} INFO - DAG(s) 'ml_pipeline_with_dashboard' retrieved from /opt/airflow/dags/main_full_processs.py
[2025-07-20T08:24:36.971+0000] {logging_mixin.py:188} INFO - [2025-07-20T08:24:36.971+0000] {dag.py:3036} INFO - Sync 1 DAGs
[2025-07-20T08:24:36.982+0000] {logging_mixin.py:188} INFO - [2025-07-20T08:24:36.982+0000] {dag.py:3823} INFO - Setting next_dagrun for ml_pipeline_with_dashboard to None, run_after=None
[2025-07-20T08:24:37.003+0000] {processor.py:183} INFO - Processing /opt/airflow/dags/main_full_processs.py took 0.071 seconds
[2025-07-20T08:25:07.879+0000] {processor.py:161} INFO - Started process (PID=12023) to work on /opt/airflow/dags/main_full_processs.py
[2025-07-20T08:25:07.880+0000] {processor.py:830} INFO - Processing file /opt/airflow/dags/main_full_processs.py for tasks to queue
[2025-07-20T08:25:07.881+0000] {logging_mixin.py:188} INFO - [2025-07-20T08:25:07.880+0000] {dagbag.py:538} INFO - Filling up the DagBag from /opt/airflow/dags/main_full_processs.py
[2025-07-20T08:25:07.901+0000] {processor.py:840} INFO - DAG(s) 'ml_pipeline_with_dashboard' retrieved from /opt/airflow/dags/main_full_processs.py
[2025-07-20T08:25:07.925+0000] {logging_mixin.py:188} INFO - [2025-07-20T08:25:07.925+0000] {dag.py:3036} INFO - Sync 1 DAGs
[2025-07-20T08:25:07.936+0000] {logging_mixin.py:188} INFO - [2025-07-20T08:25:07.936+0000] {dag.py:3823} INFO - Setting next_dagrun for ml_pipeline_with_dashboard to None, run_after=None
[2025-07-20T08:25:07.954+0000] {processor.py:183} INFO - Processing /opt/airflow/dags/main_full_processs.py took 0.078 seconds
[2025-07-20T08:25:38.191+0000] {processor.py:161} INFO - Started process (PID=12038) to work on /opt/airflow/dags/main_full_processs.py
[2025-07-20T08:25:38.192+0000] {processor.py:830} INFO - Processing file /opt/airflow/dags/main_full_processs.py for tasks to queue
[2025-07-20T08:25:38.193+0000] {logging_mixin.py:188} INFO - [2025-07-20T08:25:38.193+0000] {dagbag.py:538} INFO - Filling up the DagBag from /opt/airflow/dags/main_full_processs.py
[2025-07-20T08:25:38.204+0000] {processor.py:840} INFO - DAG(s) 'ml_pipeline_with_dashboard' retrieved from /opt/airflow/dags/main_full_processs.py
[2025-07-20T08:25:38.228+0000] {logging_mixin.py:188} INFO - [2025-07-20T08:25:38.228+0000] {dag.py:3036} INFO - Sync 1 DAGs
[2025-07-20T08:25:38.239+0000] {logging_mixin.py:188} INFO - [2025-07-20T08:25:38.239+0000] {dag.py:3823} INFO - Setting next_dagrun for ml_pipeline_with_dashboard to None, run_after=None
[2025-07-20T08:25:38.258+0000] {processor.py:183} INFO - Processing /opt/airflow/dags/main_full_processs.py took 0.070 seconds
[2025-07-20T08:26:08.758+0000] {processor.py:161} INFO - Started process (PID=12053) to work on /opt/airflow/dags/main_full_processs.py
[2025-07-20T08:26:08.760+0000] {processor.py:830} INFO - Processing file /opt/airflow/dags/main_full_processs.py for tasks to queue
[2025-07-20T08:26:08.761+0000] {logging_mixin.py:188} INFO - [2025-07-20T08:26:08.760+0000] {dagbag.py:538} INFO - Filling up the DagBag from /opt/airflow/dags/main_full_processs.py
[2025-07-20T08:26:08.773+0000] {processor.py:840} INFO - DAG(s) 'ml_pipeline_with_dashboard' retrieved from /opt/airflow/dags/main_full_processs.py
[2025-07-20T08:26:08.803+0000] {logging_mixin.py:188} INFO - [2025-07-20T08:26:08.803+0000] {dag.py:3036} INFO - Sync 1 DAGs
[2025-07-20T08:26:08.814+0000] {logging_mixin.py:188} INFO - [2025-07-20T08:26:08.814+0000] {dag.py:3823} INFO - Setting next_dagrun for ml_pipeline_with_dashboard to None, run_after=None
[2025-07-20T08:26:08.833+0000] {processor.py:183} INFO - Processing /opt/airflow/dags/main_full_processs.py took 0.078 seconds
[2025-07-20T08:26:39.366+0000] {processor.py:161} INFO - Started process (PID=12068) to work on /opt/airflow/dags/main_full_processs.py
[2025-07-20T08:26:39.367+0000] {processor.py:830} INFO - Processing file /opt/airflow/dags/main_full_processs.py for tasks to queue
[2025-07-20T08:26:39.367+0000] {logging_mixin.py:188} INFO - [2025-07-20T08:26:39.367+0000] {dagbag.py:538} INFO - Filling up the DagBag from /opt/airflow/dags/main_full_processs.py
[2025-07-20T08:26:39.378+0000] {processor.py:840} INFO - DAG(s) 'ml_pipeline_with_dashboard' retrieved from /opt/airflow/dags/main_full_processs.py
[2025-07-20T08:26:39.407+0000] {logging_mixin.py:188} INFO - [2025-07-20T08:26:39.407+0000] {dag.py:3036} INFO - Sync 1 DAGs
[2025-07-20T08:26:39.419+0000] {logging_mixin.py:188} INFO - [2025-07-20T08:26:39.418+0000] {dag.py:3823} INFO - Setting next_dagrun for ml_pipeline_with_dashboard to None, run_after=None
[2025-07-20T08:26:39.439+0000] {processor.py:183} INFO - Processing /opt/airflow/dags/main_full_processs.py took 0.076 seconds
[2025-07-20T08:27:10.023+0000] {processor.py:161} INFO - Started process (PID=12083) to work on /opt/airflow/dags/main_full_processs.py
[2025-07-20T08:27:10.024+0000] {processor.py:830} INFO - Processing file /opt/airflow/dags/main_full_processs.py for tasks to queue
[2025-07-20T08:27:10.025+0000] {logging_mixin.py:188} INFO - [2025-07-20T08:27:10.024+0000] {dagbag.py:538} INFO - Filling up the DagBag from /opt/airflow/dags/main_full_processs.py
[2025-07-20T08:27:10.036+0000] {processor.py:840} INFO - DAG(s) 'ml_pipeline_with_dashboard' retrieved from /opt/airflow/dags/main_full_processs.py
[2025-07-20T08:27:10.060+0000] {logging_mixin.py:188} INFO - [2025-07-20T08:27:10.060+0000] {dag.py:3036} INFO - Sync 1 DAGs
[2025-07-20T08:27:10.071+0000] {logging_mixin.py:188} INFO - [2025-07-20T08:27:10.071+0000] {dag.py:3823} INFO - Setting next_dagrun for ml_pipeline_with_dashboard to None, run_after=None
[2025-07-20T08:27:10.092+0000] {processor.py:183} INFO - Processing /opt/airflow/dags/main_full_processs.py took 0.072 seconds
[2025-07-20T08:27:40.678+0000] {processor.py:161} INFO - Started process (PID=12098) to work on /opt/airflow/dags/main_full_processs.py
[2025-07-20T08:27:40.679+0000] {processor.py:830} INFO - Processing file /opt/airflow/dags/main_full_processs.py for tasks to queue
[2025-07-20T08:27:40.680+0000] {logging_mixin.py:188} INFO - [2025-07-20T08:27:40.680+0000] {dagbag.py:538} INFO - Filling up the DagBag from /opt/airflow/dags/main_full_processs.py
[2025-07-20T08:27:40.691+0000] {processor.py:840} INFO - DAG(s) 'ml_pipeline_with_dashboard' retrieved from /opt/airflow/dags/main_full_processs.py
[2025-07-20T08:27:40.715+0000] {logging_mixin.py:188} INFO - [2025-07-20T08:27:40.715+0000] {dag.py:3036} INFO - Sync 1 DAGs
[2025-07-20T08:27:40.726+0000] {logging_mixin.py:188} INFO - [2025-07-20T08:27:40.726+0000] {dag.py:3823} INFO - Setting next_dagrun for ml_pipeline_with_dashboard to None, run_after=None
[2025-07-20T08:27:40.744+0000] {processor.py:183} INFO - Processing /opt/airflow/dags/main_full_processs.py took 0.069 seconds
[2025-07-20T08:28:13.361+0000] {processor.py:161} INFO - Started process (PID=12113) to work on /opt/airflow/dags/main_full_processs.py
[2025-07-20T08:28:13.361+0000] {processor.py:830} INFO - Processing file /opt/airflow/dags/main_full_processs.py for tasks to queue
[2025-07-20T08:28:13.362+0000] {logging_mixin.py:188} INFO - [2025-07-20T08:28:13.362+0000] {dagbag.py:538} INFO - Filling up the DagBag from /opt/airflow/dags/main_full_processs.py
[2025-07-20T08:28:13.372+0000] {processor.py:840} INFO - DAG(s) 'ml_pipeline_with_dashboard' retrieved from /opt/airflow/dags/main_full_processs.py
[2025-07-20T08:28:21.132+0000] {logging_mixin.py:188} INFO - [2025-07-20T08:28:21.131+0000] {dag.py:3036} INFO - Sync 1 DAGs
[2025-07-20T08:28:22.363+0000] {logging_mixin.py:188} INFO - [2025-07-20T08:28:22.362+0000] {dag.py:3823} INFO - Setting next_dagrun for ml_pipeline_with_dashboard to None, run_after=None
[2025-07-20T08:28:23.403+0000] {processor.py:183} INFO - Processing /opt/airflow/dags/main_full_processs.py took 10.048 seconds
[2025-07-20T08:28:53.953+0000] {processor.py:161} INFO - Started process (PID=12131) to work on /opt/airflow/dags/main_full_processs.py
[2025-07-20T08:28:53.954+0000] {processor.py:830} INFO - Processing file /opt/airflow/dags/main_full_processs.py for tasks to queue
[2025-07-20T08:28:53.955+0000] {logging_mixin.py:188} INFO - [2025-07-20T08:28:53.954+0000] {dagbag.py:538} INFO - Filling up the DagBag from /opt/airflow/dags/main_full_processs.py
[2025-07-20T08:28:53.966+0000] {processor.py:840} INFO - DAG(s) 'ml_pipeline_with_dashboard' retrieved from /opt/airflow/dags/main_full_processs.py
[2025-07-20T08:28:53.992+0000] {logging_mixin.py:188} INFO - [2025-07-20T08:28:53.992+0000] {dag.py:3036} INFO - Sync 1 DAGs
[2025-07-20T08:28:56.590+0000] {logging_mixin.py:188} INFO - [2025-07-20T08:28:56.589+0000] {dag.py:3823} INFO - Setting next_dagrun for ml_pipeline_with_dashboard to None, run_after=None
[2025-07-20T08:28:59.076+0000] {processor.py:183} INFO - Processing /opt/airflow/dags/main_full_processs.py took 5.127 seconds
[2025-07-20T08:29:29.663+0000] {processor.py:161} INFO - Started process (PID=12146) to work on /opt/airflow/dags/main_full_processs.py
[2025-07-20T08:29:29.664+0000] {processor.py:830} INFO - Processing file /opt/airflow/dags/main_full_processs.py for tasks to queue
[2025-07-20T08:29:29.665+0000] {logging_mixin.py:188} INFO - [2025-07-20T08:29:29.665+0000] {dagbag.py:538} INFO - Filling up the DagBag from /opt/airflow/dags/main_full_processs.py
[2025-07-20T08:29:29.685+0000] {processor.py:840} INFO - DAG(s) 'ml_pipeline_with_dashboard' retrieved from /opt/airflow/dags/main_full_processs.py
[2025-07-20T08:29:30.491+0000] {logging_mixin.py:188} INFO - [2025-07-20T08:29:30.491+0000] {dag.py:3036} INFO - Sync 1 DAGs
[2025-07-20T08:29:30.517+0000] {logging_mixin.py:188} INFO - [2025-07-20T08:29:30.517+0000] {dag.py:3823} INFO - Setting next_dagrun for ml_pipeline_with_dashboard to None, run_after=None
[2025-07-20T08:29:30.672+0000] {processor.py:183} INFO - Processing /opt/airflow/dags/main_full_processs.py took 1.015 seconds
[2025-07-20T08:30:01.829+0000] {processor.py:161} INFO - Started process (PID=12166) to work on /opt/airflow/dags/main_full_processs.py
[2025-07-20T08:30:01.830+0000] {processor.py:830} INFO - Processing file /opt/airflow/dags/main_full_processs.py for tasks to queue
[2025-07-20T08:30:01.831+0000] {logging_mixin.py:188} INFO - [2025-07-20T08:30:01.830+0000] {dagbag.py:538} INFO - Filling up the DagBag from /opt/airflow/dags/main_full_processs.py
[2025-07-20T08:30:01.844+0000] {processor.py:840} INFO - DAG(s) 'ml_pipeline_with_dashboard' retrieved from /opt/airflow/dags/main_full_processs.py
[2025-07-20T08:30:01.868+0000] {logging_mixin.py:188} INFO - [2025-07-20T08:30:01.868+0000] {dag.py:3036} INFO - Sync 1 DAGs
[2025-07-20T08:30:01.879+0000] {logging_mixin.py:188} INFO - [2025-07-20T08:30:01.878+0000] {dag.py:3823} INFO - Setting next_dagrun for ml_pipeline_with_dashboard to None, run_after=None
[2025-07-20T08:30:01.896+0000] {processor.py:183} INFO - Processing /opt/airflow/dags/main_full_processs.py took 0.072 seconds
[2025-07-20T08:30:32.391+0000] {processor.py:161} INFO - Started process (PID=12183) to work on /opt/airflow/dags/main_full_processs.py
[2025-07-20T08:30:32.392+0000] {processor.py:830} INFO - Processing file /opt/airflow/dags/main_full_processs.py for tasks to queue
[2025-07-20T08:30:32.392+0000] {logging_mixin.py:188} INFO - [2025-07-20T08:30:32.392+0000] {dagbag.py:538} INFO - Filling up the DagBag from /opt/airflow/dags/main_full_processs.py
[2025-07-20T08:30:32.403+0000] {processor.py:840} INFO - DAG(s) 'ml_pipeline_with_dashboard' retrieved from /opt/airflow/dags/main_full_processs.py
[2025-07-20T08:30:32.428+0000] {logging_mixin.py:188} INFO - [2025-07-20T08:30:32.428+0000] {dag.py:3036} INFO - Sync 1 DAGs
[2025-07-20T08:30:32.439+0000] {logging_mixin.py:188} INFO - [2025-07-20T08:30:32.438+0000] {dag.py:3823} INFO - Setting next_dagrun for ml_pipeline_with_dashboard to None, run_after=None
[2025-07-20T08:30:32.457+0000] {processor.py:183} INFO - Processing /opt/airflow/dags/main_full_processs.py took 0.070 seconds
[2025-07-20T08:31:03.044+0000] {processor.py:161} INFO - Started process (PID=12196) to work on /opt/airflow/dags/main_full_processs.py
[2025-07-20T08:31:03.045+0000] {processor.py:830} INFO - Processing file /opt/airflow/dags/main_full_processs.py for tasks to queue
[2025-07-20T08:31:03.046+0000] {logging_mixin.py:188} INFO - [2025-07-20T08:31:03.045+0000] {dagbag.py:538} INFO - Filling up the DagBag from /opt/airflow/dags/main_full_processs.py
[2025-07-20T08:31:03.058+0000] {processor.py:840} INFO - DAG(s) 'ml_pipeline_with_dashboard' retrieved from /opt/airflow/dags/main_full_processs.py
[2025-07-20T08:31:03.083+0000] {logging_mixin.py:188} INFO - [2025-07-20T08:31:03.082+0000] {dag.py:3036} INFO - Sync 1 DAGs
[2025-07-20T08:31:03.094+0000] {logging_mixin.py:188} INFO - [2025-07-20T08:31:03.094+0000] {dag.py:3823} INFO - Setting next_dagrun for ml_pipeline_with_dashboard to None, run_after=None
[2025-07-20T08:31:03.114+0000] {processor.py:183} INFO - Processing /opt/airflow/dags/main_full_processs.py took 0.073 seconds
[2025-07-20T08:31:33.815+0000] {processor.py:161} INFO - Started process (PID=12213) to work on /opt/airflow/dags/main_full_processs.py
[2025-07-20T08:31:33.816+0000] {processor.py:830} INFO - Processing file /opt/airflow/dags/main_full_processs.py for tasks to queue
[2025-07-20T08:31:33.817+0000] {logging_mixin.py:188} INFO - [2025-07-20T08:31:33.817+0000] {dagbag.py:538} INFO - Filling up the DagBag from /opt/airflow/dags/main_full_processs.py
[2025-07-20T08:31:33.829+0000] {processor.py:840} INFO - DAG(s) 'ml_pipeline_with_dashboard' retrieved from /opt/airflow/dags/main_full_processs.py
[2025-07-20T08:31:33.856+0000] {logging_mixin.py:188} INFO - [2025-07-20T08:31:33.856+0000] {dag.py:3036} INFO - Sync 1 DAGs
[2025-07-20T08:31:33.868+0000] {logging_mixin.py:188} INFO - [2025-07-20T08:31:33.868+0000] {dag.py:3823} INFO - Setting next_dagrun for ml_pipeline_with_dashboard to None, run_after=None
[2025-07-20T08:31:33.887+0000] {processor.py:183} INFO - Processing /opt/airflow/dags/main_full_processs.py took 0.075 seconds
[2025-07-20T08:32:04.577+0000] {processor.py:161} INFO - Started process (PID=12226) to work on /opt/airflow/dags/main_full_processs.py
[2025-07-20T08:32:04.579+0000] {processor.py:830} INFO - Processing file /opt/airflow/dags/main_full_processs.py for tasks to queue
[2025-07-20T08:32:04.580+0000] {logging_mixin.py:188} INFO - [2025-07-20T08:32:04.579+0000] {dagbag.py:538} INFO - Filling up the DagBag from /opt/airflow/dags/main_full_processs.py
[2025-07-20T08:32:04.592+0000] {processor.py:840} INFO - DAG(s) 'ml_pipeline_with_dashboard' retrieved from /opt/airflow/dags/main_full_processs.py
[2025-07-20T08:32:04.619+0000] {logging_mixin.py:188} INFO - [2025-07-20T08:32:04.619+0000] {dag.py:3036} INFO - Sync 1 DAGs
[2025-07-20T08:32:04.630+0000] {logging_mixin.py:188} INFO - [2025-07-20T08:32:04.630+0000] {dag.py:3823} INFO - Setting next_dagrun for ml_pipeline_with_dashboard to None, run_after=None
[2025-07-20T08:32:04.650+0000] {processor.py:183} INFO - Processing /opt/airflow/dags/main_full_processs.py took 0.075 seconds
[2025-07-20T08:32:35.145+0000] {processor.py:161} INFO - Started process (PID=12241) to work on /opt/airflow/dags/main_full_processs.py
[2025-07-20T08:32:35.145+0000] {processor.py:830} INFO - Processing file /opt/airflow/dags/main_full_processs.py for tasks to queue
[2025-07-20T08:32:35.146+0000] {logging_mixin.py:188} INFO - [2025-07-20T08:32:35.146+0000] {dagbag.py:538} INFO - Filling up the DagBag from /opt/airflow/dags/main_full_processs.py
[2025-07-20T08:32:35.158+0000] {processor.py:840} INFO - DAG(s) 'ml_pipeline_with_dashboard' retrieved from /opt/airflow/dags/main_full_processs.py
[2025-07-20T08:32:35.198+0000] {logging_mixin.py:188} INFO - [2025-07-20T08:32:35.198+0000] {dag.py:3036} INFO - Sync 1 DAGs
[2025-07-20T08:32:35.210+0000] {logging_mixin.py:188} INFO - [2025-07-20T08:32:35.210+0000] {dag.py:3823} INFO - Setting next_dagrun for ml_pipeline_with_dashboard to None, run_after=None
[2025-07-20T08:32:35.229+0000] {processor.py:183} INFO - Processing /opt/airflow/dags/main_full_processs.py took 0.088 seconds
[2025-07-20T08:33:05.893+0000] {processor.py:161} INFO - Started process (PID=12258) to work on /opt/airflow/dags/main_full_processs.py
[2025-07-20T08:33:05.894+0000] {processor.py:830} INFO - Processing file /opt/airflow/dags/main_full_processs.py for tasks to queue
[2025-07-20T08:33:05.895+0000] {logging_mixin.py:188} INFO - [2025-07-20T08:33:05.894+0000] {dagbag.py:538} INFO - Filling up the DagBag from /opt/airflow/dags/main_full_processs.py
[2025-07-20T08:33:05.905+0000] {processor.py:840} INFO - DAG(s) 'ml_pipeline_with_dashboard' retrieved from /opt/airflow/dags/main_full_processs.py
[2025-07-20T08:33:05.930+0000] {logging_mixin.py:188} INFO - [2025-07-20T08:33:05.929+0000] {dag.py:3036} INFO - Sync 1 DAGs
[2025-07-20T08:33:05.941+0000] {logging_mixin.py:188} INFO - [2025-07-20T08:33:05.940+0000] {dag.py:3823} INFO - Setting next_dagrun for ml_pipeline_with_dashboard to None, run_after=None
[2025-07-20T08:33:05.959+0000] {processor.py:183} INFO - Processing /opt/airflow/dags/main_full_processs.py took 0.069 seconds
[2025-07-20T08:33:36.688+0000] {processor.py:161} INFO - Started process (PID=12271) to work on /opt/airflow/dags/main_full_processs.py
[2025-07-20T08:33:36.689+0000] {processor.py:830} INFO - Processing file /opt/airflow/dags/main_full_processs.py for tasks to queue
[2025-07-20T08:33:36.690+0000] {logging_mixin.py:188} INFO - [2025-07-20T08:33:36.689+0000] {dagbag.py:538} INFO - Filling up the DagBag from /opt/airflow/dags/main_full_processs.py
[2025-07-20T08:33:36.701+0000] {processor.py:840} INFO - DAG(s) 'ml_pipeline_with_dashboard' retrieved from /opt/airflow/dags/main_full_processs.py
[2025-07-20T08:33:36.728+0000] {logging_mixin.py:188} INFO - [2025-07-20T08:33:36.728+0000] {dag.py:3036} INFO - Sync 1 DAGs
[2025-07-20T08:33:36.741+0000] {logging_mixin.py:188} INFO - [2025-07-20T08:33:36.741+0000] {dag.py:3823} INFO - Setting next_dagrun for ml_pipeline_with_dashboard to None, run_after=None
[2025-07-20T08:33:36.760+0000] {processor.py:183} INFO - Processing /opt/airflow/dags/main_full_processs.py took 0.076 seconds
[2025-07-20T08:34:07.370+0000] {processor.py:161} INFO - Started process (PID=12288) to work on /opt/airflow/dags/main_full_processs.py
[2025-07-20T08:34:07.371+0000] {processor.py:830} INFO - Processing file /opt/airflow/dags/main_full_processs.py for tasks to queue
[2025-07-20T08:34:07.371+0000] {logging_mixin.py:188} INFO - [2025-07-20T08:34:07.371+0000] {dagbag.py:538} INFO - Filling up the DagBag from /opt/airflow/dags/main_full_processs.py
[2025-07-20T08:34:07.383+0000] {processor.py:840} INFO - DAG(s) 'ml_pipeline_with_dashboard' retrieved from /opt/airflow/dags/main_full_processs.py
[2025-07-20T08:34:07.407+0000] {logging_mixin.py:188} INFO - [2025-07-20T08:34:07.407+0000] {dag.py:3036} INFO - Sync 1 DAGs
[2025-07-20T08:34:07.418+0000] {logging_mixin.py:188} INFO - [2025-07-20T08:34:07.418+0000] {dag.py:3823} INFO - Setting next_dagrun for ml_pipeline_with_dashboard to None, run_after=None
[2025-07-20T08:34:07.438+0000] {processor.py:183} INFO - Processing /opt/airflow/dags/main_full_processs.py took 0.071 seconds
[2025-07-20T08:34:37.993+0000] {processor.py:161} INFO - Started process (PID=12303) to work on /opt/airflow/dags/main_full_processs.py
[2025-07-20T08:34:37.994+0000] {processor.py:830} INFO - Processing file /opt/airflow/dags/main_full_processs.py for tasks to queue
[2025-07-20T08:34:37.995+0000] {logging_mixin.py:188} INFO - [2025-07-20T08:34:37.995+0000] {dagbag.py:538} INFO - Filling up the DagBag from /opt/airflow/dags/main_full_processs.py
[2025-07-20T08:34:38.007+0000] {processor.py:840} INFO - DAG(s) 'ml_pipeline_with_dashboard' retrieved from /opt/airflow/dags/main_full_processs.py
[2025-07-20T08:34:38.035+0000] {logging_mixin.py:188} INFO - [2025-07-20T08:34:38.035+0000] {dag.py:3036} INFO - Sync 1 DAGs
[2025-07-20T08:34:38.048+0000] {logging_mixin.py:188} INFO - [2025-07-20T08:34:38.048+0000] {dag.py:3823} INFO - Setting next_dagrun for ml_pipeline_with_dashboard to None, run_after=None
[2025-07-20T08:34:38.067+0000] {processor.py:183} INFO - Processing /opt/airflow/dags/main_full_processs.py took 0.076 seconds
[2025-07-20T08:35:08.675+0000] {processor.py:161} INFO - Started process (PID=12318) to work on /opt/airflow/dags/main_full_processs.py
[2025-07-20T08:35:08.676+0000] {processor.py:830} INFO - Processing file /opt/airflow/dags/main_full_processs.py for tasks to queue
[2025-07-20T08:35:08.677+0000] {logging_mixin.py:188} INFO - [2025-07-20T08:35:08.677+0000] {dagbag.py:538} INFO - Filling up the DagBag from /opt/airflow/dags/main_full_processs.py
[2025-07-20T08:35:08.688+0000] {processor.py:840} INFO - DAG(s) 'ml_pipeline_with_dashboard' retrieved from /opt/airflow/dags/main_full_processs.py
[2025-07-20T08:35:08.713+0000] {logging_mixin.py:188} INFO - [2025-07-20T08:35:08.712+0000] {dag.py:3036} INFO - Sync 1 DAGs
[2025-07-20T08:35:08.723+0000] {logging_mixin.py:188} INFO - [2025-07-20T08:35:08.723+0000] {dag.py:3823} INFO - Setting next_dagrun for ml_pipeline_with_dashboard to None, run_after=None
[2025-07-20T08:35:08.742+0000] {processor.py:183} INFO - Processing /opt/airflow/dags/main_full_processs.py took 0.070 seconds
[2025-07-20T08:35:39.261+0000] {processor.py:161} INFO - Started process (PID=12333) to work on /opt/airflow/dags/main_full_processs.py
[2025-07-20T08:35:39.262+0000] {processor.py:830} INFO - Processing file /opt/airflow/dags/main_full_processs.py for tasks to queue
[2025-07-20T08:35:39.263+0000] {logging_mixin.py:188} INFO - [2025-07-20T08:35:39.262+0000] {dagbag.py:538} INFO - Filling up the DagBag from /opt/airflow/dags/main_full_processs.py
[2025-07-20T08:35:39.274+0000] {processor.py:840} INFO - DAG(s) 'ml_pipeline_with_dashboard' retrieved from /opt/airflow/dags/main_full_processs.py
[2025-07-20T08:35:39.298+0000] {logging_mixin.py:188} INFO - [2025-07-20T08:35:39.297+0000] {dag.py:3036} INFO - Sync 1 DAGs
[2025-07-20T08:35:39.308+0000] {logging_mixin.py:188} INFO - [2025-07-20T08:35:39.308+0000] {dag.py:3823} INFO - Setting next_dagrun for ml_pipeline_with_dashboard to None, run_after=None
[2025-07-20T08:35:39.325+0000] {processor.py:183} INFO - Processing /opt/airflow/dags/main_full_processs.py took 0.067 seconds
[2025-07-20T08:36:09.925+0000] {processor.py:161} INFO - Started process (PID=12346) to work on /opt/airflow/dags/main_full_processs.py
[2025-07-20T08:36:09.925+0000] {processor.py:830} INFO - Processing file /opt/airflow/dags/main_full_processs.py for tasks to queue
[2025-07-20T08:36:09.926+0000] {logging_mixin.py:188} INFO - [2025-07-20T08:36:09.926+0000] {dagbag.py:538} INFO - Filling up the DagBag from /opt/airflow/dags/main_full_processs.py
[2025-07-20T08:36:09.937+0000] {processor.py:840} INFO - DAG(s) 'ml_pipeline_with_dashboard' retrieved from /opt/airflow/dags/main_full_processs.py
[2025-07-20T08:36:10.021+0000] {logging_mixin.py:188} INFO - [2025-07-20T08:36:10.020+0000] {dag.py:3036} INFO - Sync 1 DAGs
[2025-07-20T08:36:10.034+0000] {logging_mixin.py:188} INFO - [2025-07-20T08:36:10.034+0000] {dag.py:3823} INFO - Setting next_dagrun for ml_pipeline_with_dashboard to None, run_after=None
[2025-07-20T08:36:10.053+0000] {processor.py:183} INFO - Processing /opt/airflow/dags/main_full_processs.py took 0.132 seconds
[2025-07-20T08:36:40.513+0000] {processor.py:161} INFO - Started process (PID=12361) to work on /opt/airflow/dags/main_full_processs.py
[2025-07-20T08:36:40.514+0000] {processor.py:830} INFO - Processing file /opt/airflow/dags/main_full_processs.py for tasks to queue
[2025-07-20T08:36:40.515+0000] {logging_mixin.py:188} INFO - [2025-07-20T08:36:40.514+0000] {dagbag.py:538} INFO - Filling up the DagBag from /opt/airflow/dags/main_full_processs.py
[2025-07-20T08:36:40.526+0000] {processor.py:840} INFO - DAG(s) 'ml_pipeline_with_dashboard' retrieved from /opt/airflow/dags/main_full_processs.py
[2025-07-20T08:36:40.553+0000] {logging_mixin.py:188} INFO - [2025-07-20T08:36:40.552+0000] {dag.py:3036} INFO - Sync 1 DAGs
[2025-07-20T08:36:40.564+0000] {logging_mixin.py:188} INFO - [2025-07-20T08:36:40.563+0000] {dag.py:3823} INFO - Setting next_dagrun for ml_pipeline_with_dashboard to None, run_after=None
[2025-07-20T08:36:40.582+0000] {processor.py:183} INFO - Processing /opt/airflow/dags/main_full_processs.py took 0.072 seconds
[2025-07-20T08:37:11.157+0000] {processor.py:161} INFO - Started process (PID=12378) to work on /opt/airflow/dags/main_full_processs.py
[2025-07-20T08:37:11.158+0000] {processor.py:830} INFO - Processing file /opt/airflow/dags/main_full_processs.py for tasks to queue
[2025-07-20T08:37:11.159+0000] {logging_mixin.py:188} INFO - [2025-07-20T08:37:11.158+0000] {dagbag.py:538} INFO - Filling up the DagBag from /opt/airflow/dags/main_full_processs.py
[2025-07-20T08:37:11.169+0000] {processor.py:840} INFO - DAG(s) 'ml_pipeline_with_dashboard' retrieved from /opt/airflow/dags/main_full_processs.py
[2025-07-20T08:37:11.194+0000] {logging_mixin.py:188} INFO - [2025-07-20T08:37:11.193+0000] {dag.py:3036} INFO - Sync 1 DAGs
[2025-07-20T08:37:11.204+0000] {logging_mixin.py:188} INFO - [2025-07-20T08:37:11.204+0000] {dag.py:3823} INFO - Setting next_dagrun for ml_pipeline_with_dashboard to None, run_after=None
[2025-07-20T08:37:11.223+0000] {processor.py:183} INFO - Processing /opt/airflow/dags/main_full_processs.py took 0.070 seconds
[2025-07-20T08:37:41.893+0000] {processor.py:161} INFO - Started process (PID=12392) to work on /opt/airflow/dags/main_full_processs.py
[2025-07-20T08:37:41.895+0000] {processor.py:830} INFO - Processing file /opt/airflow/dags/main_full_processs.py for tasks to queue
[2025-07-20T08:37:41.896+0000] {logging_mixin.py:188} INFO - [2025-07-20T08:37:41.895+0000] {dagbag.py:538} INFO - Filling up the DagBag from /opt/airflow/dags/main_full_processs.py
[2025-07-20T08:37:41.907+0000] {processor.py:840} INFO - DAG(s) 'ml_pipeline_with_dashboard' retrieved from /opt/airflow/dags/main_full_processs.py
[2025-07-20T08:37:41.930+0000] {logging_mixin.py:188} INFO - [2025-07-20T08:37:41.930+0000] {dag.py:3036} INFO - Sync 1 DAGs
[2025-07-20T08:37:41.941+0000] {logging_mixin.py:188} INFO - [2025-07-20T08:37:41.941+0000] {dag.py:3823} INFO - Setting next_dagrun for ml_pipeline_with_dashboard to None, run_after=None
[2025-07-20T08:37:41.960+0000] {processor.py:183} INFO - Processing /opt/airflow/dags/main_full_processs.py took 0.070 seconds
[2025-07-20T08:38:12.719+0000] {processor.py:161} INFO - Started process (PID=12408) to work on /opt/airflow/dags/main_full_processs.py
[2025-07-20T08:38:12.720+0000] {processor.py:830} INFO - Processing file /opt/airflow/dags/main_full_processs.py for tasks to queue
[2025-07-20T08:38:12.721+0000] {logging_mixin.py:188} INFO - [2025-07-20T08:38:12.721+0000] {dagbag.py:538} INFO - Filling up the DagBag from /opt/airflow/dags/main_full_processs.py
[2025-07-20T08:38:12.730+0000] {processor.py:840} INFO - DAG(s) 'ml_pipeline_with_dashboard' retrieved from /opt/airflow/dags/main_full_processs.py
[2025-07-20T08:38:12.757+0000] {logging_mixin.py:188} INFO - [2025-07-20T08:38:12.757+0000] {dag.py:3036} INFO - Sync 1 DAGs
[2025-07-20T08:38:12.769+0000] {logging_mixin.py:188} INFO - [2025-07-20T08:38:12.769+0000] {dag.py:3823} INFO - Setting next_dagrun for ml_pipeline_with_dashboard to None, run_after=None
[2025-07-20T08:38:12.788+0000] {processor.py:183} INFO - Processing /opt/airflow/dags/main_full_processs.py took 0.072 seconds
[2025-07-20T08:38:43.306+0000] {processor.py:161} INFO - Started process (PID=12423) to work on /opt/airflow/dags/main_full_processs.py
[2025-07-20T08:38:43.308+0000] {processor.py:830} INFO - Processing file /opt/airflow/dags/main_full_processs.py for tasks to queue
[2025-07-20T08:38:43.309+0000] {logging_mixin.py:188} INFO - [2025-07-20T08:38:43.309+0000] {dagbag.py:538} INFO - Filling up the DagBag from /opt/airflow/dags/main_full_processs.py
[2025-07-20T08:38:43.324+0000] {processor.py:840} INFO - DAG(s) 'ml_pipeline_with_dashboard' retrieved from /opt/airflow/dags/main_full_processs.py
[2025-07-20T08:38:43.356+0000] {logging_mixin.py:188} INFO - [2025-07-20T08:38:43.356+0000] {dag.py:3036} INFO - Sync 1 DAGs
[2025-07-20T08:38:43.368+0000] {logging_mixin.py:188} INFO - [2025-07-20T08:38:43.368+0000] {dag.py:3823} INFO - Setting next_dagrun for ml_pipeline_with_dashboard to None, run_after=None
[2025-07-20T08:38:43.386+0000] {processor.py:183} INFO - Processing /opt/airflow/dags/main_full_processs.py took 0.083 seconds
[2025-07-20T08:39:13.862+0000] {processor.py:161} INFO - Started process (PID=12438) to work on /opt/airflow/dags/main_full_processs.py
[2025-07-20T08:39:13.863+0000] {processor.py:830} INFO - Processing file /opt/airflow/dags/main_full_processs.py for tasks to queue
[2025-07-20T08:39:13.864+0000] {logging_mixin.py:188} INFO - [2025-07-20T08:39:13.864+0000] {dagbag.py:538} INFO - Filling up the DagBag from /opt/airflow/dags/main_full_processs.py
[2025-07-20T08:39:13.875+0000] {processor.py:840} INFO - DAG(s) 'ml_pipeline_with_dashboard' retrieved from /opt/airflow/dags/main_full_processs.py
[2025-07-20T08:39:13.900+0000] {logging_mixin.py:188} INFO - [2025-07-20T08:39:13.900+0000] {dag.py:3036} INFO - Sync 1 DAGs
[2025-07-20T08:39:13.911+0000] {logging_mixin.py:188} INFO - [2025-07-20T08:39:13.911+0000] {dag.py:3823} INFO - Setting next_dagrun for ml_pipeline_with_dashboard to None, run_after=None
[2025-07-20T08:39:13.931+0000] {processor.py:183} INFO - Processing /opt/airflow/dags/main_full_processs.py took 0.072 seconds
[2025-07-20T08:39:44.587+0000] {processor.py:161} INFO - Started process (PID=12453) to work on /opt/airflow/dags/main_full_processs.py
[2025-07-20T08:39:44.588+0000] {processor.py:830} INFO - Processing file /opt/airflow/dags/main_full_processs.py for tasks to queue
[2025-07-20T08:39:44.589+0000] {logging_mixin.py:188} INFO - [2025-07-20T08:39:44.588+0000] {dagbag.py:538} INFO - Filling up the DagBag from /opt/airflow/dags/main_full_processs.py
[2025-07-20T08:39:44.600+0000] {processor.py:840} INFO - DAG(s) 'ml_pipeline_with_dashboard' retrieved from /opt/airflow/dags/main_full_processs.py
[2025-07-20T08:39:44.624+0000] {logging_mixin.py:188} INFO - [2025-07-20T08:39:44.624+0000] {dag.py:3036} INFO - Sync 1 DAGs
[2025-07-20T08:39:44.635+0000] {logging_mixin.py:188} INFO - [2025-07-20T08:39:44.634+0000] {dag.py:3823} INFO - Setting next_dagrun for ml_pipeline_with_dashboard to None, run_after=None
[2025-07-20T08:39:44.652+0000] {processor.py:183} INFO - Processing /opt/airflow/dags/main_full_processs.py took 0.068 seconds
[2025-07-20T08:40:15.344+0000] {processor.py:161} INFO - Started process (PID=12468) to work on /opt/airflow/dags/main_full_processs.py
[2025-07-20T08:40:15.345+0000] {processor.py:830} INFO - Processing file /opt/airflow/dags/main_full_processs.py for tasks to queue
[2025-07-20T08:40:15.346+0000] {logging_mixin.py:188} INFO - [2025-07-20T08:40:15.345+0000] {dagbag.py:538} INFO - Filling up the DagBag from /opt/airflow/dags/main_full_processs.py
[2025-07-20T08:40:15.358+0000] {processor.py:840} INFO - DAG(s) 'ml_pipeline_with_dashboard' retrieved from /opt/airflow/dags/main_full_processs.py
[2025-07-20T08:40:15.382+0000] {logging_mixin.py:188} INFO - [2025-07-20T08:40:15.381+0000] {dag.py:3036} INFO - Sync 1 DAGs
[2025-07-20T08:40:15.393+0000] {logging_mixin.py:188} INFO - [2025-07-20T08:40:15.392+0000] {dag.py:3823} INFO - Setting next_dagrun for ml_pipeline_with_dashboard to None, run_after=None
[2025-07-20T08:40:15.410+0000] {processor.py:183} INFO - Processing /opt/airflow/dags/main_full_processs.py took 0.070 seconds
[2025-07-20T08:40:45.885+0000] {processor.py:161} INFO - Started process (PID=12483) to work on /opt/airflow/dags/main_full_processs.py
[2025-07-20T08:40:45.886+0000] {processor.py:830} INFO - Processing file /opt/airflow/dags/main_full_processs.py for tasks to queue
[2025-07-20T08:40:45.887+0000] {logging_mixin.py:188} INFO - [2025-07-20T08:40:45.887+0000] {dagbag.py:538} INFO - Filling up the DagBag from /opt/airflow/dags/main_full_processs.py
[2025-07-20T08:40:45.896+0000] {processor.py:840} INFO - DAG(s) 'ml_pipeline_with_dashboard' retrieved from /opt/airflow/dags/main_full_processs.py
[2025-07-20T08:40:45.921+0000] {logging_mixin.py:188} INFO - [2025-07-20T08:40:45.921+0000] {dag.py:3036} INFO - Sync 1 DAGs
[2025-07-20T08:40:45.932+0000] {logging_mixin.py:188} INFO - [2025-07-20T08:40:45.932+0000] {dag.py:3823} INFO - Setting next_dagrun for ml_pipeline_with_dashboard to None, run_after=None
[2025-07-20T08:40:45.951+0000] {processor.py:183} INFO - Processing /opt/airflow/dags/main_full_processs.py took 0.069 seconds
[2025-07-20T08:41:16.358+0000] {processor.py:161} INFO - Started process (PID=12498) to work on /opt/airflow/dags/main_full_processs.py
[2025-07-20T08:41:16.359+0000] {processor.py:830} INFO - Processing file /opt/airflow/dags/main_full_processs.py for tasks to queue
[2025-07-20T08:41:16.360+0000] {logging_mixin.py:188} INFO - [2025-07-20T08:41:16.360+0000] {dagbag.py:538} INFO - Filling up the DagBag from /opt/airflow/dags/main_full_processs.py
[2025-07-20T08:41:16.371+0000] {processor.py:840} INFO - DAG(s) 'ml_pipeline_with_dashboard' retrieved from /opt/airflow/dags/main_full_processs.py
[2025-07-20T08:41:16.396+0000] {logging_mixin.py:188} INFO - [2025-07-20T08:41:16.396+0000] {dag.py:3036} INFO - Sync 1 DAGs
[2025-07-20T08:41:16.407+0000] {logging_mixin.py:188} INFO - [2025-07-20T08:41:16.407+0000] {dag.py:3823} INFO - Setting next_dagrun for ml_pipeline_with_dashboard to None, run_after=None
[2025-07-20T08:41:16.427+0000] {processor.py:183} INFO - Processing /opt/airflow/dags/main_full_processs.py took 0.072 seconds
[2025-07-20T08:41:46.943+0000] {processor.py:161} INFO - Started process (PID=12511) to work on /opt/airflow/dags/main_full_processs.py
[2025-07-20T08:41:46.944+0000] {processor.py:830} INFO - Processing file /opt/airflow/dags/main_full_processs.py for tasks to queue
[2025-07-20T08:41:46.945+0000] {logging_mixin.py:188} INFO - [2025-07-20T08:41:46.945+0000] {dagbag.py:538} INFO - Filling up the DagBag from /opt/airflow/dags/main_full_processs.py
[2025-07-20T08:41:46.957+0000] {processor.py:840} INFO - DAG(s) 'ml_pipeline_with_dashboard' retrieved from /opt/airflow/dags/main_full_processs.py
[2025-07-20T08:41:46.982+0000] {logging_mixin.py:188} INFO - [2025-07-20T08:41:46.981+0000] {dag.py:3036} INFO - Sync 1 DAGs
[2025-07-20T08:41:46.993+0000] {logging_mixin.py:188} INFO - [2025-07-20T08:41:46.992+0000] {dag.py:3823} INFO - Setting next_dagrun for ml_pipeline_with_dashboard to None, run_after=None
[2025-07-20T08:41:47.012+0000] {processor.py:183} INFO - Processing /opt/airflow/dags/main_full_processs.py took 0.072 seconds
[2025-07-20T08:42:17.641+0000] {processor.py:161} INFO - Started process (PID=12528) to work on /opt/airflow/dags/main_full_processs.py
[2025-07-20T08:42:17.642+0000] {processor.py:830} INFO - Processing file /opt/airflow/dags/main_full_processs.py for tasks to queue
[2025-07-20T08:42:17.643+0000] {logging_mixin.py:188} INFO - [2025-07-20T08:42:17.643+0000] {dagbag.py:538} INFO - Filling up the DagBag from /opt/airflow/dags/main_full_processs.py
[2025-07-20T08:42:17.655+0000] {processor.py:840} INFO - DAG(s) 'ml_pipeline_with_dashboard' retrieved from /opt/airflow/dags/main_full_processs.py
[2025-07-20T08:42:17.680+0000] {logging_mixin.py:188} INFO - [2025-07-20T08:42:17.680+0000] {dag.py:3036} INFO - Sync 1 DAGs
[2025-07-20T08:42:17.693+0000] {logging_mixin.py:188} INFO - [2025-07-20T08:42:17.692+0000] {dag.py:3823} INFO - Setting next_dagrun for ml_pipeline_with_dashboard to None, run_after=None
[2025-07-20T08:42:17.712+0000] {processor.py:183} INFO - Processing /opt/airflow/dags/main_full_processs.py took 0.074 seconds
[2025-07-20T08:42:48.260+0000] {processor.py:161} INFO - Started process (PID=12543) to work on /opt/airflow/dags/main_full_processs.py
[2025-07-20T08:42:48.261+0000] {processor.py:830} INFO - Processing file /opt/airflow/dags/main_full_processs.py for tasks to queue
[2025-07-20T08:42:48.262+0000] {logging_mixin.py:188} INFO - [2025-07-20T08:42:48.262+0000] {dagbag.py:538} INFO - Filling up the DagBag from /opt/airflow/dags/main_full_processs.py
[2025-07-20T08:42:48.274+0000] {processor.py:840} INFO - DAG(s) 'ml_pipeline_with_dashboard' retrieved from /opt/airflow/dags/main_full_processs.py
[2025-07-20T08:42:48.299+0000] {logging_mixin.py:188} INFO - [2025-07-20T08:42:48.299+0000] {dag.py:3036} INFO - Sync 1 DAGs
[2025-07-20T08:42:48.310+0000] {logging_mixin.py:188} INFO - [2025-07-20T08:42:48.310+0000] {dag.py:3823} INFO - Setting next_dagrun for ml_pipeline_with_dashboard to None, run_after=None
[2025-07-20T08:42:48.329+0000] {processor.py:183} INFO - Processing /opt/airflow/dags/main_full_processs.py took 0.072 seconds
[2025-07-20T08:43:19.296+0000] {processor.py:161} INFO - Started process (PID=12558) to work on /opt/airflow/dags/main_full_processs.py
[2025-07-20T08:43:19.297+0000] {processor.py:830} INFO - Processing file /opt/airflow/dags/main_full_processs.py for tasks to queue
[2025-07-20T08:43:19.298+0000] {logging_mixin.py:188} INFO - [2025-07-20T08:43:19.297+0000] {dagbag.py:538} INFO - Filling up the DagBag from /opt/airflow/dags/main_full_processs.py
[2025-07-20T08:43:19.309+0000] {processor.py:840} INFO - DAG(s) 'ml_pipeline_with_dashboard' retrieved from /opt/airflow/dags/main_full_processs.py
[2025-07-20T08:43:19.334+0000] {logging_mixin.py:188} INFO - [2025-07-20T08:43:19.333+0000] {dag.py:3036} INFO - Sync 1 DAGs
[2025-07-20T08:43:19.344+0000] {logging_mixin.py:188} INFO - [2025-07-20T08:43:19.344+0000] {dag.py:3823} INFO - Setting next_dagrun for ml_pipeline_with_dashboard to None, run_after=None
[2025-07-20T08:43:19.361+0000] {processor.py:183} INFO - Processing /opt/airflow/dags/main_full_processs.py took 0.069 seconds
[2025-07-20T08:43:49.887+0000] {processor.py:161} INFO - Started process (PID=12571) to work on /opt/airflow/dags/main_full_processs.py
[2025-07-20T08:43:49.888+0000] {processor.py:830} INFO - Processing file /opt/airflow/dags/main_full_processs.py for tasks to queue
[2025-07-20T08:43:49.889+0000] {logging_mixin.py:188} INFO - [2025-07-20T08:43:49.889+0000] {dagbag.py:538} INFO - Filling up the DagBag from /opt/airflow/dags/main_full_processs.py
[2025-07-20T08:43:49.901+0000] {processor.py:840} INFO - DAG(s) 'ml_pipeline_with_dashboard' retrieved from /opt/airflow/dags/main_full_processs.py
[2025-07-20T08:43:49.928+0000] {logging_mixin.py:188} INFO - [2025-07-20T08:43:49.928+0000] {dag.py:3036} INFO - Sync 1 DAGs
[2025-07-20T08:43:49.939+0000] {logging_mixin.py:188} INFO - [2025-07-20T08:43:49.939+0000] {dag.py:3823} INFO - Setting next_dagrun for ml_pipeline_with_dashboard to None, run_after=None
[2025-07-20T08:43:49.958+0000] {processor.py:183} INFO - Processing /opt/airflow/dags/main_full_processs.py took 0.074 seconds
[2025-07-20T08:44:20.504+0000] {processor.py:161} INFO - Started process (PID=12588) to work on /opt/airflow/dags/main_full_processs.py
[2025-07-20T08:44:20.505+0000] {processor.py:830} INFO - Processing file /opt/airflow/dags/main_full_processs.py for tasks to queue
[2025-07-20T08:44:20.506+0000] {logging_mixin.py:188} INFO - [2025-07-20T08:44:20.506+0000] {dagbag.py:538} INFO - Filling up the DagBag from /opt/airflow/dags/main_full_processs.py
[2025-07-20T08:44:20.517+0000] {processor.py:840} INFO - DAG(s) 'ml_pipeline_with_dashboard' retrieved from /opt/airflow/dags/main_full_processs.py
[2025-07-20T08:44:20.543+0000] {logging_mixin.py:188} INFO - [2025-07-20T08:44:20.543+0000] {dag.py:3036} INFO - Sync 1 DAGs
[2025-07-20T08:44:20.553+0000] {logging_mixin.py:188} INFO - [2025-07-20T08:44:20.553+0000] {dag.py:3823} INFO - Setting next_dagrun for ml_pipeline_with_dashboard to None, run_after=None
[2025-07-20T08:44:20.575+0000] {processor.py:183} INFO - Processing /opt/airflow/dags/main_full_processs.py took 0.074 seconds
[2025-07-20T08:44:51.146+0000] {processor.py:161} INFO - Started process (PID=12603) to work on /opt/airflow/dags/main_full_processs.py
[2025-07-20T08:44:51.147+0000] {processor.py:830} INFO - Processing file /opt/airflow/dags/main_full_processs.py for tasks to queue
[2025-07-20T08:44:51.148+0000] {logging_mixin.py:188} INFO - [2025-07-20T08:44:51.147+0000] {dagbag.py:538} INFO - Filling up the DagBag from /opt/airflow/dags/main_full_processs.py
[2025-07-20T08:44:51.160+0000] {processor.py:840} INFO - DAG(s) 'ml_pipeline_with_dashboard' retrieved from /opt/airflow/dags/main_full_processs.py
[2025-07-20T08:44:51.184+0000] {logging_mixin.py:188} INFO - [2025-07-20T08:44:51.184+0000] {dag.py:3036} INFO - Sync 1 DAGs
[2025-07-20T08:44:51.195+0000] {logging_mixin.py:188} INFO - [2025-07-20T08:44:51.195+0000] {dag.py:3823} INFO - Setting next_dagrun for ml_pipeline_with_dashboard to None, run_after=None
[2025-07-20T08:44:51.216+0000] {processor.py:183} INFO - Processing /opt/airflow/dags/main_full_processs.py took 0.073 seconds
[2025-07-20T08:45:21.820+0000] {processor.py:161} INFO - Started process (PID=12616) to work on /opt/airflow/dags/main_full_processs.py
[2025-07-20T08:45:21.822+0000] {processor.py:830} INFO - Processing file /opt/airflow/dags/main_full_processs.py for tasks to queue
[2025-07-20T08:45:21.823+0000] {logging_mixin.py:188} INFO - [2025-07-20T08:45:21.822+0000] {dagbag.py:538} INFO - Filling up the DagBag from /opt/airflow/dags/main_full_processs.py
[2025-07-20T08:45:21.885+0000] {processor.py:840} INFO - DAG(s) 'ml_pipeline_with_dashboard' retrieved from /opt/airflow/dags/main_full_processs.py
[2025-07-20T08:45:21.916+0000] {logging_mixin.py:188} INFO - [2025-07-20T08:45:21.916+0000] {dag.py:3036} INFO - Sync 1 DAGs
[2025-07-20T08:45:21.929+0000] {logging_mixin.py:188} INFO - [2025-07-20T08:45:21.929+0000] {dag.py:3823} INFO - Setting next_dagrun for ml_pipeline_with_dashboard to None, run_after=None
[2025-07-20T08:45:21.949+0000] {processor.py:183} INFO - Processing /opt/airflow/dags/main_full_processs.py took 0.132 seconds
[2025-07-20T08:45:52.465+0000] {processor.py:161} INFO - Started process (PID=12631) to work on /opt/airflow/dags/main_full_processs.py
[2025-07-20T08:45:52.467+0000] {processor.py:830} INFO - Processing file /opt/airflow/dags/main_full_processs.py for tasks to queue
[2025-07-20T08:45:52.468+0000] {logging_mixin.py:188} INFO - [2025-07-20T08:45:52.467+0000] {dagbag.py:538} INFO - Filling up the DagBag from /opt/airflow/dags/main_full_processs.py
[2025-07-20T08:45:52.480+0000] {processor.py:840} INFO - DAG(s) 'ml_pipeline_with_dashboard' retrieved from /opt/airflow/dags/main_full_processs.py
[2025-07-20T08:45:52.509+0000] {logging_mixin.py:188} INFO - [2025-07-20T08:45:52.508+0000] {dag.py:3036} INFO - Sync 1 DAGs
[2025-07-20T08:45:52.522+0000] {logging_mixin.py:188} INFO - [2025-07-20T08:45:52.522+0000] {dag.py:3823} INFO - Setting next_dagrun for ml_pipeline_with_dashboard to None, run_after=None
[2025-07-20T08:45:52.543+0000] {processor.py:183} INFO - Processing /opt/airflow/dags/main_full_processs.py took 0.080 seconds
[2025-07-20T08:46:23.248+0000] {processor.py:161} INFO - Started process (PID=12646) to work on /opt/airflow/dags/main_full_processs.py
[2025-07-20T08:46:23.249+0000] {processor.py:830} INFO - Processing file /opt/airflow/dags/main_full_processs.py for tasks to queue
[2025-07-20T08:46:23.251+0000] {logging_mixin.py:188} INFO - [2025-07-20T08:46:23.250+0000] {dagbag.py:538} INFO - Filling up the DagBag from /opt/airflow/dags/main_full_processs.py
[2025-07-20T08:46:23.263+0000] {processor.py:840} INFO - DAG(s) 'ml_pipeline_with_dashboard' retrieved from /opt/airflow/dags/main_full_processs.py
[2025-07-20T08:46:23.334+0000] {logging_mixin.py:188} INFO - [2025-07-20T08:46:23.334+0000] {dag.py:3036} INFO - Sync 1 DAGs
[2025-07-20T08:46:23.345+0000] {logging_mixin.py:188} INFO - [2025-07-20T08:46:23.345+0000] {dag.py:3823} INFO - Setting next_dagrun for ml_pipeline_with_dashboard to None, run_after=None
[2025-07-20T08:46:23.364+0000] {processor.py:183} INFO - Processing /opt/airflow/dags/main_full_processs.py took 0.120 seconds
[2025-07-20T08:46:53.891+0000] {processor.py:161} INFO - Started process (PID=12663) to work on /opt/airflow/dags/main_full_processs.py
[2025-07-20T08:46:53.892+0000] {processor.py:830} INFO - Processing file /opt/airflow/dags/main_full_processs.py for tasks to queue
[2025-07-20T08:46:53.893+0000] {logging_mixin.py:188} INFO - [2025-07-20T08:46:53.892+0000] {dagbag.py:538} INFO - Filling up the DagBag from /opt/airflow/dags/main_full_processs.py
[2025-07-20T08:46:53.904+0000] {processor.py:840} INFO - DAG(s) 'ml_pipeline_with_dashboard' retrieved from /opt/airflow/dags/main_full_processs.py
[2025-07-20T08:46:53.941+0000] {logging_mixin.py:188} INFO - [2025-07-20T08:46:53.941+0000] {dag.py:3036} INFO - Sync 1 DAGs
[2025-07-20T08:46:53.952+0000] {logging_mixin.py:188} INFO - [2025-07-20T08:46:53.952+0000] {dag.py:3823} INFO - Setting next_dagrun for ml_pipeline_with_dashboard to None, run_after=None
[2025-07-20T08:46:53.970+0000] {processor.py:183} INFO - Processing /opt/airflow/dags/main_full_processs.py took 0.082 seconds
[2025-07-20T08:47:24.519+0000] {processor.py:161} INFO - Started process (PID=12678) to work on /opt/airflow/dags/main_full_processs.py
[2025-07-20T08:47:24.520+0000] {processor.py:830} INFO - Processing file /opt/airflow/dags/main_full_processs.py for tasks to queue
[2025-07-20T08:47:24.521+0000] {logging_mixin.py:188} INFO - [2025-07-20T08:47:24.520+0000] {dagbag.py:538} INFO - Filling up the DagBag from /opt/airflow/dags/main_full_processs.py
[2025-07-20T08:47:24.532+0000] {processor.py:840} INFO - DAG(s) 'ml_pipeline_with_dashboard' retrieved from /opt/airflow/dags/main_full_processs.py
[2025-07-20T08:47:24.558+0000] {logging_mixin.py:188} INFO - [2025-07-20T08:47:24.557+0000] {dag.py:3036} INFO - Sync 1 DAGs
[2025-07-20T08:47:24.569+0000] {logging_mixin.py:188} INFO - [2025-07-20T08:47:24.569+0000] {dag.py:3823} INFO - Setting next_dagrun for ml_pipeline_with_dashboard to None, run_after=None
[2025-07-20T08:47:24.587+0000] {processor.py:183} INFO - Processing /opt/airflow/dags/main_full_processs.py took 0.070 seconds
[2025-07-20T08:47:55.203+0000] {processor.py:161} INFO - Started process (PID=12693) to work on /opt/airflow/dags/main_full_processs.py
[2025-07-20T08:47:55.204+0000] {processor.py:830} INFO - Processing file /opt/airflow/dags/main_full_processs.py for tasks to queue
[2025-07-20T08:47:55.205+0000] {logging_mixin.py:188} INFO - [2025-07-20T08:47:55.204+0000] {dagbag.py:538} INFO - Filling up the DagBag from /opt/airflow/dags/main_full_processs.py
[2025-07-20T08:47:55.216+0000] {processor.py:840} INFO - DAG(s) 'ml_pipeline_with_dashboard' retrieved from /opt/airflow/dags/main_full_processs.py
[2025-07-20T08:47:55.244+0000] {logging_mixin.py:188} INFO - [2025-07-20T08:47:55.244+0000] {dag.py:3036} INFO - Sync 1 DAGs
[2025-07-20T08:47:55.256+0000] {logging_mixin.py:188} INFO - [2025-07-20T08:47:55.256+0000] {dag.py:3823} INFO - Setting next_dagrun for ml_pipeline_with_dashboard to None, run_after=None
[2025-07-20T08:47:55.276+0000] {processor.py:183} INFO - Processing /opt/airflow/dags/main_full_processs.py took 0.076 seconds
[2025-07-20T08:48:25.997+0000] {processor.py:161} INFO - Started process (PID=12708) to work on /opt/airflow/dags/main_full_processs.py
[2025-07-20T08:48:26.002+0000] {processor.py:830} INFO - Processing file /opt/airflow/dags/main_full_processs.py for tasks to queue
[2025-07-20T08:48:26.006+0000] {logging_mixin.py:188} INFO - [2025-07-20T08:48:26.005+0000] {dagbag.py:538} INFO - Filling up the DagBag from /opt/airflow/dags/main_full_processs.py
[2025-07-20T08:48:26.042+0000] {processor.py:840} INFO - DAG(s) 'ml_pipeline_with_dashboard' retrieved from /opt/airflow/dags/main_full_processs.py
[2025-07-20T08:48:26.067+0000] {logging_mixin.py:188} INFO - [2025-07-20T08:48:26.067+0000] {dag.py:3036} INFO - Sync 1 DAGs
[2025-07-20T08:48:26.078+0000] {logging_mixin.py:188} INFO - [2025-07-20T08:48:26.078+0000] {dag.py:3823} INFO - Setting next_dagrun for ml_pipeline_with_dashboard to None, run_after=None
[2025-07-20T08:48:26.096+0000] {processor.py:183} INFO - Processing /opt/airflow/dags/main_full_processs.py took 0.112 seconds
[2025-07-20T08:48:56.580+0000] {processor.py:161} INFO - Started process (PID=12723) to work on /opt/airflow/dags/main_full_processs.py
[2025-07-20T08:48:56.581+0000] {processor.py:830} INFO - Processing file /opt/airflow/dags/main_full_processs.py for tasks to queue
[2025-07-20T08:48:56.582+0000] {logging_mixin.py:188} INFO - [2025-07-20T08:48:56.582+0000] {dagbag.py:538} INFO - Filling up the DagBag from /opt/airflow/dags/main_full_processs.py
[2025-07-20T08:48:56.593+0000] {processor.py:840} INFO - DAG(s) 'ml_pipeline_with_dashboard' retrieved from /opt/airflow/dags/main_full_processs.py
[2025-07-20T08:48:56.617+0000] {logging_mixin.py:188} INFO - [2025-07-20T08:48:56.617+0000] {dag.py:3036} INFO - Sync 1 DAGs
[2025-07-20T08:48:56.628+0000] {logging_mixin.py:188} INFO - [2025-07-20T08:48:56.628+0000] {dag.py:3823} INFO - Setting next_dagrun for ml_pipeline_with_dashboard to None, run_after=None
[2025-07-20T08:48:56.646+0000] {processor.py:183} INFO - Processing /opt/airflow/dags/main_full_processs.py took 0.069 seconds
[2025-07-20T08:49:27.271+0000] {processor.py:161} INFO - Started process (PID=12736) to work on /opt/airflow/dags/main_full_processs.py
[2025-07-20T08:49:27.272+0000] {processor.py:830} INFO - Processing file /opt/airflow/dags/main_full_processs.py for tasks to queue
[2025-07-20T08:49:27.273+0000] {logging_mixin.py:188} INFO - [2025-07-20T08:49:27.273+0000] {dagbag.py:538} INFO - Filling up the DagBag from /opt/airflow/dags/main_full_processs.py
[2025-07-20T08:49:27.285+0000] {processor.py:840} INFO - DAG(s) 'ml_pipeline_with_dashboard' retrieved from /opt/airflow/dags/main_full_processs.py
[2025-07-20T08:49:27.312+0000] {logging_mixin.py:188} INFO - [2025-07-20T08:49:27.311+0000] {dag.py:3036} INFO - Sync 1 DAGs
[2025-07-20T08:49:27.322+0000] {logging_mixin.py:188} INFO - [2025-07-20T08:49:27.322+0000] {dag.py:3823} INFO - Setting next_dagrun for ml_pipeline_with_dashboard to None, run_after=None
[2025-07-20T08:49:27.342+0000] {processor.py:183} INFO - Processing /opt/airflow/dags/main_full_processs.py took 0.075 seconds
[2025-07-20T08:49:57.903+0000] {processor.py:161} INFO - Started process (PID=12751) to work on /opt/airflow/dags/main_full_processs.py
[2025-07-20T08:49:57.904+0000] {processor.py:830} INFO - Processing file /opt/airflow/dags/main_full_processs.py for tasks to queue
[2025-07-20T08:49:57.905+0000] {logging_mixin.py:188} INFO - [2025-07-20T08:49:57.904+0000] {dagbag.py:538} INFO - Filling up the DagBag from /opt/airflow/dags/main_full_processs.py
[2025-07-20T08:49:57.916+0000] {processor.py:840} INFO - DAG(s) 'ml_pipeline_with_dashboard' retrieved from /opt/airflow/dags/main_full_processs.py
[2025-07-20T08:49:57.967+0000] {logging_mixin.py:188} INFO - [2025-07-20T08:49:57.967+0000] {dag.py:3036} INFO - Sync 1 DAGs
[2025-07-20T08:49:57.983+0000] {logging_mixin.py:188} INFO - [2025-07-20T08:49:57.983+0000] {dag.py:3823} INFO - Setting next_dagrun for ml_pipeline_with_dashboard to None, run_after=None
[2025-07-20T08:49:58.006+0000] {processor.py:183} INFO - Processing /opt/airflow/dags/main_full_processs.py took 0.107 seconds
[2025-07-20T08:50:28.812+0000] {processor.py:161} INFO - Started process (PID=12768) to work on /opt/airflow/dags/main_full_processs.py
[2025-07-20T08:50:28.813+0000] {processor.py:830} INFO - Processing file /opt/airflow/dags/main_full_processs.py for tasks to queue
[2025-07-20T08:50:28.814+0000] {logging_mixin.py:188} INFO - [2025-07-20T08:50:28.813+0000] {dagbag.py:538} INFO - Filling up the DagBag from /opt/airflow/dags/main_full_processs.py
[2025-07-20T08:50:28.825+0000] {processor.py:840} INFO - DAG(s) 'ml_pipeline_with_dashboard' retrieved from /opt/airflow/dags/main_full_processs.py
[2025-07-20T08:50:28.850+0000] {logging_mixin.py:188} INFO - [2025-07-20T08:50:28.849+0000] {dag.py:3036} INFO - Sync 1 DAGs
[2025-07-20T08:50:28.860+0000] {logging_mixin.py:188} INFO - [2025-07-20T08:50:28.860+0000] {dag.py:3823} INFO - Setting next_dagrun for ml_pipeline_with_dashboard to None, run_after=None
[2025-07-20T08:50:28.878+0000] {processor.py:183} INFO - Processing /opt/airflow/dags/main_full_processs.py took 0.070 seconds
[2025-07-20T08:50:59.557+0000] {processor.py:161} INFO - Started process (PID=12782) to work on /opt/airflow/dags/main_full_processs.py
[2025-07-20T08:50:59.558+0000] {processor.py:830} INFO - Processing file /opt/airflow/dags/main_full_processs.py for tasks to queue
[2025-07-20T08:50:59.559+0000] {logging_mixin.py:188} INFO - [2025-07-20T08:50:59.558+0000] {dagbag.py:538} INFO - Filling up the DagBag from /opt/airflow/dags/main_full_processs.py
[2025-07-20T08:50:59.568+0000] {processor.py:840} INFO - DAG(s) 'ml_pipeline_with_dashboard' retrieved from /opt/airflow/dags/main_full_processs.py
[2025-07-20T08:50:59.593+0000] {logging_mixin.py:188} INFO - [2025-07-20T08:50:59.592+0000] {dag.py:3036} INFO - Sync 1 DAGs
[2025-07-20T08:50:59.603+0000] {logging_mixin.py:188} INFO - [2025-07-20T08:50:59.603+0000] {dag.py:3823} INFO - Setting next_dagrun for ml_pipeline_with_dashboard to None, run_after=None
[2025-07-20T08:50:59.621+0000] {processor.py:183} INFO - Processing /opt/airflow/dags/main_full_processs.py took 0.068 seconds
[2025-07-20T08:51:30.215+0000] {processor.py:161} INFO - Started process (PID=12798) to work on /opt/airflow/dags/main_full_processs.py
[2025-07-20T08:51:30.216+0000] {processor.py:830} INFO - Processing file /opt/airflow/dags/main_full_processs.py for tasks to queue
[2025-07-20T08:51:30.217+0000] {logging_mixin.py:188} INFO - [2025-07-20T08:51:30.216+0000] {dagbag.py:538} INFO - Filling up the DagBag from /opt/airflow/dags/main_full_processs.py
[2025-07-20T08:51:30.228+0000] {processor.py:840} INFO - DAG(s) 'ml_pipeline_with_dashboard' retrieved from /opt/airflow/dags/main_full_processs.py
[2025-07-20T08:51:30.253+0000] {logging_mixin.py:188} INFO - [2025-07-20T08:51:30.253+0000] {dag.py:3036} INFO - Sync 1 DAGs
[2025-07-20T08:51:30.264+0000] {logging_mixin.py:188} INFO - [2025-07-20T08:51:30.264+0000] {dag.py:3823} INFO - Setting next_dagrun for ml_pipeline_with_dashboard to None, run_after=None
[2025-07-20T08:51:30.283+0000] {processor.py:183} INFO - Processing /opt/airflow/dags/main_full_processs.py took 0.072 seconds
[2025-07-20T08:52:01.056+0000] {processor.py:161} INFO - Started process (PID=12813) to work on /opt/airflow/dags/main_full_processs.py
[2025-07-20T08:52:01.061+0000] {processor.py:830} INFO - Processing file /opt/airflow/dags/main_full_processs.py for tasks to queue
[2025-07-20T08:52:01.066+0000] {logging_mixin.py:188} INFO - [2025-07-20T08:52:01.065+0000] {dagbag.py:538} INFO - Filling up the DagBag from /opt/airflow/dags/main_full_processs.py
[2025-07-20T08:52:01.089+0000] {processor.py:840} INFO - DAG(s) 'ml_pipeline_with_dashboard' retrieved from /opt/airflow/dags/main_full_processs.py
[2025-07-20T08:52:01.168+0000] {logging_mixin.py:188} INFO - [2025-07-20T08:52:01.168+0000] {dag.py:3036} INFO - Sync 1 DAGs
[2025-07-20T08:52:01.180+0000] {logging_mixin.py:188} INFO - [2025-07-20T08:52:01.180+0000] {dag.py:3823} INFO - Setting next_dagrun for ml_pipeline_with_dashboard to None, run_after=None
[2025-07-20T08:52:01.197+0000] {processor.py:183} INFO - Processing /opt/airflow/dags/main_full_processs.py took 0.162 seconds
[2025-07-20T08:52:31.525+0000] {processor.py:161} INFO - Started process (PID=12828) to work on /opt/airflow/dags/main_full_processs.py
[2025-07-20T08:52:31.526+0000] {processor.py:830} INFO - Processing file /opt/airflow/dags/main_full_processs.py for tasks to queue
[2025-07-20T08:52:31.526+0000] {logging_mixin.py:188} INFO - [2025-07-20T08:52:31.526+0000] {dagbag.py:538} INFO - Filling up the DagBag from /opt/airflow/dags/main_full_processs.py
[2025-07-20T08:52:31.538+0000] {processor.py:840} INFO - DAG(s) 'ml_pipeline_with_dashboard' retrieved from /opt/airflow/dags/main_full_processs.py
[2025-07-20T08:52:31.563+0000] {logging_mixin.py:188} INFO - [2025-07-20T08:52:31.563+0000] {dag.py:3036} INFO - Sync 1 DAGs
[2025-07-20T08:52:31.574+0000] {logging_mixin.py:188} INFO - [2025-07-20T08:52:31.574+0000] {dag.py:3823} INFO - Setting next_dagrun for ml_pipeline_with_dashboard to None, run_after=None
[2025-07-20T08:52:31.593+0000] {processor.py:183} INFO - Processing /opt/airflow/dags/main_full_processs.py took 0.071 seconds
[2025-07-20T08:53:02.113+0000] {processor.py:161} INFO - Started process (PID=12841) to work on /opt/airflow/dags/main_full_processs.py
[2025-07-20T08:53:02.114+0000] {processor.py:830} INFO - Processing file /opt/airflow/dags/main_full_processs.py for tasks to queue
[2025-07-20T08:53:02.115+0000] {logging_mixin.py:188} INFO - [2025-07-20T08:53:02.115+0000] {dagbag.py:538} INFO - Filling up the DagBag from /opt/airflow/dags/main_full_processs.py
[2025-07-20T08:53:02.127+0000] {processor.py:840} INFO - DAG(s) 'ml_pipeline_with_dashboard' retrieved from /opt/airflow/dags/main_full_processs.py
[2025-07-20T08:53:02.153+0000] {logging_mixin.py:188} INFO - [2025-07-20T08:53:02.153+0000] {dag.py:3036} INFO - Sync 1 DAGs
[2025-07-20T08:53:02.165+0000] {logging_mixin.py:188} INFO - [2025-07-20T08:53:02.164+0000] {dag.py:3823} INFO - Setting next_dagrun for ml_pipeline_with_dashboard to None, run_after=None
[2025-07-20T08:53:02.185+0000] {processor.py:183} INFO - Processing /opt/airflow/dags/main_full_processs.py took 0.075 seconds
[2025-07-20T08:53:33.031+0000] {processor.py:161} INFO - Started process (PID=12858) to work on /opt/airflow/dags/main_full_processs.py
[2025-07-20T08:53:33.032+0000] {processor.py:830} INFO - Processing file /opt/airflow/dags/main_full_processs.py for tasks to queue
[2025-07-20T08:53:33.033+0000] {logging_mixin.py:188} INFO - [2025-07-20T08:53:33.032+0000] {dagbag.py:538} INFO - Filling up the DagBag from /opt/airflow/dags/main_full_processs.py
[2025-07-20T08:53:33.044+0000] {processor.py:840} INFO - DAG(s) 'ml_pipeline_with_dashboard' retrieved from /opt/airflow/dags/main_full_processs.py
[2025-07-20T08:53:33.069+0000] {logging_mixin.py:188} INFO - [2025-07-20T08:53:33.069+0000] {dag.py:3036} INFO - Sync 1 DAGs
[2025-07-20T08:53:33.080+0000] {logging_mixin.py:188} INFO - [2025-07-20T08:53:33.079+0000] {dag.py:3823} INFO - Setting next_dagrun for ml_pipeline_with_dashboard to None, run_after=None
[2025-07-20T08:53:33.098+0000] {processor.py:183} INFO - Processing /opt/airflow/dags/main_full_processs.py took 0.070 seconds
[2025-07-20T08:54:03.649+0000] {processor.py:161} INFO - Started process (PID=12873) to work on /opt/airflow/dags/main_full_processs.py
[2025-07-20T08:54:03.650+0000] {processor.py:830} INFO - Processing file /opt/airflow/dags/main_full_processs.py for tasks to queue
[2025-07-20T08:54:03.651+0000] {logging_mixin.py:188} INFO - [2025-07-20T08:54:03.651+0000] {dagbag.py:538} INFO - Filling up the DagBag from /opt/airflow/dags/main_full_processs.py
[2025-07-20T08:54:03.662+0000] {processor.py:840} INFO - DAG(s) 'ml_pipeline_with_dashboard' retrieved from /opt/airflow/dags/main_full_processs.py
[2025-07-20T08:54:03.686+0000] {logging_mixin.py:188} INFO - [2025-07-20T08:54:03.686+0000] {dag.py:3036} INFO - Sync 1 DAGs
[2025-07-20T08:54:03.698+0000] {logging_mixin.py:188} INFO - [2025-07-20T08:54:03.698+0000] {dag.py:3823} INFO - Setting next_dagrun for ml_pipeline_with_dashboard to None, run_after=None
[2025-07-20T08:54:03.716+0000] {processor.py:183} INFO - Processing /opt/airflow/dags/main_full_processs.py took 0.069 seconds
[2025-07-20T08:54:34.428+0000] {processor.py:161} INFO - Started process (PID=12888) to work on /opt/airflow/dags/main_full_processs.py
[2025-07-20T08:54:34.429+0000] {processor.py:830} INFO - Processing file /opt/airflow/dags/main_full_processs.py for tasks to queue
[2025-07-20T08:54:34.430+0000] {logging_mixin.py:188} INFO - [2025-07-20T08:54:34.429+0000] {dagbag.py:538} INFO - Filling up the DagBag from /opt/airflow/dags/main_full_processs.py
[2025-07-20T08:54:34.476+0000] {processor.py:840} INFO - DAG(s) 'ml_pipeline_with_dashboard' retrieved from /opt/airflow/dags/main_full_processs.py
[2025-07-20T08:54:34.501+0000] {logging_mixin.py:188} INFO - [2025-07-20T08:54:34.500+0000] {dag.py:3036} INFO - Sync 1 DAGs
[2025-07-20T08:54:34.512+0000] {logging_mixin.py:188} INFO - [2025-07-20T08:54:34.512+0000] {dag.py:3823} INFO - Setting next_dagrun for ml_pipeline_with_dashboard to None, run_after=None
[2025-07-20T08:54:34.533+0000] {processor.py:183} INFO - Processing /opt/airflow/dags/main_full_processs.py took 0.108 seconds
[2025-07-20T08:55:05.262+0000] {processor.py:161} INFO - Started process (PID=12903) to work on /opt/airflow/dags/main_full_processs.py
[2025-07-20T08:55:05.263+0000] {processor.py:830} INFO - Processing file /opt/airflow/dags/main_full_processs.py for tasks to queue
[2025-07-20T08:55:05.264+0000] {logging_mixin.py:188} INFO - [2025-07-20T08:55:05.264+0000] {dagbag.py:538} INFO - Filling up the DagBag from /opt/airflow/dags/main_full_processs.py
[2025-07-20T08:55:05.276+0000] {processor.py:840} INFO - DAG(s) 'ml_pipeline_with_dashboard' retrieved from /opt/airflow/dags/main_full_processs.py
[2025-07-20T08:55:05.300+0000] {logging_mixin.py:188} INFO - [2025-07-20T08:55:05.300+0000] {dag.py:3036} INFO - Sync 1 DAGs
[2025-07-20T08:55:05.311+0000] {logging_mixin.py:188} INFO - [2025-07-20T08:55:05.311+0000] {dag.py:3823} INFO - Setting next_dagrun for ml_pipeline_with_dashboard to None, run_after=None
[2025-07-20T08:55:05.332+0000] {processor.py:183} INFO - Processing /opt/airflow/dags/main_full_processs.py took 0.074 seconds
[2025-07-20T08:55:36.006+0000] {processor.py:161} INFO - Started process (PID=12918) to work on /opt/airflow/dags/main_full_processs.py
[2025-07-20T08:55:36.007+0000] {processor.py:830} INFO - Processing file /opt/airflow/dags/main_full_processs.py for tasks to queue
[2025-07-20T08:55:36.008+0000] {logging_mixin.py:188} INFO - [2025-07-20T08:55:36.008+0000] {dagbag.py:538} INFO - Filling up the DagBag from /opt/airflow/dags/main_full_processs.py
[2025-07-20T08:55:36.021+0000] {processor.py:840} INFO - DAG(s) 'ml_pipeline_with_dashboard' retrieved from /opt/airflow/dags/main_full_processs.py
[2025-07-20T08:55:36.048+0000] {logging_mixin.py:188} INFO - [2025-07-20T08:55:36.048+0000] {dag.py:3036} INFO - Sync 1 DAGs
[2025-07-20T08:55:36.061+0000] {logging_mixin.py:188} INFO - [2025-07-20T08:55:36.060+0000] {dag.py:3823} INFO - Setting next_dagrun for ml_pipeline_with_dashboard to None, run_after=None
[2025-07-20T08:55:36.081+0000] {processor.py:183} INFO - Processing /opt/airflow/dags/main_full_processs.py took 0.080 seconds
[2025-07-20T08:56:06.733+0000] {processor.py:161} INFO - Started process (PID=12931) to work on /opt/airflow/dags/main_full_processs.py
[2025-07-20T08:56:06.734+0000] {processor.py:830} INFO - Processing file /opt/airflow/dags/main_full_processs.py for tasks to queue
[2025-07-20T08:56:06.735+0000] {logging_mixin.py:188} INFO - [2025-07-20T08:56:06.735+0000] {dagbag.py:538} INFO - Filling up the DagBag from /opt/airflow/dags/main_full_processs.py
[2025-07-20T08:56:06.762+0000] {processor.py:840} INFO - DAG(s) 'ml_pipeline_with_dashboard' retrieved from /opt/airflow/dags/main_full_processs.py
[2025-07-20T08:56:06.788+0000] {logging_mixin.py:188} INFO - [2025-07-20T08:56:06.788+0000] {dag.py:3036} INFO - Sync 1 DAGs
[2025-07-20T08:56:06.799+0000] {logging_mixin.py:188} INFO - [2025-07-20T08:56:06.799+0000] {dag.py:3823} INFO - Setting next_dagrun for ml_pipeline_with_dashboard to None, run_after=None
[2025-07-20T08:56:06.828+0000] {processor.py:183} INFO - Processing /opt/airflow/dags/main_full_processs.py took 0.099 seconds
[2025-07-20T08:56:37.425+0000] {processor.py:161} INFO - Started process (PID=12948) to work on /opt/airflow/dags/main_full_processs.py
[2025-07-20T08:56:37.427+0000] {processor.py:830} INFO - Processing file /opt/airflow/dags/main_full_processs.py for tasks to queue
[2025-07-20T08:56:37.428+0000] {logging_mixin.py:188} INFO - [2025-07-20T08:56:37.427+0000] {dagbag.py:538} INFO - Filling up the DagBag from /opt/airflow/dags/main_full_processs.py
[2025-07-20T08:56:37.440+0000] {processor.py:840} INFO - DAG(s) 'ml_pipeline_with_dashboard' retrieved from /opt/airflow/dags/main_full_processs.py
[2025-07-20T08:56:37.468+0000] {logging_mixin.py:188} INFO - [2025-07-20T08:56:37.468+0000] {dag.py:3036} INFO - Sync 1 DAGs
[2025-07-20T08:56:37.482+0000] {logging_mixin.py:188} INFO - [2025-07-20T08:56:37.482+0000] {dag.py:3823} INFO - Setting next_dagrun for ml_pipeline_with_dashboard to None, run_after=None
[2025-07-20T08:56:37.505+0000] {processor.py:183} INFO - Processing /opt/airflow/dags/main_full_processs.py took 0.083 seconds
[2025-07-20T08:57:08.044+0000] {processor.py:161} INFO - Started process (PID=12963) to work on /opt/airflow/dags/main_full_processs.py
[2025-07-20T08:57:08.045+0000] {processor.py:830} INFO - Processing file /opt/airflow/dags/main_full_processs.py for tasks to queue
[2025-07-20T08:57:08.046+0000] {logging_mixin.py:188} INFO - [2025-07-20T08:57:08.045+0000] {dagbag.py:538} INFO - Filling up the DagBag from /opt/airflow/dags/main_full_processs.py
[2025-07-20T08:57:08.056+0000] {processor.py:840} INFO - DAG(s) 'ml_pipeline_with_dashboard' retrieved from /opt/airflow/dags/main_full_processs.py
[2025-07-20T08:57:08.082+0000] {logging_mixin.py:188} INFO - [2025-07-20T08:57:08.081+0000] {dag.py:3036} INFO - Sync 1 DAGs
[2025-07-20T08:57:08.092+0000] {logging_mixin.py:188} INFO - [2025-07-20T08:57:08.092+0000] {dag.py:3823} INFO - Setting next_dagrun for ml_pipeline_with_dashboard to None, run_after=None
[2025-07-20T08:57:08.112+0000] {processor.py:183} INFO - Processing /opt/airflow/dags/main_full_processs.py took 0.071 seconds
[2025-07-20T08:57:38.730+0000] {processor.py:161} INFO - Started process (PID=12978) to work on /opt/airflow/dags/main_full_processs.py
[2025-07-20T08:57:38.731+0000] {processor.py:830} INFO - Processing file /opt/airflow/dags/main_full_processs.py for tasks to queue
[2025-07-20T08:57:38.732+0000] {logging_mixin.py:188} INFO - [2025-07-20T08:57:38.732+0000] {dagbag.py:538} INFO - Filling up the DagBag from /opt/airflow/dags/main_full_processs.py
[2025-07-20T08:57:38.749+0000] {processor.py:840} INFO - DAG(s) 'ml_pipeline_with_dashboard' retrieved from /opt/airflow/dags/main_full_processs.py
[2025-07-20T08:57:38.781+0000] {logging_mixin.py:188} INFO - [2025-07-20T08:57:38.781+0000] {dag.py:3036} INFO - Sync 1 DAGs
[2025-07-20T08:57:38.793+0000] {logging_mixin.py:188} INFO - [2025-07-20T08:57:38.793+0000] {dag.py:3823} INFO - Setting next_dagrun for ml_pipeline_with_dashboard to None, run_after=None
[2025-07-20T08:57:38.813+0000] {processor.py:183} INFO - Processing /opt/airflow/dags/main_full_processs.py took 0.088 seconds
[2025-07-20T08:58:09.471+0000] {processor.py:161} INFO - Started process (PID=12993) to work on /opt/airflow/dags/main_full_processs.py
[2025-07-20T08:58:09.472+0000] {processor.py:830} INFO - Processing file /opt/airflow/dags/main_full_processs.py for tasks to queue
[2025-07-20T08:58:09.473+0000] {logging_mixin.py:188} INFO - [2025-07-20T08:58:09.473+0000] {dagbag.py:538} INFO - Filling up the DagBag from /opt/airflow/dags/main_full_processs.py
[2025-07-20T08:58:09.484+0000] {processor.py:840} INFO - DAG(s) 'ml_pipeline_with_dashboard' retrieved from /opt/airflow/dags/main_full_processs.py
[2025-07-20T08:58:09.509+0000] {logging_mixin.py:188} INFO - [2025-07-20T08:58:09.509+0000] {dag.py:3036} INFO - Sync 1 DAGs
[2025-07-20T08:58:09.520+0000] {logging_mixin.py:188} INFO - [2025-07-20T08:58:09.519+0000] {dag.py:3823} INFO - Setting next_dagrun for ml_pipeline_with_dashboard to None, run_after=None
[2025-07-20T08:58:09.540+0000] {processor.py:183} INFO - Processing /opt/airflow/dags/main_full_processs.py took 0.072 seconds
[2025-07-20T08:58:40.239+0000] {processor.py:161} INFO - Started process (PID=13008) to work on /opt/airflow/dags/main_full_processs.py
[2025-07-20T08:58:40.240+0000] {processor.py:830} INFO - Processing file /opt/airflow/dags/main_full_processs.py for tasks to queue
[2025-07-20T08:58:40.241+0000] {logging_mixin.py:188} INFO - [2025-07-20T08:58:40.241+0000] {dagbag.py:538} INFO - Filling up the DagBag from /opt/airflow/dags/main_full_processs.py
[2025-07-20T08:58:40.253+0000] {processor.py:840} INFO - DAG(s) 'ml_pipeline_with_dashboard' retrieved from /opt/airflow/dags/main_full_processs.py
[2025-07-20T08:58:40.280+0000] {logging_mixin.py:188} INFO - [2025-07-20T08:58:40.279+0000] {dag.py:3036} INFO - Sync 1 DAGs
[2025-07-20T08:58:40.292+0000] {logging_mixin.py:188} INFO - [2025-07-20T08:58:40.292+0000] {dag.py:3823} INFO - Setting next_dagrun for ml_pipeline_with_dashboard to None, run_after=None
[2025-07-20T08:58:40.313+0000] {processor.py:183} INFO - Processing /opt/airflow/dags/main_full_processs.py took 0.077 seconds
[2025-07-20T08:59:10.999+0000] {processor.py:161} INFO - Started process (PID=13023) to work on /opt/airflow/dags/main_full_processs.py
[2025-07-20T08:59:11.000+0000] {processor.py:830} INFO - Processing file /opt/airflow/dags/main_full_processs.py for tasks to queue
[2025-07-20T08:59:11.001+0000] {logging_mixin.py:188} INFO - [2025-07-20T08:59:11.000+0000] {dagbag.py:538} INFO - Filling up the DagBag from /opt/airflow/dags/main_full_processs.py
[2025-07-20T08:59:11.013+0000] {processor.py:840} INFO - DAG(s) 'ml_pipeline_with_dashboard' retrieved from /opt/airflow/dags/main_full_processs.py
[2025-07-20T08:59:11.037+0000] {logging_mixin.py:188} INFO - [2025-07-20T08:59:11.037+0000] {dag.py:3036} INFO - Sync 1 DAGs
[2025-07-20T08:59:11.048+0000] {logging_mixin.py:188} INFO - [2025-07-20T08:59:11.048+0000] {dag.py:3823} INFO - Setting next_dagrun for ml_pipeline_with_dashboard to None, run_after=None
[2025-07-20T08:59:11.067+0000] {processor.py:183} INFO - Processing /opt/airflow/dags/main_full_processs.py took 0.071 seconds
[2025-07-20T08:59:41.629+0000] {processor.py:161} INFO - Started process (PID=13038) to work on /opt/airflow/dags/main_full_processs.py
[2025-07-20T08:59:41.630+0000] {processor.py:830} INFO - Processing file /opt/airflow/dags/main_full_processs.py for tasks to queue
[2025-07-20T08:59:41.631+0000] {logging_mixin.py:188} INFO - [2025-07-20T08:59:41.631+0000] {dagbag.py:538} INFO - Filling up the DagBag from /opt/airflow/dags/main_full_processs.py
[2025-07-20T08:59:41.653+0000] {processor.py:840} INFO - DAG(s) 'ml_pipeline_with_dashboard' retrieved from /opt/airflow/dags/main_full_processs.py
[2025-07-20T08:59:41.680+0000] {logging_mixin.py:188} INFO - [2025-07-20T08:59:41.680+0000] {dag.py:3036} INFO - Sync 1 DAGs
[2025-07-20T08:59:41.693+0000] {logging_mixin.py:188} INFO - [2025-07-20T08:59:41.693+0000] {dag.py:3823} INFO - Setting next_dagrun for ml_pipeline_with_dashboard to None, run_after=None
[2025-07-20T08:59:41.731+0000] {processor.py:183} INFO - Processing /opt/airflow/dags/main_full_processs.py took 0.106 seconds
[2025-07-20T09:00:12.261+0000] {processor.py:161} INFO - Started process (PID=13053) to work on /opt/airflow/dags/main_full_processs.py
[2025-07-20T09:00:12.262+0000] {processor.py:830} INFO - Processing file /opt/airflow/dags/main_full_processs.py for tasks to queue
[2025-07-20T09:00:12.263+0000] {logging_mixin.py:188} INFO - [2025-07-20T09:00:12.263+0000] {dagbag.py:538} INFO - Filling up the DagBag from /opt/airflow/dags/main_full_processs.py
[2025-07-20T09:00:12.274+0000] {processor.py:840} INFO - DAG(s) 'ml_pipeline_with_dashboard' retrieved from /opt/airflow/dags/main_full_processs.py
[2025-07-20T09:00:12.299+0000] {logging_mixin.py:188} INFO - [2025-07-20T09:00:12.298+0000] {dag.py:3036} INFO - Sync 1 DAGs
[2025-07-20T09:00:12.310+0000] {logging_mixin.py:188} INFO - [2025-07-20T09:00:12.309+0000] {dag.py:3823} INFO - Setting next_dagrun for ml_pipeline_with_dashboard to None, run_after=None
[2025-07-20T09:00:12.329+0000] {processor.py:183} INFO - Processing /opt/airflow/dags/main_full_processs.py took 0.071 seconds
[2025-07-20T09:00:42.918+0000] {processor.py:161} INFO - Started process (PID=13068) to work on /opt/airflow/dags/main_full_processs.py
[2025-07-20T09:00:42.919+0000] {processor.py:830} INFO - Processing file /opt/airflow/dags/main_full_processs.py for tasks to queue
[2025-07-20T09:00:42.920+0000] {logging_mixin.py:188} INFO - [2025-07-20T09:00:42.920+0000] {dagbag.py:538} INFO - Filling up the DagBag from /opt/airflow/dags/main_full_processs.py
[2025-07-20T09:00:42.933+0000] {processor.py:840} INFO - DAG(s) 'ml_pipeline_with_dashboard' retrieved from /opt/airflow/dags/main_full_processs.py
[2025-07-20T09:00:42.965+0000] {logging_mixin.py:188} INFO - [2025-07-20T09:00:42.965+0000] {dag.py:3036} INFO - Sync 1 DAGs
[2025-07-20T09:00:42.979+0000] {logging_mixin.py:188} INFO - [2025-07-20T09:00:42.978+0000] {dag.py:3823} INFO - Setting next_dagrun for ml_pipeline_with_dashboard to None, run_after=None
[2025-07-20T09:00:42.998+0000] {processor.py:183} INFO - Processing /opt/airflow/dags/main_full_processs.py took 0.083 seconds
[2025-07-20T09:01:13.667+0000] {processor.py:161} INFO - Started process (PID=13083) to work on /opt/airflow/dags/main_full_processs.py
[2025-07-20T09:01:13.671+0000] {processor.py:830} INFO - Processing file /opt/airflow/dags/main_full_processs.py for tasks to queue
[2025-07-20T09:01:13.675+0000] {logging_mixin.py:188} INFO - [2025-07-20T09:01:13.674+0000] {dagbag.py:538} INFO - Filling up the DagBag from /opt/airflow/dags/main_full_processs.py
[2025-07-20T09:01:13.696+0000] {processor.py:840} INFO - DAG(s) 'ml_pipeline_with_dashboard' retrieved from /opt/airflow/dags/main_full_processs.py
[2025-07-20T09:01:13.725+0000] {logging_mixin.py:188} INFO - [2025-07-20T09:01:13.725+0000] {dag.py:3036} INFO - Sync 1 DAGs
[2025-07-20T09:01:13.737+0000] {logging_mixin.py:188} INFO - [2025-07-20T09:01:13.736+0000] {dag.py:3823} INFO - Setting next_dagrun for ml_pipeline_with_dashboard to None, run_after=None
[2025-07-20T09:01:13.755+0000] {processor.py:183} INFO - Processing /opt/airflow/dags/main_full_processs.py took 0.102 seconds
[2025-07-20T09:01:44.440+0000] {processor.py:161} INFO - Started process (PID=13098) to work on /opt/airflow/dags/main_full_processs.py
[2025-07-20T09:01:44.441+0000] {processor.py:830} INFO - Processing file /opt/airflow/dags/main_full_processs.py for tasks to queue
[2025-07-20T09:01:44.442+0000] {logging_mixin.py:188} INFO - [2025-07-20T09:01:44.442+0000] {dagbag.py:538} INFO - Filling up the DagBag from /opt/airflow/dags/main_full_processs.py
[2025-07-20T09:01:44.453+0000] {processor.py:840} INFO - DAG(s) 'ml_pipeline_with_dashboard' retrieved from /opt/airflow/dags/main_full_processs.py
[2025-07-20T09:01:44.478+0000] {logging_mixin.py:188} INFO - [2025-07-20T09:01:44.477+0000] {dag.py:3036} INFO - Sync 1 DAGs
[2025-07-20T09:01:44.488+0000] {logging_mixin.py:188} INFO - [2025-07-20T09:01:44.488+0000] {dag.py:3823} INFO - Setting next_dagrun for ml_pipeline_with_dashboard to None, run_after=None
[2025-07-20T09:01:44.503+0000] {processor.py:183} INFO - Processing /opt/airflow/dags/main_full_processs.py took 0.066 seconds
[2025-07-20T09:02:15.146+0000] {processor.py:161} INFO - Started process (PID=13113) to work on /opt/airflow/dags/main_full_processs.py
[2025-07-20T09:02:15.147+0000] {processor.py:830} INFO - Processing file /opt/airflow/dags/main_full_processs.py for tasks to queue
[2025-07-20T09:02:15.148+0000] {logging_mixin.py:188} INFO - [2025-07-20T09:02:15.148+0000] {dagbag.py:538} INFO - Filling up the DagBag from /opt/airflow/dags/main_full_processs.py
[2025-07-20T09:02:15.159+0000] {processor.py:840} INFO - DAG(s) 'ml_pipeline_with_dashboard' retrieved from /opt/airflow/dags/main_full_processs.py
[2025-07-20T09:02:15.187+0000] {logging_mixin.py:188} INFO - [2025-07-20T09:02:15.187+0000] {dag.py:3036} INFO - Sync 1 DAGs
[2025-07-20T09:02:15.200+0000] {logging_mixin.py:188} INFO - [2025-07-20T09:02:15.200+0000] {dag.py:3823} INFO - Setting next_dagrun for ml_pipeline_with_dashboard to None, run_after=None
[2025-07-20T09:02:15.221+0000] {processor.py:183} INFO - Processing /opt/airflow/dags/main_full_processs.py took 0.078 seconds
[2025-07-20T09:02:45.631+0000] {processor.py:161} INFO - Started process (PID=13128) to work on /opt/airflow/dags/main_full_processs.py
[2025-07-20T09:02:45.632+0000] {processor.py:830} INFO - Processing file /opt/airflow/dags/main_full_processs.py for tasks to queue
[2025-07-20T09:02:45.633+0000] {logging_mixin.py:188} INFO - [2025-07-20T09:02:45.633+0000] {dagbag.py:538} INFO - Filling up the DagBag from /opt/airflow/dags/main_full_processs.py
[2025-07-20T09:02:45.646+0000] {processor.py:840} INFO - DAG(s) 'ml_pipeline_with_dashboard' retrieved from /opt/airflow/dags/main_full_processs.py
[2025-07-20T09:02:45.675+0000] {logging_mixin.py:188} INFO - [2025-07-20T09:02:45.674+0000] {dag.py:3036} INFO - Sync 1 DAGs
[2025-07-20T09:02:45.686+0000] {logging_mixin.py:188} INFO - [2025-07-20T09:02:45.686+0000] {dag.py:3823} INFO - Setting next_dagrun for ml_pipeline_with_dashboard to None, run_after=None
[2025-07-20T09:02:45.705+0000] {processor.py:183} INFO - Processing /opt/airflow/dags/main_full_processs.py took 0.077 seconds
[2025-07-20T09:03:16.333+0000] {processor.py:161} INFO - Started process (PID=13143) to work on /opt/airflow/dags/main_full_processs.py
[2025-07-20T09:03:16.333+0000] {processor.py:830} INFO - Processing file /opt/airflow/dags/main_full_processs.py for tasks to queue
[2025-07-20T09:03:16.334+0000] {logging_mixin.py:188} INFO - [2025-07-20T09:03:16.334+0000] {dagbag.py:538} INFO - Filling up the DagBag from /opt/airflow/dags/main_full_processs.py
[2025-07-20T09:03:16.344+0000] {processor.py:840} INFO - DAG(s) 'ml_pipeline_with_dashboard' retrieved from /opt/airflow/dags/main_full_processs.py
[2025-07-20T09:03:16.369+0000] {logging_mixin.py:188} INFO - [2025-07-20T09:03:16.368+0000] {dag.py:3036} INFO - Sync 1 DAGs
[2025-07-20T09:03:16.379+0000] {logging_mixin.py:188} INFO - [2025-07-20T09:03:16.379+0000] {dag.py:3823} INFO - Setting next_dagrun for ml_pipeline_with_dashboard to None, run_after=None
[2025-07-20T09:03:16.399+0000] {processor.py:183} INFO - Processing /opt/airflow/dags/main_full_processs.py took 0.070 seconds
[2025-07-20T09:03:47.035+0000] {processor.py:161} INFO - Started process (PID=13158) to work on /opt/airflow/dags/main_full_processs.py
[2025-07-20T09:03:47.036+0000] {processor.py:830} INFO - Processing file /opt/airflow/dags/main_full_processs.py for tasks to queue
[2025-07-20T09:03:47.037+0000] {logging_mixin.py:188} INFO - [2025-07-20T09:03:47.037+0000] {dagbag.py:538} INFO - Filling up the DagBag from /opt/airflow/dags/main_full_processs.py
[2025-07-20T09:03:47.048+0000] {processor.py:840} INFO - DAG(s) 'ml_pipeline_with_dashboard' retrieved from /opt/airflow/dags/main_full_processs.py
[2025-07-20T09:03:47.073+0000] {logging_mixin.py:188} INFO - [2025-07-20T09:03:47.073+0000] {dag.py:3036} INFO - Sync 1 DAGs
[2025-07-20T09:03:47.084+0000] {logging_mixin.py:188} INFO - [2025-07-20T09:03:47.083+0000] {dag.py:3823} INFO - Setting next_dagrun for ml_pipeline_with_dashboard to None, run_after=None
[2025-07-20T09:03:47.102+0000] {processor.py:183} INFO - Processing /opt/airflow/dags/main_full_processs.py took 0.070 seconds
[2025-07-20T09:04:17.688+0000] {processor.py:161} INFO - Started process (PID=13173) to work on /opt/airflow/dags/main_full_processs.py
[2025-07-20T09:04:17.689+0000] {processor.py:830} INFO - Processing file /opt/airflow/dags/main_full_processs.py for tasks to queue
[2025-07-20T09:04:17.690+0000] {logging_mixin.py:188} INFO - [2025-07-20T09:04:17.690+0000] {dagbag.py:538} INFO - Filling up the DagBag from /opt/airflow/dags/main_full_processs.py
[2025-07-20T09:04:17.701+0000] {processor.py:840} INFO - DAG(s) 'ml_pipeline_with_dashboard' retrieved from /opt/airflow/dags/main_full_processs.py
[2025-07-20T09:04:17.727+0000] {logging_mixin.py:188} INFO - [2025-07-20T09:04:17.727+0000] {dag.py:3036} INFO - Sync 1 DAGs
[2025-07-20T09:04:17.738+0000] {logging_mixin.py:188} INFO - [2025-07-20T09:04:17.737+0000] {dag.py:3823} INFO - Setting next_dagrun for ml_pipeline_with_dashboard to None, run_after=None
[2025-07-20T09:04:17.755+0000] {processor.py:183} INFO - Processing /opt/airflow/dags/main_full_processs.py took 0.069 seconds
[2025-07-20T09:04:48.334+0000] {processor.py:161} INFO - Started process (PID=13188) to work on /opt/airflow/dags/main_full_processs.py
[2025-07-20T09:04:48.335+0000] {processor.py:830} INFO - Processing file /opt/airflow/dags/main_full_processs.py for tasks to queue
[2025-07-20T09:04:48.335+0000] {logging_mixin.py:188} INFO - [2025-07-20T09:04:48.335+0000] {dagbag.py:538} INFO - Filling up the DagBag from /opt/airflow/dags/main_full_processs.py
[2025-07-20T09:04:48.348+0000] {processor.py:840} INFO - DAG(s) 'ml_pipeline_with_dashboard' retrieved from /opt/airflow/dags/main_full_processs.py
[2025-07-20T09:04:48.373+0000] {logging_mixin.py:188} INFO - [2025-07-20T09:04:48.372+0000] {dag.py:3036} INFO - Sync 1 DAGs
[2025-07-20T09:04:48.383+0000] {logging_mixin.py:188} INFO - [2025-07-20T09:04:48.383+0000] {dag.py:3823} INFO - Setting next_dagrun for ml_pipeline_with_dashboard to None, run_after=None
[2025-07-20T09:04:48.402+0000] {processor.py:183} INFO - Processing /opt/airflow/dags/main_full_processs.py took 0.072 seconds
[2025-07-20T09:05:18.788+0000] {processor.py:161} INFO - Started process (PID=13203) to work on /opt/airflow/dags/main_full_processs.py
[2025-07-20T09:05:18.789+0000] {processor.py:830} INFO - Processing file /opt/airflow/dags/main_full_processs.py for tasks to queue
[2025-07-20T09:05:18.790+0000] {logging_mixin.py:188} INFO - [2025-07-20T09:05:18.790+0000] {dagbag.py:538} INFO - Filling up the DagBag from /opt/airflow/dags/main_full_processs.py
[2025-07-20T09:05:18.801+0000] {processor.py:840} INFO - DAG(s) 'ml_pipeline_with_dashboard' retrieved from /opt/airflow/dags/main_full_processs.py
[2025-07-20T09:05:18.825+0000] {logging_mixin.py:188} INFO - [2025-07-20T09:05:18.825+0000] {dag.py:3036} INFO - Sync 1 DAGs
[2025-07-20T09:05:18.836+0000] {logging_mixin.py:188} INFO - [2025-07-20T09:05:18.835+0000] {dag.py:3823} INFO - Setting next_dagrun for ml_pipeline_with_dashboard to None, run_after=None
[2025-07-20T09:05:18.863+0000] {processor.py:183} INFO - Processing /opt/airflow/dags/main_full_processs.py took 0.078 seconds
[2025-07-20T09:05:49.311+0000] {processor.py:161} INFO - Started process (PID=13218) to work on /opt/airflow/dags/main_full_processs.py
[2025-07-20T09:05:49.312+0000] {processor.py:830} INFO - Processing file /opt/airflow/dags/main_full_processs.py for tasks to queue
[2025-07-20T09:05:49.313+0000] {logging_mixin.py:188} INFO - [2025-07-20T09:05:49.312+0000] {dagbag.py:538} INFO - Filling up the DagBag from /opt/airflow/dags/main_full_processs.py
[2025-07-20T09:05:49.324+0000] {processor.py:840} INFO - DAG(s) 'ml_pipeline_with_dashboard' retrieved from /opt/airflow/dags/main_full_processs.py
[2025-07-20T09:05:49.349+0000] {logging_mixin.py:188} INFO - [2025-07-20T09:05:49.349+0000] {dag.py:3036} INFO - Sync 1 DAGs
[2025-07-20T09:05:49.360+0000] {logging_mixin.py:188} INFO - [2025-07-20T09:05:49.360+0000] {dag.py:3823} INFO - Setting next_dagrun for ml_pipeline_with_dashboard to None, run_after=None
[2025-07-20T09:05:49.377+0000] {processor.py:183} INFO - Processing /opt/airflow/dags/main_full_processs.py took 0.069 seconds
[2025-07-20T09:06:20.046+0000] {processor.py:161} INFO - Started process (PID=13233) to work on /opt/airflow/dags/main_full_processs.py
[2025-07-20T09:06:20.050+0000] {processor.py:830} INFO - Processing file /opt/airflow/dags/main_full_processs.py for tasks to queue
[2025-07-20T09:06:20.053+0000] {logging_mixin.py:188} INFO - [2025-07-20T09:06:20.052+0000] {dagbag.py:538} INFO - Filling up the DagBag from /opt/airflow/dags/main_full_processs.py
[2025-07-20T09:06:20.069+0000] {processor.py:840} INFO - DAG(s) 'ml_pipeline_with_dashboard' retrieved from /opt/airflow/dags/main_full_processs.py
[2025-07-20T09:06:20.094+0000] {logging_mixin.py:188} INFO - [2025-07-20T09:06:20.094+0000] {dag.py:3036} INFO - Sync 1 DAGs
[2025-07-20T09:06:20.105+0000] {logging_mixin.py:188} INFO - [2025-07-20T09:06:20.105+0000] {dag.py:3823} INFO - Setting next_dagrun for ml_pipeline_with_dashboard to None, run_after=None
[2025-07-20T09:06:20.128+0000] {processor.py:183} INFO - Processing /opt/airflow/dags/main_full_processs.py took 0.096 seconds
[2025-07-20T09:06:50.473+0000] {processor.py:161} INFO - Started process (PID=13248) to work on /opt/airflow/dags/main_full_processs.py
[2025-07-20T09:06:50.474+0000] {processor.py:830} INFO - Processing file /opt/airflow/dags/main_full_processs.py for tasks to queue
[2025-07-20T09:06:50.476+0000] {logging_mixin.py:188} INFO - [2025-07-20T09:06:50.475+0000] {dagbag.py:538} INFO - Filling up the DagBag from /opt/airflow/dags/main_full_processs.py
[2025-07-20T09:06:50.491+0000] {processor.py:840} INFO - DAG(s) 'ml_pipeline_with_dashboard' retrieved from /opt/airflow/dags/main_full_processs.py
[2025-07-20T09:06:50.522+0000] {logging_mixin.py:188} INFO - [2025-07-20T09:06:50.522+0000] {dag.py:3036} INFO - Sync 1 DAGs
[2025-07-20T09:06:50.538+0000] {logging_mixin.py:188} INFO - [2025-07-20T09:06:50.538+0000] {dag.py:3823} INFO - Setting next_dagrun for ml_pipeline_with_dashboard to None, run_after=None
[2025-07-20T09:06:50.558+0000] {processor.py:183} INFO - Processing /opt/airflow/dags/main_full_processs.py took 0.091 seconds
[2025-07-20T09:07:21.115+0000] {processor.py:161} INFO - Started process (PID=13261) to work on /opt/airflow/dags/main_full_processs.py
[2025-07-20T09:07:21.117+0000] {processor.py:830} INFO - Processing file /opt/airflow/dags/main_full_processs.py for tasks to queue
[2025-07-20T09:07:21.118+0000] {logging_mixin.py:188} INFO - [2025-07-20T09:07:21.117+0000] {dagbag.py:538} INFO - Filling up the DagBag from /opt/airflow/dags/main_full_processs.py
[2025-07-20T09:07:21.131+0000] {processor.py:840} INFO - DAG(s) 'ml_pipeline_with_dashboard' retrieved from /opt/airflow/dags/main_full_processs.py
[2025-07-20T09:07:21.161+0000] {logging_mixin.py:188} INFO - [2025-07-20T09:07:21.161+0000] {dag.py:3036} INFO - Sync 1 DAGs
[2025-07-20T09:07:21.175+0000] {logging_mixin.py:188} INFO - [2025-07-20T09:07:21.175+0000] {dag.py:3823} INFO - Setting next_dagrun for ml_pipeline_with_dashboard to None, run_after=None
[2025-07-20T09:07:21.197+0000] {processor.py:183} INFO - Processing /opt/airflow/dags/main_full_processs.py took 0.086 seconds
[2025-07-20T09:07:51.839+0000] {processor.py:161} INFO - Started process (PID=13278) to work on /opt/airflow/dags/main_full_processs.py
[2025-07-20T09:07:51.840+0000] {processor.py:830} INFO - Processing file /opt/airflow/dags/main_full_processs.py for tasks to queue
[2025-07-20T09:07:51.841+0000] {logging_mixin.py:188} INFO - [2025-07-20T09:07:51.841+0000] {dagbag.py:538} INFO - Filling up the DagBag from /opt/airflow/dags/main_full_processs.py
[2025-07-20T09:07:51.854+0000] {processor.py:840} INFO - DAG(s) 'ml_pipeline_with_dashboard' retrieved from /opt/airflow/dags/main_full_processs.py
[2025-07-20T09:07:51.883+0000] {logging_mixin.py:188} INFO - [2025-07-20T09:07:51.882+0000] {dag.py:3036} INFO - Sync 1 DAGs
[2025-07-20T09:07:51.894+0000] {logging_mixin.py:188} INFO - [2025-07-20T09:07:51.894+0000] {dag.py:3823} INFO - Setting next_dagrun for ml_pipeline_with_dashboard to None, run_after=None
[2025-07-20T09:07:51.915+0000] {processor.py:183} INFO - Processing /opt/airflow/dags/main_full_processs.py took 0.080 seconds
[2025-07-20T09:08:22.822+0000] {processor.py:161} INFO - Started process (PID=13293) to work on /opt/airflow/dags/main_full_processs.py
[2025-07-20T09:08:22.823+0000] {processor.py:830} INFO - Processing file /opt/airflow/dags/main_full_processs.py for tasks to queue
[2025-07-20T09:08:22.824+0000] {logging_mixin.py:188} INFO - [2025-07-20T09:08:22.823+0000] {dagbag.py:538} INFO - Filling up the DagBag from /opt/airflow/dags/main_full_processs.py
[2025-07-20T09:08:22.835+0000] {processor.py:840} INFO - DAG(s) 'ml_pipeline_with_dashboard' retrieved from /opt/airflow/dags/main_full_processs.py
[2025-07-20T09:08:22.866+0000] {logging_mixin.py:188} INFO - [2025-07-20T09:08:22.865+0000] {dag.py:3036} INFO - Sync 1 DAGs
[2025-07-20T09:08:22.881+0000] {logging_mixin.py:188} INFO - [2025-07-20T09:08:22.881+0000] {dag.py:3823} INFO - Setting next_dagrun for ml_pipeline_with_dashboard to None, run_after=None
[2025-07-20T09:08:22.902+0000] {processor.py:183} INFO - Processing /opt/airflow/dags/main_full_processs.py took 0.084 seconds
[2025-07-20T09:08:53.363+0000] {processor.py:161} INFO - Started process (PID=13308) to work on /opt/airflow/dags/main_full_processs.py
[2025-07-20T09:08:53.364+0000] {processor.py:830} INFO - Processing file /opt/airflow/dags/main_full_processs.py for tasks to queue
[2025-07-20T09:08:53.365+0000] {logging_mixin.py:188} INFO - [2025-07-20T09:08:53.365+0000] {dagbag.py:538} INFO - Filling up the DagBag from /opt/airflow/dags/main_full_processs.py
[2025-07-20T09:08:53.378+0000] {processor.py:840} INFO - DAG(s) 'ml_pipeline_with_dashboard' retrieved from /opt/airflow/dags/main_full_processs.py
[2025-07-20T09:08:53.406+0000] {logging_mixin.py:188} INFO - [2025-07-20T09:08:53.406+0000] {dag.py:3036} INFO - Sync 1 DAGs
[2025-07-20T09:08:53.418+0000] {logging_mixin.py:188} INFO - [2025-07-20T09:08:53.418+0000] {dag.py:3823} INFO - Setting next_dagrun for ml_pipeline_with_dashboard to None, run_after=None
[2025-07-20T09:08:53.439+0000] {processor.py:183} INFO - Processing /opt/airflow/dags/main_full_processs.py took 0.079 seconds
[2025-07-20T09:09:28.956+0000] {processor.py:161} INFO - Started process (PID=13321) to work on /opt/airflow/dags/main_full_processs.py
[2025-07-20T09:09:28.958+0000] {processor.py:830} INFO - Processing file /opt/airflow/dags/main_full_processs.py for tasks to queue
[2025-07-20T09:09:28.964+0000] {logging_mixin.py:188} INFO - [2025-07-20T09:09:28.964+0000] {dagbag.py:538} INFO - Filling up the DagBag from /opt/airflow/dags/main_full_processs.py
[2025-07-20T09:09:28.980+0000] {processor.py:840} INFO - DAG(s) 'ml_pipeline_with_dashboard' retrieved from /opt/airflow/dags/main_full_processs.py
[2025-07-20T09:09:32.043+0000] {logging_mixin.py:188} INFO - [2025-07-20T09:09:32.043+0000] {dag.py:3036} INFO - Sync 1 DAGs
[2025-07-20T09:09:32.060+0000] {logging_mixin.py:188} INFO - [2025-07-20T09:09:32.060+0000] {dag.py:3823} INFO - Setting next_dagrun for ml_pipeline_with_dashboard to None, run_after=None
[2025-07-20T09:09:32.097+0000] {processor.py:183} INFO - Processing /opt/airflow/dags/main_full_processs.py took 3.144 seconds
[2025-07-20T09:10:02.893+0000] {processor.py:161} INFO - Started process (PID=13341) to work on /opt/airflow/dags/main_full_processs.py
[2025-07-20T09:10:02.894+0000] {processor.py:830} INFO - Processing file /opt/airflow/dags/main_full_processs.py for tasks to queue
[2025-07-20T09:10:02.895+0000] {logging_mixin.py:188} INFO - [2025-07-20T09:10:02.894+0000] {dagbag.py:538} INFO - Filling up the DagBag from /opt/airflow/dags/main_full_processs.py
[2025-07-20T09:10:02.905+0000] {processor.py:840} INFO - DAG(s) 'ml_pipeline_with_dashboard' retrieved from /opt/airflow/dags/main_full_processs.py
[2025-07-20T09:10:02.938+0000] {logging_mixin.py:188} INFO - [2025-07-20T09:10:02.938+0000] {dag.py:3036} INFO - Sync 1 DAGs
[2025-07-20T09:10:02.950+0000] {logging_mixin.py:188} INFO - [2025-07-20T09:10:02.950+0000] {dag.py:3823} INFO - Setting next_dagrun for ml_pipeline_with_dashboard to None, run_after=None
[2025-07-20T09:10:03.047+0000] {processor.py:183} INFO - Processing /opt/airflow/dags/main_full_processs.py took 0.159 seconds
[2025-07-20T09:10:33.254+0000] {processor.py:161} INFO - Started process (PID=13360) to work on /opt/airflow/dags/main_full_processs.py
[2025-07-20T09:10:33.255+0000] {processor.py:830} INFO - Processing file /opt/airflow/dags/main_full_processs.py for tasks to queue
[2025-07-20T09:10:33.256+0000] {logging_mixin.py:188} INFO - [2025-07-20T09:10:33.255+0000] {dagbag.py:538} INFO - Filling up the DagBag from /opt/airflow/dags/main_full_processs.py
[2025-07-20T09:10:33.265+0000] {processor.py:840} INFO - DAG(s) 'ml_pipeline_with_dashboard' retrieved from /opt/airflow/dags/main_full_processs.py
[2025-07-20T09:10:33.292+0000] {logging_mixin.py:188} INFO - [2025-07-20T09:10:33.292+0000] {dag.py:3036} INFO - Sync 1 DAGs
[2025-07-20T09:10:33.304+0000] {logging_mixin.py:188} INFO - [2025-07-20T09:10:33.303+0000] {dag.py:3823} INFO - Setting next_dagrun for ml_pipeline_with_dashboard to None, run_after=None
[2025-07-20T09:10:33.630+0000] {processor.py:183} INFO - Processing /opt/airflow/dags/main_full_processs.py took 0.379 seconds
[2025-07-20T09:11:03.926+0000] {processor.py:161} INFO - Started process (PID=13379) to work on /opt/airflow/dags/main_full_processs.py
[2025-07-20T09:11:03.931+0000] {processor.py:830} INFO - Processing file /opt/airflow/dags/main_full_processs.py for tasks to queue
[2025-07-20T09:11:03.936+0000] {logging_mixin.py:188} INFO - [2025-07-20T09:11:03.934+0000] {dagbag.py:538} INFO - Filling up the DagBag from /opt/airflow/dags/main_full_processs.py
[2025-07-20T09:11:04.021+0000] {processor.py:840} INFO - DAG(s) 'ml_pipeline_with_dashboard' retrieved from /opt/airflow/dags/main_full_processs.py
[2025-07-20T09:11:04.090+0000] {logging_mixin.py:188} INFO - [2025-07-20T09:11:04.089+0000] {dag.py:3036} INFO - Sync 1 DAGs
[2025-07-20T09:11:04.109+0000] {logging_mixin.py:188} INFO - [2025-07-20T09:11:04.108+0000] {dag.py:3823} INFO - Setting next_dagrun for ml_pipeline_with_dashboard to None, run_after=None
[2025-07-20T09:11:04.145+0000] {processor.py:183} INFO - Processing /opt/airflow/dags/main_full_processs.py took 0.236 seconds
[2025-07-20T09:11:34.869+0000] {processor.py:161} INFO - Started process (PID=13401) to work on /opt/airflow/dags/main_full_processs.py
[2025-07-20T09:11:34.871+0000] {processor.py:830} INFO - Processing file /opt/airflow/dags/main_full_processs.py for tasks to queue
[2025-07-20T09:11:34.873+0000] {logging_mixin.py:188} INFO - [2025-07-20T09:11:34.873+0000] {dagbag.py:538} INFO - Filling up the DagBag from /opt/airflow/dags/main_full_processs.py
[2025-07-20T09:11:34.888+0000] {processor.py:840} INFO - DAG(s) 'ml_pipeline_with_dashboard' retrieved from /opt/airflow/dags/main_full_processs.py
[2025-07-20T09:11:34.913+0000] {logging_mixin.py:188} INFO - [2025-07-20T09:11:34.913+0000] {dag.py:3036} INFO - Sync 1 DAGs
[2025-07-20T09:11:34.925+0000] {logging_mixin.py:188} INFO - [2025-07-20T09:11:34.924+0000] {dag.py:3823} INFO - Setting next_dagrun for ml_pipeline_with_dashboard to None, run_after=None
[2025-07-20T09:11:35.479+0000] {processor.py:183} INFO - Processing /opt/airflow/dags/main_full_processs.py took 0.618 seconds
[2025-07-20T09:12:06.839+0000] {processor.py:161} INFO - Started process (PID=13416) to work on /opt/airflow/dags/main_full_processs.py
[2025-07-20T09:12:06.840+0000] {processor.py:830} INFO - Processing file /opt/airflow/dags/main_full_processs.py for tasks to queue
[2025-07-20T09:12:06.841+0000] {logging_mixin.py:188} INFO - [2025-07-20T09:12:06.841+0000] {dagbag.py:538} INFO - Filling up the DagBag from /opt/airflow/dags/main_full_processs.py
[2025-07-20T09:12:06.853+0000] {processor.py:840} INFO - DAG(s) 'ml_pipeline_with_dashboard' retrieved from /opt/airflow/dags/main_full_processs.py
[2025-07-20T09:12:07.000+0000] {logging_mixin.py:188} INFO - [2025-07-20T09:12:07.000+0000] {dag.py:3036} INFO - Sync 1 DAGs
[2025-07-20T09:12:07.012+0000] {logging_mixin.py:188} INFO - [2025-07-20T09:12:07.012+0000] {dag.py:3823} INFO - Setting next_dagrun for ml_pipeline_with_dashboard to None, run_after=None
[2025-07-20T09:12:07.031+0000] {processor.py:183} INFO - Processing /opt/airflow/dags/main_full_processs.py took 0.194 seconds
[2025-07-20T09:12:37.445+0000] {processor.py:161} INFO - Started process (PID=13431) to work on /opt/airflow/dags/main_full_processs.py
[2025-07-20T09:12:37.446+0000] {processor.py:830} INFO - Processing file /opt/airflow/dags/main_full_processs.py for tasks to queue
[2025-07-20T09:12:37.447+0000] {logging_mixin.py:188} INFO - [2025-07-20T09:12:37.447+0000] {dagbag.py:538} INFO - Filling up the DagBag from /opt/airflow/dags/main_full_processs.py
[2025-07-20T09:12:37.457+0000] {processor.py:840} INFO - DAG(s) 'ml_pipeline_with_dashboard' retrieved from /opt/airflow/dags/main_full_processs.py
[2025-07-20T09:12:37.574+0000] {logging_mixin.py:188} INFO - [2025-07-20T09:12:37.574+0000] {dag.py:3036} INFO - Sync 1 DAGs
[2025-07-20T09:12:37.587+0000] {logging_mixin.py:188} INFO - [2025-07-20T09:12:37.587+0000] {dag.py:3823} INFO - Setting next_dagrun for ml_pipeline_with_dashboard to None, run_after=None
[2025-07-20T09:12:37.659+0000] {processor.py:183} INFO - Processing /opt/airflow/dags/main_full_processs.py took 0.221 seconds
[2025-07-20T09:13:08.167+0000] {processor.py:161} INFO - Started process (PID=13446) to work on /opt/airflow/dags/main_full_processs.py
[2025-07-20T09:13:08.172+0000] {processor.py:830} INFO - Processing file /opt/airflow/dags/main_full_processs.py for tasks to queue
[2025-07-20T09:13:08.176+0000] {logging_mixin.py:188} INFO - [2025-07-20T09:13:08.175+0000] {dagbag.py:538} INFO - Filling up the DagBag from /opt/airflow/dags/main_full_processs.py
[2025-07-20T09:13:08.207+0000] {processor.py:840} INFO - DAG(s) 'ml_pipeline_with_dashboard' retrieved from /opt/airflow/dags/main_full_processs.py
[2025-07-20T09:13:08.235+0000] {logging_mixin.py:188} INFO - [2025-07-20T09:13:08.235+0000] {dag.py:3036} INFO - Sync 1 DAGs
[2025-07-20T09:13:08.247+0000] {logging_mixin.py:188} INFO - [2025-07-20T09:13:08.247+0000] {dag.py:3823} INFO - Setting next_dagrun for ml_pipeline_with_dashboard to None, run_after=None
[2025-07-20T09:13:08.313+0000] {processor.py:183} INFO - Processing /opt/airflow/dags/main_full_processs.py took 0.163 seconds
[2025-07-20T09:13:38.758+0000] {processor.py:161} INFO - Started process (PID=13461) to work on /opt/airflow/dags/main_full_processs.py
[2025-07-20T09:13:38.759+0000] {processor.py:830} INFO - Processing file /opt/airflow/dags/main_full_processs.py for tasks to queue
[2025-07-20T09:13:38.760+0000] {logging_mixin.py:188} INFO - [2025-07-20T09:13:38.760+0000] {dagbag.py:538} INFO - Filling up the DagBag from /opt/airflow/dags/main_full_processs.py
[2025-07-20T09:13:38.898+0000] {processor.py:840} INFO - DAG(s) 'ml_pipeline_with_dashboard' retrieved from /opt/airflow/dags/main_full_processs.py
[2025-07-20T09:13:38.928+0000] {logging_mixin.py:188} INFO - [2025-07-20T09:13:38.928+0000] {dag.py:3036} INFO - Sync 1 DAGs
[2025-07-20T09:13:39.002+0000] {logging_mixin.py:188} INFO - [2025-07-20T09:13:39.002+0000] {dag.py:3823} INFO - Setting next_dagrun for ml_pipeline_with_dashboard to None, run_after=None
[2025-07-20T09:13:39.254+0000] {processor.py:183} INFO - Processing /opt/airflow/dags/main_full_processs.py took 0.499 seconds
[2025-07-20T09:14:09.788+0000] {processor.py:161} INFO - Started process (PID=13474) to work on /opt/airflow/dags/main_full_processs.py
[2025-07-20T09:14:09.790+0000] {processor.py:830} INFO - Processing file /opt/airflow/dags/main_full_processs.py for tasks to queue
[2025-07-20T09:14:09.791+0000] {logging_mixin.py:188} INFO - [2025-07-20T09:14:09.791+0000] {dagbag.py:538} INFO - Filling up the DagBag from /opt/airflow/dags/main_full_processs.py
[2025-07-20T09:14:09.834+0000] {processor.py:840} INFO - DAG(s) 'ml_pipeline_with_dashboard' retrieved from /opt/airflow/dags/main_full_processs.py
[2025-07-20T09:14:09.914+0000] {logging_mixin.py:188} INFO - [2025-07-20T09:14:09.913+0000] {dag.py:3036} INFO - Sync 1 DAGs
[2025-07-20T09:14:09.926+0000] {logging_mixin.py:188} INFO - [2025-07-20T09:14:09.926+0000] {dag.py:3823} INFO - Setting next_dagrun for ml_pipeline_with_dashboard to None, run_after=None
[2025-07-20T09:14:09.947+0000] {processor.py:183} INFO - Processing /opt/airflow/dags/main_full_processs.py took 0.163 seconds
[2025-07-20T09:14:40.235+0000] {processor.py:161} INFO - Started process (PID=13491) to work on /opt/airflow/dags/main_full_processs.py
[2025-07-20T09:14:40.237+0000] {processor.py:830} INFO - Processing file /opt/airflow/dags/main_full_processs.py for tasks to queue
[2025-07-20T09:14:40.238+0000] {logging_mixin.py:188} INFO - [2025-07-20T09:14:40.238+0000] {dagbag.py:538} INFO - Filling up the DagBag from /opt/airflow/dags/main_full_processs.py
[2025-07-20T09:14:40.253+0000] {processor.py:840} INFO - DAG(s) 'ml_pipeline_with_dashboard' retrieved from /opt/airflow/dags/main_full_processs.py
[2025-07-20T09:14:40.289+0000] {logging_mixin.py:188} INFO - [2025-07-20T09:14:40.289+0000] {dag.py:3036} INFO - Sync 1 DAGs
[2025-07-20T09:14:40.335+0000] {logging_mixin.py:188} INFO - [2025-07-20T09:14:40.335+0000] {dag.py:3823} INFO - Setting next_dagrun for ml_pipeline_with_dashboard to None, run_after=None
[2025-07-20T09:14:40.403+0000] {processor.py:183} INFO - Processing /opt/airflow/dags/main_full_processs.py took 0.174 seconds
[2025-07-20T09:15:25.698+0000] {processor.py:161} INFO - Started process (PID=13507) to work on /opt/airflow/dags/main_full_processs.py
[2025-07-20T09:15:25.699+0000] {processor.py:830} INFO - Processing file /opt/airflow/dags/main_full_processs.py for tasks to queue
[2025-07-20T09:15:25.700+0000] {logging_mixin.py:188} INFO - [2025-07-20T09:15:25.700+0000] {dagbag.py:538} INFO - Filling up the DagBag from /opt/airflow/dags/main_full_processs.py
[2025-07-20T09:15:25.810+0000] {processor.py:840} INFO - DAG(s) 'ml_pipeline_with_dashboard' retrieved from /opt/airflow/dags/main_full_processs.py
[2025-07-20T09:15:26.009+0000] {logging_mixin.py:188} INFO - [2025-07-20T09:15:26.009+0000] {dag.py:3036} INFO - Sync 1 DAGs
[2025-07-20T09:15:26.856+0000] {logging_mixin.py:188} INFO - [2025-07-20T09:15:26.855+0000] {dag.py:3823} INFO - Setting next_dagrun for ml_pipeline_with_dashboard to None, run_after=None
[2025-07-20T09:15:27.145+0000] {processor.py:183} INFO - Processing /opt/airflow/dags/main_full_processs.py took 1.450 seconds
[2025-07-20T09:15:57.407+0000] {processor.py:161} INFO - Started process (PID=13520) to work on /opt/airflow/dags/main_full_processs.py
[2025-07-20T09:15:57.410+0000] {processor.py:830} INFO - Processing file /opt/airflow/dags/main_full_processs.py for tasks to queue
[2025-07-20T09:15:57.412+0000] {logging_mixin.py:188} INFO - [2025-07-20T09:15:57.412+0000] {dagbag.py:538} INFO - Filling up the DagBag from /opt/airflow/dags/main_full_processs.py
[2025-07-20T09:15:57.430+0000] {processor.py:840} INFO - DAG(s) 'ml_pipeline_with_dashboard' retrieved from /opt/airflow/dags/main_full_processs.py
[2025-07-20T09:15:57.472+0000] {logging_mixin.py:188} INFO - [2025-07-20T09:15:57.471+0000] {dag.py:3036} INFO - Sync 1 DAGs
[2025-07-20T09:15:57.486+0000] {logging_mixin.py:188} INFO - [2025-07-20T09:15:57.485+0000] {dag.py:3823} INFO - Setting next_dagrun for ml_pipeline_with_dashboard to None, run_after=None
[2025-07-20T09:15:57.507+0000] {processor.py:183} INFO - Processing /opt/airflow/dags/main_full_processs.py took 0.114 seconds
[2025-07-20T09:16:27.998+0000] {processor.py:161} INFO - Started process (PID=13535) to work on /opt/airflow/dags/main_full_processs.py
[2025-07-20T09:16:27.999+0000] {processor.py:830} INFO - Processing file /opt/airflow/dags/main_full_processs.py for tasks to queue
[2025-07-20T09:16:28.000+0000] {logging_mixin.py:188} INFO - [2025-07-20T09:16:28.000+0000] {dagbag.py:538} INFO - Filling up the DagBag from /opt/airflow/dags/main_full_processs.py
[2025-07-20T09:16:28.017+0000] {processor.py:840} INFO - DAG(s) 'ml_pipeline_with_dashboard' retrieved from /opt/airflow/dags/main_full_processs.py
[2025-07-20T09:16:28.132+0000] {logging_mixin.py:188} INFO - [2025-07-20T09:16:28.132+0000] {dag.py:3036} INFO - Sync 1 DAGs
[2025-07-20T09:16:28.707+0000] {logging_mixin.py:188} INFO - [2025-07-20T09:16:28.706+0000] {dag.py:3823} INFO - Setting next_dagrun for ml_pipeline_with_dashboard to None, run_after=None
[2025-07-20T09:16:30.012+0000] {processor.py:183} INFO - Processing /opt/airflow/dags/main_full_processs.py took 2.017 seconds
[2025-07-20T09:17:00.278+0000] {processor.py:161} INFO - Started process (PID=13550) to work on /opt/airflow/dags/main_full_processs.py
[2025-07-20T09:17:00.279+0000] {processor.py:830} INFO - Processing file /opt/airflow/dags/main_full_processs.py for tasks to queue
[2025-07-20T09:17:00.280+0000] {logging_mixin.py:188} INFO - [2025-07-20T09:17:00.280+0000] {dagbag.py:538} INFO - Filling up the DagBag from /opt/airflow/dags/main_full_processs.py
[2025-07-20T09:17:00.291+0000] {processor.py:840} INFO - DAG(s) 'ml_pipeline_with_dashboard' retrieved from /opt/airflow/dags/main_full_processs.py
[2025-07-20T09:17:00.690+0000] {logging_mixin.py:188} INFO - [2025-07-20T09:17:00.690+0000] {dag.py:3036} INFO - Sync 1 DAGs
[2025-07-20T09:17:01.506+0000] {logging_mixin.py:188} INFO - [2025-07-20T09:17:01.506+0000] {dag.py:3823} INFO - Setting next_dagrun for ml_pipeline_with_dashboard to None, run_after=None
[2025-07-20T09:17:01.794+0000] {processor.py:183} INFO - Processing /opt/airflow/dags/main_full_processs.py took 1.518 seconds
[2025-07-20T09:17:32.350+0000] {processor.py:161} INFO - Started process (PID=13568) to work on /opt/airflow/dags/main_full_processs.py
[2025-07-20T09:17:32.351+0000] {processor.py:830} INFO - Processing file /opt/airflow/dags/main_full_processs.py for tasks to queue
[2025-07-20T09:17:32.352+0000] {logging_mixin.py:188} INFO - [2025-07-20T09:17:32.352+0000] {dagbag.py:538} INFO - Filling up the DagBag from /opt/airflow/dags/main_full_processs.py
[2025-07-20T09:17:32.364+0000] {processor.py:840} INFO - DAG(s) 'ml_pipeline_with_dashboard' retrieved from /opt/airflow/dags/main_full_processs.py
[2025-07-20T09:17:32.392+0000] {logging_mixin.py:188} INFO - [2025-07-20T09:17:32.392+0000] {dag.py:3036} INFO - Sync 1 DAGs
[2025-07-20T09:17:32.408+0000] {logging_mixin.py:188} INFO - [2025-07-20T09:17:32.408+0000] {dag.py:3823} INFO - Setting next_dagrun for ml_pipeline_with_dashboard to None, run_after=None
[2025-07-20T09:17:32.431+0000] {processor.py:183} INFO - Processing /opt/airflow/dags/main_full_processs.py took 0.085 seconds
[2025-07-20T09:18:03.138+0000] {processor.py:161} INFO - Started process (PID=13583) to work on /opt/airflow/dags/main_full_processs.py
[2025-07-20T09:18:03.139+0000] {processor.py:830} INFO - Processing file /opt/airflow/dags/main_full_processs.py for tasks to queue
[2025-07-20T09:18:03.140+0000] {logging_mixin.py:188} INFO - [2025-07-20T09:18:03.140+0000] {dagbag.py:538} INFO - Filling up the DagBag from /opt/airflow/dags/main_full_processs.py
[2025-07-20T09:18:03.161+0000] {processor.py:840} INFO - DAG(s) 'ml_pipeline_with_dashboard' retrieved from /opt/airflow/dags/main_full_processs.py
[2025-07-20T09:18:03.189+0000] {logging_mixin.py:188} INFO - [2025-07-20T09:18:03.189+0000] {dag.py:3036} INFO - Sync 1 DAGs
[2025-07-20T09:18:03.202+0000] {logging_mixin.py:188} INFO - [2025-07-20T09:18:03.202+0000] {dag.py:3823} INFO - Setting next_dagrun for ml_pipeline_with_dashboard to None, run_after=None
[2025-07-20T09:18:03.227+0000] {processor.py:183} INFO - Processing /opt/airflow/dags/main_full_processs.py took 0.092 seconds
[2025-07-20T09:18:33.695+0000] {processor.py:161} INFO - Started process (PID=13598) to work on /opt/airflow/dags/main_full_processs.py
[2025-07-20T09:18:33.696+0000] {processor.py:830} INFO - Processing file /opt/airflow/dags/main_full_processs.py for tasks to queue
[2025-07-20T09:18:33.697+0000] {logging_mixin.py:188} INFO - [2025-07-20T09:18:33.697+0000] {dagbag.py:538} INFO - Filling up the DagBag from /opt/airflow/dags/main_full_processs.py
[2025-07-20T09:18:33.709+0000] {processor.py:840} INFO - DAG(s) 'ml_pipeline_with_dashboard' retrieved from /opt/airflow/dags/main_full_processs.py
[2025-07-20T09:18:33.743+0000] {logging_mixin.py:188} INFO - [2025-07-20T09:18:33.743+0000] {dag.py:3036} INFO - Sync 1 DAGs
[2025-07-20T09:18:33.761+0000] {logging_mixin.py:188} INFO - [2025-07-20T09:18:33.761+0000] {dag.py:3823} INFO - Setting next_dagrun for ml_pipeline_with_dashboard to None, run_after=None
[2025-07-20T09:18:33.782+0000] {processor.py:183} INFO - Processing /opt/airflow/dags/main_full_processs.py took 0.091 seconds
[2025-07-20T09:19:04.214+0000] {processor.py:161} INFO - Started process (PID=13613) to work on /opt/airflow/dags/main_full_processs.py
[2025-07-20T09:19:04.215+0000] {processor.py:830} INFO - Processing file /opt/airflow/dags/main_full_processs.py for tasks to queue
[2025-07-20T09:19:04.216+0000] {logging_mixin.py:188} INFO - [2025-07-20T09:19:04.216+0000] {dagbag.py:538} INFO - Filling up the DagBag from /opt/airflow/dags/main_full_processs.py
[2025-07-20T09:19:04.241+0000] {processor.py:840} INFO - DAG(s) 'ml_pipeline_with_dashboard' retrieved from /opt/airflow/dags/main_full_processs.py
[2025-07-20T09:19:04.271+0000] {logging_mixin.py:188} INFO - [2025-07-20T09:19:04.271+0000] {dag.py:3036} INFO - Sync 1 DAGs
[2025-07-20T09:19:04.283+0000] {logging_mixin.py:188} INFO - [2025-07-20T09:19:04.283+0000] {dag.py:3823} INFO - Setting next_dagrun for ml_pipeline_with_dashboard to None, run_after=None
[2025-07-20T09:19:04.304+0000] {processor.py:183} INFO - Processing /opt/airflow/dags/main_full_processs.py took 0.093 seconds
[2025-07-20T09:19:34.804+0000] {processor.py:161} INFO - Started process (PID=13628) to work on /opt/airflow/dags/main_full_processs.py
[2025-07-20T09:19:34.805+0000] {processor.py:830} INFO - Processing file /opt/airflow/dags/main_full_processs.py for tasks to queue
[2025-07-20T09:19:34.806+0000] {logging_mixin.py:188} INFO - [2025-07-20T09:19:34.805+0000] {dagbag.py:538} INFO - Filling up the DagBag from /opt/airflow/dags/main_full_processs.py
[2025-07-20T09:19:34.818+0000] {processor.py:840} INFO - DAG(s) 'ml_pipeline_with_dashboard' retrieved from /opt/airflow/dags/main_full_processs.py
[2025-07-20T09:19:34.845+0000] {logging_mixin.py:188} INFO - [2025-07-20T09:19:34.845+0000] {dag.py:3036} INFO - Sync 1 DAGs
[2025-07-20T09:19:34.858+0000] {logging_mixin.py:188} INFO - [2025-07-20T09:19:34.857+0000] {dag.py:3823} INFO - Setting next_dagrun for ml_pipeline_with_dashboard to None, run_after=None
[2025-07-20T09:19:34.880+0000] {processor.py:183} INFO - Processing /opt/airflow/dags/main_full_processs.py took 0.080 seconds
