[2025-07-20T08:03:09.719+0000] {processor.py:161} INFO - Started process (PID=11339) to work on /opt/airflow/dags/mlops_full_processs.py
[2025-07-20T08:03:09.721+0000] {processor.py:830} INFO - Processing file /opt/airflow/dags/mlops_full_processs.py for tasks to queue
[2025-07-20T08:03:09.722+0000] {logging_mixin.py:188} INFO - [2025-07-20T08:03:09.722+0000] {dagbag.py:538} INFO - Filling up the DagBag from /opt/airflow/dags/mlops_full_processs.py
[2025-07-20T08:03:09.805+0000] {processor.py:840} INFO - DAG(s) 'complete_mlops_final_pipeline' retrieved from /opt/airflow/dags/mlops_full_processs.py
[2025-07-20T08:03:15.101+0000] {logging_mixin.py:188} INFO - [2025-07-20T08:03:14.612+0000] {override.py:1769} INFO - Created Permission View: can edit on DAG:complete_mlops_final_pipeline
[2025-07-20T08:03:15.128+0000] {logging_mixin.py:188} INFO - [2025-07-20T08:03:15.127+0000] {override.py:1769} INFO - Created Permission View: can read on DAG:complete_mlops_final_pipeline
[2025-07-20T08:03:15.138+0000] {logging_mixin.py:188} INFO - [2025-07-20T08:03:15.137+0000] {override.py:1769} INFO - Created Permission View: can delete on DAG:complete_mlops_final_pipeline
[2025-07-20T08:03:15.139+0000] {logging_mixin.py:188} INFO - [2025-07-20T08:03:15.139+0000] {dag.py:3036} INFO - Sync 1 DAGs
[2025-07-20T08:03:15.182+0000] {logging_mixin.py:188} INFO - [2025-07-20T08:03:15.181+0000] {dag.py:3058} INFO - Creating ORM DAG for complete_mlops_final_pipeline
[2025-07-20T08:03:15.184+0000] {logging_mixin.py:188} INFO - [2025-07-20T08:03:15.183+0000] {dag.py:3823} INFO - Setting next_dagrun for complete_mlops_final_pipeline to None, run_after=None
[2025-07-20T08:03:15.431+0000] {processor.py:183} INFO - Processing /opt/airflow/dags/mlops_full_processs.py took 5.718 seconds
[2025-07-20T08:03:45.803+0000] {processor.py:161} INFO - Started process (PID=11364) to work on /opt/airflow/dags/mlops_full_processs.py
[2025-07-20T08:03:45.804+0000] {processor.py:830} INFO - Processing file /opt/airflow/dags/mlops_full_processs.py for tasks to queue
[2025-07-20T08:03:45.805+0000] {logging_mixin.py:188} INFO - [2025-07-20T08:03:45.805+0000] {dagbag.py:538} INFO - Filling up the DagBag from /opt/airflow/dags/mlops_full_processs.py
[2025-07-20T08:03:45.820+0000] {processor.py:840} INFO - DAG(s) 'complete_mlops_final_pipeline' retrieved from /opt/airflow/dags/mlops_full_processs.py
[2025-07-20T08:03:45.853+0000] {logging_mixin.py:188} INFO - [2025-07-20T08:03:45.852+0000] {dag.py:3036} INFO - Sync 1 DAGs
[2025-07-20T08:03:45.865+0000] {logging_mixin.py:188} INFO - [2025-07-20T08:03:45.865+0000] {dag.py:3823} INFO - Setting next_dagrun for complete_mlops_final_pipeline to None, run_after=None
[2025-07-20T08:03:45.886+0000] {processor.py:183} INFO - Processing /opt/airflow/dags/mlops_full_processs.py took 0.088 seconds
[2025-07-20T08:04:07.426+0000] {processor.py:161} INFO - Started process (PID=11369) to work on /opt/airflow/dags/mlops_full_processs.py
[2025-07-20T08:04:07.427+0000] {processor.py:830} INFO - Processing file /opt/airflow/dags/mlops_full_processs.py for tasks to queue
[2025-07-20T08:04:07.428+0000] {logging_mixin.py:188} INFO - [2025-07-20T08:04:07.428+0000] {dagbag.py:538} INFO - Filling up the DagBag from /opt/airflow/dags/mlops_full_processs.py
[2025-07-20T08:04:07.469+0000] {processor.py:840} INFO - DAG(s) 'ml_pipeline_with_dashboard' retrieved from /opt/airflow/dags/mlops_full_processs.py
[2025-07-20T08:04:07.637+0000] {logging_mixin.py:188} INFO - [2025-07-20T08:04:07.637+0000] {dag.py:3036} INFO - Sync 1 DAGs
[2025-07-20T08:04:07.653+0000] {logging_mixin.py:188} INFO - [2025-07-20T08:04:07.653+0000] {dag.py:3823} INFO - Setting next_dagrun for ml_pipeline_with_dashboard to None, run_after=None
[2025-07-20T08:04:07.680+0000] {processor.py:183} INFO - Processing /opt/airflow/dags/mlops_full_processs.py took 0.256 seconds
[2025-07-20T08:04:24.926+0000] {processor.py:161} INFO - Started process (PID=11384) to work on /opt/airflow/dags/mlops_full_processs.py
[2025-07-20T08:04:24.927+0000] {processor.py:830} INFO - Processing file /opt/airflow/dags/mlops_full_processs.py for tasks to queue
[2025-07-20T08:04:24.928+0000] {logging_mixin.py:188} INFO - [2025-07-20T08:04:24.927+0000] {dagbag.py:538} INFO - Filling up the DagBag from /opt/airflow/dags/mlops_full_processs.py
[2025-07-20T08:04:24.980+0000] {processor.py:840} INFO - DAG(s) 'ml_pipeline_full_end_to_end_' retrieved from /opt/airflow/dags/mlops_full_processs.py
[2025-07-20T08:04:25.111+0000] {logging_mixin.py:188} INFO - [2025-07-20T08:04:25.109+0000] {override.py:1769} INFO - Created Permission View: can edit on DAG:ml_pipeline_full_end_to_end_
[2025-07-20T08:04:25.123+0000] {logging_mixin.py:188} INFO - [2025-07-20T08:04:25.123+0000] {override.py:1769} INFO - Created Permission View: can read on DAG:ml_pipeline_full_end_to_end_
[2025-07-20T08:04:25.132+0000] {logging_mixin.py:188} INFO - [2025-07-20T08:04:25.132+0000] {override.py:1769} INFO - Created Permission View: can delete on DAG:ml_pipeline_full_end_to_end_
[2025-07-20T08:04:25.133+0000] {logging_mixin.py:188} INFO - [2025-07-20T08:04:25.132+0000] {dag.py:3036} INFO - Sync 1 DAGs
[2025-07-20T08:04:25.143+0000] {logging_mixin.py:188} INFO - [2025-07-20T08:04:25.143+0000] {dag.py:3058} INFO - Creating ORM DAG for ml_pipeline_full_end_to_end_
[2025-07-20T08:04:25.144+0000] {logging_mixin.py:188} INFO - [2025-07-20T08:04:25.144+0000] {dag.py:3823} INFO - Setting next_dagrun for ml_pipeline_full_end_to_end_ to None, run_after=None
[2025-07-20T08:04:25.171+0000] {processor.py:183} INFO - Processing /opt/airflow/dags/mlops_full_processs.py took 0.247 seconds
[2025-07-20T08:04:27.371+0000] {processor.py:161} INFO - Started process (PID=11389) to work on /opt/airflow/dags/mlops_full_processs.py
[2025-07-20T08:04:27.372+0000] {processor.py:830} INFO - Processing file /opt/airflow/dags/mlops_full_processs.py for tasks to queue
[2025-07-20T08:04:27.374+0000] {logging_mixin.py:188} INFO - [2025-07-20T08:04:27.373+0000] {dagbag.py:538} INFO - Filling up the DagBag from /opt/airflow/dags/mlops_full_processs.py
[2025-07-20T08:04:27.438+0000] {processor.py:840} INFO - DAG(s) 'ml_pipeline_full_end_to_end_working' retrieved from /opt/airflow/dags/mlops_full_processs.py
[2025-07-20T08:04:27.591+0000] {logging_mixin.py:188} INFO - [2025-07-20T08:04:27.587+0000] {override.py:1769} INFO - Created Permission View: can edit on DAG:ml_pipeline_full_end_to_end_working
[2025-07-20T08:04:27.624+0000] {logging_mixin.py:188} INFO - [2025-07-20T08:04:27.623+0000] {override.py:1769} INFO - Created Permission View: can read on DAG:ml_pipeline_full_end_to_end_working
[2025-07-20T08:04:27.637+0000] {logging_mixin.py:188} INFO - [2025-07-20T08:04:27.635+0000] {override.py:1769} INFO - Created Permission View: can delete on DAG:ml_pipeline_full_end_to_end_working
[2025-07-20T08:04:27.638+0000] {logging_mixin.py:188} INFO - [2025-07-20T08:04:27.638+0000] {dag.py:3036} INFO - Sync 1 DAGs
[2025-07-20T08:04:27.649+0000] {logging_mixin.py:188} INFO - [2025-07-20T08:04:27.649+0000] {dag.py:3058} INFO - Creating ORM DAG for ml_pipeline_full_end_to_end_working
[2025-07-20T08:04:27.651+0000] {logging_mixin.py:188} INFO - [2025-07-20T08:04:27.650+0000] {dag.py:3823} INFO - Setting next_dagrun for ml_pipeline_full_end_to_end_working to None, run_after=None
[2025-07-20T08:04:27.677+0000] {processor.py:183} INFO - Processing /opt/airflow/dags/mlops_full_processs.py took 0.312 seconds
[2025-07-20T08:04:58.315+0000] {processor.py:161} INFO - Started process (PID=11404) to work on /opt/airflow/dags/mlops_full_processs.py
[2025-07-20T08:04:58.319+0000] {processor.py:830} INFO - Processing file /opt/airflow/dags/mlops_full_processs.py for tasks to queue
[2025-07-20T08:04:58.322+0000] {logging_mixin.py:188} INFO - [2025-07-20T08:04:58.321+0000] {dagbag.py:538} INFO - Filling up the DagBag from /opt/airflow/dags/mlops_full_processs.py
[2025-07-20T08:04:58.352+0000] {processor.py:840} INFO - DAG(s) 'ml_pipeline_full_end_to_end_working' retrieved from /opt/airflow/dags/mlops_full_processs.py
[2025-07-20T08:04:58.384+0000] {logging_mixin.py:188} INFO - [2025-07-20T08:04:58.384+0000] {dag.py:3036} INFO - Sync 1 DAGs
[2025-07-20T08:04:58.395+0000] {logging_mixin.py:188} INFO - [2025-07-20T08:04:58.395+0000] {dag.py:3823} INFO - Setting next_dagrun for ml_pipeline_full_end_to_end_working to None, run_after=None
[2025-07-20T08:04:58.434+0000] {processor.py:183} INFO - Processing /opt/airflow/dags/mlops_full_processs.py took 0.134 seconds
[2025-07-20T08:05:28.974+0000] {processor.py:161} INFO - Started process (PID=11446) to work on /opt/airflow/dags/mlops_full_processs.py
[2025-07-20T08:05:28.975+0000] {processor.py:830} INFO - Processing file /opt/airflow/dags/mlops_full_processs.py for tasks to queue
[2025-07-20T08:05:28.976+0000] {logging_mixin.py:188} INFO - [2025-07-20T08:05:28.975+0000] {dagbag.py:538} INFO - Filling up the DagBag from /opt/airflow/dags/mlops_full_processs.py
[2025-07-20T08:05:28.988+0000] {processor.py:840} INFO - DAG(s) 'ml_pipeline_full_end_to_end_working' retrieved from /opt/airflow/dags/mlops_full_processs.py
[2025-07-20T08:05:29.017+0000] {logging_mixin.py:188} INFO - [2025-07-20T08:05:29.017+0000] {dag.py:3036} INFO - Sync 1 DAGs
[2025-07-20T08:05:29.029+0000] {logging_mixin.py:188} INFO - [2025-07-20T08:05:29.028+0000] {dag.py:3823} INFO - Setting next_dagrun for ml_pipeline_full_end_to_end_working to None, run_after=None
[2025-07-20T08:05:29.050+0000] {processor.py:183} INFO - Processing /opt/airflow/dags/mlops_full_processs.py took 0.079 seconds
[2025-07-20T08:05:59.683+0000] {processor.py:161} INFO - Started process (PID=11463) to work on /opt/airflow/dags/mlops_full_processs.py
[2025-07-20T08:05:59.684+0000] {processor.py:830} INFO - Processing file /opt/airflow/dags/mlops_full_processs.py for tasks to queue
[2025-07-20T08:05:59.685+0000] {logging_mixin.py:188} INFO - [2025-07-20T08:05:59.685+0000] {dagbag.py:538} INFO - Filling up the DagBag from /opt/airflow/dags/mlops_full_processs.py
[2025-07-20T08:05:59.697+0000] {processor.py:840} INFO - DAG(s) 'ml_pipeline_full_end_to_end_working' retrieved from /opt/airflow/dags/mlops_full_processs.py
[2025-07-20T08:05:59.723+0000] {logging_mixin.py:188} INFO - [2025-07-20T08:05:59.723+0000] {dag.py:3036} INFO - Sync 1 DAGs
[2025-07-20T08:05:59.735+0000] {logging_mixin.py:188} INFO - [2025-07-20T08:05:59.735+0000] {dag.py:3823} INFO - Setting next_dagrun for ml_pipeline_full_end_to_end_working to None, run_after=None
[2025-07-20T08:05:59.756+0000] {processor.py:183} INFO - Processing /opt/airflow/dags/mlops_full_processs.py took 0.075 seconds
[2025-07-20T08:06:30.400+0000] {processor.py:161} INFO - Started process (PID=11478) to work on /opt/airflow/dags/mlops_full_processs.py
[2025-07-20T08:06:30.404+0000] {processor.py:830} INFO - Processing file /opt/airflow/dags/mlops_full_processs.py for tasks to queue
[2025-07-20T08:06:30.409+0000] {logging_mixin.py:188} INFO - [2025-07-20T08:06:30.407+0000] {dagbag.py:538} INFO - Filling up the DagBag from /opt/airflow/dags/mlops_full_processs.py
[2025-07-20T08:06:30.445+0000] {processor.py:840} INFO - DAG(s) 'ml_pipeline_full_end_to_end_working' retrieved from /opt/airflow/dags/mlops_full_processs.py
[2025-07-20T08:06:30.473+0000] {logging_mixin.py:188} INFO - [2025-07-20T08:06:30.473+0000] {dag.py:3036} INFO - Sync 1 DAGs
[2025-07-20T08:06:30.484+0000] {logging_mixin.py:188} INFO - [2025-07-20T08:06:30.484+0000] {dag.py:3823} INFO - Setting next_dagrun for ml_pipeline_full_end_to_end_working to None, run_after=None
[2025-07-20T08:06:30.501+0000] {processor.py:183} INFO - Processing /opt/airflow/dags/mlops_full_processs.py took 0.115 seconds
[2025-07-20T08:07:01.014+0000] {processor.py:161} INFO - Started process (PID=11493) to work on /opt/airflow/dags/mlops_full_processs.py
[2025-07-20T08:07:01.015+0000] {processor.py:830} INFO - Processing file /opt/airflow/dags/mlops_full_processs.py for tasks to queue
[2025-07-20T08:07:01.016+0000] {logging_mixin.py:188} INFO - [2025-07-20T08:07:01.015+0000] {dagbag.py:538} INFO - Filling up the DagBag from /opt/airflow/dags/mlops_full_processs.py
[2025-07-20T08:07:01.026+0000] {processor.py:840} INFO - DAG(s) 'ml_pipeline_full_end_to_end_working' retrieved from /opt/airflow/dags/mlops_full_processs.py
[2025-07-20T08:07:01.051+0000] {logging_mixin.py:188} INFO - [2025-07-20T08:07:01.050+0000] {dag.py:3036} INFO - Sync 1 DAGs
[2025-07-20T08:07:01.061+0000] {logging_mixin.py:188} INFO - [2025-07-20T08:07:01.061+0000] {dag.py:3823} INFO - Setting next_dagrun for ml_pipeline_full_end_to_end_working to None, run_after=None
[2025-07-20T08:07:01.082+0000] {processor.py:183} INFO - Processing /opt/airflow/dags/mlops_full_processs.py took 0.071 seconds
[2025-07-20T08:07:31.694+0000] {processor.py:161} INFO - Started process (PID=11508) to work on /opt/airflow/dags/mlops_full_processs.py
[2025-07-20T08:07:31.695+0000] {processor.py:830} INFO - Processing file /opt/airflow/dags/mlops_full_processs.py for tasks to queue
[2025-07-20T08:07:31.696+0000] {logging_mixin.py:188} INFO - [2025-07-20T08:07:31.695+0000] {dagbag.py:538} INFO - Filling up the DagBag from /opt/airflow/dags/mlops_full_processs.py
[2025-07-20T08:07:31.708+0000] {processor.py:840} INFO - DAG(s) 'ml_pipeline_full_end_to_end_working' retrieved from /opt/airflow/dags/mlops_full_processs.py
[2025-07-20T08:07:31.735+0000] {logging_mixin.py:188} INFO - [2025-07-20T08:07:31.735+0000] {dag.py:3036} INFO - Sync 1 DAGs
[2025-07-20T08:07:31.747+0000] {logging_mixin.py:188} INFO - [2025-07-20T08:07:31.747+0000] {dag.py:3823} INFO - Setting next_dagrun for ml_pipeline_full_end_to_end_working to None, run_after=None
[2025-07-20T08:07:31.766+0000] {processor.py:183} INFO - Processing /opt/airflow/dags/mlops_full_processs.py took 0.075 seconds
[2025-07-20T08:08:02.358+0000] {processor.py:161} INFO - Started process (PID=11523) to work on /opt/airflow/dags/mlops_full_processs.py
[2025-07-20T08:08:02.359+0000] {processor.py:830} INFO - Processing file /opt/airflow/dags/mlops_full_processs.py for tasks to queue
[2025-07-20T08:08:02.360+0000] {logging_mixin.py:188} INFO - [2025-07-20T08:08:02.359+0000] {dagbag.py:538} INFO - Filling up the DagBag from /opt/airflow/dags/mlops_full_processs.py
[2025-07-20T08:08:02.372+0000] {processor.py:840} INFO - DAG(s) 'ml_pipeline_full_end_to_end_working' retrieved from /opt/airflow/dags/mlops_full_processs.py
[2025-07-20T08:08:02.397+0000] {logging_mixin.py:188} INFO - [2025-07-20T08:08:02.397+0000] {dag.py:3036} INFO - Sync 1 DAGs
[2025-07-20T08:08:02.407+0000] {logging_mixin.py:188} INFO - [2025-07-20T08:08:02.407+0000] {dag.py:3823} INFO - Setting next_dagrun for ml_pipeline_full_end_to_end_working to None, run_after=None
[2025-07-20T08:08:02.426+0000] {processor.py:183} INFO - Processing /opt/airflow/dags/mlops_full_processs.py took 0.071 seconds
[2025-07-20T08:08:32.556+0000] {processor.py:161} INFO - Started process (PID=11538) to work on /opt/airflow/dags/mlops_full_processs.py
[2025-07-20T08:08:32.557+0000] {processor.py:830} INFO - Processing file /opt/airflow/dags/mlops_full_processs.py for tasks to queue
[2025-07-20T08:08:32.558+0000] {logging_mixin.py:188} INFO - [2025-07-20T08:08:32.558+0000] {dagbag.py:538} INFO - Filling up the DagBag from /opt/airflow/dags/mlops_full_processs.py
[2025-07-20T08:08:32.570+0000] {processor.py:840} INFO - DAG(s) 'ml_pipeline_full_end_to_end_working' retrieved from /opt/airflow/dags/mlops_full_processs.py
[2025-07-20T08:08:33.399+0000] {logging_mixin.py:188} INFO - [2025-07-20T08:08:33.399+0000] {dag.py:3036} INFO - Sync 1 DAGs
[2025-07-20T08:08:33.412+0000] {logging_mixin.py:188} INFO - [2025-07-20T08:08:33.412+0000] {dag.py:3823} INFO - Setting next_dagrun for ml_pipeline_full_end_to_end_working to None, run_after=None
[2025-07-20T08:08:33.432+0000] {processor.py:183} INFO - Processing /opt/airflow/dags/mlops_full_processs.py took 0.878 seconds
[2025-07-20T08:09:04.049+0000] {processor.py:161} INFO - Started process (PID=11553) to work on /opt/airflow/dags/mlops_full_processs.py
[2025-07-20T08:09:04.050+0000] {processor.py:830} INFO - Processing file /opt/airflow/dags/mlops_full_processs.py for tasks to queue
[2025-07-20T08:09:04.051+0000] {logging_mixin.py:188} INFO - [2025-07-20T08:09:04.050+0000] {dagbag.py:538} INFO - Filling up the DagBag from /opt/airflow/dags/mlops_full_processs.py
[2025-07-20T08:09:04.063+0000] {processor.py:840} INFO - DAG(s) 'ml_pipeline_full_end_to_end_working' retrieved from /opt/airflow/dags/mlops_full_processs.py
[2025-07-20T08:09:04.089+0000] {logging_mixin.py:188} INFO - [2025-07-20T08:09:04.089+0000] {dag.py:3036} INFO - Sync 1 DAGs
[2025-07-20T08:09:04.100+0000] {logging_mixin.py:188} INFO - [2025-07-20T08:09:04.100+0000] {dag.py:3823} INFO - Setting next_dagrun for ml_pipeline_full_end_to_end_working to None, run_after=None
[2025-07-20T08:09:04.119+0000] {processor.py:183} INFO - Processing /opt/airflow/dags/mlops_full_processs.py took 0.073 seconds
[2025-07-20T08:09:34.606+0000] {processor.py:161} INFO - Started process (PID=11568) to work on /opt/airflow/dags/mlops_full_processs.py
[2025-07-20T08:09:34.607+0000] {processor.py:830} INFO - Processing file /opt/airflow/dags/mlops_full_processs.py for tasks to queue
[2025-07-20T08:09:34.608+0000] {logging_mixin.py:188} INFO - [2025-07-20T08:09:34.607+0000] {dagbag.py:538} INFO - Filling up the DagBag from /opt/airflow/dags/mlops_full_processs.py
[2025-07-20T08:09:34.620+0000] {processor.py:840} INFO - DAG(s) 'ml_pipeline_full_end_to_end_working' retrieved from /opt/airflow/dags/mlops_full_processs.py
[2025-07-20T08:09:34.645+0000] {logging_mixin.py:188} INFO - [2025-07-20T08:09:34.645+0000] {dag.py:3036} INFO - Sync 1 DAGs
[2025-07-20T08:09:34.656+0000] {logging_mixin.py:188} INFO - [2025-07-20T08:09:34.656+0000] {dag.py:3823} INFO - Setting next_dagrun for ml_pipeline_full_end_to_end_working to None, run_after=None
[2025-07-20T08:09:34.677+0000] {processor.py:183} INFO - Processing /opt/airflow/dags/mlops_full_processs.py took 0.074 seconds
[2025-07-20T08:10:05.167+0000] {processor.py:161} INFO - Started process (PID=11583) to work on /opt/airflow/dags/mlops_full_processs.py
[2025-07-20T08:10:05.168+0000] {processor.py:830} INFO - Processing file /opt/airflow/dags/mlops_full_processs.py for tasks to queue
[2025-07-20T08:10:05.168+0000] {logging_mixin.py:188} INFO - [2025-07-20T08:10:05.168+0000] {dagbag.py:538} INFO - Filling up the DagBag from /opt/airflow/dags/mlops_full_processs.py
[2025-07-20T08:10:05.181+0000] {processor.py:840} INFO - DAG(s) 'ml_pipeline_full_end_to_end_working' retrieved from /opt/airflow/dags/mlops_full_processs.py
[2025-07-20T08:10:05.206+0000] {logging_mixin.py:188} INFO - [2025-07-20T08:10:05.206+0000] {dag.py:3036} INFO - Sync 1 DAGs
[2025-07-20T08:10:05.217+0000] {logging_mixin.py:188} INFO - [2025-07-20T08:10:05.216+0000] {dag.py:3823} INFO - Setting next_dagrun for ml_pipeline_full_end_to_end_working to None, run_after=None
[2025-07-20T08:10:05.235+0000] {processor.py:183} INFO - Processing /opt/airflow/dags/mlops_full_processs.py took 0.070 seconds
[2025-07-20T08:10:35.703+0000] {processor.py:161} INFO - Started process (PID=11598) to work on /opt/airflow/dags/mlops_full_processs.py
[2025-07-20T08:10:35.704+0000] {processor.py:830} INFO - Processing file /opt/airflow/dags/mlops_full_processs.py for tasks to queue
[2025-07-20T08:10:35.707+0000] {logging_mixin.py:188} INFO - [2025-07-20T08:10:35.706+0000] {dagbag.py:538} INFO - Filling up the DagBag from /opt/airflow/dags/mlops_full_processs.py
[2025-07-20T08:10:35.722+0000] {processor.py:840} INFO - DAG(s) 'ml_pipeline_full_end_to_end_working' retrieved from /opt/airflow/dags/mlops_full_processs.py
[2025-07-20T08:10:35.751+0000] {logging_mixin.py:188} INFO - [2025-07-20T08:10:35.751+0000] {dag.py:3036} INFO - Sync 1 DAGs
[2025-07-20T08:10:35.762+0000] {logging_mixin.py:188} INFO - [2025-07-20T08:10:35.762+0000] {dag.py:3823} INFO - Setting next_dagrun for ml_pipeline_full_end_to_end_working to None, run_after=None
[2025-07-20T08:10:35.783+0000] {processor.py:183} INFO - Processing /opt/airflow/dags/mlops_full_processs.py took 0.083 seconds
[2025-07-20T08:11:06.239+0000] {processor.py:161} INFO - Started process (PID=11613) to work on /opt/airflow/dags/mlops_full_processs.py
[2025-07-20T08:11:06.240+0000] {processor.py:830} INFO - Processing file /opt/airflow/dags/mlops_full_processs.py for tasks to queue
[2025-07-20T08:11:06.241+0000] {logging_mixin.py:188} INFO - [2025-07-20T08:11:06.241+0000] {dagbag.py:538} INFO - Filling up the DagBag from /opt/airflow/dags/mlops_full_processs.py
[2025-07-20T08:11:06.254+0000] {processor.py:840} INFO - DAG(s) 'ml_pipeline_full_end_to_end_working' retrieved from /opt/airflow/dags/mlops_full_processs.py
[2025-07-20T08:11:06.284+0000] {logging_mixin.py:188} INFO - [2025-07-20T08:11:06.284+0000] {dag.py:3036} INFO - Sync 1 DAGs
[2025-07-20T08:11:06.295+0000] {logging_mixin.py:188} INFO - [2025-07-20T08:11:06.295+0000] {dag.py:3823} INFO - Setting next_dagrun for ml_pipeline_full_end_to_end_working to None, run_after=None
[2025-07-20T08:11:06.312+0000] {processor.py:183} INFO - Processing /opt/airflow/dags/mlops_full_processs.py took 0.077 seconds
[2025-07-20T08:11:36.909+0000] {processor.py:161} INFO - Started process (PID=11628) to work on /opt/airflow/dags/mlops_full_processs.py
[2025-07-20T08:11:36.910+0000] {processor.py:830} INFO - Processing file /opt/airflow/dags/mlops_full_processs.py for tasks to queue
[2025-07-20T08:11:36.911+0000] {logging_mixin.py:188} INFO - [2025-07-20T08:11:36.911+0000] {dagbag.py:538} INFO - Filling up the DagBag from /opt/airflow/dags/mlops_full_processs.py
[2025-07-20T08:11:36.924+0000] {processor.py:840} INFO - DAG(s) 'ml_pipeline_full_end_to_end_working' retrieved from /opt/airflow/dags/mlops_full_processs.py
[2025-07-20T08:11:36.951+0000] {logging_mixin.py:188} INFO - [2025-07-20T08:11:36.951+0000] {dag.py:3036} INFO - Sync 1 DAGs
[2025-07-20T08:11:36.963+0000] {logging_mixin.py:188} INFO - [2025-07-20T08:11:36.962+0000] {dag.py:3823} INFO - Setting next_dagrun for ml_pipeline_full_end_to_end_working to None, run_after=None
[2025-07-20T08:11:36.981+0000] {processor.py:183} INFO - Processing /opt/airflow/dags/mlops_full_processs.py took 0.078 seconds
[2025-07-20T08:12:07.669+0000] {processor.py:161} INFO - Started process (PID=11643) to work on /opt/airflow/dags/mlops_full_processs.py
[2025-07-20T08:12:07.670+0000] {processor.py:830} INFO - Processing file /opt/airflow/dags/mlops_full_processs.py for tasks to queue
[2025-07-20T08:12:07.671+0000] {logging_mixin.py:188} INFO - [2025-07-20T08:12:07.671+0000] {dagbag.py:538} INFO - Filling up the DagBag from /opt/airflow/dags/mlops_full_processs.py
[2025-07-20T08:12:07.804+0000] {processor.py:840} INFO - DAG(s) 'ml_pipeline_full_end_to_end_working' retrieved from /opt/airflow/dags/mlops_full_processs.py
[2025-07-20T08:12:07.832+0000] {logging_mixin.py:188} INFO - [2025-07-20T08:12:07.831+0000] {dag.py:3036} INFO - Sync 1 DAGs
[2025-07-20T08:12:07.843+0000] {logging_mixin.py:188} INFO - [2025-07-20T08:12:07.842+0000] {dag.py:3823} INFO - Setting next_dagrun for ml_pipeline_full_end_to_end_working to None, run_after=None
[2025-07-20T08:12:07.860+0000] {processor.py:183} INFO - Processing /opt/airflow/dags/mlops_full_processs.py took 0.193 seconds
[2025-07-20T08:12:38.458+0000] {processor.py:161} INFO - Started process (PID=11658) to work on /opt/airflow/dags/mlops_full_processs.py
[2025-07-20T08:12:38.459+0000] {processor.py:830} INFO - Processing file /opt/airflow/dags/mlops_full_processs.py for tasks to queue
[2025-07-20T08:12:38.460+0000] {logging_mixin.py:188} INFO - [2025-07-20T08:12:38.460+0000] {dagbag.py:538} INFO - Filling up the DagBag from /opt/airflow/dags/mlops_full_processs.py
[2025-07-20T08:12:38.471+0000] {processor.py:840} INFO - DAG(s) 'ml_pipeline_full_end_to_end_working' retrieved from /opt/airflow/dags/mlops_full_processs.py
[2025-07-20T08:12:38.496+0000] {logging_mixin.py:188} INFO - [2025-07-20T08:12:38.496+0000] {dag.py:3036} INFO - Sync 1 DAGs
[2025-07-20T08:12:38.510+0000] {logging_mixin.py:188} INFO - [2025-07-20T08:12:38.510+0000] {dag.py:3823} INFO - Setting next_dagrun for ml_pipeline_full_end_to_end_working to None, run_after=None
[2025-07-20T08:12:38.531+0000] {processor.py:183} INFO - Processing /opt/airflow/dags/mlops_full_processs.py took 0.075 seconds
[2025-07-20T08:13:09.081+0000] {processor.py:161} INFO - Started process (PID=11673) to work on /opt/airflow/dags/mlops_full_processs.py
[2025-07-20T08:13:09.082+0000] {processor.py:830} INFO - Processing file /opt/airflow/dags/mlops_full_processs.py for tasks to queue
[2025-07-20T08:13:09.083+0000] {logging_mixin.py:188} INFO - [2025-07-20T08:13:09.082+0000] {dagbag.py:538} INFO - Filling up the DagBag from /opt/airflow/dags/mlops_full_processs.py
[2025-07-20T08:13:09.093+0000] {processor.py:840} INFO - DAG(s) 'ml_pipeline_full_end_to_end_working' retrieved from /opt/airflow/dags/mlops_full_processs.py
[2025-07-20T08:13:09.118+0000] {logging_mixin.py:188} INFO - [2025-07-20T08:13:09.118+0000] {dag.py:3036} INFO - Sync 1 DAGs
[2025-07-20T08:13:09.133+0000] {logging_mixin.py:188} INFO - [2025-07-20T08:13:09.133+0000] {dag.py:3823} INFO - Setting next_dagrun for ml_pipeline_full_end_to_end_working to None, run_after=None
[2025-07-20T08:13:09.157+0000] {processor.py:183} INFO - Processing /opt/airflow/dags/mlops_full_processs.py took 0.078 seconds
[2025-07-20T08:13:39.708+0000] {processor.py:161} INFO - Started process (PID=11688) to work on /opt/airflow/dags/mlops_full_processs.py
[2025-07-20T08:13:39.709+0000] {processor.py:830} INFO - Processing file /opt/airflow/dags/mlops_full_processs.py for tasks to queue
[2025-07-20T08:13:39.710+0000] {logging_mixin.py:188} INFO - [2025-07-20T08:13:39.709+0000] {dagbag.py:538} INFO - Filling up the DagBag from /opt/airflow/dags/mlops_full_processs.py
[2025-07-20T08:13:39.724+0000] {processor.py:840} INFO - DAG(s) 'ml_pipeline_full_end_to_end_working' retrieved from /opt/airflow/dags/mlops_full_processs.py
[2025-07-20T08:13:39.754+0000] {logging_mixin.py:188} INFO - [2025-07-20T08:13:39.753+0000] {dag.py:3036} INFO - Sync 1 DAGs
[2025-07-20T08:13:39.767+0000] {logging_mixin.py:188} INFO - [2025-07-20T08:13:39.766+0000] {dag.py:3823} INFO - Setting next_dagrun for ml_pipeline_full_end_to_end_working to None, run_after=None
[2025-07-20T08:13:39.787+0000] {processor.py:183} INFO - Processing /opt/airflow/dags/mlops_full_processs.py took 0.083 seconds
[2025-07-20T08:14:10.586+0000] {processor.py:161} INFO - Started process (PID=11703) to work on /opt/airflow/dags/mlops_full_processs.py
[2025-07-20T08:14:10.587+0000] {processor.py:830} INFO - Processing file /opt/airflow/dags/mlops_full_processs.py for tasks to queue
[2025-07-20T08:14:10.588+0000] {logging_mixin.py:188} INFO - [2025-07-20T08:14:10.587+0000] {dagbag.py:538} INFO - Filling up the DagBag from /opt/airflow/dags/mlops_full_processs.py
[2025-07-20T08:14:10.599+0000] {processor.py:840} INFO - DAG(s) 'ml_pipeline_full_end_to_end_working' retrieved from /opt/airflow/dags/mlops_full_processs.py
[2025-07-20T08:14:10.624+0000] {logging_mixin.py:188} INFO - [2025-07-20T08:14:10.623+0000] {dag.py:3036} INFO - Sync 1 DAGs
[2025-07-20T08:14:10.635+0000] {logging_mixin.py:188} INFO - [2025-07-20T08:14:10.635+0000] {dag.py:3823} INFO - Setting next_dagrun for ml_pipeline_full_end_to_end_working to None, run_after=None
[2025-07-20T08:14:10.653+0000] {processor.py:183} INFO - Processing /opt/airflow/dags/mlops_full_processs.py took 0.070 seconds
[2025-07-20T08:14:41.299+0000] {processor.py:161} INFO - Started process (PID=11718) to work on /opt/airflow/dags/mlops_full_processs.py
[2025-07-20T08:14:41.300+0000] {processor.py:830} INFO - Processing file /opt/airflow/dags/mlops_full_processs.py for tasks to queue
[2025-07-20T08:14:41.300+0000] {logging_mixin.py:188} INFO - [2025-07-20T08:14:41.300+0000] {dagbag.py:538} INFO - Filling up the DagBag from /opt/airflow/dags/mlops_full_processs.py
[2025-07-20T08:14:41.312+0000] {processor.py:840} INFO - DAG(s) 'ml_pipeline_full_end_to_end_working' retrieved from /opt/airflow/dags/mlops_full_processs.py
[2025-07-20T08:14:41.337+0000] {logging_mixin.py:188} INFO - [2025-07-20T08:14:41.337+0000] {dag.py:3036} INFO - Sync 1 DAGs
[2025-07-20T08:14:41.348+0000] {logging_mixin.py:188} INFO - [2025-07-20T08:14:41.348+0000] {dag.py:3823} INFO - Setting next_dagrun for ml_pipeline_full_end_to_end_working to None, run_after=None
[2025-07-20T08:14:41.373+0000] {processor.py:183} INFO - Processing /opt/airflow/dags/mlops_full_processs.py took 0.077 seconds
[2025-07-20T08:15:11.904+0000] {processor.py:161} INFO - Started process (PID=11733) to work on /opt/airflow/dags/mlops_full_processs.py
[2025-07-20T08:15:11.905+0000] {processor.py:830} INFO - Processing file /opt/airflow/dags/mlops_full_processs.py for tasks to queue
[2025-07-20T08:15:11.905+0000] {logging_mixin.py:188} INFO - [2025-07-20T08:15:11.905+0000] {dagbag.py:538} INFO - Filling up the DagBag from /opt/airflow/dags/mlops_full_processs.py
[2025-07-20T08:15:11.917+0000] {processor.py:840} INFO - DAG(s) 'ml_pipeline_full_end_to_end_working' retrieved from /opt/airflow/dags/mlops_full_processs.py
[2025-07-20T08:15:11.943+0000] {logging_mixin.py:188} INFO - [2025-07-20T08:15:11.943+0000] {dag.py:3036} INFO - Sync 1 DAGs
[2025-07-20T08:15:11.954+0000] {logging_mixin.py:188} INFO - [2025-07-20T08:15:11.953+0000] {dag.py:3823} INFO - Setting next_dagrun for ml_pipeline_full_end_to_end_working to None, run_after=None
[2025-07-20T08:15:11.971+0000] {processor.py:183} INFO - Processing /opt/airflow/dags/mlops_full_processs.py took 0.070 seconds
[2025-07-20T08:15:42.597+0000] {processor.py:161} INFO - Started process (PID=11748) to work on /opt/airflow/dags/mlops_full_processs.py
[2025-07-20T08:15:42.598+0000] {processor.py:830} INFO - Processing file /opt/airflow/dags/mlops_full_processs.py for tasks to queue
[2025-07-20T08:15:42.600+0000] {logging_mixin.py:188} INFO - [2025-07-20T08:15:42.599+0000] {dagbag.py:538} INFO - Filling up the DagBag from /opt/airflow/dags/mlops_full_processs.py
[2025-07-20T08:15:42.619+0000] {processor.py:840} INFO - DAG(s) 'ml_pipeline_full_end_to_end_working' retrieved from /opt/airflow/dags/mlops_full_processs.py
[2025-07-20T08:15:42.648+0000] {logging_mixin.py:188} INFO - [2025-07-20T08:15:42.648+0000] {dag.py:3036} INFO - Sync 1 DAGs
[2025-07-20T08:15:42.660+0000] {logging_mixin.py:188} INFO - [2025-07-20T08:15:42.659+0000] {dag.py:3823} INFO - Setting next_dagrun for ml_pipeline_full_end_to_end_working to None, run_after=None
[2025-07-20T08:15:42.680+0000] {processor.py:183} INFO - Processing /opt/airflow/dags/mlops_full_processs.py took 0.086 seconds
[2025-07-20T08:16:13.201+0000] {processor.py:161} INFO - Started process (PID=11763) to work on /opt/airflow/dags/mlops_full_processs.py
[2025-07-20T08:16:13.202+0000] {processor.py:830} INFO - Processing file /opt/airflow/dags/mlops_full_processs.py for tasks to queue
[2025-07-20T08:16:13.203+0000] {logging_mixin.py:188} INFO - [2025-07-20T08:16:13.203+0000] {dagbag.py:538} INFO - Filling up the DagBag from /opt/airflow/dags/mlops_full_processs.py
[2025-07-20T08:16:13.215+0000] {processor.py:840} INFO - DAG(s) 'ml_pipeline_full_end_to_end_working' retrieved from /opt/airflow/dags/mlops_full_processs.py
[2025-07-20T08:16:13.240+0000] {logging_mixin.py:188} INFO - [2025-07-20T08:16:13.240+0000] {dag.py:3036} INFO - Sync 1 DAGs
[2025-07-20T08:16:13.251+0000] {logging_mixin.py:188} INFO - [2025-07-20T08:16:13.251+0000] {dag.py:3823} INFO - Setting next_dagrun for ml_pipeline_full_end_to_end_working to None, run_after=None
[2025-07-20T08:16:13.270+0000] {processor.py:183} INFO - Processing /opt/airflow/dags/mlops_full_processs.py took 0.072 seconds
[2025-07-20T08:16:43.817+0000] {processor.py:161} INFO - Started process (PID=11778) to work on /opt/airflow/dags/mlops_full_processs.py
[2025-07-20T08:16:43.819+0000] {processor.py:830} INFO - Processing file /opt/airflow/dags/mlops_full_processs.py for tasks to queue
[2025-07-20T08:16:43.819+0000] {logging_mixin.py:188} INFO - [2025-07-20T08:16:43.819+0000] {dagbag.py:538} INFO - Filling up the DagBag from /opt/airflow/dags/mlops_full_processs.py
[2025-07-20T08:16:43.858+0000] {processor.py:840} INFO - DAG(s) 'ml_pipeline_full_end_to_end_working' retrieved from /opt/airflow/dags/mlops_full_processs.py
[2025-07-20T08:16:43.892+0000] {logging_mixin.py:188} INFO - [2025-07-20T08:16:43.892+0000] {dag.py:3036} INFO - Sync 1 DAGs
[2025-07-20T08:16:43.905+0000] {logging_mixin.py:188} INFO - [2025-07-20T08:16:43.905+0000] {dag.py:3823} INFO - Setting next_dagrun for ml_pipeline_full_end_to_end_working to None, run_after=None
[2025-07-20T08:16:43.924+0000] {processor.py:183} INFO - Processing /opt/airflow/dags/mlops_full_processs.py took 0.110 seconds
[2025-07-20T08:17:14.551+0000] {processor.py:161} INFO - Started process (PID=11793) to work on /opt/airflow/dags/mlops_full_processs.py
[2025-07-20T08:17:14.556+0000] {processor.py:830} INFO - Processing file /opt/airflow/dags/mlops_full_processs.py for tasks to queue
[2025-07-20T08:17:14.561+0000] {logging_mixin.py:188} INFO - [2025-07-20T08:17:14.559+0000] {dagbag.py:538} INFO - Filling up the DagBag from /opt/airflow/dags/mlops_full_processs.py
[2025-07-20T08:17:14.595+0000] {processor.py:840} INFO - DAG(s) 'ml_pipeline_full_end_to_end_working' retrieved from /opt/airflow/dags/mlops_full_processs.py
[2025-07-20T08:17:14.620+0000] {logging_mixin.py:188} INFO - [2025-07-20T08:17:14.620+0000] {dag.py:3036} INFO - Sync 1 DAGs
[2025-07-20T08:17:14.631+0000] {logging_mixin.py:188} INFO - [2025-07-20T08:17:14.631+0000] {dag.py:3823} INFO - Setting next_dagrun for ml_pipeline_full_end_to_end_working to None, run_after=None
[2025-07-20T08:17:14.650+0000] {processor.py:183} INFO - Processing /opt/airflow/dags/mlops_full_processs.py took 0.114 seconds
[2025-07-20T08:17:45.239+0000] {processor.py:161} INFO - Started process (PID=11808) to work on /opt/airflow/dags/mlops_full_processs.py
[2025-07-20T08:17:45.240+0000] {processor.py:830} INFO - Processing file /opt/airflow/dags/mlops_full_processs.py for tasks to queue
[2025-07-20T08:17:45.241+0000] {logging_mixin.py:188} INFO - [2025-07-20T08:17:45.240+0000] {dagbag.py:538} INFO - Filling up the DagBag from /opt/airflow/dags/mlops_full_processs.py
[2025-07-20T08:17:45.253+0000] {processor.py:840} INFO - DAG(s) 'ml_pipeline_full_end_to_end_working' retrieved from /opt/airflow/dags/mlops_full_processs.py
[2025-07-20T08:17:45.278+0000] {logging_mixin.py:188} INFO - [2025-07-20T08:17:45.278+0000] {dag.py:3036} INFO - Sync 1 DAGs
[2025-07-20T08:17:45.289+0000] {logging_mixin.py:188} INFO - [2025-07-20T08:17:45.289+0000] {dag.py:3823} INFO - Setting next_dagrun for ml_pipeline_full_end_to_end_working to None, run_after=None
[2025-07-20T08:17:45.308+0000] {processor.py:183} INFO - Processing /opt/airflow/dags/mlops_full_processs.py took 0.072 seconds
[2025-07-20T08:18:16.048+0000] {processor.py:161} INFO - Started process (PID=11823) to work on /opt/airflow/dags/mlops_full_processs.py
[2025-07-20T08:18:16.051+0000] {processor.py:830} INFO - Processing file /opt/airflow/dags/mlops_full_processs.py for tasks to queue
[2025-07-20T08:18:16.053+0000] {logging_mixin.py:188} INFO - [2025-07-20T08:18:16.052+0000] {dagbag.py:538} INFO - Filling up the DagBag from /opt/airflow/dags/mlops_full_processs.py
[2025-07-20T08:18:16.069+0000] {processor.py:840} INFO - DAG(s) 'ml_pipeline_full_end_to_end_working' retrieved from /opt/airflow/dags/mlops_full_processs.py
[2025-07-20T08:18:16.093+0000] {logging_mixin.py:188} INFO - [2025-07-20T08:18:16.093+0000] {dag.py:3036} INFO - Sync 1 DAGs
[2025-07-20T08:18:16.104+0000] {logging_mixin.py:188} INFO - [2025-07-20T08:18:16.104+0000] {dag.py:3823} INFO - Setting next_dagrun for ml_pipeline_full_end_to_end_working to None, run_after=None
[2025-07-20T08:18:16.122+0000] {processor.py:183} INFO - Processing /opt/airflow/dags/mlops_full_processs.py took 0.081 seconds
[2025-07-20T08:18:46.565+0000] {processor.py:161} INFO - Started process (PID=11838) to work on /opt/airflow/dags/mlops_full_processs.py
[2025-07-20T08:18:46.566+0000] {processor.py:830} INFO - Processing file /opt/airflow/dags/mlops_full_processs.py for tasks to queue
[2025-07-20T08:18:46.567+0000] {logging_mixin.py:188} INFO - [2025-07-20T08:18:46.567+0000] {dagbag.py:538} INFO - Filling up the DagBag from /opt/airflow/dags/mlops_full_processs.py
[2025-07-20T08:18:46.689+0000] {processor.py:840} INFO - DAG(s) 'ml_pipeline_full_end_to_end_working' retrieved from /opt/airflow/dags/mlops_full_processs.py
[2025-07-20T08:18:46.715+0000] {logging_mixin.py:188} INFO - [2025-07-20T08:18:46.715+0000] {dag.py:3036} INFO - Sync 1 DAGs
[2025-07-20T08:18:46.726+0000] {logging_mixin.py:188} INFO - [2025-07-20T08:18:46.725+0000] {dag.py:3823} INFO - Setting next_dagrun for ml_pipeline_full_end_to_end_working to None, run_after=None
[2025-07-20T08:18:46.746+0000] {processor.py:183} INFO - Processing /opt/airflow/dags/mlops_full_processs.py took 0.183 seconds
[2025-07-20T08:19:17.287+0000] {processor.py:161} INFO - Started process (PID=11853) to work on /opt/airflow/dags/mlops_full_processs.py
[2025-07-20T08:19:17.288+0000] {processor.py:830} INFO - Processing file /opt/airflow/dags/mlops_full_processs.py for tasks to queue
[2025-07-20T08:19:17.289+0000] {logging_mixin.py:188} INFO - [2025-07-20T08:19:17.288+0000] {dagbag.py:538} INFO - Filling up the DagBag from /opt/airflow/dags/mlops_full_processs.py
[2025-07-20T08:19:17.299+0000] {processor.py:840} INFO - DAG(s) 'ml_pipeline_full_end_to_end_working' retrieved from /opt/airflow/dags/mlops_full_processs.py
[2025-07-20T08:19:17.324+0000] {logging_mixin.py:188} INFO - [2025-07-20T08:19:17.324+0000] {dag.py:3036} INFO - Sync 1 DAGs
[2025-07-20T08:19:17.529+0000] {logging_mixin.py:188} INFO - [2025-07-20T08:19:17.529+0000] {dag.py:3823} INFO - Setting next_dagrun for ml_pipeline_full_end_to_end_working to None, run_after=None
[2025-07-20T08:19:17.562+0000] {processor.py:183} INFO - Processing /opt/airflow/dags/mlops_full_processs.py took 0.278 seconds
[2025-07-20T08:19:48.162+0000] {processor.py:161} INFO - Started process (PID=11868) to work on /opt/airflow/dags/mlops_full_processs.py
[2025-07-20T08:19:48.163+0000] {processor.py:830} INFO - Processing file /opt/airflow/dags/mlops_full_processs.py for tasks to queue
[2025-07-20T08:19:48.164+0000] {logging_mixin.py:188} INFO - [2025-07-20T08:19:48.164+0000] {dagbag.py:538} INFO - Filling up the DagBag from /opt/airflow/dags/mlops_full_processs.py
[2025-07-20T08:19:48.175+0000] {processor.py:840} INFO - DAG(s) 'ml_pipeline_full_end_to_end_working' retrieved from /opt/airflow/dags/mlops_full_processs.py
[2025-07-20T08:19:48.200+0000] {logging_mixin.py:188} INFO - [2025-07-20T08:19:48.200+0000] {dag.py:3036} INFO - Sync 1 DAGs
[2025-07-20T08:19:48.212+0000] {logging_mixin.py:188} INFO - [2025-07-20T08:19:48.212+0000] {dag.py:3823} INFO - Setting next_dagrun for ml_pipeline_full_end_to_end_working to None, run_after=None
[2025-07-20T08:19:48.233+0000] {processor.py:183} INFO - Processing /opt/airflow/dags/mlops_full_processs.py took 0.074 seconds
[2025-07-20T08:20:18.943+0000] {processor.py:161} INFO - Started process (PID=11883) to work on /opt/airflow/dags/mlops_full_processs.py
[2025-07-20T08:20:18.948+0000] {processor.py:830} INFO - Processing file /opt/airflow/dags/mlops_full_processs.py for tasks to queue
[2025-07-20T08:20:18.952+0000] {logging_mixin.py:188} INFO - [2025-07-20T08:20:18.951+0000] {dagbag.py:538} INFO - Filling up the DagBag from /opt/airflow/dags/mlops_full_processs.py
[2025-07-20T08:20:18.969+0000] {processor.py:840} INFO - DAG(s) 'ml_pipeline_full_end_to_end_working' retrieved from /opt/airflow/dags/mlops_full_processs.py
[2025-07-20T08:20:18.996+0000] {logging_mixin.py:188} INFO - [2025-07-20T08:20:18.996+0000] {dag.py:3036} INFO - Sync 1 DAGs
[2025-07-20T08:20:19.008+0000] {logging_mixin.py:188} INFO - [2025-07-20T08:20:19.008+0000] {dag.py:3823} INFO - Setting next_dagrun for ml_pipeline_full_end_to_end_working to None, run_after=None
[2025-07-20T08:20:19.026+0000] {processor.py:183} INFO - Processing /opt/airflow/dags/mlops_full_processs.py took 0.099 seconds
[2025-07-20T08:20:49.306+0000] {processor.py:161} INFO - Started process (PID=11898) to work on /opt/airflow/dags/mlops_full_processs.py
[2025-07-20T08:20:49.307+0000] {processor.py:830} INFO - Processing file /opt/airflow/dags/mlops_full_processs.py for tasks to queue
[2025-07-20T08:20:49.308+0000] {logging_mixin.py:188} INFO - [2025-07-20T08:20:49.308+0000] {dagbag.py:538} INFO - Filling up the DagBag from /opt/airflow/dags/mlops_full_processs.py
[2025-07-20T08:20:49.320+0000] {processor.py:840} INFO - DAG(s) 'ml_pipeline_full_end_to_end_working' retrieved from /opt/airflow/dags/mlops_full_processs.py
[2025-07-20T08:20:49.344+0000] {logging_mixin.py:188} INFO - [2025-07-20T08:20:49.344+0000] {dag.py:3036} INFO - Sync 1 DAGs
[2025-07-20T08:20:49.355+0000] {logging_mixin.py:188} INFO - [2025-07-20T08:20:49.355+0000] {dag.py:3823} INFO - Setting next_dagrun for ml_pipeline_full_end_to_end_working to None, run_after=None
[2025-07-20T08:20:49.375+0000] {processor.py:183} INFO - Processing /opt/airflow/dags/mlops_full_processs.py took 0.071 seconds
[2025-07-20T08:21:19.913+0000] {processor.py:161} INFO - Started process (PID=11913) to work on /opt/airflow/dags/mlops_full_processs.py
[2025-07-20T08:21:19.914+0000] {processor.py:830} INFO - Processing file /opt/airflow/dags/mlops_full_processs.py for tasks to queue
[2025-07-20T08:21:19.915+0000] {logging_mixin.py:188} INFO - [2025-07-20T08:21:19.915+0000] {dagbag.py:538} INFO - Filling up the DagBag from /opt/airflow/dags/mlops_full_processs.py
[2025-07-20T08:21:19.928+0000] {processor.py:840} INFO - DAG(s) 'ml_pipeline_full_end_to_end_working' retrieved from /opt/airflow/dags/mlops_full_processs.py
[2025-07-20T08:21:19.957+0000] {logging_mixin.py:188} INFO - [2025-07-20T08:21:19.957+0000] {dag.py:3036} INFO - Sync 1 DAGs
[2025-07-20T08:21:19.968+0000] {logging_mixin.py:188} INFO - [2025-07-20T08:21:19.967+0000] {dag.py:3823} INFO - Setting next_dagrun for ml_pipeline_full_end_to_end_working to None, run_after=None
[2025-07-20T08:21:19.988+0000] {processor.py:183} INFO - Processing /opt/airflow/dags/mlops_full_processs.py took 0.077 seconds
[2025-07-20T08:21:50.599+0000] {processor.py:161} INFO - Started process (PID=11928) to work on /opt/airflow/dags/mlops_full_processs.py
[2025-07-20T08:21:50.601+0000] {processor.py:830} INFO - Processing file /opt/airflow/dags/mlops_full_processs.py for tasks to queue
[2025-07-20T08:21:50.603+0000] {logging_mixin.py:188} INFO - [2025-07-20T08:21:50.603+0000] {dagbag.py:538} INFO - Filling up the DagBag from /opt/airflow/dags/mlops_full_processs.py
[2025-07-20T08:21:50.620+0000] {processor.py:840} INFO - DAG(s) 'ml_pipeline_full_end_to_end_working' retrieved from /opt/airflow/dags/mlops_full_processs.py
[2025-07-20T08:21:50.645+0000] {logging_mixin.py:188} INFO - [2025-07-20T08:21:50.645+0000] {dag.py:3036} INFO - Sync 1 DAGs
[2025-07-20T08:21:50.656+0000] {logging_mixin.py:188} INFO - [2025-07-20T08:21:50.656+0000] {dag.py:3823} INFO - Setting next_dagrun for ml_pipeline_full_end_to_end_working to None, run_after=None
[2025-07-20T08:21:50.675+0000] {processor.py:183} INFO - Processing /opt/airflow/dags/mlops_full_processs.py took 0.086 seconds
[2025-07-20T08:22:21.006+0000] {processor.py:161} INFO - Started process (PID=11943) to work on /opt/airflow/dags/mlops_full_processs.py
[2025-07-20T08:22:21.007+0000] {processor.py:830} INFO - Processing file /opt/airflow/dags/mlops_full_processs.py for tasks to queue
[2025-07-20T08:22:21.008+0000] {logging_mixin.py:188} INFO - [2025-07-20T08:22:21.007+0000] {dagbag.py:538} INFO - Filling up the DagBag from /opt/airflow/dags/mlops_full_processs.py
[2025-07-20T08:22:21.019+0000] {processor.py:840} INFO - DAG(s) 'ml_pipeline_full_end_to_end_working' retrieved from /opt/airflow/dags/mlops_full_processs.py
[2025-07-20T08:22:21.044+0000] {logging_mixin.py:188} INFO - [2025-07-20T08:22:21.044+0000] {dag.py:3036} INFO - Sync 1 DAGs
[2025-07-20T08:22:21.055+0000] {logging_mixin.py:188} INFO - [2025-07-20T08:22:21.055+0000] {dag.py:3823} INFO - Setting next_dagrun for ml_pipeline_full_end_to_end_working to None, run_after=None
[2025-07-20T08:22:21.075+0000] {processor.py:183} INFO - Processing /opt/airflow/dags/mlops_full_processs.py took 0.072 seconds
[2025-07-20T08:22:51.580+0000] {processor.py:161} INFO - Started process (PID=11958) to work on /opt/airflow/dags/mlops_full_processs.py
[2025-07-20T08:22:51.581+0000] {processor.py:830} INFO - Processing file /opt/airflow/dags/mlops_full_processs.py for tasks to queue
[2025-07-20T08:22:51.582+0000] {logging_mixin.py:188} INFO - [2025-07-20T08:22:51.581+0000] {dagbag.py:538} INFO - Filling up the DagBag from /opt/airflow/dags/mlops_full_processs.py
[2025-07-20T08:22:51.594+0000] {processor.py:840} INFO - DAG(s) 'ml_pipeline_full_end_to_end_working' retrieved from /opt/airflow/dags/mlops_full_processs.py
[2025-07-20T08:22:51.622+0000] {logging_mixin.py:188} INFO - [2025-07-20T08:22:51.622+0000] {dag.py:3036} INFO - Sync 1 DAGs
[2025-07-20T08:22:51.646+0000] {logging_mixin.py:188} INFO - [2025-07-20T08:22:51.645+0000] {dag.py:3823} INFO - Setting next_dagrun for ml_pipeline_full_end_to_end_working to None, run_after=None
[2025-07-20T08:22:51.669+0000] {processor.py:183} INFO - Processing /opt/airflow/dags/mlops_full_processs.py took 0.093 seconds
[2025-07-20T08:23:22.388+0000] {processor.py:161} INFO - Started process (PID=11973) to work on /opt/airflow/dags/mlops_full_processs.py
[2025-07-20T08:23:22.389+0000] {processor.py:830} INFO - Processing file /opt/airflow/dags/mlops_full_processs.py for tasks to queue
[2025-07-20T08:23:22.390+0000] {logging_mixin.py:188} INFO - [2025-07-20T08:23:22.390+0000] {dagbag.py:538} INFO - Filling up the DagBag from /opt/airflow/dags/mlops_full_processs.py
[2025-07-20T08:23:22.401+0000] {processor.py:840} INFO - DAG(s) 'ml_pipeline_full_end_to_end_working' retrieved from /opt/airflow/dags/mlops_full_processs.py
[2025-07-20T08:23:22.427+0000] {logging_mixin.py:188} INFO - [2025-07-20T08:23:22.426+0000] {dag.py:3036} INFO - Sync 1 DAGs
[2025-07-20T08:23:22.437+0000] {logging_mixin.py:188} INFO - [2025-07-20T08:23:22.437+0000] {dag.py:3823} INFO - Setting next_dagrun for ml_pipeline_full_end_to_end_working to None, run_after=None
[2025-07-20T08:23:22.456+0000] {processor.py:183} INFO - Processing /opt/airflow/dags/mlops_full_processs.py took 0.071 seconds
[2025-07-20T08:23:53.128+0000] {processor.py:161} INFO - Started process (PID=11988) to work on /opt/airflow/dags/mlops_full_processs.py
[2025-07-20T08:23:53.130+0000] {processor.py:830} INFO - Processing file /opt/airflow/dags/mlops_full_processs.py for tasks to queue
[2025-07-20T08:23:53.131+0000] {logging_mixin.py:188} INFO - [2025-07-20T08:23:53.131+0000] {dagbag.py:538} INFO - Filling up the DagBag from /opt/airflow/dags/mlops_full_processs.py
[2025-07-20T08:23:53.146+0000] {processor.py:840} INFO - DAG(s) 'ml_pipeline_full_end_to_end_working' retrieved from /opt/airflow/dags/mlops_full_processs.py
[2025-07-20T08:23:53.171+0000] {logging_mixin.py:188} INFO - [2025-07-20T08:23:53.171+0000] {dag.py:3036} INFO - Sync 1 DAGs
[2025-07-20T08:23:53.181+0000] {logging_mixin.py:188} INFO - [2025-07-20T08:23:53.181+0000] {dag.py:3823} INFO - Setting next_dagrun for ml_pipeline_full_end_to_end_working to None, run_after=None
[2025-07-20T08:23:53.205+0000] {processor.py:183} INFO - Processing /opt/airflow/dags/mlops_full_processs.py took 0.080 seconds
[2025-07-20T08:24:23.688+0000] {processor.py:161} INFO - Started process (PID=12003) to work on /opt/airflow/dags/mlops_full_processs.py
[2025-07-20T08:24:23.689+0000] {processor.py:830} INFO - Processing file /opt/airflow/dags/mlops_full_processs.py for tasks to queue
[2025-07-20T08:24:23.690+0000] {logging_mixin.py:188} INFO - [2025-07-20T08:24:23.690+0000] {dagbag.py:538} INFO - Filling up the DagBag from /opt/airflow/dags/mlops_full_processs.py
[2025-07-20T08:24:23.702+0000] {processor.py:840} INFO - DAG(s) 'ml_pipeline_full_end_to_end_working' retrieved from /opt/airflow/dags/mlops_full_processs.py
[2025-07-20T08:24:23.727+0000] {logging_mixin.py:188} INFO - [2025-07-20T08:24:23.727+0000] {dag.py:3036} INFO - Sync 1 DAGs
[2025-07-20T08:24:23.738+0000] {logging_mixin.py:188} INFO - [2025-07-20T08:24:23.738+0000] {dag.py:3823} INFO - Setting next_dagrun for ml_pipeline_full_end_to_end_working to None, run_after=None
[2025-07-20T08:24:23.758+0000] {processor.py:183} INFO - Processing /opt/airflow/dags/mlops_full_processs.py took 0.073 seconds
[2025-07-20T08:24:54.359+0000] {processor.py:161} INFO - Started process (PID=12018) to work on /opt/airflow/dags/mlops_full_processs.py
[2025-07-20T08:24:54.360+0000] {processor.py:830} INFO - Processing file /opt/airflow/dags/mlops_full_processs.py for tasks to queue
[2025-07-20T08:24:54.361+0000] {logging_mixin.py:188} INFO - [2025-07-20T08:24:54.361+0000] {dagbag.py:538} INFO - Filling up the DagBag from /opt/airflow/dags/mlops_full_processs.py
[2025-07-20T08:24:54.373+0000] {processor.py:840} INFO - DAG(s) 'ml_pipeline_full_end_to_end_working' retrieved from /opt/airflow/dags/mlops_full_processs.py
[2025-07-20T08:24:54.398+0000] {logging_mixin.py:188} INFO - [2025-07-20T08:24:54.398+0000] {dag.py:3036} INFO - Sync 1 DAGs
[2025-07-20T08:24:54.409+0000] {logging_mixin.py:188} INFO - [2025-07-20T08:24:54.409+0000] {dag.py:3823} INFO - Setting next_dagrun for ml_pipeline_full_end_to_end_working to None, run_after=None
[2025-07-20T08:24:54.429+0000] {processor.py:183} INFO - Processing /opt/airflow/dags/mlops_full_processs.py took 0.073 seconds
[2025-07-20T08:25:24.860+0000] {processor.py:161} INFO - Started process (PID=12033) to work on /opt/airflow/dags/mlops_full_processs.py
[2025-07-20T08:25:24.861+0000] {processor.py:830} INFO - Processing file /opt/airflow/dags/mlops_full_processs.py for tasks to queue
[2025-07-20T08:25:24.862+0000] {logging_mixin.py:188} INFO - [2025-07-20T08:25:24.862+0000] {dagbag.py:538} INFO - Filling up the DagBag from /opt/airflow/dags/mlops_full_processs.py
[2025-07-20T08:25:24.874+0000] {processor.py:840} INFO - DAG(s) 'ml_pipeline_full_end_to_end_working' retrieved from /opt/airflow/dags/mlops_full_processs.py
[2025-07-20T08:25:24.900+0000] {logging_mixin.py:188} INFO - [2025-07-20T08:25:24.900+0000] {dag.py:3036} INFO - Sync 1 DAGs
[2025-07-20T08:25:24.911+0000] {logging_mixin.py:188} INFO - [2025-07-20T08:25:24.911+0000] {dag.py:3823} INFO - Setting next_dagrun for ml_pipeline_full_end_to_end_working to None, run_after=None
[2025-07-20T08:25:24.930+0000] {processor.py:183} INFO - Processing /opt/airflow/dags/mlops_full_processs.py took 0.073 seconds
[2025-07-20T08:25:55.552+0000] {processor.py:161} INFO - Started process (PID=12048) to work on /opt/airflow/dags/mlops_full_processs.py
[2025-07-20T08:25:55.552+0000] {processor.py:830} INFO - Processing file /opt/airflow/dags/mlops_full_processs.py for tasks to queue
[2025-07-20T08:25:55.553+0000] {logging_mixin.py:188} INFO - [2025-07-20T08:25:55.553+0000] {dagbag.py:538} INFO - Filling up the DagBag from /opt/airflow/dags/mlops_full_processs.py
[2025-07-20T08:25:55.565+0000] {processor.py:840} INFO - DAG(s) 'ml_pipeline_full_end_to_end_working' retrieved from /opt/airflow/dags/mlops_full_processs.py
[2025-07-20T08:25:55.591+0000] {logging_mixin.py:188} INFO - [2025-07-20T08:25:55.591+0000] {dag.py:3036} INFO - Sync 1 DAGs
[2025-07-20T08:25:55.602+0000] {logging_mixin.py:188} INFO - [2025-07-20T08:25:55.601+0000] {dag.py:3823} INFO - Setting next_dagrun for ml_pipeline_full_end_to_end_working to None, run_after=None
[2025-07-20T08:25:55.620+0000] {processor.py:183} INFO - Processing /opt/airflow/dags/mlops_full_processs.py took 0.071 seconds
[2025-07-20T08:26:26.162+0000] {processor.py:161} INFO - Started process (PID=12063) to work on /opt/airflow/dags/mlops_full_processs.py
[2025-07-20T08:26:26.163+0000] {processor.py:830} INFO - Processing file /opt/airflow/dags/mlops_full_processs.py for tasks to queue
[2025-07-20T08:26:26.164+0000] {logging_mixin.py:188} INFO - [2025-07-20T08:26:26.164+0000] {dagbag.py:538} INFO - Filling up the DagBag from /opt/airflow/dags/mlops_full_processs.py
[2025-07-20T08:26:26.176+0000] {processor.py:840} INFO - DAG(s) 'ml_pipeline_full_end_to_end_working' retrieved from /opt/airflow/dags/mlops_full_processs.py
[2025-07-20T08:26:26.206+0000] {logging_mixin.py:188} INFO - [2025-07-20T08:26:26.205+0000] {dag.py:3036} INFO - Sync 1 DAGs
[2025-07-20T08:26:26.217+0000] {logging_mixin.py:188} INFO - [2025-07-20T08:26:26.217+0000] {dag.py:3823} INFO - Setting next_dagrun for ml_pipeline_full_end_to_end_working to None, run_after=None
[2025-07-20T08:26:26.236+0000] {processor.py:183} INFO - Processing /opt/airflow/dags/mlops_full_processs.py took 0.077 seconds
[2025-07-20T08:26:56.776+0000] {processor.py:161} INFO - Started process (PID=12078) to work on /opt/airflow/dags/mlops_full_processs.py
[2025-07-20T08:26:56.777+0000] {processor.py:830} INFO - Processing file /opt/airflow/dags/mlops_full_processs.py for tasks to queue
[2025-07-20T08:26:56.777+0000] {logging_mixin.py:188} INFO - [2025-07-20T08:26:56.777+0000] {dagbag.py:538} INFO - Filling up the DagBag from /opt/airflow/dags/mlops_full_processs.py
[2025-07-20T08:26:56.914+0000] {processor.py:840} INFO - DAG(s) 'ml_pipeline_full_end_to_end_working' retrieved from /opt/airflow/dags/mlops_full_processs.py
[2025-07-20T08:26:56.939+0000] {logging_mixin.py:188} INFO - [2025-07-20T08:26:56.939+0000] {dag.py:3036} INFO - Sync 1 DAGs
[2025-07-20T08:26:56.950+0000] {logging_mixin.py:188} INFO - [2025-07-20T08:26:56.950+0000] {dag.py:3823} INFO - Setting next_dagrun for ml_pipeline_full_end_to_end_working to None, run_after=None
[2025-07-20T08:26:56.971+0000] {processor.py:183} INFO - Processing /opt/airflow/dags/mlops_full_processs.py took 0.201 seconds
[2025-07-20T08:27:27.444+0000] {processor.py:161} INFO - Started process (PID=12093) to work on /opt/airflow/dags/mlops_full_processs.py
[2025-07-20T08:27:27.445+0000] {processor.py:830} INFO - Processing file /opt/airflow/dags/mlops_full_processs.py for tasks to queue
[2025-07-20T08:27:27.445+0000] {logging_mixin.py:188} INFO - [2025-07-20T08:27:27.445+0000] {dagbag.py:538} INFO - Filling up the DagBag from /opt/airflow/dags/mlops_full_processs.py
[2025-07-20T08:27:27.457+0000] {processor.py:840} INFO - DAG(s) 'ml_pipeline_full_end_to_end_working' retrieved from /opt/airflow/dags/mlops_full_processs.py
[2025-07-20T08:27:27.485+0000] {logging_mixin.py:188} INFO - [2025-07-20T08:27:27.485+0000] {dag.py:3036} INFO - Sync 1 DAGs
[2025-07-20T08:27:27.499+0000] {logging_mixin.py:188} INFO - [2025-07-20T08:27:27.498+0000] {dag.py:3823} INFO - Setting next_dagrun for ml_pipeline_full_end_to_end_working to None, run_after=None
[2025-07-20T08:27:27.519+0000] {processor.py:183} INFO - Processing /opt/airflow/dags/mlops_full_processs.py took 0.078 seconds
[2025-07-20T08:27:58.074+0000] {processor.py:161} INFO - Started process (PID=12108) to work on /opt/airflow/dags/mlops_full_processs.py
[2025-07-20T08:27:58.075+0000] {processor.py:830} INFO - Processing file /opt/airflow/dags/mlops_full_processs.py for tasks to queue
[2025-07-20T08:27:58.075+0000] {logging_mixin.py:188} INFO - [2025-07-20T08:27:58.075+0000] {dagbag.py:538} INFO - Filling up the DagBag from /opt/airflow/dags/mlops_full_processs.py
[2025-07-20T08:27:58.088+0000] {processor.py:840} INFO - DAG(s) 'ml_pipeline_full_end_to_end_working' retrieved from /opt/airflow/dags/mlops_full_processs.py
[2025-07-20T08:27:58.115+0000] {logging_mixin.py:188} INFO - [2025-07-20T08:27:58.114+0000] {dag.py:3036} INFO - Sync 1 DAGs
[2025-07-20T08:27:58.126+0000] {logging_mixin.py:188} INFO - [2025-07-20T08:27:58.126+0000] {dag.py:3823} INFO - Setting next_dagrun for ml_pipeline_full_end_to_end_working to None, run_after=None
[2025-07-20T08:27:58.144+0000] {processor.py:183} INFO - Processing /opt/airflow/dags/mlops_full_processs.py took 0.073 seconds
[2025-07-20T08:28:28.648+0000] {processor.py:161} INFO - Started process (PID=12123) to work on /opt/airflow/dags/mlops_full_processs.py
[2025-07-20T08:28:28.649+0000] {processor.py:830} INFO - Processing file /opt/airflow/dags/mlops_full_processs.py for tasks to queue
[2025-07-20T08:28:28.650+0000] {logging_mixin.py:188} INFO - [2025-07-20T08:28:28.650+0000] {dagbag.py:538} INFO - Filling up the DagBag from /opt/airflow/dags/mlops_full_processs.py
[2025-07-20T08:28:28.663+0000] {processor.py:840} INFO - DAG(s) 'ml_pipeline_full_end_to_end_working' retrieved from /opt/airflow/dags/mlops_full_processs.py
[2025-07-20T08:28:28.799+0000] {logging_mixin.py:188} INFO - [2025-07-20T08:28:28.799+0000] {dag.py:3036} INFO - Sync 1 DAGs
[2025-07-20T08:28:28.810+0000] {logging_mixin.py:188} INFO - [2025-07-20T08:28:28.810+0000] {dag.py:3823} INFO - Setting next_dagrun for ml_pipeline_full_end_to_end_working to None, run_after=None
[2025-07-20T08:28:29.499+0000] {processor.py:183} INFO - Processing /opt/airflow/dags/mlops_full_processs.py took 0.854 seconds
[2025-07-20T08:29:00.086+0000] {processor.py:161} INFO - Started process (PID=12138) to work on /opt/airflow/dags/mlops_full_processs.py
[2025-07-20T08:29:00.087+0000] {processor.py:830} INFO - Processing file /opt/airflow/dags/mlops_full_processs.py for tasks to queue
[2025-07-20T08:29:00.088+0000] {logging_mixin.py:188} INFO - [2025-07-20T08:29:00.087+0000] {dagbag.py:538} INFO - Filling up the DagBag from /opt/airflow/dags/mlops_full_processs.py
[2025-07-20T08:29:00.103+0000] {processor.py:840} INFO - DAG(s) 'ml_pipeline_full_end_to_end_working' retrieved from /opt/airflow/dags/mlops_full_processs.py
[2025-07-20T08:29:00.129+0000] {logging_mixin.py:188} INFO - [2025-07-20T08:29:00.129+0000] {dag.py:3036} INFO - Sync 1 DAGs
[2025-07-20T08:29:00.140+0000] {logging_mixin.py:188} INFO - [2025-07-20T08:29:00.140+0000] {dag.py:3823} INFO - Setting next_dagrun for ml_pipeline_full_end_to_end_working to None, run_after=None
[2025-07-20T08:29:00.160+0000] {processor.py:183} INFO - Processing /opt/airflow/dags/mlops_full_processs.py took 0.081 seconds
[2025-07-20T08:29:30.774+0000] {processor.py:161} INFO - Started process (PID=12151) to work on /opt/airflow/dags/mlops_full_processs.py
[2025-07-20T08:29:30.776+0000] {processor.py:830} INFO - Processing file /opt/airflow/dags/mlops_full_processs.py for tasks to queue
[2025-07-20T08:29:30.777+0000] {logging_mixin.py:188} INFO - [2025-07-20T08:29:30.777+0000] {dagbag.py:538} INFO - Filling up the DagBag from /opt/airflow/dags/mlops_full_processs.py
[2025-07-20T08:29:30.793+0000] {processor.py:840} INFO - DAG(s) 'ml_pipeline_full_end_to_end_working' retrieved from /opt/airflow/dags/mlops_full_processs.py
[2025-07-20T08:29:30.822+0000] {logging_mixin.py:188} INFO - [2025-07-20T08:29:30.822+0000] {dag.py:3036} INFO - Sync 1 DAGs
[2025-07-20T08:29:30.833+0000] {logging_mixin.py:188} INFO - [2025-07-20T08:29:30.833+0000] {dag.py:3823} INFO - Setting next_dagrun for ml_pipeline_full_end_to_end_working to None, run_after=None
[2025-07-20T08:29:30.851+0000] {processor.py:183} INFO - Processing /opt/airflow/dags/mlops_full_processs.py took 0.082 seconds
[2025-07-20T08:30:01.321+0000] {processor.py:161} INFO - Started process (PID=12158) to work on /opt/airflow/dags/mlops_full_processs.py
[2025-07-20T08:30:01.322+0000] {processor.py:830} INFO - Processing file /opt/airflow/dags/mlops_full_processs.py for tasks to queue
[2025-07-20T08:30:01.323+0000] {logging_mixin.py:188} INFO - [2025-07-20T08:30:01.323+0000] {dagbag.py:538} INFO - Filling up the DagBag from /opt/airflow/dags/mlops_full_processs.py
[2025-07-20T08:30:01.352+0000] {processor.py:840} INFO - DAG(s) 'ml_pipeline_full_end_to_end_working' retrieved from /opt/airflow/dags/mlops_full_processs.py
[2025-07-20T08:30:01.736+0000] {logging_mixin.py:188} INFO - [2025-07-20T08:30:01.736+0000] {dag.py:3036} INFO - Sync 1 DAGs
[2025-07-20T08:30:01.803+0000] {logging_mixin.py:188} INFO - [2025-07-20T08:30:01.803+0000] {dag.py:3823} INFO - Setting next_dagrun for ml_pipeline_full_end_to_end_working to None, run_after=None
[2025-07-20T08:30:01.823+0000] {processor.py:183} INFO - Processing /opt/airflow/dags/mlops_full_processs.py took 0.505 seconds
[2025-07-20T08:30:32.281+0000] {processor.py:161} INFO - Started process (PID=12173) to work on /opt/airflow/dags/mlops_full_processs.py
[2025-07-20T08:30:32.282+0000] {processor.py:830} INFO - Processing file /opt/airflow/dags/mlops_full_processs.py for tasks to queue
[2025-07-20T08:30:32.284+0000] {logging_mixin.py:188} INFO - [2025-07-20T08:30:32.283+0000] {dagbag.py:538} INFO - Filling up the DagBag from /opt/airflow/dags/mlops_full_processs.py
[2025-07-20T08:30:32.297+0000] {processor.py:840} INFO - DAG(s) 'ml_pipeline_full_end_to_end_working' retrieved from /opt/airflow/dags/mlops_full_processs.py
[2025-07-20T08:30:32.323+0000] {logging_mixin.py:188} INFO - [2025-07-20T08:30:32.323+0000] {dag.py:3036} INFO - Sync 1 DAGs
[2025-07-20T08:30:32.336+0000] {logging_mixin.py:188} INFO - [2025-07-20T08:30:32.335+0000] {dag.py:3823} INFO - Setting next_dagrun for ml_pipeline_full_end_to_end_working to None, run_after=None
[2025-07-20T08:30:32.356+0000] {processor.py:183} INFO - Processing /opt/airflow/dags/mlops_full_processs.py took 0.078 seconds
[2025-07-20T08:31:02.936+0000] {processor.py:161} INFO - Started process (PID=12188) to work on /opt/airflow/dags/mlops_full_processs.py
[2025-07-20T08:31:02.937+0000] {processor.py:830} INFO - Processing file /opt/airflow/dags/mlops_full_processs.py for tasks to queue
[2025-07-20T08:31:02.938+0000] {logging_mixin.py:188} INFO - [2025-07-20T08:31:02.937+0000] {dagbag.py:538} INFO - Filling up the DagBag from /opt/airflow/dags/mlops_full_processs.py
[2025-07-20T08:31:02.949+0000] {processor.py:840} INFO - DAG(s) 'ml_pipeline_full_end_to_end_working' retrieved from /opt/airflow/dags/mlops_full_processs.py
[2025-07-20T08:31:02.978+0000] {logging_mixin.py:188} INFO - [2025-07-20T08:31:02.978+0000] {dag.py:3036} INFO - Sync 1 DAGs
[2025-07-20T08:31:02.989+0000] {logging_mixin.py:188} INFO - [2025-07-20T08:31:02.989+0000] {dag.py:3823} INFO - Setting next_dagrun for ml_pipeline_full_end_to_end_working to None, run_after=None
[2025-07-20T08:31:03.012+0000] {processor.py:183} INFO - Processing /opt/airflow/dags/mlops_full_processs.py took 0.079 seconds
[2025-07-20T08:31:33.589+0000] {processor.py:161} INFO - Started process (PID=12203) to work on /opt/airflow/dags/mlops_full_processs.py
[2025-07-20T08:31:33.590+0000] {processor.py:830} INFO - Processing file /opt/airflow/dags/mlops_full_processs.py for tasks to queue
[2025-07-20T08:31:33.591+0000] {logging_mixin.py:188} INFO - [2025-07-20T08:31:33.591+0000] {dagbag.py:538} INFO - Filling up the DagBag from /opt/airflow/dags/mlops_full_processs.py
[2025-07-20T08:31:33.608+0000] {processor.py:840} INFO - DAG(s) 'ml_pipeline_full_end_to_end_working' retrieved from /opt/airflow/dags/mlops_full_processs.py
[2025-07-20T08:31:33.723+0000] {logging_mixin.py:188} INFO - [2025-07-20T08:31:33.723+0000] {dag.py:3036} INFO - Sync 1 DAGs
[2025-07-20T08:31:33.736+0000] {logging_mixin.py:188} INFO - [2025-07-20T08:31:33.736+0000] {dag.py:3823} INFO - Setting next_dagrun for ml_pipeline_full_end_to_end_working to None, run_after=None
[2025-07-20T08:31:33.761+0000] {processor.py:183} INFO - Processing /opt/airflow/dags/mlops_full_processs.py took 0.177 seconds
[2025-07-20T08:32:04.472+0000] {processor.py:161} INFO - Started process (PID=12218) to work on /opt/airflow/dags/mlops_full_processs.py
[2025-07-20T08:32:04.473+0000] {processor.py:830} INFO - Processing file /opt/airflow/dags/mlops_full_processs.py for tasks to queue
[2025-07-20T08:32:04.474+0000] {logging_mixin.py:188} INFO - [2025-07-20T08:32:04.474+0000] {dagbag.py:538} INFO - Filling up the DagBag from /opt/airflow/dags/mlops_full_processs.py
[2025-07-20T08:32:04.487+0000] {processor.py:840} INFO - DAG(s) 'ml_pipeline_full_end_to_end_working' retrieved from /opt/airflow/dags/mlops_full_processs.py
[2025-07-20T08:32:04.512+0000] {logging_mixin.py:188} INFO - [2025-07-20T08:32:04.512+0000] {dag.py:3036} INFO - Sync 1 DAGs
[2025-07-20T08:32:04.523+0000] {logging_mixin.py:188} INFO - [2025-07-20T08:32:04.522+0000] {dag.py:3823} INFO - Setting next_dagrun for ml_pipeline_full_end_to_end_working to None, run_after=None
[2025-07-20T08:32:04.543+0000] {processor.py:183} INFO - Processing /opt/airflow/dags/mlops_full_processs.py took 0.073 seconds
[2025-07-20T08:32:35.035+0000] {processor.py:161} INFO - Started process (PID=12233) to work on /opt/airflow/dags/mlops_full_processs.py
[2025-07-20T08:32:35.036+0000] {processor.py:830} INFO - Processing file /opt/airflow/dags/mlops_full_processs.py for tasks to queue
[2025-07-20T08:32:35.038+0000] {logging_mixin.py:188} INFO - [2025-07-20T08:32:35.037+0000] {dagbag.py:538} INFO - Filling up the DagBag from /opt/airflow/dags/mlops_full_processs.py
[2025-07-20T08:32:35.147+0000] {processor.py:840} INFO - DAG(s) 'ml_pipeline_full_end_to_end_working' retrieved from /opt/airflow/dags/mlops_full_processs.py
[2025-07-20T08:32:35.173+0000] {logging_mixin.py:188} INFO - [2025-07-20T08:32:35.173+0000] {dag.py:3036} INFO - Sync 1 DAGs
[2025-07-20T08:32:35.184+0000] {logging_mixin.py:188} INFO - [2025-07-20T08:32:35.183+0000] {dag.py:3823} INFO - Setting next_dagrun for ml_pipeline_full_end_to_end_working to None, run_after=None
[2025-07-20T08:32:35.203+0000] {processor.py:183} INFO - Processing /opt/airflow/dags/mlops_full_processs.py took 0.171 seconds
[2025-07-20T08:33:05.780+0000] {processor.py:161} INFO - Started process (PID=12248) to work on /opt/airflow/dags/mlops_full_processs.py
[2025-07-20T08:33:05.781+0000] {processor.py:830} INFO - Processing file /opt/airflow/dags/mlops_full_processs.py for tasks to queue
[2025-07-20T08:33:05.782+0000] {logging_mixin.py:188} INFO - [2025-07-20T08:33:05.782+0000] {dagbag.py:538} INFO - Filling up the DagBag from /opt/airflow/dags/mlops_full_processs.py
[2025-07-20T08:33:05.798+0000] {processor.py:840} INFO - DAG(s) 'ml_pipeline_full_end_to_end_working' retrieved from /opt/airflow/dags/mlops_full_processs.py
[2025-07-20T08:33:05.825+0000] {logging_mixin.py:188} INFO - [2025-07-20T08:33:05.825+0000] {dag.py:3036} INFO - Sync 1 DAGs
[2025-07-20T08:33:05.836+0000] {logging_mixin.py:188} INFO - [2025-07-20T08:33:05.836+0000] {dag.py:3823} INFO - Setting next_dagrun for ml_pipeline_full_end_to_end_working to None, run_after=None
[2025-07-20T08:33:05.858+0000] {processor.py:183} INFO - Processing /opt/airflow/dags/mlops_full_processs.py took 0.082 seconds
[2025-07-20T08:33:36.571+0000] {processor.py:161} INFO - Started process (PID=12263) to work on /opt/airflow/dags/mlops_full_processs.py
[2025-07-20T08:33:36.573+0000] {processor.py:830} INFO - Processing file /opt/airflow/dags/mlops_full_processs.py for tasks to queue
[2025-07-20T08:33:36.574+0000] {logging_mixin.py:188} INFO - [2025-07-20T08:33:36.574+0000] {dagbag.py:538} INFO - Filling up the DagBag from /opt/airflow/dags/mlops_full_processs.py
[2025-07-20T08:33:36.588+0000] {processor.py:840} INFO - DAG(s) 'ml_pipeline_full_end_to_end_working' retrieved from /opt/airflow/dags/mlops_full_processs.py
[2025-07-20T08:33:36.715+0000] {logging_mixin.py:188} INFO - [2025-07-20T08:33:36.715+0000] {dag.py:3036} INFO - Sync 1 DAGs
[2025-07-20T08:33:36.726+0000] {logging_mixin.py:188} INFO - [2025-07-20T08:33:36.726+0000] {dag.py:3823} INFO - Setting next_dagrun for ml_pipeline_full_end_to_end_working to None, run_after=None
[2025-07-20T08:33:36.744+0000] {processor.py:183} INFO - Processing /opt/airflow/dags/mlops_full_processs.py took 0.177 seconds
[2025-07-20T08:34:07.258+0000] {processor.py:161} INFO - Started process (PID=12278) to work on /opt/airflow/dags/mlops_full_processs.py
[2025-07-20T08:34:07.260+0000] {processor.py:830} INFO - Processing file /opt/airflow/dags/mlops_full_processs.py for tasks to queue
[2025-07-20T08:34:07.261+0000] {logging_mixin.py:188} INFO - [2025-07-20T08:34:07.260+0000] {dagbag.py:538} INFO - Filling up the DagBag from /opt/airflow/dags/mlops_full_processs.py
[2025-07-20T08:34:07.273+0000] {processor.py:840} INFO - DAG(s) 'ml_pipeline_full_end_to_end_working' retrieved from /opt/airflow/dags/mlops_full_processs.py
[2025-07-20T08:34:07.301+0000] {logging_mixin.py:188} INFO - [2025-07-20T08:34:07.300+0000] {dag.py:3036} INFO - Sync 1 DAGs
[2025-07-20T08:34:07.312+0000] {logging_mixin.py:188} INFO - [2025-07-20T08:34:07.312+0000] {dag.py:3823} INFO - Setting next_dagrun for ml_pipeline_full_end_to_end_working to None, run_after=None
[2025-07-20T08:34:07.333+0000] {processor.py:183} INFO - Processing /opt/airflow/dags/mlops_full_processs.py took 0.078 seconds
[2025-07-20T08:34:37.881+0000] {processor.py:161} INFO - Started process (PID=12293) to work on /opt/airflow/dags/mlops_full_processs.py
[2025-07-20T08:34:37.884+0000] {processor.py:830} INFO - Processing file /opt/airflow/dags/mlops_full_processs.py for tasks to queue
[2025-07-20T08:34:37.885+0000] {logging_mixin.py:188} INFO - [2025-07-20T08:34:37.885+0000] {dagbag.py:538} INFO - Filling up the DagBag from /opt/airflow/dags/mlops_full_processs.py
[2025-07-20T08:34:37.899+0000] {processor.py:840} INFO - DAG(s) 'ml_pipeline_full_end_to_end_working' retrieved from /opt/airflow/dags/mlops_full_processs.py
[2025-07-20T08:34:37.928+0000] {logging_mixin.py:188} INFO - [2025-07-20T08:34:37.928+0000] {dag.py:3036} INFO - Sync 1 DAGs
[2025-07-20T08:34:37.940+0000] {logging_mixin.py:188} INFO - [2025-07-20T08:34:37.940+0000] {dag.py:3823} INFO - Setting next_dagrun for ml_pipeline_full_end_to_end_working to None, run_after=None
[2025-07-20T08:34:37.960+0000] {processor.py:183} INFO - Processing /opt/airflow/dags/mlops_full_processs.py took 0.083 seconds
[2025-07-20T08:35:08.565+0000] {processor.py:161} INFO - Started process (PID=12308) to work on /opt/airflow/dags/mlops_full_processs.py
[2025-07-20T08:35:08.566+0000] {processor.py:830} INFO - Processing file /opt/airflow/dags/mlops_full_processs.py for tasks to queue
[2025-07-20T08:35:08.567+0000] {logging_mixin.py:188} INFO - [2025-07-20T08:35:08.567+0000] {dagbag.py:538} INFO - Filling up the DagBag from /opt/airflow/dags/mlops_full_processs.py
[2025-07-20T08:35:08.580+0000] {processor.py:840} INFO - DAG(s) 'ml_pipeline_full_end_to_end_working' retrieved from /opt/airflow/dags/mlops_full_processs.py
[2025-07-20T08:35:08.607+0000] {logging_mixin.py:188} INFO - [2025-07-20T08:35:08.607+0000] {dag.py:3036} INFO - Sync 1 DAGs
[2025-07-20T08:35:08.620+0000] {logging_mixin.py:188} INFO - [2025-07-20T08:35:08.620+0000] {dag.py:3823} INFO - Setting next_dagrun for ml_pipeline_full_end_to_end_working to None, run_after=None
[2025-07-20T08:35:08.640+0000] {processor.py:183} INFO - Processing /opt/airflow/dags/mlops_full_processs.py took 0.079 seconds
[2025-07-20T08:35:39.142+0000] {processor.py:161} INFO - Started process (PID=12323) to work on /opt/airflow/dags/mlops_full_processs.py
[2025-07-20T08:35:39.143+0000] {processor.py:830} INFO - Processing file /opt/airflow/dags/mlops_full_processs.py for tasks to queue
[2025-07-20T08:35:39.144+0000] {logging_mixin.py:188} INFO - [2025-07-20T08:35:39.144+0000] {dagbag.py:538} INFO - Filling up the DagBag from /opt/airflow/dags/mlops_full_processs.py
[2025-07-20T08:35:39.158+0000] {processor.py:840} INFO - DAG(s) 'ml_pipeline_full_end_to_end_working' retrieved from /opt/airflow/dags/mlops_full_processs.py
[2025-07-20T08:35:39.185+0000] {logging_mixin.py:188} INFO - [2025-07-20T08:35:39.185+0000] {dag.py:3036} INFO - Sync 1 DAGs
[2025-07-20T08:35:39.197+0000] {logging_mixin.py:188} INFO - [2025-07-20T08:35:39.197+0000] {dag.py:3823} INFO - Setting next_dagrun for ml_pipeline_full_end_to_end_working to None, run_after=None
[2025-07-20T08:35:39.220+0000] {processor.py:183} INFO - Processing /opt/airflow/dags/mlops_full_processs.py took 0.081 seconds
[2025-07-20T08:36:09.823+0000] {processor.py:161} INFO - Started process (PID=12338) to work on /opt/airflow/dags/mlops_full_processs.py
[2025-07-20T08:36:09.825+0000] {processor.py:830} INFO - Processing file /opt/airflow/dags/mlops_full_processs.py for tasks to queue
[2025-07-20T08:36:09.826+0000] {logging_mixin.py:188} INFO - [2025-07-20T08:36:09.826+0000] {dagbag.py:538} INFO - Filling up the DagBag from /opt/airflow/dags/mlops_full_processs.py
[2025-07-20T08:36:09.842+0000] {processor.py:840} INFO - DAG(s) 'ml_pipeline_full_end_to_end_working' retrieved from /opt/airflow/dags/mlops_full_processs.py
[2025-07-20T08:36:09.868+0000] {logging_mixin.py:188} INFO - [2025-07-20T08:36:09.868+0000] {dag.py:3036} INFO - Sync 1 DAGs
[2025-07-20T08:36:09.879+0000] {logging_mixin.py:188} INFO - [2025-07-20T08:36:09.879+0000] {dag.py:3823} INFO - Setting next_dagrun for ml_pipeline_full_end_to_end_working to None, run_after=None
[2025-07-20T08:36:09.896+0000] {processor.py:183} INFO - Processing /opt/airflow/dags/mlops_full_processs.py took 0.076 seconds
[2025-07-20T08:36:40.410+0000] {processor.py:161} INFO - Started process (PID=12353) to work on /opt/airflow/dags/mlops_full_processs.py
[2025-07-20T08:36:40.411+0000] {processor.py:830} INFO - Processing file /opt/airflow/dags/mlops_full_processs.py for tasks to queue
[2025-07-20T08:36:40.412+0000] {logging_mixin.py:188} INFO - [2025-07-20T08:36:40.412+0000] {dagbag.py:538} INFO - Filling up the DagBag from /opt/airflow/dags/mlops_full_processs.py
[2025-07-20T08:36:40.423+0000] {processor.py:840} INFO - DAG(s) 'ml_pipeline_full_end_to_end_working' retrieved from /opt/airflow/dags/mlops_full_processs.py
[2025-07-20T08:36:40.450+0000] {logging_mixin.py:188} INFO - [2025-07-20T08:36:40.449+0000] {dag.py:3036} INFO - Sync 1 DAGs
[2025-07-20T08:36:40.463+0000] {logging_mixin.py:188} INFO - [2025-07-20T08:36:40.462+0000] {dag.py:3823} INFO - Setting next_dagrun for ml_pipeline_full_end_to_end_working to None, run_after=None
[2025-07-20T08:36:40.481+0000] {processor.py:183} INFO - Processing /opt/airflow/dags/mlops_full_processs.py took 0.074 seconds
[2025-07-20T08:37:11.044+0000] {processor.py:161} INFO - Started process (PID=12368) to work on /opt/airflow/dags/mlops_full_processs.py
[2025-07-20T08:37:11.045+0000] {processor.py:830} INFO - Processing file /opt/airflow/dags/mlops_full_processs.py for tasks to queue
[2025-07-20T08:37:11.046+0000] {logging_mixin.py:188} INFO - [2025-07-20T08:37:11.046+0000] {dagbag.py:538} INFO - Filling up the DagBag from /opt/airflow/dags/mlops_full_processs.py
[2025-07-20T08:37:11.062+0000] {processor.py:840} INFO - DAG(s) 'ml_pipeline_full_end_to_end_working' retrieved from /opt/airflow/dags/mlops_full_processs.py
[2025-07-20T08:37:11.088+0000] {logging_mixin.py:188} INFO - [2025-07-20T08:37:11.088+0000] {dag.py:3036} INFO - Sync 1 DAGs
[2025-07-20T08:37:11.099+0000] {logging_mixin.py:188} INFO - [2025-07-20T08:37:11.099+0000] {dag.py:3823} INFO - Setting next_dagrun for ml_pipeline_full_end_to_end_working to None, run_after=None
[2025-07-20T08:37:11.121+0000] {processor.py:183} INFO - Processing /opt/airflow/dags/mlops_full_processs.py took 0.080 seconds
[2025-07-20T08:37:41.770+0000] {processor.py:161} INFO - Started process (PID=12383) to work on /opt/airflow/dags/mlops_full_processs.py
[2025-07-20T08:37:41.774+0000] {processor.py:830} INFO - Processing file /opt/airflow/dags/mlops_full_processs.py for tasks to queue
[2025-07-20T08:37:41.778+0000] {logging_mixin.py:188} INFO - [2025-07-20T08:37:41.777+0000] {dagbag.py:538} INFO - Filling up the DagBag from /opt/airflow/dags/mlops_full_processs.py
[2025-07-20T08:37:41.801+0000] {processor.py:840} INFO - DAG(s) 'ml_pipeline_full_end_to_end_working' retrieved from /opt/airflow/dags/mlops_full_processs.py
[2025-07-20T08:37:41.829+0000] {logging_mixin.py:188} INFO - [2025-07-20T08:37:41.829+0000] {dag.py:3036} INFO - Sync 1 DAGs
[2025-07-20T08:37:41.840+0000] {logging_mixin.py:188} INFO - [2025-07-20T08:37:41.840+0000] {dag.py:3823} INFO - Setting next_dagrun for ml_pipeline_full_end_to_end_working to None, run_after=None
[2025-07-20T08:37:41.860+0000] {processor.py:183} INFO - Processing /opt/airflow/dags/mlops_full_processs.py took 0.102 seconds
[2025-07-20T08:38:12.444+0000] {processor.py:161} INFO - Started process (PID=12398) to work on /opt/airflow/dags/mlops_full_processs.py
[2025-07-20T08:38:12.445+0000] {processor.py:830} INFO - Processing file /opt/airflow/dags/mlops_full_processs.py for tasks to queue
[2025-07-20T08:38:12.446+0000] {logging_mixin.py:188} INFO - [2025-07-20T08:38:12.446+0000] {dagbag.py:538} INFO - Filling up the DagBag from /opt/airflow/dags/mlops_full_processs.py
[2025-07-20T08:38:12.459+0000] {processor.py:840} INFO - DAG(s) 'ml_pipeline_full_end_to_end_working' retrieved from /opt/airflow/dags/mlops_full_processs.py
[2025-07-20T08:38:12.652+0000] {logging_mixin.py:188} INFO - [2025-07-20T08:38:12.652+0000] {dag.py:3036} INFO - Sync 1 DAGs
[2025-07-20T08:38:12.665+0000] {logging_mixin.py:188} INFO - [2025-07-20T08:38:12.665+0000] {dag.py:3823} INFO - Setting next_dagrun for ml_pipeline_full_end_to_end_working to None, run_after=None
[2025-07-20T08:38:12.688+0000] {processor.py:183} INFO - Processing /opt/airflow/dags/mlops_full_processs.py took 0.247 seconds
[2025-07-20T08:38:43.192+0000] {processor.py:161} INFO - Started process (PID=12413) to work on /opt/airflow/dags/mlops_full_processs.py
[2025-07-20T08:38:43.193+0000] {processor.py:830} INFO - Processing file /opt/airflow/dags/mlops_full_processs.py for tasks to queue
[2025-07-20T08:38:43.194+0000] {logging_mixin.py:188} INFO - [2025-07-20T08:38:43.194+0000] {dagbag.py:538} INFO - Filling up the DagBag from /opt/airflow/dags/mlops_full_processs.py
[2025-07-20T08:38:43.207+0000] {processor.py:840} INFO - DAG(s) 'ml_pipeline_full_end_to_end_working' retrieved from /opt/airflow/dags/mlops_full_processs.py
[2025-07-20T08:38:43.234+0000] {logging_mixin.py:188} INFO - [2025-07-20T08:38:43.234+0000] {dag.py:3036} INFO - Sync 1 DAGs
[2025-07-20T08:38:43.246+0000] {logging_mixin.py:188} INFO - [2025-07-20T08:38:43.246+0000] {dag.py:3823} INFO - Setting next_dagrun for ml_pipeline_full_end_to_end_working to None, run_after=None
[2025-07-20T08:38:43.267+0000] {processor.py:183} INFO - Processing /opt/airflow/dags/mlops_full_processs.py took 0.077 seconds
[2025-07-20T08:39:13.752+0000] {processor.py:161} INFO - Started process (PID=12428) to work on /opt/airflow/dags/mlops_full_processs.py
[2025-07-20T08:39:13.753+0000] {processor.py:830} INFO - Processing file /opt/airflow/dags/mlops_full_processs.py for tasks to queue
[2025-07-20T08:39:13.754+0000] {logging_mixin.py:188} INFO - [2025-07-20T08:39:13.754+0000] {dagbag.py:538} INFO - Filling up the DagBag from /opt/airflow/dags/mlops_full_processs.py
[2025-07-20T08:39:13.767+0000] {processor.py:840} INFO - DAG(s) 'ml_pipeline_full_end_to_end_working' retrieved from /opt/airflow/dags/mlops_full_processs.py
[2025-07-20T08:39:13.793+0000] {logging_mixin.py:188} INFO - [2025-07-20T08:39:13.793+0000] {dag.py:3036} INFO - Sync 1 DAGs
[2025-07-20T08:39:13.804+0000] {logging_mixin.py:188} INFO - [2025-07-20T08:39:13.804+0000] {dag.py:3823} INFO - Setting next_dagrun for ml_pipeline_full_end_to_end_working to None, run_after=None
[2025-07-20T08:39:13.825+0000] {processor.py:183} INFO - Processing /opt/airflow/dags/mlops_full_processs.py took 0.076 seconds
[2025-07-20T08:39:44.467+0000] {processor.py:161} INFO - Started process (PID=12443) to work on /opt/airflow/dags/mlops_full_processs.py
[2025-07-20T08:39:44.471+0000] {processor.py:830} INFO - Processing file /opt/airflow/dags/mlops_full_processs.py for tasks to queue
[2025-07-20T08:39:44.475+0000] {logging_mixin.py:188} INFO - [2025-07-20T08:39:44.474+0000] {dagbag.py:538} INFO - Filling up the DagBag from /opt/airflow/dags/mlops_full_processs.py
[2025-07-20T08:39:44.497+0000] {processor.py:840} INFO - DAG(s) 'ml_pipeline_full_end_to_end_working' retrieved from /opt/airflow/dags/mlops_full_processs.py
[2025-07-20T08:39:44.523+0000] {logging_mixin.py:188} INFO - [2025-07-20T08:39:44.523+0000] {dag.py:3036} INFO - Sync 1 DAGs
[2025-07-20T08:39:44.535+0000] {logging_mixin.py:188} INFO - [2025-07-20T08:39:44.534+0000] {dag.py:3823} INFO - Setting next_dagrun for ml_pipeline_full_end_to_end_working to None, run_after=None
[2025-07-20T08:39:44.555+0000] {processor.py:183} INFO - Processing /opt/airflow/dags/mlops_full_processs.py took 0.104 seconds
[2025-07-20T08:40:15.236+0000] {processor.py:161} INFO - Started process (PID=12458) to work on /opt/airflow/dags/mlops_full_processs.py
[2025-07-20T08:40:15.237+0000] {processor.py:830} INFO - Processing file /opt/airflow/dags/mlops_full_processs.py for tasks to queue
[2025-07-20T08:40:15.238+0000] {logging_mixin.py:188} INFO - [2025-07-20T08:40:15.237+0000] {dagbag.py:538} INFO - Filling up the DagBag from /opt/airflow/dags/mlops_full_processs.py
[2025-07-20T08:40:15.251+0000] {processor.py:840} INFO - DAG(s) 'ml_pipeline_full_end_to_end_working' retrieved from /opt/airflow/dags/mlops_full_processs.py
[2025-07-20T08:40:15.277+0000] {logging_mixin.py:188} INFO - [2025-07-20T08:40:15.277+0000] {dag.py:3036} INFO - Sync 1 DAGs
[2025-07-20T08:40:15.289+0000] {logging_mixin.py:188} INFO - [2025-07-20T08:40:15.288+0000] {dag.py:3823} INFO - Setting next_dagrun for ml_pipeline_full_end_to_end_working to None, run_after=None
[2025-07-20T08:40:15.308+0000] {processor.py:183} INFO - Processing /opt/airflow/dags/mlops_full_processs.py took 0.078 seconds
[2025-07-20T08:40:45.777+0000] {processor.py:161} INFO - Started process (PID=12473) to work on /opt/airflow/dags/mlops_full_processs.py
[2025-07-20T08:40:45.778+0000] {processor.py:830} INFO - Processing file /opt/airflow/dags/mlops_full_processs.py for tasks to queue
[2025-07-20T08:40:45.779+0000] {logging_mixin.py:188} INFO - [2025-07-20T08:40:45.779+0000] {dagbag.py:538} INFO - Filling up the DagBag from /opt/airflow/dags/mlops_full_processs.py
[2025-07-20T08:40:45.792+0000] {processor.py:840} INFO - DAG(s) 'ml_pipeline_full_end_to_end_working' retrieved from /opt/airflow/dags/mlops_full_processs.py
[2025-07-20T08:40:45.819+0000] {logging_mixin.py:188} INFO - [2025-07-20T08:40:45.818+0000] {dag.py:3036} INFO - Sync 1 DAGs
[2025-07-20T08:40:45.829+0000] {logging_mixin.py:188} INFO - [2025-07-20T08:40:45.829+0000] {dag.py:3823} INFO - Setting next_dagrun for ml_pipeline_full_end_to_end_working to None, run_after=None
[2025-07-20T08:40:45.850+0000] {processor.py:183} INFO - Processing /opt/airflow/dags/mlops_full_processs.py took 0.075 seconds
[2025-07-20T08:41:16.226+0000] {processor.py:161} INFO - Started process (PID=12488) to work on /opt/airflow/dags/mlops_full_processs.py
[2025-07-20T08:41:16.228+0000] {processor.py:830} INFO - Processing file /opt/airflow/dags/mlops_full_processs.py for tasks to queue
[2025-07-20T08:41:16.230+0000] {logging_mixin.py:188} INFO - [2025-07-20T08:41:16.230+0000] {dagbag.py:538} INFO - Filling up the DagBag from /opt/airflow/dags/mlops_full_processs.py
[2025-07-20T08:41:16.250+0000] {processor.py:840} INFO - DAG(s) 'ml_pipeline_full_end_to_end_working' retrieved from /opt/airflow/dags/mlops_full_processs.py
[2025-07-20T08:41:16.290+0000] {logging_mixin.py:188} INFO - [2025-07-20T08:41:16.290+0000] {dag.py:3036} INFO - Sync 1 DAGs
[2025-07-20T08:41:16.302+0000] {logging_mixin.py:188} INFO - [2025-07-20T08:41:16.302+0000] {dag.py:3823} INFO - Setting next_dagrun for ml_pipeline_full_end_to_end_working to None, run_after=None
[2025-07-20T08:41:16.324+0000] {processor.py:183} INFO - Processing /opt/airflow/dags/mlops_full_processs.py took 0.102 seconds
[2025-07-20T08:41:46.843+0000] {processor.py:161} INFO - Started process (PID=12503) to work on /opt/airflow/dags/mlops_full_processs.py
[2025-07-20T08:41:46.846+0000] {processor.py:830} INFO - Processing file /opt/airflow/dags/mlops_full_processs.py for tasks to queue
[2025-07-20T08:41:46.848+0000] {logging_mixin.py:188} INFO - [2025-07-20T08:41:46.847+0000] {dagbag.py:538} INFO - Filling up the DagBag from /opt/airflow/dags/mlops_full_processs.py
[2025-07-20T08:41:46.869+0000] {processor.py:840} INFO - DAG(s) 'ml_pipeline_full_end_to_end_working' retrieved from /opt/airflow/dags/mlops_full_processs.py
[2025-07-20T08:41:46.903+0000] {logging_mixin.py:188} INFO - [2025-07-20T08:41:46.903+0000] {dag.py:3036} INFO - Sync 1 DAGs
[2025-07-20T08:41:46.917+0000] {logging_mixin.py:188} INFO - [2025-07-20T08:41:46.917+0000] {dag.py:3823} INFO - Setting next_dagrun for ml_pipeline_full_end_to_end_working to None, run_after=None
[2025-07-20T08:41:46.939+0000] {processor.py:183} INFO - Processing /opt/airflow/dags/mlops_full_processs.py took 0.106 seconds
[2025-07-20T08:42:17.522+0000] {processor.py:161} INFO - Started process (PID=12518) to work on /opt/airflow/dags/mlops_full_processs.py
[2025-07-20T08:42:17.524+0000] {processor.py:830} INFO - Processing file /opt/airflow/dags/mlops_full_processs.py for tasks to queue
[2025-07-20T08:42:17.524+0000] {logging_mixin.py:188} INFO - [2025-07-20T08:42:17.524+0000] {dagbag.py:538} INFO - Filling up the DagBag from /opt/airflow/dags/mlops_full_processs.py
[2025-07-20T08:42:17.540+0000] {processor.py:840} INFO - DAG(s) 'ml_pipeline_full_end_to_end_working' retrieved from /opt/airflow/dags/mlops_full_processs.py
[2025-07-20T08:42:17.569+0000] {logging_mixin.py:188} INFO - [2025-07-20T08:42:17.568+0000] {dag.py:3036} INFO - Sync 1 DAGs
[2025-07-20T08:42:17.581+0000] {logging_mixin.py:188} INFO - [2025-07-20T08:42:17.581+0000] {dag.py:3823} INFO - Setting next_dagrun for ml_pipeline_full_end_to_end_working to None, run_after=None
[2025-07-20T08:42:17.604+0000] {processor.py:183} INFO - Processing /opt/airflow/dags/mlops_full_processs.py took 0.085 seconds
[2025-07-20T08:42:48.147+0000] {processor.py:161} INFO - Started process (PID=12533) to work on /opt/airflow/dags/mlops_full_processs.py
[2025-07-20T08:42:48.149+0000] {processor.py:830} INFO - Processing file /opt/airflow/dags/mlops_full_processs.py for tasks to queue
[2025-07-20T08:42:48.150+0000] {logging_mixin.py:188} INFO - [2025-07-20T08:42:48.149+0000] {dagbag.py:538} INFO - Filling up the DagBag from /opt/airflow/dags/mlops_full_processs.py
[2025-07-20T08:42:48.163+0000] {processor.py:840} INFO - DAG(s) 'ml_pipeline_full_end_to_end_working' retrieved from /opt/airflow/dags/mlops_full_processs.py
[2025-07-20T08:42:48.190+0000] {logging_mixin.py:188} INFO - [2025-07-20T08:42:48.190+0000] {dag.py:3036} INFO - Sync 1 DAGs
[2025-07-20T08:42:48.201+0000] {logging_mixin.py:188} INFO - [2025-07-20T08:42:48.201+0000] {dag.py:3823} INFO - Setting next_dagrun for ml_pipeline_full_end_to_end_working to None, run_after=None
[2025-07-20T08:42:48.223+0000] {processor.py:183} INFO - Processing /opt/airflow/dags/mlops_full_processs.py took 0.079 seconds
[2025-07-20T08:43:19.163+0000] {processor.py:161} INFO - Started process (PID=12548) to work on /opt/airflow/dags/mlops_full_processs.py
[2025-07-20T08:43:19.165+0000] {processor.py:830} INFO - Processing file /opt/airflow/dags/mlops_full_processs.py for tasks to queue
[2025-07-20T08:43:19.167+0000] {logging_mixin.py:188} INFO - [2025-07-20T08:43:19.166+0000] {dagbag.py:538} INFO - Filling up the DagBag from /opt/airflow/dags/mlops_full_processs.py
[2025-07-20T08:43:19.185+0000] {processor.py:840} INFO - DAG(s) 'ml_pipeline_full_end_to_end_working' retrieved from /opt/airflow/dags/mlops_full_processs.py
[2025-07-20T08:43:19.228+0000] {logging_mixin.py:188} INFO - [2025-07-20T08:43:19.228+0000] {dag.py:3036} INFO - Sync 1 DAGs
[2025-07-20T08:43:19.244+0000] {logging_mixin.py:188} INFO - [2025-07-20T08:43:19.243+0000] {dag.py:3823} INFO - Setting next_dagrun for ml_pipeline_full_end_to_end_working to None, run_after=None
[2025-07-20T08:43:19.263+0000] {processor.py:183} INFO - Processing /opt/airflow/dags/mlops_full_processs.py took 0.103 seconds
[2025-07-20T08:43:49.755+0000] {processor.py:161} INFO - Started process (PID=12563) to work on /opt/airflow/dags/mlops_full_processs.py
[2025-07-20T08:43:49.756+0000] {processor.py:830} INFO - Processing file /opt/airflow/dags/mlops_full_processs.py for tasks to queue
[2025-07-20T08:43:49.757+0000] {logging_mixin.py:188} INFO - [2025-07-20T08:43:49.757+0000] {dagbag.py:538} INFO - Filling up the DagBag from /opt/airflow/dags/mlops_full_processs.py
[2025-07-20T08:43:49.771+0000] {processor.py:840} INFO - DAG(s) 'ml_pipeline_full_end_to_end_working' retrieved from /opt/airflow/dags/mlops_full_processs.py
[2025-07-20T08:43:49.798+0000] {logging_mixin.py:188} INFO - [2025-07-20T08:43:49.798+0000] {dag.py:3036} INFO - Sync 1 DAGs
[2025-07-20T08:43:49.809+0000] {logging_mixin.py:188} INFO - [2025-07-20T08:43:49.809+0000] {dag.py:3823} INFO - Setting next_dagrun for ml_pipeline_full_end_to_end_working to None, run_after=None
[2025-07-20T08:43:49.850+0000] {processor.py:183} INFO - Processing /opt/airflow/dags/mlops_full_processs.py took 0.099 seconds
[2025-07-20T08:44:20.393+0000] {processor.py:161} INFO - Started process (PID=12578) to work on /opt/airflow/dags/mlops_full_processs.py
[2025-07-20T08:44:20.394+0000] {processor.py:830} INFO - Processing file /opt/airflow/dags/mlops_full_processs.py for tasks to queue
[2025-07-20T08:44:20.395+0000] {logging_mixin.py:188} INFO - [2025-07-20T08:44:20.394+0000] {dagbag.py:538} INFO - Filling up the DagBag from /opt/airflow/dags/mlops_full_processs.py
[2025-07-20T08:44:20.407+0000] {processor.py:840} INFO - DAG(s) 'ml_pipeline_full_end_to_end_working' retrieved from /opt/airflow/dags/mlops_full_processs.py
[2025-07-20T08:44:20.434+0000] {logging_mixin.py:188} INFO - [2025-07-20T08:44:20.434+0000] {dag.py:3036} INFO - Sync 1 DAGs
[2025-07-20T08:44:20.446+0000] {logging_mixin.py:188} INFO - [2025-07-20T08:44:20.446+0000] {dag.py:3823} INFO - Setting next_dagrun for ml_pipeline_full_end_to_end_working to None, run_after=None
[2025-07-20T08:44:20.469+0000] {processor.py:183} INFO - Processing /opt/airflow/dags/mlops_full_processs.py took 0.079 seconds
[2025-07-20T08:44:51.036+0000] {processor.py:161} INFO - Started process (PID=12593) to work on /opt/airflow/dags/mlops_full_processs.py
[2025-07-20T08:44:51.037+0000] {processor.py:830} INFO - Processing file /opt/airflow/dags/mlops_full_processs.py for tasks to queue
[2025-07-20T08:44:51.038+0000] {logging_mixin.py:188} INFO - [2025-07-20T08:44:51.037+0000] {dagbag.py:538} INFO - Filling up the DagBag from /opt/airflow/dags/mlops_full_processs.py
[2025-07-20T08:44:51.051+0000] {processor.py:840} INFO - DAG(s) 'ml_pipeline_full_end_to_end_working' retrieved from /opt/airflow/dags/mlops_full_processs.py
[2025-07-20T08:44:51.079+0000] {logging_mixin.py:188} INFO - [2025-07-20T08:44:51.079+0000] {dag.py:3036} INFO - Sync 1 DAGs
[2025-07-20T08:44:51.091+0000] {logging_mixin.py:188} INFO - [2025-07-20T08:44:51.090+0000] {dag.py:3823} INFO - Setting next_dagrun for ml_pipeline_full_end_to_end_working to None, run_after=None
[2025-07-20T08:44:51.109+0000] {processor.py:183} INFO - Processing /opt/airflow/dags/mlops_full_processs.py took 0.077 seconds
[2025-07-20T08:45:21.519+0000] {processor.py:161} INFO - Started process (PID=12608) to work on /opt/airflow/dags/mlops_full_processs.py
[2025-07-20T08:45:21.521+0000] {processor.py:830} INFO - Processing file /opt/airflow/dags/mlops_full_processs.py for tasks to queue
[2025-07-20T08:45:21.522+0000] {logging_mixin.py:188} INFO - [2025-07-20T08:45:21.521+0000] {dagbag.py:538} INFO - Filling up the DagBag from /opt/airflow/dags/mlops_full_processs.py
[2025-07-20T08:45:21.535+0000] {processor.py:840} INFO - DAG(s) 'ml_pipeline_full_end_to_end_working' retrieved from /opt/airflow/dags/mlops_full_processs.py
[2025-07-20T08:45:21.563+0000] {logging_mixin.py:188} INFO - [2025-07-20T08:45:21.563+0000] {dag.py:3036} INFO - Sync 1 DAGs
[2025-07-20T08:45:21.575+0000] {logging_mixin.py:188} INFO - [2025-07-20T08:45:21.575+0000] {dag.py:3823} INFO - Setting next_dagrun for ml_pipeline_full_end_to_end_working to None, run_after=None
[2025-07-20T08:45:21.606+0000] {processor.py:183} INFO - Processing /opt/airflow/dags/mlops_full_processs.py took 0.090 seconds
[2025-07-20T08:45:52.354+0000] {processor.py:161} INFO - Started process (PID=12623) to work on /opt/airflow/dags/mlops_full_processs.py
[2025-07-20T08:45:52.356+0000] {processor.py:830} INFO - Processing file /opt/airflow/dags/mlops_full_processs.py for tasks to queue
[2025-07-20T08:45:52.357+0000] {logging_mixin.py:188} INFO - [2025-07-20T08:45:52.356+0000] {dagbag.py:538} INFO - Filling up the DagBag from /opt/airflow/dags/mlops_full_processs.py
[2025-07-20T08:45:52.370+0000] {processor.py:840} INFO - DAG(s) 'ml_pipeline_full_end_to_end_working' retrieved from /opt/airflow/dags/mlops_full_processs.py
[2025-07-20T08:45:52.398+0000] {logging_mixin.py:188} INFO - [2025-07-20T08:45:52.398+0000] {dag.py:3036} INFO - Sync 1 DAGs
[2025-07-20T08:45:52.409+0000] {logging_mixin.py:188} INFO - [2025-07-20T08:45:52.409+0000] {dag.py:3823} INFO - Setting next_dagrun for ml_pipeline_full_end_to_end_working to None, run_after=None
[2025-07-20T08:45:52.432+0000] {processor.py:183} INFO - Processing /opt/airflow/dags/mlops_full_processs.py took 0.081 seconds
[2025-07-20T08:46:23.141+0000] {processor.py:161} INFO - Started process (PID=12638) to work on /opt/airflow/dags/mlops_full_processs.py
[2025-07-20T08:46:23.142+0000] {processor.py:830} INFO - Processing file /opt/airflow/dags/mlops_full_processs.py for tasks to queue
[2025-07-20T08:46:23.143+0000] {logging_mixin.py:188} INFO - [2025-07-20T08:46:23.142+0000] {dagbag.py:538} INFO - Filling up the DagBag from /opt/airflow/dags/mlops_full_processs.py
[2025-07-20T08:46:23.156+0000] {processor.py:840} INFO - DAG(s) 'ml_pipeline_full_end_to_end_working' retrieved from /opt/airflow/dags/mlops_full_processs.py
[2025-07-20T08:46:23.197+0000] {logging_mixin.py:188} INFO - [2025-07-20T08:46:23.197+0000] {dag.py:3036} INFO - Sync 1 DAGs
[2025-07-20T08:46:23.210+0000] {logging_mixin.py:188} INFO - [2025-07-20T08:46:23.210+0000] {dag.py:3823} INFO - Setting next_dagrun for ml_pipeline_full_end_to_end_working to None, run_after=None
[2025-07-20T08:46:23.234+0000] {processor.py:183} INFO - Processing /opt/airflow/dags/mlops_full_processs.py took 0.096 seconds
[2025-07-20T08:46:53.736+0000] {processor.py:161} INFO - Started process (PID=12653) to work on /opt/airflow/dags/mlops_full_processs.py
[2025-07-20T08:46:53.737+0000] {processor.py:830} INFO - Processing file /opt/airflow/dags/mlops_full_processs.py for tasks to queue
[2025-07-20T08:46:53.737+0000] {logging_mixin.py:188} INFO - [2025-07-20T08:46:53.737+0000] {dagbag.py:538} INFO - Filling up the DagBag from /opt/airflow/dags/mlops_full_processs.py
[2025-07-20T08:46:53.750+0000] {processor.py:840} INFO - DAG(s) 'ml_pipeline_full_end_to_end_working' retrieved from /opt/airflow/dags/mlops_full_processs.py
[2025-07-20T08:46:53.810+0000] {logging_mixin.py:188} INFO - [2025-07-20T08:46:53.809+0000] {dag.py:3036} INFO - Sync 1 DAGs
[2025-07-20T08:46:53.822+0000] {logging_mixin.py:188} INFO - [2025-07-20T08:46:53.822+0000] {dag.py:3823} INFO - Setting next_dagrun for ml_pipeline_full_end_to_end_working to None, run_after=None
[2025-07-20T08:46:53.851+0000] {processor.py:183} INFO - Processing /opt/airflow/dags/mlops_full_processs.py took 0.119 seconds
[2025-07-20T08:47:24.401+0000] {processor.py:161} INFO - Started process (PID=12668) to work on /opt/airflow/dags/mlops_full_processs.py
[2025-07-20T08:47:24.402+0000] {processor.py:830} INFO - Processing file /opt/airflow/dags/mlops_full_processs.py for tasks to queue
[2025-07-20T08:47:24.403+0000] {logging_mixin.py:188} INFO - [2025-07-20T08:47:24.403+0000] {dagbag.py:538} INFO - Filling up the DagBag from /opt/airflow/dags/mlops_full_processs.py
[2025-07-20T08:47:24.417+0000] {processor.py:840} INFO - DAG(s) 'ml_pipeline_full_end_to_end_working' retrieved from /opt/airflow/dags/mlops_full_processs.py
[2025-07-20T08:47:24.449+0000] {logging_mixin.py:188} INFO - [2025-07-20T08:47:24.449+0000] {dag.py:3036} INFO - Sync 1 DAGs
[2025-07-20T08:47:24.463+0000] {logging_mixin.py:188} INFO - [2025-07-20T08:47:24.462+0000] {dag.py:3823} INFO - Setting next_dagrun for ml_pipeline_full_end_to_end_working to None, run_after=None
[2025-07-20T08:47:24.483+0000] {processor.py:183} INFO - Processing /opt/airflow/dags/mlops_full_processs.py took 0.086 seconds
[2025-07-20T08:47:55.051+0000] {processor.py:161} INFO - Started process (PID=12683) to work on /opt/airflow/dags/mlops_full_processs.py
[2025-07-20T08:47:55.052+0000] {processor.py:830} INFO - Processing file /opt/airflow/dags/mlops_full_processs.py for tasks to queue
[2025-07-20T08:47:55.053+0000] {logging_mixin.py:188} INFO - [2025-07-20T08:47:55.053+0000] {dagbag.py:538} INFO - Filling up the DagBag from /opt/airflow/dags/mlops_full_processs.py
[2025-07-20T08:47:55.079+0000] {processor.py:840} INFO - DAG(s) 'ml_pipeline_full_end_to_end_working' retrieved from /opt/airflow/dags/mlops_full_processs.py
[2025-07-20T08:47:55.138+0000] {logging_mixin.py:188} INFO - [2025-07-20T08:47:55.138+0000] {dag.py:3036} INFO - Sync 1 DAGs
[2025-07-20T08:47:55.150+0000] {logging_mixin.py:188} INFO - [2025-07-20T08:47:55.150+0000] {dag.py:3823} INFO - Setting next_dagrun for ml_pipeline_full_end_to_end_working to None, run_after=None
[2025-07-20T08:47:55.170+0000] {processor.py:183} INFO - Processing /opt/airflow/dags/mlops_full_processs.py took 0.122 seconds
[2025-07-20T08:48:25.823+0000] {processor.py:161} INFO - Started process (PID=12698) to work on /opt/airflow/dags/mlops_full_processs.py
[2025-07-20T08:48:25.824+0000] {processor.py:830} INFO - Processing file /opt/airflow/dags/mlops_full_processs.py for tasks to queue
[2025-07-20T08:48:25.825+0000] {logging_mixin.py:188} INFO - [2025-07-20T08:48:25.825+0000] {dagbag.py:538} INFO - Filling up the DagBag from /opt/airflow/dags/mlops_full_processs.py
[2025-07-20T08:48:25.837+0000] {processor.py:840} INFO - DAG(s) 'ml_pipeline_full_end_to_end_working' retrieved from /opt/airflow/dags/mlops_full_processs.py
[2025-07-20T08:48:25.864+0000] {logging_mixin.py:188} INFO - [2025-07-20T08:48:25.864+0000] {dag.py:3036} INFO - Sync 1 DAGs
[2025-07-20T08:48:25.877+0000] {logging_mixin.py:188} INFO - [2025-07-20T08:48:25.876+0000] {dag.py:3823} INFO - Setting next_dagrun for ml_pipeline_full_end_to_end_working to None, run_after=None
[2025-07-20T08:48:25.897+0000] {processor.py:183} INFO - Processing /opt/airflow/dags/mlops_full_processs.py took 0.078 seconds
[2025-07-20T08:48:56.462+0000] {processor.py:161} INFO - Started process (PID=12713) to work on /opt/airflow/dags/mlops_full_processs.py
[2025-07-20T08:48:56.463+0000] {processor.py:830} INFO - Processing file /opt/airflow/dags/mlops_full_processs.py for tasks to queue
[2025-07-20T08:48:56.464+0000] {logging_mixin.py:188} INFO - [2025-07-20T08:48:56.464+0000] {dagbag.py:538} INFO - Filling up the DagBag from /opt/airflow/dags/mlops_full_processs.py
[2025-07-20T08:48:56.476+0000] {processor.py:840} INFO - DAG(s) 'ml_pipeline_full_end_to_end_working' retrieved from /opt/airflow/dags/mlops_full_processs.py
[2025-07-20T08:48:56.507+0000] {logging_mixin.py:188} INFO - [2025-07-20T08:48:56.507+0000] {dag.py:3036} INFO - Sync 1 DAGs
[2025-07-20T08:48:56.519+0000] {logging_mixin.py:188} INFO - [2025-07-20T08:48:56.518+0000] {dag.py:3823} INFO - Setting next_dagrun for ml_pipeline_full_end_to_end_working to None, run_after=None
[2025-07-20T08:48:56.542+0000] {processor.py:183} INFO - Processing /opt/airflow/dags/mlops_full_processs.py took 0.083 seconds
[2025-07-20T08:49:27.062+0000] {processor.py:161} INFO - Started process (PID=12728) to work on /opt/airflow/dags/mlops_full_processs.py
[2025-07-20T08:49:27.063+0000] {processor.py:830} INFO - Processing file /opt/airflow/dags/mlops_full_processs.py for tasks to queue
[2025-07-20T08:49:27.064+0000] {logging_mixin.py:188} INFO - [2025-07-20T08:49:27.064+0000] {dagbag.py:538} INFO - Filling up the DagBag from /opt/airflow/dags/mlops_full_processs.py
[2025-07-20T08:49:27.077+0000] {processor.py:840} INFO - DAG(s) 'ml_pipeline_full_end_to_end_working' retrieved from /opt/airflow/dags/mlops_full_processs.py
[2025-07-20T08:49:27.106+0000] {logging_mixin.py:188} INFO - [2025-07-20T08:49:27.105+0000] {dag.py:3036} INFO - Sync 1 DAGs
[2025-07-20T08:49:27.117+0000] {logging_mixin.py:188} INFO - [2025-07-20T08:49:27.117+0000] {dag.py:3823} INFO - Setting next_dagrun for ml_pipeline_full_end_to_end_working to None, run_after=None
[2025-07-20T08:49:27.214+0000] {processor.py:183} INFO - Processing /opt/airflow/dags/mlops_full_processs.py took 0.155 seconds
[2025-07-20T08:49:57.763+0000] {processor.py:161} INFO - Started process (PID=12743) to work on /opt/airflow/dags/mlops_full_processs.py
[2025-07-20T08:49:57.764+0000] {processor.py:830} INFO - Processing file /opt/airflow/dags/mlops_full_processs.py for tasks to queue
[2025-07-20T08:49:57.764+0000] {logging_mixin.py:188} INFO - [2025-07-20T08:49:57.764+0000] {dagbag.py:538} INFO - Filling up the DagBag from /opt/airflow/dags/mlops_full_processs.py
[2025-07-20T08:49:57.775+0000] {processor.py:840} INFO - DAG(s) 'ml_pipeline_full_end_to_end_working' retrieved from /opt/airflow/dags/mlops_full_processs.py
[2025-07-20T08:49:57.801+0000] {logging_mixin.py:188} INFO - [2025-07-20T08:49:57.801+0000] {dag.py:3036} INFO - Sync 1 DAGs
[2025-07-20T08:49:57.812+0000] {logging_mixin.py:188} INFO - [2025-07-20T08:49:57.812+0000] {dag.py:3823} INFO - Setting next_dagrun for ml_pipeline_full_end_to_end_working to None, run_after=None
[2025-07-20T08:49:57.831+0000] {processor.py:183} INFO - Processing /opt/airflow/dags/mlops_full_processs.py took 0.071 seconds
[2025-07-20T08:50:28.707+0000] {processor.py:161} INFO - Started process (PID=12758) to work on /opt/airflow/dags/mlops_full_processs.py
[2025-07-20T08:50:28.709+0000] {processor.py:830} INFO - Processing file /opt/airflow/dags/mlops_full_processs.py for tasks to queue
[2025-07-20T08:50:28.709+0000] {logging_mixin.py:188} INFO - [2025-07-20T08:50:28.709+0000] {dagbag.py:538} INFO - Filling up the DagBag from /opt/airflow/dags/mlops_full_processs.py
[2025-07-20T08:50:28.722+0000] {processor.py:840} INFO - DAG(s) 'ml_pipeline_full_end_to_end_working' retrieved from /opt/airflow/dags/mlops_full_processs.py
[2025-07-20T08:50:28.748+0000] {logging_mixin.py:188} INFO - [2025-07-20T08:50:28.747+0000] {dag.py:3036} INFO - Sync 1 DAGs
[2025-07-20T08:50:28.759+0000] {logging_mixin.py:188} INFO - [2025-07-20T08:50:28.758+0000] {dag.py:3823} INFO - Setting next_dagrun for ml_pipeline_full_end_to_end_working to None, run_after=None
[2025-07-20T08:50:28.778+0000] {processor.py:183} INFO - Processing /opt/airflow/dags/mlops_full_processs.py took 0.074 seconds
[2025-07-20T08:50:59.316+0000] {processor.py:161} INFO - Started process (PID=12773) to work on /opt/airflow/dags/mlops_full_processs.py
[2025-07-20T08:50:59.317+0000] {processor.py:830} INFO - Processing file /opt/airflow/dags/mlops_full_processs.py for tasks to queue
[2025-07-20T08:50:59.318+0000] {logging_mixin.py:188} INFO - [2025-07-20T08:50:59.318+0000] {dagbag.py:538} INFO - Filling up the DagBag from /opt/airflow/dags/mlops_full_processs.py
[2025-07-20T08:50:59.452+0000] {processor.py:840} INFO - DAG(s) 'ml_pipeline_full_end_to_end_working' retrieved from /opt/airflow/dags/mlops_full_processs.py
[2025-07-20T08:50:59.493+0000] {logging_mixin.py:188} INFO - [2025-07-20T08:50:59.493+0000] {dag.py:3036} INFO - Sync 1 DAGs
[2025-07-20T08:50:59.504+0000] {logging_mixin.py:188} INFO - [2025-07-20T08:50:59.504+0000] {dag.py:3823} INFO - Setting next_dagrun for ml_pipeline_full_end_to_end_working to None, run_after=None
[2025-07-20T08:50:59.525+0000] {processor.py:183} INFO - Processing /opt/airflow/dags/mlops_full_processs.py took 0.212 seconds
[2025-07-20T08:51:30.105+0000] {processor.py:161} INFO - Started process (PID=12788) to work on /opt/airflow/dags/mlops_full_processs.py
[2025-07-20T08:51:30.107+0000] {processor.py:830} INFO - Processing file /opt/airflow/dags/mlops_full_processs.py for tasks to queue
[2025-07-20T08:51:30.108+0000] {logging_mixin.py:188} INFO - [2025-07-20T08:51:30.107+0000] {dagbag.py:538} INFO - Filling up the DagBag from /opt/airflow/dags/mlops_full_processs.py
[2025-07-20T08:51:30.120+0000] {processor.py:840} INFO - DAG(s) 'ml_pipeline_full_end_to_end_working' retrieved from /opt/airflow/dags/mlops_full_processs.py
[2025-07-20T08:51:30.147+0000] {logging_mixin.py:188} INFO - [2025-07-20T08:51:30.147+0000] {dag.py:3036} INFO - Sync 1 DAGs
[2025-07-20T08:51:30.161+0000] {logging_mixin.py:188} INFO - [2025-07-20T08:51:30.160+0000] {dag.py:3823} INFO - Setting next_dagrun for ml_pipeline_full_end_to_end_working to None, run_after=None
[2025-07-20T08:51:30.181+0000] {processor.py:183} INFO - Processing /opt/airflow/dags/mlops_full_processs.py took 0.079 seconds
[2025-07-20T08:52:00.820+0000] {processor.py:161} INFO - Started process (PID=12803) to work on /opt/airflow/dags/mlops_full_processs.py
[2025-07-20T08:52:00.821+0000] {processor.py:830} INFO - Processing file /opt/airflow/dags/mlops_full_processs.py for tasks to queue
[2025-07-20T08:52:00.821+0000] {logging_mixin.py:188} INFO - [2025-07-20T08:52:00.821+0000] {dagbag.py:538} INFO - Filling up the DagBag from /opt/airflow/dags/mlops_full_processs.py
[2025-07-20T08:52:00.834+0000] {processor.py:840} INFO - DAG(s) 'ml_pipeline_full_end_to_end_working' retrieved from /opt/airflow/dags/mlops_full_processs.py
[2025-07-20T08:52:00.860+0000] {logging_mixin.py:188} INFO - [2025-07-20T08:52:00.860+0000] {dag.py:3036} INFO - Sync 1 DAGs
[2025-07-20T08:52:00.871+0000] {logging_mixin.py:188} INFO - [2025-07-20T08:52:00.871+0000] {dag.py:3823} INFO - Setting next_dagrun for ml_pipeline_full_end_to_end_working to None, run_after=None
[2025-07-20T08:52:00.893+0000] {processor.py:183} INFO - Processing /opt/airflow/dags/mlops_full_processs.py took 0.077 seconds
[2025-07-20T08:52:31.404+0000] {processor.py:161} INFO - Started process (PID=12818) to work on /opt/airflow/dags/mlops_full_processs.py
[2025-07-20T08:52:31.405+0000] {processor.py:830} INFO - Processing file /opt/airflow/dags/mlops_full_processs.py for tasks to queue
[2025-07-20T08:52:31.406+0000] {logging_mixin.py:188} INFO - [2025-07-20T08:52:31.406+0000] {dagbag.py:538} INFO - Filling up the DagBag from /opt/airflow/dags/mlops_full_processs.py
[2025-07-20T08:52:31.421+0000] {processor.py:840} INFO - DAG(s) 'ml_pipeline_full_end_to_end_working' retrieved from /opt/airflow/dags/mlops_full_processs.py
[2025-07-20T08:52:31.455+0000] {logging_mixin.py:188} INFO - [2025-07-20T08:52:31.454+0000] {dag.py:3036} INFO - Sync 1 DAGs
[2025-07-20T08:52:31.468+0000] {logging_mixin.py:188} INFO - [2025-07-20T08:52:31.468+0000] {dag.py:3823} INFO - Setting next_dagrun for ml_pipeline_full_end_to_end_working to None, run_after=None
[2025-07-20T08:52:31.489+0000] {processor.py:183} INFO - Processing /opt/airflow/dags/mlops_full_processs.py took 0.088 seconds
[2025-07-20T08:53:01.974+0000] {processor.py:161} INFO - Started process (PID=12833) to work on /opt/airflow/dags/mlops_full_processs.py
[2025-07-20T08:53:01.975+0000] {processor.py:830} INFO - Processing file /opt/airflow/dags/mlops_full_processs.py for tasks to queue
[2025-07-20T08:53:01.976+0000] {logging_mixin.py:188} INFO - [2025-07-20T08:53:01.976+0000] {dagbag.py:538} INFO - Filling up the DagBag from /opt/airflow/dags/mlops_full_processs.py
[2025-07-20T08:53:01.989+0000] {processor.py:840} INFO - DAG(s) 'ml_pipeline_full_end_to_end_working' retrieved from /opt/airflow/dags/mlops_full_processs.py
[2025-07-20T08:53:02.015+0000] {logging_mixin.py:188} INFO - [2025-07-20T08:53:02.015+0000] {dag.py:3036} INFO - Sync 1 DAGs
[2025-07-20T08:53:02.026+0000] {logging_mixin.py:188} INFO - [2025-07-20T08:53:02.026+0000] {dag.py:3823} INFO - Setting next_dagrun for ml_pipeline_full_end_to_end_working to None, run_after=None
[2025-07-20T08:53:02.045+0000] {processor.py:183} INFO - Processing /opt/airflow/dags/mlops_full_processs.py took 0.074 seconds
[2025-07-20T08:53:32.923+0000] {processor.py:161} INFO - Started process (PID=12848) to work on /opt/airflow/dags/mlops_full_processs.py
[2025-07-20T08:53:32.924+0000] {processor.py:830} INFO - Processing file /opt/airflow/dags/mlops_full_processs.py for tasks to queue
[2025-07-20T08:53:32.925+0000] {logging_mixin.py:188} INFO - [2025-07-20T08:53:32.925+0000] {dagbag.py:538} INFO - Filling up the DagBag from /opt/airflow/dags/mlops_full_processs.py
[2025-07-20T08:53:32.938+0000] {processor.py:840} INFO - DAG(s) 'ml_pipeline_full_end_to_end_working' retrieved from /opt/airflow/dags/mlops_full_processs.py
[2025-07-20T08:53:32.965+0000] {logging_mixin.py:188} INFO - [2025-07-20T08:53:32.964+0000] {dag.py:3036} INFO - Sync 1 DAGs
[2025-07-20T08:53:32.976+0000] {logging_mixin.py:188} INFO - [2025-07-20T08:53:32.976+0000] {dag.py:3823} INFO - Setting next_dagrun for ml_pipeline_full_end_to_end_working to None, run_after=None
[2025-07-20T08:53:32.996+0000] {processor.py:183} INFO - Processing /opt/airflow/dags/mlops_full_processs.py took 0.076 seconds
[2025-07-20T08:54:03.536+0000] {processor.py:161} INFO - Started process (PID=12863) to work on /opt/airflow/dags/mlops_full_processs.py
[2025-07-20T08:54:03.537+0000] {processor.py:830} INFO - Processing file /opt/airflow/dags/mlops_full_processs.py for tasks to queue
[2025-07-20T08:54:03.540+0000] {logging_mixin.py:188} INFO - [2025-07-20T08:54:03.538+0000] {dagbag.py:538} INFO - Filling up the DagBag from /opt/airflow/dags/mlops_full_processs.py
[2025-07-20T08:54:03.554+0000] {processor.py:840} INFO - DAG(s) 'ml_pipeline_full_end_to_end_working' retrieved from /opt/airflow/dags/mlops_full_processs.py
[2025-07-20T08:54:03.582+0000] {logging_mixin.py:188} INFO - [2025-07-20T08:54:03.582+0000] {dag.py:3036} INFO - Sync 1 DAGs
[2025-07-20T08:54:03.593+0000] {logging_mixin.py:188} INFO - [2025-07-20T08:54:03.593+0000] {dag.py:3823} INFO - Setting next_dagrun for ml_pipeline_full_end_to_end_working to None, run_after=None
[2025-07-20T08:54:03.615+0000] {processor.py:183} INFO - Processing /opt/airflow/dags/mlops_full_processs.py took 0.083 seconds
[2025-07-20T08:54:34.138+0000] {processor.py:161} INFO - Started process (PID=12878) to work on /opt/airflow/dags/mlops_full_processs.py
[2025-07-20T08:54:34.140+0000] {processor.py:830} INFO - Processing file /opt/airflow/dags/mlops_full_processs.py for tasks to queue
[2025-07-20T08:54:34.141+0000] {logging_mixin.py:188} INFO - [2025-07-20T08:54:34.141+0000] {dagbag.py:538} INFO - Filling up the DagBag from /opt/airflow/dags/mlops_full_processs.py
[2025-07-20T08:54:34.152+0000] {processor.py:840} INFO - DAG(s) 'ml_pipeline_full_end_to_end_working' retrieved from /opt/airflow/dags/mlops_full_processs.py
[2025-07-20T08:54:34.181+0000] {logging_mixin.py:188} INFO - [2025-07-20T08:54:34.180+0000] {dag.py:3036} INFO - Sync 1 DAGs
[2025-07-20T08:54:34.192+0000] {logging_mixin.py:188} INFO - [2025-07-20T08:54:34.191+0000] {dag.py:3823} INFO - Setting next_dagrun for ml_pipeline_full_end_to_end_working to None, run_after=None
[2025-07-20T08:54:34.213+0000] {processor.py:183} INFO - Processing /opt/airflow/dags/mlops_full_processs.py took 0.078 seconds
[2025-07-20T08:55:04.962+0000] {processor.py:161} INFO - Started process (PID=12893) to work on /opt/airflow/dags/mlops_full_processs.py
[2025-07-20T08:55:04.964+0000] {processor.py:830} INFO - Processing file /opt/airflow/dags/mlops_full_processs.py for tasks to queue
[2025-07-20T08:55:04.965+0000] {logging_mixin.py:188} INFO - [2025-07-20T08:55:04.964+0000] {dagbag.py:538} INFO - Filling up the DagBag from /opt/airflow/dags/mlops_full_processs.py
[2025-07-20T08:55:04.977+0000] {processor.py:840} INFO - DAG(s) 'ml_pipeline_full_end_to_end_working' retrieved from /opt/airflow/dags/mlops_full_processs.py
[2025-07-20T08:55:05.010+0000] {logging_mixin.py:188} INFO - [2025-07-20T08:55:05.009+0000] {dag.py:3036} INFO - Sync 1 DAGs
[2025-07-20T08:55:05.022+0000] {logging_mixin.py:188} INFO - [2025-07-20T08:55:05.022+0000] {dag.py:3823} INFO - Setting next_dagrun for ml_pipeline_full_end_to_end_working to None, run_after=None
[2025-07-20T08:55:05.188+0000] {processor.py:183} INFO - Processing /opt/airflow/dags/mlops_full_processs.py took 0.228 seconds
[2025-07-20T08:55:35.786+0000] {processor.py:161} INFO - Started process (PID=12908) to work on /opt/airflow/dags/mlops_full_processs.py
[2025-07-20T08:55:35.787+0000] {processor.py:830} INFO - Processing file /opt/airflow/dags/mlops_full_processs.py for tasks to queue
[2025-07-20T08:55:35.788+0000] {logging_mixin.py:188} INFO - [2025-07-20T08:55:35.788+0000] {dagbag.py:538} INFO - Filling up the DagBag from /opt/airflow/dags/mlops_full_processs.py
[2025-07-20T08:55:35.800+0000] {processor.py:840} INFO - DAG(s) 'ml_pipeline_full_end_to_end_working' retrieved from /opt/airflow/dags/mlops_full_processs.py
[2025-07-20T08:55:35.930+0000] {logging_mixin.py:188} INFO - [2025-07-20T08:55:35.930+0000] {dag.py:3036} INFO - Sync 1 DAGs
[2025-07-20T08:55:35.944+0000] {logging_mixin.py:188} INFO - [2025-07-20T08:55:35.944+0000] {dag.py:3823} INFO - Setting next_dagrun for ml_pipeline_full_end_to_end_working to None, run_after=None
[2025-07-20T08:55:35.966+0000] {processor.py:183} INFO - Processing /opt/airflow/dags/mlops_full_processs.py took 0.184 seconds
[2025-07-20T08:56:06.478+0000] {processor.py:161} INFO - Started process (PID=12923) to work on /opt/airflow/dags/mlops_full_processs.py
[2025-07-20T08:56:06.480+0000] {processor.py:830} INFO - Processing file /opt/airflow/dags/mlops_full_processs.py for tasks to queue
[2025-07-20T08:56:06.481+0000] {logging_mixin.py:188} INFO - [2025-07-20T08:56:06.480+0000] {dagbag.py:538} INFO - Filling up the DagBag from /opt/airflow/dags/mlops_full_processs.py
[2025-07-20T08:56:06.496+0000] {processor.py:840} INFO - DAG(s) 'ml_pipeline_full_end_to_end_working' retrieved from /opt/airflow/dags/mlops_full_processs.py
[2025-07-20T08:56:06.532+0000] {logging_mixin.py:188} INFO - [2025-07-20T08:56:06.532+0000] {dag.py:3036} INFO - Sync 1 DAGs
[2025-07-20T08:56:06.670+0000] {logging_mixin.py:188} INFO - [2025-07-20T08:56:06.670+0000] {dag.py:3823} INFO - Setting next_dagrun for ml_pipeline_full_end_to_end_working to None, run_after=None
[2025-07-20T08:56:06.697+0000] {processor.py:183} INFO - Processing /opt/airflow/dags/mlops_full_processs.py took 0.231 seconds
[2025-07-20T08:56:37.295+0000] {processor.py:161} INFO - Started process (PID=12938) to work on /opt/airflow/dags/mlops_full_processs.py
[2025-07-20T08:56:37.297+0000] {processor.py:830} INFO - Processing file /opt/airflow/dags/mlops_full_processs.py for tasks to queue
[2025-07-20T08:56:37.298+0000] {logging_mixin.py:188} INFO - [2025-07-20T08:56:37.298+0000] {dagbag.py:538} INFO - Filling up the DagBag from /opt/airflow/dags/mlops_full_processs.py
[2025-07-20T08:56:37.315+0000] {processor.py:840} INFO - DAG(s) 'ml_pipeline_full_end_to_end_working' retrieved from /opt/airflow/dags/mlops_full_processs.py
[2025-07-20T08:56:37.348+0000] {logging_mixin.py:188} INFO - [2025-07-20T08:56:37.348+0000] {dag.py:3036} INFO - Sync 1 DAGs
[2025-07-20T08:56:37.361+0000] {logging_mixin.py:188} INFO - [2025-07-20T08:56:37.360+0000] {dag.py:3823} INFO - Setting next_dagrun for ml_pipeline_full_end_to_end_working to None, run_after=None
[2025-07-20T08:56:37.386+0000] {processor.py:183} INFO - Processing /opt/airflow/dags/mlops_full_processs.py took 0.095 seconds
[2025-07-20T08:57:07.936+0000] {processor.py:161} INFO - Started process (PID=12953) to work on /opt/airflow/dags/mlops_full_processs.py
[2025-07-20T08:57:07.937+0000] {processor.py:830} INFO - Processing file /opt/airflow/dags/mlops_full_processs.py for tasks to queue
[2025-07-20T08:57:07.938+0000] {logging_mixin.py:188} INFO - [2025-07-20T08:57:07.938+0000] {dagbag.py:538} INFO - Filling up the DagBag from /opt/airflow/dags/mlops_full_processs.py
[2025-07-20T08:57:07.951+0000] {processor.py:840} INFO - DAG(s) 'ml_pipeline_full_end_to_end_working' retrieved from /opt/airflow/dags/mlops_full_processs.py
[2025-07-20T08:57:07.977+0000] {logging_mixin.py:188} INFO - [2025-07-20T08:57:07.976+0000] {dag.py:3036} INFO - Sync 1 DAGs
[2025-07-20T08:57:07.987+0000] {logging_mixin.py:188} INFO - [2025-07-20T08:57:07.987+0000] {dag.py:3823} INFO - Setting next_dagrun for ml_pipeline_full_end_to_end_working to None, run_after=None
[2025-07-20T08:57:08.008+0000] {processor.py:183} INFO - Processing /opt/airflow/dags/mlops_full_processs.py took 0.075 seconds
[2025-07-20T08:57:38.598+0000] {processor.py:161} INFO - Started process (PID=12968) to work on /opt/airflow/dags/mlops_full_processs.py
[2025-07-20T08:57:38.600+0000] {processor.py:830} INFO - Processing file /opt/airflow/dags/mlops_full_processs.py for tasks to queue
[2025-07-20T08:57:38.601+0000] {logging_mixin.py:188} INFO - [2025-07-20T08:57:38.600+0000] {dagbag.py:538} INFO - Filling up the DagBag from /opt/airflow/dags/mlops_full_processs.py
[2025-07-20T08:57:38.614+0000] {processor.py:840} INFO - DAG(s) 'ml_pipeline_full_end_to_end_working' retrieved from /opt/airflow/dags/mlops_full_processs.py
[2025-07-20T08:57:38.646+0000] {logging_mixin.py:188} INFO - [2025-07-20T08:57:38.646+0000] {dag.py:3036} INFO - Sync 1 DAGs
[2025-07-20T08:57:38.659+0000] {logging_mixin.py:188} INFO - [2025-07-20T08:57:38.658+0000] {dag.py:3823} INFO - Setting next_dagrun for ml_pipeline_full_end_to_end_working to None, run_after=None
[2025-07-20T08:57:38.683+0000] {processor.py:183} INFO - Processing /opt/airflow/dags/mlops_full_processs.py took 0.087 seconds
[2025-07-20T08:58:09.343+0000] {processor.py:161} INFO - Started process (PID=12983) to work on /opt/airflow/dags/mlops_full_processs.py
[2025-07-20T08:58:09.344+0000] {processor.py:830} INFO - Processing file /opt/airflow/dags/mlops_full_processs.py for tasks to queue
[2025-07-20T08:58:09.345+0000] {logging_mixin.py:188} INFO - [2025-07-20T08:58:09.345+0000] {dagbag.py:538} INFO - Filling up the DagBag from /opt/airflow/dags/mlops_full_processs.py
[2025-07-20T08:58:09.366+0000] {processor.py:840} INFO - DAG(s) 'ml_pipeline_full_end_to_end_working' retrieved from /opt/airflow/dags/mlops_full_processs.py
[2025-07-20T08:58:09.393+0000] {logging_mixin.py:188} INFO - [2025-07-20T08:58:09.392+0000] {dag.py:3036} INFO - Sync 1 DAGs
[2025-07-20T08:58:09.404+0000] {logging_mixin.py:188} INFO - [2025-07-20T08:58:09.404+0000] {dag.py:3823} INFO - Setting next_dagrun for ml_pipeline_full_end_to_end_working to None, run_after=None
[2025-07-20T08:58:09.435+0000] {processor.py:183} INFO - Processing /opt/airflow/dags/mlops_full_processs.py took 0.095 seconds
[2025-07-20T08:58:40.123+0000] {processor.py:161} INFO - Started process (PID=12998) to work on /opt/airflow/dags/mlops_full_processs.py
[2025-07-20T08:58:40.124+0000] {processor.py:830} INFO - Processing file /opt/airflow/dags/mlops_full_processs.py for tasks to queue
[2025-07-20T08:58:40.125+0000] {logging_mixin.py:188} INFO - [2025-07-20T08:58:40.124+0000] {dagbag.py:538} INFO - Filling up the DagBag from /opt/airflow/dags/mlops_full_processs.py
[2025-07-20T08:58:40.138+0000] {processor.py:840} INFO - DAG(s) 'ml_pipeline_full_end_to_end_working' retrieved from /opt/airflow/dags/mlops_full_processs.py
[2025-07-20T08:58:40.167+0000] {logging_mixin.py:188} INFO - [2025-07-20T08:58:40.167+0000] {dag.py:3036} INFO - Sync 1 DAGs
[2025-07-20T08:58:40.180+0000] {logging_mixin.py:188} INFO - [2025-07-20T08:58:40.180+0000] {dag.py:3823} INFO - Setting next_dagrun for ml_pipeline_full_end_to_end_working to None, run_after=None
[2025-07-20T08:58:40.202+0000] {processor.py:183} INFO - Processing /opt/airflow/dags/mlops_full_processs.py took 0.083 seconds
[2025-07-20T08:59:10.871+0000] {processor.py:161} INFO - Started process (PID=13013) to work on /opt/airflow/dags/mlops_full_processs.py
[2025-07-20T08:59:10.872+0000] {processor.py:830} INFO - Processing file /opt/airflow/dags/mlops_full_processs.py for tasks to queue
[2025-07-20T08:59:10.873+0000] {logging_mixin.py:188} INFO - [2025-07-20T08:59:10.873+0000] {dagbag.py:538} INFO - Filling up the DagBag from /opt/airflow/dags/mlops_full_processs.py
[2025-07-20T08:59:10.885+0000] {processor.py:840} INFO - DAG(s) 'ml_pipeline_full_end_to_end_working' retrieved from /opt/airflow/dags/mlops_full_processs.py
[2025-07-20T08:59:10.918+0000] {logging_mixin.py:188} INFO - [2025-07-20T08:59:10.918+0000] {dag.py:3036} INFO - Sync 1 DAGs
[2025-07-20T08:59:10.929+0000] {logging_mixin.py:188} INFO - [2025-07-20T08:59:10.929+0000] {dag.py:3823} INFO - Setting next_dagrun for ml_pipeline_full_end_to_end_working to None, run_after=None
[2025-07-20T08:59:10.950+0000] {processor.py:183} INFO - Processing /opt/airflow/dags/mlops_full_processs.py took 0.082 seconds
[2025-07-20T08:59:41.489+0000] {processor.py:161} INFO - Started process (PID=13028) to work on /opt/airflow/dags/mlops_full_processs.py
[2025-07-20T08:59:41.491+0000] {processor.py:830} INFO - Processing file /opt/airflow/dags/mlops_full_processs.py for tasks to queue
[2025-07-20T08:59:41.492+0000] {logging_mixin.py:188} INFO - [2025-07-20T08:59:41.491+0000] {dagbag.py:538} INFO - Filling up the DagBag from /opt/airflow/dags/mlops_full_processs.py
[2025-07-20T08:59:41.507+0000] {processor.py:840} INFO - DAG(s) 'ml_pipeline_full_end_to_end_working' retrieved from /opt/airflow/dags/mlops_full_processs.py
[2025-07-20T08:59:41.539+0000] {logging_mixin.py:188} INFO - [2025-07-20T08:59:41.538+0000] {dag.py:3036} INFO - Sync 1 DAGs
[2025-07-20T08:59:41.554+0000] {logging_mixin.py:188} INFO - [2025-07-20T08:59:41.554+0000] {dag.py:3823} INFO - Setting next_dagrun for ml_pipeline_full_end_to_end_working to None, run_after=None
[2025-07-20T08:59:41.583+0000] {processor.py:183} INFO - Processing /opt/airflow/dags/mlops_full_processs.py took 0.097 seconds
[2025-07-20T09:00:12.144+0000] {processor.py:161} INFO - Started process (PID=13043) to work on /opt/airflow/dags/mlops_full_processs.py
[2025-07-20T09:00:12.146+0000] {processor.py:830} INFO - Processing file /opt/airflow/dags/mlops_full_processs.py for tasks to queue
[2025-07-20T09:00:12.147+0000] {logging_mixin.py:188} INFO - [2025-07-20T09:00:12.146+0000] {dagbag.py:538} INFO - Filling up the DagBag from /opt/airflow/dags/mlops_full_processs.py
[2025-07-20T09:00:12.160+0000] {processor.py:840} INFO - DAG(s) 'ml_pipeline_full_end_to_end_working' retrieved from /opt/airflow/dags/mlops_full_processs.py
[2025-07-20T09:00:12.186+0000] {logging_mixin.py:188} INFO - [2025-07-20T09:00:12.186+0000] {dag.py:3036} INFO - Sync 1 DAGs
[2025-07-20T09:00:12.197+0000] {logging_mixin.py:188} INFO - [2025-07-20T09:00:12.197+0000] {dag.py:3823} INFO - Setting next_dagrun for ml_pipeline_full_end_to_end_working to None, run_after=None
[2025-07-20T09:00:12.218+0000] {processor.py:183} INFO - Processing /opt/airflow/dags/mlops_full_processs.py took 0.077 seconds
[2025-07-20T09:00:42.790+0000] {processor.py:161} INFO - Started process (PID=13058) to work on /opt/airflow/dags/mlops_full_processs.py
[2025-07-20T09:00:42.791+0000] {processor.py:830} INFO - Processing file /opt/airflow/dags/mlops_full_processs.py for tasks to queue
[2025-07-20T09:00:42.792+0000] {logging_mixin.py:188} INFO - [2025-07-20T09:00:42.792+0000] {dagbag.py:538} INFO - Filling up the DagBag from /opt/airflow/dags/mlops_full_processs.py
[2025-07-20T09:00:42.810+0000] {processor.py:840} INFO - DAG(s) 'ml_pipeline_full_end_to_end_working' retrieved from /opt/airflow/dags/mlops_full_processs.py
[2025-07-20T09:00:42.842+0000] {logging_mixin.py:188} INFO - [2025-07-20T09:00:42.841+0000] {dag.py:3036} INFO - Sync 1 DAGs
[2025-07-20T09:00:42.855+0000] {logging_mixin.py:188} INFO - [2025-07-20T09:00:42.854+0000] {dag.py:3823} INFO - Setting next_dagrun for ml_pipeline_full_end_to_end_working to None, run_after=None
[2025-07-20T09:00:42.880+0000] {processor.py:183} INFO - Processing /opt/airflow/dags/mlops_full_processs.py took 0.094 seconds
[2025-07-20T09:01:13.419+0000] {processor.py:161} INFO - Started process (PID=13073) to work on /opt/airflow/dags/mlops_full_processs.py
[2025-07-20T09:01:13.420+0000] {processor.py:830} INFO - Processing file /opt/airflow/dags/mlops_full_processs.py for tasks to queue
[2025-07-20T09:01:13.421+0000] {logging_mixin.py:188} INFO - [2025-07-20T09:01:13.420+0000] {dagbag.py:538} INFO - Filling up the DagBag from /opt/airflow/dags/mlops_full_processs.py
[2025-07-20T09:01:13.434+0000] {processor.py:840} INFO - DAG(s) 'ml_pipeline_full_end_to_end_working' retrieved from /opt/airflow/dags/mlops_full_processs.py
[2025-07-20T09:01:13.460+0000] {logging_mixin.py:188} INFO - [2025-07-20T09:01:13.460+0000] {dag.py:3036} INFO - Sync 1 DAGs
[2025-07-20T09:01:13.472+0000] {logging_mixin.py:188} INFO - [2025-07-20T09:01:13.472+0000] {dag.py:3823} INFO - Setting next_dagrun for ml_pipeline_full_end_to_end_working to None, run_after=None
[2025-07-20T09:01:13.493+0000] {processor.py:183} INFO - Processing /opt/airflow/dags/mlops_full_processs.py took 0.078 seconds
[2025-07-20T09:01:44.288+0000] {processor.py:161} INFO - Started process (PID=13088) to work on /opt/airflow/dags/mlops_full_processs.py
[2025-07-20T09:01:44.290+0000] {processor.py:830} INFO - Processing file /opt/airflow/dags/mlops_full_processs.py for tasks to queue
[2025-07-20T09:01:44.291+0000] {logging_mixin.py:188} INFO - [2025-07-20T09:01:44.291+0000] {dagbag.py:538} INFO - Filling up the DagBag from /opt/airflow/dags/mlops_full_processs.py
[2025-07-20T09:01:44.314+0000] {processor.py:840} INFO - DAG(s) 'ml_pipeline_full_end_to_end_working' retrieved from /opt/airflow/dags/mlops_full_processs.py
[2025-07-20T09:01:44.359+0000] {logging_mixin.py:188} INFO - [2025-07-20T09:01:44.359+0000] {dag.py:3036} INFO - Sync 1 DAGs
[2025-07-20T09:01:44.376+0000] {logging_mixin.py:188} INFO - [2025-07-20T09:01:44.375+0000] {dag.py:3823} INFO - Setting next_dagrun for ml_pipeline_full_end_to_end_working to None, run_after=None
[2025-07-20T09:01:44.403+0000] {processor.py:183} INFO - Processing /opt/airflow/dags/mlops_full_processs.py took 0.119 seconds
[2025-07-20T09:02:14.894+0000] {processor.py:161} INFO - Started process (PID=13103) to work on /opt/airflow/dags/mlops_full_processs.py
[2025-07-20T09:02:14.895+0000] {processor.py:830} INFO - Processing file /opt/airflow/dags/mlops_full_processs.py for tasks to queue
[2025-07-20T09:02:14.896+0000] {logging_mixin.py:188} INFO - [2025-07-20T09:02:14.896+0000] {dagbag.py:538} INFO - Filling up the DagBag from /opt/airflow/dags/mlops_full_processs.py
[2025-07-20T09:02:14.909+0000] {processor.py:840} INFO - DAG(s) 'ml_pipeline_full_end_to_end_working' retrieved from /opt/airflow/dags/mlops_full_processs.py
[2025-07-20T09:02:15.076+0000] {logging_mixin.py:188} INFO - [2025-07-20T09:02:15.076+0000] {dag.py:3036} INFO - Sync 1 DAGs
[2025-07-20T09:02:15.088+0000] {logging_mixin.py:188} INFO - [2025-07-20T09:02:15.088+0000] {dag.py:3823} INFO - Setting next_dagrun for ml_pipeline_full_end_to_end_working to None, run_after=None
[2025-07-20T09:02:15.110+0000] {processor.py:183} INFO - Processing /opt/airflow/dags/mlops_full_processs.py took 0.220 seconds
[2025-07-20T09:02:45.511+0000] {processor.py:161} INFO - Started process (PID=13118) to work on /opt/airflow/dags/mlops_full_processs.py
[2025-07-20T09:02:45.512+0000] {processor.py:830} INFO - Processing file /opt/airflow/dags/mlops_full_processs.py for tasks to queue
[2025-07-20T09:02:45.513+0000] {logging_mixin.py:188} INFO - [2025-07-20T09:02:45.512+0000] {dagbag.py:538} INFO - Filling up the DagBag from /opt/airflow/dags/mlops_full_processs.py
[2025-07-20T09:02:45.526+0000] {processor.py:840} INFO - DAG(s) 'ml_pipeline_full_end_to_end_working' retrieved from /opt/airflow/dags/mlops_full_processs.py
[2025-07-20T09:02:45.557+0000] {logging_mixin.py:188} INFO - [2025-07-20T09:02:45.556+0000] {dag.py:3036} INFO - Sync 1 DAGs
[2025-07-20T09:02:45.568+0000] {logging_mixin.py:188} INFO - [2025-07-20T09:02:45.568+0000] {dag.py:3823} INFO - Setting next_dagrun for ml_pipeline_full_end_to_end_working to None, run_after=None
[2025-07-20T09:02:45.590+0000] {processor.py:183} INFO - Processing /opt/airflow/dags/mlops_full_processs.py took 0.083 seconds
[2025-07-20T09:03:16.223+0000] {processor.py:161} INFO - Started process (PID=13133) to work on /opt/airflow/dags/mlops_full_processs.py
[2025-07-20T09:03:16.224+0000] {processor.py:830} INFO - Processing file /opt/airflow/dags/mlops_full_processs.py for tasks to queue
[2025-07-20T09:03:16.225+0000] {logging_mixin.py:188} INFO - [2025-07-20T09:03:16.225+0000] {dagbag.py:538} INFO - Filling up the DagBag from /opt/airflow/dags/mlops_full_processs.py
[2025-07-20T09:03:16.251+0000] {processor.py:840} INFO - DAG(s) 'ml_pipeline_full_end_to_end_working' retrieved from /opt/airflow/dags/mlops_full_processs.py
[2025-07-20T09:03:16.277+0000] {logging_mixin.py:188} INFO - [2025-07-20T09:03:16.276+0000] {dag.py:3036} INFO - Sync 1 DAGs
[2025-07-20T09:03:16.288+0000] {logging_mixin.py:188} INFO - [2025-07-20T09:03:16.287+0000] {dag.py:3823} INFO - Setting next_dagrun for ml_pipeline_full_end_to_end_working to None, run_after=None
[2025-07-20T09:03:16.310+0000] {processor.py:183} INFO - Processing /opt/airflow/dags/mlops_full_processs.py took 0.090 seconds
[2025-07-20T09:03:46.923+0000] {processor.py:161} INFO - Started process (PID=13148) to work on /opt/airflow/dags/mlops_full_processs.py
[2025-07-20T09:03:46.924+0000] {processor.py:830} INFO - Processing file /opt/airflow/dags/mlops_full_processs.py for tasks to queue
[2025-07-20T09:03:46.925+0000] {logging_mixin.py:188} INFO - [2025-07-20T09:03:46.925+0000] {dagbag.py:538} INFO - Filling up the DagBag from /opt/airflow/dags/mlops_full_processs.py
[2025-07-20T09:03:46.938+0000] {processor.py:840} INFO - DAG(s) 'ml_pipeline_full_end_to_end_working' retrieved from /opt/airflow/dags/mlops_full_processs.py
[2025-07-20T09:03:46.965+0000] {logging_mixin.py:188} INFO - [2025-07-20T09:03:46.965+0000] {dag.py:3036} INFO - Sync 1 DAGs
[2025-07-20T09:03:46.977+0000] {logging_mixin.py:188} INFO - [2025-07-20T09:03:46.976+0000] {dag.py:3823} INFO - Setting next_dagrun for ml_pipeline_full_end_to_end_working to None, run_after=None
[2025-07-20T09:03:46.999+0000] {processor.py:183} INFO - Processing /opt/airflow/dags/mlops_full_processs.py took 0.079 seconds
[2025-07-20T09:04:17.582+0000] {processor.py:161} INFO - Started process (PID=13163) to work on /opt/airflow/dags/mlops_full_processs.py
[2025-07-20T09:04:17.583+0000] {processor.py:830} INFO - Processing file /opt/airflow/dags/mlops_full_processs.py for tasks to queue
[2025-07-20T09:04:17.584+0000] {logging_mixin.py:188} INFO - [2025-07-20T09:04:17.584+0000] {dagbag.py:538} INFO - Filling up the DagBag from /opt/airflow/dags/mlops_full_processs.py
[2025-07-20T09:04:17.597+0000] {processor.py:840} INFO - DAG(s) 'ml_pipeline_full_end_to_end_working' retrieved from /opt/airflow/dags/mlops_full_processs.py
[2025-07-20T09:04:17.624+0000] {logging_mixin.py:188} INFO - [2025-07-20T09:04:17.624+0000] {dag.py:3036} INFO - Sync 1 DAGs
[2025-07-20T09:04:17.635+0000] {logging_mixin.py:188} INFO - [2025-07-20T09:04:17.635+0000] {dag.py:3823} INFO - Setting next_dagrun for ml_pipeline_full_end_to_end_working to None, run_after=None
[2025-07-20T09:04:17.655+0000] {processor.py:183} INFO - Processing /opt/airflow/dags/mlops_full_processs.py took 0.076 seconds
[2025-07-20T09:04:48.219+0000] {processor.py:161} INFO - Started process (PID=13178) to work on /opt/airflow/dags/mlops_full_processs.py
[2025-07-20T09:04:48.220+0000] {processor.py:830} INFO - Processing file /opt/airflow/dags/mlops_full_processs.py for tasks to queue
[2025-07-20T09:04:48.221+0000] {logging_mixin.py:188} INFO - [2025-07-20T09:04:48.221+0000] {dagbag.py:538} INFO - Filling up the DagBag from /opt/airflow/dags/mlops_full_processs.py
[2025-07-20T09:04:48.234+0000] {processor.py:840} INFO - DAG(s) 'ml_pipeline_full_end_to_end_working' retrieved from /opt/airflow/dags/mlops_full_processs.py
[2025-07-20T09:04:48.261+0000] {logging_mixin.py:188} INFO - [2025-07-20T09:04:48.260+0000] {dag.py:3036} INFO - Sync 1 DAGs
[2025-07-20T09:04:48.272+0000] {logging_mixin.py:188} INFO - [2025-07-20T09:04:48.272+0000] {dag.py:3823} INFO - Setting next_dagrun for ml_pipeline_full_end_to_end_working to None, run_after=None
[2025-07-20T09:04:48.294+0000] {processor.py:183} INFO - Processing /opt/airflow/dags/mlops_full_processs.py took 0.079 seconds
[2025-07-20T09:05:18.676+0000] {processor.py:161} INFO - Started process (PID=13193) to work on /opt/airflow/dags/mlops_full_processs.py
[2025-07-20T09:05:18.677+0000] {processor.py:830} INFO - Processing file /opt/airflow/dags/mlops_full_processs.py for tasks to queue
[2025-07-20T09:05:18.678+0000] {logging_mixin.py:188} INFO - [2025-07-20T09:05:18.678+0000] {dagbag.py:538} INFO - Filling up the DagBag from /opt/airflow/dags/mlops_full_processs.py
[2025-07-20T09:05:18.691+0000] {processor.py:840} INFO - DAG(s) 'ml_pipeline_full_end_to_end_working' retrieved from /opt/airflow/dags/mlops_full_processs.py
[2025-07-20T09:05:18.720+0000] {logging_mixin.py:188} INFO - [2025-07-20T09:05:18.720+0000] {dag.py:3036} INFO - Sync 1 DAGs
[2025-07-20T09:05:18.733+0000] {logging_mixin.py:188} INFO - [2025-07-20T09:05:18.733+0000] {dag.py:3823} INFO - Setting next_dagrun for ml_pipeline_full_end_to_end_working to None, run_after=None
[2025-07-20T09:05:18.755+0000] {processor.py:183} INFO - Processing /opt/airflow/dags/mlops_full_processs.py took 0.082 seconds
[2025-07-20T09:05:49.194+0000] {processor.py:161} INFO - Started process (PID=13208) to work on /opt/airflow/dags/mlops_full_processs.py
[2025-07-20T09:05:49.195+0000] {processor.py:830} INFO - Processing file /opt/airflow/dags/mlops_full_processs.py for tasks to queue
[2025-07-20T09:05:49.196+0000] {logging_mixin.py:188} INFO - [2025-07-20T09:05:49.196+0000] {dagbag.py:538} INFO - Filling up the DagBag from /opt/airflow/dags/mlops_full_processs.py
[2025-07-20T09:05:49.210+0000] {processor.py:840} INFO - DAG(s) 'ml_pipeline_full_end_to_end_working' retrieved from /opt/airflow/dags/mlops_full_processs.py
[2025-07-20T09:05:49.239+0000] {logging_mixin.py:188} INFO - [2025-07-20T09:05:49.239+0000] {dag.py:3036} INFO - Sync 1 DAGs
[2025-07-20T09:05:49.252+0000] {logging_mixin.py:188} INFO - [2025-07-20T09:05:49.251+0000] {dag.py:3823} INFO - Setting next_dagrun for ml_pipeline_full_end_to_end_working to None, run_after=None
[2025-07-20T09:05:49.272+0000] {processor.py:183} INFO - Processing /opt/airflow/dags/mlops_full_processs.py took 0.082 seconds
[2025-07-20T09:06:19.820+0000] {processor.py:161} INFO - Started process (PID=13223) to work on /opt/airflow/dags/mlops_full_processs.py
[2025-07-20T09:06:19.821+0000] {processor.py:830} INFO - Processing file /opt/airflow/dags/mlops_full_processs.py for tasks to queue
[2025-07-20T09:06:19.822+0000] {logging_mixin.py:188} INFO - [2025-07-20T09:06:19.822+0000] {dagbag.py:538} INFO - Filling up the DagBag from /opt/airflow/dags/mlops_full_processs.py
[2025-07-20T09:06:19.835+0000] {processor.py:840} INFO - DAG(s) 'ml_pipeline_full_end_to_end_working' retrieved from /opt/airflow/dags/mlops_full_processs.py
[2025-07-20T09:06:19.862+0000] {logging_mixin.py:188} INFO - [2025-07-20T09:06:19.862+0000] {dag.py:3036} INFO - Sync 1 DAGs
[2025-07-20T09:06:19.873+0000] {logging_mixin.py:188} INFO - [2025-07-20T09:06:19.873+0000] {dag.py:3823} INFO - Setting next_dagrun for ml_pipeline_full_end_to_end_working to None, run_after=None
[2025-07-20T09:06:19.894+0000] {processor.py:183} INFO - Processing /opt/airflow/dags/mlops_full_processs.py took 0.078 seconds
[2025-07-20T09:06:50.279+0000] {processor.py:161} INFO - Started process (PID=13238) to work on /opt/airflow/dags/mlops_full_processs.py
[2025-07-20T09:06:50.281+0000] {processor.py:830} INFO - Processing file /opt/airflow/dags/mlops_full_processs.py for tasks to queue
[2025-07-20T09:06:50.282+0000] {logging_mixin.py:188} INFO - [2025-07-20T09:06:50.282+0000] {dagbag.py:538} INFO - Filling up the DagBag from /opt/airflow/dags/mlops_full_processs.py
[2025-07-20T09:06:50.307+0000] {processor.py:840} INFO - DAG(s) 'ml_pipeline_full_end_to_end_working' retrieved from /opt/airflow/dags/mlops_full_processs.py
[2025-07-20T09:06:50.364+0000] {logging_mixin.py:188} INFO - [2025-07-20T09:06:50.363+0000] {dag.py:3036} INFO - Sync 1 DAGs
[2025-07-20T09:06:50.378+0000] {logging_mixin.py:188} INFO - [2025-07-20T09:06:50.378+0000] {dag.py:3823} INFO - Setting next_dagrun for ml_pipeline_full_end_to_end_working to None, run_after=None
[2025-07-20T09:06:50.408+0000] {processor.py:183} INFO - Processing /opt/airflow/dags/mlops_full_processs.py took 0.134 seconds
[2025-07-20T09:07:20.993+0000] {processor.py:161} INFO - Started process (PID=13253) to work on /opt/airflow/dags/mlops_full_processs.py
[2025-07-20T09:07:20.995+0000] {processor.py:830} INFO - Processing file /opt/airflow/dags/mlops_full_processs.py for tasks to queue
[2025-07-20T09:07:20.997+0000] {logging_mixin.py:188} INFO - [2025-07-20T09:07:20.996+0000] {dagbag.py:538} INFO - Filling up the DagBag from /opt/airflow/dags/mlops_full_processs.py
[2025-07-20T09:07:21.011+0000] {processor.py:840} INFO - DAG(s) 'ml_pipeline_full_end_to_end_working' retrieved from /opt/airflow/dags/mlops_full_processs.py
[2025-07-20T09:07:21.042+0000] {logging_mixin.py:188} INFO - [2025-07-20T09:07:21.042+0000] {dag.py:3036} INFO - Sync 1 DAGs
[2025-07-20T09:07:21.054+0000] {logging_mixin.py:188} INFO - [2025-07-20T09:07:21.054+0000] {dag.py:3823} INFO - Setting next_dagrun for ml_pipeline_full_end_to_end_working to None, run_after=None
[2025-07-20T09:07:21.080+0000] {processor.py:183} INFO - Processing /opt/airflow/dags/mlops_full_processs.py took 0.090 seconds
[2025-07-20T09:07:51.708+0000] {processor.py:161} INFO - Started process (PID=13268) to work on /opt/airflow/dags/mlops_full_processs.py
[2025-07-20T09:07:51.710+0000] {processor.py:830} INFO - Processing file /opt/airflow/dags/mlops_full_processs.py for tasks to queue
[2025-07-20T09:07:51.711+0000] {logging_mixin.py:188} INFO - [2025-07-20T09:07:51.710+0000] {dagbag.py:538} INFO - Filling up the DagBag from /opt/airflow/dags/mlops_full_processs.py
[2025-07-20T09:07:51.728+0000] {processor.py:840} INFO - DAG(s) 'ml_pipeline_full_end_to_end_working' retrieved from /opt/airflow/dags/mlops_full_processs.py
[2025-07-20T09:07:51.760+0000] {logging_mixin.py:188} INFO - [2025-07-20T09:07:51.760+0000] {dag.py:3036} INFO - Sync 1 DAGs
[2025-07-20T09:07:51.775+0000] {logging_mixin.py:188} INFO - [2025-07-20T09:07:51.775+0000] {dag.py:3823} INFO - Setting next_dagrun for ml_pipeline_full_end_to_end_working to None, run_after=None
[2025-07-20T09:07:51.800+0000] {processor.py:183} INFO - Processing /opt/airflow/dags/mlops_full_processs.py took 0.096 seconds
[2025-07-20T09:08:22.503+0000] {processor.py:161} INFO - Started process (PID=13283) to work on /opt/airflow/dags/mlops_full_processs.py
[2025-07-20T09:08:22.504+0000] {processor.py:830} INFO - Processing file /opt/airflow/dags/mlops_full_processs.py for tasks to queue
[2025-07-20T09:08:22.505+0000] {logging_mixin.py:188} INFO - [2025-07-20T09:08:22.505+0000] {dagbag.py:538} INFO - Filling up the DagBag from /opt/airflow/dags/mlops_full_processs.py
[2025-07-20T09:08:22.553+0000] {processor.py:840} INFO - DAG(s) 'ml_pipeline_full_end_to_end_working' retrieved from /opt/airflow/dags/mlops_full_processs.py
[2025-07-20T09:08:22.726+0000] {logging_mixin.py:188} INFO - [2025-07-20T09:08:22.726+0000] {dag.py:3036} INFO - Sync 1 DAGs
[2025-07-20T09:08:22.749+0000] {logging_mixin.py:188} INFO - [2025-07-20T09:08:22.749+0000] {dag.py:3823} INFO - Setting next_dagrun for ml_pipeline_full_end_to_end_working to None, run_after=None
[2025-07-20T09:08:22.774+0000] {processor.py:183} INFO - Processing /opt/airflow/dags/mlops_full_processs.py took 0.274 seconds
[2025-07-20T09:08:53.190+0000] {processor.py:161} INFO - Started process (PID=13298) to work on /opt/airflow/dags/mlops_full_processs.py
[2025-07-20T09:08:53.191+0000] {processor.py:830} INFO - Processing file /opt/airflow/dags/mlops_full_processs.py for tasks to queue
[2025-07-20T09:08:53.192+0000] {logging_mixin.py:188} INFO - [2025-07-20T09:08:53.192+0000] {dagbag.py:538} INFO - Filling up the DagBag from /opt/airflow/dags/mlops_full_processs.py
[2025-07-20T09:08:53.209+0000] {processor.py:840} INFO - DAG(s) 'ml_pipeline_full_end_to_end_working' retrieved from /opt/airflow/dags/mlops_full_processs.py
[2025-07-20T09:08:53.243+0000] {logging_mixin.py:188} INFO - [2025-07-20T09:08:53.243+0000] {dag.py:3036} INFO - Sync 1 DAGs
[2025-07-20T09:08:53.258+0000] {logging_mixin.py:188} INFO - [2025-07-20T09:08:53.257+0000] {dag.py:3823} INFO - Setting next_dagrun for ml_pipeline_full_end_to_end_working to None, run_after=None
[2025-07-20T09:08:53.312+0000] {processor.py:183} INFO - Processing /opt/airflow/dags/mlops_full_processs.py took 0.127 seconds
[2025-07-20T09:09:25.799+0000] {processor.py:161} INFO - Started process (PID=13313) to work on /opt/airflow/dags/mlops_full_processs.py
[2025-07-20T09:09:25.801+0000] {processor.py:830} INFO - Processing file /opt/airflow/dags/mlops_full_processs.py for tasks to queue
[2025-07-20T09:09:25.802+0000] {logging_mixin.py:188} INFO - [2025-07-20T09:09:25.801+0000] {dagbag.py:538} INFO - Filling up the DagBag from /opt/airflow/dags/mlops_full_processs.py
[2025-07-20T09:09:25.817+0000] {processor.py:840} INFO - DAG(s) 'ml_pipeline_full_end_to_end_working' retrieved from /opt/airflow/dags/mlops_full_processs.py
[2025-07-20T09:09:25.855+0000] {logging_mixin.py:188} INFO - [2025-07-20T09:09:25.855+0000] {dag.py:3036} INFO - Sync 1 DAGs
[2025-07-20T09:09:25.872+0000] {logging_mixin.py:188} INFO - [2025-07-20T09:09:25.872+0000] {dag.py:3823} INFO - Setting next_dagrun for ml_pipeline_full_end_to_end_working to None, run_after=None
[2025-07-20T09:09:26.706+0000] {processor.py:183} INFO - Processing /opt/airflow/dags/mlops_full_processs.py took 0.910 seconds
[2025-07-20T09:09:58.668+0000] {processor.py:161} INFO - Started process (PID=13331) to work on /opt/airflow/dags/mlops_full_processs.py
[2025-07-20T09:09:58.670+0000] {processor.py:830} INFO - Processing file /opt/airflow/dags/mlops_full_processs.py for tasks to queue
[2025-07-20T09:09:58.671+0000] {logging_mixin.py:188} INFO - [2025-07-20T09:09:58.671+0000] {dagbag.py:538} INFO - Filling up the DagBag from /opt/airflow/dags/mlops_full_processs.py
[2025-07-20T09:09:58.686+0000] {processor.py:840} INFO - DAG(s) 'ml_pipeline_full_end_to_end_working' retrieved from /opt/airflow/dags/mlops_full_processs.py
[2025-07-20T09:09:58.931+0000] {logging_mixin.py:188} INFO - [2025-07-20T09:09:58.930+0000] {dag.py:3036} INFO - Sync 1 DAGs
[2025-07-20T09:09:58.950+0000] {logging_mixin.py:188} INFO - [2025-07-20T09:09:58.950+0000] {dag.py:3823} INFO - Setting next_dagrun for ml_pipeline_full_end_to_end_working to None, run_after=None
[2025-07-20T09:09:58.994+0000] {processor.py:183} INFO - Processing /opt/airflow/dags/mlops_full_processs.py took 0.329 seconds
[2025-07-20T09:10:29.898+0000] {processor.py:161} INFO - Started process (PID=13350) to work on /opt/airflow/dags/mlops_full_processs.py
[2025-07-20T09:10:29.899+0000] {processor.py:830} INFO - Processing file /opt/airflow/dags/mlops_full_processs.py for tasks to queue
[2025-07-20T09:10:29.900+0000] {logging_mixin.py:188} INFO - [2025-07-20T09:10:29.900+0000] {dagbag.py:538} INFO - Filling up the DagBag from /opt/airflow/dags/mlops_full_processs.py
[2025-07-20T09:10:29.913+0000] {processor.py:840} INFO - DAG(s) 'ml_pipeline_full_end_to_end_working' retrieved from /opt/airflow/dags/mlops_full_processs.py
[2025-07-20T09:10:29.977+0000] {logging_mixin.py:188} INFO - [2025-07-20T09:10:29.977+0000] {dag.py:3036} INFO - Sync 1 DAGs
[2025-07-20T09:10:29.990+0000] {logging_mixin.py:188} INFO - [2025-07-20T09:10:29.990+0000] {dag.py:3823} INFO - Setting next_dagrun for ml_pipeline_full_end_to_end_working to None, run_after=None
[2025-07-20T09:10:30.010+0000] {processor.py:183} INFO - Processing /opt/airflow/dags/mlops_full_processs.py took 0.115 seconds
[2025-07-20T09:11:00.148+0000] {processor.py:161} INFO - Started process (PID=13369) to work on /opt/airflow/dags/mlops_full_processs.py
[2025-07-20T09:11:00.151+0000] {processor.py:830} INFO - Processing file /opt/airflow/dags/mlops_full_processs.py for tasks to queue
[2025-07-20T09:11:00.155+0000] {logging_mixin.py:188} INFO - [2025-07-20T09:11:00.154+0000] {dagbag.py:538} INFO - Filling up the DagBag from /opt/airflow/dags/mlops_full_processs.py
[2025-07-20T09:11:00.169+0000] {processor.py:840} INFO - DAG(s) 'ml_pipeline_full_end_to_end_working' retrieved from /opt/airflow/dags/mlops_full_processs.py
[2025-07-20T09:11:00.212+0000] {logging_mixin.py:188} INFO - [2025-07-20T09:11:00.212+0000] {dag.py:3036} INFO - Sync 1 DAGs
[2025-07-20T09:11:00.227+0000] {logging_mixin.py:188} INFO - [2025-07-20T09:11:00.226+0000] {dag.py:3823} INFO - Setting next_dagrun for ml_pipeline_full_end_to_end_working to None, run_after=None
[2025-07-20T09:11:00.251+0000] {processor.py:183} INFO - Processing /opt/airflow/dags/mlops_full_processs.py took 0.117 seconds
[2025-07-20T09:11:31.921+0000] {processor.py:161} INFO - Started process (PID=13391) to work on /opt/airflow/dags/mlops_full_processs.py
[2025-07-20T09:11:31.927+0000] {processor.py:830} INFO - Processing file /opt/airflow/dags/mlops_full_processs.py for tasks to queue
[2025-07-20T09:11:31.931+0000] {logging_mixin.py:188} INFO - [2025-07-20T09:11:31.930+0000] {dagbag.py:538} INFO - Filling up the DagBag from /opt/airflow/dags/mlops_full_processs.py
[2025-07-20T09:11:32.005+0000] {processor.py:840} INFO - DAG(s) 'ml_pipeline_full_end_to_end_working' retrieved from /opt/airflow/dags/mlops_full_processs.py
[2025-07-20T09:11:32.096+0000] {logging_mixin.py:188} INFO - [2025-07-20T09:11:32.095+0000] {dag.py:3036} INFO - Sync 1 DAGs
[2025-07-20T09:11:32.110+0000] {logging_mixin.py:188} INFO - [2025-07-20T09:11:32.109+0000] {dag.py:3823} INFO - Setting next_dagrun for ml_pipeline_full_end_to_end_working to None, run_after=None
[2025-07-20T09:11:32.306+0000] {processor.py:183} INFO - Processing /opt/airflow/dags/mlops_full_processs.py took 0.397 seconds
[2025-07-20T09:12:03.545+0000] {processor.py:161} INFO - Started process (PID=13406) to work on /opt/airflow/dags/mlops_full_processs.py
[2025-07-20T09:12:03.547+0000] {processor.py:830} INFO - Processing file /opt/airflow/dags/mlops_full_processs.py for tasks to queue
[2025-07-20T09:12:03.548+0000] {logging_mixin.py:188} INFO - [2025-07-20T09:12:03.548+0000] {dagbag.py:538} INFO - Filling up the DagBag from /opt/airflow/dags/mlops_full_processs.py
[2025-07-20T09:12:03.613+0000] {processor.py:840} INFO - DAG(s) 'ml_pipeline_full_end_to_end_working' retrieved from /opt/airflow/dags/mlops_full_processs.py
[2025-07-20T09:12:04.294+0000] {logging_mixin.py:188} INFO - [2025-07-20T09:12:04.294+0000] {dag.py:3036} INFO - Sync 1 DAGs
[2025-07-20T09:12:04.309+0000] {logging_mixin.py:188} INFO - [2025-07-20T09:12:04.309+0000] {dag.py:3823} INFO - Setting next_dagrun for ml_pipeline_full_end_to_end_working to None, run_after=None
[2025-07-20T09:12:04.330+0000] {processor.py:183} INFO - Processing /opt/airflow/dags/mlops_full_processs.py took 0.788 seconds
[2025-07-20T09:12:35.517+0000] {processor.py:161} INFO - Started process (PID=13421) to work on /opt/airflow/dags/mlops_full_processs.py
[2025-07-20T09:12:35.520+0000] {processor.py:830} INFO - Processing file /opt/airflow/dags/mlops_full_processs.py for tasks to queue
[2025-07-20T09:12:35.523+0000] {logging_mixin.py:188} INFO - [2025-07-20T09:12:35.522+0000] {dagbag.py:538} INFO - Filling up the DagBag from /opt/airflow/dags/mlops_full_processs.py
[2025-07-20T09:12:35.571+0000] {processor.py:840} INFO - DAG(s) 'ml_pipeline_full_end_to_end_working' retrieved from /opt/airflow/dags/mlops_full_processs.py
[2025-07-20T09:12:35.837+0000] {logging_mixin.py:188} INFO - [2025-07-20T09:12:35.836+0000] {dag.py:3036} INFO - Sync 1 DAGs
[2025-07-20T09:12:35.882+0000] {logging_mixin.py:188} INFO - [2025-07-20T09:12:35.882+0000] {dag.py:3823} INFO - Setting next_dagrun for ml_pipeline_full_end_to_end_working to None, run_after=None
[2025-07-20T09:12:35.952+0000] {processor.py:183} INFO - Processing /opt/airflow/dags/mlops_full_processs.py took 0.448 seconds
[2025-07-20T09:13:06.130+0000] {processor.py:161} INFO - Started process (PID=13436) to work on /opt/airflow/dags/mlops_full_processs.py
[2025-07-20T09:13:06.131+0000] {processor.py:830} INFO - Processing file /opt/airflow/dags/mlops_full_processs.py for tasks to queue
[2025-07-20T09:13:06.133+0000] {logging_mixin.py:188} INFO - [2025-07-20T09:13:06.133+0000] {dagbag.py:538} INFO - Filling up the DagBag from /opt/airflow/dags/mlops_full_processs.py
[2025-07-20T09:13:06.152+0000] {processor.py:840} INFO - DAG(s) 'ml_pipeline_full_end_to_end_working' retrieved from /opt/airflow/dags/mlops_full_processs.py
[2025-07-20T09:13:06.189+0000] {logging_mixin.py:188} INFO - [2025-07-20T09:13:06.189+0000] {dag.py:3036} INFO - Sync 1 DAGs
[2025-07-20T09:13:06.419+0000] {logging_mixin.py:188} INFO - [2025-07-20T09:13:06.418+0000] {dag.py:3823} INFO - Setting next_dagrun for ml_pipeline_full_end_to_end_working to None, run_after=None
[2025-07-20T09:13:06.513+0000] {processor.py:183} INFO - Processing /opt/airflow/dags/mlops_full_processs.py took 0.386 seconds
[2025-07-20T09:13:37.383+0000] {processor.py:161} INFO - Started process (PID=13451) to work on /opt/airflow/dags/mlops_full_processs.py
[2025-07-20T09:13:37.388+0000] {processor.py:830} INFO - Processing file /opt/airflow/dags/mlops_full_processs.py for tasks to queue
[2025-07-20T09:13:37.390+0000] {logging_mixin.py:188} INFO - [2025-07-20T09:13:37.390+0000] {dagbag.py:538} INFO - Filling up the DagBag from /opt/airflow/dags/mlops_full_processs.py
[2025-07-20T09:13:37.480+0000] {processor.py:840} INFO - DAG(s) 'ml_pipeline_full_end_to_end_working' retrieved from /opt/airflow/dags/mlops_full_processs.py
[2025-07-20T09:13:37.523+0000] {logging_mixin.py:188} INFO - [2025-07-20T09:13:37.522+0000] {dag.py:3036} INFO - Sync 1 DAGs
[2025-07-20T09:13:37.589+0000] {logging_mixin.py:188} INFO - [2025-07-20T09:13:37.588+0000] {dag.py:3823} INFO - Setting next_dagrun for ml_pipeline_full_end_to_end_working to None, run_after=None
[2025-07-20T09:13:37.804+0000] {processor.py:183} INFO - Processing /opt/airflow/dags/mlops_full_processs.py took 0.439 seconds
[2025-07-20T09:14:08.471+0000] {processor.py:161} INFO - Started process (PID=13466) to work on /opt/airflow/dags/mlops_full_processs.py
[2025-07-20T09:14:08.472+0000] {processor.py:830} INFO - Processing file /opt/airflow/dags/mlops_full_processs.py for tasks to queue
[2025-07-20T09:14:08.473+0000] {logging_mixin.py:188} INFO - [2025-07-20T09:14:08.473+0000] {dagbag.py:538} INFO - Filling up the DagBag from /opt/airflow/dags/mlops_full_processs.py
[2025-07-20T09:14:08.506+0000] {processor.py:840} INFO - DAG(s) 'ml_pipeline_full_end_to_end_working' retrieved from /opt/airflow/dags/mlops_full_processs.py
[2025-07-20T09:14:08.940+0000] {logging_mixin.py:188} INFO - [2025-07-20T09:14:08.940+0000] {dag.py:3036} INFO - Sync 1 DAGs
[2025-07-20T09:14:08.955+0000] {logging_mixin.py:188} INFO - [2025-07-20T09:14:08.955+0000] {dag.py:3823} INFO - Setting next_dagrun for ml_pipeline_full_end_to_end_working to None, run_after=None
[2025-07-20T09:14:09.042+0000] {processor.py:183} INFO - Processing /opt/airflow/dags/mlops_full_processs.py took 0.574 seconds
[2025-07-20T09:14:39.224+0000] {processor.py:161} INFO - Started process (PID=13482) to work on /opt/airflow/dags/mlops_full_processs.py
[2025-07-20T09:14:39.291+0000] {processor.py:830} INFO - Processing file /opt/airflow/dags/mlops_full_processs.py for tasks to queue
[2025-07-20T09:14:39.302+0000] {logging_mixin.py:188} INFO - [2025-07-20T09:14:39.299+0000] {dagbag.py:538} INFO - Filling up the DagBag from /opt/airflow/dags/mlops_full_processs.py
[2025-07-20T09:14:39.348+0000] {processor.py:840} INFO - DAG(s) 'ml_pipeline_full_end_to_end_working' retrieved from /opt/airflow/dags/mlops_full_processs.py
[2025-07-20T09:14:39.382+0000] {logging_mixin.py:188} INFO - [2025-07-20T09:14:39.381+0000] {dag.py:3036} INFO - Sync 1 DAGs
[2025-07-20T09:14:39.396+0000] {logging_mixin.py:188} INFO - [2025-07-20T09:14:39.395+0000] {dag.py:3823} INFO - Setting next_dagrun for ml_pipeline_full_end_to_end_working to None, run_after=None
[2025-07-20T09:14:39.645+0000] {processor.py:183} INFO - Processing /opt/airflow/dags/mlops_full_processs.py took 0.440 seconds
[2025-07-20T09:15:14.573+0000] {processor.py:161} INFO - Started process (PID=13498) to work on /opt/airflow/dags/mlops_full_processs.py
[2025-07-20T09:15:14.703+0000] {processor.py:830} INFO - Processing file /opt/airflow/dags/mlops_full_processs.py for tasks to queue
[2025-07-20T09:15:15.307+0000] {logging_mixin.py:188} INFO - [2025-07-20T09:15:15.278+0000] {dagbag.py:538} INFO - Filling up the DagBag from /opt/airflow/dags/mlops_full_processs.py
[2025-07-20T09:15:17.093+0000] {processor.py:840} INFO - DAG(s) 'ml_pipeline_full_end_to_end_working' retrieved from /opt/airflow/dags/mlops_full_processs.py
[2025-07-20T09:15:20.397+0000] {logging_mixin.py:188} INFO - [2025-07-20T09:15:20.397+0000] {dag.py:3036} INFO - Sync 1 DAGs
[2025-07-20T09:15:21.302+0000] {logging_mixin.py:188} INFO - [2025-07-20T09:15:21.301+0000] {dag.py:3823} INFO - Setting next_dagrun for ml_pipeline_full_end_to_end_working to None, run_after=None
[2025-07-20T09:15:23.570+0000] {processor.py:183} INFO - Processing /opt/airflow/dags/mlops_full_processs.py took 9.890 seconds
[2025-07-20T09:15:54.174+0000] {processor.py:161} INFO - Started process (PID=13515) to work on /opt/airflow/dags/mlops_full_processs.py
[2025-07-20T09:15:54.175+0000] {processor.py:830} INFO - Processing file /opt/airflow/dags/mlops_full_processs.py for tasks to queue
[2025-07-20T09:15:54.178+0000] {logging_mixin.py:188} INFO - [2025-07-20T09:15:54.177+0000] {dagbag.py:538} INFO - Filling up the DagBag from /opt/airflow/dags/mlops_full_processs.py
[2025-07-20T09:15:54.231+0000] {processor.py:840} INFO - DAG(s) 'ml_pipeline_full_end_to_end_working' retrieved from /opt/airflow/dags/mlops_full_processs.py
[2025-07-20T09:15:54.571+0000] {logging_mixin.py:188} INFO - [2025-07-20T09:15:54.570+0000] {dag.py:3036} INFO - Sync 1 DAGs
[2025-07-20T09:15:55.423+0000] {logging_mixin.py:188} INFO - [2025-07-20T09:15:55.423+0000] {dag.py:3823} INFO - Setting next_dagrun for ml_pipeline_full_end_to_end_working to None, run_after=None
[2025-07-20T09:15:55.484+0000] {processor.py:183} INFO - Processing /opt/airflow/dags/mlops_full_processs.py took 1.314 seconds
[2025-07-20T09:16:25.991+0000] {processor.py:161} INFO - Started process (PID=13530) to work on /opt/airflow/dags/mlops_full_processs.py
[2025-07-20T09:16:25.993+0000] {processor.py:830} INFO - Processing file /opt/airflow/dags/mlops_full_processs.py for tasks to queue
[2025-07-20T09:16:25.994+0000] {logging_mixin.py:188} INFO - [2025-07-20T09:16:25.993+0000] {dagbag.py:538} INFO - Filling up the DagBag from /opt/airflow/dags/mlops_full_processs.py
[2025-07-20T09:16:26.008+0000] {processor.py:840} INFO - DAG(s) 'ml_pipeline_full_end_to_end_working' retrieved from /opt/airflow/dags/mlops_full_processs.py
[2025-07-20T09:16:26.059+0000] {logging_mixin.py:188} INFO - [2025-07-20T09:16:26.059+0000] {dag.py:3036} INFO - Sync 1 DAGs
[2025-07-20T09:16:26.070+0000] {logging_mixin.py:188} INFO - [2025-07-20T09:16:26.070+0000] {dag.py:3823} INFO - Setting next_dagrun for ml_pipeline_full_end_to_end_working to None, run_after=None
[2025-07-20T09:16:26.092+0000] {processor.py:183} INFO - Processing /opt/airflow/dags/mlops_full_processs.py took 0.104 seconds
[2025-07-20T09:16:56.527+0000] {processor.py:161} INFO - Started process (PID=13545) to work on /opt/airflow/dags/mlops_full_processs.py
[2025-07-20T09:16:56.528+0000] {processor.py:830} INFO - Processing file /opt/airflow/dags/mlops_full_processs.py for tasks to queue
[2025-07-20T09:16:56.529+0000] {logging_mixin.py:188} INFO - [2025-07-20T09:16:56.529+0000] {dagbag.py:538} INFO - Filling up the DagBag from /opt/airflow/dags/mlops_full_processs.py
[2025-07-20T09:16:56.544+0000] {processor.py:840} INFO - DAG(s) 'ml_pipeline_full_end_to_end_working' retrieved from /opt/airflow/dags/mlops_full_processs.py
[2025-07-20T09:16:59.355+0000] {logging_mixin.py:188} INFO - [2025-07-20T09:16:59.349+0000] {dag.py:3036} INFO - Sync 1 DAGs
[2025-07-20T09:17:00.185+0000] {logging_mixin.py:188} INFO - [2025-07-20T09:17:00.185+0000] {dag.py:3823} INFO - Setting next_dagrun for ml_pipeline_full_end_to_end_working to None, run_after=None
[2025-07-20T09:17:00.204+0000] {processor.py:183} INFO - Processing /opt/airflow/dags/mlops_full_processs.py took 3.680 seconds
[2025-07-20T09:17:30.310+0000] {processor.py:161} INFO - Started process (PID=13560) to work on /opt/airflow/dags/mlops_full_processs.py
[2025-07-20T09:17:30.311+0000] {processor.py:830} INFO - Processing file /opt/airflow/dags/mlops_full_processs.py for tasks to queue
[2025-07-20T09:17:30.312+0000] {logging_mixin.py:188} INFO - [2025-07-20T09:17:30.312+0000] {dagbag.py:538} INFO - Filling up the DagBag from /opt/airflow/dags/mlops_full_processs.py
[2025-07-20T09:17:30.323+0000] {processor.py:840} INFO - DAG(s) 'ml_pipeline_full_end_to_end_working' retrieved from /opt/airflow/dags/mlops_full_processs.py
[2025-07-20T09:17:30.372+0000] {logging_mixin.py:188} INFO - [2025-07-20T09:17:30.371+0000] {dag.py:3036} INFO - Sync 1 DAGs
[2025-07-20T09:17:30.382+0000] {logging_mixin.py:188} INFO - [2025-07-20T09:17:30.382+0000] {dag.py:3823} INFO - Setting next_dagrun for ml_pipeline_full_end_to_end_working to None, run_after=None
[2025-07-20T09:17:30.403+0000] {processor.py:183} INFO - Processing /opt/airflow/dags/mlops_full_processs.py took 0.096 seconds
[2025-07-20T09:18:01.059+0000] {processor.py:161} INFO - Started process (PID=13575) to work on /opt/airflow/dags/mlops_full_processs.py
[2025-07-20T09:18:01.060+0000] {processor.py:830} INFO - Processing file /opt/airflow/dags/mlops_full_processs.py for tasks to queue
[2025-07-20T09:18:01.061+0000] {logging_mixin.py:188} INFO - [2025-07-20T09:18:01.061+0000] {dagbag.py:538} INFO - Filling up the DagBag from /opt/airflow/dags/mlops_full_processs.py
[2025-07-20T09:18:01.073+0000] {processor.py:840} INFO - DAG(s) 'ml_pipeline_full_end_to_end_working' retrieved from /opt/airflow/dags/mlops_full_processs.py
[2025-07-20T09:18:01.099+0000] {logging_mixin.py:188} INFO - [2025-07-20T09:18:01.099+0000] {dag.py:3036} INFO - Sync 1 DAGs
[2025-07-20T09:18:01.111+0000] {logging_mixin.py:188} INFO - [2025-07-20T09:18:01.110+0000] {dag.py:3823} INFO - Setting next_dagrun for ml_pipeline_full_end_to_end_working to None, run_after=None
[2025-07-20T09:18:01.130+0000] {processor.py:183} INFO - Processing /opt/airflow/dags/mlops_full_processs.py took 0.073 seconds
[2025-07-20T09:18:31.642+0000] {processor.py:161} INFO - Started process (PID=13590) to work on /opt/airflow/dags/mlops_full_processs.py
[2025-07-20T09:18:31.643+0000] {processor.py:830} INFO - Processing file /opt/airflow/dags/mlops_full_processs.py for tasks to queue
[2025-07-20T09:18:31.644+0000] {logging_mixin.py:188} INFO - [2025-07-20T09:18:31.644+0000] {dagbag.py:538} INFO - Filling up the DagBag from /opt/airflow/dags/mlops_full_processs.py
[2025-07-20T09:18:31.656+0000] {processor.py:840} INFO - DAG(s) 'ml_pipeline_full_end_to_end_working' retrieved from /opt/airflow/dags/mlops_full_processs.py
[2025-07-20T09:18:31.682+0000] {logging_mixin.py:188} INFO - [2025-07-20T09:18:31.682+0000] {dag.py:3036} INFO - Sync 1 DAGs
[2025-07-20T09:18:31.693+0000] {logging_mixin.py:188} INFO - [2025-07-20T09:18:31.693+0000] {dag.py:3823} INFO - Setting next_dagrun for ml_pipeline_full_end_to_end_working to None, run_after=None
[2025-07-20T09:18:31.718+0000] {processor.py:183} INFO - Processing /opt/airflow/dags/mlops_full_processs.py took 0.078 seconds
[2025-07-20T09:19:02.140+0000] {processor.py:161} INFO - Started process (PID=13605) to work on /opt/airflow/dags/mlops_full_processs.py
[2025-07-20T09:19:02.141+0000] {processor.py:830} INFO - Processing file /opt/airflow/dags/mlops_full_processs.py for tasks to queue
[2025-07-20T09:19:02.142+0000] {logging_mixin.py:188} INFO - [2025-07-20T09:19:02.142+0000] {dagbag.py:538} INFO - Filling up the DagBag from /opt/airflow/dags/mlops_full_processs.py
[2025-07-20T09:19:02.155+0000] {processor.py:840} INFO - DAG(s) 'ml_pipeline_full_end_to_end_working' retrieved from /opt/airflow/dags/mlops_full_processs.py
[2025-07-20T09:19:02.182+0000] {logging_mixin.py:188} INFO - [2025-07-20T09:19:02.182+0000] {dag.py:3036} INFO - Sync 1 DAGs
[2025-07-20T09:19:02.194+0000] {logging_mixin.py:188} INFO - [2025-07-20T09:19:02.193+0000] {dag.py:3823} INFO - Setting next_dagrun for ml_pipeline_full_end_to_end_working to None, run_after=None
[2025-07-20T09:19:02.215+0000] {processor.py:183} INFO - Processing /opt/airflow/dags/mlops_full_processs.py took 0.078 seconds
[2025-07-20T09:19:32.719+0000] {processor.py:161} INFO - Started process (PID=13620) to work on /opt/airflow/dags/mlops_full_processs.py
[2025-07-20T09:19:32.720+0000] {processor.py:830} INFO - Processing file /opt/airflow/dags/mlops_full_processs.py for tasks to queue
[2025-07-20T09:19:32.721+0000] {logging_mixin.py:188} INFO - [2025-07-20T09:19:32.721+0000] {dagbag.py:538} INFO - Filling up the DagBag from /opt/airflow/dags/mlops_full_processs.py
[2025-07-20T09:19:32.737+0000] {processor.py:840} INFO - DAG(s) 'ml_pipeline_full_end_to_end_working' retrieved from /opt/airflow/dags/mlops_full_processs.py
[2025-07-20T09:19:32.769+0000] {logging_mixin.py:188} INFO - [2025-07-20T09:19:32.768+0000] {dag.py:3036} INFO - Sync 1 DAGs
[2025-07-20T09:19:32.782+0000] {logging_mixin.py:188} INFO - [2025-07-20T09:19:32.782+0000] {dag.py:3823} INFO - Setting next_dagrun for ml_pipeline_full_end_to_end_working to None, run_after=None
[2025-07-20T09:19:32.805+0000] {processor.py:183} INFO - Processing /opt/airflow/dags/mlops_full_processs.py took 0.089 seconds
